{
    "epoch": 3.0,
    "total_flos": 1.079990412199854e+17,
    "train_loss": 0.2974883900115303,
    "train_runtime": 256.3235,
    "train_samples_per_second": 4.611,
    "train_steps_per_second": 0.199
}