{
    "epoch": 3.0,
    "total_flos": 1.8707638792277197e+17,
    "train_loss": 0.1660811341328857,
    "train_runtime": 591.5193,
    "train_samples_per_second": 7.09,
    "train_steps_per_second": 0.446
}