{
    "epoch": 2.0,
    "total_flos": 1.2471759212747162e+17,
    "train_loss": 0.3155352973633192,
    "train_runtime": 195.1765,
    "train_samples_per_second": 14.325,
    "train_steps_per_second": 0.451
}