,output,predict
0,{'Output': 'mismatch'},{'Output': 'mismatch'}
1,{'Output': 'match'},{'Output': 'match'}
2,{'Output': 'mismatch'},{'Output': 'mismatch'}
3,{'Output': 'mismatch'},{'Output': 'mismatch'}
4,{'Output': 'mismatch'},{'Output': 'mismatch'}
5,{'Output': 'mismatch'},{'Output': 'mismatch'}
6,{'Output': 'mismatch'},{'Output': 'mismatch'}
7,{'Output': 'match'},{'Output': 'match'}
8,{'Output': 'match'},{'Output': 'match'}
9,{'Output': 'mismatch'},{'Output': 'mismatch'}
10,{'Output': 'match'},{'Output': 'match'}
11,{'Output': 'mismatch'},{'Output': 'mismatch'}
12,{'Output': 'mismatch'},{'Output': 'mismatch'}
13,{'Output': 'mismatch'},{'Output': 'mismatch'}
14,{'Output': 'match'},{'Output': 'match'}
15,{'Output': 'match'},{'Output': 'match'}
16,{'Output': 'mismatch'},{'Output': 'mismatch'}
17,{'Output': 'mismatch'},{'Output': 'mismatch'}
18,{'Output': 'match'},{'Output': 'match'}
19,{'Output': 'match'},{'Output': 'mismatch'}
20,{'Output': 'mismatch'},{'Output': 'mismatch'}
21,{'Output': 'mismatch'},{'Output': 'mismatch'}
22,{'Output': 'mismatch'},{'Output': 'mismatch'}
23,{'Output': 'mismatch'},{'Output': 'match'}
24,{'Output': 'match'},{'Output': 'match'}
25,{'Output': 'mismatch'},{'Output': 'mismatch'}
26,{'Output': 'mismatch'},{'Output': 'mismatch'}
27,{'Output': 'mismatch'},{'Output': 'mismatch'}
28,{'Output': 'match'},{'Output': 'mismatch'}
29,{'Output': 'mismatch'},{'Output': 'mismatch'}
30,{'Output': 'mismatch'},{'Output': 'mismatch'}
31,{'Output': 'match'},{'Output': 'match'}
32,{'Output': 'mismatch'},{'Output': 'mismatch'}
33,{'Output': 'mismatch'},{'Output': 'mismatch'}
34,{'Output': 'mismatch'},{'Output': 'mismatch'}
35,{'Output': 'match'},{'Output': 'mismatch'}
36,{'Output': 'match'},{'Output': 'match'}
37,{'Output': 'match'},{'Output': 'match'}
38,{'Output': 'mismatch'},{'Output': 'mismatch'}
39,{'Output': 'mismatch'},{'Output': 'mismatch'}
40,{'Output': 'mismatch'},{'Output': 'mismatch'}
41,{'Output': 'mismatch'},{'Output': 'mismatch'}
42,{'Output': 'match'},{'Output': 'match'}
43,{'Output': 'mismatch'},{'Output': 'mismatch'}
44,{'Output': 'mismatch'},{'Output': 'match'}
45,{'Output': 'match'},{'Output': 'match'}
46,{'Output': 'match'},{'Output': 'match'}
47,{'Output': 'mismatch'},{'Output': 'mismatch'}
48,{'Output': 'match'},{'Output': 'match'}
49,{'Output': 'mismatch'},{'Output': 'mismatch'}
50,{'Output': 'match'},{'Output': 'match'}
51,{'Output': 'mismatch'},{'Output': 'mismatch'}
52,{'Output': 'mismatch'},{'Output': 'mismatch'}
53,{'Output': 'match'},{'Output': 'match'}
54,{'Output': 'mismatch'},{'Output': 'mismatch'}
55,{'Output': 'match'},{'Output': 'match'}
56,{'Output': 'mismatch'},{'Output': 'mismatch'}
57,{'Output': 'mismatch'},{'Output': 'mismatch'}
58,{'Output': 'mismatch'},{'Output': 'mismatch'}
59,{'Output': 'mismatch'},{'Output': 'mismatch'}
60,{'Output': 'mismatch'},{'Output': 'mismatch'}
61,{'Output': 'match'},{'Output': 'match'}
62,{'Output': 'match'},{'Output': 'match'}
63,{'Output': 'mismatch'},{'Output': 'mismatch'}
64,{'Output': 'mismatch'},{'Output': 'mismatch'}
65,{'Output': 'mismatch'},{'Output': 'mismatch'}
66,{'Output': 'match'},{'Output': 'match'}
67,{'Output': 'mismatch'},{'Output': 'mismatch'}
68,{'Output': 'mismatch'},{'Output': 'mismatch'}
69,{'Output': 'mismatch'},{'Output': 'mismatch'}
70,{'Output': 'mismatch'},{'Output': 'mismatch'}
71,{'Output': 'mismatch'},{'Output': 'mismatch'}
72,{'Output': 'mismatch'},{'Output': 'mismatch'}
73,{'Output': 'match'},{'Output': 'match'}
74,{'Output': 'match'},{'Output': 'match'}
75,{'Output': 'match'},{'Output': 'match'}
76,{'Output': 'mismatch'},{'Output': 'mismatch'}
77,{'Output': 'mismatch'},{'Output': 'mismatch'}
78,{'Output': 'mismatch'},{'Output': 'mismatch'}
79,{'Output': 'mismatch'},{'Output': 'mismatch'}
80,{'Output': 'mismatch'},{'Output': 'mismatch'}
81,{'Output': 'mismatch'},{'Output': 'mismatch'}
82,{'Output': 'mismatch'},{'Output': 'mismatch'}
83,{'Output': 'mismatch'},{'Output': 'mismatch'}
84,{'Output': 'mismatch'},{'Output': 'match'}
85,{'Output': 'match'},{'Output': 'match'}
86,{'Output': 'mismatch'},{'Output': 'mismatch'}
87,{'Output': 'mismatch'},{'Output': 'mismatch'}
88,{'Output': 'mismatch'},{'Output': 'match'}
89,{'Output': 'mismatch'},{'Output': 'mismatch'}
90,{'Output': 'mismatch'},{'Output': 'mismatch'}
91,{'Output': 'mismatch'},{'Output': 'mismatch'}
92,{'Output': 'mismatch'},{'Output': 'mismatch'}
93,{'Output': 'mismatch'},{'Output': 'mismatch'}
94,{'Output': 'mismatch'},{'Output': 'mismatch'}
95,{'Output': 'mismatch'},{'Output': 'mismatch'}
96,{'Output': 'mismatch'},{'Output': 'mismatch'}
97,{'Output': 'match'},{'Output': 'match'}
98,{'Output': 'mismatch'},{'Output': 'mismatch'}
99,{'Output': 'match'},{'Output': 'match'}
100,{'Output': 'match'},{'Output': 'match'}
101,{'Output': 'match'},{'Output': 'match'}
102,{'Output': 'match'},{'Output': 'match'}
103,{'Output': 'mismatch'},{'Output': 'mismatch'}
104,{'Output': 'mismatch'},{'Output': 'mismatch'}
105,{'Output': 'mismatch'},{'Output': 'match'}
106,{'Output': 'mismatch'},{'Output': 'match'}
107,{'Output': 'match'},{'Output': 'match'}
108,{'Output': 'mismatch'},{'Output': 'mismatch'}
109,{'Output': 'mismatch'},{'Output': 'mismatch'}
110,{'Output': 'match'},{'Output': 'match'}
111,{'Output': 'mismatch'},{'Output': 'match'}
112,{'Output': 'mismatch'},{'Output': 'mismatch'}
113,{'Output': 'match'},{'Output': 'match'}
114,{'Output': 'mismatch'},{'Output': 'mismatch'}
115,{'Output': 'mismatch'},{'Output': 'match'}
116,{'Output': 'mismatch'},{'Output': 'mismatch'}
117,{'Output': 'mismatch'},{'Output': 'mismatch'}
118,{'Output': 'mismatch'},{'Output': 'mismatch'}
119,{'Output': 'mismatch'},{'Output': 'mismatch'}
120,{'Output': 'match'},{'Output': 'match'}
121,{'Output': 'match'},{'Output': 'match'}
122,{'Output': 'mismatch'},{'Output': 'mismatch'}
123,{'Output': 'mismatch'},{'Output': 'mismatch'}
124,{'Output': 'match'},{'Output': 'match'}
125,{'Output': 'mismatch'},{'Output': 'mismatch'}
126,{'Output': 'match'},{'Output': 'match'}
127,{'Output': 'mismatch'},{'Output': 'mismatch'}
128,{'Output': 'mismatch'},{'Output': 'mismatch'}
129,{'Output': 'mismatch'},{'Output': 'mismatch'}
130,{'Output': 'mismatch'},{'Output': 'mismatch'}
131,{'Output': 'mismatch'},{'Output': 'mismatch'}
132,{'Output': 'mismatch'},{'Output': 'mismatch'}
133,{'Output': 'match'},{'Output': 'match'}
134,{'Output': 'mismatch'},{'Output': 'mismatch'}
135,{'Output': 'match'},{'Output': 'match'}
136,{'Output': 'match'},{'Output': 'match'}
137,{'Output': 'mismatch'},{'Output': 'mismatch'}
138,{'Output': 'match'},{'Output': 'match'}
139,{'Output': 'mismatch'},{'Output': 'mismatch'}
140,{'Output': 'match'},{'Output': 'match'}
141,{'Output': 'match'},{'Output': 'match'}
142,{'Output': 'mismatch'},{'Output': 'mismatch'}
143,{'Output': 'mismatch'},{'Output': 'mismatch'}
144,{'Output': 'match'},{'Output': 'match'}
145,{'Output': 'match'},{'Output': 'match'}
146,{'Output': 'mismatch'},{'Output': 'mismatch'}
147,{'Output': 'mismatch'},{'Output': 'mismatch'}
148,{'Output': 'match'},{'Output': 'match'}
149,{'Output': 'mismatch'},{'Output': 'mismatch'}
150,{'Output': 'match'},{'Output': 'match'}
151,{'Output': 'mismatch'},{'Output': 'mismatch'}
152,{'Output': 'mismatch'},{'Output': 'mismatch'}
153,{'Output': 'mismatch'},{'Output': 'mismatch'}
154,{'Output': 'match'},{'Output': 'match'}
155,{'Output': 'match'},{'Output': 'mismatch'}
156,{'Output': 'match'},{'Output': 'match'}
157,{'Output': 'mismatch'},{'Output': 'mismatch'}
158,{'Output': 'mismatch'},{'Output': 'mismatch'}
159,{'Output': 'mismatch'},{'Output': 'mismatch'}
160,{'Output': 'match'},{'Output': 'match'}
161,{'Output': 'mismatch'},{'Output': 'mismatch'}
162,{'Output': 'mismatch'},{'Output': 'mismatch'}
163,{'Output': 'match'},{'Output': 'match'}
164,{'Output': 'mismatch'},{'Output': 'mismatch'}
165,{'Output': 'mismatch'},{'Output': 'mismatch'}
166,{'Output': 'match'},{'Output': 'match'}
167,{'Output': 'mismatch'},{'Output': 'match'}
168,{'Output': 'match'},{'Output': 'match'}
169,{'Output': 'match'},{'Output': 'match'}
170,{'Output': 'match'},{'Output': 'match'}
171,{'Output': 'match'},{'Output': 'match'}
172,{'Output': 'mismatch'},{'Output': 'mismatch'}
173,{'Output': 'mismatch'},{'Output': 'match'}
174,{'Output': 'mismatch'},{'Output': 'mismatch'}
175,{'Output': 'mismatch'},{'Output': 'mismatch'}
176,{'Output': 'match'},{'Output': 'match'}
177,{'Output': 'mismatch'},{'Output': 'match'}
178,{'Output': 'match'},{'Output': 'match'}
179,{'Output': 'match'},{'Output': 'match'}
180,{'Output': 'match'},{'Output': 'match'}
181,{'Output': 'mismatch'},{'Output': 'mismatch'}
182,{'Output': 'mismatch'},{'Output': 'mismatch'}
183,{'Output': 'match'},{'Output': 'match'}
184,{'Output': 'mismatch'},{'Output': 'mismatch'}
185,{'Output': 'mismatch'},{'Output': 'mismatch'}
186,{'Output': 'match'},{'Output': 'match'}
187,{'Output': 'match'},{'Output': 'match'}
188,{'Output': 'match'},{'Output': 'match'}
189,{'Output': 'match'},{'Output': 'match'}
190,{'Output': 'mismatch'},{'Output': 'mismatch'}
191,{'Output': 'mismatch'},{'Output': 'mismatch'}
192,{'Output': 'mismatch'},{'Output': 'match'}
193,{'Output': 'match'},{'Output': 'match'}
194,{'Output': 'mismatch'},{'Output': 'mismatch'}
195,{'Output': 'match'},{'Output': 'match'}
196,{'Output': 'match'},{'Output': 'match'}
197,{'Output': 'mismatch'},{'Output': 'mismatch'}
198,{'Output': 'match'},{'Output': 'match'}
199,{'Output': 'match'},{'Output': 'match'}
200,{'Output': 'match'},{'Output': 'mismatch'}
201,{'Output': 'match'},{'Output': 'match'}
202,{'Output': 'mismatch'},{'Output': 'mismatch'}
203,{'Output': 'mismatch'},{'Output': 'mismatch'}
204,{'Output': 'mismatch'},{'Output': 'mismatch'}
205,{'Output': 'match'},{'Output': 'match'}
206,{'Output': 'mismatch'},{'Output': 'mismatch'}
207,{'Output': 'mismatch'},{'Output': 'mismatch'}
208,{'Output': 'mismatch'},{'Output': 'mismatch'}
209,{'Output': 'mismatch'},{'Output': 'mismatch'}
210,{'Output': 'mismatch'},{'Output': 'mismatch'}
211,{'Output': 'mismatch'},{'Output': 'mismatch'}
212,{'Output': 'match'},{'Output': 'match'}
213,{'Output': 'match'},{'Output': 'match'}
214,{'Output': 'mismatch'},{'Output': 'mismatch'}
215,{'Output': 'mismatch'},{'Output': 'mismatch'}
216,{'Output': 'mismatch'},{'Output': 'mismatch'}
217,{'Output': 'mismatch'},{'Output': 'mismatch'}
218,{'Output': 'mismatch'},{'Output': 'mismatch'}
219,{'Output': 'mismatch'},{'Output': 'mismatch'}
220,{'Output': 'match'},{'Output': 'match'}
221,{'Output': 'match'},{'Output': 'match'}
222,{'Output': 'mismatch'},{'Output': 'mismatch'}
223,{'Output': 'mismatch'},{'Output': 'mismatch'}
224,{'Output': 'mismatch'},{'Output': 'mismatch'}
225,{'Output': 'mismatch'},{'Output': 'mismatch'}
226,{'Output': 'mismatch'},{'Output': 'mismatch'}
227,{'Output': 'mismatch'},{'Output': 'mismatch'}
228,{'Output': 'mismatch'},{'Output': 'mismatch'}
229,{'Output': 'match'},{'Output': 'match'}
230,{'Output': 'mismatch'},{'Output': 'match'}
231,{'Output': 'mismatch'},{'Output': 'mismatch'}
232,{'Output': 'mismatch'},{'Output': 'mismatch'}
233,{'Output': 'match'},{'Output': 'match'}
234,{'Output': 'match'},{'Output': 'match'}
235,{'Output': 'mismatch'},{'Output': 'mismatch'}
236,{'Output': 'match'},{'Output': 'match'}
237,{'Output': 'mismatch'},{'Output': 'mismatch'}
238,{'Output': 'match'},{'Output': 'match'}
239,{'Output': 'mismatch'},{'Output': 'mismatch'}
240,{'Output': 'match'},{'Output': 'match'}
241,{'Output': 'mismatch'},{'Output': 'mismatch'}
242,{'Output': 'mismatch'},{'Output': 'mismatch'}
243,{'Output': 'match'},{'Output': 'match'}
244,{'Output': 'mismatch'},{'Output': 'mismatch'}
245,{'Output': 'mismatch'},{'Output': 'mismatch'}
246,{'Output': 'match'},{'Output': 'match'}
247,{'Output': 'mismatch'},{'Output': 'mismatch'}
248,{'Output': 'mismatch'},{'Output': 'mismatch'}
249,{'Output': 'mismatch'},{'Output': 'mismatch'}
250,{'Output': 'match'},{'Output': 'match'}
251,{'Output': 'mismatch'},{'Output': 'mismatch'}
252,{'Output': 'mismatch'},{'Output': 'mismatch'}
253,{'Output': 'mismatch'},{'Output': 'mismatch'}
254,{'Output': 'match'},{'Output': 'match'}
255,{'Output': 'mismatch'},{'Output': 'mismatch'}
256,{'Output': 'mismatch'},{'Output': 'mismatch'}
257,{'Output': 'match'},{'Output': 'mismatch'}
258,{'Output': 'match'},{'Output': 'match'}
259,{'Output': 'mismatch'},{'Output': 'mismatch'}
260,{'Output': 'match'},{'Output': 'match'}
261,{'Output': 'mismatch'},{'Output': 'mismatch'}
262,{'Output': 'mismatch'},{'Output': 'mismatch'}
263,{'Output': 'mismatch'},{'Output': 'mismatch'}
264,{'Output': 'match'},{'Output': 'match'}
265,{'Output': 'match'},{'Output': 'match'}
266,{'Output': 'mismatch'},{'Output': 'mismatch'}
267,{'Output': 'mismatch'},{'Output': 'mismatch'}
268,{'Output': 'match'},{'Output': 'match'}
269,{'Output': 'match'},{'Output': 'match'}
270,{'Output': 'mismatch'},{'Output': 'mismatch'}
271,{'Output': 'mismatch'},{'Output': 'mismatch'}
272,{'Output': 'mismatch'},{'Output': 'mismatch'}
273,{'Output': 'mismatch'},{'Output': 'mismatch'}
274,{'Output': 'mismatch'},{'Output': 'mismatch'}
275,{'Output': 'mismatch'},{'Output': 'mismatch'}
276,{'Output': 'mismatch'},{'Output': 'mismatch'}
277,{'Output': 'match'},{'Output': 'match'}
278,{'Output': 'mismatch'},{'Output': 'mismatch'}
279,{'Output': 'match'},{'Output': 'match'}
280,{'Output': 'mismatch'},{'Output': 'mismatch'}
281,{'Output': 'mismatch'},{'Output': 'mismatch'}
282,{'Output': 'mismatch'},{'Output': 'mismatch'}
283,{'Output': 'match'},{'Output': 'match'}
284,{'Output': 'match'},{'Output': 'match'}
285,{'Output': 'mismatch'},{'Output': 'mismatch'}
286,{'Output': 'mismatch'},{'Output': 'mismatch'}
287,{'Output': 'mismatch'},{'Output': 'mismatch'}
288,{'Output': 'match'},{'Output': 'match'}
289,{'Output': 'mismatch'},{'Output': 'mismatch'}
290,{'Output': 'mismatch'},{'Output': 'mismatch'}
291,{'Output': 'mismatch'},{'Output': 'mismatch'}
292,{'Output': 'mismatch'},{'Output': 'mismatch'}
293,{'Output': 'mismatch'},{'Output': 'mismatch'}
294,{'Output': 'mismatch'},{'Output': 'mismatch'}
295,{'Output': 'mismatch'},{'Output': 'mismatch'}
296,{'Output': 'mismatch'},{'Output': 'mismatch'}
297,{'Output': 'match'},{'Output': 'match'}
298,{'Output': 'mismatch'},{'Output': 'mismatch'}
299,{'Output': 'mismatch'},{'Output': 'mismatch'}
300,{'Output': 'mismatch'},{'Output': 'mismatch'}
301,{'Output': 'mismatch'},{'Output': 'mismatch'}
302,{'Output': 'mismatch'},{'Output': 'mismatch'}
303,{'Output': 'mismatch'},{'Output': 'match'}
304,{'Output': 'mismatch'},{'Output': 'mismatch'}
305,{'Output': 'match'},{'Output': 'match'}
306,{'Output': 'mismatch'},{'Output': 'mismatch'}
307,{'Output': 'mismatch'},{'Output': 'mismatch'}
308,{'Output': 'mismatch'},{'Output': 'mismatch'}
309,{'Output': 'mismatch'},{'Output': 'mismatch'}
310,{'Output': 'match'},{'Output': 'match'}
311,{'Output': 'mismatch'},{'Output': 'mismatch'}
312,{'Output': 'mismatch'},{'Output': 'match'}
313,{'Output': 'match'},{'Output': 'match'}
314,{'Output': 'match'},{'Output': 'match'}
315,{'Output': 'mismatch'},{'Output': 'mismatch'}
316,{'Output': 'match'},{'Output': 'match'}
317,{'Output': 'mismatch'},{'Output': 'mismatch'}
318,{'Output': 'mismatch'},{'Output': 'mismatch'}
319,{'Output': 'match'},{'Output': 'match'}
320,{'Output': 'mismatch'},{'Output': 'mismatch'}
321,{'Output': 'mismatch'},{'Output': 'mismatch'}
322,{'Output': 'mismatch'},{'Output': 'mismatch'}
323,{'Output': 'mismatch'},{'Output': 'mismatch'}
324,{'Output': 'mismatch'},{'Output': 'mismatch'}
325,{'Output': 'mismatch'},{'Output': 'mismatch'}
326,{'Output': 'mismatch'},{'Output': 'mismatch'}
327,{'Output': 'match'},{'Output': 'match'}
328,{'Output': 'mismatch'},{'Output': 'mismatch'}
329,{'Output': 'mismatch'},{'Output': 'mismatch'}
330,{'Output': 'mismatch'},{'Output': 'mismatch'}
331,{'Output': 'mismatch'},{'Output': 'mismatch'}
332,{'Output': 'mismatch'},{'Output': 'mismatch'}
333,{'Output': 'mismatch'},{'Output': 'mismatch'}
334,{'Output': 'match'},{'Output': 'match'}
335,{'Output': 'mismatch'},{'Output': 'mismatch'}
336,{'Output': 'mismatch'},{'Output': 'mismatch'}
337,{'Output': 'mismatch'},{'Output': 'mismatch'}
338,{'Output': 'mismatch'},{'Output': 'mismatch'}
339,{'Output': 'match'},{'Output': 'match'}
340,{'Output': 'mismatch'},{'Output': 'mismatch'}
341,{'Output': 'mismatch'},{'Output': 'match'}
342,{'Output': 'mismatch'},{'Output': 'mismatch'}
343,{'Output': 'match'},{'Output': 'match'}
344,{'Output': 'mismatch'},{'Output': 'mismatch'}
345,{'Output': 'mismatch'},{'Output': 'mismatch'}
346,{'Output': 'mismatch'},{'Output': 'mismatch'}
347,{'Output': 'mismatch'},{'Output': 'mismatch'}
348,{'Output': 'mismatch'},{'Output': 'mismatch'}
349,{'Output': 'mismatch'},{'Output': 'mismatch'}
350,{'Output': 'mismatch'},{'Output': 'mismatch'}
351,{'Output': 'mismatch'},{'Output': 'mismatch'}
352,{'Output': 'mismatch'},{'Output': 'mismatch'}
353,{'Output': 'mismatch'},{'Output': 'mismatch'}
354,{'Output': 'mismatch'},{'Output': 'mismatch'}
355,{'Output': 'mismatch'},{'Output': 'mismatch'}
356,{'Output': 'mismatch'},{'Output': 'mismatch'}
357,{'Output': 'mismatch'},{'Output': 'mismatch'}
358,{'Output': 'match'},{'Output': 'match'}
359,{'Output': 'mismatch'},{'Output': 'mismatch'}
360,{'Output': 'mismatch'},{'Output': 'mismatch'}
361,{'Output': 'match'},{'Output': 'match'}
362,{'Output': 'match'},{'Output': 'match'}
363,{'Output': 'match'},{'Output': 'match'}
364,{'Output': 'match'},{'Output': 'match'}
365,{'Output': 'mismatch'},{'Output': 'mismatch'}
366,{'Output': 'mismatch'},{'Output': 'mismatch'}
367,{'Output': 'mismatch'},{'Output': 'mismatch'}
368,{'Output': 'mismatch'},{'Output': 'mismatch'}
369,{'Output': 'match'},{'Output': 'match'}
370,{'Output': 'mismatch'},{'Output': 'mismatch'}
371,{'Output': 'match'},{'Output': 'match'}
372,{'Output': 'mismatch'},{'Output': 'mismatch'}
373,{'Output': 'match'},{'Output': 'match'}
374,{'Output': 'match'},{'Output': 'mismatch'}
375,{'Output': 'mismatch'},{'Output': 'mismatch'}
376,{'Output': 'mismatch'},{'Output': 'mismatch'}
377,{'Output': 'match'},{'Output': 'match'}
378,{'Output': 'mismatch'},{'Output': 'mismatch'}
379,{'Output': 'match'},{'Output': 'match'}
380,{'Output': 'mismatch'},{'Output': 'mismatch'}
381,{'Output': 'match'},{'Output': 'match'}
382,{'Output': 'mismatch'},{'Output': 'mismatch'}
383,{'Output': 'mismatch'},{'Output': 'mismatch'}
384,{'Output': 'mismatch'},{'Output': 'match'}
385,{'Output': 'match'},{'Output': 'match'}
386,{'Output': 'mismatch'},{'Output': 'mismatch'}
387,{'Output': 'mismatch'},{'Output': 'mismatch'}
388,{'Output': 'mismatch'},{'Output': 'mismatch'}
389,{'Output': 'mismatch'},{'Output': 'mismatch'}
390,{'Output': 'match'},{'Output': 'match'}
391,{'Output': 'mismatch'},{'Output': 'mismatch'}
392,{'Output': 'mismatch'},{'Output': 'mismatch'}
393,{'Output': 'mismatch'},{'Output': 'mismatch'}
394,{'Output': 'mismatch'},{'Output': 'mismatch'}
395,{'Output': 'mismatch'},{'Output': 'mismatch'}
396,{'Output': 'match'},{'Output': 'match'}
397,{'Output': 'match'},{'Output': 'match'}
398,{'Output': 'mismatch'},{'Output': 'mismatch'}
399,{'Output': 'mismatch'},{'Output': 'mismatch'}
400,{'Output': 'match'},{'Output': 'match'}
401,{'Output': 'mismatch'},{'Output': 'mismatch'}
402,{'Output': 'mismatch'},{'Output': 'mismatch'}
403,{'Output': 'mismatch'},{'Output': 'mismatch'}
404,{'Output': 'mismatch'},{'Output': 'mismatch'}
405,{'Output': 'mismatch'},{'Output': 'mismatch'}
406,{'Output': 'match'},{'Output': 'match'}
407,{'Output': 'mismatch'},{'Output': 'mismatch'}
408,{'Output': 'match'},{'Output': 'match'}
409,{'Output': 'mismatch'},{'Output': 'mismatch'}
410,{'Output': 'mismatch'},{'Output': 'mismatch'}
411,{'Output': 'mismatch'},{'Output': 'mismatch'}
412,{'Output': 'mismatch'},{'Output': 'mismatch'}
413,{'Output': 'mismatch'},{'Output': 'mismatch'}
414,{'Output': 'mismatch'},{'Output': 'mismatch'}
415,{'Output': 'mismatch'},{'Output': 'mismatch'}
416,{'Output': 'match'},{'Output': 'match'}
417,{'Output': 'mismatch'},{'Output': 'mismatch'}
418,{'Output': 'mismatch'},{'Output': 'mismatch'}
419,{'Output': 'mismatch'},{'Output': 'mismatch'}
420,{'Output': 'mismatch'},{'Output': 'mismatch'}
421,{'Output': 'mismatch'},{'Output': 'mismatch'}
422,{'Output': 'mismatch'},{'Output': 'match'}
423,{'Output': 'mismatch'},{'Output': 'mismatch'}
424,{'Output': 'mismatch'},{'Output': 'mismatch'}
425,{'Output': 'mismatch'},{'Output': 'mismatch'}
426,{'Output': 'mismatch'},{'Output': 'mismatch'}
427,{'Output': 'mismatch'},{'Output': 'match'}
428,{'Output': 'match'},{'Output': 'match'}
429,{'Output': 'mismatch'},{'Output': 'mismatch'}
430,{'Output': 'mismatch'},{'Output': 'mismatch'}
431,{'Output': 'match'},{'Output': 'match'}
432,{'Output': 'mismatch'},{'Output': 'match'}
433,{'Output': 'mismatch'},{'Output': 'mismatch'}
434,{'Output': 'mismatch'},{'Output': 'mismatch'}
435,{'Output': 'mismatch'},{'Output': 'match'}
436,{'Output': 'mismatch'},{'Output': 'mismatch'}
437,{'Output': 'mismatch'},{'Output': 'mismatch'}
438,{'Output': 'mismatch'},{'Output': 'match'}
439,{'Output': 'mismatch'},{'Output': 'mismatch'}
440,{'Output': 'mismatch'},{'Output': 'mismatch'}
441,{'Output': 'mismatch'},{'Output': 'mismatch'}
442,{'Output': 'match'},{'Output': 'match'}
443,{'Output': 'mismatch'},{'Output': 'mismatch'}
444,{'Output': 'match'},{'Output': 'match'}
445,{'Output': 'mismatch'},{'Output': 'mismatch'}
446,{'Output': 'mismatch'},{'Output': 'mismatch'}
447,{'Output': 'mismatch'},{'Output': 'mismatch'}
448,{'Output': 'mismatch'},{'Output': 'mismatch'}
449,{'Output': 'mismatch'},{'Output': 'mismatch'}
450,{'Output': 'mismatch'},{'Output': 'mismatch'}
451,{'Output': 'mismatch'},{'Output': 'mismatch'}
452,{'Output': 'mismatch'},{'Output': 'match'}
453,{'Output': 'mismatch'},{'Output': 'mismatch'}
454,{'Output': 'mismatch'},{'Output': 'mismatch'}
455,{'Output': 'mismatch'},{'Output': 'mismatch'}
456,{'Output': 'match'},{'Output': 'match'}
457,{'Output': 'match'},{'Output': 'match'}
458,{'Output': 'match'},{'Output': 'match'}
459,{'Output': 'mismatch'},{'Output': 'mismatch'}
460,{'Output': 'mismatch'},{'Output': 'mismatch'}
461,{'Output': 'mismatch'},{'Output': 'mismatch'}
462,{'Output': 'match'},{'Output': 'match'}
463,{'Output': 'mismatch'},{'Output': 'mismatch'}
464,{'Output': 'mismatch'},{'Output': 'mismatch'}
465,{'Output': 'mismatch'},{'Output': 'mismatch'}
466,{'Output': 'match'},{'Output': 'match'}
467,{'Output': 'mismatch'},{'Output': 'mismatch'}
468,{'Output': 'mismatch'},{'Output': 'mismatch'}
469,{'Output': 'mismatch'},{'Output': 'mismatch'}
470,{'Output': 'mismatch'},{'Output': 'mismatch'}
471,{'Output': 'mismatch'},{'Output': 'mismatch'}
472,{'Output': 'mismatch'},{'Output': 'mismatch'}
473,{'Output': 'mismatch'},{'Output': 'mismatch'}
474,{'Output': 'mismatch'},{'Output': 'mismatch'}
475,{'Output': 'mismatch'},{'Output': 'mismatch'}
476,{'Output': 'mismatch'},{'Output': 'mismatch'}
477,{'Output': 'match'},{'Output': 'match'}
478,{'Output': 'mismatch'},{'Output': 'match'}
479,{'Output': 'mismatch'},{'Output': 'mismatch'}
480,{'Output': 'mismatch'},{'Output': 'mismatch'}
481,{'Output': 'mismatch'},{'Output': 'mismatch'}
482,{'Output': 'mismatch'},{'Output': 'mismatch'}
483,{'Output': 'mismatch'},{'Output': 'mismatch'}
484,{'Output': 'match'},{'Output': 'match'}
485,{'Output': 'mismatch'},{'Output': 'mismatch'}
486,{'Output': 'mismatch'},{'Output': 'mismatch'}
487,{'Output': 'mismatch'},{'Output': 'mismatch'}
488,{'Output': 'mismatch'},{'Output': 'mismatch'}
489,{'Output': 'mismatch'},{'Output': 'mismatch'}
490,{'Output': 'mismatch'},{'Output': 'mismatch'}
491,{'Output': 'match'},{'Output': 'mismatch'}
492,{'Output': 'match'},{'Output': 'match'}
493,{'Output': 'match'},{'Output': 'match'}
494,{'Output': 'mismatch'},{'Output': 'mismatch'}
495,{'Output': 'match'},{'Output': 'match'}
496,{'Output': 'match'},{'Output': 'match'}
497,{'Output': 'mismatch'},{'Output': 'mismatch'}
498,{'Output': 'mismatch'},{'Output': 'mismatch'}
499,{'Output': 'mismatch'},{'Output': 'mismatch'}
500,{'Output': 'mismatch'},{'Output': 'mismatch'}
501,{'Output': 'mismatch'},{'Output': 'mismatch'}
502,{'Output': 'mismatch'},{'Output': 'mismatch'}
503,{'Output': 'mismatch'},{'Output': 'mismatch'}
504,{'Output': 'mismatch'},{'Output': 'mismatch'}
505,{'Output': 'mismatch'},{'Output': 'mismatch'}
506,{'Output': 'mismatch'},{'Output': 'mismatch'}
507,{'Output': 'mismatch'},{'Output': 'mismatch'}
508,{'Output': 'match'},{'Output': 'match'}
509,{'Output': 'match'},{'Output': 'match'}
510,{'Output': 'mismatch'},{'Output': 'mismatch'}
511,{'Output': 'mismatch'},{'Output': 'mismatch'}
512,{'Output': 'mismatch'},{'Output': 'mismatch'}
513,{'Output': 'mismatch'},{'Output': 'mismatch'}
514,{'Output': 'mismatch'},{'Output': 'match'}
515,{'Output': 'mismatch'},{'Output': 'match'}
516,{'Output': 'mismatch'},{'Output': 'mismatch'}
517,{'Output': 'mismatch'},{'Output': 'mismatch'}
518,{'Output': 'mismatch'},{'Output': 'mismatch'}
519,{'Output': 'mismatch'},{'Output': 'mismatch'}
520,{'Output': 'mismatch'},{'Output': 'mismatch'}
521,{'Output': 'mismatch'},{'Output': 'mismatch'}
522,{'Output': 'mismatch'},{'Output': 'mismatch'}
523,{'Output': 'match'},{'Output': 'match'}
524,{'Output': 'mismatch'},{'Output': 'mismatch'}
525,{'Output': 'match'},{'Output': 'match'}
526,{'Output': 'match'},{'Output': 'match'}
527,{'Output': 'mismatch'},{'Output': 'mismatch'}
528,{'Output': 'mismatch'},{'Output': 'mismatch'}
529,{'Output': 'mismatch'},{'Output': 'mismatch'}
530,{'Output': 'match'},{'Output': 'match'}
531,{'Output': 'match'},{'Output': 'match'}
532,{'Output': 'mismatch'},{'Output': 'mismatch'}
533,{'Output': 'mismatch'},{'Output': 'mismatch'}
534,{'Output': 'mismatch'},{'Output': 'mismatch'}
535,{'Output': 'mismatch'},{'Output': 'mismatch'}
536,{'Output': 'mismatch'},{'Output': 'mismatch'}
537,{'Output': 'mismatch'},{'Output': 'mismatch'}
538,{'Output': 'match'},{'Output': 'match'}
539,{'Output': 'match'},{'Output': 'match'}
540,{'Output': 'mismatch'},{'Output': 'mismatch'}
541,{'Output': 'mismatch'},{'Output': 'mismatch'}
542,{'Output': 'mismatch'},{'Output': 'mismatch'}
543,{'Output': 'mismatch'},{'Output': 'mismatch'}
544,{'Output': 'mismatch'},{'Output': 'mismatch'}
545,{'Output': 'mismatch'},{'Output': 'mismatch'}
546,{'Output': 'mismatch'},{'Output': 'mismatch'}
547,{'Output': 'mismatch'},{'Output': 'mismatch'}
548,{'Output': 'mismatch'},{'Output': 'mismatch'}
549,{'Output': 'match'},{'Output': 'mismatch'}
550,{'Output': 'mismatch'},{'Output': 'mismatch'}
551,{'Output': 'mismatch'},{'Output': 'mismatch'}
552,{'Output': 'mismatch'},{'Output': 'mismatch'}
553,{'Output': 'mismatch'},{'Output': 'mismatch'}
554,{'Output': 'match'},{'Output': 'match'}
555,{'Output': 'mismatch'},{'Output': 'mismatch'}
556,{'Output': 'match'},{'Output': 'mismatch'}
557,{'Output': 'mismatch'},{'Output': 'mismatch'}
558,{'Output': 'match'},{'Output': 'match'}
559,{'Output': 'mismatch'},{'Output': 'mismatch'}
560,{'Output': 'mismatch'},{'Output': 'mismatch'}
561,{'Output': 'mismatch'},{'Output': 'mismatch'}
562,{'Output': 'mismatch'},{'Output': 'mismatch'}
563,{'Output': 'mismatch'},{'Output': 'mismatch'}
564,{'Output': 'mismatch'},{'Output': 'mismatch'}
565,{'Output': 'mismatch'},{'Output': 'mismatch'}
566,{'Output': 'match'},{'Output': 'match'}
567,{'Output': 'mismatch'},{'Output': 'mismatch'}
568,{'Output': 'mismatch'},{'Output': 'mismatch'}
569,{'Output': 'mismatch'},{'Output': 'mismatch'}
570,{'Output': 'mismatch'},{'Output': 'match'}
571,{'Output': 'mismatch'},{'Output': 'mismatch'}
572,{'Output': 'mismatch'},{'Output': 'mismatch'}
573,{'Output': 'mismatch'},{'Output': 'mismatch'}
574,{'Output': 'mismatch'},{'Output': 'mismatch'}
575,{'Output': 'mismatch'},{'Output': 'mismatch'}
576,{'Output': 'match'},{'Output': 'match'}
577,{'Output': 'mismatch'},{'Output': 'mismatch'}
578,{'Output': 'mismatch'},{'Output': 'mismatch'}
579,{'Output': 'mismatch'},{'Output': 'mismatch'}
580,{'Output': 'mismatch'},{'Output': 'mismatch'}
581,{'Output': 'mismatch'},{'Output': 'match'}
582,{'Output': 'match'},{'Output': 'match'}
583,{'Output': 'match'},{'Output': 'match'}
584,{'Output': 'match'},{'Output': 'match'}
585,{'Output': 'match'},{'Output': 'match'}
586,{'Output': 'mismatch'},{'Output': 'mismatch'}
587,{'Output': 'mismatch'},{'Output': 'mismatch'}
588,{'Output': 'match'},{'Output': 'match'}
589,{'Output': 'mismatch'},{'Output': 'mismatch'}
590,{'Output': 'mismatch'},{'Output': 'mismatch'}
591,{'Output': 'mismatch'},{'Output': 'mismatch'}
592,{'Output': 'mismatch'},{'Output': 'mismatch'}
593,{'Output': 'mismatch'},{'Output': 'mismatch'}
594,{'Output': 'mismatch'},{'Output': 'mismatch'}
595,{'Output': 'mismatch'},{'Output': 'mismatch'}
596,{'Output': 'mismatch'},{'Output': 'mismatch'}
597,{'Output': 'mismatch'},{'Output': 'mismatch'}
598,{'Output': 'match'},{'Output': 'match'}
599,{'Output': 'mismatch'},{'Output': 'mismatch'}
600,{'Output': 'mismatch'},{'Output': 'mismatch'}
601,{'Output': 'mismatch'},{'Output': 'mismatch'}
602,{'Output': 'mismatch'},{'Output': 'mismatch'}
603,{'Output': 'mismatch'},{'Output': 'mismatch'}
604,{'Output': 'match'},{'Output': 'match'}
605,{'Output': 'mismatch'},{'Output': 'mismatch'}
606,{'Output': 'mismatch'},{'Output': 'mismatch'}
607,{'Output': 'mismatch'},{'Output': 'mismatch'}
608,{'Output': 'mismatch'},{'Output': 'mismatch'}
609,{'Output': 'mismatch'},{'Output': 'mismatch'}
610,{'Output': 'mismatch'},{'Output': 'mismatch'}
611,{'Output': 'mismatch'},{'Output': 'mismatch'}
612,{'Output': 'mismatch'},{'Output': 'match'}
613,{'Output': 'match'},{'Output': 'match'}
614,{'Output': 'match'},{'Output': 'match'}
615,{'Output': 'mismatch'},{'Output': 'mismatch'}
616,{'Output': 'mismatch'},{'Output': 'mismatch'}
617,{'Output': 'mismatch'},{'Output': 'mismatch'}
618,{'Output': 'mismatch'},{'Output': 'mismatch'}
619,{'Output': 'mismatch'},{'Output': 'mismatch'}
620,{'Output': 'mismatch'},{'Output': 'mismatch'}
621,{'Output': 'mismatch'},{'Output': 'mismatch'}
622,{'Output': 'match'},{'Output': 'match'}
623,{'Output': 'mismatch'},{'Output': 'mismatch'}
624,{'Output': 'mismatch'},{'Output': 'mismatch'}
625,{'Output': 'mismatch'},{'Output': 'mismatch'}
626,{'Output': 'mismatch'},{'Output': 'mismatch'}
627,{'Output': 'mismatch'},{'Output': 'mismatch'}
628,{'Output': 'mismatch'},{'Output': 'mismatch'}
629,{'Output': 'mismatch'},{'Output': 'mismatch'}
630,{'Output': 'match'},{'Output': 'match'}
631,{'Output': 'mismatch'},{'Output': 'mismatch'}
632,{'Output': 'mismatch'},{'Output': 'mismatch'}
633,{'Output': 'mismatch'},{'Output': 'mismatch'}
634,{'Output': 'mismatch'},{'Output': 'mismatch'}
635,{'Output': 'match'},{'Output': 'match'}
636,{'Output': 'mismatch'},{'Output': 'mismatch'}
637,{'Output': 'match'},{'Output': 'match'}
638,{'Output': 'mismatch'},{'Output': 'mismatch'}
639,{'Output': 'match'},{'Output': 'match'}
640,{'Output': 'mismatch'},{'Output': 'mismatch'}
641,{'Output': 'mismatch'},{'Output': 'mismatch'}
642,{'Output': 'mismatch'},{'Output': 'mismatch'}
643,{'Output': 'match'},{'Output': 'match'}
644,{'Output': 'mismatch'},{'Output': 'mismatch'}
645,{'Output': 'mismatch'},{'Output': 'mismatch'}
646,{'Output': 'mismatch'},{'Output': 'mismatch'}
647,{'Output': 'mismatch'},{'Output': 'mismatch'}
648,{'Output': 'mismatch'},{'Output': 'mismatch'}
649,{'Output': 'match'},{'Output': 'match'}
650,{'Output': 'mismatch'},{'Output': 'mismatch'}
651,{'Output': 'mismatch'},{'Output': 'mismatch'}
652,{'Output': 'mismatch'},{'Output': 'mismatch'}
653,{'Output': 'mismatch'},{'Output': 'mismatch'}
654,{'Output': 'mismatch'},{'Output': 'mismatch'}
655,{'Output': 'mismatch'},{'Output': 'mismatch'}
656,{'Output': 'mismatch'},{'Output': 'mismatch'}
657,{'Output': 'mismatch'},{'Output': 'mismatch'}
658,{'Output': 'mismatch'},{'Output': 'mismatch'}
659,{'Output': 'mismatch'},{'Output': 'match'}
660,{'Output': 'mismatch'},{'Output': 'mismatch'}
661,{'Output': 'mismatch'},{'Output': 'mismatch'}
662,{'Output': 'match'},{'Output': 'match'}
663,{'Output': 'mismatch'},{'Output': 'mismatch'}
664,{'Output': 'mismatch'},{'Output': 'mismatch'}
665,{'Output': 'mismatch'},{'Output': 'mismatch'}
666,{'Output': 'mismatch'},{'Output': 'mismatch'}
667,{'Output': 'match'},{'Output': 'match'}
668,{'Output': 'mismatch'},{'Output': 'mismatch'}
669,{'Output': 'match'},{'Output': 'match'}
670,{'Output': 'mismatch'},{'Output': 'mismatch'}
671,{'Output': 'mismatch'},{'Output': 'mismatch'}
672,{'Output': 'match'},{'Output': 'match'}
673,{'Output': 'match'},{'Output': 'match'}
674,{'Output': 'mismatch'},{'Output': 'mismatch'}
675,{'Output': 'mismatch'},{'Output': 'mismatch'}
676,{'Output': 'mismatch'},{'Output': 'mismatch'}
677,{'Output': 'match'},{'Output': 'match'}
678,{'Output': 'mismatch'},{'Output': 'mismatch'}
679,{'Output': 'mismatch'},{'Output': 'mismatch'}
680,{'Output': 'mismatch'},{'Output': 'mismatch'}
681,{'Output': 'mismatch'},{'Output': 'mismatch'}
682,{'Output': 'match'},{'Output': 'match'}
683,{'Output': 'mismatch'},{'Output': 'mismatch'}
684,{'Output': 'mismatch'},{'Output': 'mismatch'}
685,{'Output': 'match'},{'Output': 'match'}
686,{'Output': 'mismatch'},{'Output': 'mismatch'}
687,{'Output': 'match'},{'Output': 'match'}
688,{'Output': 'match'},{'Output': 'match'}
689,{'Output': 'mismatch'},{'Output': 'mismatch'}
690,{'Output': 'mismatch'},{'Output': 'mismatch'}
691,{'Output': 'mismatch'},{'Output': 'mismatch'}
692,{'Output': 'match'},{'Output': 'match'}
693,{'Output': 'match'},{'Output': 'match'}
694,{'Output': 'mismatch'},{'Output': 'mismatch'}
695,{'Output': 'match'},{'Output': 'match'}
696,{'Output': 'mismatch'},{'Output': 'mismatch'}
697,{'Output': 'mismatch'},{'Output': 'mismatch'}
698,{'Output': 'mismatch'},{'Output': 'mismatch'}
699,{'Output': 'match'},{'Output': 'match'}
700,{'Output': 'mismatch'},{'Output': 'mismatch'}
701,{'Output': 'mismatch'},{'Output': 'mismatch'}
702,{'Output': 'mismatch'},{'Output': 'mismatch'}
703,{'Output': 'mismatch'},{'Output': 'mismatch'}
704,{'Output': 'mismatch'},{'Output': 'mismatch'}
705,{'Output': 'mismatch'},{'Output': 'mismatch'}
706,{'Output': 'match'},{'Output': 'match'}
707,{'Output': 'mismatch'},{'Output': 'mismatch'}
708,{'Output': 'mismatch'},{'Output': 'mismatch'}
709,{'Output': 'mismatch'},{'Output': 'mismatch'}
710,{'Output': 'mismatch'},{'Output': 'mismatch'}
711,{'Output': 'match'},{'Output': 'match'}
712,{'Output': 'mismatch'},{'Output': 'mismatch'}
713,{'Output': 'match'},{'Output': 'match'}
714,{'Output': 'mismatch'},{'Output': 'mismatch'}
715,{'Output': 'mismatch'},{'Output': 'mismatch'}
716,{'Output': 'mismatch'},{'Output': 'mismatch'}
717,{'Output': 'mismatch'},{'Output': 'mismatch'}
718,{'Output': 'match'},{'Output': 'match'}
719,{'Output': 'mismatch'},{'Output': 'mismatch'}
720,{'Output': 'match'},{'Output': 'match'}
721,{'Output': 'mismatch'},{'Output': 'mismatch'}
722,{'Output': 'mismatch'},{'Output': 'mismatch'}
723,{'Output': 'mismatch'},{'Output': 'mismatch'}
724,{'Output': 'mismatch'},{'Output': 'mismatch'}
725,{'Output': 'mismatch'},{'Output': 'mismatch'}
726,{'Output': 'mismatch'},{'Output': 'mismatch'}
727,{'Output': 'mismatch'},{'Output': 'mismatch'}
728,{'Output': 'match'},{'Output': 'match'}
729,{'Output': 'mismatch'},{'Output': 'mismatch'}
730,{'Output': 'mismatch'},{'Output': 'mismatch'}
731,{'Output': 'match'},{'Output': 'mismatch'}
732,{'Output': 'mismatch'},{'Output': 'mismatch'}
733,{'Output': 'mismatch'},{'Output': 'mismatch'}
734,{'Output': 'match'},{'Output': 'match'}
735,{'Output': 'mismatch'},{'Output': 'mismatch'}
736,{'Output': 'mismatch'},{'Output': 'mismatch'}
737,{'Output': 'mismatch'},{'Output': 'mismatch'}
738,{'Output': 'mismatch'},{'Output': 'mismatch'}
739,{'Output': 'match'},{'Output': 'match'}
740,{'Output': 'mismatch'},{'Output': 'mismatch'}
741,{'Output': 'match'},{'Output': 'match'}
742,{'Output': 'mismatch'},{'Output': 'mismatch'}
743,{'Output': 'match'},{'Output': 'match'}
744,{'Output': 'mismatch'},{'Output': 'mismatch'}
745,{'Output': 'mismatch'},{'Output': 'mismatch'}
746,{'Output': 'mismatch'},{'Output': 'mismatch'}
747,{'Output': 'match'},{'Output': 'match'}
748,{'Output': 'mismatch'},{'Output': 'mismatch'}
749,{'Output': 'mismatch'},{'Output': 'mismatch'}
750,{'Output': 'mismatch'},{'Output': 'mismatch'}
751,{'Output': 'match'},{'Output': 'match'}
752,{'Output': 'mismatch'},{'Output': 'mismatch'}
753,{'Output': 'mismatch'},{'Output': 'mismatch'}
754,{'Output': 'mismatch'},{'Output': 'mismatch'}
755,{'Output': 'mismatch'},{'Output': 'match'}
756,{'Output': 'mismatch'},{'Output': 'match'}
757,{'Output': 'mismatch'},{'Output': 'mismatch'}
758,{'Output': 'mismatch'},{'Output': 'mismatch'}
759,{'Output': 'mismatch'},{'Output': 'mismatch'}
760,{'Output': 'match'},{'Output': 'match'}
761,{'Output': 'mismatch'},{'Output': 'mismatch'}
762,{'Output': 'match'},{'Output': 'match'}
763,{'Output': 'mismatch'},{'Output': 'mismatch'}
764,{'Output': 'match'},{'Output': 'match'}
765,{'Output': 'mismatch'},{'Output': 'mismatch'}
766,{'Output': 'match'},{'Output': 'match'}
767,{'Output': 'match'},{'Output': 'match'}
768,{'Output': 'match'},{'Output': 'match'}
769,{'Output': 'mismatch'},{'Output': 'mismatch'}
770,{'Output': 'mismatch'},{'Output': 'mismatch'}
771,{'Output': 'match'},{'Output': 'match'}
772,{'Output': 'mismatch'},{'Output': 'mismatch'}
773,{'Output': 'mismatch'},{'Output': 'mismatch'}
774,{'Output': 'match'},{'Output': 'match'}
775,{'Output': 'match'},{'Output': 'match'}
776,{'Output': 'mismatch'},{'Output': 'mismatch'}
777,{'Output': 'mismatch'},{'Output': 'mismatch'}
778,{'Output': 'match'},{'Output': 'match'}
779,{'Output': 'mismatch'},{'Output': 'mismatch'}
780,{'Output': 'match'},{'Output': 'match'}
781,{'Output': 'mismatch'},{'Output': 'mismatch'}
782,{'Output': 'mismatch'},{'Output': 'mismatch'}
783,{'Output': 'mismatch'},{'Output': 'mismatch'}
784,{'Output': 'match'},{'Output': 'match'}
785,{'Output': 'mismatch'},{'Output': 'mismatch'}
786,{'Output': 'mismatch'},{'Output': 'mismatch'}
787,{'Output': 'mismatch'},{'Output': 'mismatch'}
788,{'Output': 'mismatch'},{'Output': 'mismatch'}
789,{'Output': 'mismatch'},{'Output': 'mismatch'}
790,{'Output': 'mismatch'},{'Output': 'mismatch'}
791,{'Output': 'mismatch'},{'Output': 'mismatch'}
792,{'Output': 'match'},{'Output': 'match'}
793,{'Output': 'mismatch'},{'Output': 'mismatch'}
794,{'Output': 'match'},{'Output': 'match'}
795,{'Output': 'mismatch'},{'Output': 'mismatch'}
796,{'Output': 'mismatch'},{'Output': 'mismatch'}
797,{'Output': 'mismatch'},{'Output': 'mismatch'}
798,{'Output': 'mismatch'},{'Output': 'mismatch'}
799,{'Output': 'mismatch'},{'Output': 'mismatch'}
800,{'Output': 'match'},{'Output': 'match'}
801,{'Output': 'match'},{'Output': 'match'}
802,{'Output': 'mismatch'},{'Output': 'mismatch'}
803,{'Output': 'mismatch'},{'Output': 'mismatch'}
804,{'Output': 'mismatch'},{'Output': 'mismatch'}
805,{'Output': 'mismatch'},{'Output': 'match'}
806,{'Output': 'mismatch'},{'Output': 'mismatch'}
807,{'Output': 'match'},{'Output': 'match'}
808,{'Output': 'match'},{'Output': 'match'}
809,{'Output': 'mismatch'},{'Output': 'mismatch'}
810,{'Output': 'match'},{'Output': 'match'}
811,{'Output': 'mismatch'},{'Output': 'mismatch'}
812,{'Output': 'mismatch'},{'Output': 'mismatch'}
813,{'Output': 'match'},{'Output': 'match'}
814,{'Output': 'mismatch'},{'Output': 'mismatch'}
815,{'Output': 'mismatch'},{'Output': 'mismatch'}
816,{'Output': 'match'},{'Output': 'match'}
817,{'Output': 'match'},{'Output': 'match'}
818,{'Output': 'mismatch'},{'Output': 'mismatch'}
819,{'Output': 'mismatch'},{'Output': 'mismatch'}
820,{'Output': 'mismatch'},{'Output': 'mismatch'}
821,{'Output': 'mismatch'},{'Output': 'mismatch'}
822,{'Output': 'match'},{'Output': 'match'}
823,{'Output': 'match'},{'Output': 'match'}
824,{'Output': 'mismatch'},{'Output': 'mismatch'}
825,{'Output': 'match'},{'Output': 'match'}
826,{'Output': 'mismatch'},{'Output': 'mismatch'}
827,{'Output': 'mismatch'},{'Output': 'mismatch'}
828,{'Output': 'mismatch'},{'Output': 'mismatch'}
829,{'Output': 'mismatch'},{'Output': 'mismatch'}
830,{'Output': 'match'},{'Output': 'match'}
831,{'Output': 'mismatch'},{'Output': 'mismatch'}
832,{'Output': 'mismatch'},{'Output': 'mismatch'}
833,{'Output': 'mismatch'},{'Output': 'mismatch'}
834,{'Output': 'mismatch'},{'Output': 'mismatch'}
835,{'Output': 'match'},{'Output': 'match'}
836,{'Output': 'match'},{'Output': 'match'}
837,{'Output': 'mismatch'},{'Output': 'mismatch'}
838,{'Output': 'mismatch'},{'Output': 'mismatch'}
839,{'Output': 'mismatch'},{'Output': 'mismatch'}
840,{'Output': 'mismatch'},{'Output': 'mismatch'}
841,{'Output': 'mismatch'},{'Output': 'mismatch'}
842,{'Output': 'match'},{'Output': 'match'}
843,{'Output': 'mismatch'},{'Output': 'mismatch'}
844,{'Output': 'mismatch'},{'Output': 'mismatch'}
845,{'Output': 'mismatch'},{'Output': 'mismatch'}
846,{'Output': 'mismatch'},{'Output': 'mismatch'}
847,{'Output': 'mismatch'},{'Output': 'mismatch'}
848,{'Output': 'mismatch'},{'Output': 'mismatch'}
849,{'Output': 'mismatch'},{'Output': 'mismatch'}
850,{'Output': 'mismatch'},{'Output': 'mismatch'}
851,{'Output': 'match'},{'Output': 'match'}
852,{'Output': 'mismatch'},{'Output': 'mismatch'}
853,{'Output': 'mismatch'},{'Output': 'mismatch'}
854,{'Output': 'mismatch'},{'Output': 'mismatch'}
855,{'Output': 'match'},{'Output': 'match'}
856,{'Output': 'mismatch'},{'Output': 'mismatch'}
857,{'Output': 'match'},{'Output': 'match'}
858,{'Output': 'mismatch'},{'Output': 'mismatch'}
859,{'Output': 'mismatch'},{'Output': 'mismatch'}
860,{'Output': 'match'},{'Output': 'match'}
861,{'Output': 'mismatch'},{'Output': 'mismatch'}
862,{'Output': 'mismatch'},{'Output': 'mismatch'}
863,{'Output': 'mismatch'},{'Output': 'mismatch'}
864,{'Output': 'mismatch'},{'Output': 'mismatch'}
865,{'Output': 'match'},{'Output': 'match'}
866,{'Output': 'mismatch'},{'Output': 'mismatch'}
867,{'Output': 'match'},{'Output': 'match'}
868,{'Output': 'mismatch'},{'Output': 'mismatch'}
869,{'Output': 'mismatch'},{'Output': 'mismatch'}
870,{'Output': 'mismatch'},{'Output': 'mismatch'}
871,{'Output': 'match'},{'Output': 'match'}
872,{'Output': 'mismatch'},{'Output': 'mismatch'}
873,{'Output': 'mismatch'},{'Output': 'mismatch'}
874,{'Output': 'mismatch'},{'Output': 'match'}
875,{'Output': 'match'},{'Output': 'match'}
876,{'Output': 'mismatch'},{'Output': 'mismatch'}
877,{'Output': 'mismatch'},{'Output': 'mismatch'}
878,{'Output': 'mismatch'},{'Output': 'mismatch'}
879,{'Output': 'mismatch'},{'Output': 'mismatch'}
880,{'Output': 'mismatch'},{'Output': 'mismatch'}
881,{'Output': 'mismatch'},{'Output': 'mismatch'}
882,{'Output': 'mismatch'},{'Output': 'mismatch'}
883,{'Output': 'mismatch'},{'Output': 'mismatch'}
884,{'Output': 'mismatch'},{'Output': 'mismatch'}
885,{'Output': 'mismatch'},{'Output': 'mismatch'}
886,{'Output': 'mismatch'},{'Output': 'mismatch'}
887,{'Output': 'mismatch'},{'Output': 'mismatch'}
888,{'Output': 'match'},{'Output': 'match'}
889,{'Output': 'mismatch'},{'Output': 'mismatch'}
890,{'Output': 'mismatch'},{'Output': 'mismatch'}
891,{'Output': 'mismatch'},{'Output': 'mismatch'}
892,{'Output': 'match'},{'Output': 'match'}
893,{'Output': 'mismatch'},{'Output': 'mismatch'}
894,{'Output': 'mismatch'},{'Output': 'mismatch'}
895,{'Output': 'mismatch'},{'Output': 'mismatch'}
896,{'Output': 'mismatch'},{'Output': 'mismatch'}
897,{'Output': 'mismatch'},{'Output': 'mismatch'}
898,{'Output': 'mismatch'},{'Output': 'mismatch'}
899,{'Output': 'mismatch'},{'Output': 'mismatch'}
900,{'Output': 'match'},{'Output': 'mismatch'}
901,{'Output': 'mismatch'},{'Output': 'match'}
902,{'Output': 'mismatch'},{'Output': 'mismatch'}
903,{'Output': 'match'},{'Output': 'match'}
904,{'Output': 'mismatch'},{'Output': 'mismatch'}
905,{'Output': 'mismatch'},{'Output': 'match'}
906,{'Output': 'mismatch'},{'Output': 'mismatch'}
907,{'Output': 'match'},{'Output': 'match'}
908,{'Output': 'match'},{'Output': 'match'}
909,{'Output': 'mismatch'},{'Output': 'mismatch'}
910,{'Output': 'mismatch'},{'Output': 'mismatch'}
911,{'Output': 'mismatch'},{'Output': 'mismatch'}
912,{'Output': 'match'},{'Output': 'match'}
913,{'Output': 'mismatch'},{'Output': 'mismatch'}
914,{'Output': 'match'},{'Output': 'match'}
915,{'Output': 'mismatch'},{'Output': 'mismatch'}
916,{'Output': 'mismatch'},{'Output': 'mismatch'}
917,{'Output': 'mismatch'},{'Output': 'mismatch'}
918,{'Output': 'match'},{'Output': 'match'}
919,{'Output': 'mismatch'},{'Output': 'mismatch'}
920,{'Output': 'match'},{'Output': 'match'}
921,{'Output': 'mismatch'},{'Output': 'mismatch'}
922,{'Output': 'match'},{'Output': 'match'}
923,{'Output': 'mismatch'},{'Output': 'mismatch'}
924,{'Output': 'mismatch'},{'Output': 'mismatch'}
925,{'Output': 'mismatch'},{'Output': 'mismatch'}
926,{'Output': 'mismatch'},{'Output': 'mismatch'}
927,{'Output': 'mismatch'},{'Output': 'mismatch'}
928,{'Output': 'mismatch'},{'Output': 'mismatch'}
929,{'Output': 'mismatch'},{'Output': 'mismatch'}
930,{'Output': 'match'},{'Output': 'match'}
931,{'Output': 'mismatch'},{'Output': 'match'}
932,{'Output': 'mismatch'},{'Output': 'mismatch'}
933,{'Output': 'mismatch'},{'Output': 'mismatch'}
934,{'Output': 'mismatch'},{'Output': 'mismatch'}
935,{'Output': 'mismatch'},{'Output': 'mismatch'}
936,{'Output': 'match'},{'Output': 'match'}
937,{'Output': 'mismatch'},{'Output': 'mismatch'}
938,{'Output': 'mismatch'},{'Output': 'mismatch'}
939,{'Output': 'mismatch'},{'Output': 'mismatch'}
940,{'Output': 'mismatch'},{'Output': 'mismatch'}
941,{'Output': 'mismatch'},{'Output': 'mismatch'}
942,{'Output': 'mismatch'},{'Output': 'mismatch'}
943,{'Output': 'mismatch'},{'Output': 'mismatch'}
944,{'Output': 'match'},{'Output': 'match'}
945,{'Output': 'mismatch'},{'Output': 'mismatch'}
946,{'Output': 'mismatch'},{'Output': 'mismatch'}
947,{'Output': 'mismatch'},{'Output': 'mismatch'}
948,{'Output': 'match'},{'Output': 'match'}
949,{'Output': 'match'},{'Output': 'match'}
950,{'Output': 'mismatch'},{'Output': 'mismatch'}
951,{'Output': 'mismatch'},{'Output': 'mismatch'}
952,{'Output': 'mismatch'},{'Output': 'mismatch'}
953,{'Output': 'mismatch'},{'Output': 'mismatch'}
954,{'Output': 'mismatch'},{'Output': 'mismatch'}
955,{'Output': 'mismatch'},{'Output': 'mismatch'}
956,{'Output': 'match'},{'Output': 'match'}
957,{'Output': 'mismatch'},{'Output': 'mismatch'}
958,{'Output': 'mismatch'},{'Output': 'mismatch'}
959,{'Output': 'mismatch'},{'Output': 'mismatch'}
960,{'Output': 'mismatch'},{'Output': 'mismatch'}
961,{'Output': 'mismatch'},{'Output': 'mismatch'}
962,{'Output': 'mismatch'},{'Output': 'mismatch'}
963,{'Output': 'match'},{'Output': 'match'}
964,{'Output': 'mismatch'},{'Output': 'mismatch'}
965,{'Output': 'match'},{'Output': 'match'}
966,{'Output': 'mismatch'},{'Output': 'mismatch'}
967,{'Output': 'match'},{'Output': 'match'}
968,{'Output': 'mismatch'},{'Output': 'mismatch'}
969,{'Output': 'match'},{'Output': 'match'}
970,{'Output': 'mismatch'},{'Output': 'mismatch'}
971,{'Output': 'mismatch'},{'Output': 'mismatch'}
972,{'Output': 'mismatch'},{'Output': 'mismatch'}
973,{'Output': 'mismatch'},{'Output': 'mismatch'}
974,{'Output': 'mismatch'},{'Output': 'mismatch'}
975,{'Output': 'match'},{'Output': 'match'}
976,{'Output': 'match'},{'Output': 'match'}
977,{'Output': 'mismatch'},{'Output': 'mismatch'}
978,{'Output': 'mismatch'},{'Output': 'mismatch'}
979,{'Output': 'mismatch'},{'Output': 'mismatch'}
980,{'Output': 'match'},{'Output': 'match'}
981,{'Output': 'mismatch'},{'Output': 'mismatch'}
982,{'Output': 'match'},{'Output': 'match'}
983,{'Output': 'mismatch'},{'Output': 'mismatch'}
984,{'Output': 'mismatch'},{'Output': 'mismatch'}
985,{'Output': 'mismatch'},{'Output': 'mismatch'}
986,{'Output': 'match'},{'Output': 'match'}
987,{'Output': 'mismatch'},{'Output': 'mismatch'}
988,{'Output': 'match'},{'Output': 'match'}
989,{'Output': 'match'},{'Output': 'match'}
990,{'Output': 'mismatch'},{'Output': 'mismatch'}
991,{'Output': 'mismatch'},{'Output': 'match'}
992,{'Output': 'mismatch'},{'Output': 'mismatch'}
993,{'Output': 'mismatch'},{'Output': 'mismatch'}
994,{'Output': 'mismatch'},{'Output': 'mismatch'}
995,{'Output': 'match'},{'Output': 'match'}
996,{'Output': 'mismatch'},{'Output': 'mismatch'}
997,{'Output': 'mismatch'},{'Output': 'mismatch'}
998,{'Output': 'mismatch'},{'Output': 'mismatch'}
999,{'Output': 'match'},{'Output': 'match'}
1000,{'Output': 'mismatch'},{'Output': 'mismatch'}
1001,{'Output': 'mismatch'},{'Output': 'mismatch'}
1002,{'Output': 'mismatch'},{'Output': 'mismatch'}
1003,{'Output': 'mismatch'},{'Output': 'mismatch'}
1004,{'Output': 'mismatch'},{'Output': 'mismatch'}
1005,{'Output': 'match'},{'Output': 'match'}
1006,{'Output': 'mismatch'},{'Output': 'mismatch'}
1007,{'Output': 'mismatch'},{'Output': 'mismatch'}
1008,{'Output': 'mismatch'},{'Output': 'mismatch'}
1009,{'Output': 'match'},{'Output': 'match'}
1010,{'Output': 'match'},{'Output': 'match'}
1011,{'Output': 'mismatch'},{'Output': 'mismatch'}
1012,{'Output': 'mismatch'},{'Output': 'match'}
1013,{'Output': 'mismatch'},{'Output': 'mismatch'}
1014,{'Output': 'mismatch'},{'Output': 'mismatch'}
1015,{'Output': 'match'},{'Output': 'match'}
1016,{'Output': 'match'},{'Output': 'match'}
1017,{'Output': 'mismatch'},{'Output': 'mismatch'}
1018,{'Output': 'mismatch'},{'Output': 'mismatch'}
1019,{'Output': 'mismatch'},{'Output': 'mismatch'}
1020,{'Output': 'mismatch'},{'Output': 'mismatch'}
1021,{'Output': 'mismatch'},{'Output': 'mismatch'}
1022,{'Output': 'mismatch'},{'Output': 'mismatch'}
1023,{'Output': 'match'},{'Output': 'match'}
1024,{'Output': 'mismatch'},{'Output': 'mismatch'}
1025,{'Output': 'mismatch'},{'Output': 'mismatch'}
1026,{'Output': 'mismatch'},{'Output': 'match'}
1027,{'Output': 'mismatch'},{'Output': 'mismatch'}
1028,{'Output': 'mismatch'},{'Output': 'mismatch'}
1029,{'Output': 'match'},{'Output': 'match'}
1030,{'Output': 'mismatch'},{'Output': 'mismatch'}
1031,{'Output': 'match'},{'Output': 'match'}
1032,{'Output': 'mismatch'},{'Output': 'mismatch'}
1033,{'Output': 'mismatch'},{'Output': 'mismatch'}
1034,{'Output': 'mismatch'},{'Output': 'mismatch'}
1035,{'Output': 'mismatch'},{'Output': 'mismatch'}
1036,{'Output': 'match'},{'Output': 'match'}
1037,{'Output': 'match'},{'Output': 'match'}
1038,{'Output': 'mismatch'},{'Output': 'mismatch'}
1039,{'Output': 'mismatch'},{'Output': 'mismatch'}
1040,{'Output': 'match'},{'Output': 'match'}
1041,{'Output': 'mismatch'},{'Output': 'mismatch'}
1042,{'Output': 'mismatch'},{'Output': 'mismatch'}
1043,{'Output': 'mismatch'},{'Output': 'mismatch'}
1044,{'Output': 'mismatch'},{'Output': 'mismatch'}
1045,{'Output': 'mismatch'},{'Output': 'mismatch'}
1046,{'Output': 'match'},{'Output': 'match'}
1047,{'Output': 'mismatch'},{'Output': 'mismatch'}
1048,{'Output': 'mismatch'},{'Output': 'mismatch'}
1049,{'Output': 'mismatch'},{'Output': 'mismatch'}
1050,{'Output': 'mismatch'},{'Output': 'match'}
1051,{'Output': 'match'},{'Output': 'match'}
1052,{'Output': 'mismatch'},{'Output': 'mismatch'}
1053,{'Output': 'mismatch'},{'Output': 'mismatch'}
1054,{'Output': 'mismatch'},{'Output': 'mismatch'}
1055,{'Output': 'match'},{'Output': 'match'}
1056,{'Output': 'mismatch'},{'Output': 'mismatch'}
1057,{'Output': 'mismatch'},{'Output': 'mismatch'}
1058,{'Output': 'match'},{'Output': 'match'}
1059,{'Output': 'match'},{'Output': 'match'}
1060,{'Output': 'mismatch'},{'Output': 'match'}
1061,{'Output': 'mismatch'},{'Output': 'mismatch'}
1062,{'Output': 'mismatch'},{'Output': 'mismatch'}
1063,{'Output': 'mismatch'},{'Output': 'match'}
1064,{'Output': 'mismatch'},{'Output': 'mismatch'}
1065,{'Output': 'match'},{'Output': 'match'}
1066,{'Output': 'match'},{'Output': 'match'}
1067,{'Output': 'match'},{'Output': 'match'}
1068,{'Output': 'mismatch'},{'Output': 'mismatch'}
1069,{'Output': 'match'},{'Output': 'match'}
1070,{'Output': 'mismatch'},{'Output': 'mismatch'}
1071,{'Output': 'mismatch'},{'Output': 'mismatch'}
1072,{'Output': 'match'},{'Output': 'match'}
1073,{'Output': 'mismatch'},{'Output': 'mismatch'}
1074,{'Output': 'mismatch'},{'Output': 'mismatch'}
1075,{'Output': 'match'},{'Output': 'match'}
1076,{'Output': 'mismatch'},{'Output': 'mismatch'}
1077,{'Output': 'mismatch'},{'Output': 'mismatch'}
1078,{'Output': 'mismatch'},{'Output': 'mismatch'}
1079,{'Output': 'mismatch'},{'Output': 'mismatch'}
1080,{'Output': 'match'},{'Output': 'match'}
1081,{'Output': 'mismatch'},{'Output': 'mismatch'}
1082,{'Output': 'mismatch'},{'Output': 'mismatch'}
1083,{'Output': 'match'},{'Output': 'match'}
1084,{'Output': 'mismatch'},{'Output': 'match'}
1085,{'Output': 'match'},{'Output': 'match'}
1086,{'Output': 'mismatch'},{'Output': 'mismatch'}
1087,{'Output': 'mismatch'},{'Output': 'mismatch'}
1088,{'Output': 'match'},{'Output': 'match'}
1089,{'Output': 'mismatch'},{'Output': 'mismatch'}
1090,{'Output': 'mismatch'},{'Output': 'mismatch'}
1091,{'Output': 'mismatch'},{'Output': 'mismatch'}
1092,{'Output': 'mismatch'},{'Output': 'mismatch'}
1093,{'Output': 'match'},{'Output': 'match'}
1094,{'Output': 'match'},{'Output': 'match'}
1095,{'Output': 'mismatch'},{'Output': 'mismatch'}
1096,{'Output': 'match'},{'Output': 'match'}
1097,{'Output': 'mismatch'},{'Output': 'mismatch'}
1098,{'Output': 'mismatch'},{'Output': 'mismatch'}
1099,{'Output': 'mismatch'},{'Output': 'mismatch'}
1100,{'Output': 'mismatch'},{'Output': 'mismatch'}
1101,{'Output': 'mismatch'},{'Output': 'mismatch'}
1102,{'Output': 'match'},{'Output': 'match'}
1103,{'Output': 'mismatch'},{'Output': 'mismatch'}
1104,{'Output': 'mismatch'},{'Output': 'mismatch'}
1105,{'Output': 'match'},{'Output': 'match'}
1106,{'Output': 'mismatch'},{'Output': 'mismatch'}
1107,{'Output': 'mismatch'},{'Output': 'mismatch'}
1108,{'Output': 'mismatch'},{'Output': 'mismatch'}
1109,{'Output': 'mismatch'},{'Output': 'mismatch'}
1110,{'Output': 'mismatch'},{'Output': 'mismatch'}
1111,{'Output': 'mismatch'},{'Output': 'mismatch'}
1112,{'Output': 'mismatch'},{'Output': 'mismatch'}
1113,{'Output': 'mismatch'},{'Output': 'mismatch'}
1114,{'Output': 'mismatch'},{'Output': 'mismatch'}
1115,{'Output': 'mismatch'},{'Output': 'mismatch'}
1116,{'Output': 'mismatch'},{'Output': 'mismatch'}
1117,{'Output': 'mismatch'},{'Output': 'mismatch'}
1118,{'Output': 'mismatch'},{'Output': 'mismatch'}
1119,{'Output': 'mismatch'},{'Output': 'mismatch'}
1120,{'Output': 'mismatch'},{'Output': 'mismatch'}
1121,{'Output': 'mismatch'},{'Output': 'mismatch'}
1122,{'Output': 'match'},{'Output': 'match'}
1123,{'Output': 'match'},{'Output': 'match'}
1124,{'Output': 'match'},{'Output': 'match'}
1125,{'Output': 'mismatch'},{'Output': 'mismatch'}
1126,{'Output': 'match'},{'Output': 'match'}
1127,{'Output': 'mismatch'},{'Output': 'mismatch'}
1128,{'Output': 'mismatch'},{'Output': 'mismatch'}
1129,{'Output': 'match'},{'Output': 'match'}
1130,{'Output': 'match'},{'Output': 'match'}
1131,{'Output': 'mismatch'},{'Output': 'mismatch'}
1132,{'Output': 'mismatch'},{'Output': 'mismatch'}
1133,{'Output': 'mismatch'},{'Output': 'mismatch'}
1134,{'Output': 'match'},{'Output': 'match'}
1135,{'Output': 'mismatch'},{'Output': 'mismatch'}
1136,{'Output': 'mismatch'},{'Output': 'match'}
1137,{'Output': 'mismatch'},{'Output': 'mismatch'}
1138,{'Output': 'match'},{'Output': 'match'}
1139,{'Output': 'mismatch'},{'Output': 'mismatch'}
1140,{'Output': 'mismatch'},{'Output': 'mismatch'}
1141,{'Output': 'mismatch'},{'Output': 'mismatch'}
1142,{'Output': 'mismatch'},{'Output': 'mismatch'}
1143,{'Output': 'mismatch'},{'Output': 'mismatch'}
1144,{'Output': 'mismatch'},{'Output': 'mismatch'}
1145,{'Output': 'match'},{'Output': 'match'}
1146,{'Output': 'mismatch'},{'Output': 'mismatch'}
1147,{'Output': 'mismatch'},{'Output': 'match'}
1148,{'Output': 'mismatch'},{'Output': 'mismatch'}
1149,{'Output': 'mismatch'},{'Output': 'mismatch'}
1150,{'Output': 'mismatch'},{'Output': 'mismatch'}
1151,{'Output': 'mismatch'},{'Output': 'mismatch'}
1152,{'Output': 'match'},{'Output': 'match'}
1153,{'Output': 'match'},{'Output': 'match'}
1154,{'Output': 'mismatch'},{'Output': 'mismatch'}
1155,{'Output': 'mismatch'},{'Output': 'mismatch'}
1156,{'Output': 'match'},{'Output': 'match'}
1157,{'Output': 'mismatch'},{'Output': 'mismatch'}
1158,{'Output': 'match'},{'Output': 'match'}
1159,{'Output': 'match'},{'Output': 'match'}
1160,{'Output': 'mismatch'},{'Output': 'mismatch'}
1161,{'Output': 'match'},{'Output': 'match'}
1162,{'Output': 'mismatch'},{'Output': 'mismatch'}
1163,{'Output': 'mismatch'},{'Output': 'mismatch'}
1164,{'Output': 'mismatch'},{'Output': 'mismatch'}
1165,{'Output': 'mismatch'},{'Output': 'mismatch'}
1166,{'Output': 'mismatch'},{'Output': 'mismatch'}
1167,{'Output': 'mismatch'},{'Output': 'mismatch'}
1168,{'Output': 'mismatch'},{'Output': 'mismatch'}
1169,{'Output': 'mismatch'},{'Output': 'mismatch'}
1170,{'Output': 'mismatch'},{'Output': 'mismatch'}
1171,{'Output': 'mismatch'},{'Output': 'mismatch'}
1172,{'Output': 'mismatch'},{'Output': 'mismatch'}
1173,{'Output': 'mismatch'},{'Output': 'mismatch'}
1174,{'Output': 'match'},{'Output': 'mismatch'}
1175,{'Output': 'match'},{'Output': 'match'}
1176,{'Output': 'mismatch'},{'Output': 'mismatch'}
1177,{'Output': 'mismatch'},{'Output': 'mismatch'}
1178,{'Output': 'mismatch'},{'Output': 'match'}
1179,{'Output': 'mismatch'},{'Output': 'mismatch'}
1180,{'Output': 'match'},{'Output': 'match'}
1181,{'Output': 'mismatch'},{'Output': 'mismatch'}
1182,{'Output': 'mismatch'},{'Output': 'mismatch'}
1183,{'Output': 'mismatch'},{'Output': 'mismatch'}
1184,{'Output': 'match'},{'Output': 'match'}
1185,{'Output': 'match'},{'Output': 'match'}
1186,{'Output': 'match'},{'Output': 'match'}
1187,{'Output': 'mismatch'},{'Output': 'mismatch'}
1188,{'Output': 'mismatch'},{'Output': 'mismatch'}
1189,{'Output': 'mismatch'},{'Output': 'mismatch'}
1190,{'Output': 'match'},{'Output': 'match'}
1191,{'Output': 'mismatch'},{'Output': 'mismatch'}
1192,{'Output': 'mismatch'},{'Output': 'mismatch'}
1193,{'Output': 'match'},{'Output': 'match'}
1194,{'Output': 'mismatch'},{'Output': 'mismatch'}
1195,{'Output': 'mismatch'},{'Output': 'mismatch'}
1196,{'Output': 'mismatch'},{'Output': 'mismatch'}
1197,{'Output': 'mismatch'},{'Output': 'mismatch'}
1198,{'Output': 'match'},{'Output': 'match'}
1199,{'Output': 'mismatch'},{'Output': 'mismatch'}
1200,{'Output': 'mismatch'},{'Output': 'mismatch'}
1201,{'Output': 'mismatch'},{'Output': 'mismatch'}
1202,{'Output': 'mismatch'},{'Output': 'mismatch'}
1203,{'Output': 'mismatch'},{'Output': 'match'}
1204,{'Output': 'mismatch'},{'Output': 'mismatch'}
1205,{'Output': 'mismatch'},{'Output': 'mismatch'}
1206,{'Output': 'mismatch'},{'Output': 'mismatch'}
1207,{'Output': 'mismatch'},{'Output': 'mismatch'}
1208,{'Output': 'mismatch'},{'Output': 'mismatch'}
1209,{'Output': 'match'},{'Output': 'match'}
1210,{'Output': 'mismatch'},{'Output': 'mismatch'}
1211,{'Output': 'mismatch'},{'Output': 'mismatch'}
1212,{'Output': 'match'},{'Output': 'match'}
1213,{'Output': 'mismatch'},{'Output': 'mismatch'}
1214,{'Output': 'mismatch'},{'Output': 'mismatch'}
1215,{'Output': 'mismatch'},{'Output': 'mismatch'}
1216,{'Output': 'mismatch'},{'Output': 'mismatch'}
1217,{'Output': 'mismatch'},{'Output': 'mismatch'}
1218,{'Output': 'mismatch'},{'Output': 'mismatch'}
1219,{'Output': 'mismatch'},{'Output': 'mismatch'}
1220,{'Output': 'mismatch'},{'Output': 'mismatch'}
1221,{'Output': 'mismatch'},{'Output': 'mismatch'}
1222,{'Output': 'mismatch'},{'Output': 'mismatch'}
1223,{'Output': 'mismatch'},{'Output': 'mismatch'}
1224,{'Output': 'mismatch'},{'Output': 'mismatch'}
1225,{'Output': 'mismatch'},{'Output': 'mismatch'}
1226,{'Output': 'mismatch'},{'Output': 'mismatch'}
1227,{'Output': 'mismatch'},{'Output': 'mismatch'}
1228,{'Output': 'mismatch'},{'Output': 'match'}
1229,{'Output': 'mismatch'},{'Output': 'mismatch'}
1230,{'Output': 'mismatch'},{'Output': 'mismatch'}
1231,{'Output': 'mismatch'},{'Output': 'mismatch'}
1232,{'Output': 'mismatch'},{'Output': 'mismatch'}
1233,{'Output': 'mismatch'},{'Output': 'mismatch'}
1234,{'Output': 'match'},{'Output': 'match'}
1235,{'Output': 'mismatch'},{'Output': 'mismatch'}
1236,{'Output': 'mismatch'},{'Output': 'mismatch'}
1237,{'Output': 'mismatch'},{'Output': 'mismatch'}
1238,{'Output': 'match'},{'Output': 'match'}
1239,{'Output': 'mismatch'},{'Output': 'mismatch'}
1240,{'Output': 'match'},{'Output': 'match'}
1241,{'Output': 'mismatch'},{'Output': 'mismatch'}
1242,{'Output': 'mismatch'},{'Output': 'mismatch'}
1243,{'Output': 'mismatch'},{'Output': 'mismatch'}
1244,{'Output': 'mismatch'},{'Output': 'mismatch'}
1245,{'Output': 'match'},{'Output': 'match'}
1246,{'Output': 'mismatch'},{'Output': 'mismatch'}
1247,{'Output': 'mismatch'},{'Output': 'mismatch'}
1248,{'Output': 'mismatch'},{'Output': 'mismatch'}
1249,{'Output': 'match'},{'Output': 'match'}
1250,{'Output': 'mismatch'},{'Output': 'mismatch'}
1251,{'Output': 'mismatch'},{'Output': 'mismatch'}
1252,{'Output': 'mismatch'},{'Output': 'mismatch'}
1253,{'Output': 'match'},{'Output': 'match'}
1254,{'Output': 'mismatch'},{'Output': 'mismatch'}
1255,{'Output': 'mismatch'},{'Output': 'mismatch'}
1256,{'Output': 'match'},{'Output': 'match'}
1257,{'Output': 'mismatch'},{'Output': 'mismatch'}
1258,{'Output': 'mismatch'},{'Output': 'mismatch'}
1259,{'Output': 'match'},{'Output': 'match'}
1260,{'Output': 'match'},{'Output': 'match'}
1261,{'Output': 'match'},{'Output': 'match'}
1262,{'Output': 'mismatch'},{'Output': 'mismatch'}
1263,{'Output': 'mismatch'},{'Output': 'mismatch'}
1264,{'Output': 'mismatch'},{'Output': 'mismatch'}
1265,{'Output': 'mismatch'},{'Output': 'mismatch'}
1266,{'Output': 'mismatch'},{'Output': 'mismatch'}
1267,{'Output': 'mismatch'},{'Output': 'mismatch'}
1268,{'Output': 'mismatch'},{'Output': 'mismatch'}
1269,{'Output': 'match'},{'Output': 'match'}
1270,{'Output': 'mismatch'},{'Output': 'mismatch'}
1271,{'Output': 'mismatch'},{'Output': 'mismatch'}
1272,{'Output': 'mismatch'},{'Output': 'mismatch'}
1273,{'Output': 'mismatch'},{'Output': 'mismatch'}
1274,{'Output': 'match'},{'Output': 'match'}
1275,{'Output': 'mismatch'},{'Output': 'mismatch'}
1276,{'Output': 'match'},{'Output': 'match'}
1277,{'Output': 'mismatch'},{'Output': 'mismatch'}
1278,{'Output': 'mismatch'},{'Output': 'match'}
1279,{'Output': 'mismatch'},{'Output': 'mismatch'}
1280,{'Output': 'mismatch'},{'Output': 'mismatch'}
1281,{'Output': 'match'},{'Output': 'match'}
1282,{'Output': 'mismatch'},{'Output': 'mismatch'}
1283,{'Output': 'mismatch'},{'Output': 'mismatch'}
1284,{'Output': 'mismatch'},{'Output': 'mismatch'}
1285,{'Output': 'mismatch'},{'Output': 'mismatch'}
1286,{'Output': 'match'},{'Output': 'match'}
1287,{'Output': 'mismatch'},{'Output': 'mismatch'}
1288,{'Output': 'mismatch'},{'Output': 'mismatch'}
1289,{'Output': 'match'},{'Output': 'match'}
1290,{'Output': 'mismatch'},{'Output': 'mismatch'}
1291,{'Output': 'mismatch'},{'Output': 'mismatch'}
1292,{'Output': 'mismatch'},{'Output': 'mismatch'}
1293,{'Output': 'mismatch'},{'Output': 'mismatch'}
1294,{'Output': 'match'},{'Output': 'match'}
1295,{'Output': 'mismatch'},{'Output': 'mismatch'}
1296,{'Output': 'mismatch'},{'Output': 'mismatch'}
1297,{'Output': 'mismatch'},{'Output': 'mismatch'}
1298,{'Output': 'mismatch'},{'Output': 'mismatch'}
1299,{'Output': 'mismatch'},{'Output': 'mismatch'}
1300,{'Output': 'mismatch'},{'Output': 'match'}
1301,{'Output': 'mismatch'},{'Output': 'mismatch'}
1302,{'Output': 'match'},{'Output': 'match'}
1303,{'Output': 'mismatch'},{'Output': 'mismatch'}
1304,{'Output': 'match'},{'Output': 'match'}
1305,{'Output': 'match'},{'Output': 'match'}
1306,{'Output': 'match'},{'Output': 'match'}
1307,{'Output': 'mismatch'},{'Output': 'mismatch'}
1308,{'Output': 'match'},{'Output': 'match'}
1309,{'Output': 'mismatch'},{'Output': 'mismatch'}
1310,{'Output': 'mismatch'},{'Output': 'mismatch'}
1311,{'Output': 'match'},{'Output': 'match'}
1312,{'Output': 'match'},{'Output': 'match'}
1313,{'Output': 'mismatch'},{'Output': 'mismatch'}
1314,{'Output': 'match'},{'Output': 'match'}
1315,{'Output': 'match'},{'Output': 'match'}
1316,{'Output': 'mismatch'},{'Output': 'mismatch'}
1317,{'Output': 'match'},{'Output': 'match'}
1318,{'Output': 'match'},{'Output': 'match'}
1319,{'Output': 'mismatch'},{'Output': 'mismatch'}
1320,{'Output': 'mismatch'},{'Output': 'mismatch'}
1321,{'Output': 'mismatch'},{'Output': 'mismatch'}
1322,{'Output': 'mismatch'},{'Output': 'mismatch'}
1323,{'Output': 'match'},{'Output': 'match'}
1324,{'Output': 'mismatch'},{'Output': 'mismatch'}
1325,{'Output': 'match'},{'Output': 'match'}
1326,{'Output': 'mismatch'},{'Output': 'mismatch'}
1327,{'Output': 'mismatch'},{'Output': 'mismatch'}
1328,{'Output': 'mismatch'},{'Output': 'mismatch'}
1329,{'Output': 'mismatch'},{'Output': 'mismatch'}
1330,{'Output': 'mismatch'},{'Output': 'mismatch'}
1331,{'Output': 'mismatch'},{'Output': 'mismatch'}
1332,{'Output': 'match'},{'Output': 'match'}
1333,{'Output': 'mismatch'},{'Output': 'mismatch'}
1334,{'Output': 'mismatch'},{'Output': 'mismatch'}
1335,{'Output': 'mismatch'},{'Output': 'mismatch'}
1336,{'Output': 'mismatch'},{'Output': 'mismatch'}
1337,{'Output': 'mismatch'},{'Output': 'match'}
1338,{'Output': 'mismatch'},{'Output': 'mismatch'}
1339,{'Output': 'match'},{'Output': 'match'}
1340,{'Output': 'match'},{'Output': 'match'}
1341,{'Output': 'match'},{'Output': 'match'}
1342,{'Output': 'match'},{'Output': 'match'}
1343,{'Output': 'mismatch'},{'Output': 'mismatch'}
1344,{'Output': 'mismatch'},{'Output': 'mismatch'}
1345,{'Output': 'mismatch'},{'Output': 'mismatch'}
1346,{'Output': 'mismatch'},{'Output': 'mismatch'}
1347,{'Output': 'mismatch'},{'Output': 'mismatch'}
1348,{'Output': 'mismatch'},{'Output': 'mismatch'}
1349,{'Output': 'mismatch'},{'Output': 'mismatch'}
1350,{'Output': 'mismatch'},{'Output': 'mismatch'}
1351,{'Output': 'mismatch'},{'Output': 'mismatch'}
1352,{'Output': 'match'},{'Output': 'match'}
1353,{'Output': 'mismatch'},{'Output': 'mismatch'}
1354,{'Output': 'mismatch'},{'Output': 'mismatch'}
1355,{'Output': 'match'},{'Output': 'match'}
1356,{'Output': 'match'},{'Output': 'match'}
1357,{'Output': 'mismatch'},{'Output': 'mismatch'}
1358,{'Output': 'mismatch'},{'Output': 'mismatch'}
1359,{'Output': 'mismatch'},{'Output': 'mismatch'}
1360,{'Output': 'match'},{'Output': 'match'}
1361,{'Output': 'mismatch'},{'Output': 'mismatch'}
1362,{'Output': 'match'},{'Output': 'match'}
1363,{'Output': 'mismatch'},{'Output': 'mismatch'}
1364,{'Output': 'mismatch'},{'Output': 'mismatch'}
1365,{'Output': 'mismatch'},{'Output': 'mismatch'}
1366,{'Output': 'mismatch'},{'Output': 'mismatch'}
1367,{'Output': 'match'},{'Output': 'match'}
1368,{'Output': 'match'},{'Output': 'match'}
1369,{'Output': 'mismatch'},{'Output': 'mismatch'}
1370,{'Output': 'match'},{'Output': 'match'}
1371,{'Output': 'mismatch'},{'Output': 'match'}
1372,{'Output': 'match'},{'Output': 'match'}
1373,{'Output': 'mismatch'},{'Output': 'mismatch'}
1374,{'Output': 'mismatch'},{'Output': 'mismatch'}
1375,{'Output': 'mismatch'},{'Output': 'mismatch'}
1376,{'Output': 'mismatch'},{'Output': 'mismatch'}
1377,{'Output': 'mismatch'},{'Output': 'mismatch'}
1378,{'Output': 'mismatch'},{'Output': 'mismatch'}
1379,{'Output': 'match'},{'Output': 'match'}
1380,{'Output': 'mismatch'},{'Output': 'mismatch'}
1381,{'Output': 'match'},{'Output': 'match'}
1382,{'Output': 'mismatch'},{'Output': 'match'}
1383,{'Output': 'mismatch'},{'Output': 'mismatch'}
1384,{'Output': 'match'},{'Output': 'match'}
1385,{'Output': 'mismatch'},{'Output': 'mismatch'}
1386,{'Output': 'mismatch'},{'Output': 'mismatch'}
1387,{'Output': 'match'},{'Output': 'match'}
1388,{'Output': 'mismatch'},{'Output': 'mismatch'}
1389,{'Output': 'match'},{'Output': 'match'}
1390,{'Output': 'mismatch'},{'Output': 'mismatch'}
1391,{'Output': 'mismatch'},{'Output': 'mismatch'}
1392,{'Output': 'mismatch'},{'Output': 'mismatch'}
1393,{'Output': 'mismatch'},{'Output': 'match'}
1394,{'Output': 'match'},{'Output': 'mismatch'}
1395,{'Output': 'match'},{'Output': 'match'}
1396,{'Output': 'mismatch'},{'Output': 'mismatch'}
1397,{'Output': 'mismatch'},{'Output': 'mismatch'}
1398,{'Output': 'mismatch'},{'Output': 'mismatch'}
1399,{'Output': 'mismatch'},{'Output': 'mismatch'}
1400,{'Output': 'mismatch'},{'Output': 'mismatch'}
1401,{'Output': 'match'},{'Output': 'match'}
1402,{'Output': 'mismatch'},{'Output': 'mismatch'}
1403,{'Output': 'match'},{'Output': 'match'}
1404,{'Output': 'match'},{'Output': 'match'}
1405,{'Output': 'mismatch'},{'Output': 'mismatch'}
1406,{'Output': 'mismatch'},{'Output': 'mismatch'}
1407,{'Output': 'mismatch'},{'Output': 'mismatch'}
1408,{'Output': 'match'},{'Output': 'match'}
1409,{'Output': 'mismatch'},{'Output': 'mismatch'}
1410,{'Output': 'mismatch'},{'Output': 'mismatch'}
1411,{'Output': 'mismatch'},{'Output': 'mismatch'}
1412,{'Output': 'mismatch'},{'Output': 'mismatch'}
1413,{'Output': 'mismatch'},{'Output': 'mismatch'}
1414,{'Output': 'mismatch'},{'Output': 'mismatch'}
1415,{'Output': 'match'},{'Output': 'match'}
1416,{'Output': 'mismatch'},{'Output': 'mismatch'}
1417,{'Output': 'mismatch'},{'Output': 'mismatch'}
1418,{'Output': 'mismatch'},{'Output': 'mismatch'}
1419,{'Output': 'match'},{'Output': 'match'}
1420,{'Output': 'match'},{'Output': 'match'}
1421,{'Output': 'mismatch'},{'Output': 'mismatch'}
1422,{'Output': 'match'},{'Output': 'match'}
1423,{'Output': 'mismatch'},{'Output': 'mismatch'}
1424,{'Output': 'mismatch'},{'Output': 'mismatch'}
1425,{'Output': 'mismatch'},{'Output': 'mismatch'}
1426,{'Output': 'mismatch'},{'Output': 'mismatch'}
1427,{'Output': 'mismatch'},{'Output': 'mismatch'}
1428,{'Output': 'mismatch'},{'Output': 'mismatch'}
1429,{'Output': 'mismatch'},{'Output': 'mismatch'}
1430,{'Output': 'match'},{'Output': 'match'}
1431,{'Output': 'mismatch'},{'Output': 'mismatch'}
1432,{'Output': 'mismatch'},{'Output': 'match'}
1433,{'Output': 'mismatch'},{'Output': 'mismatch'}
1434,{'Output': 'match'},{'Output': 'match'}
1435,{'Output': 'mismatch'},{'Output': 'match'}
1436,{'Output': 'match'},{'Output': 'match'}
1437,{'Output': 'match'},{'Output': 'mismatch'}
1438,{'Output': 'mismatch'},{'Output': 'mismatch'}
1439,{'Output': 'match'},{'Output': 'match'}
1440,{'Output': 'mismatch'},{'Output': 'mismatch'}
1441,{'Output': 'mismatch'},{'Output': 'mismatch'}
1442,{'Output': 'mismatch'},{'Output': 'mismatch'}
1443,{'Output': 'mismatch'},{'Output': 'mismatch'}
1444,{'Output': 'match'},{'Output': 'match'}
1445,{'Output': 'mismatch'},{'Output': 'mismatch'}
1446,{'Output': 'mismatch'},{'Output': 'mismatch'}
1447,{'Output': 'mismatch'},{'Output': 'mismatch'}
1448,{'Output': 'mismatch'},{'Output': 'mismatch'}
1449,{'Output': 'match'},{'Output': 'match'}
1450,{'Output': 'mismatch'},{'Output': 'mismatch'}
1451,{'Output': 'mismatch'},{'Output': 'mismatch'}
1452,{'Output': 'mismatch'},{'Output': 'mismatch'}
1453,{'Output': 'mismatch'},{'Output': 'mismatch'}
1454,{'Output': 'mismatch'},{'Output': 'mismatch'}
1455,{'Output': 'match'},{'Output': 'match'}
1456,{'Output': 'mismatch'},{'Output': 'mismatch'}
1457,{'Output': 'mismatch'},{'Output': 'mismatch'}
1458,{'Output': 'match'},{'Output': 'match'}
1459,{'Output': 'mismatch'},{'Output': 'mismatch'}
1460,{'Output': 'mismatch'},{'Output': 'mismatch'}
1461,{'Output': 'mismatch'},{'Output': 'mismatch'}
1462,{'Output': 'mismatch'},{'Output': 'mismatch'}
1463,{'Output': 'mismatch'},{'Output': 'mismatch'}
1464,{'Output': 'mismatch'},{'Output': 'match'}
1465,{'Output': 'mismatch'},{'Output': 'mismatch'}
1466,{'Output': 'mismatch'},{'Output': 'mismatch'}
1467,{'Output': 'mismatch'},{'Output': 'mismatch'}
1468,{'Output': 'mismatch'},{'Output': 'mismatch'}
1469,{'Output': 'mismatch'},{'Output': 'mismatch'}
1470,{'Output': 'mismatch'},{'Output': 'mismatch'}
1471,{'Output': 'mismatch'},{'Output': 'mismatch'}
1472,{'Output': 'mismatch'},{'Output': 'mismatch'}
1473,{'Output': 'mismatch'},{'Output': 'mismatch'}
1474,{'Output': 'match'},{'Output': 'match'}
1475,{'Output': 'match'},{'Output': 'match'}
1476,{'Output': 'mismatch'},{'Output': 'mismatch'}
1477,{'Output': 'match'},{'Output': 'match'}
1478,{'Output': 'mismatch'},{'Output': 'mismatch'}
1479,{'Output': 'match'},{'Output': 'match'}
1480,{'Output': 'mismatch'},{'Output': 'mismatch'}
1481,{'Output': 'match'},{'Output': 'match'}
1482,{'Output': 'mismatch'},{'Output': 'mismatch'}
1483,{'Output': 'match'},{'Output': 'match'}
1484,{'Output': 'mismatch'},{'Output': 'mismatch'}
1485,{'Output': 'match'},{'Output': 'match'}
1486,{'Output': 'mismatch'},{'Output': 'match'}
1487,{'Output': 'mismatch'},{'Output': 'mismatch'}
1488,{'Output': 'match'},{'Output': 'match'}
1489,{'Output': 'mismatch'},{'Output': 'mismatch'}
1490,{'Output': 'mismatch'},{'Output': 'mismatch'}
1491,{'Output': 'match'},{'Output': 'match'}
1492,{'Output': 'mismatch'},{'Output': 'mismatch'}
1493,{'Output': 'mismatch'},{'Output': 'mismatch'}
1494,{'Output': 'mismatch'},{'Output': 'mismatch'}
1495,{'Output': 'mismatch'},{'Output': 'mismatch'}
1496,{'Output': 'mismatch'},{'Output': 'mismatch'}
1497,{'Output': 'match'},{'Output': 'match'}
1498,{'Output': 'match'},{'Output': 'match'}
1499,{'Output': 'match'},{'Output': 'match'}
1500,{'Output': 'mismatch'},{'Output': 'mismatch'}
1501,{'Output': 'mismatch'},{'Output': 'mismatch'}
1502,{'Output': 'mismatch'},{'Output': 'mismatch'}
1503,{'Output': 'mismatch'},{'Output': 'mismatch'}
1504,{'Output': 'match'},{'Output': 'match'}
1505,{'Output': 'mismatch'},{'Output': 'mismatch'}
1506,{'Output': 'match'},{'Output': 'match'}
1507,{'Output': 'match'},{'Output': 'match'}
1508,{'Output': 'mismatch'},{'Output': 'mismatch'}
1509,{'Output': 'mismatch'},{'Output': 'mismatch'}
1510,{'Output': 'mismatch'},{'Output': 'mismatch'}
1511,{'Output': 'mismatch'},{'Output': 'mismatch'}
1512,{'Output': 'mismatch'},{'Output': 'mismatch'}
1513,{'Output': 'mismatch'},{'Output': 'mismatch'}
1514,{'Output': 'mismatch'},{'Output': 'mismatch'}
1515,{'Output': 'match'},{'Output': 'match'}
1516,{'Output': 'mismatch'},{'Output': 'match'}
1517,{'Output': 'mismatch'},{'Output': 'mismatch'}
1518,{'Output': 'match'},{'Output': 'match'}
1519,{'Output': 'match'},{'Output': 'match'}
1520,{'Output': 'mismatch'},{'Output': 'mismatch'}
1521,{'Output': 'mismatch'},{'Output': 'mismatch'}
1522,{'Output': 'mismatch'},{'Output': 'mismatch'}
1523,{'Output': 'mismatch'},{'Output': 'mismatch'}
1524,{'Output': 'mismatch'},{'Output': 'mismatch'}
1525,{'Output': 'mismatch'},{'Output': 'match'}
1526,{'Output': 'mismatch'},{'Output': 'mismatch'}
1527,{'Output': 'mismatch'},{'Output': 'mismatch'}
1528,{'Output': 'mismatch'},{'Output': 'mismatch'}
1529,{'Output': 'mismatch'},{'Output': 'mismatch'}
1530,{'Output': 'mismatch'},{'Output': 'mismatch'}
1531,{'Output': 'mismatch'},{'Output': 'mismatch'}
1532,{'Output': 'mismatch'},{'Output': 'mismatch'}
1533,{'Output': 'mismatch'},{'Output': 'mismatch'}
1534,{'Output': 'match'},{'Output': 'match'}
1535,{'Output': 'match'},{'Output': 'match'}
1536,{'Output': 'match'},{'Output': 'mismatch'}
1537,{'Output': 'mismatch'},{'Output': 'mismatch'}
1538,{'Output': 'match'},{'Output': 'match'}
1539,{'Output': 'mismatch'},{'Output': 'mismatch'}
1540,{'Output': 'mismatch'},{'Output': 'mismatch'}
1541,{'Output': 'mismatch'},{'Output': 'mismatch'}
1542,{'Output': 'mismatch'},{'Output': 'match'}
1543,{'Output': 'match'},{'Output': 'match'}
1544,{'Output': 'match'},{'Output': 'match'}
1545,{'Output': 'mismatch'},{'Output': 'mismatch'}
1546,{'Output': 'match'},{'Output': 'match'}
1547,{'Output': 'match'},{'Output': 'match'}
1548,{'Output': 'match'},{'Output': 'match'}
1549,{'Output': 'mismatch'},{'Output': 'mismatch'}
1550,{'Output': 'match'},{'Output': 'match'}
1551,{'Output': 'match'},{'Output': 'match'}
1552,{'Output': 'mismatch'},{'Output': 'mismatch'}
1553,{'Output': 'match'},{'Output': 'match'}
1554,{'Output': 'match'},{'Output': 'match'}
1555,{'Output': 'mismatch'},{'Output': 'mismatch'}
1556,{'Output': 'mismatch'},{'Output': 'mismatch'}
1557,{'Output': 'mismatch'},{'Output': 'mismatch'}
1558,{'Output': 'mismatch'},{'Output': 'mismatch'}
1559,{'Output': 'mismatch'},{'Output': 'mismatch'}
1560,{'Output': 'mismatch'},{'Output': 'mismatch'}
1561,{'Output': 'match'},{'Output': 'match'}
1562,{'Output': 'mismatch'},{'Output': 'mismatch'}
1563,{'Output': 'match'},{'Output': 'match'}
1564,{'Output': 'mismatch'},{'Output': 'mismatch'}
1565,{'Output': 'mismatch'},{'Output': 'mismatch'}
1566,{'Output': 'mismatch'},{'Output': 'mismatch'}
1567,{'Output': 'mismatch'},{'Output': 'mismatch'}
1568,{'Output': 'match'},{'Output': 'match'}
1569,{'Output': 'mismatch'},{'Output': 'mismatch'}
1570,{'Output': 'mismatch'},{'Output': 'mismatch'}
1571,{'Output': 'mismatch'},{'Output': 'mismatch'}
1572,{'Output': 'mismatch'},{'Output': 'mismatch'}
1573,{'Output': 'mismatch'},{'Output': 'mismatch'}
1574,{'Output': 'mismatch'},{'Output': 'mismatch'}
1575,{'Output': 'match'},{'Output': 'match'}
1576,{'Output': 'mismatch'},{'Output': 'mismatch'}
1577,{'Output': 'match'},{'Output': 'match'}
1578,{'Output': 'mismatch'},{'Output': 'mismatch'}
1579,{'Output': 'match'},{'Output': 'match'}
1580,{'Output': 'match'},{'Output': 'match'}
1581,{'Output': 'mismatch'},{'Output': 'mismatch'}
1582,{'Output': 'match'},{'Output': 'match'}
1583,{'Output': 'mismatch'},{'Output': 'mismatch'}
1584,{'Output': 'mismatch'},{'Output': 'mismatch'}
1585,{'Output': 'mismatch'},{'Output': 'mismatch'}
1586,{'Output': 'match'},{'Output': 'match'}
1587,{'Output': 'mismatch'},{'Output': 'mismatch'}
1588,{'Output': 'match'},{'Output': 'match'}
1589,{'Output': 'mismatch'},{'Output': 'mismatch'}
1590,{'Output': 'match'},{'Output': 'match'}
1591,{'Output': 'match'},{'Output': 'mismatch'}
1592,{'Output': 'mismatch'},{'Output': 'mismatch'}
1593,{'Output': 'mismatch'},{'Output': 'mismatch'}
1594,{'Output': 'match'},{'Output': 'match'}
1595,{'Output': 'match'},{'Output': 'match'}
1596,{'Output': 'mismatch'},{'Output': 'mismatch'}
1597,{'Output': 'match'},{'Output': 'match'}
1598,{'Output': 'mismatch'},{'Output': 'match'}
1599,{'Output': 'mismatch'},{'Output': 'mismatch'}
1600,{'Output': 'mismatch'},{'Output': 'mismatch'}
1601,{'Output': 'mismatch'},{'Output': 'mismatch'}
1602,{'Output': 'mismatch'},{'Output': 'mismatch'}
1603,{'Output': 'mismatch'},{'Output': 'mismatch'}
1604,{'Output': 'match'},{'Output': 'match'}
1605,{'Output': 'mismatch'},{'Output': 'mismatch'}
1606,{'Output': 'mismatch'},{'Output': 'mismatch'}
1607,{'Output': 'mismatch'},{'Output': 'mismatch'}
1608,{'Output': 'match'},{'Output': 'match'}
1609,{'Output': 'mismatch'},{'Output': 'mismatch'}
1610,{'Output': 'match'},{'Output': 'match'}
1611,{'Output': 'mismatch'},{'Output': 'mismatch'}
1612,{'Output': 'match'},{'Output': 'match'}
1613,{'Output': 'mismatch'},{'Output': 'mismatch'}
1614,{'Output': 'match'},{'Output': 'match'}
1615,{'Output': 'mismatch'},{'Output': 'mismatch'}
1616,{'Output': 'mismatch'},{'Output': 'mismatch'}
1617,{'Output': 'mismatch'},{'Output': 'mismatch'}
1618,{'Output': 'mismatch'},{'Output': 'mismatch'}
1619,{'Output': 'match'},{'Output': 'match'}
1620,{'Output': 'mismatch'},{'Output': 'mismatch'}
1621,{'Output': 'mismatch'},{'Output': 'mismatch'}
1622,{'Output': 'mismatch'},{'Output': 'mismatch'}
1623,{'Output': 'match'},{'Output': 'match'}
1624,{'Output': 'match'},{'Output': 'match'}
1625,{'Output': 'mismatch'},{'Output': 'mismatch'}
1626,{'Output': 'match'},{'Output': 'match'}
1627,{'Output': 'match'},{'Output': 'match'}
1628,{'Output': 'match'},{'Output': 'match'}
1629,{'Output': 'mismatch'},{'Output': 'mismatch'}
1630,{'Output': 'match'},{'Output': 'match'}
1631,{'Output': 'mismatch'},{'Output': 'mismatch'}
1632,{'Output': 'mismatch'},{'Output': 'mismatch'}
1633,{'Output': 'match'},{'Output': 'match'}
1634,{'Output': 'mismatch'},{'Output': 'mismatch'}
1635,{'Output': 'mismatch'},{'Output': 'mismatch'}
1636,{'Output': 'mismatch'},{'Output': 'match'}
1637,{'Output': 'mismatch'},{'Output': 'mismatch'}
1638,{'Output': 'mismatch'},{'Output': 'match'}
1639,{'Output': 'mismatch'},{'Output': 'mismatch'}
1640,{'Output': 'mismatch'},{'Output': 'mismatch'}
1641,{'Output': 'mismatch'},{'Output': 'mismatch'}
1642,{'Output': 'mismatch'},{'Output': 'mismatch'}
1643,{'Output': 'mismatch'},{'Output': 'mismatch'}
1644,{'Output': 'mismatch'},{'Output': 'mismatch'}
1645,{'Output': 'match'},{'Output': 'match'}
1646,{'Output': 'mismatch'},{'Output': 'mismatch'}
1647,{'Output': 'mismatch'},{'Output': 'mismatch'}
1648,{'Output': 'mismatch'},{'Output': 'mismatch'}
1649,{'Output': 'mismatch'},{'Output': 'mismatch'}
1650,{'Output': 'mismatch'},{'Output': 'mismatch'}
1651,{'Output': 'mismatch'},{'Output': 'mismatch'}
1652,{'Output': 'mismatch'},{'Output': 'mismatch'}
1653,{'Output': 'match'},{'Output': 'match'}
1654,{'Output': 'mismatch'},{'Output': 'mismatch'}
1655,{'Output': 'mismatch'},{'Output': 'mismatch'}
1656,{'Output': 'mismatch'},{'Output': 'mismatch'}
1657,{'Output': 'mismatch'},{'Output': 'mismatch'}
1658,{'Output': 'match'},{'Output': 'match'}
1659,{'Output': 'mismatch'},{'Output': 'mismatch'}
1660,{'Output': 'match'},{'Output': 'match'}
1661,{'Output': 'mismatch'},{'Output': 'mismatch'}
1662,{'Output': 'mismatch'},{'Output': 'mismatch'}
1663,{'Output': 'mismatch'},{'Output': 'mismatch'}
1664,{'Output': 'mismatch'},{'Output': 'mismatch'}
1665,{'Output': 'mismatch'},{'Output': 'match'}
1666,{'Output': 'mismatch'},{'Output': 'mismatch'}
1667,{'Output': 'mismatch'},{'Output': 'mismatch'}
1668,{'Output': 'mismatch'},{'Output': 'mismatch'}
1669,{'Output': 'mismatch'},{'Output': 'mismatch'}
1670,{'Output': 'mismatch'},{'Output': 'mismatch'}
1671,{'Output': 'mismatch'},{'Output': 'mismatch'}
1672,{'Output': 'mismatch'},{'Output': 'mismatch'}
1673,{'Output': 'mismatch'},{'Output': 'mismatch'}
1674,{'Output': 'mismatch'},{'Output': 'mismatch'}
1675,{'Output': 'mismatch'},{'Output': 'mismatch'}
1676,{'Output': 'mismatch'},{'Output': 'mismatch'}
1677,{'Output': 'match'},{'Output': 'match'}
1678,{'Output': 'match'},{'Output': 'match'}
1679,{'Output': 'mismatch'},{'Output': 'mismatch'}
1680,{'Output': 'mismatch'},{'Output': 'mismatch'}
1681,{'Output': 'match'},{'Output': 'match'}
1682,{'Output': 'match'},{'Output': 'match'}
1683,{'Output': 'match'},{'Output': 'match'}
1684,{'Output': 'match'},{'Output': 'match'}
1685,{'Output': 'mismatch'},{'Output': 'mismatch'}
1686,{'Output': 'mismatch'},{'Output': 'mismatch'}
1687,{'Output': 'match'},{'Output': 'match'}
1688,{'Output': 'mismatch'},{'Output': 'mismatch'}
1689,{'Output': 'mismatch'},{'Output': 'mismatch'}
1690,{'Output': 'match'},{'Output': 'match'}
1691,{'Output': 'match'},{'Output': 'match'}
1692,{'Output': 'mismatch'},{'Output': 'match'}
1693,{'Output': 'mismatch'},{'Output': 'mismatch'}
1694,{'Output': 'mismatch'},{'Output': 'mismatch'}
1695,{'Output': 'match'},{'Output': 'match'}
1696,{'Output': 'match'},{'Output': 'match'}
1697,{'Output': 'mismatch'},{'Output': 'mismatch'}
1698,{'Output': 'mismatch'},{'Output': 'mismatch'}
1699,{'Output': 'mismatch'},{'Output': 'mismatch'}
1700,{'Output': 'mismatch'},{'Output': 'mismatch'}
1701,{'Output': 'mismatch'},{'Output': 'mismatch'}
1702,{'Output': 'mismatch'},{'Output': 'mismatch'}
1703,{'Output': 'mismatch'},{'Output': 'mismatch'}
1704,{'Output': 'mismatch'},{'Output': 'mismatch'}
1705,{'Output': 'mismatch'},{'Output': 'mismatch'}
1706,{'Output': 'match'},{'Output': 'match'}
1707,{'Output': 'mismatch'},{'Output': 'mismatch'}
1708,{'Output': 'mismatch'},{'Output': 'mismatch'}
1709,{'Output': 'mismatch'},{'Output': 'mismatch'}
1710,{'Output': 'match'},{'Output': 'match'}
1711,{'Output': 'mismatch'},{'Output': 'match'}
1712,{'Output': 'match'},{'Output': 'match'}
1713,{'Output': 'match'},{'Output': 'match'}
1714,{'Output': 'mismatch'},{'Output': 'mismatch'}
1715,{'Output': 'mismatch'},{'Output': 'match'}
1716,{'Output': 'mismatch'},{'Output': 'mismatch'}
1717,{'Output': 'mismatch'},{'Output': 'mismatch'}
1718,{'Output': 'mismatch'},{'Output': 'match'}
1719,{'Output': 'mismatch'},{'Output': 'mismatch'}
1720,{'Output': 'mismatch'},{'Output': 'mismatch'}
1721,{'Output': 'mismatch'},{'Output': 'mismatch'}
1722,{'Output': 'mismatch'},{'Output': 'mismatch'}
1723,{'Output': 'mismatch'},{'Output': 'mismatch'}
1724,{'Output': 'match'},{'Output': 'match'}
1725,{'Output': 'mismatch'},{'Output': 'mismatch'}
1726,{'Output': 'match'},{'Output': 'match'}
1727,{'Output': 'match'},{'Output': 'match'}
1728,{'Output': 'mismatch'},{'Output': 'mismatch'}
1729,{'Output': 'mismatch'},{'Output': 'mismatch'}
1730,{'Output': 'mismatch'},{'Output': 'mismatch'}
1731,{'Output': 'mismatch'},{'Output': 'mismatch'}
1732,{'Output': 'mismatch'},{'Output': 'mismatch'}
1733,{'Output': 'match'},{'Output': 'match'}
1734,{'Output': 'mismatch'},{'Output': 'mismatch'}
1735,{'Output': 'mismatch'},{'Output': 'mismatch'}
1736,{'Output': 'mismatch'},{'Output': 'mismatch'}
1737,{'Output': 'match'},{'Output': 'match'}
1738,{'Output': 'match'},{'Output': 'match'}
1739,{'Output': 'match'},{'Output': 'match'}
1740,{'Output': 'mismatch'},{'Output': 'mismatch'}
1741,{'Output': 'mismatch'},{'Output': 'mismatch'}
1742,{'Output': 'mismatch'},{'Output': 'mismatch'}
1743,{'Output': 'mismatch'},{'Output': 'match'}
1744,{'Output': 'mismatch'},{'Output': 'mismatch'}
1745,{'Output': 'mismatch'},{'Output': 'mismatch'}
1746,{'Output': 'mismatch'},{'Output': 'mismatch'}
1747,{'Output': 'match'},{'Output': 'match'}
1748,{'Output': 'match'},{'Output': 'match'}
1749,{'Output': 'mismatch'},{'Output': 'mismatch'}
1750,{'Output': 'mismatch'},{'Output': 'mismatch'}
1751,{'Output': 'match'},{'Output': 'match'}
1752,{'Output': 'mismatch'},{'Output': 'mismatch'}
1753,{'Output': 'match'},{'Output': 'mismatch'}
1754,{'Output': 'mismatch'},{'Output': 'mismatch'}
1755,{'Output': 'match'},{'Output': 'match'}
1756,{'Output': 'mismatch'},{'Output': 'mismatch'}
1757,{'Output': 'match'},{'Output': 'match'}
1758,{'Output': 'mismatch'},{'Output': 'mismatch'}
1759,{'Output': 'mismatch'},{'Output': 'mismatch'}
1760,{'Output': 'mismatch'},{'Output': 'mismatch'}
1761,{'Output': 'mismatch'},{'Output': 'mismatch'}
1762,{'Output': 'mismatch'},{'Output': 'mismatch'}
1763,{'Output': 'match'},{'Output': 'match'}
1764,{'Output': 'mismatch'},{'Output': 'mismatch'}
1765,{'Output': 'mismatch'},{'Output': 'mismatch'}
1766,{'Output': 'mismatch'},{'Output': 'mismatch'}
1767,{'Output': 'mismatch'},{'Output': 'match'}
1768,{'Output': 'match'},{'Output': 'match'}
1769,{'Output': 'mismatch'},{'Output': 'mismatch'}
1770,{'Output': 'match'},{'Output': 'match'}
1771,{'Output': 'match'},{'Output': 'match'}
1772,{'Output': 'mismatch'},{'Output': 'mismatch'}
1773,{'Output': 'mismatch'},{'Output': 'mismatch'}
1774,{'Output': 'mismatch'},{'Output': 'mismatch'}
1775,{'Output': 'mismatch'},{'Output': 'mismatch'}
1776,{'Output': 'mismatch'},{'Output': 'mismatch'}
1777,{'Output': 'match'},{'Output': 'match'}
1778,{'Output': 'mismatch'},{'Output': 'mismatch'}
1779,{'Output': 'match'},{'Output': 'match'}
1780,{'Output': 'mismatch'},{'Output': 'mismatch'}
1781,{'Output': 'mismatch'},{'Output': 'mismatch'}
1782,{'Output': 'match'},{'Output': 'match'}
1783,{'Output': 'mismatch'},{'Output': 'match'}
1784,{'Output': 'mismatch'},{'Output': 'mismatch'}
1785,{'Output': 'mismatch'},{'Output': 'mismatch'}
1786,{'Output': 'match'},{'Output': 'match'}
1787,{'Output': 'mismatch'},{'Output': 'match'}
1788,{'Output': 'mismatch'},{'Output': 'mismatch'}
1789,{'Output': 'mismatch'},{'Output': 'mismatch'}
1790,{'Output': 'mismatch'},{'Output': 'mismatch'}
1791,{'Output': 'mismatch'},{'Output': 'mismatch'}
1792,{'Output': 'mismatch'},{'Output': 'match'}
1793,{'Output': 'match'},{'Output': 'match'}
1794,{'Output': 'mismatch'},{'Output': 'mismatch'}
1795,{'Output': 'match'},{'Output': 'match'}
1796,{'Output': 'match'},{'Output': 'match'}
1797,{'Output': 'mismatch'},{'Output': 'mismatch'}
1798,{'Output': 'mismatch'},{'Output': 'mismatch'}
1799,{'Output': 'mismatch'},{'Output': 'mismatch'}
1800,{'Output': 'match'},{'Output': 'match'}
1801,{'Output': 'mismatch'},{'Output': 'mismatch'}
1802,{'Output': 'mismatch'},{'Output': 'mismatch'}
1803,{'Output': 'mismatch'},{'Output': 'mismatch'}
1804,{'Output': 'match'},{'Output': 'match'}
1805,{'Output': 'match'},{'Output': 'match'}
1806,{'Output': 'match'},{'Output': 'match'}
1807,{'Output': 'match'},{'Output': 'match'}
1808,{'Output': 'mismatch'},{'Output': 'mismatch'}
1809,{'Output': 'mismatch'},{'Output': 'mismatch'}
1810,{'Output': 'mismatch'},{'Output': 'mismatch'}
1811,{'Output': 'match'},{'Output': 'match'}
1812,{'Output': 'match'},{'Output': 'match'}
1813,{'Output': 'mismatch'},{'Output': 'mismatch'}
1814,{'Output': 'mismatch'},{'Output': 'mismatch'}
1815,{'Output': 'mismatch'},{'Output': 'mismatch'}
1816,{'Output': 'mismatch'},{'Output': 'mismatch'}
1817,{'Output': 'mismatch'},{'Output': 'mismatch'}
1818,{'Output': 'mismatch'},{'Output': 'mismatch'}
1819,{'Output': 'match'},{'Output': 'match'}
1820,{'Output': 'mismatch'},{'Output': 'match'}
1821,{'Output': 'mismatch'},{'Output': 'mismatch'}
1822,{'Output': 'mismatch'},{'Output': 'mismatch'}
1823,{'Output': 'mismatch'},{'Output': 'mismatch'}
1824,{'Output': 'mismatch'},{'Output': 'mismatch'}
1825,{'Output': 'mismatch'},{'Output': 'mismatch'}
1826,{'Output': 'mismatch'},{'Output': 'mismatch'}
1827,{'Output': 'mismatch'},{'Output': 'mismatch'}
1828,{'Output': 'mismatch'},{'Output': 'mismatch'}
1829,{'Output': 'mismatch'},{'Output': 'mismatch'}
1830,{'Output': 'match'},{'Output': 'match'}
1831,{'Output': 'mismatch'},{'Output': 'mismatch'}
1832,{'Output': 'mismatch'},{'Output': 'mismatch'}
1833,{'Output': 'mismatch'},{'Output': 'mismatch'}
1834,{'Output': 'mismatch'},{'Output': 'mismatch'}
1835,{'Output': 'mismatch'},{'Output': 'mismatch'}
1836,{'Output': 'mismatch'},{'Output': 'mismatch'}
1837,{'Output': 'match'},{'Output': 'match'}
1838,{'Output': 'mismatch'},{'Output': 'mismatch'}
1839,{'Output': 'match'},{'Output': 'match'}
1840,{'Output': 'mismatch'},{'Output': 'mismatch'}
1841,{'Output': 'mismatch'},{'Output': 'mismatch'}
1842,{'Output': 'mismatch'},{'Output': 'mismatch'}
1843,{'Output': 'mismatch'},{'Output': 'mismatch'}
1844,{'Output': 'mismatch'},{'Output': 'mismatch'}
1845,{'Output': 'mismatch'},{'Output': 'mismatch'}
1846,{'Output': 'mismatch'},{'Output': 'match'}
1847,{'Output': 'mismatch'},{'Output': 'mismatch'}
1848,{'Output': 'mismatch'},{'Output': 'mismatch'}
1849,{'Output': 'match'},{'Output': 'match'}
1850,{'Output': 'match'},{'Output': 'mismatch'}
1851,{'Output': 'mismatch'},{'Output': 'mismatch'}
1852,{'Output': 'mismatch'},{'Output': 'mismatch'}
1853,{'Output': 'mismatch'},{'Output': 'mismatch'}
1854,{'Output': 'mismatch'},{'Output': 'mismatch'}
1855,{'Output': 'mismatch'},{'Output': 'mismatch'}
1856,{'Output': 'mismatch'},{'Output': 'mismatch'}
1857,{'Output': 'mismatch'},{'Output': 'mismatch'}
1858,{'Output': 'match'},{'Output': 'match'}
1859,{'Output': 'mismatch'},{'Output': 'mismatch'}
1860,{'Output': 'match'},{'Output': 'match'}
1861,{'Output': 'mismatch'},{'Output': 'mismatch'}
1862,{'Output': 'mismatch'},{'Output': 'mismatch'}
1863,{'Output': 'mismatch'},{'Output': 'mismatch'}
1864,{'Output': 'match'},{'Output': 'match'}
1865,{'Output': 'match'},{'Output': 'match'}
1866,{'Output': 'mismatch'},{'Output': 'mismatch'}
1867,{'Output': 'mismatch'},{'Output': 'mismatch'}
1868,{'Output': 'mismatch'},{'Output': 'mismatch'}
1869,{'Output': 'match'},{'Output': 'match'}
1870,{'Output': 'mismatch'},{'Output': 'mismatch'}
1871,{'Output': 'mismatch'},{'Output': 'mismatch'}
1872,{'Output': 'mismatch'},{'Output': 'mismatch'}
1873,{'Output': 'mismatch'},{'Output': 'mismatch'}
1874,{'Output': 'mismatch'},{'Output': 'mismatch'}
1875,{'Output': 'mismatch'},{'Output': 'mismatch'}
1876,{'Output': 'mismatch'},{'Output': 'mismatch'}
1877,{'Output': 'mismatch'},{'Output': 'mismatch'}
1878,{'Output': 'match'},{'Output': 'match'}
1879,{'Output': 'mismatch'},{'Output': 'mismatch'}
1880,{'Output': 'match'},{'Output': 'match'}
1881,{'Output': 'mismatch'},{'Output': 'mismatch'}
1882,{'Output': 'mismatch'},{'Output': 'mismatch'}
1883,{'Output': 'mismatch'},{'Output': 'mismatch'}
1884,{'Output': 'mismatch'},{'Output': 'mismatch'}
1885,{'Output': 'match'},{'Output': 'match'}
1886,{'Output': 'mismatch'},{'Output': 'mismatch'}
1887,{'Output': 'match'},{'Output': 'match'}
1888,{'Output': 'mismatch'},{'Output': 'match'}
1889,{'Output': 'mismatch'},{'Output': 'mismatch'}
1890,{'Output': 'match'},{'Output': 'match'}
1891,{'Output': 'mismatch'},{'Output': 'mismatch'}
1892,{'Output': 'match'},{'Output': 'match'}
1893,{'Output': 'match'},{'Output': 'match'}
1894,{'Output': 'match'},{'Output': 'match'}
1895,{'Output': 'mismatch'},{'Output': 'match'}
1896,{'Output': 'mismatch'},{'Output': 'match'}
1897,{'Output': 'mismatch'},{'Output': 'mismatch'}
1898,{'Output': 'mismatch'},{'Output': 'mismatch'}
1899,{'Output': 'mismatch'},{'Output': 'mismatch'}
1900,{'Output': 'match'},{'Output': 'match'}
1901,{'Output': 'mismatch'},{'Output': 'mismatch'}
1902,{'Output': 'mismatch'},{'Output': 'mismatch'}
1903,{'Output': 'match'},{'Output': 'match'}
1904,{'Output': 'match'},{'Output': 'match'}
1905,{'Output': 'mismatch'},{'Output': 'mismatch'}
1906,{'Output': 'mismatch'},{'Output': 'mismatch'}
1907,{'Output': 'mismatch'},{'Output': 'mismatch'}
1908,{'Output': 'mismatch'},{'Output': 'mismatch'}
1909,{'Output': 'mismatch'},{'Output': 'mismatch'}
1910,{'Output': 'match'},{'Output': 'match'}
1911,{'Output': 'mismatch'},{'Output': 'mismatch'}
1912,{'Output': 'mismatch'},{'Output': 'mismatch'}
1913,{'Output': 'match'},{'Output': 'mismatch'}
1914,{'Output': 'match'},{'Output': 'match'}
1915,{'Output': 'match'},{'Output': 'match'}
1916,{'Output': 'match'},{'Output': 'match'}
1917,{'Output': 'mismatch'},{'Output': 'mismatch'}
1918,{'Output': 'mismatch'},{'Output': 'mismatch'}
1919,{'Output': 'mismatch'},{'Output': 'mismatch'}
1920,{'Output': 'mismatch'},{'Output': 'mismatch'}
1921,{'Output': 'mismatch'},{'Output': 'mismatch'}
1922,{'Output': 'mismatch'},{'Output': 'mismatch'}
1923,{'Output': 'mismatch'},{'Output': 'mismatch'}
1924,{'Output': 'match'},{'Output': 'match'}
1925,{'Output': 'mismatch'},{'Output': 'mismatch'}
1926,{'Output': 'match'},{'Output': 'match'}
1927,{'Output': 'mismatch'},{'Output': 'mismatch'}
1928,{'Output': 'match'},{'Output': 'match'}
1929,{'Output': 'mismatch'},{'Output': 'mismatch'}
1930,{'Output': 'match'},{'Output': 'match'}
1931,{'Output': 'match'},{'Output': 'mismatch'}
1932,{'Output': 'mismatch'},{'Output': 'mismatch'}
1933,{'Output': 'mismatch'},{'Output': 'mismatch'}
1934,{'Output': 'mismatch'},{'Output': 'mismatch'}
1935,{'Output': 'mismatch'},{'Output': 'mismatch'}
1936,{'Output': 'mismatch'},{'Output': 'mismatch'}
1937,{'Output': 'mismatch'},{'Output': 'mismatch'}
1938,{'Output': 'mismatch'},{'Output': 'mismatch'}
1939,{'Output': 'match'},{'Output': 'match'}
1940,{'Output': 'mismatch'},{'Output': 'mismatch'}
1941,{'Output': 'match'},{'Output': 'match'}
1942,{'Output': 'mismatch'},{'Output': 'mismatch'}
1943,{'Output': 'mismatch'},{'Output': 'mismatch'}
1944,{'Output': 'mismatch'},{'Output': 'match'}
1945,{'Output': 'mismatch'},{'Output': 'mismatch'}
1946,{'Output': 'match'},{'Output': 'match'}
1947,{'Output': 'mismatch'},{'Output': 'mismatch'}
1948,{'Output': 'match'},{'Output': 'match'}
1949,{'Output': 'mismatch'},{'Output': 'mismatch'}
1950,{'Output': 'mismatch'},{'Output': 'mismatch'}
1951,{'Output': 'mismatch'},{'Output': 'mismatch'}
1952,{'Output': 'mismatch'},{'Output': 'mismatch'}
1953,{'Output': 'mismatch'},{'Output': 'mismatch'}
1954,{'Output': 'mismatch'},{'Output': 'mismatch'}
1955,{'Output': 'match'},{'Output': 'match'}
1956,{'Output': 'mismatch'},{'Output': 'mismatch'}
1957,{'Output': 'mismatch'},{'Output': 'mismatch'}
1958,{'Output': 'match'},{'Output': 'match'}
1959,{'Output': 'mismatch'},{'Output': 'mismatch'}
1960,{'Output': 'mismatch'},{'Output': 'mismatch'}
1961,{'Output': 'match'},{'Output': 'match'}
1962,{'Output': 'mismatch'},{'Output': 'mismatch'}
1963,{'Output': 'mismatch'},{'Output': 'mismatch'}
1964,{'Output': 'mismatch'},{'Output': 'mismatch'}
1965,{'Output': 'mismatch'},{'Output': 'mismatch'}
1966,{'Output': 'mismatch'},{'Output': 'mismatch'}
1967,{'Output': 'match'},{'Output': 'match'}
1968,{'Output': 'mismatch'},{'Output': 'mismatch'}
1969,{'Output': 'mismatch'},{'Output': 'mismatch'}
1970,{'Output': 'mismatch'},{'Output': 'mismatch'}
1971,{'Output': 'mismatch'},{'Output': 'match'}
1972,{'Output': 'mismatch'},{'Output': 'mismatch'}
1973,{'Output': 'mismatch'},{'Output': 'mismatch'}
1974,{'Output': 'mismatch'},{'Output': 'mismatch'}
1975,{'Output': 'mismatch'},{'Output': 'mismatch'}
1976,{'Output': 'mismatch'},{'Output': 'mismatch'}
1977,{'Output': 'mismatch'},{'Output': 'mismatch'}
1978,{'Output': 'mismatch'},{'Output': 'mismatch'}
1979,{'Output': 'mismatch'},{'Output': 'mismatch'}
1980,{'Output': 'mismatch'},{'Output': 'mismatch'}
1981,{'Output': 'mismatch'},{'Output': 'mismatch'}
1982,{'Output': 'mismatch'},{'Output': 'mismatch'}
1983,{'Output': 'mismatch'},{'Output': 'mismatch'}
1984,{'Output': 'mismatch'},{'Output': 'mismatch'}
1985,{'Output': 'mismatch'},{'Output': 'mismatch'}
1986,{'Output': 'match'},{'Output': 'match'}
1987,{'Output': 'match'},{'Output': 'match'}
1988,{'Output': 'mismatch'},{'Output': 'mismatch'}
1989,{'Output': 'mismatch'},{'Output': 'mismatch'}
1990,{'Output': 'match'},{'Output': 'match'}
1991,{'Output': 'mismatch'},{'Output': 'mismatch'}
1992,{'Output': 'mismatch'},{'Output': 'mismatch'}
1993,{'Output': 'mismatch'},{'Output': 'mismatch'}
1994,{'Output': 'match'},{'Output': 'match'}
1995,{'Output': 'mismatch'},{'Output': 'mismatch'}
1996,{'Output': 'match'},{'Output': 'match'}
1997,{'Output': 'match'},{'Output': 'match'}
1998,{'Output': 'mismatch'},{'Output': 'mismatch'}
1999,{'Output': 'match'},{'Output': 'match'}
2000,{'Output': 'mismatch'},{'Output': 'match'}
2001,{'Output': 'match'},{'Output': 'match'}
2002,{'Output': 'mismatch'},{'Output': 'mismatch'}
2003,{'Output': 'mismatch'},{'Output': 'mismatch'}
2004,{'Output': 'mismatch'},{'Output': 'mismatch'}
2005,{'Output': 'mismatch'},{'Output': 'mismatch'}
2006,{'Output': 'mismatch'},{'Output': 'mismatch'}
2007,{'Output': 'mismatch'},{'Output': 'mismatch'}
2008,{'Output': 'mismatch'},{'Output': 'mismatch'}
2009,{'Output': 'mismatch'},{'Output': 'mismatch'}
2010,{'Output': 'match'},{'Output': 'match'}
2011,{'Output': 'mismatch'},{'Output': 'mismatch'}
2012,{'Output': 'mismatch'},{'Output': 'mismatch'}
2013,{'Output': 'mismatch'},{'Output': 'mismatch'}
2014,{'Output': 'mismatch'},{'Output': 'mismatch'}
2015,{'Output': 'match'},{'Output': 'match'}
2016,{'Output': 'match'},{'Output': 'match'}
2017,{'Output': 'mismatch'},{'Output': 'mismatch'}
2018,{'Output': 'match'},{'Output': 'match'}
2019,{'Output': 'mismatch'},{'Output': 'mismatch'}
2020,{'Output': 'mismatch'},{'Output': 'mismatch'}
2021,{'Output': 'mismatch'},{'Output': 'mismatch'}
2022,{'Output': 'mismatch'},{'Output': 'mismatch'}
2023,{'Output': 'mismatch'},{'Output': 'mismatch'}
2024,{'Output': 'mismatch'},{'Output': 'mismatch'}
2025,{'Output': 'mismatch'},{'Output': 'mismatch'}
2026,{'Output': 'mismatch'},{'Output': 'mismatch'}
2027,{'Output': 'match'},{'Output': 'match'}
2028,{'Output': 'match'},{'Output': 'match'}
2029,{'Output': 'match'},{'Output': 'match'}
2030,{'Output': 'mismatch'},{'Output': 'mismatch'}
2031,{'Output': 'mismatch'},{'Output': 'match'}
2032,{'Output': 'mismatch'},{'Output': 'mismatch'}
2033,{'Output': 'match'},{'Output': 'match'}
2034,{'Output': 'mismatch'},{'Output': 'mismatch'}
2035,{'Output': 'mismatch'},{'Output': 'mismatch'}
2036,{'Output': 'mismatch'},{'Output': 'mismatch'}
2037,{'Output': 'mismatch'},{'Output': 'match'}
2038,{'Output': 'match'},{'Output': 'match'}
2039,{'Output': 'mismatch'},{'Output': 'mismatch'}
2040,{'Output': 'mismatch'},{'Output': 'mismatch'}
2041,{'Output': 'mismatch'},{'Output': 'mismatch'}
2042,{'Output': 'mismatch'},{'Output': 'mismatch'}
2043,{'Output': 'match'},{'Output': 'match'}
2044,{'Output': 'match'},{'Output': 'match'}
2045,{'Output': 'mismatch'},{'Output': 'mismatch'}
2046,{'Output': 'match'},{'Output': 'match'}
2047,{'Output': 'match'},{'Output': 'match'}
2048,{'Output': 'mismatch'},{'Output': 'mismatch'}
2049,{'Output': 'mismatch'},{'Output': 'mismatch'}
2050,{'Output': 'mismatch'},{'Output': 'mismatch'}
2051,{'Output': 'match'},{'Output': 'match'}
2052,{'Output': 'mismatch'},{'Output': 'mismatch'}
2053,{'Output': 'mismatch'},{'Output': 'mismatch'}
2054,{'Output': 'mismatch'},{'Output': 'mismatch'}
2055,{'Output': 'mismatch'},{'Output': 'mismatch'}
2056,{'Output': 'mismatch'},{'Output': 'mismatch'}
2057,{'Output': 'match'},{'Output': 'match'}
2058,{'Output': 'mismatch'},{'Output': 'mismatch'}
2059,{'Output': 'mismatch'},{'Output': 'mismatch'}
2060,{'Output': 'mismatch'},{'Output': 'mismatch'}
2061,{'Output': 'mismatch'},{'Output': 'mismatch'}
2062,{'Output': 'match'},{'Output': 'mismatch'}
2063,{'Output': 'match'},{'Output': 'match'}
2064,{'Output': 'match'},{'Output': 'match'}
2065,{'Output': 'mismatch'},{'Output': 'mismatch'}
2066,{'Output': 'mismatch'},{'Output': 'mismatch'}
2067,{'Output': 'mismatch'},{'Output': 'mismatch'}
2068,{'Output': 'mismatch'},{'Output': 'mismatch'}
2069,{'Output': 'match'},{'Output': 'match'}
2070,{'Output': 'mismatch'},{'Output': 'mismatch'}
2071,{'Output': 'mismatch'},{'Output': 'match'}
2072,{'Output': 'match'},{'Output': 'match'}
2073,{'Output': 'match'},{'Output': 'match'}
2074,{'Output': 'mismatch'},{'Output': 'mismatch'}
2075,{'Output': 'match'},{'Output': 'match'}
2076,{'Output': 'mismatch'},{'Output': 'mismatch'}
2077,{'Output': 'mismatch'},{'Output': 'mismatch'}
2078,{'Output': 'mismatch'},{'Output': 'mismatch'}
2079,{'Output': 'mismatch'},{'Output': 'mismatch'}
2080,{'Output': 'mismatch'},{'Output': 'mismatch'}
2081,{'Output': 'mismatch'},{'Output': 'mismatch'}
2082,{'Output': 'mismatch'},{'Output': 'mismatch'}
2083,{'Output': 'match'},{'Output': 'match'}
2084,{'Output': 'mismatch'},{'Output': 'mismatch'}
2085,{'Output': 'match'},{'Output': 'mismatch'}
2086,{'Output': 'mismatch'},{'Output': 'mismatch'}
2087,{'Output': 'match'},{'Output': 'match'}
2088,{'Output': 'mismatch'},{'Output': 'mismatch'}
2089,{'Output': 'mismatch'},{'Output': 'mismatch'}
2090,{'Output': 'match'},{'Output': 'match'}
2091,{'Output': 'mismatch'},{'Output': 'mismatch'}
2092,{'Output': 'match'},{'Output': 'match'}
2093,{'Output': 'mismatch'},{'Output': 'match'}
2094,{'Output': 'match'},{'Output': 'match'}
2095,{'Output': 'mismatch'},{'Output': 'mismatch'}
2096,{'Output': 'mismatch'},{'Output': 'mismatch'}
2097,{'Output': 'mismatch'},{'Output': 'mismatch'}
2098,{'Output': 'mismatch'},{'Output': 'mismatch'}
2099,{'Output': 'match'},{'Output': 'match'}
2100,{'Output': 'mismatch'},{'Output': 'mismatch'}
2101,{'Output': 'mismatch'},{'Output': 'mismatch'}
2102,{'Output': 'mismatch'},{'Output': 'mismatch'}
2103,{'Output': 'match'},{'Output': 'match'}
2104,{'Output': 'match'},{'Output': 'match'}
2105,{'Output': 'match'},{'Output': 'match'}
2106,{'Output': 'mismatch'},{'Output': 'mismatch'}
2107,{'Output': 'mismatch'},{'Output': 'mismatch'}
2108,{'Output': 'mismatch'},{'Output': 'mismatch'}
2109,{'Output': 'match'},{'Output': 'match'}
2110,{'Output': 'mismatch'},{'Output': 'mismatch'}
2111,{'Output': 'match'},{'Output': 'match'}
2112,{'Output': 'mismatch'},{'Output': 'mismatch'}
2113,{'Output': 'match'},{'Output': 'match'}
2114,{'Output': 'mismatch'},{'Output': 'mismatch'}
2115,{'Output': 'mismatch'},{'Output': 'mismatch'}
2116,{'Output': 'mismatch'},{'Output': 'mismatch'}
2117,{'Output': 'mismatch'},{'Output': 'mismatch'}
2118,{'Output': 'match'},{'Output': 'match'}
2119,{'Output': 'mismatch'},{'Output': 'mismatch'}
2120,{'Output': 'mismatch'},{'Output': 'mismatch'}
2121,{'Output': 'mismatch'},{'Output': 'mismatch'}
2122,{'Output': 'match'},{'Output': 'match'}
2123,{'Output': 'mismatch'},{'Output': 'mismatch'}
2124,{'Output': 'match'},{'Output': 'match'}
2125,{'Output': 'mismatch'},{'Output': 'mismatch'}
2126,{'Output': 'mismatch'},{'Output': 'mismatch'}
2127,{'Output': 'match'},{'Output': 'match'}
2128,{'Output': 'mismatch'},{'Output': 'match'}
2129,{'Output': 'mismatch'},{'Output': 'mismatch'}
2130,{'Output': 'mismatch'},{'Output': 'mismatch'}
2131,{'Output': 'mismatch'},{'Output': 'mismatch'}
2132,{'Output': 'mismatch'},{'Output': 'mismatch'}
2133,{'Output': 'mismatch'},{'Output': 'mismatch'}
2134,{'Output': 'mismatch'},{'Output': 'mismatch'}
2135,{'Output': 'match'},{'Output': 'match'}
2136,{'Output': 'mismatch'},{'Output': 'mismatch'}
2137,{'Output': 'match'},{'Output': 'match'}
2138,{'Output': 'match'},{'Output': 'match'}
2139,{'Output': 'mismatch'},{'Output': 'match'}
2140,{'Output': 'mismatch'},{'Output': 'mismatch'}
2141,{'Output': 'mismatch'},{'Output': 'mismatch'}
2142,{'Output': 'mismatch'},{'Output': 'mismatch'}
2143,{'Output': 'match'},{'Output': 'match'}
2144,{'Output': 'mismatch'},{'Output': 'mismatch'}
2145,{'Output': 'mismatch'},{'Output': 'mismatch'}
2146,{'Output': 'match'},{'Output': 'match'}
2147,{'Output': 'mismatch'},{'Output': 'mismatch'}
2148,{'Output': 'mismatch'},{'Output': 'mismatch'}
2149,{'Output': 'match'},{'Output': 'match'}
2150,{'Output': 'mismatch'},{'Output': 'match'}
2151,{'Output': 'mismatch'},{'Output': 'mismatch'}
2152,{'Output': 'mismatch'},{'Output': 'mismatch'}
2153,{'Output': 'mismatch'},{'Output': 'mismatch'}
2154,{'Output': 'mismatch'},{'Output': 'mismatch'}
2155,{'Output': 'mismatch'},{'Output': 'mismatch'}
2156,{'Output': 'mismatch'},{'Output': 'mismatch'}
2157,{'Output': 'match'},{'Output': 'match'}
2158,{'Output': 'match'},{'Output': 'match'}
2159,{'Output': 'mismatch'},{'Output': 'mismatch'}
2160,{'Output': 'mismatch'},{'Output': 'mismatch'}
2161,{'Output': 'mismatch'},{'Output': 'mismatch'}
2162,{'Output': 'mismatch'},{'Output': 'mismatch'}
2163,{'Output': 'match'},{'Output': 'match'}
2164,{'Output': 'match'},{'Output': 'match'}
2165,{'Output': 'mismatch'},{'Output': 'mismatch'}
2166,{'Output': 'mismatch'},{'Output': 'mismatch'}
2167,{'Output': 'mismatch'},{'Output': 'mismatch'}
2168,{'Output': 'mismatch'},{'Output': 'mismatch'}
2169,{'Output': 'match'},{'Output': 'match'}
2170,{'Output': 'mismatch'},{'Output': 'match'}
2171,{'Output': 'mismatch'},{'Output': 'mismatch'}
2172,{'Output': 'mismatch'},{'Output': 'mismatch'}
2173,{'Output': 'mismatch'},{'Output': 'mismatch'}
2174,{'Output': 'mismatch'},{'Output': 'mismatch'}
2175,{'Output': 'mismatch'},{'Output': 'mismatch'}
2176,{'Output': 'mismatch'},{'Output': 'mismatch'}
2177,{'Output': 'mismatch'},{'Output': 'mismatch'}
2178,{'Output': 'mismatch'},{'Output': 'mismatch'}
2179,{'Output': 'mismatch'},{'Output': 'mismatch'}
2180,{'Output': 'match'},{'Output': 'match'}
2181,{'Output': 'mismatch'},{'Output': 'mismatch'}
2182,{'Output': 'mismatch'},{'Output': 'mismatch'}
2183,{'Output': 'mismatch'},{'Output': 'mismatch'}
2184,{'Output': 'mismatch'},{'Output': 'mismatch'}
2185,{'Output': 'mismatch'},{'Output': 'mismatch'}
2186,{'Output': 'mismatch'},{'Output': 'mismatch'}
2187,{'Output': 'mismatch'},{'Output': 'mismatch'}
2188,{'Output': 'mismatch'},{'Output': 'match'}
2189,{'Output': 'mismatch'},{'Output': 'mismatch'}
2190,{'Output': 'match'},{'Output': 'match'}
2191,{'Output': 'match'},{'Output': 'match'}
2192,{'Output': 'match'},{'Output': 'match'}
2193,{'Output': 'mismatch'},{'Output': 'mismatch'}
2194,{'Output': 'mismatch'},{'Output': 'mismatch'}
2195,{'Output': 'match'},{'Output': 'match'}
2196,{'Output': 'mismatch'},{'Output': 'mismatch'}
2197,{'Output': 'mismatch'},{'Output': 'mismatch'}
2198,{'Output': 'mismatch'},{'Output': 'mismatch'}
2199,{'Output': 'match'},{'Output': 'match'}
2200,{'Output': 'mismatch'},{'Output': 'mismatch'}
2201,{'Output': 'mismatch'},{'Output': 'mismatch'}
2202,{'Output': 'mismatch'},{'Output': 'mismatch'}
2203,{'Output': 'match'},{'Output': 'match'}
2204,{'Output': 'match'},{'Output': 'match'}
2205,{'Output': 'mismatch'},{'Output': 'mismatch'}
2206,{'Output': 'match'},{'Output': 'match'}
2207,{'Output': 'match'},{'Output': 'match'}
2208,{'Output': 'mismatch'},{'Output': 'mismatch'}
2209,{'Output': 'match'},{'Output': 'match'}
2210,{'Output': 'match'},{'Output': 'match'}
2211,{'Output': 'mismatch'},{'Output': 'mismatch'}
2212,{'Output': 'mismatch'},{'Output': 'mismatch'}
2213,{'Output': 'mismatch'},{'Output': 'mismatch'}
2214,{'Output': 'mismatch'},{'Output': 'mismatch'}
2215,{'Output': 'match'},{'Output': 'match'}
2216,{'Output': 'mismatch'},{'Output': 'mismatch'}
2217,{'Output': 'match'},{'Output': 'match'}
2218,{'Output': 'mismatch'},{'Output': 'mismatch'}
2219,{'Output': 'mismatch'},{'Output': 'mismatch'}
2220,{'Output': 'mismatch'},{'Output': 'mismatch'}
2221,{'Output': 'mismatch'},{'Output': 'mismatch'}
2222,{'Output': 'match'},{'Output': 'match'}
2223,{'Output': 'mismatch'},{'Output': 'mismatch'}
2224,{'Output': 'mismatch'},{'Output': 'mismatch'}
2225,{'Output': 'match'},{'Output': 'match'}
2226,{'Output': 'mismatch'},{'Output': 'mismatch'}
2227,{'Output': 'match'},{'Output': 'match'}
2228,{'Output': 'match'},{'Output': 'match'}
2229,{'Output': 'mismatch'},{'Output': 'mismatch'}
2230,{'Output': 'match'},{'Output': 'match'}
2231,{'Output': 'mismatch'},{'Output': 'mismatch'}
2232,{'Output': 'mismatch'},{'Output': 'mismatch'}
2233,{'Output': 'mismatch'},{'Output': 'mismatch'}
2234,{'Output': 'mismatch'},{'Output': 'mismatch'}
2235,{'Output': 'mismatch'},{'Output': 'mismatch'}
2236,{'Output': 'match'},{'Output': 'match'}
2237,{'Output': 'mismatch'},{'Output': 'mismatch'}
2238,{'Output': 'mismatch'},{'Output': 'mismatch'}
2239,{'Output': 'mismatch'},{'Output': 'mismatch'}
2240,{'Output': 'match'},{'Output': 'match'}
2241,{'Output': 'mismatch'},{'Output': 'mismatch'}
2242,{'Output': 'mismatch'},{'Output': 'mismatch'}
2243,{'Output': 'mismatch'},{'Output': 'mismatch'}
2244,{'Output': 'match'},{'Output': 'match'}
2245,{'Output': 'match'},{'Output': 'match'}
2246,{'Output': 'mismatch'},{'Output': 'mismatch'}
2247,{'Output': 'mismatch'},{'Output': 'mismatch'}
2248,{'Output': 'match'},{'Output': 'match'}
2249,{'Output': 'match'},{'Output': 'match'}
2250,{'Output': 'mismatch'},{'Output': 'mismatch'}
2251,{'Output': 'mismatch'},{'Output': 'mismatch'}
2252,{'Output': 'match'},{'Output': 'match'}
2253,{'Output': 'match'},{'Output': 'match'}
2254,{'Output': 'mismatch'},{'Output': 'mismatch'}
2255,{'Output': 'mismatch'},{'Output': 'mismatch'}
2256,{'Output': 'mismatch'},{'Output': 'mismatch'}
2257,{'Output': 'mismatch'},{'Output': 'mismatch'}
2258,{'Output': 'mismatch'},{'Output': 'mismatch'}
2259,{'Output': 'mismatch'},{'Output': 'mismatch'}
2260,{'Output': 'mismatch'},{'Output': 'mismatch'}
2261,{'Output': 'mismatch'},{'Output': 'mismatch'}
2262,{'Output': 'match'},{'Output': 'match'}
2263,{'Output': 'mismatch'},{'Output': 'mismatch'}
2264,{'Output': 'mismatch'},{'Output': 'mismatch'}
2265,{'Output': 'match'},{'Output': 'match'}
2266,{'Output': 'mismatch'},{'Output': 'mismatch'}
2267,{'Output': 'mismatch'},{'Output': 'mismatch'}
2268,{'Output': 'match'},{'Output': 'match'}
2269,{'Output': 'mismatch'},{'Output': 'mismatch'}
2270,{'Output': 'mismatch'},{'Output': 'match'}
2271,{'Output': 'mismatch'},{'Output': 'mismatch'}
2272,{'Output': 'mismatch'},{'Output': 'match'}
2273,{'Output': 'mismatch'},{'Output': 'mismatch'}
2274,{'Output': 'mismatch'},{'Output': 'mismatch'}
2275,{'Output': 'mismatch'},{'Output': 'mismatch'}
2276,{'Output': 'mismatch'},{'Output': 'mismatch'}
2277,{'Output': 'mismatch'},{'Output': 'mismatch'}
2278,{'Output': 'mismatch'},{'Output': 'mismatch'}
2279,{'Output': 'match'},{'Output': 'match'}
2280,{'Output': 'mismatch'},{'Output': 'mismatch'}
2281,{'Output': 'mismatch'},{'Output': 'mismatch'}
2282,{'Output': 'match'},{'Output': 'match'}
2283,{'Output': 'mismatch'},{'Output': 'mismatch'}
2284,{'Output': 'mismatch'},{'Output': 'mismatch'}
2285,{'Output': 'match'},{'Output': 'match'}
2286,{'Output': 'mismatch'},{'Output': 'mismatch'}
2287,{'Output': 'mismatch'},{'Output': 'mismatch'}
2288,{'Output': 'mismatch'},{'Output': 'mismatch'}
2289,{'Output': 'mismatch'},{'Output': 'mismatch'}
2290,{'Output': 'mismatch'},{'Output': 'mismatch'}
2291,{'Output': 'mismatch'},{'Output': 'mismatch'}
2292,{'Output': 'mismatch'},{'Output': 'mismatch'}
2293,{'Output': 'mismatch'},{'Output': 'mismatch'}
2294,{'Output': 'mismatch'},{'Output': 'match'}
2295,{'Output': 'mismatch'},{'Output': 'mismatch'}
2296,{'Output': 'mismatch'},{'Output': 'mismatch'}
2297,{'Output': 'mismatch'},{'Output': 'mismatch'}
2298,{'Output': 'mismatch'},{'Output': 'mismatch'}
2299,{'Output': 'mismatch'},{'Output': 'mismatch'}
2300,{'Output': 'match'},{'Output': 'match'}
2301,{'Output': 'mismatch'},{'Output': 'mismatch'}
2302,{'Output': 'mismatch'},{'Output': 'mismatch'}
2303,{'Output': 'mismatch'},{'Output': 'mismatch'}
2304,{'Output': 'mismatch'},{'Output': 'mismatch'}
2305,{'Output': 'mismatch'},{'Output': 'mismatch'}
2306,{'Output': 'match'},{'Output': 'match'}
2307,{'Output': 'mismatch'},{'Output': 'mismatch'}
2308,{'Output': 'mismatch'},{'Output': 'mismatch'}
2309,{'Output': 'mismatch'},{'Output': 'mismatch'}
2310,{'Output': 'match'},{'Output': 'match'}
2311,{'Output': 'mismatch'},{'Output': 'mismatch'}
2312,{'Output': 'mismatch'},{'Output': 'mismatch'}
2313,{'Output': 'mismatch'},{'Output': 'mismatch'}
2314,{'Output': 'mismatch'},{'Output': 'mismatch'}
2315,{'Output': 'match'},{'Output': 'match'}
2316,{'Output': 'mismatch'},{'Output': 'mismatch'}
2317,{'Output': 'match'},{'Output': 'match'}
2318,{'Output': 'mismatch'},{'Output': 'mismatch'}
2319,{'Output': 'mismatch'},{'Output': 'mismatch'}
2320,{'Output': 'mismatch'},{'Output': 'mismatch'}
2321,{'Output': 'mismatch'},{'Output': 'mismatch'}
2322,{'Output': 'mismatch'},{'Output': 'mismatch'}
2323,{'Output': 'mismatch'},{'Output': 'mismatch'}
2324,{'Output': 'mismatch'},{'Output': 'mismatch'}
2325,{'Output': 'mismatch'},{'Output': 'mismatch'}
2326,{'Output': 'mismatch'},{'Output': 'mismatch'}
2327,{'Output': 'mismatch'},{'Output': 'mismatch'}
2328,{'Output': 'mismatch'},{'Output': 'mismatch'}
2329,{'Output': 'mismatch'},{'Output': 'mismatch'}
2330,{'Output': 'mismatch'},{'Output': 'mismatch'}
2331,{'Output': 'mismatch'},{'Output': 'mismatch'}
2332,{'Output': 'match'},{'Output': 'match'}
2333,{'Output': 'mismatch'},{'Output': 'match'}
2334,{'Output': 'mismatch'},{'Output': 'mismatch'}
2335,{'Output': 'mismatch'},{'Output': 'mismatch'}
2336,{'Output': 'mismatch'},{'Output': 'mismatch'}
2337,{'Output': 'mismatch'},{'Output': 'match'}
2338,{'Output': 'mismatch'},{'Output': 'mismatch'}
2339,{'Output': 'mismatch'},{'Output': 'mismatch'}
2340,{'Output': 'mismatch'},{'Output': 'mismatch'}
2341,{'Output': 'mismatch'},{'Output': 'mismatch'}
2342,{'Output': 'mismatch'},{'Output': 'mismatch'}
2343,{'Output': 'mismatch'},{'Output': 'mismatch'}
2344,{'Output': 'mismatch'},{'Output': 'mismatch'}
2345,{'Output': 'mismatch'},{'Output': 'mismatch'}
2346,{'Output': 'match'},{'Output': 'match'}
2347,{'Output': 'mismatch'},{'Output': 'mismatch'}
2348,{'Output': 'match'},{'Output': 'match'}
2349,{'Output': 'match'},{'Output': 'match'}
2350,{'Output': 'mismatch'},{'Output': 'mismatch'}
2351,{'Output': 'mismatch'},{'Output': 'mismatch'}
2352,{'Output': 'match'},{'Output': 'match'}
2353,{'Output': 'mismatch'},{'Output': 'mismatch'}
2354,{'Output': 'match'},{'Output': 'match'}
2355,{'Output': 'mismatch'},{'Output': 'mismatch'}
2356,{'Output': 'mismatch'},{'Output': 'mismatch'}
2357,{'Output': 'match'},{'Output': 'match'}
2358,{'Output': 'mismatch'},{'Output': 'mismatch'}
2359,{'Output': 'mismatch'},{'Output': 'mismatch'}
2360,{'Output': 'mismatch'},{'Output': 'mismatch'}
2361,{'Output': 'mismatch'},{'Output': 'mismatch'}
2362,{'Output': 'mismatch'},{'Output': 'match'}
2363,{'Output': 'mismatch'},{'Output': 'mismatch'}
2364,{'Output': 'mismatch'},{'Output': 'mismatch'}
2365,{'Output': 'mismatch'},{'Output': 'mismatch'}
2366,{'Output': 'mismatch'},{'Output': 'mismatch'}
2367,{'Output': 'mismatch'},{'Output': 'mismatch'}
2368,{'Output': 'mismatch'},{'Output': 'mismatch'}
2369,{'Output': 'match'},{'Output': 'match'}
2370,{'Output': 'mismatch'},{'Output': 'mismatch'}
2371,{'Output': 'mismatch'},{'Output': 'mismatch'}
2372,{'Output': 'mismatch'},{'Output': 'mismatch'}
2373,{'Output': 'match'},{'Output': 'match'}
2374,{'Output': 'mismatch'},{'Output': 'mismatch'}
2375,{'Output': 'mismatch'},{'Output': 'mismatch'}
2376,{'Output': 'mismatch'},{'Output': 'mismatch'}
2377,{'Output': 'mismatch'},{'Output': 'mismatch'}
2378,{'Output': 'match'},{'Output': 'match'}
2379,{'Output': 'mismatch'},{'Output': 'mismatch'}
2380,{'Output': 'mismatch'},{'Output': 'mismatch'}
2381,{'Output': 'mismatch'},{'Output': 'mismatch'}
2382,{'Output': 'mismatch'},{'Output': 'mismatch'}
2383,{'Output': 'mismatch'},{'Output': 'mismatch'}
2384,{'Output': 'mismatch'},{'Output': 'mismatch'}
2385,{'Output': 'mismatch'},{'Output': 'mismatch'}
2386,{'Output': 'mismatch'},{'Output': 'mismatch'}
2387,{'Output': 'mismatch'},{'Output': 'mismatch'}
2388,{'Output': 'mismatch'},{'Output': 'mismatch'}
2389,{'Output': 'mismatch'},{'Output': 'mismatch'}
2390,{'Output': 'mismatch'},{'Output': 'mismatch'}
2391,{'Output': 'mismatch'},{'Output': 'mismatch'}
2392,{'Output': 'mismatch'},{'Output': 'mismatch'}
2393,{'Output': 'mismatch'},{'Output': 'mismatch'}
2394,{'Output': 'match'},{'Output': 'match'}
2395,{'Output': 'mismatch'},{'Output': 'mismatch'}
2396,{'Output': 'mismatch'},{'Output': 'mismatch'}
2397,{'Output': 'mismatch'},{'Output': 'mismatch'}
2398,{'Output': 'mismatch'},{'Output': 'mismatch'}
2399,{'Output': 'mismatch'},{'Output': 'mismatch'}
2400,{'Output': 'mismatch'},{'Output': 'mismatch'}
2401,{'Output': 'mismatch'},{'Output': 'mismatch'}
2402,{'Output': 'mismatch'},{'Output': 'mismatch'}
2403,{'Output': 'match'},{'Output': 'match'}
2404,{'Output': 'mismatch'},{'Output': 'mismatch'}
2405,{'Output': 'match'},{'Output': 'match'}
2406,{'Output': 'mismatch'},{'Output': 'mismatch'}
2407,{'Output': 'mismatch'},{'Output': 'mismatch'}
2408,{'Output': 'mismatch'},{'Output': 'mismatch'}
2409,{'Output': 'mismatch'},{'Output': 'mismatch'}
2410,{'Output': 'mismatch'},{'Output': 'mismatch'}
2411,{'Output': 'mismatch'},{'Output': 'mismatch'}
2412,{'Output': 'match'},{'Output': 'match'}
2413,{'Output': 'mismatch'},{'Output': 'mismatch'}
2414,{'Output': 'match'},{'Output': 'match'}
2415,{'Output': 'mismatch'},{'Output': 'mismatch'}
2416,{'Output': 'match'},{'Output': 'match'}
2417,{'Output': 'mismatch'},{'Output': 'match'}
2418,{'Output': 'mismatch'},{'Output': 'mismatch'}
2419,{'Output': 'match'},{'Output': 'match'}
2420,{'Output': 'match'},{'Output': 'match'}
2421,{'Output': 'mismatch'},{'Output': 'mismatch'}
2422,{'Output': 'mismatch'},{'Output': 'mismatch'}
2423,{'Output': 'mismatch'},{'Output': 'mismatch'}
2424,{'Output': 'mismatch'},{'Output': 'mismatch'}
2425,{'Output': 'match'},{'Output': 'match'}
2426,{'Output': 'match'},{'Output': 'match'}
2427,{'Output': 'mismatch'},{'Output': 'mismatch'}
2428,{'Output': 'mismatch'},{'Output': 'mismatch'}
2429,{'Output': 'mismatch'},{'Output': 'mismatch'}
2430,{'Output': 'mismatch'},{'Output': 'mismatch'}
2431,{'Output': 'match'},{'Output': 'match'}
2432,{'Output': 'mismatch'},{'Output': 'mismatch'}
2433,{'Output': 'match'},{'Output': 'mismatch'}
2434,{'Output': 'mismatch'},{'Output': 'match'}
2435,{'Output': 'mismatch'},{'Output': 'mismatch'}
2436,{'Output': 'mismatch'},{'Output': 'mismatch'}
2437,{'Output': 'match'},{'Output': 'match'}
2438,{'Output': 'match'},{'Output': 'match'}
2439,{'Output': 'mismatch'},{'Output': 'mismatch'}
2440,{'Output': 'match'},{'Output': 'match'}
2441,{'Output': 'match'},{'Output': 'match'}
2442,{'Output': 'match'},{'Output': 'match'}
2443,{'Output': 'match'},{'Output': 'match'}
2444,{'Output': 'match'},{'Output': 'match'}
2445,{'Output': 'match'},{'Output': 'match'}
2446,{'Output': 'mismatch'},{'Output': 'mismatch'}
2447,{'Output': 'mismatch'},{'Output': 'mismatch'}
2448,{'Output': 'mismatch'},{'Output': 'mismatch'}
2449,{'Output': 'mismatch'},{'Output': 'mismatch'}
2450,{'Output': 'mismatch'},{'Output': 'mismatch'}
2451,{'Output': 'mismatch'},{'Output': 'mismatch'}
2452,{'Output': 'mismatch'},{'Output': 'mismatch'}
2453,{'Output': 'mismatch'},{'Output': 'mismatch'}
2454,{'Output': 'match'},{'Output': 'match'}
2455,{'Output': 'mismatch'},{'Output': 'mismatch'}
2456,{'Output': 'mismatch'},{'Output': 'mismatch'}
2457,{'Output': 'match'},{'Output': 'match'}
2458,{'Output': 'mismatch'},{'Output': 'mismatch'}
2459,{'Output': 'match'},{'Output': 'match'}
2460,{'Output': 'mismatch'},{'Output': 'mismatch'}
2461,{'Output': 'mismatch'},{'Output': 'mismatch'}
2462,{'Output': 'mismatch'},{'Output': 'mismatch'}
2463,{'Output': 'match'},{'Output': 'match'}
2464,{'Output': 'mismatch'},{'Output': 'match'}
2465,{'Output': 'mismatch'},{'Output': 'mismatch'}
2466,{'Output': 'mismatch'},{'Output': 'mismatch'}
2467,{'Output': 'mismatch'},{'Output': 'match'}
2468,{'Output': 'mismatch'},{'Output': 'mismatch'}
2469,{'Output': 'match'},{'Output': 'match'}
2470,{'Output': 'mismatch'},{'Output': 'mismatch'}
2471,{'Output': 'mismatch'},{'Output': 'mismatch'}
2472,{'Output': 'mismatch'},{'Output': 'mismatch'}
2473,{'Output': 'mismatch'},{'Output': 'mismatch'}
2474,{'Output': 'mismatch'},{'Output': 'mismatch'}
2475,{'Output': 'mismatch'},{'Output': 'mismatch'}
2476,{'Output': 'mismatch'},{'Output': 'mismatch'}
2477,{'Output': 'match'},{'Output': 'match'}
2478,{'Output': 'mismatch'},{'Output': 'match'}
2479,{'Output': 'mismatch'},{'Output': 'mismatch'}
2480,{'Output': 'mismatch'},{'Output': 'mismatch'}
2481,{'Output': 'mismatch'},{'Output': 'mismatch'}
2482,{'Output': 'mismatch'},{'Output': 'mismatch'}
2483,{'Output': 'mismatch'},{'Output': 'mismatch'}
2484,{'Output': 'mismatch'},{'Output': 'mismatch'}
2485,{'Output': 'match'},{'Output': 'match'}
2486,{'Output': 'mismatch'},{'Output': 'mismatch'}
2487,{'Output': 'mismatch'},{'Output': 'match'}
2488,{'Output': 'mismatch'},{'Output': 'mismatch'}
2489,{'Output': 'mismatch'},{'Output': 'mismatch'}
2490,{'Output': 'mismatch'},{'Output': 'mismatch'}
2491,{'Output': 'match'},{'Output': 'match'}
2492,{'Output': 'mismatch'},{'Output': 'mismatch'}
2493,{'Output': 'mismatch'},{'Output': 'mismatch'}
2494,{'Output': 'match'},{'Output': 'match'}
2495,{'Output': 'mismatch'},{'Output': 'mismatch'}
2496,{'Output': 'match'},{'Output': 'match'}
2497,{'Output': 'mismatch'},{'Output': 'mismatch'}
2498,{'Output': 'mismatch'},{'Output': 'mismatch'}
2499,{'Output': 'mismatch'},{'Output': 'mismatch'}
2500,{'Output': 'mismatch'},{'Output': 'mismatch'}
2501,{'Output': 'match'},{'Output': 'mismatch'}
2502,{'Output': 'mismatch'},{'Output': 'mismatch'}
2503,{'Output': 'mismatch'},{'Output': 'mismatch'}
2504,{'Output': 'match'},{'Output': 'match'}
2505,{'Output': 'mismatch'},{'Output': 'mismatch'}
2506,{'Output': 'match'},{'Output': 'match'}
2507,{'Output': 'mismatch'},{'Output': 'mismatch'}
2508,{'Output': 'match'},{'Output': 'match'}
2509,{'Output': 'mismatch'},{'Output': 'mismatch'}
2510,{'Output': 'mismatch'},{'Output': 'mismatch'}
2511,{'Output': 'match'},{'Output': 'match'}
2512,{'Output': 'mismatch'},{'Output': 'mismatch'}
2513,{'Output': 'mismatch'},{'Output': 'mismatch'}
2514,{'Output': 'mismatch'},{'Output': 'mismatch'}
2515,{'Output': 'mismatch'},{'Output': 'mismatch'}
2516,{'Output': 'mismatch'},{'Output': 'mismatch'}
2517,{'Output': 'mismatch'},{'Output': 'mismatch'}
2518,{'Output': 'mismatch'},{'Output': 'mismatch'}
2519,{'Output': 'mismatch'},{'Output': 'mismatch'}
2520,{'Output': 'mismatch'},{'Output': 'mismatch'}
2521,{'Output': 'match'},{'Output': 'match'}
2522,{'Output': 'match'},{'Output': 'match'}
2523,{'Output': 'match'},{'Output': 'match'}
2524,{'Output': 'match'},{'Output': 'match'}
2525,{'Output': 'mismatch'},{'Output': 'mismatch'}
2526,{'Output': 'mismatch'},{'Output': 'mismatch'}
2527,{'Output': 'mismatch'},{'Output': 'mismatch'}
2528,{'Output': 'mismatch'},{'Output': 'mismatch'}
2529,{'Output': 'mismatch'},{'Output': 'match'}
2530,{'Output': 'mismatch'},{'Output': 'mismatch'}
2531,{'Output': 'mismatch'},{'Output': 'mismatch'}
2532,{'Output': 'mismatch'},{'Output': 'mismatch'}
2533,{'Output': 'mismatch'},{'Output': 'mismatch'}
2534,{'Output': 'mismatch'},{'Output': 'mismatch'}
2535,{'Output': 'mismatch'},{'Output': 'mismatch'}
2536,{'Output': 'match'},{'Output': 'match'}
2537,{'Output': 'match'},{'Output': 'match'}
2538,{'Output': 'match'},{'Output': 'match'}
2539,{'Output': 'mismatch'},{'Output': 'mismatch'}
2540,{'Output': 'mismatch'},{'Output': 'mismatch'}
2541,{'Output': 'match'},{'Output': 'match'}
2542,{'Output': 'mismatch'},{'Output': 'mismatch'}
2543,{'Output': 'mismatch'},{'Output': 'mismatch'}
2544,{'Output': 'match'},{'Output': 'match'}
2545,{'Output': 'match'},{'Output': 'match'}
2546,{'Output': 'mismatch'},{'Output': 'mismatch'}
2547,{'Output': 'mismatch'},{'Output': 'mismatch'}
2548,{'Output': 'match'},{'Output': 'match'}
2549,{'Output': 'mismatch'},{'Output': 'mismatch'}
2550,{'Output': 'mismatch'},{'Output': 'mismatch'}
2551,{'Output': 'mismatch'},{'Output': 'mismatch'}
2552,{'Output': 'mismatch'},{'Output': 'mismatch'}
2553,{'Output': 'mismatch'},{'Output': 'mismatch'}
2554,{'Output': 'mismatch'},{'Output': 'match'}
2555,{'Output': 'mismatch'},{'Output': 'match'}
2556,{'Output': 'mismatch'},{'Output': 'mismatch'}
2557,{'Output': 'mismatch'},{'Output': 'mismatch'}
2558,{'Output': 'match'},{'Output': 'match'}
2559,{'Output': 'mismatch'},{'Output': 'mismatch'}
2560,{'Output': 'match'},{'Output': 'mismatch'}
2561,{'Output': 'mismatch'},{'Output': 'mismatch'}
2562,{'Output': 'mismatch'},{'Output': 'mismatch'}
2563,{'Output': 'mismatch'},{'Output': 'mismatch'}
2564,{'Output': 'mismatch'},{'Output': 'mismatch'}
2565,{'Output': 'match'},{'Output': 'match'}
2566,{'Output': 'mismatch'},{'Output': 'mismatch'}
2567,{'Output': 'mismatch'},{'Output': 'mismatch'}
2568,{'Output': 'match'},{'Output': 'match'}
2569,{'Output': 'mismatch'},{'Output': 'mismatch'}
2570,{'Output': 'match'},{'Output': 'match'}
2571,{'Output': 'mismatch'},{'Output': 'mismatch'}
2572,{'Output': 'mismatch'},{'Output': 'mismatch'}
2573,{'Output': 'mismatch'},{'Output': 'mismatch'}
2574,{'Output': 'mismatch'},{'Output': 'mismatch'}
2575,{'Output': 'match'},{'Output': 'match'}
2576,{'Output': 'mismatch'},{'Output': 'mismatch'}
2577,{'Output': 'mismatch'},{'Output': 'mismatch'}
2578,{'Output': 'match'},{'Output': 'match'}
2579,{'Output': 'mismatch'},{'Output': 'mismatch'}
2580,{'Output': 'match'},{'Output': 'match'}
2581,{'Output': 'mismatch'},{'Output': 'mismatch'}
2582,{'Output': 'mismatch'},{'Output': 'mismatch'}
2583,{'Output': 'match'},{'Output': 'match'}
2584,{'Output': 'mismatch'},{'Output': 'mismatch'}
2585,{'Output': 'mismatch'},{'Output': 'mismatch'}
2586,{'Output': 'mismatch'},{'Output': 'mismatch'}
2587,{'Output': 'match'},{'Output': 'match'}
2588,{'Output': 'mismatch'},{'Output': 'mismatch'}
2589,{'Output': 'mismatch'},{'Output': 'mismatch'}
2590,{'Output': 'mismatch'},{'Output': 'mismatch'}
2591,{'Output': 'match'},{'Output': 'match'}
2592,{'Output': 'mismatch'},{'Output': 'mismatch'}
2593,{'Output': 'mismatch'},{'Output': 'mismatch'}
2594,{'Output': 'match'},{'Output': 'match'}
2595,{'Output': 'mismatch'},{'Output': 'mismatch'}
2596,{'Output': 'mismatch'},{'Output': 'mismatch'}
2597,{'Output': 'mismatch'},{'Output': 'mismatch'}
2598,{'Output': 'mismatch'},{'Output': 'mismatch'}
2599,{'Output': 'mismatch'},{'Output': 'mismatch'}
2600,{'Output': 'match'},{'Output': 'match'}
2601,{'Output': 'mismatch'},{'Output': 'mismatch'}
2602,{'Output': 'mismatch'},{'Output': 'mismatch'}
2603,{'Output': 'mismatch'},{'Output': 'mismatch'}
2604,{'Output': 'match'},{'Output': 'match'}
2605,{'Output': 'match'},{'Output': 'match'}
2606,{'Output': 'mismatch'},{'Output': 'mismatch'}
2607,{'Output': 'mismatch'},{'Output': 'mismatch'}
2608,{'Output': 'match'},{'Output': 'match'}
2609,{'Output': 'match'},{'Output': 'match'}
2610,{'Output': 'match'},{'Output': 'match'}
2611,{'Output': 'mismatch'},{'Output': 'mismatch'}
2612,{'Output': 'mismatch'},{'Output': 'mismatch'}
2613,{'Output': 'match'},{'Output': 'match'}
2614,{'Output': 'mismatch'},{'Output': 'mismatch'}
2615,{'Output': 'mismatch'},{'Output': 'mismatch'}
2616,{'Output': 'mismatch'},{'Output': 'mismatch'}
2617,{'Output': 'mismatch'},{'Output': 'mismatch'}
2618,{'Output': 'mismatch'},{'Output': 'mismatch'}
2619,{'Output': 'mismatch'},{'Output': 'mismatch'}
2620,{'Output': 'match'},{'Output': 'match'}
2621,{'Output': 'mismatch'},{'Output': 'mismatch'}
2622,{'Output': 'mismatch'},{'Output': 'match'}
2623,{'Output': 'match'},{'Output': 'match'}
2624,{'Output': 'mismatch'},{'Output': 'match'}
2625,{'Output': 'match'},{'Output': 'match'}
2626,{'Output': 'match'},{'Output': 'match'}
2627,{'Output': 'mismatch'},{'Output': 'mismatch'}
2628,{'Output': 'match'},{'Output': 'match'}
2629,{'Output': 'mismatch'},{'Output': 'mismatch'}
2630,{'Output': 'mismatch'},{'Output': 'mismatch'}
2631,{'Output': 'mismatch'},{'Output': 'mismatch'}
2632,{'Output': 'mismatch'},{'Output': 'mismatch'}
2633,{'Output': 'mismatch'},{'Output': 'mismatch'}
2634,{'Output': 'match'},{'Output': 'match'}
2635,{'Output': 'mismatch'},{'Output': 'mismatch'}
2636,{'Output': 'match'},{'Output': 'match'}
2637,{'Output': 'match'},{'Output': 'match'}
2638,{'Output': 'mismatch'},{'Output': 'mismatch'}
2639,{'Output': 'mismatch'},{'Output': 'mismatch'}
2640,{'Output': 'match'},{'Output': 'match'}
2641,{'Output': 'mismatch'},{'Output': 'mismatch'}
2642,{'Output': 'match'},{'Output': 'match'}
2643,{'Output': 'mismatch'},{'Output': 'mismatch'}
2644,{'Output': 'match'},{'Output': 'match'}
2645,{'Output': 'mismatch'},{'Output': 'mismatch'}
2646,{'Output': 'mismatch'},{'Output': 'mismatch'}
2647,{'Output': 'mismatch'},{'Output': 'mismatch'}
2648,{'Output': 'mismatch'},{'Output': 'mismatch'}
2649,{'Output': 'match'},{'Output': 'match'}
2650,{'Output': 'mismatch'},{'Output': 'mismatch'}
2651,{'Output': 'mismatch'},{'Output': 'mismatch'}
2652,{'Output': 'match'},{'Output': 'match'}
2653,{'Output': 'match'},{'Output': 'match'}
2654,{'Output': 'mismatch'},{'Output': 'mismatch'}
2655,{'Output': 'mismatch'},{'Output': 'mismatch'}
2656,{'Output': 'mismatch'},{'Output': 'mismatch'}
2657,{'Output': 'mismatch'},{'Output': 'mismatch'}
2658,{'Output': 'mismatch'},{'Output': 'mismatch'}
2659,{'Output': 'mismatch'},{'Output': 'mismatch'}
2660,{'Output': 'match'},{'Output': 'match'}
2661,{'Output': 'mismatch'},{'Output': 'mismatch'}
2662,{'Output': 'mismatch'},{'Output': 'mismatch'}
2663,{'Output': 'mismatch'},{'Output': 'mismatch'}
2664,{'Output': 'mismatch'},{'Output': 'mismatch'}
2665,{'Output': 'match'},{'Output': 'match'}
2666,{'Output': 'mismatch'},{'Output': 'mismatch'}
2667,{'Output': 'mismatch'},{'Output': 'mismatch'}
2668,{'Output': 'match'},{'Output': 'match'}
2669,{'Output': 'mismatch'},{'Output': 'mismatch'}
2670,{'Output': 'match'},{'Output': 'match'}
2671,{'Output': 'mismatch'},{'Output': 'mismatch'}
2672,{'Output': 'mismatch'},{'Output': 'mismatch'}
2673,{'Output': 'match'},{'Output': 'match'}
2674,{'Output': 'mismatch'},{'Output': 'mismatch'}
2675,{'Output': 'mismatch'},{'Output': 'mismatch'}
2676,{'Output': 'mismatch'},{'Output': 'mismatch'}
2677,{'Output': 'mismatch'},{'Output': 'mismatch'}
2678,{'Output': 'mismatch'},{'Output': 'mismatch'}
2679,{'Output': 'mismatch'},{'Output': 'mismatch'}
2680,{'Output': 'mismatch'},{'Output': 'mismatch'}
2681,{'Output': 'mismatch'},{'Output': 'mismatch'}
2682,{'Output': 'mismatch'},{'Output': 'mismatch'}
2683,{'Output': 'mismatch'},{'Output': 'mismatch'}
2684,{'Output': 'mismatch'},{'Output': 'mismatch'}
2685,{'Output': 'mismatch'},{'Output': 'mismatch'}
2686,{'Output': 'mismatch'},{'Output': 'match'}
2687,{'Output': 'mismatch'},{'Output': 'mismatch'}
2688,{'Output': 'mismatch'},{'Output': 'mismatch'}
2689,{'Output': 'mismatch'},{'Output': 'mismatch'}
2690,{'Output': 'mismatch'},{'Output': 'mismatch'}
2691,{'Output': 'mismatch'},{'Output': 'mismatch'}
2692,{'Output': 'mismatch'},{'Output': 'match'}
2693,{'Output': 'mismatch'},{'Output': 'mismatch'}
2694,{'Output': 'mismatch'},{'Output': 'mismatch'}
2695,{'Output': 'match'},{'Output': 'match'}
2696,{'Output': 'mismatch'},{'Output': 'mismatch'}
2697,{'Output': 'mismatch'},{'Output': 'mismatch'}
2698,{'Output': 'mismatch'},{'Output': 'mismatch'}
2699,{'Output': 'mismatch'},{'Output': 'mismatch'}
2700,{'Output': 'mismatch'},{'Output': 'mismatch'}
2701,{'Output': 'match'},{'Output': 'match'}
2702,{'Output': 'match'},{'Output': 'match'}
2703,{'Output': 'mismatch'},{'Output': 'match'}
2704,{'Output': 'mismatch'},{'Output': 'mismatch'}
2705,{'Output': 'match'},{'Output': 'match'}
2706,{'Output': 'mismatch'},{'Output': 'mismatch'}
2707,{'Output': 'mismatch'},{'Output': 'mismatch'}
2708,{'Output': 'mismatch'},{'Output': 'mismatch'}
2709,{'Output': 'mismatch'},{'Output': 'mismatch'}
2710,{'Output': 'mismatch'},{'Output': 'mismatch'}
2711,{'Output': 'match'},{'Output': 'match'}
2712,{'Output': 'mismatch'},{'Output': 'mismatch'}
2713,{'Output': 'mismatch'},{'Output': 'match'}
2714,{'Output': 'mismatch'},{'Output': 'mismatch'}
2715,{'Output': 'mismatch'},{'Output': 'mismatch'}
2716,{'Output': 'mismatch'},{'Output': 'mismatch'}
2717,{'Output': 'match'},{'Output': 'match'}
2718,{'Output': 'mismatch'},{'Output': 'mismatch'}
2719,{'Output': 'mismatch'},{'Output': 'mismatch'}
2720,{'Output': 'mismatch'},{'Output': 'mismatch'}
2721,{'Output': 'mismatch'},{'Output': 'mismatch'}
2722,{'Output': 'match'},{'Output': 'match'}
2723,{'Output': 'match'},{'Output': 'match'}
2724,{'Output': 'mismatch'},{'Output': 'mismatch'}
2725,{'Output': 'match'},{'Output': 'match'}
2726,{'Output': 'mismatch'},{'Output': 'mismatch'}
2727,{'Output': 'match'},{'Output': 'match'}
2728,{'Output': 'mismatch'},{'Output': 'mismatch'}
2729,{'Output': 'mismatch'},{'Output': 'mismatch'}
2730,{'Output': 'match'},{'Output': 'match'}
2731,{'Output': 'mismatch'},{'Output': 'mismatch'}
2732,{'Output': 'mismatch'},{'Output': 'mismatch'}
2733,{'Output': 'mismatch'},{'Output': 'mismatch'}
2734,{'Output': 'mismatch'},{'Output': 'mismatch'}
2735,{'Output': 'mismatch'},{'Output': 'mismatch'}
2736,{'Output': 'mismatch'},{'Output': 'mismatch'}
2737,{'Output': 'match'},{'Output': 'match'}
2738,{'Output': 'match'},{'Output': 'match'}
2739,{'Output': 'mismatch'},{'Output': 'mismatch'}
2740,{'Output': 'mismatch'},{'Output': 'mismatch'}
2741,{'Output': 'mismatch'},{'Output': 'mismatch'}
2742,{'Output': 'match'},{'Output': 'match'}
2743,{'Output': 'match'},{'Output': 'match'}
2744,{'Output': 'mismatch'},{'Output': 'mismatch'}
2745,{'Output': 'mismatch'},{'Output': 'mismatch'}
2746,{'Output': 'mismatch'},{'Output': 'mismatch'}
2747,{'Output': 'match'},{'Output': 'match'}
2748,{'Output': 'match'},{'Output': 'match'}
2749,{'Output': 'mismatch'},{'Output': 'mismatch'}
2750,{'Output': 'match'},{'Output': 'match'}
2751,{'Output': 'mismatch'},{'Output': 'mismatch'}
2752,{'Output': 'mismatch'},{'Output': 'mismatch'}
2753,{'Output': 'mismatch'},{'Output': 'mismatch'}
2754,{'Output': 'match'},{'Output': 'match'}
2755,{'Output': 'mismatch'},{'Output': 'mismatch'}
2756,{'Output': 'match'},{'Output': 'match'}
2757,{'Output': 'mismatch'},{'Output': 'mismatch'}
2758,{'Output': 'mismatch'},{'Output': 'mismatch'}
2759,{'Output': 'mismatch'},{'Output': 'mismatch'}
2760,{'Output': 'mismatch'},{'Output': 'mismatch'}
2761,{'Output': 'mismatch'},{'Output': 'mismatch'}
2762,{'Output': 'match'},{'Output': 'match'}
2763,{'Output': 'mismatch'},{'Output': 'mismatch'}
2764,{'Output': 'mismatch'},{'Output': 'mismatch'}
2765,{'Output': 'mismatch'},{'Output': 'mismatch'}
2766,{'Output': 'mismatch'},{'Output': 'mismatch'}
2767,{'Output': 'mismatch'},{'Output': 'mismatch'}
2768,{'Output': 'mismatch'},{'Output': 'mismatch'}
2769,{'Output': 'match'},{'Output': 'match'}
2770,{'Output': 'mismatch'},{'Output': 'match'}
2771,{'Output': 'match'},{'Output': 'match'}
2772,{'Output': 'mismatch'},{'Output': 'mismatch'}
2773,{'Output': 'mismatch'},{'Output': 'mismatch'}
2774,{'Output': 'mismatch'},{'Output': 'mismatch'}
2775,{'Output': 'mismatch'},{'Output': 'mismatch'}
2776,{'Output': 'mismatch'},{'Output': 'mismatch'}
2777,{'Output': 'mismatch'},{'Output': 'mismatch'}
2778,{'Output': 'mismatch'},{'Output': 'mismatch'}
2779,{'Output': 'match'},{'Output': 'match'}
2780,{'Output': 'mismatch'},{'Output': 'mismatch'}
2781,{'Output': 'mismatch'},{'Output': 'mismatch'}
2782,{'Output': 'mismatch'},{'Output': 'mismatch'}
2783,{'Output': 'mismatch'},{'Output': 'mismatch'}
2784,{'Output': 'match'},{'Output': 'match'}
2785,{'Output': 'match'},{'Output': 'match'}
2786,{'Output': 'mismatch'},{'Output': 'mismatch'}
2787,{'Output': 'mismatch'},{'Output': 'mismatch'}
2788,{'Output': 'mismatch'},{'Output': 'mismatch'}
2789,{'Output': 'mismatch'},{'Output': 'mismatch'}
2790,{'Output': 'match'},{'Output': 'match'}
2791,{'Output': 'mismatch'},{'Output': 'mismatch'}
2792,{'Output': 'mismatch'},{'Output': 'mismatch'}
2793,{'Output': 'mismatch'},{'Output': 'mismatch'}
2794,{'Output': 'mismatch'},{'Output': 'mismatch'}
2795,{'Output': 'mismatch'},{'Output': 'mismatch'}
2796,{'Output': 'mismatch'},{'Output': 'mismatch'}
2797,{'Output': 'mismatch'},{'Output': 'mismatch'}
2798,{'Output': 'mismatch'},{'Output': 'mismatch'}
2799,{'Output': 'mismatch'},{'Output': 'mismatch'}
2800,{'Output': 'mismatch'},{'Output': 'mismatch'}
2801,{'Output': 'mismatch'},{'Output': 'mismatch'}
2802,{'Output': 'mismatch'},{'Output': 'mismatch'}
2803,{'Output': 'mismatch'},{'Output': 'mismatch'}
2804,{'Output': 'match'},{'Output': 'match'}
2805,{'Output': 'mismatch'},{'Output': 'mismatch'}
2806,{'Output': 'mismatch'},{'Output': 'mismatch'}
2807,{'Output': 'mismatch'},{'Output': 'mismatch'}
2808,{'Output': 'mismatch'},{'Output': 'mismatch'}
2809,{'Output': 'match'},{'Output': 'match'}
2810,{'Output': 'mismatch'},{'Output': 'mismatch'}
2811,{'Output': 'mismatch'},{'Output': 'mismatch'}
2812,{'Output': 'mismatch'},{'Output': 'mismatch'}
2813,{'Output': 'mismatch'},{'Output': 'mismatch'}
2814,{'Output': 'match'},{'Output': 'match'}
2815,{'Output': 'mismatch'},{'Output': 'match'}
2816,{'Output': 'mismatch'},{'Output': 'mismatch'}
2817,{'Output': 'mismatch'},{'Output': 'mismatch'}
2818,{'Output': 'mismatch'},{'Output': 'mismatch'}
2819,{'Output': 'match'},{'Output': 'match'}
2820,{'Output': 'mismatch'},{'Output': 'mismatch'}
2821,{'Output': 'mismatch'},{'Output': 'mismatch'}
2822,{'Output': 'mismatch'},{'Output': 'mismatch'}
2823,{'Output': 'mismatch'},{'Output': 'mismatch'}
2824,{'Output': 'mismatch'},{'Output': 'mismatch'}
2825,{'Output': 'match'},{'Output': 'match'}
2826,{'Output': 'mismatch'},{'Output': 'mismatch'}
2827,{'Output': 'mismatch'},{'Output': 'mismatch'}
2828,{'Output': 'mismatch'},{'Output': 'mismatch'}
2829,{'Output': 'mismatch'},{'Output': 'mismatch'}
2830,{'Output': 'mismatch'},{'Output': 'mismatch'}
2831,{'Output': 'match'},{'Output': 'match'}
2832,{'Output': 'match'},{'Output': 'match'}
2833,{'Output': 'mismatch'},{'Output': 'mismatch'}
2834,{'Output': 'mismatch'},{'Output': 'mismatch'}
2835,{'Output': 'match'},{'Output': 'match'}
2836,{'Output': 'mismatch'},{'Output': 'mismatch'}
2837,{'Output': 'mismatch'},{'Output': 'mismatch'}
2838,{'Output': 'mismatch'},{'Output': 'mismatch'}
2839,{'Output': 'mismatch'},{'Output': 'mismatch'}
2840,{'Output': 'mismatch'},{'Output': 'mismatch'}
2841,{'Output': 'mismatch'},{'Output': 'mismatch'}
2842,{'Output': 'match'},{'Output': 'match'}
2843,{'Output': 'match'},{'Output': 'match'}
2844,{'Output': 'mismatch'},{'Output': 'mismatch'}
2845,{'Output': 'match'},{'Output': 'match'}
2846,{'Output': 'mismatch'},{'Output': 'mismatch'}
2847,{'Output': 'mismatch'},{'Output': 'mismatch'}
2848,{'Output': 'match'},{'Output': 'match'}
2849,{'Output': 'match'},{'Output': 'mismatch'}
2850,{'Output': 'mismatch'},{'Output': 'mismatch'}
2851,{'Output': 'match'},{'Output': 'match'}
2852,{'Output': 'match'},{'Output': 'match'}
2853,{'Output': 'mismatch'},{'Output': 'mismatch'}
2854,{'Output': 'mismatch'},{'Output': 'mismatch'}
2855,{'Output': 'match'},{'Output': 'match'}
2856,{'Output': 'mismatch'},{'Output': 'mismatch'}
2857,{'Output': 'mismatch'},{'Output': 'mismatch'}
2858,{'Output': 'mismatch'},{'Output': 'mismatch'}
2859,{'Output': 'match'},{'Output': 'match'}
2860,{'Output': 'mismatch'},{'Output': 'match'}
2861,{'Output': 'mismatch'},{'Output': 'mismatch'}
2862,{'Output': 'mismatch'},{'Output': 'mismatch'}
2863,{'Output': 'mismatch'},{'Output': 'mismatch'}
2864,{'Output': 'mismatch'},{'Output': 'mismatch'}
2865,{'Output': 'mismatch'},{'Output': 'mismatch'}
2866,{'Output': 'mismatch'},{'Output': 'mismatch'}
2867,{'Output': 'match'},{'Output': 'match'}
2868,{'Output': 'mismatch'},{'Output': 'mismatch'}
2869,{'Output': 'match'},{'Output': 'match'}
2870,{'Output': 'match'},{'Output': 'mismatch'}
2871,{'Output': 'mismatch'},{'Output': 'mismatch'}
2872,{'Output': 'mismatch'},{'Output': 'mismatch'}
2873,{'Output': 'mismatch'},{'Output': 'mismatch'}
2874,{'Output': 'mismatch'},{'Output': 'mismatch'}
2875,{'Output': 'mismatch'},{'Output': 'match'}
2876,{'Output': 'mismatch'},{'Output': 'mismatch'}
2877,{'Output': 'mismatch'},{'Output': 'mismatch'}
2878,{'Output': 'match'},{'Output': 'match'}
2879,{'Output': 'mismatch'},{'Output': 'match'}
2880,{'Output': 'mismatch'},{'Output': 'mismatch'}
2881,{'Output': 'match'},{'Output': 'match'}
2882,{'Output': 'mismatch'},{'Output': 'mismatch'}
2883,{'Output': 'mismatch'},{'Output': 'mismatch'}
2884,{'Output': 'mismatch'},{'Output': 'mismatch'}
2885,{'Output': 'mismatch'},{'Output': 'mismatch'}
2886,{'Output': 'mismatch'},{'Output': 'mismatch'}
2887,{'Output': 'mismatch'},{'Output': 'mismatch'}
2888,{'Output': 'mismatch'},{'Output': 'mismatch'}
2889,{'Output': 'match'},{'Output': 'match'}
2890,{'Output': 'mismatch'},{'Output': 'mismatch'}
2891,{'Output': 'mismatch'},{'Output': 'mismatch'}
2892,{'Output': 'match'},{'Output': 'mismatch'}
2893,{'Output': 'match'},{'Output': 'match'}
2894,{'Output': 'mismatch'},{'Output': 'mismatch'}
2895,{'Output': 'mismatch'},{'Output': 'mismatch'}
2896,{'Output': 'mismatch'},{'Output': 'mismatch'}
2897,{'Output': 'match'},{'Output': 'match'}
2898,{'Output': 'match'},{'Output': 'match'}
2899,{'Output': 'mismatch'},{'Output': 'mismatch'}
2900,{'Output': 'match'},{'Output': 'match'}
2901,{'Output': 'mismatch'},{'Output': 'mismatch'}
2902,{'Output': 'mismatch'},{'Output': 'mismatch'}
2903,{'Output': 'mismatch'},{'Output': 'mismatch'}
2904,{'Output': 'match'},{'Output': 'match'}
2905,{'Output': 'mismatch'},{'Output': 'mismatch'}
2906,{'Output': 'match'},{'Output': 'match'}
2907,{'Output': 'mismatch'},{'Output': 'mismatch'}
2908,{'Output': 'match'},{'Output': 'match'}
2909,{'Output': 'mismatch'},{'Output': 'mismatch'}
2910,{'Output': 'mismatch'},{'Output': 'mismatch'}
2911,{'Output': 'mismatch'},{'Output': 'mismatch'}
2912,{'Output': 'mismatch'},{'Output': 'mismatch'}
2913,{'Output': 'mismatch'},{'Output': 'mismatch'}
2914,{'Output': 'mismatch'},{'Output': 'mismatch'}
2915,{'Output': 'mismatch'},{'Output': 'mismatch'}
2916,{'Output': 'mismatch'},{'Output': 'mismatch'}
2917,{'Output': 'match'},{'Output': 'match'}
2918,{'Output': 'mismatch'},{'Output': 'mismatch'}
2919,{'Output': 'mismatch'},{'Output': 'mismatch'}
2920,{'Output': 'mismatch'},{'Output': 'mismatch'}
2921,{'Output': 'mismatch'},{'Output': 'mismatch'}
2922,{'Output': 'mismatch'},{'Output': 'mismatch'}
2923,{'Output': 'mismatch'},{'Output': 'mismatch'}
2924,{'Output': 'mismatch'},{'Output': 'mismatch'}
2925,{'Output': 'mismatch'},{'Output': 'mismatch'}
2926,{'Output': 'match'},{'Output': 'match'}
2927,{'Output': 'match'},{'Output': 'match'}
2928,{'Output': 'mismatch'},{'Output': 'mismatch'}
2929,{'Output': 'mismatch'},{'Output': 'mismatch'}
2930,{'Output': 'match'},{'Output': 'match'}
2931,{'Output': 'mismatch'},{'Output': 'mismatch'}
2932,{'Output': 'match'},{'Output': 'match'}
2933,{'Output': 'match'},{'Output': 'match'}
2934,{'Output': 'mismatch'},{'Output': 'mismatch'}
2935,{'Output': 'mismatch'},{'Output': 'mismatch'}
2936,{'Output': 'mismatch'},{'Output': 'mismatch'}
2937,{'Output': 'mismatch'},{'Output': 'mismatch'}
2938,{'Output': 'mismatch'},{'Output': 'mismatch'}
2939,{'Output': 'match'},{'Output': 'match'}
2940,{'Output': 'match'},{'Output': 'match'}
2941,{'Output': 'mismatch'},{'Output': 'mismatch'}
2942,{'Output': 'mismatch'},{'Output': 'mismatch'}
2943,{'Output': 'match'},{'Output': 'match'}
2944,{'Output': 'match'},{'Output': 'match'}
2945,{'Output': 'match'},{'Output': 'match'}
2946,{'Output': 'mismatch'},{'Output': 'mismatch'}
2947,{'Output': 'mismatch'},{'Output': 'mismatch'}
2948,{'Output': 'mismatch'},{'Output': 'mismatch'}
2949,{'Output': 'match'},{'Output': 'match'}
2950,{'Output': 'mismatch'},{'Output': 'mismatch'}
2951,{'Output': 'mismatch'},{'Output': 'mismatch'}
2952,{'Output': 'match'},{'Output': 'match'}
2953,{'Output': 'match'},{'Output': 'match'}
2954,{'Output': 'match'},{'Output': 'match'}
2955,{'Output': 'match'},{'Output': 'match'}
2956,{'Output': 'mismatch'},{'Output': 'mismatch'}
2957,{'Output': 'mismatch'},{'Output': 'mismatch'}
2958,{'Output': 'mismatch'},{'Output': 'mismatch'}
2959,{'Output': 'mismatch'},{'Output': 'mismatch'}
2960,{'Output': 'match'},{'Output': 'match'}
2961,{'Output': 'mismatch'},{'Output': 'mismatch'}
2962,{'Output': 'mismatch'},{'Output': 'mismatch'}
2963,{'Output': 'match'},{'Output': 'match'}
2964,{'Output': 'match'},{'Output': 'match'}
2965,{'Output': 'mismatch'},{'Output': 'mismatch'}
2966,{'Output': 'mismatch'},{'Output': 'mismatch'}
2967,{'Output': 'mismatch'},{'Output': 'mismatch'}
2968,{'Output': 'mismatch'},{'Output': 'mismatch'}
2969,{'Output': 'mismatch'},{'Output': 'mismatch'}
2970,{'Output': 'mismatch'},{'Output': 'mismatch'}
2971,{'Output': 'mismatch'},{'Output': 'mismatch'}
2972,{'Output': 'mismatch'},{'Output': 'mismatch'}
2973,{'Output': 'mismatch'},{'Output': 'mismatch'}
2974,{'Output': 'match'},{'Output': 'match'}
2975,{'Output': 'match'},{'Output': 'match'}
2976,{'Output': 'mismatch'},{'Output': 'mismatch'}
2977,{'Output': 'match'},{'Output': 'match'}
2978,{'Output': 'mismatch'},{'Output': 'mismatch'}
2979,{'Output': 'mismatch'},{'Output': 'mismatch'}
2980,{'Output': 'mismatch'},{'Output': 'mismatch'}
2981,{'Output': 'match'},{'Output': 'match'}
2982,{'Output': 'mismatch'},{'Output': 'mismatch'}
2983,{'Output': 'mismatch'},{'Output': 'mismatch'}
2984,{'Output': 'match'},{'Output': 'match'}
2985,{'Output': 'mismatch'},{'Output': 'mismatch'}
2986,{'Output': 'mismatch'},{'Output': 'mismatch'}
2987,{'Output': 'mismatch'},{'Output': 'mismatch'}
2988,{'Output': 'match'},{'Output': 'match'}
2989,{'Output': 'mismatch'},{'Output': 'mismatch'}
2990,{'Output': 'match'},{'Output': 'match'}
2991,{'Output': 'match'},{'Output': 'match'}
2992,{'Output': 'mismatch'},{'Output': 'mismatch'}
2993,{'Output': 'match'},{'Output': 'match'}
2994,{'Output': 'mismatch'},{'Output': 'mismatch'}
2995,{'Output': 'mismatch'},{'Output': 'mismatch'}
2996,{'Output': 'mismatch'},{'Output': 'mismatch'}
2997,{'Output': 'mismatch'},{'Output': 'mismatch'}
2998,{'Output': 'mismatch'},{'Output': 'match'}
2999,{'Output': 'match'},{'Output': 'match'}
3000,{'Output': 'mismatch'},{'Output': 'mismatch'}
3001,{'Output': 'mismatch'},{'Output': 'mismatch'}
3002,{'Output': 'mismatch'},{'Output': 'mismatch'}
3003,{'Output': 'mismatch'},{'Output': 'mismatch'}
3004,{'Output': 'mismatch'},{'Output': 'match'}
3005,{'Output': 'mismatch'},{'Output': 'mismatch'}
3006,{'Output': 'match'},{'Output': 'match'}
3007,{'Output': 'match'},{'Output': 'match'}
3008,{'Output': 'match'},{'Output': 'match'}
3009,{'Output': 'mismatch'},{'Output': 'mismatch'}
3010,{'Output': 'mismatch'},{'Output': 'mismatch'}
3011,{'Output': 'mismatch'},{'Output': 'mismatch'}
3012,{'Output': 'mismatch'},{'Output': 'mismatch'}
3013,{'Output': 'mismatch'},{'Output': 'mismatch'}
3014,{'Output': 'match'},{'Output': 'match'}
3015,{'Output': 'mismatch'},{'Output': 'mismatch'}
3016,{'Output': 'match'},{'Output': 'match'}
3017,{'Output': 'match'},{'Output': 'match'}
3018,{'Output': 'mismatch'},{'Output': 'mismatch'}
3019,{'Output': 'mismatch'},{'Output': 'mismatch'}
3020,{'Output': 'mismatch'},{'Output': 'mismatch'}
3021,{'Output': 'mismatch'},{'Output': 'mismatch'}
3022,{'Output': 'mismatch'},{'Output': 'mismatch'}
3023,{'Output': 'mismatch'},{'Output': 'mismatch'}
3024,{'Output': 'mismatch'},{'Output': 'mismatch'}
3025,{'Output': 'mismatch'},{'Output': 'mismatch'}
3026,{'Output': 'mismatch'},{'Output': 'match'}
3027,{'Output': 'mismatch'},{'Output': 'mismatch'}
3028,{'Output': 'mismatch'},{'Output': 'mismatch'}
3029,{'Output': 'match'},{'Output': 'match'}
3030,{'Output': 'match'},{'Output': 'match'}
3031,{'Output': 'match'},{'Output': 'match'}
3032,{'Output': 'mismatch'},{'Output': 'mismatch'}
3033,{'Output': 'match'},{'Output': 'match'}
3034,{'Output': 'mismatch'},{'Output': 'mismatch'}
3035,{'Output': 'mismatch'},{'Output': 'match'}
3036,{'Output': 'mismatch'},{'Output': 'mismatch'}
3037,{'Output': 'mismatch'},{'Output': 'mismatch'}
3038,{'Output': 'match'},{'Output': 'match'}
3039,{'Output': 'mismatch'},{'Output': 'mismatch'}
3040,{'Output': 'mismatch'},{'Output': 'mismatch'}
3041,{'Output': 'mismatch'},{'Output': 'mismatch'}
3042,{'Output': 'mismatch'},{'Output': 'mismatch'}
3043,{'Output': 'match'},{'Output': 'mismatch'}
3044,{'Output': 'mismatch'},{'Output': 'mismatch'}
3045,{'Output': 'mismatch'},{'Output': 'mismatch'}
3046,{'Output': 'mismatch'},{'Output': 'mismatch'}
3047,{'Output': 'mismatch'},{'Output': 'mismatch'}
3048,{'Output': 'mismatch'},{'Output': 'mismatch'}
3049,{'Output': 'mismatch'},{'Output': 'mismatch'}
3050,{'Output': 'match'},{'Output': 'match'}
3051,{'Output': 'mismatch'},{'Output': 'mismatch'}
3052,{'Output': 'mismatch'},{'Output': 'mismatch'}
3053,{'Output': 'mismatch'},{'Output': 'mismatch'}
3054,{'Output': 'mismatch'},{'Output': 'mismatch'}
3055,{'Output': 'match'},{'Output': 'match'}
3056,{'Output': 'mismatch'},{'Output': 'mismatch'}
3057,{'Output': 'mismatch'},{'Output': 'mismatch'}
3058,{'Output': 'mismatch'},{'Output': 'mismatch'}
3059,{'Output': 'match'},{'Output': 'match'}
3060,{'Output': 'mismatch'},{'Output': 'mismatch'}
3061,{'Output': 'mismatch'},{'Output': 'match'}
3062,{'Output': 'mismatch'},{'Output': 'mismatch'}
3063,{'Output': 'mismatch'},{'Output': 'mismatch'}
3064,{'Output': 'match'},{'Output': 'match'}
3065,{'Output': 'mismatch'},{'Output': 'mismatch'}
3066,{'Output': 'mismatch'},{'Output': 'mismatch'}
3067,{'Output': 'mismatch'},{'Output': 'mismatch'}
3068,{'Output': 'mismatch'},{'Output': 'mismatch'}
3069,{'Output': 'mismatch'},{'Output': 'mismatch'}
3070,{'Output': 'mismatch'},{'Output': 'mismatch'}
3071,{'Output': 'mismatch'},{'Output': 'match'}
3072,{'Output': 'mismatch'},{'Output': 'mismatch'}
3073,{'Output': 'mismatch'},{'Output': 'mismatch'}
3074,{'Output': 'mismatch'},{'Output': 'mismatch'}
3075,{'Output': 'mismatch'},{'Output': 'mismatch'}
3076,{'Output': 'mismatch'},{'Output': 'mismatch'}
3077,{'Output': 'mismatch'},{'Output': 'mismatch'}
3078,{'Output': 'match'},{'Output': 'match'}
3079,{'Output': 'match'},{'Output': 'match'}
3080,{'Output': 'mismatch'},{'Output': 'mismatch'}
3081,{'Output': 'mismatch'},{'Output': 'mismatch'}
3082,{'Output': 'mismatch'},{'Output': 'mismatch'}
3083,{'Output': 'match'},{'Output': 'match'}
3084,{'Output': 'mismatch'},{'Output': 'mismatch'}
3085,{'Output': 'mismatch'},{'Output': 'match'}
3086,{'Output': 'mismatch'},{'Output': 'mismatch'}
3087,{'Output': 'mismatch'},{'Output': 'mismatch'}
3088,{'Output': 'match'},{'Output': 'match'}
3089,{'Output': 'mismatch'},{'Output': 'mismatch'}
3090,{'Output': 'mismatch'},{'Output': 'mismatch'}
3091,{'Output': 'match'},{'Output': 'match'}
3092,{'Output': 'mismatch'},{'Output': 'mismatch'}
3093,{'Output': 'mismatch'},{'Output': 'mismatch'}
3094,{'Output': 'match'},{'Output': 'match'}
3095,{'Output': 'mismatch'},{'Output': 'mismatch'}
3096,{'Output': 'match'},{'Output': 'match'}
3097,{'Output': 'mismatch'},{'Output': 'mismatch'}
3098,{'Output': 'mismatch'},{'Output': 'mismatch'}
3099,{'Output': 'match'},{'Output': 'match'}
3100,{'Output': 'mismatch'},{'Output': 'mismatch'}
3101,{'Output': 'mismatch'},{'Output': 'mismatch'}
3102,{'Output': 'mismatch'},{'Output': 'mismatch'}
3103,{'Output': 'mismatch'},{'Output': 'mismatch'}
3104,{'Output': 'match'},{'Output': 'match'}
3105,{'Output': 'match'},{'Output': 'match'}
3106,{'Output': 'mismatch'},{'Output': 'mismatch'}
3107,{'Output': 'match'},{'Output': 'match'}
3108,{'Output': 'mismatch'},{'Output': 'mismatch'}
3109,{'Output': 'mismatch'},{'Output': 'mismatch'}
3110,{'Output': 'mismatch'},{'Output': 'mismatch'}
3111,{'Output': 'match'},{'Output': 'match'}
3112,{'Output': 'mismatch'},{'Output': 'mismatch'}
3113,{'Output': 'mismatch'},{'Output': 'mismatch'}
3114,{'Output': 'mismatch'},{'Output': 'mismatch'}
3115,{'Output': 'mismatch'},{'Output': 'mismatch'}
3116,{'Output': 'match'},{'Output': 'match'}
3117,{'Output': 'mismatch'},{'Output': 'mismatch'}
3118,{'Output': 'mismatch'},{'Output': 'mismatch'}
3119,{'Output': 'match'},{'Output': 'match'}
3120,{'Output': 'match'},{'Output': 'match'}
3121,{'Output': 'mismatch'},{'Output': 'mismatch'}
3122,{'Output': 'match'},{'Output': 'match'}
3123,{'Output': 'mismatch'},{'Output': 'mismatch'}
3124,{'Output': 'mismatch'},{'Output': 'mismatch'}
3125,{'Output': 'mismatch'},{'Output': 'mismatch'}
3126,{'Output': 'mismatch'},{'Output': 'mismatch'}
3127,{'Output': 'mismatch'},{'Output': 'mismatch'}
3128,{'Output': 'mismatch'},{'Output': 'mismatch'}
3129,{'Output': 'mismatch'},{'Output': 'mismatch'}
3130,{'Output': 'mismatch'},{'Output': 'mismatch'}
3131,{'Output': 'mismatch'},{'Output': 'mismatch'}
3132,{'Output': 'mismatch'},{'Output': 'mismatch'}
3133,{'Output': 'mismatch'},{'Output': 'mismatch'}
3134,{'Output': 'match'},{'Output': 'match'}
3135,{'Output': 'mismatch'},{'Output': 'mismatch'}
3136,{'Output': 'match'},{'Output': 'match'}
3137,{'Output': 'match'},{'Output': 'match'}
3138,{'Output': 'mismatch'},{'Output': 'mismatch'}
3139,{'Output': 'mismatch'},{'Output': 'mismatch'}
3140,{'Output': 'match'},{'Output': 'match'}
3141,{'Output': 'match'},{'Output': 'match'}
3142,{'Output': 'mismatch'},{'Output': 'mismatch'}
3143,{'Output': 'mismatch'},{'Output': 'mismatch'}
3144,{'Output': 'mismatch'},{'Output': 'mismatch'}
3145,{'Output': 'mismatch'},{'Output': 'mismatch'}
3146,{'Output': 'mismatch'},{'Output': 'mismatch'}
3147,{'Output': 'mismatch'},{'Output': 'mismatch'}
3148,{'Output': 'mismatch'},{'Output': 'mismatch'}
3149,{'Output': 'mismatch'},{'Output': 'mismatch'}
3150,{'Output': 'mismatch'},{'Output': 'mismatch'}
3151,{'Output': 'mismatch'},{'Output': 'mismatch'}
3152,{'Output': 'mismatch'},{'Output': 'mismatch'}
3153,{'Output': 'mismatch'},{'Output': 'mismatch'}
3154,{'Output': 'mismatch'},{'Output': 'mismatch'}
3155,{'Output': 'mismatch'},{'Output': 'mismatch'}
3156,{'Output': 'match'},{'Output': 'match'}
3157,{'Output': 'mismatch'},{'Output': 'mismatch'}
3158,{'Output': 'mismatch'},{'Output': 'mismatch'}
3159,{'Output': 'mismatch'},{'Output': 'mismatch'}
3160,{'Output': 'mismatch'},{'Output': 'mismatch'}
3161,{'Output': 'mismatch'},{'Output': 'mismatch'}
3162,{'Output': 'mismatch'},{'Output': 'mismatch'}
3163,{'Output': 'mismatch'},{'Output': 'mismatch'}
3164,{'Output': 'match'},{'Output': 'match'}
3165,{'Output': 'mismatch'},{'Output': 'mismatch'}
3166,{'Output': 'match'},{'Output': 'match'}
3167,{'Output': 'mismatch'},{'Output': 'mismatch'}
3168,{'Output': 'mismatch'},{'Output': 'mismatch'}
3169,{'Output': 'match'},{'Output': 'match'}
3170,{'Output': 'match'},{'Output': 'match'}
3171,{'Output': 'mismatch'},{'Output': 'mismatch'}
3172,{'Output': 'mismatch'},{'Output': 'mismatch'}
3173,{'Output': 'mismatch'},{'Output': 'mismatch'}
3174,{'Output': 'mismatch'},{'Output': 'mismatch'}
3175,{'Output': 'mismatch'},{'Output': 'mismatch'}
3176,{'Output': 'match'},{'Output': 'match'}
3177,{'Output': 'mismatch'},{'Output': 'mismatch'}
3178,{'Output': 'mismatch'},{'Output': 'mismatch'}
3179,{'Output': 'match'},{'Output': 'mismatch'}
3180,{'Output': 'mismatch'},{'Output': 'mismatch'}
3181,{'Output': 'match'},{'Output': 'match'}
3182,{'Output': 'mismatch'},{'Output': 'mismatch'}
3183,{'Output': 'mismatch'},{'Output': 'mismatch'}
3184,{'Output': 'match'},{'Output': 'match'}
3185,{'Output': 'mismatch'},{'Output': 'mismatch'}
3186,{'Output': 'mismatch'},{'Output': 'mismatch'}
3187,{'Output': 'mismatch'},{'Output': 'mismatch'}
3188,{'Output': 'mismatch'},{'Output': 'mismatch'}
3189,{'Output': 'mismatch'},{'Output': 'mismatch'}
3190,{'Output': 'mismatch'},{'Output': 'mismatch'}
3191,{'Output': 'match'},{'Output': 'match'}
3192,{'Output': 'match'},{'Output': 'match'}
3193,{'Output': 'mismatch'},{'Output': 'mismatch'}
3194,{'Output': 'mismatch'},{'Output': 'mismatch'}
3195,{'Output': 'mismatch'},{'Output': 'mismatch'}
3196,{'Output': 'mismatch'},{'Output': 'mismatch'}
3197,{'Output': 'mismatch'},{'Output': 'mismatch'}
3198,{'Output': 'match'},{'Output': 'match'}
3199,{'Output': 'mismatch'},{'Output': 'mismatch'}
3200,{'Output': 'mismatch'},{'Output': 'mismatch'}
3201,{'Output': 'mismatch'},{'Output': 'mismatch'}
3202,{'Output': 'match'},{'Output': 'match'}
3203,{'Output': 'mismatch'},{'Output': 'mismatch'}
3204,{'Output': 'match'},{'Output': 'match'}
3205,{'Output': 'match'},{'Output': 'match'}
3206,{'Output': 'mismatch'},{'Output': 'mismatch'}
3207,{'Output': 'match'},{'Output': 'match'}
3208,{'Output': 'mismatch'},{'Output': 'mismatch'}
3209,{'Output': 'mismatch'},{'Output': 'mismatch'}
3210,{'Output': 'match'},{'Output': 'match'}
3211,{'Output': 'mismatch'},{'Output': 'mismatch'}
3212,{'Output': 'mismatch'},{'Output': 'mismatch'}
3213,{'Output': 'mismatch'},{'Output': 'mismatch'}
3214,{'Output': 'mismatch'},{'Output': 'mismatch'}
3215,{'Output': 'match'},{'Output': 'match'}
3216,{'Output': 'mismatch'},{'Output': 'mismatch'}
3217,{'Output': 'mismatch'},{'Output': 'mismatch'}
3218,{'Output': 'mismatch'},{'Output': 'mismatch'}
3219,{'Output': 'match'},{'Output': 'match'}
3220,{'Output': 'match'},{'Output': 'match'}
3221,{'Output': 'mismatch'},{'Output': 'mismatch'}
3222,{'Output': 'mismatch'},{'Output': 'mismatch'}
3223,{'Output': 'mismatch'},{'Output': 'mismatch'}
3224,{'Output': 'mismatch'},{'Output': 'mismatch'}
3225,{'Output': 'mismatch'},{'Output': 'mismatch'}
3226,{'Output': 'mismatch'},{'Output': 'mismatch'}
3227,{'Output': 'match'},{'Output': 'match'}
3228,{'Output': 'match'},{'Output': 'match'}
3229,{'Output': 'mismatch'},{'Output': 'mismatch'}
3230,{'Output': 'mismatch'},{'Output': 'mismatch'}
3231,{'Output': 'match'},{'Output': 'match'}
3232,{'Output': 'mismatch'},{'Output': 'mismatch'}
3233,{'Output': 'mismatch'},{'Output': 'mismatch'}
3234,{'Output': 'mismatch'},{'Output': 'mismatch'}
3235,{'Output': 'mismatch'},{'Output': 'mismatch'}
3236,{'Output': 'mismatch'},{'Output': 'mismatch'}
3237,{'Output': 'mismatch'},{'Output': 'mismatch'}
3238,{'Output': 'mismatch'},{'Output': 'mismatch'}
3239,{'Output': 'mismatch'},{'Output': 'mismatch'}
3240,{'Output': 'match'},{'Output': 'match'}
3241,{'Output': 'mismatch'},{'Output': 'mismatch'}
3242,{'Output': 'mismatch'},{'Output': 'mismatch'}
3243,{'Output': 'mismatch'},{'Output': 'mismatch'}
3244,{'Output': 'mismatch'},{'Output': 'mismatch'}
3245,{'Output': 'mismatch'},{'Output': 'mismatch'}
3246,{'Output': 'match'},{'Output': 'match'}
3247,{'Output': 'mismatch'},{'Output': 'mismatch'}
3248,{'Output': 'mismatch'},{'Output': 'mismatch'}
3249,{'Output': 'mismatch'},{'Output': 'match'}
3250,{'Output': 'match'},{'Output': 'match'}
3251,{'Output': 'match'},{'Output': 'match'}
3252,{'Output': 'mismatch'},{'Output': 'mismatch'}
3253,{'Output': 'mismatch'},{'Output': 'mismatch'}
3254,{'Output': 'mismatch'},{'Output': 'mismatch'}
3255,{'Output': 'mismatch'},{'Output': 'mismatch'}
3256,{'Output': 'match'},{'Output': 'mismatch'}
3257,{'Output': 'mismatch'},{'Output': 'mismatch'}
3258,{'Output': 'mismatch'},{'Output': 'mismatch'}
3259,{'Output': 'match'},{'Output': 'match'}
3260,{'Output': 'mismatch'},{'Output': 'mismatch'}
3261,{'Output': 'mismatch'},{'Output': 'mismatch'}
3262,{'Output': 'mismatch'},{'Output': 'mismatch'}
3263,{'Output': 'match'},{'Output': 'match'}
3264,{'Output': 'mismatch'},{'Output': 'mismatch'}
3265,{'Output': 'mismatch'},{'Output': 'mismatch'}
3266,{'Output': 'mismatch'},{'Output': 'mismatch'}
3267,{'Output': 'mismatch'},{'Output': 'mismatch'}
3268,{'Output': 'match'},{'Output': 'match'}
3269,{'Output': 'mismatch'},{'Output': 'mismatch'}
3270,{'Output': 'mismatch'},{'Output': 'mismatch'}
3271,{'Output': 'mismatch'},{'Output': 'mismatch'}
3272,{'Output': 'mismatch'},{'Output': 'mismatch'}
3273,{'Output': 'mismatch'},{'Output': 'mismatch'}
3274,{'Output': 'mismatch'},{'Output': 'mismatch'}
3275,{'Output': 'mismatch'},{'Output': 'mismatch'}
3276,{'Output': 'mismatch'},{'Output': 'mismatch'}
3277,{'Output': 'mismatch'},{'Output': 'mismatch'}
3278,{'Output': 'mismatch'},{'Output': 'mismatch'}
3279,{'Output': 'match'},{'Output': 'match'}
3280,{'Output': 'mismatch'},{'Output': 'mismatch'}
3281,{'Output': 'match'},{'Output': 'match'}
3282,{'Output': 'mismatch'},{'Output': 'match'}
3283,{'Output': 'match'},{'Output': 'match'}
3284,{'Output': 'mismatch'},{'Output': 'mismatch'}
3285,{'Output': 'mismatch'},{'Output': 'mismatch'}
3286,{'Output': 'match'},{'Output': 'match'}
3287,{'Output': 'mismatch'},{'Output': 'mismatch'}
3288,{'Output': 'mismatch'},{'Output': 'mismatch'}
3289,{'Output': 'mismatch'},{'Output': 'mismatch'}
3290,{'Output': 'mismatch'},{'Output': 'mismatch'}
3291,{'Output': 'mismatch'},{'Output': 'mismatch'}
3292,{'Output': 'mismatch'},{'Output': 'mismatch'}
3293,{'Output': 'mismatch'},{'Output': 'match'}
3294,{'Output': 'mismatch'},{'Output': 'mismatch'}
3295,{'Output': 'match'},{'Output': 'match'}
3296,{'Output': 'mismatch'},{'Output': 'mismatch'}
3297,{'Output': 'match'},{'Output': 'match'}
3298,{'Output': 'mismatch'},{'Output': 'mismatch'}
3299,{'Output': 'mismatch'},{'Output': 'mismatch'}
3300,{'Output': 'mismatch'},{'Output': 'mismatch'}
3301,{'Output': 'mismatch'},{'Output': 'mismatch'}
3302,{'Output': 'mismatch'},{'Output': 'mismatch'}
3303,{'Output': 'match'},{'Output': 'match'}
3304,{'Output': 'mismatch'},{'Output': 'mismatch'}
3305,{'Output': 'mismatch'},{'Output': 'mismatch'}
3306,{'Output': 'mismatch'},{'Output': 'mismatch'}
3307,{'Output': 'mismatch'},{'Output': 'match'}
3308,{'Output': 'match'},{'Output': 'match'}
3309,{'Output': 'mismatch'},{'Output': 'mismatch'}
3310,{'Output': 'match'},{'Output': 'match'}
3311,{'Output': 'mismatch'},{'Output': 'mismatch'}
3312,{'Output': 'mismatch'},{'Output': 'mismatch'}
3313,{'Output': 'mismatch'},{'Output': 'mismatch'}
3314,{'Output': 'match'},{'Output': 'match'}
3315,{'Output': 'mismatch'},{'Output': 'mismatch'}
3316,{'Output': 'mismatch'},{'Output': 'mismatch'}
3317,{'Output': 'match'},{'Output': 'match'}
3318,{'Output': 'mismatch'},{'Output': 'match'}
3319,{'Output': 'mismatch'},{'Output': 'mismatch'}
3320,{'Output': 'mismatch'},{'Output': 'mismatch'}
3321,{'Output': 'mismatch'},{'Output': 'mismatch'}
3322,{'Output': 'match'},{'Output': 'match'}
3323,{'Output': 'mismatch'},{'Output': 'mismatch'}
3324,{'Output': 'mismatch'},{'Output': 'mismatch'}
3325,{'Output': 'mismatch'},{'Output': 'mismatch'}
3326,{'Output': 'mismatch'},{'Output': 'mismatch'}
3327,{'Output': 'mismatch'},{'Output': 'mismatch'}
3328,{'Output': 'match'},{'Output': 'match'}
3329,{'Output': 'match'},{'Output': 'match'}
3330,{'Output': 'mismatch'},{'Output': 'mismatch'}
3331,{'Output': 'match'},{'Output': 'match'}
3332,{'Output': 'mismatch'},{'Output': 'mismatch'}
3333,{'Output': 'mismatch'},{'Output': 'mismatch'}
3334,{'Output': 'mismatch'},{'Output': 'mismatch'}
3335,{'Output': 'mismatch'},{'Output': 'mismatch'}
3336,{'Output': 'match'},{'Output': 'match'}
3337,{'Output': 'match'},{'Output': 'match'}
3338,{'Output': 'match'},{'Output': 'match'}
3339,{'Output': 'mismatch'},{'Output': 'mismatch'}
3340,{'Output': 'match'},{'Output': 'match'}
3341,{'Output': 'mismatch'},{'Output': 'mismatch'}
3342,{'Output': 'match'},{'Output': 'match'}
3343,{'Output': 'match'},{'Output': 'match'}
3344,{'Output': 'mismatch'},{'Output': 'mismatch'}
3345,{'Output': 'mismatch'},{'Output': 'mismatch'}
3346,{'Output': 'mismatch'},{'Output': 'mismatch'}
3347,{'Output': 'match'},{'Output': 'match'}
3348,{'Output': 'mismatch'},{'Output': 'mismatch'}
3349,{'Output': 'match'},{'Output': 'match'}
3350,{'Output': 'mismatch'},{'Output': 'mismatch'}
3351,{'Output': 'match'},{'Output': 'match'}
3352,{'Output': 'mismatch'},{'Output': 'mismatch'}
3353,{'Output': 'mismatch'},{'Output': 'mismatch'}
3354,{'Output': 'match'},{'Output': 'match'}
3355,{'Output': 'mismatch'},{'Output': 'mismatch'}
3356,{'Output': 'match'},{'Output': 'match'}
3357,{'Output': 'mismatch'},{'Output': 'mismatch'}
3358,{'Output': 'mismatch'},{'Output': 'mismatch'}
3359,{'Output': 'mismatch'},{'Output': 'mismatch'}
3360,{'Output': 'mismatch'},{'Output': 'mismatch'}
3361,{'Output': 'match'},{'Output': 'match'}
3362,{'Output': 'match'},{'Output': 'match'}
3363,{'Output': 'mismatch'},{'Output': 'mismatch'}
3364,{'Output': 'match'},{'Output': 'match'}
3365,{'Output': 'mismatch'},{'Output': 'mismatch'}
3366,{'Output': 'mismatch'},{'Output': 'mismatch'}
3367,{'Output': 'mismatch'},{'Output': 'mismatch'}
3368,{'Output': 'match'},{'Output': 'mismatch'}
3369,{'Output': 'mismatch'},{'Output': 'mismatch'}
3370,{'Output': 'mismatch'},{'Output': 'mismatch'}
3371,{'Output': 'mismatch'},{'Output': 'mismatch'}
3372,{'Output': 'match'},{'Output': 'match'}
3373,{'Output': 'mismatch'},{'Output': 'mismatch'}
3374,{'Output': 'mismatch'},{'Output': 'mismatch'}
3375,{'Output': 'mismatch'},{'Output': 'mismatch'}
3376,{'Output': 'mismatch'},{'Output': 'mismatch'}
3377,{'Output': 'mismatch'},{'Output': 'mismatch'}
3378,{'Output': 'match'},{'Output': 'match'}
3379,{'Output': 'mismatch'},{'Output': 'mismatch'}
3380,{'Output': 'match'},{'Output': 'match'}
3381,{'Output': 'mismatch'},{'Output': 'match'}
3382,{'Output': 'match'},{'Output': 'match'}
3383,{'Output': 'mismatch'},{'Output': 'mismatch'}
3384,{'Output': 'mismatch'},{'Output': 'mismatch'}
3385,{'Output': 'mismatch'},{'Output': 'mismatch'}
3386,{'Output': 'mismatch'},{'Output': 'mismatch'}
3387,{'Output': 'mismatch'},{'Output': 'mismatch'}
3388,{'Output': 'mismatch'},{'Output': 'mismatch'}
3389,{'Output': 'mismatch'},{'Output': 'mismatch'}
3390,{'Output': 'mismatch'},{'Output': 'mismatch'}
3391,{'Output': 'mismatch'},{'Output': 'mismatch'}
3392,{'Output': 'mismatch'},{'Output': 'mismatch'}
3393,{'Output': 'mismatch'},{'Output': 'mismatch'}
3394,{'Output': 'match'},{'Output': 'match'}
3395,{'Output': 'mismatch'},{'Output': 'mismatch'}
3396,{'Output': 'mismatch'},{'Output': 'mismatch'}
3397,{'Output': 'mismatch'},{'Output': 'mismatch'}
3398,{'Output': 'mismatch'},{'Output': 'mismatch'}
3399,{'Output': 'mismatch'},{'Output': 'mismatch'}
3400,{'Output': 'mismatch'},{'Output': 'mismatch'}
3401,{'Output': 'mismatch'},{'Output': 'mismatch'}
3402,{'Output': 'mismatch'},{'Output': 'mismatch'}
3403,{'Output': 'mismatch'},{'Output': 'mismatch'}
3404,{'Output': 'mismatch'},{'Output': 'mismatch'}
3405,{'Output': 'mismatch'},{'Output': 'mismatch'}
3406,{'Output': 'mismatch'},{'Output': 'mismatch'}
3407,{'Output': 'match'},{'Output': 'match'}
3408,{'Output': 'mismatch'},{'Output': 'mismatch'}
3409,{'Output': 'mismatch'},{'Output': 'mismatch'}
3410,{'Output': 'mismatch'},{'Output': 'mismatch'}
3411,{'Output': 'match'},{'Output': 'match'}
3412,{'Output': 'match'},{'Output': 'match'}
3413,{'Output': 'mismatch'},{'Output': 'mismatch'}
3414,{'Output': 'mismatch'},{'Output': 'mismatch'}
3415,{'Output': 'mismatch'},{'Output': 'mismatch'}
3416,{'Output': 'match'},{'Output': 'match'}
3417,{'Output': 'match'},{'Output': 'match'}
3418,{'Output': 'mismatch'},{'Output': 'mismatch'}
3419,{'Output': 'mismatch'},{'Output': 'mismatch'}
3420,{'Output': 'mismatch'},{'Output': 'mismatch'}
3421,{'Output': 'mismatch'},{'Output': 'mismatch'}
3422,{'Output': 'match'},{'Output': 'match'}
3423,{'Output': 'mismatch'},{'Output': 'mismatch'}
3424,{'Output': 'mismatch'},{'Output': 'mismatch'}
3425,{'Output': 'mismatch'},{'Output': 'mismatch'}
3426,{'Output': 'mismatch'},{'Output': 'mismatch'}
3427,{'Output': 'mismatch'},{'Output': 'mismatch'}
3428,{'Output': 'match'},{'Output': 'match'}
3429,{'Output': 'mismatch'},{'Output': 'mismatch'}
3430,{'Output': 'mismatch'},{'Output': 'mismatch'}
3431,{'Output': 'mismatch'},{'Output': 'mismatch'}
3432,{'Output': 'mismatch'},{'Output': 'mismatch'}
3433,{'Output': 'match'},{'Output': 'match'}
3434,{'Output': 'mismatch'},{'Output': 'mismatch'}
3435,{'Output': 'mismatch'},{'Output': 'mismatch'}
3436,{'Output': 'mismatch'},{'Output': 'mismatch'}
3437,{'Output': 'mismatch'},{'Output': 'mismatch'}
3438,{'Output': 'mismatch'},{'Output': 'mismatch'}
3439,{'Output': 'mismatch'},{'Output': 'mismatch'}
3440,{'Output': 'mismatch'},{'Output': 'mismatch'}
3441,{'Output': 'mismatch'},{'Output': 'mismatch'}
3442,{'Output': 'mismatch'},{'Output': 'mismatch'}
3443,{'Output': 'mismatch'},{'Output': 'mismatch'}
3444,{'Output': 'mismatch'},{'Output': 'mismatch'}
3445,{'Output': 'mismatch'},{'Output': 'mismatch'}
3446,{'Output': 'match'},{'Output': 'match'}
3447,{'Output': 'mismatch'},{'Output': 'mismatch'}
3448,{'Output': 'mismatch'},{'Output': 'mismatch'}
3449,{'Output': 'mismatch'},{'Output': 'mismatch'}
3450,{'Output': 'mismatch'},{'Output': 'mismatch'}
3451,{'Output': 'match'},{'Output': 'match'}
3452,{'Output': 'mismatch'},{'Output': 'match'}
3453,{'Output': 'match'},{'Output': 'match'}
3454,{'Output': 'mismatch'},{'Output': 'mismatch'}
3455,{'Output': 'match'},{'Output': 'match'}
3456,{'Output': 'mismatch'},{'Output': 'mismatch'}
3457,{'Output': 'mismatch'},{'Output': 'match'}
3458,{'Output': 'mismatch'},{'Output': 'mismatch'}
3459,{'Output': 'mismatch'},{'Output': 'mismatch'}
3460,{'Output': 'mismatch'},{'Output': 'mismatch'}
3461,{'Output': 'mismatch'},{'Output': 'mismatch'}
3462,{'Output': 'mismatch'},{'Output': 'mismatch'}
3463,{'Output': 'match'},{'Output': 'match'}
3464,{'Output': 'mismatch'},{'Output': 'mismatch'}
3465,{'Output': 'mismatch'},{'Output': 'mismatch'}
3466,{'Output': 'match'},{'Output': 'match'}
3467,{'Output': 'mismatch'},{'Output': 'mismatch'}
3468,{'Output': 'mismatch'},{'Output': 'mismatch'}
3469,{'Output': 'match'},{'Output': 'match'}
3470,{'Output': 'mismatch'},{'Output': 'mismatch'}
3471,{'Output': 'mismatch'},{'Output': 'mismatch'}
3472,{'Output': 'match'},{'Output': 'match'}
3473,{'Output': 'mismatch'},{'Output': 'mismatch'}
3474,{'Output': 'mismatch'},{'Output': 'mismatch'}
3475,{'Output': 'mismatch'},{'Output': 'mismatch'}
3476,{'Output': 'mismatch'},{'Output': 'mismatch'}
3477,{'Output': 'mismatch'},{'Output': 'match'}
3478,{'Output': 'mismatch'},{'Output': 'mismatch'}
3479,{'Output': 'mismatch'},{'Output': 'mismatch'}
3480,{'Output': 'mismatch'},{'Output': 'mismatch'}
3481,{'Output': 'mismatch'},{'Output': 'mismatch'}
3482,{'Output': 'mismatch'},{'Output': 'mismatch'}
3483,{'Output': 'mismatch'},{'Output': 'mismatch'}
3484,{'Output': 'match'},{'Output': 'match'}
3485,{'Output': 'mismatch'},{'Output': 'mismatch'}
3486,{'Output': 'match'},{'Output': 'match'}
3487,{'Output': 'mismatch'},{'Output': 'mismatch'}
3488,{'Output': 'mismatch'},{'Output': 'mismatch'}
3489,{'Output': 'match'},{'Output': 'match'}
3490,{'Output': 'mismatch'},{'Output': 'mismatch'}
3491,{'Output': 'mismatch'},{'Output': 'mismatch'}
3492,{'Output': 'match'},{'Output': 'match'}
3493,{'Output': 'mismatch'},{'Output': 'mismatch'}
3494,{'Output': 'mismatch'},{'Output': 'mismatch'}
3495,{'Output': 'mismatch'},{'Output': 'match'}
3496,{'Output': 'mismatch'},{'Output': 'mismatch'}
3497,{'Output': 'match'},{'Output': 'match'}
3498,{'Output': 'mismatch'},{'Output': 'mismatch'}
3499,{'Output': 'match'},{'Output': 'match'}
3500,{'Output': 'match'},{'Output': 'match'}
3501,{'Output': 'mismatch'},{'Output': 'mismatch'}
3502,{'Output': 'mismatch'},{'Output': 'mismatch'}
3503,{'Output': 'mismatch'},{'Output': 'mismatch'}
3504,{'Output': 'mismatch'},{'Output': 'mismatch'}
3505,{'Output': 'match'},{'Output': 'match'}
3506,{'Output': 'match'},{'Output': 'match'}
3507,{'Output': 'mismatch'},{'Output': 'mismatch'}
3508,{'Output': 'mismatch'},{'Output': 'mismatch'}
3509,{'Output': 'match'},{'Output': 'match'}
3510,{'Output': 'mismatch'},{'Output': 'mismatch'}
3511,{'Output': 'mismatch'},{'Output': 'mismatch'}
3512,{'Output': 'mismatch'},{'Output': 'match'}
3513,{'Output': 'mismatch'},{'Output': 'mismatch'}
3514,{'Output': 'mismatch'},{'Output': 'mismatch'}
3515,{'Output': 'mismatch'},{'Output': 'mismatch'}
3516,{'Output': 'match'},{'Output': 'match'}
3517,{'Output': 'mismatch'},{'Output': 'mismatch'}
3518,{'Output': 'match'},{'Output': 'match'}
3519,{'Output': 'mismatch'},{'Output': 'mismatch'}
3520,{'Output': 'match'},{'Output': 'match'}
3521,{'Output': 'mismatch'},{'Output': 'mismatch'}
3522,{'Output': 'mismatch'},{'Output': 'mismatch'}
3523,{'Output': 'match'},{'Output': 'match'}
3524,{'Output': 'mismatch'},{'Output': 'mismatch'}
3525,{'Output': 'mismatch'},{'Output': 'mismatch'}
3526,{'Output': 'mismatch'},{'Output': 'mismatch'}
3527,{'Output': 'mismatch'},{'Output': 'mismatch'}
3528,{'Output': 'mismatch'},{'Output': 'mismatch'}
3529,{'Output': 'match'},{'Output': 'match'}
3530,{'Output': 'match'},{'Output': 'match'}
3531,{'Output': 'mismatch'},{'Output': 'mismatch'}
3532,{'Output': 'match'},{'Output': 'match'}
3533,{'Output': 'match'},{'Output': 'match'}
3534,{'Output': 'mismatch'},{'Output': 'mismatch'}
3535,{'Output': 'mismatch'},{'Output': 'mismatch'}
3536,{'Output': 'mismatch'},{'Output': 'mismatch'}
3537,{'Output': 'match'},{'Output': 'match'}
3538,{'Output': 'mismatch'},{'Output': 'mismatch'}
3539,{'Output': 'mismatch'},{'Output': 'mismatch'}
3540,{'Output': 'mismatch'},{'Output': 'mismatch'}
3541,{'Output': 'mismatch'},{'Output': 'mismatch'}
3542,{'Output': 'mismatch'},{'Output': 'mismatch'}
3543,{'Output': 'mismatch'},{'Output': 'mismatch'}
3544,{'Output': 'mismatch'},{'Output': 'mismatch'}
3545,{'Output': 'mismatch'},{'Output': 'mismatch'}
3546,{'Output': 'match'},{'Output': 'match'}
3547,{'Output': 'match'},{'Output': 'match'}
3548,{'Output': 'match'},{'Output': 'match'}
3549,{'Output': 'mismatch'},{'Output': 'mismatch'}
3550,{'Output': 'mismatch'},{'Output': 'mismatch'}
3551,{'Output': 'match'},{'Output': 'match'}
3552,{'Output': 'mismatch'},{'Output': 'mismatch'}
3553,{'Output': 'match'},{'Output': 'match'}
3554,{'Output': 'mismatch'},{'Output': 'mismatch'}
3555,{'Output': 'mismatch'},{'Output': 'mismatch'}
3556,{'Output': 'mismatch'},{'Output': 'mismatch'}
3557,{'Output': 'match'},{'Output': 'match'}
3558,{'Output': 'mismatch'},{'Output': 'match'}
3559,{'Output': 'match'},{'Output': 'match'}
3560,{'Output': 'match'},{'Output': 'match'}
3561,{'Output': 'match'},{'Output': 'match'}
3562,{'Output': 'mismatch'},{'Output': 'match'}
3563,{'Output': 'mismatch'},{'Output': 'mismatch'}
3564,{'Output': 'match'},{'Output': 'match'}
3565,{'Output': 'mismatch'},{'Output': 'mismatch'}
3566,{'Output': 'match'},{'Output': 'match'}
3567,{'Output': 'match'},{'Output': 'match'}
3568,{'Output': 'mismatch'},{'Output': 'mismatch'}
3569,{'Output': 'mismatch'},{'Output': 'mismatch'}
3570,{'Output': 'mismatch'},{'Output': 'mismatch'}
3571,{'Output': 'mismatch'},{'Output': 'mismatch'}
3572,{'Output': 'mismatch'},{'Output': 'match'}
3573,{'Output': 'mismatch'},{'Output': 'mismatch'}
3574,{'Output': 'match'},{'Output': 'match'}
3575,{'Output': 'match'},{'Output': 'match'}
3576,{'Output': 'mismatch'},{'Output': 'match'}
3577,{'Output': 'mismatch'},{'Output': 'mismatch'}
3578,{'Output': 'mismatch'},{'Output': 'mismatch'}
3579,{'Output': 'mismatch'},{'Output': 'mismatch'}
3580,{'Output': 'match'},{'Output': 'match'}
3581,{'Output': 'mismatch'},{'Output': 'mismatch'}
3582,{'Output': 'mismatch'},{'Output': 'mismatch'}
3583,{'Output': 'match'},{'Output': 'match'}
3584,{'Output': 'mismatch'},{'Output': 'mismatch'}
3585,{'Output': 'mismatch'},{'Output': 'mismatch'}
3586,{'Output': 'mismatch'},{'Output': 'mismatch'}
3587,{'Output': 'mismatch'},{'Output': 'mismatch'}
3588,{'Output': 'mismatch'},{'Output': 'mismatch'}
3589,{'Output': 'mismatch'},{'Output': 'mismatch'}
3590,{'Output': 'mismatch'},{'Output': 'mismatch'}
3591,{'Output': 'match'},{'Output': 'match'}
3592,{'Output': 'mismatch'},{'Output': 'mismatch'}
3593,{'Output': 'mismatch'},{'Output': 'mismatch'}
3594,{'Output': 'match'},{'Output': 'match'}
3595,{'Output': 'mismatch'},{'Output': 'mismatch'}
3596,{'Output': 'mismatch'},{'Output': 'mismatch'}
3597,{'Output': 'mismatch'},{'Output': 'mismatch'}
3598,{'Output': 'match'},{'Output': 'match'}
3599,{'Output': 'mismatch'},{'Output': 'mismatch'}
3600,{'Output': 'mismatch'},{'Output': 'mismatch'}
3601,{'Output': 'mismatch'},{'Output': 'mismatch'}
3602,{'Output': 'mismatch'},{'Output': 'mismatch'}
3603,{'Output': 'mismatch'},{'Output': 'mismatch'}
3604,{'Output': 'mismatch'},{'Output': 'mismatch'}
3605,{'Output': 'match'},{'Output': 'match'}
3606,{'Output': 'mismatch'},{'Output': 'mismatch'}
3607,{'Output': 'mismatch'},{'Output': 'mismatch'}
3608,{'Output': 'mismatch'},{'Output': 'mismatch'}
3609,{'Output': 'mismatch'},{'Output': 'mismatch'}
3610,{'Output': 'mismatch'},{'Output': 'mismatch'}
3611,{'Output': 'mismatch'},{'Output': 'mismatch'}
3612,{'Output': 'match'},{'Output': 'match'}
3613,{'Output': 'mismatch'},{'Output': 'mismatch'}
3614,{'Output': 'match'},{'Output': 'match'}
3615,{'Output': 'match'},{'Output': 'match'}
3616,{'Output': 'mismatch'},{'Output': 'mismatch'}
3617,{'Output': 'mismatch'},{'Output': 'mismatch'}
3618,{'Output': 'mismatch'},{'Output': 'mismatch'}
3619,{'Output': 'match'},{'Output': 'match'}
3620,{'Output': 'match'},{'Output': 'match'}
3621,{'Output': 'mismatch'},{'Output': 'mismatch'}
3622,{'Output': 'mismatch'},{'Output': 'mismatch'}
3623,{'Output': 'mismatch'},{'Output': 'mismatch'}
3624,{'Output': 'mismatch'},{'Output': 'mismatch'}
3625,{'Output': 'mismatch'},{'Output': 'mismatch'}
3626,{'Output': 'mismatch'},{'Output': 'mismatch'}
3627,{'Output': 'mismatch'},{'Output': 'mismatch'}
3628,{'Output': 'mismatch'},{'Output': 'mismatch'}
3629,{'Output': 'match'},{'Output': 'match'}
3630,{'Output': 'mismatch'},{'Output': 'mismatch'}
3631,{'Output': 'mismatch'},{'Output': 'mismatch'}
3632,{'Output': 'mismatch'},{'Output': 'match'}
3633,{'Output': 'mismatch'},{'Output': 'mismatch'}
3634,{'Output': 'match'},{'Output': 'match'}
3635,{'Output': 'mismatch'},{'Output': 'mismatch'}
3636,{'Output': 'mismatch'},{'Output': 'mismatch'}
3637,{'Output': 'mismatch'},{'Output': 'mismatch'}
3638,{'Output': 'mismatch'},{'Output': 'mismatch'}
3639,{'Output': 'match'},{'Output': 'match'}
3640,{'Output': 'mismatch'},{'Output': 'mismatch'}
3641,{'Output': 'mismatch'},{'Output': 'mismatch'}
3642,{'Output': 'mismatch'},{'Output': 'mismatch'}
3643,{'Output': 'mismatch'},{'Output': 'mismatch'}
3644,{'Output': 'match'},{'Output': 'match'}
3645,{'Output': 'mismatch'},{'Output': 'mismatch'}
3646,{'Output': 'match'},{'Output': 'match'}
3647,{'Output': 'mismatch'},{'Output': 'mismatch'}
3648,{'Output': 'mismatch'},{'Output': 'mismatch'}
3649,{'Output': 'mismatch'},{'Output': 'mismatch'}
3650,{'Output': 'mismatch'},{'Output': 'mismatch'}
3651,{'Output': 'mismatch'},{'Output': 'mismatch'}
3652,{'Output': 'mismatch'},{'Output': 'mismatch'}
3653,{'Output': 'mismatch'},{'Output': 'mismatch'}
3654,{'Output': 'mismatch'},{'Output': 'mismatch'}
3655,{'Output': 'mismatch'},{'Output': 'mismatch'}
3656,{'Output': 'mismatch'},{'Output': 'mismatch'}
3657,{'Output': 'match'},{'Output': 'match'}
3658,{'Output': 'match'},{'Output': 'match'}
3659,{'Output': 'match'},{'Output': 'match'}
3660,{'Output': 'mismatch'},{'Output': 'mismatch'}
3661,{'Output': 'mismatch'},{'Output': 'mismatch'}
3662,{'Output': 'match'},{'Output': 'match'}
3663,{'Output': 'mismatch'},{'Output': 'mismatch'}
3664,{'Output': 'match'},{'Output': 'match'}
3665,{'Output': 'mismatch'},{'Output': 'mismatch'}
3666,{'Output': 'mismatch'},{'Output': 'mismatch'}
3667,{'Output': 'mismatch'},{'Output': 'mismatch'}
3668,{'Output': 'match'},{'Output': 'match'}
3669,{'Output': 'match'},{'Output': 'match'}
3670,{'Output': 'match'},{'Output': 'match'}
3671,{'Output': 'mismatch'},{'Output': 'mismatch'}
3672,{'Output': 'mismatch'},{'Output': 'mismatch'}
3673,{'Output': 'mismatch'},{'Output': 'mismatch'}
3674,{'Output': 'mismatch'},{'Output': 'mismatch'}
3675,{'Output': 'mismatch'},{'Output': 'mismatch'}
3676,{'Output': 'mismatch'},{'Output': 'mismatch'}
3677,{'Output': 'mismatch'},{'Output': 'match'}
3678,{'Output': 'mismatch'},{'Output': 'mismatch'}
3679,{'Output': 'mismatch'},{'Output': 'match'}
3680,{'Output': 'mismatch'},{'Output': 'mismatch'}
3681,{'Output': 'mismatch'},{'Output': 'mismatch'}
3682,{'Output': 'mismatch'},{'Output': 'mismatch'}
3683,{'Output': 'mismatch'},{'Output': 'mismatch'}
3684,{'Output': 'match'},{'Output': 'match'}
3685,{'Output': 'mismatch'},{'Output': 'mismatch'}
3686,{'Output': 'mismatch'},{'Output': 'mismatch'}
3687,{'Output': 'mismatch'},{'Output': 'mismatch'}
3688,{'Output': 'match'},{'Output': 'match'}
3689,{'Output': 'mismatch'},{'Output': 'match'}
3690,{'Output': 'mismatch'},{'Output': 'mismatch'}
3691,{'Output': 'mismatch'},{'Output': 'mismatch'}
3692,{'Output': 'mismatch'},{'Output': 'mismatch'}
3693,{'Output': 'match'},{'Output': 'match'}
3694,{'Output': 'mismatch'},{'Output': 'mismatch'}
3695,{'Output': 'mismatch'},{'Output': 'mismatch'}
3696,{'Output': 'mismatch'},{'Output': 'mismatch'}
3697,{'Output': 'mismatch'},{'Output': 'match'}
3698,{'Output': 'match'},{'Output': 'match'}
3699,{'Output': 'mismatch'},{'Output': 'mismatch'}
3700,{'Output': 'mismatch'},{'Output': 'mismatch'}
3701,{'Output': 'mismatch'},{'Output': 'mismatch'}
3702,{'Output': 'mismatch'},{'Output': 'mismatch'}
3703,{'Output': 'mismatch'},{'Output': 'mismatch'}
3704,{'Output': 'mismatch'},{'Output': 'mismatch'}
3705,{'Output': 'mismatch'},{'Output': 'mismatch'}
3706,{'Output': 'mismatch'},{'Output': 'mismatch'}
3707,{'Output': 'match'},{'Output': 'match'}
3708,{'Output': 'mismatch'},{'Output': 'mismatch'}
3709,{'Output': 'mismatch'},{'Output': 'mismatch'}
3710,{'Output': 'mismatch'},{'Output': 'mismatch'}
3711,{'Output': 'mismatch'},{'Output': 'mismatch'}
3712,{'Output': 'mismatch'},{'Output': 'mismatch'}
3713,{'Output': 'mismatch'},{'Output': 'mismatch'}
3714,{'Output': 'mismatch'},{'Output': 'mismatch'}
3715,{'Output': 'mismatch'},{'Output': 'mismatch'}
3716,{'Output': 'match'},{'Output': 'match'}
3717,{'Output': 'mismatch'},{'Output': 'mismatch'}
3718,{'Output': 'mismatch'},{'Output': 'mismatch'}
3719,{'Output': 'mismatch'},{'Output': 'mismatch'}
3720,{'Output': 'mismatch'},{'Output': 'mismatch'}
3721,{'Output': 'mismatch'},{'Output': 'mismatch'}
3722,{'Output': 'mismatch'},{'Output': 'mismatch'}
3723,{'Output': 'match'},{'Output': 'match'}
3724,{'Output': 'mismatch'},{'Output': 'mismatch'}
3725,{'Output': 'mismatch'},{'Output': 'mismatch'}
3726,{'Output': 'mismatch'},{'Output': 'mismatch'}
3727,{'Output': 'match'},{'Output': 'match'}
3728,{'Output': 'match'},{'Output': 'mismatch'}
3729,{'Output': 'mismatch'},{'Output': 'mismatch'}
3730,{'Output': 'mismatch'},{'Output': 'mismatch'}
3731,{'Output': 'mismatch'},{'Output': 'mismatch'}
3732,{'Output': 'match'},{'Output': 'match'}
3733,{'Output': 'match'},{'Output': 'match'}
3734,{'Output': 'mismatch'},{'Output': 'mismatch'}
3735,{'Output': 'match'},{'Output': 'match'}
3736,{'Output': 'mismatch'},{'Output': 'mismatch'}
3737,{'Output': 'mismatch'},{'Output': 'mismatch'}
3738,{'Output': 'mismatch'},{'Output': 'mismatch'}
3739,{'Output': 'mismatch'},{'Output': 'mismatch'}
3740,{'Output': 'match'},{'Output': 'match'}
3741,{'Output': 'mismatch'},{'Output': 'mismatch'}
3742,{'Output': 'mismatch'},{'Output': 'mismatch'}
3743,{'Output': 'match'},{'Output': 'match'}
3744,{'Output': 'mismatch'},{'Output': 'mismatch'}
3745,{'Output': 'mismatch'},{'Output': 'mismatch'}
3746,{'Output': 'mismatch'},{'Output': 'mismatch'}
3747,{'Output': 'match'},{'Output': 'match'}
3748,{'Output': 'match'},{'Output': 'match'}
3749,{'Output': 'mismatch'},{'Output': 'match'}
3750,{'Output': 'mismatch'},{'Output': 'mismatch'}
3751,{'Output': 'mismatch'},{'Output': 'mismatch'}
3752,{'Output': 'match'},{'Output': 'match'}
3753,{'Output': 'match'},{'Output': 'match'}
3754,{'Output': 'mismatch'},{'Output': 'mismatch'}
3755,{'Output': 'mismatch'},{'Output': 'mismatch'}
3756,{'Output': 'mismatch'},{'Output': 'mismatch'}
3757,{'Output': 'mismatch'},{'Output': 'mismatch'}
3758,{'Output': 'match'},{'Output': 'match'}
3759,{'Output': 'mismatch'},{'Output': 'mismatch'}
3760,{'Output': 'match'},{'Output': 'match'}
3761,{'Output': 'mismatch'},{'Output': 'mismatch'}
3762,{'Output': 'mismatch'},{'Output': 'mismatch'}
3763,{'Output': 'mismatch'},{'Output': 'mismatch'}
3764,{'Output': 'mismatch'},{'Output': 'mismatch'}
3765,{'Output': 'mismatch'},{'Output': 'mismatch'}
3766,{'Output': 'mismatch'},{'Output': 'mismatch'}
3767,{'Output': 'mismatch'},{'Output': 'mismatch'}
3768,{'Output': 'match'},{'Output': 'match'}
3769,{'Output': 'match'},{'Output': 'match'}
3770,{'Output': 'match'},{'Output': 'match'}
3771,{'Output': 'mismatch'},{'Output': 'mismatch'}
3772,{'Output': 'match'},{'Output': 'match'}
3773,{'Output': 'mismatch'},{'Output': 'mismatch'}
3774,{'Output': 'mismatch'},{'Output': 'mismatch'}
3775,{'Output': 'mismatch'},{'Output': 'mismatch'}
3776,{'Output': 'mismatch'},{'Output': 'mismatch'}
3777,{'Output': 'mismatch'},{'Output': 'mismatch'}
3778,{'Output': 'mismatch'},{'Output': 'mismatch'}
3779,{'Output': 'mismatch'},{'Output': 'mismatch'}
3780,{'Output': 'mismatch'},{'Output': 'mismatch'}
3781,{'Output': 'mismatch'},{'Output': 'mismatch'}
3782,{'Output': 'mismatch'},{'Output': 'match'}
3783,{'Output': 'mismatch'},{'Output': 'mismatch'}
3784,{'Output': 'match'},{'Output': 'match'}
3785,{'Output': 'mismatch'},{'Output': 'mismatch'}
3786,{'Output': 'mismatch'},{'Output': 'mismatch'}
3787,{'Output': 'match'},{'Output': 'match'}
3788,{'Output': 'mismatch'},{'Output': 'mismatch'}
3789,{'Output': 'mismatch'},{'Output': 'mismatch'}
3790,{'Output': 'mismatch'},{'Output': 'mismatch'}
3791,{'Output': 'mismatch'},{'Output': 'mismatch'}
3792,{'Output': 'match'},{'Output': 'match'}
3793,{'Output': 'mismatch'},{'Output': 'mismatch'}
3794,{'Output': 'mismatch'},{'Output': 'match'}
3795,{'Output': 'match'},{'Output': 'match'}
3796,{'Output': 'mismatch'},{'Output': 'mismatch'}
3797,{'Output': 'mismatch'},{'Output': 'mismatch'}
3798,{'Output': 'mismatch'},{'Output': 'match'}
3799,{'Output': 'match'},{'Output': 'match'}
3800,{'Output': 'mismatch'},{'Output': 'mismatch'}
3801,{'Output': 'mismatch'},{'Output': 'mismatch'}
3802,{'Output': 'mismatch'},{'Output': 'match'}
3803,{'Output': 'mismatch'},{'Output': 'mismatch'}
3804,{'Output': 'match'},{'Output': 'mismatch'}
3805,{'Output': 'mismatch'},{'Output': 'mismatch'}
3806,{'Output': 'mismatch'},{'Output': 'mismatch'}
3807,{'Output': 'match'},{'Output': 'match'}
3808,{'Output': 'mismatch'},{'Output': 'mismatch'}
3809,{'Output': 'mismatch'},{'Output': 'mismatch'}
3810,{'Output': 'mismatch'},{'Output': 'mismatch'}
3811,{'Output': 'mismatch'},{'Output': 'mismatch'}
3812,{'Output': 'match'},{'Output': 'match'}
3813,{'Output': 'match'},{'Output': 'match'}
3814,{'Output': 'match'},{'Output': 'match'}
3815,{'Output': 'match'},{'Output': 'match'}
3816,{'Output': 'mismatch'},{'Output': 'mismatch'}
3817,{'Output': 'mismatch'},{'Output': 'mismatch'}
3818,{'Output': 'match'},{'Output': 'match'}
3819,{'Output': 'mismatch'},{'Output': 'mismatch'}
3820,{'Output': 'mismatch'},{'Output': 'mismatch'}
3821,{'Output': 'mismatch'},{'Output': 'match'}
3822,{'Output': 'mismatch'},{'Output': 'mismatch'}
3823,{'Output': 'mismatch'},{'Output': 'mismatch'}
3824,{'Output': 'mismatch'},{'Output': 'mismatch'}
3825,{'Output': 'mismatch'},{'Output': 'mismatch'}
3826,{'Output': 'mismatch'},{'Output': 'match'}
3827,{'Output': 'mismatch'},{'Output': 'mismatch'}
3828,{'Output': 'mismatch'},{'Output': 'mismatch'}
3829,{'Output': 'mismatch'},{'Output': 'mismatch'}
3830,{'Output': 'mismatch'},{'Output': 'mismatch'}
3831,{'Output': 'match'},{'Output': 'match'}
3832,{'Output': 'match'},{'Output': 'match'}
3833,{'Output': 'mismatch'},{'Output': 'mismatch'}
3834,{'Output': 'mismatch'},{'Output': 'mismatch'}
3835,{'Output': 'match'},{'Output': 'match'}
3836,{'Output': 'match'},{'Output': 'match'}
3837,{'Output': 'mismatch'},{'Output': 'mismatch'}
3838,{'Output': 'mismatch'},{'Output': 'mismatch'}
3839,{'Output': 'mismatch'},{'Output': 'mismatch'}
3840,{'Output': 'mismatch'},{'Output': 'mismatch'}
3841,{'Output': 'match'},{'Output': 'match'}
3842,{'Output': 'match'},{'Output': 'match'}
3843,{'Output': 'match'},{'Output': 'match'}
3844,{'Output': 'match'},{'Output': 'match'}
3845,{'Output': 'mismatch'},{'Output': 'mismatch'}
3846,{'Output': 'mismatch'},{'Output': 'mismatch'}
3847,{'Output': 'mismatch'},{'Output': 'mismatch'}
3848,{'Output': 'mismatch'},{'Output': 'mismatch'}
3849,{'Output': 'mismatch'},{'Output': 'mismatch'}
3850,{'Output': 'mismatch'},{'Output': 'mismatch'}
3851,{'Output': 'mismatch'},{'Output': 'mismatch'}
3852,{'Output': 'mismatch'},{'Output': 'mismatch'}
3853,{'Output': 'mismatch'},{'Output': 'mismatch'}
3854,{'Output': 'mismatch'},{'Output': 'mismatch'}
3855,{'Output': 'mismatch'},{'Output': 'mismatch'}
3856,{'Output': 'match'},{'Output': 'match'}
3857,{'Output': 'mismatch'},{'Output': 'mismatch'}
3858,{'Output': 'match'},{'Output': 'match'}
3859,{'Output': 'mismatch'},{'Output': 'mismatch'}
3860,{'Output': 'mismatch'},{'Output': 'mismatch'}
3861,{'Output': 'mismatch'},{'Output': 'mismatch'}
3862,{'Output': 'match'},{'Output': 'match'}
3863,{'Output': 'mismatch'},{'Output': 'mismatch'}
3864,{'Output': 'match'},{'Output': 'match'}
3865,{'Output': 'mismatch'},{'Output': 'mismatch'}
3866,{'Output': 'match'},{'Output': 'match'}
3867,{'Output': 'mismatch'},{'Output': 'mismatch'}
3868,{'Output': 'mismatch'},{'Output': 'mismatch'}
3869,{'Output': 'mismatch'},{'Output': 'mismatch'}
3870,{'Output': 'match'},{'Output': 'match'}
3871,{'Output': 'match'},{'Output': 'match'}
3872,{'Output': 'mismatch'},{'Output': 'mismatch'}
3873,{'Output': 'mismatch'},{'Output': 'mismatch'}
3874,{'Output': 'match'},{'Output': 'match'}
3875,{'Output': 'match'},{'Output': 'match'}
3876,{'Output': 'match'},{'Output': 'match'}
3877,{'Output': 'match'},{'Output': 'match'}
3878,{'Output': 'mismatch'},{'Output': 'mismatch'}
3879,{'Output': 'mismatch'},{'Output': 'mismatch'}
3880,{'Output': 'mismatch'},{'Output': 'mismatch'}
3881,{'Output': 'match'},{'Output': 'match'}
3882,{'Output': 'mismatch'},{'Output': 'mismatch'}
3883,{'Output': 'mismatch'},{'Output': 'mismatch'}
3884,{'Output': 'match'},{'Output': 'match'}
3885,{'Output': 'mismatch'},{'Output': 'mismatch'}
3886,{'Output': 'match'},{'Output': 'match'}
3887,{'Output': 'mismatch'},{'Output': 'mismatch'}
3888,{'Output': 'mismatch'},{'Output': 'mismatch'}
3889,{'Output': 'mismatch'},{'Output': 'mismatch'}
3890,{'Output': 'mismatch'},{'Output': 'mismatch'}
3891,{'Output': 'mismatch'},{'Output': 'mismatch'}
3892,{'Output': 'match'},{'Output': 'match'}
3893,{'Output': 'mismatch'},{'Output': 'mismatch'}
3894,{'Output': 'match'},{'Output': 'match'}
3895,{'Output': 'mismatch'},{'Output': 'mismatch'}
3896,{'Output': 'mismatch'},{'Output': 'mismatch'}
3897,{'Output': 'mismatch'},{'Output': 'mismatch'}
3898,{'Output': 'mismatch'},{'Output': 'mismatch'}
3899,{'Output': 'mismatch'},{'Output': 'mismatch'}
3900,{'Output': 'mismatch'},{'Output': 'mismatch'}
3901,{'Output': 'match'},{'Output': 'match'}
3902,{'Output': 'mismatch'},{'Output': 'match'}
3903,{'Output': 'mismatch'},{'Output': 'mismatch'}
3904,{'Output': 'mismatch'},{'Output': 'mismatch'}
3905,{'Output': 'mismatch'},{'Output': 'mismatch'}
3906,{'Output': 'mismatch'},{'Output': 'mismatch'}
3907,{'Output': 'match'},{'Output': 'match'}
3908,{'Output': 'mismatch'},{'Output': 'mismatch'}
3909,{'Output': 'mismatch'},{'Output': 'mismatch'}
3910,{'Output': 'match'},{'Output': 'match'}
3911,{'Output': 'match'},{'Output': 'mismatch'}
3912,{'Output': 'mismatch'},{'Output': 'match'}
3913,{'Output': 'match'},{'Output': 'match'}
3914,{'Output': 'mismatch'},{'Output': 'mismatch'}
3915,{'Output': 'match'},{'Output': 'match'}
3916,{'Output': 'mismatch'},{'Output': 'mismatch'}
3917,{'Output': 'mismatch'},{'Output': 'mismatch'}
3918,{'Output': 'match'},{'Output': 'match'}
3919,{'Output': 'mismatch'},{'Output': 'mismatch'}
3920,{'Output': 'match'},{'Output': 'match'}
3921,{'Output': 'match'},{'Output': 'match'}
3922,{'Output': 'mismatch'},{'Output': 'match'}
3923,{'Output': 'mismatch'},{'Output': 'mismatch'}
3924,{'Output': 'mismatch'},{'Output': 'mismatch'}
3925,{'Output': 'mismatch'},{'Output': 'mismatch'}
3926,{'Output': 'match'},{'Output': 'match'}
3927,{'Output': 'mismatch'},{'Output': 'mismatch'}
3928,{'Output': 'match'},{'Output': 'match'}
3929,{'Output': 'match'},{'Output': 'match'}
3930,{'Output': 'mismatch'},{'Output': 'mismatch'}
3931,{'Output': 'match'},{'Output': 'match'}
3932,{'Output': 'mismatch'},{'Output': 'mismatch'}
3933,{'Output': 'match'},{'Output': 'match'}
3934,{'Output': 'mismatch'},{'Output': 'mismatch'}
3935,{'Output': 'mismatch'},{'Output': 'mismatch'}
3936,{'Output': 'match'},{'Output': 'match'}
3937,{'Output': 'mismatch'},{'Output': 'mismatch'}
3938,{'Output': 'mismatch'},{'Output': 'mismatch'}
3939,{'Output': 'mismatch'},{'Output': 'mismatch'}
3940,{'Output': 'mismatch'},{'Output': 'mismatch'}
3941,{'Output': 'mismatch'},{'Output': 'match'}
3942,{'Output': 'mismatch'},{'Output': 'mismatch'}
3943,{'Output': 'match'},{'Output': 'match'}
3944,{'Output': 'mismatch'},{'Output': 'mismatch'}
3945,{'Output': 'mismatch'},{'Output': 'mismatch'}
3946,{'Output': 'mismatch'},{'Output': 'mismatch'}
3947,{'Output': 'mismatch'},{'Output': 'mismatch'}
3948,{'Output': 'mismatch'},{'Output': 'mismatch'}
3949,{'Output': 'mismatch'},{'Output': 'mismatch'}
3950,{'Output': 'match'},{'Output': 'match'}
3951,{'Output': 'match'},{'Output': 'match'}
3952,{'Output': 'match'},{'Output': 'match'}
3953,{'Output': 'mismatch'},{'Output': 'mismatch'}
3954,{'Output': 'mismatch'},{'Output': 'mismatch'}
3955,{'Output': 'mismatch'},{'Output': 'mismatch'}
3956,{'Output': 'mismatch'},{'Output': 'mismatch'}
3957,{'Output': 'mismatch'},{'Output': 'mismatch'}
3958,{'Output': 'mismatch'},{'Output': 'mismatch'}
3959,{'Output': 'match'},{'Output': 'match'}
3960,{'Output': 'match'},{'Output': 'match'}
3961,{'Output': 'mismatch'},{'Output': 'mismatch'}
3962,{'Output': 'mismatch'},{'Output': 'mismatch'}
3963,{'Output': 'mismatch'},{'Output': 'mismatch'}
3964,{'Output': 'match'},{'Output': 'match'}
3965,{'Output': 'mismatch'},{'Output': 'match'}
3966,{'Output': 'mismatch'},{'Output': 'mismatch'}
3967,{'Output': 'mismatch'},{'Output': 'mismatch'}
3968,{'Output': 'mismatch'},{'Output': 'mismatch'}
3969,{'Output': 'mismatch'},{'Output': 'mismatch'}
3970,{'Output': 'match'},{'Output': 'match'}
3971,{'Output': 'mismatch'},{'Output': 'mismatch'}
3972,{'Output': 'mismatch'},{'Output': 'mismatch'}
3973,{'Output': 'mismatch'},{'Output': 'mismatch'}
3974,{'Output': 'mismatch'},{'Output': 'mismatch'}
3975,{'Output': 'mismatch'},{'Output': 'mismatch'}
3976,{'Output': 'mismatch'},{'Output': 'mismatch'}
3977,{'Output': 'mismatch'},{'Output': 'mismatch'}
3978,{'Output': 'match'},{'Output': 'match'}
3979,{'Output': 'mismatch'},{'Output': 'mismatch'}
3980,{'Output': 'mismatch'},{'Output': 'mismatch'}
3981,{'Output': 'mismatch'},{'Output': 'mismatch'}
3982,{'Output': 'match'},{'Output': 'match'}
3983,{'Output': 'match'},{'Output': 'match'}
3984,{'Output': 'match'},{'Output': 'match'}
3985,{'Output': 'match'},{'Output': 'match'}
3986,{'Output': 'mismatch'},{'Output': 'mismatch'}
3987,{'Output': 'mismatch'},{'Output': 'mismatch'}
3988,{'Output': 'mismatch'},{'Output': 'match'}
3989,{'Output': 'match'},{'Output': 'match'}
3990,{'Output': 'match'},{'Output': 'match'}
3991,{'Output': 'mismatch'},{'Output': 'mismatch'}
3992,{'Output': 'mismatch'},{'Output': 'mismatch'}
3993,{'Output': 'mismatch'},{'Output': 'mismatch'}
3994,{'Output': 'mismatch'},{'Output': 'mismatch'}
3995,{'Output': 'mismatch'},{'Output': 'mismatch'}
3996,{'Output': 'mismatch'},{'Output': 'mismatch'}
3997,{'Output': 'match'},{'Output': 'match'}
3998,{'Output': 'mismatch'},{'Output': 'mismatch'}
3999,{'Output': 'mismatch'},{'Output': 'mismatch'}
4000,{'Output': 'mismatch'},{'Output': 'mismatch'}
4001,{'Output': 'mismatch'},{'Output': 'mismatch'}
4002,{'Output': 'mismatch'},{'Output': 'mismatch'}
4003,{'Output': 'mismatch'},{'Output': 'mismatch'}
4004,{'Output': 'mismatch'},{'Output': 'mismatch'}
4005,{'Output': 'mismatch'},{'Output': 'mismatch'}
4006,{'Output': 'mismatch'},{'Output': 'mismatch'}
4007,{'Output': 'mismatch'},{'Output': 'mismatch'}
4008,{'Output': 'mismatch'},{'Output': 'mismatch'}
4009,{'Output': 'mismatch'},{'Output': 'mismatch'}
4010,{'Output': 'mismatch'},{'Output': 'match'}
4011,{'Output': 'mismatch'},{'Output': 'mismatch'}
4012,{'Output': 'mismatch'},{'Output': 'mismatch'}
4013,{'Output': 'mismatch'},{'Output': 'mismatch'}
4014,{'Output': 'mismatch'},{'Output': 'mismatch'}
4015,{'Output': 'mismatch'},{'Output': 'mismatch'}
4016,{'Output': 'mismatch'},{'Output': 'mismatch'}
4017,{'Output': 'match'},{'Output': 'match'}
4018,{'Output': 'mismatch'},{'Output': 'mismatch'}
4019,{'Output': 'mismatch'},{'Output': 'mismatch'}
4020,{'Output': 'mismatch'},{'Output': 'mismatch'}
4021,{'Output': 'match'},{'Output': 'match'}
4022,{'Output': 'match'},{'Output': 'match'}
4023,{'Output': 'match'},{'Output': 'match'}
4024,{'Output': 'mismatch'},{'Output': 'mismatch'}
4025,{'Output': 'mismatch'},{'Output': 'mismatch'}
4026,{'Output': 'mismatch'},{'Output': 'mismatch'}
4027,{'Output': 'match'},{'Output': 'match'}
4028,{'Output': 'match'},{'Output': 'match'}
4029,{'Output': 'mismatch'},{'Output': 'mismatch'}
4030,{'Output': 'mismatch'},{'Output': 'mismatch'}
4031,{'Output': 'mismatch'},{'Output': 'mismatch'}
4032,{'Output': 'mismatch'},{'Output': 'mismatch'}
4033,{'Output': 'mismatch'},{'Output': 'mismatch'}
4034,{'Output': 'mismatch'},{'Output': 'mismatch'}
4035,{'Output': 'mismatch'},{'Output': 'mismatch'}
4036,{'Output': 'mismatch'},{'Output': 'mismatch'}
4037,{'Output': 'mismatch'},{'Output': 'mismatch'}
4038,{'Output': 'match'},{'Output': 'match'}
4039,{'Output': 'mismatch'},{'Output': 'mismatch'}
4040,{'Output': 'match'},{'Output': 'match'}
4041,{'Output': 'mismatch'},{'Output': 'mismatch'}
4042,{'Output': 'mismatch'},{'Output': 'mismatch'}
4043,{'Output': 'mismatch'},{'Output': 'mismatch'}
4044,{'Output': 'mismatch'},{'Output': 'mismatch'}
4045,{'Output': 'mismatch'},{'Output': 'mismatch'}
4046,{'Output': 'match'},{'Output': 'match'}
4047,{'Output': 'mismatch'},{'Output': 'mismatch'}
4048,{'Output': 'mismatch'},{'Output': 'mismatch'}
4049,{'Output': 'match'},{'Output': 'match'}
4050,{'Output': 'mismatch'},{'Output': 'mismatch'}
4051,{'Output': 'mismatch'},{'Output': 'mismatch'}
4052,{'Output': 'mismatch'},{'Output': 'mismatch'}
4053,{'Output': 'mismatch'},{'Output': 'mismatch'}
4054,{'Output': 'mismatch'},{'Output': 'mismatch'}
4055,{'Output': 'mismatch'},{'Output': 'mismatch'}
4056,{'Output': 'match'},{'Output': 'match'}
4057,{'Output': 'match'},{'Output': 'match'}
4058,{'Output': 'match'},{'Output': 'match'}
4059,{'Output': 'mismatch'},{'Output': 'mismatch'}
4060,{'Output': 'match'},{'Output': 'match'}
4061,{'Output': 'mismatch'},{'Output': 'mismatch'}
4062,{'Output': 'mismatch'},{'Output': 'mismatch'}
4063,{'Output': 'match'},{'Output': 'match'}
4064,{'Output': 'match'},{'Output': 'match'}
4065,{'Output': 'mismatch'},{'Output': 'mismatch'}
4066,{'Output': 'match'},{'Output': 'match'}
4067,{'Output': 'match'},{'Output': 'match'}
4068,{'Output': 'match'},{'Output': 'match'}
4069,{'Output': 'match'},{'Output': 'match'}
4070,{'Output': 'mismatch'},{'Output': 'mismatch'}
4071,{'Output': 'mismatch'},{'Output': 'mismatch'}
4072,{'Output': 'mismatch'},{'Output': 'mismatch'}
4073,{'Output': 'mismatch'},{'Output': 'mismatch'}
4074,{'Output': 'match'},{'Output': 'match'}
4075,{'Output': 'mismatch'},{'Output': 'mismatch'}
4076,{'Output': 'mismatch'},{'Output': 'mismatch'}
4077,{'Output': 'mismatch'},{'Output': 'mismatch'}
4078,{'Output': 'mismatch'},{'Output': 'mismatch'}
4079,{'Output': 'mismatch'},{'Output': 'match'}
4080,{'Output': 'match'},{'Output': 'match'}
4081,{'Output': 'mismatch'},{'Output': 'mismatch'}
4082,{'Output': 'mismatch'},{'Output': 'mismatch'}
4083,{'Output': 'mismatch'},{'Output': 'match'}
4084,{'Output': 'mismatch'},{'Output': 'match'}
4085,{'Output': 'mismatch'},{'Output': 'mismatch'}
4086,{'Output': 'match'},{'Output': 'match'}
4087,{'Output': 'mismatch'},{'Output': 'mismatch'}
4088,{'Output': 'mismatch'},{'Output': 'mismatch'}
4089,{'Output': 'match'},{'Output': 'match'}
4090,{'Output': 'mismatch'},{'Output': 'mismatch'}
4091,{'Output': 'match'},{'Output': 'match'}
4092,{'Output': 'mismatch'},{'Output': 'mismatch'}
4093,{'Output': 'mismatch'},{'Output': 'mismatch'}
4094,{'Output': 'mismatch'},{'Output': 'mismatch'}
4095,{'Output': 'mismatch'},{'Output': 'mismatch'}
4096,{'Output': 'mismatch'},{'Output': 'mismatch'}
4097,{'Output': 'mismatch'},{'Output': 'mismatch'}
4098,{'Output': 'match'},{'Output': 'match'}
4099,{'Output': 'mismatch'},{'Output': 'match'}
4100,{'Output': 'mismatch'},{'Output': 'match'}
4101,{'Output': 'match'},{'Output': 'match'}
4102,{'Output': 'mismatch'},{'Output': 'mismatch'}
4103,{'Output': 'mismatch'},{'Output': 'mismatch'}
4104,{'Output': 'match'},{'Output': 'match'}
4105,{'Output': 'mismatch'},{'Output': 'mismatch'}
4106,{'Output': 'mismatch'},{'Output': 'mismatch'}
4107,{'Output': 'mismatch'},{'Output': 'mismatch'}
4108,{'Output': 'match'},{'Output': 'match'}
4109,{'Output': 'match'},{'Output': 'match'}
4110,{'Output': 'mismatch'},{'Output': 'mismatch'}
4111,{'Output': 'mismatch'},{'Output': 'mismatch'}
4112,{'Output': 'mismatch'},{'Output': 'mismatch'}
4113,{'Output': 'mismatch'},{'Output': 'mismatch'}
4114,{'Output': 'mismatch'},{'Output': 'mismatch'}
4115,{'Output': 'match'},{'Output': 'match'}
4116,{'Output': 'mismatch'},{'Output': 'mismatch'}
4117,{'Output': 'mismatch'},{'Output': 'mismatch'}
4118,{'Output': 'match'},{'Output': 'mismatch'}
4119,{'Output': 'match'},{'Output': 'match'}
4120,{'Output': 'match'},{'Output': 'match'}
4121,{'Output': 'match'},{'Output': 'match'}
4122,{'Output': 'mismatch'},{'Output': 'mismatch'}
4123,{'Output': 'match'},{'Output': 'match'}
4124,{'Output': 'match'},{'Output': 'match'}
4125,{'Output': 'match'},{'Output': 'match'}
4126,{'Output': 'mismatch'},{'Output': 'mismatch'}
4127,{'Output': 'mismatch'},{'Output': 'mismatch'}
4128,{'Output': 'mismatch'},{'Output': 'mismatch'}
4129,{'Output': 'mismatch'},{'Output': 'mismatch'}
4130,{'Output': 'mismatch'},{'Output': 'mismatch'}
4131,{'Output': 'mismatch'},{'Output': 'mismatch'}
4132,{'Output': 'mismatch'},{'Output': 'mismatch'}
4133,{'Output': 'match'},{'Output': 'mismatch'}
4134,{'Output': 'mismatch'},{'Output': 'mismatch'}
4135,{'Output': 'mismatch'},{'Output': 'mismatch'}
4136,{'Output': 'mismatch'},{'Output': 'mismatch'}
4137,{'Output': 'mismatch'},{'Output': 'mismatch'}
4138,{'Output': 'mismatch'},{'Output': 'mismatch'}
4139,{'Output': 'match'},{'Output': 'match'}
4140,{'Output': 'mismatch'},{'Output': 'mismatch'}
4141,{'Output': 'mismatch'},{'Output': 'mismatch'}
4142,{'Output': 'match'},{'Output': 'match'}
4143,{'Output': 'mismatch'},{'Output': 'mismatch'}
4144,{'Output': 'mismatch'},{'Output': 'mismatch'}
4145,{'Output': 'mismatch'},{'Output': 'mismatch'}
4146,{'Output': 'mismatch'},{'Output': 'mismatch'}
4147,{'Output': 'match'},{'Output': 'match'}
4148,{'Output': 'mismatch'},{'Output': 'match'}
4149,{'Output': 'mismatch'},{'Output': 'mismatch'}
4150,{'Output': 'mismatch'},{'Output': 'mismatch'}
4151,{'Output': 'mismatch'},{'Output': 'mismatch'}
4152,{'Output': 'mismatch'},{'Output': 'mismatch'}
4153,{'Output': 'mismatch'},{'Output': 'mismatch'}
4154,{'Output': 'mismatch'},{'Output': 'mismatch'}
4155,{'Output': 'mismatch'},{'Output': 'mismatch'}
4156,{'Output': 'mismatch'},{'Output': 'mismatch'}
4157,{'Output': 'mismatch'},{'Output': 'mismatch'}
4158,{'Output': 'mismatch'},{'Output': 'mismatch'}
4159,{'Output': 'mismatch'},{'Output': 'mismatch'}
4160,{'Output': 'match'},{'Output': 'match'}
4161,{'Output': 'mismatch'},{'Output': 'mismatch'}
4162,{'Output': 'match'},{'Output': 'match'}
4163,{'Output': 'match'},{'Output': 'match'}
4164,{'Output': 'mismatch'},{'Output': 'mismatch'}
4165,{'Output': 'match'},{'Output': 'match'}
4166,{'Output': 'mismatch'},{'Output': 'mismatch'}
4167,{'Output': 'mismatch'},{'Output': 'match'}
4168,{'Output': 'mismatch'},{'Output': 'mismatch'}
4169,{'Output': 'mismatch'},{'Output': 'mismatch'}
4170,{'Output': 'mismatch'},{'Output': 'mismatch'}
4171,{'Output': 'match'},{'Output': 'match'}
4172,{'Output': 'mismatch'},{'Output': 'mismatch'}
4173,{'Output': 'mismatch'},{'Output': 'mismatch'}
4174,{'Output': 'mismatch'},{'Output': 'mismatch'}
4175,{'Output': 'match'},{'Output': 'match'}
4176,{'Output': 'mismatch'},{'Output': 'mismatch'}
4177,{'Output': 'mismatch'},{'Output': 'mismatch'}
4178,{'Output': 'mismatch'},{'Output': 'mismatch'}
4179,{'Output': 'mismatch'},{'Output': 'mismatch'}
4180,{'Output': 'match'},{'Output': 'match'}
4181,{'Output': 'mismatch'},{'Output': 'mismatch'}
4182,{'Output': 'mismatch'},{'Output': 'mismatch'}
4183,{'Output': 'match'},{'Output': 'match'}
4184,{'Output': 'mismatch'},{'Output': 'mismatch'}
4185,{'Output': 'mismatch'},{'Output': 'mismatch'}
4186,{'Output': 'mismatch'},{'Output': 'mismatch'}
4187,{'Output': 'mismatch'},{'Output': 'mismatch'}
4188,{'Output': 'mismatch'},{'Output': 'mismatch'}
4189,{'Output': 'mismatch'},{'Output': 'mismatch'}
4190,{'Output': 'mismatch'},{'Output': 'mismatch'}
4191,{'Output': 'mismatch'},{'Output': 'mismatch'}
4192,{'Output': 'mismatch'},{'Output': 'mismatch'}
4193,{'Output': 'match'},{'Output': 'match'}
4194,{'Output': 'mismatch'},{'Output': 'mismatch'}
4195,{'Output': 'mismatch'},{'Output': 'mismatch'}
4196,{'Output': 'match'},{'Output': 'match'}
4197,{'Output': 'match'},{'Output': 'match'}
4198,{'Output': 'mismatch'},{'Output': 'mismatch'}
4199,{'Output': 'match'},{'Output': 'match'}
4200,{'Output': 'mismatch'},{'Output': 'mismatch'}
4201,{'Output': 'match'},{'Output': 'match'}
4202,{'Output': 'match'},{'Output': 'match'}
4203,{'Output': 'mismatch'},{'Output': 'mismatch'}
4204,{'Output': 'mismatch'},{'Output': 'mismatch'}
4205,{'Output': 'mismatch'},{'Output': 'mismatch'}
4206,{'Output': 'mismatch'},{'Output': 'mismatch'}
4207,{'Output': 'match'},{'Output': 'match'}
4208,{'Output': 'match'},{'Output': 'match'}
4209,{'Output': 'mismatch'},{'Output': 'mismatch'}
4210,{'Output': 'mismatch'},{'Output': 'mismatch'}
4211,{'Output': 'match'},{'Output': 'match'}
4212,{'Output': 'mismatch'},{'Output': 'mismatch'}
4213,{'Output': 'match'},{'Output': 'match'}
4214,{'Output': 'match'},{'Output': 'match'}
4215,{'Output': 'mismatch'},{'Output': 'mismatch'}
4216,{'Output': 'mismatch'},{'Output': 'mismatch'}
4217,{'Output': 'mismatch'},{'Output': 'mismatch'}
4218,{'Output': 'match'},{'Output': 'match'}
4219,{'Output': 'mismatch'},{'Output': 'mismatch'}
4220,{'Output': 'mismatch'},{'Output': 'mismatch'}
4221,{'Output': 'match'},{'Output': 'match'}
4222,{'Output': 'mismatch'},{'Output': 'mismatch'}
4223,{'Output': 'mismatch'},{'Output': 'mismatch'}
4224,{'Output': 'match'},{'Output': 'match'}
4225,{'Output': 'mismatch'},{'Output': 'mismatch'}
4226,{'Output': 'mismatch'},{'Output': 'mismatch'}
4227,{'Output': 'mismatch'},{'Output': 'mismatch'}
4228,{'Output': 'mismatch'},{'Output': 'mismatch'}
4229,{'Output': 'mismatch'},{'Output': 'mismatch'}
4230,{'Output': 'match'},{'Output': 'match'}
4231,{'Output': 'mismatch'},{'Output': 'mismatch'}
4232,{'Output': 'mismatch'},{'Output': 'mismatch'}
4233,{'Output': 'mismatch'},{'Output': 'mismatch'}
4234,{'Output': 'match'},{'Output': 'match'}
4235,{'Output': 'mismatch'},{'Output': 'mismatch'}
4236,{'Output': 'mismatch'},{'Output': 'mismatch'}
4237,{'Output': 'match'},{'Output': 'match'}
4238,{'Output': 'mismatch'},{'Output': 'mismatch'}
4239,{'Output': 'match'},{'Output': 'match'}
4240,{'Output': 'mismatch'},{'Output': 'mismatch'}
4241,{'Output': 'match'},{'Output': 'match'}
4242,{'Output': 'mismatch'},{'Output': 'mismatch'}
4243,{'Output': 'match'},{'Output': 'match'}
4244,{'Output': 'mismatch'},{'Output': 'mismatch'}
4245,{'Output': 'mismatch'},{'Output': 'mismatch'}
4246,{'Output': 'match'},{'Output': 'match'}
4247,{'Output': 'match'},{'Output': 'match'}
4248,{'Output': 'match'},{'Output': 'match'}
4249,{'Output': 'mismatch'},{'Output': 'mismatch'}
4250,{'Output': 'mismatch'},{'Output': 'mismatch'}
4251,{'Output': 'mismatch'},{'Output': 'match'}
4252,{'Output': 'mismatch'},{'Output': 'mismatch'}
4253,{'Output': 'mismatch'},{'Output': 'match'}
4254,{'Output': 'mismatch'},{'Output': 'mismatch'}
4255,{'Output': 'mismatch'},{'Output': 'mismatch'}
4256,{'Output': 'mismatch'},{'Output': 'mismatch'}
4257,{'Output': 'match'},{'Output': 'match'}
4258,{'Output': 'mismatch'},{'Output': 'mismatch'}
4259,{'Output': 'mismatch'},{'Output': 'mismatch'}
4260,{'Output': 'mismatch'},{'Output': 'mismatch'}
4261,{'Output': 'mismatch'},{'Output': 'mismatch'}
4262,{'Output': 'mismatch'},{'Output': 'mismatch'}
4263,{'Output': 'match'},{'Output': 'match'}
4264,{'Output': 'mismatch'},{'Output': 'mismatch'}
4265,{'Output': 'mismatch'},{'Output': 'mismatch'}
4266,{'Output': 'match'},{'Output': 'match'}
4267,{'Output': 'mismatch'},{'Output': 'mismatch'}
4268,{'Output': 'match'},{'Output': 'match'}
4269,{'Output': 'match'},{'Output': 'match'}
4270,{'Output': 'mismatch'},{'Output': 'mismatch'}
4271,{'Output': 'mismatch'},{'Output': 'mismatch'}
4272,{'Output': 'mismatch'},{'Output': 'mismatch'}
4273,{'Output': 'mismatch'},{'Output': 'match'}
4274,{'Output': 'mismatch'},{'Output': 'mismatch'}
4275,{'Output': 'mismatch'},{'Output': 'mismatch'}
4276,{'Output': 'mismatch'},{'Output': 'mismatch'}
4277,{'Output': 'mismatch'},{'Output': 'mismatch'}
4278,{'Output': 'mismatch'},{'Output': 'mismatch'}
4279,{'Output': 'mismatch'},{'Output': 'mismatch'}
4280,{'Output': 'mismatch'},{'Output': 'mismatch'}
4281,{'Output': 'match'},{'Output': 'match'}
4282,{'Output': 'mismatch'},{'Output': 'mismatch'}
4283,{'Output': 'mismatch'},{'Output': 'mismatch'}
4284,{'Output': 'mismatch'},{'Output': 'match'}
4285,{'Output': 'mismatch'},{'Output': 'mismatch'}
4286,{'Output': 'match'},{'Output': 'match'}
4287,{'Output': 'match'},{'Output': 'mismatch'}
4288,{'Output': 'match'},{'Output': 'mismatch'}
4289,{'Output': 'mismatch'},{'Output': 'mismatch'}
4290,{'Output': 'mismatch'},{'Output': 'mismatch'}
4291,{'Output': 'match'},{'Output': 'match'}
4292,{'Output': 'mismatch'},{'Output': 'mismatch'}
4293,{'Output': 'mismatch'},{'Output': 'mismatch'}
4294,{'Output': 'mismatch'},{'Output': 'mismatch'}
4295,{'Output': 'mismatch'},{'Output': 'mismatch'}
4296,{'Output': 'mismatch'},{'Output': 'mismatch'}
4297,{'Output': 'mismatch'},{'Output': 'mismatch'}
4298,{'Output': 'mismatch'},{'Output': 'mismatch'}
4299,{'Output': 'mismatch'},{'Output': 'mismatch'}
4300,{'Output': 'mismatch'},{'Output': 'mismatch'}
4301,{'Output': 'mismatch'},{'Output': 'mismatch'}
4302,{'Output': 'mismatch'},{'Output': 'mismatch'}
4303,{'Output': 'mismatch'},{'Output': 'mismatch'}
4304,{'Output': 'mismatch'},{'Output': 'mismatch'}
4305,{'Output': 'mismatch'},{'Output': 'mismatch'}
4306,{'Output': 'mismatch'},{'Output': 'mismatch'}
4307,{'Output': 'mismatch'},{'Output': 'mismatch'}
4308,{'Output': 'mismatch'},{'Output': 'mismatch'}
4309,{'Output': 'mismatch'},{'Output': 'mismatch'}
4310,{'Output': 'match'},{'Output': 'match'}
4311,{'Output': 'mismatch'},{'Output': 'mismatch'}
4312,{'Output': 'mismatch'},{'Output': 'mismatch'}
4313,{'Output': 'mismatch'},{'Output': 'mismatch'}
4314,{'Output': 'match'},{'Output': 'match'}
4315,{'Output': 'mismatch'},{'Output': 'mismatch'}
4316,{'Output': 'mismatch'},{'Output': 'mismatch'}
4317,{'Output': 'mismatch'},{'Output': 'mismatch'}
4318,{'Output': 'mismatch'},{'Output': 'mismatch'}
4319,{'Output': 'mismatch'},{'Output': 'mismatch'}
4320,{'Output': 'mismatch'},{'Output': 'mismatch'}
4321,{'Output': 'mismatch'},{'Output': 'mismatch'}
4322,{'Output': 'mismatch'},{'Output': 'mismatch'}
4323,{'Output': 'mismatch'},{'Output': 'mismatch'}
4324,{'Output': 'mismatch'},{'Output': 'mismatch'}
4325,{'Output': 'match'},{'Output': 'match'}
4326,{'Output': 'mismatch'},{'Output': 'mismatch'}
4327,{'Output': 'mismatch'},{'Output': 'mismatch'}
4328,{'Output': 'mismatch'},{'Output': 'mismatch'}
4329,{'Output': 'mismatch'},{'Output': 'mismatch'}
4330,{'Output': 'match'},{'Output': 'match'}
4331,{'Output': 'match'},{'Output': 'match'}
4332,{'Output': 'mismatch'},{'Output': 'mismatch'}
4333,{'Output': 'mismatch'},{'Output': 'mismatch'}
4334,{'Output': 'mismatch'},{'Output': 'mismatch'}
4335,{'Output': 'match'},{'Output': 'match'}
4336,{'Output': 'mismatch'},{'Output': 'mismatch'}
4337,{'Output': 'mismatch'},{'Output': 'match'}
4338,{'Output': 'mismatch'},{'Output': 'mismatch'}
4339,{'Output': 'match'},{'Output': 'match'}
4340,{'Output': 'mismatch'},{'Output': 'mismatch'}
4341,{'Output': 'match'},{'Output': 'match'}
4342,{'Output': 'mismatch'},{'Output': 'mismatch'}
4343,{'Output': 'mismatch'},{'Output': 'mismatch'}
4344,{'Output': 'mismatch'},{'Output': 'mismatch'}
4345,{'Output': 'mismatch'},{'Output': 'mismatch'}
4346,{'Output': 'mismatch'},{'Output': 'mismatch'}
4347,{'Output': 'match'},{'Output': 'match'}
4348,{'Output': 'mismatch'},{'Output': 'mismatch'}
4349,{'Output': 'mismatch'},{'Output': 'mismatch'}
4350,{'Output': 'mismatch'},{'Output': 'mismatch'}
4351,{'Output': 'mismatch'},{'Output': 'mismatch'}
4352,{'Output': 'mismatch'},{'Output': 'mismatch'}
4353,{'Output': 'mismatch'},{'Output': 'match'}
4354,{'Output': 'mismatch'},{'Output': 'mismatch'}
4355,{'Output': 'match'},{'Output': 'match'}
4356,{'Output': 'match'},{'Output': 'match'}
4357,{'Output': 'mismatch'},{'Output': 'mismatch'}
4358,{'Output': 'mismatch'},{'Output': 'mismatch'}
4359,{'Output': 'mismatch'},{'Output': 'mismatch'}
4360,{'Output': 'mismatch'},{'Output': 'mismatch'}
4361,{'Output': 'match'},{'Output': 'match'}
4362,{'Output': 'match'},{'Output': 'match'}
4363,{'Output': 'mismatch'},{'Output': 'mismatch'}
4364,{'Output': 'match'},{'Output': 'match'}
4365,{'Output': 'match'},{'Output': 'match'}
4366,{'Output': 'mismatch'},{'Output': 'mismatch'}
4367,{'Output': 'match'},{'Output': 'match'}
4368,{'Output': 'mismatch'},{'Output': 'mismatch'}
4369,{'Output': 'mismatch'},{'Output': 'mismatch'}
4370,{'Output': 'mismatch'},{'Output': 'mismatch'}
4371,{'Output': 'mismatch'},{'Output': 'match'}
4372,{'Output': 'match'},{'Output': 'match'}
4373,{'Output': 'mismatch'},{'Output': 'mismatch'}
4374,{'Output': 'mismatch'},{'Output': 'mismatch'}
4375,{'Output': 'mismatch'},{'Output': 'mismatch'}
4376,{'Output': 'mismatch'},{'Output': 'mismatch'}
4377,{'Output': 'mismatch'},{'Output': 'mismatch'}
4378,{'Output': 'mismatch'},{'Output': 'mismatch'}
4379,{'Output': 'mismatch'},{'Output': 'mismatch'}
4380,{'Output': 'match'},{'Output': 'match'}
4381,{'Output': 'mismatch'},{'Output': 'mismatch'}
4382,{'Output': 'mismatch'},{'Output': 'mismatch'}
4383,{'Output': 'mismatch'},{'Output': 'mismatch'}
4384,{'Output': 'mismatch'},{'Output': 'match'}
4385,{'Output': 'mismatch'},{'Output': 'mismatch'}
4386,{'Output': 'match'},{'Output': 'match'}
4387,{'Output': 'match'},{'Output': 'match'}
4388,{'Output': 'mismatch'},{'Output': 'mismatch'}
4389,{'Output': 'match'},{'Output': 'match'}
4390,{'Output': 'mismatch'},{'Output': 'match'}
4391,{'Output': 'mismatch'},{'Output': 'match'}
4392,{'Output': 'mismatch'},{'Output': 'mismatch'}
4393,{'Output': 'match'},{'Output': 'match'}
4394,{'Output': 'mismatch'},{'Output': 'mismatch'}
4395,{'Output': 'mismatch'},{'Output': 'mismatch'}
4396,{'Output': 'mismatch'},{'Output': 'mismatch'}
4397,{'Output': 'mismatch'},{'Output': 'mismatch'}
