{
    "epoch": 2.0,
    "total_flos": 8.813494619078656e+16,
    "train_loss": 0.2735958068072796,
    "train_runtime": 561.27,
    "train_samples_per_second": 3.546,
    "train_steps_per_second": 0.445
}