{
    "epoch": 3.0,
    "total_flos": 2.572300334273659e+17,
    "train_loss": 0.15730294291463684,
    "train_runtime": 802.425,
    "train_samples_per_second": 7.182,
    "train_steps_per_second": 0.452
}