{
    "epoch": 3.0,
    "total_flos": 1.0204166616409702e+17,
    "train_loss": 0.20680890107248867,
    "train_runtime": 326.8557,
    "train_samples_per_second": 7.021,
    "train_steps_per_second": 0.441
}