{
    "epoch": 3.0,
    "total_flos": 8.928645806135706e+16,
    "train_loss": 0.18815369299790335,
    "train_runtime": 278.7288,
    "train_samples_per_second": 7.233,
    "train_steps_per_second": 0.452
}