{
    "epoch": 3.0,
    "total_flos": 8.928645806135706e+16,
    "train_loss": 0.14309494971992479,
    "train_runtime": 910.2267,
    "train_samples_per_second": 2.179,
    "train_steps_per_second": 0.138
}