{
    "epoch": 3.0,
    "total_flos": 2.7636284893691904e+16,
    "train_loss": 0.44316816689313737,
    "train_runtime": 281.4998,
    "train_samples_per_second": 2.217,
    "train_steps_per_second": 0.139
}