{
    "epoch": 5.0,
    "total_flos": 1.4794498786512077e+17,
    "train_loss": 0.14323799972577642,
    "train_runtime": 228.2406,
    "train_samples_per_second": 14.721,
    "train_steps_per_second": 0.46
}