{
    "epoch": 5.0,
    "total_flos": 3.234395817414492e+17,
    "train_loss": 0.24584879989219505,
    "train_runtime": 276.5197,
    "train_samples_per_second": 26.002,
    "train_steps_per_second": 0.416
}