{
    "epoch": 3.0,
    "total_flos": 1.1479687440105472e+17,
    "train_loss": 0.16856046226436133,
    "train_runtime": 362.5517,
    "train_samples_per_second": 7.1,
    "train_steps_per_second": 0.447
}