{
    "epoch": 1.0,
    "total_flos": 4.464322903067853e+16,
    "train_loss": 0.6897958992492585,
    "train_runtime": 298.4376,
    "train_samples_per_second": 3.334,
    "train_steps_per_second": 0.211
}