{
    "epoch": 3.0,
    "total_flos": 2.368830975036621e+16,
    "train_loss": 0.23789234033652715,
    "train_runtime": 111.1755,
    "train_samples_per_second": 47.789,
    "train_steps_per_second": 0.756
}