{
    "epoch": 5.0,
    "total_flos": 3.234395817414492e+17,
    "train_loss": 0.1634056919654224,
    "train_runtime": 274.6624,
    "train_samples_per_second": 26.105,
    "train_steps_per_second": 0.419
}