{
    "epoch": 1.0,
    "total_flos": 2.9762152642379776e+16,
    "train_loss": 0.44340648040885017,
    "train_runtime": 199.2126,
    "train_samples_per_second": 3.373,
    "train_steps_per_second": 0.211
}