{
    "epoch": 3.0,
    "total_flos": 1.977057284110418e+17,
    "train_loss": 0.1256993984650006,
    "train_runtime": 622.5273,
    "train_samples_per_second": 7.123,
    "train_steps_per_second": 0.448
}