,output,predict
0,"{""ounces"": ""12""}","{""ounces"": ""12""}"
1,"{""ounces"": ""12""}","{""ounces"": ""12""}"
2,"{""ounces"": ""12""}","{""ounces"": ""12""}"
3,"{""ounces"": ""12""}","{""ounces"": ""12""}"
4,"{""abv"": ""0.09""}","{""abv"": ""0.09""}"
5,"{""ounces"": ""12""}","{""ounces"": ""12""}"
6,"{""ounces"": ""12""}","{""ounces"": ""12""}"
7,"{""ounces"": ""12""}","{""ounces"": ""12""}"
8,"{""abv"": ""0.045""}","{""abv"": ""0.045""}"
9,"{""ounces"": ""12""}","{""ounces"": ""12""}"
10,"{""ounces"": ""12""}","{""ounces"": ""12""}"
11,"{""ounces"": ""12""}","{""ounces"": ""12""}"
12,"{""ounces"": ""12""}","{""ounces"": ""12""}"
13,"{""ounces"": ""12""}","{""ounces"": ""12""}"
14,"{""ounces"": ""12""}","{""ounces"": ""12""}"
15,"{""abv"": ""0.069""}","{""abv"": ""0.069""}"
16,"{""ounces"": ""12""}","{""ounces"": ""12""}"
17,"{""ounces"": ""12""}","{""ounces"": ""12""}"
18,"{""abv"": ""0.061""}","{""abv"": ""0.061""}"
19,"{""ounces"": ""12""}","{""ounces"": ""12""}"
20,"{""ounces"": ""12""}","{""ounces"": ""12""}"
21,"{""ounces"": ""12""}","{""ounces"": ""12""}"
22,"{""ounces"": ""12""}","{""ounces"": ""12""}"
23,"{""ounces"": ""12""}","{""ounces"": ""12""}"
24,"{""ounces"": ""12""}","{""ounces"": ""12""}"
25,"{""city"": ""San Francisco""}","{""city"": ""San Francisco""}"
26,"{""state"": ""CA""}","{""state"": ""CA""}"
27,"{""ounces"": ""8""}","{""ounces"": ""8.4""}"
28,"{""ounces"": ""12""}","{""ounces"": ""12""}"
29,"{""ounces"": ""12""}","{""ounces"": ""12""}"
30,"{""ounces"": ""12""}","{""ounces"": ""12""}"
31,"{""ounces"": ""12""}","{""ounces"": ""12""}"
32,"{""ounces"": ""12""}","{""ounces"": ""12""}"
33,"{""abv"": ""0.049""}","{""abv"": ""0.049""}"
34,"{""ounces"": ""12""}","{""ounces"": ""12""}"
35,"{""ounces"": ""12""}","{""ounces"": ""12""}"
36,"{""ounces"": ""12""}","{""ounces"": ""12""}"
37,"{""abv"": ""0.07""}","{""abv"": ""0.07""}"
38,"{""ounces"": ""12""}","{""ounces"": ""12""}"
39,"{""abv"": ""0.07""}","{""abv"": ""0.07""}"
40,"{""ounces"": ""12""}","{""ounces"": ""12""}"
41,"{""ounces"": ""12""}","{""ounces"": ""12""}"
42,"{""ounces"": ""12""}","{""ounces"": ""12""}"
43,"{""ounces"": ""12""}","{""ounces"": ""12""}"
44,"{""abv"": ""0.079""}","{""abv"": ""0.079""}"
45,"{""ounces"": ""12""}","{""ounces"": ""12""}"
46,"{""abv"": ""0.068""}","{""abv"": ""0.068""}"
47,"{""ounces"": ""12""}","{""ounces"": ""12""}"
48,"{""ounces"": ""12""}","{""ounces"": ""12""}"
49,"{""ounces"": ""12""}","{""ounces"": ""12""}"
50,"{""ounces"": ""12""}","{""ounces"": ""12""}"
51,"{""ounces"": ""12""}","{""ounces"": ""12""}"
52,"{""ounces"": ""12""}","{""ounces"": ""12""}"
53,"{""ounces"": ""12""}","{""ounces"": ""12""}"
54,"{""ounces"": ""12""}","{""ounces"": ""12""}"
55,"{""abv"": ""0.045""}","{""abv"": ""0.045""}"
56,"{""ounces"": ""12""}","{""ounces"": ""12""}"
57,"{""abv"": ""0.055""}","{""abv"": ""0.055""}"
58,"{""ounces"": ""12""}","{""ounces"": ""12""}"
59,"{""ounces"": ""12""}","{""ounces"": ""12""}"
60,"{""abv"": ""0.055""}","{""abv"": ""0.055""}"
61,"{""ounces"": ""12""}","{""ounces"": ""12""}"
62,"{""city"": ""Saint Louis""}","{""city"": ""Saint Louis""}"
63,"{""state"": ""MO""}","{""state"": ""MO""}"
64,"{""ounces"": ""12""}","{""ounces"": ""12""}"
65,"{""ounces"": ""12""}","{""ounces"": ""12""}"
66,"{""ounces"": ""16""}","{""ounces"": ""16""}"
67,"{""ounces"": ""16""}","{""ounces"": ""16""}"
68,"{""ounces"": ""16""}","{""ounces"": ""16""}"
69,"{""ounces"": ""16""}","{""ounces"": ""16""}"
70,"{""ounces"": ""16""}","{""ounces"": ""16""}"
71,"{""abv"": ""0.09""}","{""abv"": ""0.09""}"
72,"{""ounces"": ""16""}","{""ounces"": ""16""}"
73,"{""abv"": ""0.046""}","{""abv"": ""0.046""}"
74,"{""ounces"": ""16""}","{""ounces"": ""16""}"
75,"{""abv"": ""0.052""}","{""abv"": ""0.052""}"
76,"{""ounces"": ""16""}","{""ounces"": ""16""}"
77,"{""ounces"": ""16""}","{""ounces"": ""16""}"
78,"{""ounces"": ""16""}","{""ounces"": ""16""}"
79,"{""ounces"": ""16""}","{""ounces"": ""16""}"
80,"{""ounces"": ""12""}","{""ounces"": ""12""}"
81,"{""ounces"": ""12""}","{""ounces"": ""12""}"
82,"{""ounces"": ""12""}","{""ounces"": ""12""}"
83,"{""ounces"": ""12""}","{""ounces"": ""12""}"
84,"{""ounces"": ""12""}","{""ounces"": ""12""}"
85,"{""ounces"": ""12""}","{""ounces"": ""12""}"
86,"{""ounces"": ""16""}","{""ounces"": ""16""}"
87,"{""ounces"": ""16""}","{""ounces"": ""16""}"
88,"{""ounces"": ""16""}","{""ounces"": ""16""}"
89,"{""ounces"": ""16""}","{""ounces"": ""16""}"
90,"{""abv"": ""0.125""}","{""abv"": ""0.125""}"
91,"{""ounces"": ""16""}","{""ounces"": ""16""}"
92,"{""ounces"": ""16""}","{""ounces"": ""16""}"
93,"{""ounces"": ""16""}","{""ounces"": ""16""}"
94,"{""ounces"": ""16""}","{""ounces"": ""16""}"
95,"{""ounces"": ""16""}","{""ounces"": ""16""}"
96,"{""ounces"": ""16""}","{""ounces"": ""16""}"
97,"{""ounces"": ""16""}","{""ounces"": ""16""}"
98,"{""ounces"": ""16""}","{""ounces"": ""16""}"
99,"{""abv"": ""0.051""}","{""abv"": ""0.051""}"
100,"{""ounces"": ""16""}","{""ounces"": ""16""}"
101,"{""abv"": ""0.065""}","{""abv"": ""0.065""}"
102,"{""ounces"": ""16""}","{""ounces"": ""16""}"
103,"{""ounces"": ""16""}","{""ounces"": ""16""}"
104,"{""ounces"": ""16""}","{""ounces"": ""16""}"
105,"{""ounces"": ""16""}","{""ounces"": ""16""}"
106,"{""ounces"": ""16""}","{""ounces"": ""16""}"
107,"{""ounces"": ""12""}","{""ounces"": ""12""}"
108,"{""ounces"": ""12""}","{""ounces"": ""12""}"
109,"{""ounces"": ""12""}","{""ounces"": ""12""}"
110,"{""ounces"": ""12""}","{""ounces"": ""12""}"
111,"{""ounces"": ""12""}","{""ounces"": ""12""}"
112,"{""ounces"": ""12""}","{""ounces"": ""12""}"
113,"{""city"": ""Madison""}","{""city"": ""Madison""}"
114,"{""state"": ""WI""}","{""state"": ""WI""}"
115,"{""ounces"": ""16""}","{""ounces"": ""16""}"
116,"{""ounces"": ""16""}","{""ounces"": ""16""}"
117,"{""ounces"": ""16""}","{""ounces"": ""16""}"
118,"{""ounces"": ""16""}","{""ounces"": ""16""}"
119,"{""ounces"": ""16""}","{""ounces"": ""16""}"
120,"{""ounces"": ""12""}","{""ounces"": ""12""}"
121,"{""abv"": ""0.059""}","{""abv"": ""0.059""}"
122,"{""ounces"": ""12""}","{""ounces"": ""12""}"
123,"{""abv"": ""0.065""}","{""abv"": ""0.065""}"
124,"{""ounces"": ""12""}","{""ounces"": ""12""}"
125,"{""abv"": ""0.045""}","{""abv"": ""0.045""}"
126,"{""ounces"": ""12""}","{""ounces"": ""12""}"
127,"{""ounces"": ""12""}","{""ounces"": ""12""}"
128,"{""abv"": ""0.056""}","{""abv"": ""0.056""}"
129,"{""ounces"": ""12""}","{""ounces"": ""12""}"
130,"{""ounces"": ""12""}","{""ounces"": ""12""}"
131,"{""ounces"": ""12""}","{""ounces"": ""12""}"
132,"{""abv"": ""0.048""}","{""abv"": ""0.048""}"
133,"{""ounces"": ""12""}","{""ounces"": ""12""}"
134,"{""ounces"": ""12""}","{""ounces"": ""12""}"
135,"{""ounces"": ""12""}","{""ounces"": ""12""}"
136,"{""ounces"": ""12""}","{""ounces"": ""12""}"
137,"{""ounces"": ""12""}","{""ounces"": ""12""}"
138,"{""abv"": ""0.058""}","{""abv"": ""0.058""}"
139,"{""ounces"": ""12""}","{""ounces"": ""12""}"
140,"{""ounces"": ""16""}","{""ounces"": ""16""}"
141,"{""ounces"": ""12""}","{""ounces"": ""12""}"
142,"{""abv"": ""0.058""}","{""abv"": ""0.058""}"
143,"{""ounces"": ""12""}","{""ounces"": ""12""}"
144,"{""ounces"": ""12""}","{""ounces"": ""12""}"
145,"{""abv"": ""0.057""}","{""abv"": ""0.057""}"
146,"{""ounces"": ""12""}","{""ounces"": ""12""}"
147,"{""abv"": ""0.069""}","{""abv"": ""0.069""}"
148,"{""ounces"": ""12""}","{""ounces"": ""12""}"
149,"{""ounces"": ""12""}","{""ounces"": ""12""}"
150,"{""ounces"": ""12""}","{""ounces"": ""12""}"
151,"{""ounces"": ""12""}","{""ounces"": ""12""}"
152,"{""ounces"": ""16""}","{""ounces"": ""16""}"
153,"{""ounces"": ""16""}","{""ounces"": ""16""}"
154,"{""abv"": ""0.054""}","{""abv"": ""0.054""}"
155,"{""ounces"": ""16""}","{""ounces"": ""16""}"
156,"{""abv"": ""0.047""}","{""abv"": ""0.047""}"
157,"{""city"": ""Hayward""}","{""city"": ""Hayward""}"
158,"{""state"": ""WI""}","{""state"": ""WI""}"
159,"{""ounces"": ""16""}","{""ounces"": ""16""}"
160,"{""ounces"": ""16""}","{""ounces"": ""16""}"
161,"{""abv"": ""0.05""}","{""abv"": ""0.05""}"
162,"{""ounces"": ""12""}","{""ounces"": ""12""}"
163,"{""ounces"": ""12""}","{""ounces"": ""12""}"
164,"{""ounces"": ""12""}","{""ounces"": ""12""}"
165,"{""ounces"": ""12""}","{""ounces"": ""12""}"
166,"{""abv"": ""0.085""}","{""abv"": ""0.085""}"
167,"{""ounces"": ""16""}","{""ounces"": ""16""}"
168,"{""ounces"": ""16""}","{""ounces"": ""16""}"
169,"{""ounces"": ""16""}","{""ounces"": ""16""}"
170,"{""ounces"": ""12""}","{""ounces"": ""12""}"
171,"{""abv"": ""0.06""}","{""abv"": ""0.06""}"
172,"{""ounces"": ""12""}","{""ounces"": ""12""}"
173,"{""ounces"": ""12""}","{""ounces"": ""12""}"
174,"{""ounces"": ""12""}","{""ounces"": ""12""}"
175,"{""city"": ""Denton""}","{""city"": ""Denton""}"
176,"{""state"": ""TX""}","{""state"": ""TX""}"
177,"{""ounces"": ""12""}","{""ounces"": ""12""}"
178,"{""abv"": ""0.051""}","{""abv"": ""0.051""}"
179,"{""ounces"": ""16""}","{""ounces"": ""16""}"
180,"{""ounces"": ""16""}","{""ounces"": ""16""}"
181,"{""ounces"": ""12""}","{""ounces"": ""12""}"
182,"{""ounces"": ""12""}","{""ounces"": ""12""}"
183,"{""city"": ""Asheville""}","{""city"": ""Asheville""}"
184,"{""state"": ""NC""}","{""state"": ""NC""}"
185,"{""ounces"": ""12""}","{""ounces"": ""12""}"
186,"{""ounces"": ""16""}","{""ounces"": ""16""}"
187,"{""ounces"": ""16""}","{""ounces"": ""16""}"
188,"{""ounces"": ""16""}","{""ounces"": ""16""}"
189,"{""ounces"": ""12""}","{""ounces"": ""12""}"
190,"{""ounces"": ""12""}","{""ounces"": ""12""}"
191,"{""abv"": ""0.07""}","{""abv"": ""0.07""}"
192,"{""ounces"": ""12""}","{""ounces"": ""12""}"
193,"{""ounces"": ""12""}","{""ounces"": ""12""}"
194,"{""abv"": ""0.082""}","{""abv"": ""0.08199999999999999""}"
195,"{""ounces"": ""12""}","{""ounces"": ""12""}"
196,"{""ounces"": ""12""}","{""ounces"": ""12""}"
197,"{""ounces"": ""16""}","{""ounces"": ""16""}"
198,"{""ounces"": ""16""}","{""ounces"": ""16""}"
199,"{""abv"": ""0.055""}","{""abv"": ""0.055""}"
200,"{""ounces"": ""16""}","{""ounces"": ""16""}"
201,"{""ounces"": ""12""}","{""ounces"": ""12""}"
202,"{""ounces"": ""12""}","{""ounces"": ""12""}"
203,"{""abv"": ""0.05""}","{""abv"": ""0.05""}"
204,"{""ounces"": ""12""}","{""ounces"": ""12""}"
205,"{""city"": ""Detroit""}","{""city"": ""Detroit""}"
206,"{""state"": ""MI""}","{""state"": ""MI""}"
207,"{""ounces"": ""16""}","{""ounces"": ""16""}"
208,"{""ounces"": ""12""}","{""ounces"": ""12""}"
209,"{""abv"": ""0.062""}","{""abv"": ""0.062""}"
210,"{""ounces"": ""12""}","{""ounces"": ""12""}"
211,"{""ounces"": ""12""}","{""ounces"": ""12""}"
212,"{""ounces"": ""12""}","{""ounces"": ""12""}"
213,"{""ounces"": ""12""}","{""ounces"": ""12""}"
214,"{""abv"": ""0.08""}","{""abv"": ""0.08""}"
215,"{""ounces"": ""12""}","{""ounces"": ""12""}"
216,"{""ounces"": ""12""}","{""ounces"": ""12""}"
217,"{""ounces"": ""12""}","{""ounces"": ""12""}"
218,"{""ounces"": ""12""}","{""ounces"": ""12""}"
219,"{""ounces"": ""12""}","{""ounces"": ""12""}"
220,"{""ounces"": ""12""}","{""ounces"": ""12""}"
221,"{""ounces"": ""12""}","{""ounces"": ""12""}"
222,"{""ounces"": ""12""}","{""ounces"": ""12""}"
223,"{""abv"": ""0.048""}","{""abv"": ""0.048""}"
224,"{""ounces"": ""12""}","{""ounces"": ""12""}"
225,"{""ounces"": ""12""}","{""ounces"": ""12""}"
226,"{""ounces"": ""12""}","{""ounces"": ""12""}"
227,"{""ounces"": ""12""}","{""ounces"": ""12""}"
228,"{""ounces"": ""12""}","{""ounces"": ""12""}"
229,"{""ounces"": ""12""}","{""ounces"": ""12""}"
230,"{""abv"": ""0.049""}","{""abv"": ""0.049""}"
231,"{""ounces"": ""12""}","{""ounces"": ""12""}"
232,"{""ounces"": ""12""}","{""ounces"": ""12""}"
233,"{""ounces"": ""12""}","{""ounces"": ""12""}"
234,"{""abv"": ""0.06""}","{""abv"": ""0.06""}"
235,"{""ounces"": ""12""}","{""ounces"": ""12""}"
236,"{""abv"": ""0.06""}","{""abv"": ""0.06""}"
237,"{""ounces"": ""12""}","{""ounces"": ""12""}"
238,"{""ounces"": ""12""}","{""ounces"": ""12""}"
239,"{""abv"": ""0.044""}","{""abv"": ""0.044""}"
240,"{""ounces"": ""12""}","{""ounces"": ""12""}"
241,"{""abv"": ""0.07""}","{""abv"": ""0.07""}"
242,"{""ounces"": ""12""}","{""ounces"": ""12""}"
243,"{""abv"": ""0.038""}","{""abv"": ""0.038""}"
244,"{""city"": ""San Diego""}","{""city"": ""San Diego""}"
245,"{""state"": ""CA""}","{""state"": ""CA""}"
246,"{""ounces"": ""12""}","{""ounces"": ""12""}"
247,"{""abv"": ""0.052""}","{""abv"": ""0.052""}"
248,"{""ounces"": ""12""}","{""ounces"": ""12""}"
249,"{""ounces"": ""12""}","{""ounces"": ""12""}"
250,"{""ounces"": ""12""}","{""ounces"": ""12""}"
251,"{""ounces"": ""12""}","{""ounces"": ""12""}"
252,"{""ounces"": ""12""}","{""ounces"": ""12""}"
253,"{""abv"": ""0.045""}","{""abv"": ""0.045""}"
254,"{""ounces"": ""12""}","{""ounces"": ""12""}"
255,"{""ounces"": ""16""}","{""ounces"": ""16""}"
256,"{""ounces"": ""12""}","{""ounces"": ""12""}"
257,"{""ounces"": ""12""}","{""ounces"": ""12""}"
258,"{""ounces"": ""12""}","{""ounces"": ""12""}"
259,"{""abv"": ""0.049""}","{""abv"": ""0.049""}"
260,"{""ounces"": ""12""}","{""ounces"": ""12""}"
261,"{""ounces"": ""12""}","{""ounces"": ""12""}"
262,"{""ounces"": ""12""}","{""ounces"": ""12""}"
263,"{""ounces"": ""12""}","{""ounces"": ""12""}"
264,"{""ounces"": ""12""}","{""ounces"": ""12""}"
265,"{""ounces"": ""12""}","{""ounces"": ""12""}"
266,"{""abv"": ""0.067""}","{""abv"": ""0.067""}"
267,"{""ounces"": ""12""}","{""ounces"": ""12""}"
268,"{""ounces"": ""12""}","{""ounces"": ""12""}"
269,"{""ounces"": ""12""}","{""ounces"": ""12""}"
270,"{""ounces"": ""16""}","{""ounces"": ""16""}"
271,"{""abv"": ""0.07""}","{""abv"": ""0.07""}"
272,"{""ounces"": ""12""}","{""ounces"": ""12""}"
273,"{""ounces"": ""12""}","{""ounces"": ""12""}"
274,"{""ounces"": ""12""}","{""ounces"": ""12""}"
275,"{""ounces"": ""12""}","{""ounces"": ""12""}"
276,"{""ounces"": ""12""}","{""ounces"": ""12""}"
277,"{""ounces"": ""12""}","{""ounces"": ""12""}"
278,"{""abv"": ""0.049""}","{""abv"": ""0.049""}"
279,"{""ounces"": ""12""}","{""ounces"": ""12""}"
280,"{""ounces"": ""16""}","{""ounces"": ""16""}"
281,"{""ounces"": ""12""}","{""ounces"": ""12""}"
282,"{""ounces"": ""12""}","{""ounces"": ""12""}"
283,"{""abv"": ""0.058""}","{""abv"": ""0.058""}"
284,"{""ounces"": ""12""}","{""ounces"": ""12""}"
285,"{""abv"": ""0.068""}","{""abv"": ""0.068""}"
286,"{""ounces"": ""12""}","{""ounces"": ""12""}"
287,"{""ounces"": ""12""}","{""ounces"": ""12""}"
288,"{""abv"": ""0.058""}","{""abv"": ""0.058""}"
289,"{""ounces"": ""16""}","{""ounces"": ""16""}"
290,"{""abv"": ""0.06""}","{""abv"": ""0.06""}"
291,"{""ounces"": ""16""}","{""ounces"": ""16""}"
292,"{""ounces"": ""16""}","{""ounces"": ""16""}"
293,"{""ounces"": ""16""}","{""ounces"": ""16""}"
294,"{""ounces"": ""16""}","{""ounces"": ""16""}"
295,"{""ounces"": ""12""}","{""ounces"": ""12""}"
296,"{""ounces"": ""16""}","{""ounces"": ""16""}"
297,"{""ounces"": ""12""}","{""ounces"": ""12""}"
298,"{""abv"": ""0.057""}","{""abv"": ""0.057""}"
299,"{""ounces"": ""12""}","{""ounces"": ""12""}"
300,"{""ounces"": ""12""}","{""ounces"": ""12""}"
301,"{""ounces"": ""12""}","{""ounces"": ""12""}"
302,"{""ounces"": ""12""}","{""ounces"": ""12""}"
303,"{""ounces"": ""12""}","{""ounces"": ""12""}"
304,"{""abv"": ""0.06""}","{""abv"": ""0.06""}"
305,"{""city"": ""Duluth""}","{""city"": ""Duluth""}"
306,"{""state"": ""MN""}","{""state"": ""MN""}"
307,"{""ounces"": ""12""}","{""ounces"": ""12""}"
308,"{""ounces"": ""12""}","{""ounces"": ""12""}"
309,"{""ounces"": ""12""}","{""ounces"": ""12""}"
310,"{""ounces"": ""12""}","{""ounces"": ""12""}"
311,"{""abv"": ""0.078""}","{""abv"": ""0.078""}"
312,"{""ounces"": ""12""}","{""ounces"": ""12""}"
313,"{""abv"": ""0.047""}","{""abv"": ""0.047""}"
314,"{""ounces"": ""12""}","{""ounces"": ""12""}"
315,"{""ounces"": ""12""}","{""ounces"": ""12""}"
316,"{""abv"": ""0.056""}","{""abv"": ""0.056""}"
317,"{""ounces"": ""12""}","{""ounces"": ""12""}"
318,"{""ounces"": ""16""}","{""ounces"": ""16""}"
319,"{""ounces"": ""12""}","{""ounces"": ""12""}"
320,"{""abv"": ""0.095""}","{""abv"": ""0.095""}"
321,"{""ounces"": ""16""}","{""ounces"": ""16""}"
322,"{""ounces"": ""16""}","{""ounces"": ""16""}"
323,"{""ounces"": ""12""}","{""ounces"": ""12""}"
324,"{""abv"": ""0.07""}","{""abv"": ""0.07""}"
325,"{""ounces"": ""12""}","{""ounces"": ""12""}"
326,"{""ounces"": ""12""}","{""ounces"": ""12""}"
327,"{""ounces"": ""16""}","{""ounces"": ""16""}"
328,"{""ounces"": ""16""}","{""ounces"": ""16""}"
329,"{""ounces"": ""12""}","{""ounces"": ""12""}"
330,"{""ounces"": ""16""}","{""ounces"": ""16""}"
331,"{""ounces"": ""12""}","{""ounces"": ""12""}"
332,"{""ounces"": ""12""}","{""ounces"": ""12""}"
333,"{""ounces"": ""12""}","{""ounces"": ""12""}"
334,"{""ounces"": ""12""}","{""ounces"": ""12""}"
335,"{""abv"": ""0.05""}","{""abv"": ""0.05""}"
336,"{""ounces"": ""12""}","{""ounces"": ""12""}"
337,"{""ounces"": ""12""}","{""ounces"": ""12""}"
338,"{""ounces"": ""12""}","{""ounces"": ""12""}"
339,"{""ounces"": ""12""}","{""ounces"": ""12""}"
340,"{""ounces"": ""12""}","{""ounces"": ""12""}"
341,"{""ounces"": ""12""}","{""ounces"": ""12""}"
342,"{""ounces"": ""12""}","{""ounces"": ""12""}"
343,"{""ounces"": ""12""}","{""ounces"": ""12""}"
344,"{""ounces"": ""12""}","{""ounces"": ""12""}"
345,"{""ounces"": ""12""}","{""ounces"": ""12""}"
346,"{""abv"": ""0.051""}","{""abv"": ""0.051""}"
347,"{""ounces"": ""12""}","{""ounces"": ""12""}"
348,"{""ounces"": ""12""}","{""ounces"": ""12""}"
349,"{""abv"": ""0.058""}","{""abv"": ""0.058""}"
350,"{""ounces"": ""16""}","{""ounces"": ""16""}"
351,"{""ounces"": ""16""}","{""ounces"": ""16""}"
352,"{""abv"": ""0.099""}","{""abv"": ""0.099""}"
353,"{""ounces"": ""16""}","{""ounces"": ""16""}"
354,"{""ounces"": ""16""}","{""ounces"": ""16""}"
355,"{""ounces"": ""16""}","{""ounces"": ""16""}"
356,"{""ounces"": ""16""}","{""ounces"": ""16""}"
357,"{""ounces"": ""12""}","{""ounces"": ""12""}"
358,"{""ounces"": ""12""}","{""ounces"": ""12""}"
359,"{""ounces"": ""12""}","{""ounces"": ""12""}"
360,"{""ounces"": ""16""}","{""ounces"": ""16""}"
361,"{""ounces"": ""12""}","{""ounces"": ""12""}"
362,"{""abv"": ""0.045""}","{""abv"": ""0.045""}"
363,"{""ounces"": ""12""}","{""ounces"": ""12""}"
364,"{""ounces"": ""12""}","{""ounces"": ""12""}"
365,"{""ounces"": ""12""}","{""ounces"": ""12""}"
366,"{""ounces"": ""12""}","{""ounces"": ""12""}"
367,"{""ounces"": ""12""}","{""ounces"": ""12""}"
368,"{""ounces"": ""12""}","{""ounces"": ""12""}"
369,"{""ounces"": ""12""}","{""ounces"": ""12""}"
370,"{""ounces"": ""12""}","{""ounces"": ""12""}"
371,"{""abv"": ""0.048""}","{""abv"": ""0.048""}"
372,"{""ounces"": ""12""}","{""ounces"": ""12""}"
373,"{""ounces"": ""12""}","{""ounces"": ""12""}"
374,"{""abv"": ""0.073""}","{""abv"": ""0.073""}"
375,"{""ounces"": ""12""}","{""ounces"": ""12""}"
376,"{""ounces"": ""12""}","{""ounces"": ""12""}"
377,"{""ounces"": ""12""}","{""ounces"": ""12""}"
378,"{""ounces"": ""12""}","{""ounces"": ""12""}"
379,"{""ounces"": ""12""}","{""ounces"": ""12""}"
380,"{""ounces"": ""12""}","{""ounces"": ""12""}"
381,"{""ounces"": ""12""}","{""ounces"": ""12""}"
382,"{""abv"": ""0.05""}","{""abv"": ""0.05""}"
383,"{""ounces"": ""12""}","{""ounces"": ""12""}"
384,"{""ounces"": ""12""}","{""ounces"": ""12""}"
385,"{""abv"": ""0.055""}","{""abv"": ""0.055""}"
386,"{""ounces"": ""12""}","{""ounces"": ""12""}"
387,"{""ounces"": ""12""}","{""ounces"": ""12""}"
388,"{""ounces"": ""12""}","{""ounces"": ""12""}"
389,"{""ounces"": ""12""}","{""ounces"": ""12""}"
390,"{""ounces"": ""12""}","{""ounces"": ""12""}"
391,"{""ounces"": ""12""}","{""ounces"": ""12""}"
392,"{""ounces"": ""12""}","{""ounces"": ""12""}"
393,"{""ounces"": ""12""}","{""ounces"": ""12""}"
394,"{""ounces"": ""12""}","{""ounces"": ""12""}"
395,"{""abv"": ""0.056""}","{""abv"": ""0.056""}"
396,"{""ounces"": ""12""}","{""ounces"": ""12""}"
397,"{""abv"": ""0.056""}","{""abv"": ""0.056""}"
398,"{""ounces"": ""12""}","{""ounces"": ""12""}"
399,"{""ounces"": ""12""}","{""ounces"": ""12""}"
400,"{""ounces"": ""12""}","{""ounces"": ""12""}"
401,"{""abv"": ""0.059""}","{""abv"": ""0.059""}"
402,"{""ounces"": ""12""}","{""ounces"": ""12""}"
403,"{""abv"": ""0.08""}","{""abv"": ""0.08""}"
404,"{""city"": ""Canton""}","{""city"": ""Canton""}"
405,"{""state"": ""MA""}","{""state"": ""MA""}"
406,"{""ounces"": ""12""}","{""ounces"": ""12""}"
407,"{""city"": ""Afton""}","{""city"": ""Afton""}"
408,"{""state"": ""VA""}","{""state"": ""VA""}"
409,"{""ounces"": ""12""}","{""ounces"": ""12""}"
410,"{""ounces"": ""12""}","{""ounces"": ""12""}"
411,"{""ounces"": ""12""}","{""ounces"": ""12""}"
412,"{""ounces"": ""12""}","{""ounces"": ""12""}"
413,"{""ounces"": ""12""}","{""ounces"": ""12""}"
414,"{""ounces"": ""12""}","{""ounces"": ""12""}"
415,"{""ounces"": ""12""}","{""ounces"": ""12""}"
416,"{""ounces"": ""12""}","{""ounces"": ""12""}"
417,"{""ounces"": ""16""}","{""ounces"": ""16""}"
418,"{""ounces"": ""12""}","{""ounces"": ""12""}"
419,"{""abv"": ""0.06""}","{""abv"": ""0.06""}"
420,"{""ounces"": ""12""}","{""ounces"": ""12""}"
421,"{""ounces"": ""12""}","{""ounces"": ""12""}"
422,"{""ounces"": ""12""}","{""ounces"": ""12""}"
423,"{""ounces"": ""12""}","{""ounces"": ""12""}"
424,"{""ounces"": ""12""}","{""ounces"": ""12""}"
425,"{""ounces"": ""12""}","{""ounces"": ""12""}"
426,"{""abv"": ""0.05""}","{""abv"": ""0.05""}"
427,"{""ounces"": ""12""}","{""ounces"": ""12""}"
428,"{""ounces"": ""12""}","{""ounces"": ""12""}"
429,"{""ounces"": ""12""}","{""ounces"": ""12""}"
430,"{""ounces"": ""12""}","{""ounces"": ""12""}"
431,"{""abv"": ""0.06""}","{""abv"": ""0.06""}"
432,"{""ounces"": ""16""}","{""ounces"": ""16""}"
433,"{""abv"": ""0.042""}","{""abv"": ""0.042""}"
434,"{""ounces"": ""16""}","{""ounces"": ""16""}"
435,"{""ounces"": ""12""}","{""ounces"": ""12""}"
436,"{""ounces"": ""12""}","{""ounces"": ""12""}"
437,"{""ounces"": ""12""}","{""ounces"": ""12""}"
438,"{""ounces"": ""16""}","{""ounces"": ""16""}"
439,"{""ounces"": ""16""}","{""ounces"": ""16""}"
440,"{""ounces"": ""12""}","{""ounces"": ""12""}"
441,"{""ounces"": ""16""}","{""ounces"": ""16""}"
442,"{""ounces"": ""12""}","{""ounces"": ""12""}"
443,"{""ounces"": ""16""}","{""ounces"": ""16""}"
444,"{""ounces"": ""12""}","{""ounces"": ""12""}"
445,"{""ounces"": ""12""}","{""ounces"": ""12""}"
446,"{""ounces"": ""12""}","{""ounces"": ""12""}"
447,"{""ounces"": ""16""}","{""ounces"": ""16""}"
448,"{""abv"": ""0.049""}","{""abv"": ""0.049""}"
449,"{""ounces"": ""12""}","{""ounces"": ""12""}"
450,"{""ounces"": ""12""}","{""ounces"": ""12""}"
451,"{""abv"": ""0.064""}","{""abv"": ""0.064""}"
452,"{""ounces"": ""16""}","{""ounces"": ""16""}"
453,"{""ounces"": ""12""}","{""ounces"": ""12""}"
454,"{""ounces"": ""12""}","{""ounces"": ""12""}"
455,"{""abv"": ""0.058""}","{""abv"": ""0.058""}"
456,"{""ounces"": ""12""}","{""ounces"": ""12""}"
457,"{""ounces"": ""16""}","{""ounces"": ""16""}"
458,"{""city"": ""Eagle""}","{""city"": ""Eagle""}"
459,"{""state"": ""CO""}","{""state"": ""CO""}"
460,"{""ounces"": ""16""}","{""ounces"": ""16""}"
461,"{""ounces"": ""16""}","{""ounces"": ""16""}"
462,"{""ounces"": ""12""}","{""ounces"": ""12""}"
463,"{""ounces"": ""16""}","{""ounces"": ""16""}"
464,"{""ounces"": ""12""}","{""ounces"": ""12""}"
465,"{""ounces"": ""12""}","{""ounces"": ""12""}"
466,"{""abv"": ""0.056""}","{""abv"": ""0.056""}"
467,"{""ounces"": ""16""}","{""ounces"": ""16""}"
468,"{""ounces"": ""12""}","{""ounces"": ""12""}"
469,"{""ounces"": ""12""}","{""ounces"": ""12""}"
470,"{""ounces"": ""12""}","{""ounces"": ""12""}"
471,"{""ounces"": ""12""}","{""ounces"": ""12""}"
472,"{""ounces"": ""12""}","{""ounces"": ""12""}"
473,"{""ounces"": ""12""}","{""ounces"": ""12""}"
474,"{""ounces"": ""12""}","{""ounces"": ""12""}"
475,"{""ounces"": ""12""}","{""ounces"": ""12""}"
476,"{""ounces"": ""12""}","{""ounces"": ""12""}"
477,"{""ounces"": ""12""}","{""ounces"": ""12""}"
478,"{""ounces"": ""12""}","{""ounces"": ""12""}"
479,"{""abv"": ""0.047""}","{""abv"": ""0.047""}"
480,"{""ounces"": ""12""}","{""ounces"": ""12""}"
481,"{""abv"": ""0.06""}","{""abv"": ""0.06""}"
482,"{""ounces"": ""12""}","{""ounces"": ""12""}"
483,"{""ounces"": ""12""}","{""ounces"": ""12""}"
484,"{""ounces"": ""12""}","{""ounces"": ""12""}"
485,"{""ounces"": ""12""}","{""ounces"": ""12""}"
486,"{""abv"": ""0.055""}","{""abv"": ""0.055""}"
487,"{""ounces"": ""12""}","{""ounces"": ""12""}"
488,"{""ounces"": ""16""}","{""ounces"": ""16""}"
489,"{""ounces"": ""12""}","{""ounces"": ""12""}"
490,"{""ounces"": ""12""}","{""ounces"": ""12""}"
491,"{""ounces"": ""12""}","{""ounces"": ""12""}"
492,"{""abv"": ""0.062""}","{""abv"": ""0.062""}"
493,"{""ounces"": ""12""}","{""ounces"": ""12""}"
494,"{""city"": ""Denver""}","{""city"": ""Denver""}"
495,"{""state"": ""CO""}","{""state"": ""CO""}"
496,"{""ounces"": ""12""}","{""ounces"": ""12""}"
497,"{""ounces"": ""12""}","{""ounces"": ""12""}"
498,"{""ounces"": ""12""}","{""ounces"": ""12""}"
499,"{""abv"": ""0.05""}","{""abv"": ""0.05""}"
500,"{""ounces"": ""12""}","{""ounces"": ""12""}"
501,"{""ounces"": ""16""}","{""ounces"": ""16""}"
502,"{""abv"": ""0.058""}","{""abv"": ""0.058""}"
503,"{""city"": ""Plainfield""}","{""city"": ""Plainfield""}"
504,"{""state"": ""IN""}","{""state"": ""IN""}"
505,"{""ounces"": ""16""}","{""ounces"": ""16""}"
506,"{""ounces"": ""16""}","{""ounces"": ""16""}"
507,"{""ounces"": ""16""}","{""ounces"": ""16""}"
508,"{""ounces"": ""16""}","{""ounces"": ""16""}"
509,"{""ounces"": ""16""}","{""ounces"": ""16""}"
510,"{""ounces"": ""16""}","{""ounces"": ""16""}"
511,"{""ounces"": ""16""}","{""ounces"": ""16""}"
512,"{""ounces"": ""16""}","{""ounces"": ""16""}"
513,"{""ounces"": ""16""}","{""ounces"": ""16""}"
514,"{""ounces"": ""16""}","{""ounces"": ""16""}"
515,"{""abv"": ""0.065""}","{""abv"": ""0.065""}"
516,"{""ounces"": ""16""}","{""ounces"": ""16""}"
517,"{""ounces"": ""16""}","{""ounces"": ""16""}"
518,"{""ounces"": ""16""}","{""ounces"": ""16""}"
519,"{""ounces"": ""16""}","{""ounces"": ""16""}"
520,"{""ounces"": ""16""}","{""ounces"": ""16""}"
521,"{""ounces"": ""16""}","{""ounces"": ""16""}"
522,"{""abv"": ""0.066""}","{""abv"": ""0.066""}"
523,"{""ounces"": ""16""}","{""ounces"": ""16""}"
524,"{""abv"": ""0.041""}","{""abv"": ""0.041""}"
525,"{""ounces"": ""16""}","{""ounces"": ""16""}"
526,"{""abv"": ""0.082""}","{""abv"": ""0.08199999999999999""}"
527,"{""ounces"": ""16""}","{""ounces"": ""16""}"
528,"{""ounces"": ""16""}","{""ounces"": ""16""}"
529,"{""abv"": ""0.062""}","{""abv"": ""0.062""}"
530,"{""ounces"": ""16""}","{""ounces"": ""16""}"
531,"{""ounces"": ""16""}","{""ounces"": ""16""}"
532,"{""ounces"": ""16""}","{""ounces"": ""16""}"
533,"{""ounces"": ""16""}","{""ounces"": ""16""}"
534,"{""city"": ""Grand Rapids""}","{""city"": ""Grand Rapids""}"
535,"{""state"": ""MI""}","{""state"": ""MI""}"
536,"{""ounces"": ""16""}","{""ounces"": ""16""}"
537,"{""abv"": ""0.056""}","{""abv"": ""0.056""}"
538,"{""ounces"": ""16""}","{""ounces"": ""16""}"
539,"{""ounces"": ""16""}","{""ounces"": ""16""}"
540,"{""ounces"": ""16""}","{""ounces"": ""16""}"
541,"{""ounces"": ""16""}","{""ounces"": ""16""}"
542,"{""ounces"": ""16""}","{""ounces"": ""16""}"
543,"{""ounces"": ""16""}","{""ounces"": ""16""}"
544,"{""ounces"": ""16""}","{""ounces"": ""16""}"
545,"{""ounces"": ""16""}","{""ounces"": ""16""}"
546,"{""abv"": ""0.07""}","{""abv"": ""0.07""}"
547,"{""ounces"": ""16""}","{""ounces"": ""16""}"
548,"{""abv"": ""0.067""}","{""abv"": ""0.067""}"
549,"{""ounces"": ""16""}","{""ounces"": ""16""}"
550,"{""ounces"": ""16""}","{""ounces"": ""16""}"
551,"{""ounces"": ""16""}","{""ounces"": ""16""}"
552,"{""ounces"": ""16""}","{""ounces"": ""16""}"
553,"{""ounces"": ""16""}","{""ounces"": ""16""}"
554,"{""abv"": ""0.045""}","{""abv"": ""0.045""}"
555,"{""ounces"": ""16""}","{""ounces"": ""16""}"
556,"{""ounces"": ""16""}","{""ounces"": ""16""}"
557,"{""ounces"": ""16""}","{""ounces"": ""16""}"
558,"{""ounces"": ""16""}","{""ounces"": ""16""}"
559,"{""abv"": ""0.056""}","{""abv"": ""0.056""}"
560,"{""ounces"": ""16""}","{""ounces"": ""16""}"
561,"{""ounces"": ""16""}","{""ounces"": ""16""}"
562,"{""ounces"": ""16""}","{""ounces"": ""16""}"
563,"{""abv"": ""0.05""}","{""abv"": ""0.05""}"
564,"{""ounces"": ""16""}","{""ounces"": ""16""}"
565,"{""abv"": ""0.09""}","{""abv"": ""0.09""}"
566,"{""ounces"": ""16""}","{""ounces"": ""16""}"
567,"{""ounces"": ""16""}","{""ounces"": ""16""}"
568,"{""ounces"": ""16""}","{""ounces"": ""16""}"
569,"{""abv"": ""0.06""}","{""abv"": ""0.06""}"
570,"{""ounces"": ""16""}","{""ounces"": ""16""}"
571,"{""abv"": ""0.099""}","{""abv"": ""0.099""}"
572,"{""ounces"": ""16""}","{""ounces"": ""16""}"
573,"{""ounces"": ""16""}","{""ounces"": ""16""}"
574,"{""abv"": ""0.092""}","{""abv"": ""0.092""}"
575,"{""ounces"": ""16""}","{""ounces"": ""16""}"
576,"{""ounces"": ""16""}","{""ounces"": ""16""}"
577,"{""ounces"": ""16""}","{""ounces"": ""16""}"
578,"{""ounces"": ""16""}","{""ounces"": ""16""}"
579,"{""ounces"": ""16""}","{""ounces"": ""16""}"
580,"{""ounces"": ""16""}","{""ounces"": ""16""}"
581,"{""ounces"": ""16""}","{""ounces"": ""16""}"
582,"{""ounces"": ""16""}","{""ounces"": ""16""}"
583,"{""abv"": ""0.055""}","{""abv"": ""0.055""}"
584,"{""ounces"": ""16""}","{""ounces"": ""16""}"
585,"{""abv"": ""0.06""}","{""abv"": ""0.06""}"
586,"{""ounces"": ""16""}","{""ounces"": ""16""}"
587,"{""ounces"": ""12""}","{""ounces"": ""12""}"
588,"{""ounces"": ""12""}","{""ounces"": ""12""}"
589,"{""abv"": """"}","{""abv"": ""-1""}"
590,"{""city"": ""Tampa Bay""}","{""city"": ""Tampa Bay""}"
591,"{""state"": ""FL""}","{""state"": ""FL""}"
592,"{""ounces"": ""16""}","{""ounces"": ""16""}"
593,"{""ounces"": ""12""}","{""ounces"": ""12""}"
594,"{""ounces"": ""12""}","{""ounces"": ""12""}"
595,"{""ounces"": ""12""}","{""ounces"": ""12""}"
596,"{""abv"": ""0.048""}","{""abv"": ""0.048""}"
597,"{""ounces"": ""12""}","{""ounces"": ""12""}"
598,"{""ounces"": ""16""}","{""ounces"": ""16""}"
599,"{""abv"": ""0.068""}","{""abv"": ""0.068""}"
600,"{""ounces"": ""12""}","{""ounces"": ""12""}"
601,"{""ounces"": ""12""}","{""ounces"": ""12""}"
602,"{""ounces"": ""12""}","{""ounces"": ""12""}"
603,"{""ounces"": ""16""}","{""ounces"": ""16""}"
604,"{""city"": ""Brooklyn""}","{""city"": ""Brooklyn""}"
605,"{""state"": ""NY""}","{""state"": ""NY""}"
606,"{""ounces"": ""12""}","{""ounces"": ""12""}"
607,"{""abv"": ""0.052""}","{""abv"": ""0.052""}"
608,"{""ounces"": ""16""}","{""ounces"": ""16""}"
609,"{""abv"": ""0.08""}","{""abv"": ""0.08""}"
610,"{""ounces"": ""16""}","{""ounces"": ""16""}"
611,"{""ounces"": ""16""}","{""ounces"": ""16""}"
612,"{""ounces"": ""16""}","{""ounces"": ""16""}"
613,"{""city"": ""Reno""}","{""city"": ""Reno""}"
614,"{""state"": ""NV""}","{""state"": ""NV""}"
615,"{""ounces"": ""16""}","{""ounces"": ""16""}"
616,"{""abv"": ""0.062""}","{""abv"": ""0.062""}"
617,"{""ounces"": ""16""}","{""ounces"": ""16""}"
618,"{""abv"": ""0.058""}","{""abv"": ""0.058""}"
619,"{""ounces"": ""16""}","{""ounces"": ""16""}"
620,"{""ounces"": ""16""}","{""ounces"": ""16""}"
621,"{""abv"": ""0.053""}","{""abv"": ""0.053""}"
622,"{""ounces"": ""12""}","{""ounces"": ""12""}"
623,"{""abv"": ""0.045""}","{""abv"": ""0.045""}"
624,"{""ounces"": ""12""}","{""ounces"": ""12""}"
625,"{""city"": ""Houston""}","{""city"": ""Houston""}"
626,"{""state"": ""TX""}","{""state"": ""TX""}"
627,"{""ounces"": ""12""}","{""ounces"": ""12""}"
628,"{""ounces"": ""16""}","{""ounces"": ""16""}"
629,"{""ounces"": ""16""}","{""ounces"": ""16""}"
630,"{""abv"": ""0.065""}","{""abv"": ""0.065""}"
631,"{""ounces"": ""16""}","{""ounces"": ""16""}"
632,"{""ounces"": ""24""}","{""ounces"": ""24""}"
633,"{""ounces"": ""12""}","{""ounces"": ""12""}"
634,"{""ounces"": ""12""}","{""ounces"": ""12""}"
635,"{""ounces"": ""12""}","{""ounces"": ""12""}"
636,"{""ounces"": ""16""}","{""ounces"": ""16""}"
637,"{""ounces"": ""16""}","{""ounces"": ""16""}"
638,"{""abv"": ""0.068""}","{""abv"": ""0.068""}"
639,"{""ounces"": ""16""}","{""ounces"": ""16""}"
640,"{""ounces"": ""16""}","{""ounces"": ""16""}"
641,"{""ounces"": ""16""}","{""ounces"": ""16""}"
642,"{""ounces"": ""12""}","{""ounces"": ""12""}"
643,"{""ounces"": ""12""}","{""ounces"": ""12""}"
644,"{""ounces"": ""12""}","{""ounces"": ""12""}"
645,"{""abv"": ""0.049""}","{""abv"": ""0.049""}"
646,"{""ounces"": ""12""}","{""ounces"": ""12""}"
647,"{""ounces"": ""12""}","{""ounces"": ""12""}"
648,"{""ounces"": ""12""}","{""ounces"": ""12""}"
649,"{""abv"": ""0.043""}","{""abv"": ""0.043""}"
650,"{""ounces"": ""12""}","{""ounces"": ""12""}"
651,"{""ounces"": ""12""}","{""ounces"": ""12""}"
652,"{""ounces"": ""12""}","{""ounces"": ""12""}"
653,"{""ounces"": ""16""}","{""ounces"": ""16""}"
654,"{""ounces"": ""16""}","{""ounces"": ""16""}"
655,"{""ounces"": ""16""}","{""ounces"": ""16""}"
656,"{""ounces"": ""16""}","{""ounces"": ""16""}"
657,"{""ounces"": ""16""}","{""ounces"": ""16""}"
658,"{""ounces"": ""16""}","{""ounces"": ""16""}"
659,"{""city"": ""Oklahoma City""}","{""city"": ""Oklahoma City""}"
660,"{""state"": ""OK""}","{""state"": ""OK""}"
661,"{""ounces"": ""16""}","{""ounces"": ""16""}"
662,"{""abv"": ""0.068""}","{""abv"": ""0.068""}"
663,"{""ounces"": ""16""}","{""ounces"": ""16""}"
664,"{""ounces"": ""16""}","{""ounces"": ""16""}"
665,"{""ounces"": ""12""}","{""ounces"": ""12""}"
666,"{""abv"": ""0.068""}","{""abv"": ""0.068""}"
667,"{""ounces"": ""12""}","{""ounces"": ""12""}"
668,"{""ounces"": ""12""}","{""ounces"": ""12""}"
669,"{""abv"": ""0.056""}","{""abv"": ""0.056""}"
670,"{""ounces"": ""12""}","{""ounces"": ""12""}"
671,"{""ounces"": ""12""}","{""ounces"": ""12""}"
672,"{""city"": ""Ashland""}","{""city"": ""Ashland""}"
673,"{""state"": ""OR""}","{""state"": ""OR""}"
674,"{""ounces"": ""12""}","{""ounces"": ""12""}"
675,"{""ounces"": ""12""}","{""ounces"": ""12""}"
676,"{""abv"": ""0.061""}","{""abv"": ""0.061""}"
677,"{""ounces"": ""12""}","{""ounces"": ""12""}"
678,"{""abv"": ""0.056""}","{""abv"": ""0.056""}"
679,"{""ounces"": ""12""}","{""ounces"": ""12""}"
680,"{""ounces"": ""12""}","{""ounces"": ""12""}"
681,"{""ounces"": ""12""}","{""ounces"": ""12""}"
682,"{""ounces"": ""12""}","{""ounces"": ""12""}"
683,"{""ounces"": ""12""}","{""ounces"": ""12""}"
684,"{""ounces"": ""12""}","{""ounces"": ""12""}"
685,"{""ounces"": ""12""}","{""ounces"": ""12""}"
686,"{""city"": ""Cambridge""}","{""city"": ""Cambridge""}"
687,"{""state"": ""MA""}","{""state"": ""MA""}"
688,"{""ounces"": ""12""}","{""ounces"": ""12""}"
689,"{""abv"": ""0.065""}","{""abv"": ""0.065""}"
690,"{""ounces"": ""12""}","{""ounces"": ""12""}"
691,"{""ounces"": ""12""}","{""ounces"": ""12""}"
692,"{""ounces"": ""12""}","{""ounces"": ""12""}"
693,"{""ounces"": ""12""}","{""ounces"": ""12""}"
694,"{""ounces"": ""16""}","{""ounces"": ""16""}"
695,"{""ounces"": ""16""}","{""ounces"": ""16""}"
696,"{""ounces"": ""12""}","{""ounces"": ""12""}"
697,"{""abv"": ""0.055""}","{""abv"": ""0.055""}"
698,"{""ounces"": ""12""}","{""ounces"": ""12""}"
699,"{""ounces"": ""12""}","{""ounces"": ""12""}"
700,"{""abv"": ""0.055""}","{""abv"": ""0.055""}"
701,"{""city"": ""Gloucester""}","{""city"": ""Gloucester""}"
702,"{""state"": ""MA""}","{""state"": ""MA""}"
703,"{""ounces"": ""16""}","{""ounces"": ""16""}"
704,"{""ounces"": ""16""}","{""ounces"": ""16""}"
705,"{""abv"": ""0.049""}","{""abv"": ""0.049""}"
706,"{""ounces"": ""12""}","{""ounces"": ""12""}"
707,"{""ounces"": ""12""}","{""ounces"": ""12""}"
708,"{""ounces"": ""12""}","{""ounces"": ""12""}"
709,"{""abv"": ""0.046""}","{""abv"": ""0.046""}"
710,"{""ounces"": ""12""}","{""ounces"": ""12""}"
711,"{""ounces"": ""16""}","{""ounces"": ""16""}"
712,"{""ounces"": ""12""}","{""ounces"": ""12""}"
713,"{""ounces"": ""12""}","{""ounces"": ""12""}"
714,"{""abv"": ""0.052""}","{""abv"": ""0.052""}"
715,"{""ounces"": ""12""}","{""ounces"": ""12""}"
716,"{""abv"": ""0.042""}","{""abv"": ""0.042""}"
717,"{""ounces"": ""12""}","{""ounces"": ""12""}"
718,"{""ounces"": ""12""}","{""ounces"": ""12""}"
719,"{""ounces"": ""12""}","{""ounces"": ""12""}"
720,"{""ounces"": ""12""}","{""ounces"": ""12""}"
721,"{""city"": ""Mooresville""}","{""city"": ""Mooresville""}"
722,"{""state"": ""NC""}","{""state"": ""NC""}"
723,"{""ounces"": ""12""}","{""ounces"": ""12""}"
724,"{""abv"": ""0.05""}","{""abv"": ""0.05""}"
725,"{""city"": ""Mooresville""}","{""city"": ""Mooresville""}"
726,"{""state"": ""NC""}","{""state"": ""NC""}"
727,"{""ounces"": ""12""}","{""ounces"": ""12""}"
728,"{""ounces"": ""16""}","{""ounces"": ""16""}"
729,"{""ounces"": ""12""}","{""ounces"": ""12""}"
730,"{""abv"": ""0.057""}","{""abv"": ""0.057""}"
731,"{""ounces"": ""12""}","{""ounces"": ""12""}"
732,"{""ounces"": ""16""}","{""ounces"": ""16""}"
733,"{""ounces"": ""16""}","{""ounces"": ""16""}"
734,"{""ounces"": ""16""}","{""ounces"": ""16""}"
735,"{""city"": ""Atlantic Highlands""}","{""city"": ""Atlantic Highlands""}"
736,"{""state"": ""NJ""}","{""state"": ""NJ""}"
737,"{""ounces"": ""12""}","{""ounces"": ""12""}"
738,"{""ounces"": ""16""}","{""ounces"": ""16""}"
739,"{""ounces"": ""16""}","{""ounces"": ""16""}"
740,"{""ounces"": ""12""}","{""ounces"": ""12""}"
741,"{""ounces"": ""12""}","{""ounces"": ""12""}"
742,"{""ounces"": ""12""}","{""ounces"": ""12""}"
743,"{""ounces"": ""12""}","{""ounces"": ""12""}"
744,"{""ounces"": ""12""}","{""ounces"": ""12""}"
745,"{""ounces"": ""12""}","{""ounces"": ""12""}"
746,"{""ounces"": ""12""}","{""ounces"": ""12""}"
747,"{""ounces"": ""16""}","{""ounces"": ""16""}"
748,"{""ounces"": ""16""}","{""ounces"": ""16""}"
749,"{""ounces"": ""12""}","{""ounces"": ""12""}"
750,"{""abv"": ""0.058""}","{""abv"": ""0.058""}"
751,"{""ounces"": ""12""}","{""ounces"": ""12""}"
752,"{""ounces"": ""16""}","{""ounces"": ""16""}"
753,"{""ounces"": ""16""}","{""ounces"": ""16""}"
754,"{""ounces"": ""16""}","{""ounces"": ""16""}"
755,"{""abv"": ""0.068""}","{""abv"": ""0.068""}"
756,"{""ounces"": ""16""}","{""ounces"": ""16""}"
757,"{""abv"": ""0.051""}","{""abv"": ""0.051""}"
758,"{""ounces"": ""16""}","{""ounces"": ""16""}"
759,"{""abv"": ""0.051""}","{""abv"": ""0.051""}"
760,"{""ounces"": ""16""}","{""ounces"": ""16""}"
761,"{""ounces"": ""12""}","{""ounces"": ""12""}"
762,"{""abv"": ""0.05""}","{""abv"": ""0.05""}"
763,"{""ounces"": ""12""}","{""ounces"": ""12""}"
764,"{""city"": ""Edwards""}","{""city"": ""Edwards""}"
765,"{""state"": ""CO""}","{""state"": ""CO""}"
766,"{""ounces"": ""12""}","{""ounces"": ""12""}"
767,"{""ounces"": ""12""}","{""ounces"": ""12""}"
768,"{""ounces"": ""12""}","{""ounces"": ""12""}"
769,"{""ounces"": ""12""}","{""ounces"": ""12""}"
770,"{""ounces"": ""16""}","{""ounces"": ""16""}"
771,"{""ounces"": ""16""}","{""ounces"": ""16""}"
772,"{""city"": ""San Luis Obispo""}","{""city"": ""San Luis Obispo""}"
773,"{""state"": ""CA""}","{""state"": ""CA""}"
774,"{""ounces"": ""16""}","{""ounces"": ""16""}"
775,"{""ounces"": ""16""}","{""ounces"": ""16""}"
776,"{""ounces"": ""24""}","{""ounces"": ""24""}"
777,"{""ounces"": ""12""}","{""ounces"": ""12""}"
778,"{""ounces"": ""12""}","{""ounces"": ""12""}"
779,"{""ounces"": ""12""}","{""ounces"": ""12""}"
780,"{""abv"": ""0.07""}","{""abv"": ""0.07""}"
781,"{""city"": ""Charlottesville""}","{""city"": ""Charlottesville""}"
782,"{""state"": ""VA""}","{""state"": ""VA""}"
783,"{""ounces"": ""16""}","{""ounces"": ""16""}"
784,"{""ounces"": ""16""}","{""ounces"": ""16""}"
785,"{""ounces"": ""16""}","{""ounces"": ""16""}"
786,"{""ounces"": ""16""}","{""ounces"": ""16""}"
787,"{""abv"": ""0.045""}","{""abv"": ""0.045""}"
788,"{""city"": ""Angola""}","{""city"": ""Angola""}"
789,"{""state"": ""IN""}","{""state"": ""IN""}"
790,"{""ounces"": ""16""}","{""ounces"": ""16""}"
791,"{""abv"": ""0.08""}","{""abv"": ""0.08""}"
792,"{""ounces"": ""16""}","{""ounces"": ""16""}"
793,"{""ounces"": ""16""}","{""ounces"": ""16""}"
794,"{""abv"": ""0.057""}","{""abv"": ""0.057""}"
795,"{""ounces"": ""16""}","{""ounces"": ""16""}"
796,"{""abv"": ""0.057""}","{""abv"": ""0.057""}"
797,"{""ounces"": ""16""}","{""ounces"": ""16""}"
798,"{""ounces"": ""12""}","{""ounces"": ""12""}"
799,"{""ounces"": ""12""}","{""ounces"": ""12""}"
800,"{""ounces"": ""12""}","{""ounces"": ""12""}"
801,"{""ounces"": ""12""}","{""ounces"": ""12""}"
802,"{""abv"": ""0.05""}","{""abv"": ""0.05""}"
803,"{""ounces"": ""12""}","{""ounces"": ""12""}"
804,"{""ounces"": ""12""}","{""ounces"": ""12""}"
805,"{""ounces"": ""12""}","{""ounces"": ""12""}"
806,"{""ounces"": ""12""}","{""ounces"": ""12""}"
807,"{""ounces"": ""12""}","{""ounces"": ""12""}"
808,"{""ounces"": ""12""}","{""ounces"": ""12""}"
809,"{""ounces"": ""12""}","{""ounces"": ""12""}"
810,"{""ounces"": ""12""}","{""ounces"": ""12""}"
811,"{""ounces"": ""12""}","{""ounces"": ""12""}"
812,"{""ounces"": ""12""}","{""ounces"": ""12""}"
813,"{""ounces"": ""12""}","{""ounces"": ""12""}"
814,"{""abv"": ""0.07""}","{""abv"": ""0.07""}"
815,"{""ounces"": ""12""}","{""ounces"": ""12""}"
816,"{""ounces"": ""12""}","{""ounces"": ""12""}"
817,"{""ounces"": ""12""}","{""ounces"": ""12""}"
818,"{""ounces"": ""16""}","{""ounces"": ""16""}"
819,"{""ounces"": ""12""}","{""ounces"": ""12""}"
820,"{""ounces"": ""12""}","{""ounces"": ""12""}"
821,"{""ounces"": ""12""}","{""ounces"": ""12""}"
822,"{""ounces"": ""12""}","{""ounces"": ""12""}"
823,"{""abv"": ""0.05""}","{""abv"": ""0.05""}"
824,"{""ounces"": ""12""}","{""ounces"": ""12""}"
825,"{""city"": ""Tampa""}","{""city"": ""Tampa""}"
826,"{""state"": ""FL""}","{""state"": ""FL""}"
827,"{""ounces"": ""12""}","{""ounces"": ""12""}"
828,"{""abv"": ""0.055""}","{""abv"": ""0.055""}"
829,"{""ounces"": ""12""}","{""ounces"": ""12""}"
830,"{""abv"": ""0.05""}","{""abv"": ""0.05""}"
831,"{""ounces"": ""12""}","{""ounces"": ""12""}"
832,"{""abv"": ""0.072""}","{""abv"": ""0.072""}"
833,"{""ounces"": ""12""}","{""ounces"": ""12""}"
834,"{""ounces"": ""12""}","{""ounces"": ""12""}"
835,"{""abv"": ""0.05""}","{""abv"": ""0.05""}"
836,"{""ounces"": ""12""}","{""ounces"": ""12""}"
837,"{""ounces"": ""12""}","{""ounces"": ""12""}"
838,"{""ounces"": ""12""}","{""ounces"": ""12""}"
839,"{""ounces"": ""12""}","{""ounces"": ""12""}"
840,"{""abv"": ""0.062""}","{""abv"": ""0.062""}"
841,"{""ounces"": ""12""}","{""ounces"": ""12""}"
842,"{""ounces"": ""12""}","{""ounces"": ""12""}"
843,"{""abv"": ""0.038""}","{""abv"": ""0.038""}"
844,"{""ounces"": ""12""}","{""ounces"": ""12""}"
845,"{""abv"": ""0.056""}","{""abv"": ""0.056""}"
846,"{""ounces"": ""16""}","{""ounces"": ""16""}"
847,"{""ounces"": ""12""}","{""ounces"": ""12""}"
848,"{""abv"": ""0.06""}","{""abv"": ""0.06""}"
849,"{""ounces"": ""16""}","{""ounces"": ""16""}"
850,"{""ounces"": ""12""}","{""ounces"": ""12""}"
851,"{""ounces"": ""12""}","{""ounces"": ""12""}"
852,"{""ounces"": ""12""}","{""ounces"": ""12""}"
853,"{""ounces"": ""12""}","{""ounces"": ""12""}"
854,"{""ounces"": ""12""}","{""ounces"": ""12""}"
855,"{""ounces"": ""12""}","{""ounces"": ""12""}"
856,"{""ounces"": ""16""}","{""ounces"": ""16""}"
857,"{""ounces"": ""16""}","{""ounces"": ""16""}"
858,"{""ounces"": ""16""}","{""ounces"": ""16""}"
859,"{""ounces"": ""16""}","{""ounces"": ""16""}"
860,"{""city"": ""Des Moines""}","{""city"": ""Des Moines""}"
861,"{""state"": ""IA""}","{""state"": ""IA""}"
862,"{""ounces"": ""12""}","{""ounces"": ""12""}"
863,"{""ounces"": ""12""}","{""ounces"": ""12""}"
864,"{""ounces"": ""12""}","{""ounces"": ""12""}"
865,"{""ounces"": ""12""}","{""ounces"": ""12""}"
866,"{""city"": ""Springdale""}","{""city"": ""Springdale""}"
867,"{""state"": ""AR""}","{""state"": ""AR""}"
868,"{""ounces"": ""12""}","{""ounces"": ""12""}"
869,"{""ounces"": ""12""}","{""ounces"": ""12""}"
870,"{""abv"": ""0.05""}","{""abv"": ""0.05""}"
871,"{""ounces"": ""16""}","{""ounces"": ""16""}"
872,"{""abv"": ""0.048""}","{""abv"": ""0.048""}"
873,"{""ounces"": ""16""}","{""ounces"": ""16""}"
874,"{""abv"": ""0.075""}","{""abv"": ""0.075""}"
875,"{""ounces"": ""16""}","{""ounces"": ""16""}"
876,"{""ounces"": ""12""}","{""ounces"": ""12""}"
877,"{""ounces"": ""12""}","{""ounces"": ""12""}"
878,"{""abv"": ""0.075""}","{""abv"": ""0.075""}"
879,"{""ounces"": ""12""}","{""ounces"": ""12""}"
880,"{""ounces"": ""12""}","{""ounces"": ""12""}"
881,"{""ounces"": ""12""}","{""ounces"": ""12""}"
882,"{""ounces"": ""12""}","{""ounces"": ""12""}"
883,"{""ounces"": ""12""}","{""ounces"": ""12""}"
884,"{""ounces"": ""12""}","{""ounces"": ""12""}"
885,"{""ounces"": ""12""}","{""ounces"": ""12""}"
886,"{""ounces"": ""12""}","{""ounces"": ""12""}"
887,"{""abv"": ""0.045""}","{""abv"": ""0.045""}"
888,"{""ounces"": ""12""}","{""ounces"": ""12""}"
889,"{""abv"": ""0.049""}","{""abv"": ""0.049""}"
890,"{""ounces"": ""12""}","{""ounces"": ""12""}"
891,"{""abv"": ""0.055""}","{""abv"": ""0.055""}"
892,"{""ounces"": ""12""}","{""ounces"": ""12""}"
893,"{""ounces"": ""12""}","{""ounces"": ""12""}"
894,"{""ounces"": ""12""}","{""ounces"": ""12""}"
895,"{""ounces"": ""12""}","{""ounces"": ""12""}"
896,"{""abv"": ""0.055""}","{""abv"": ""0.055""}"
897,"{""ounces"": ""12""}","{""ounces"": ""12""}"
898,"{""ounces"": ""12""}","{""ounces"": ""12""}"
899,"{""abv"": ""0.055""}","{""abv"": ""0.055""}"
900,"{""ounces"": ""12""}","{""ounces"": ""12""}"
901,"{""ounces"": ""12""}","{""ounces"": ""12""}"
902,"{""ounces"": ""16""}","{""ounces"": ""16""}"
903,"{""abv"": ""0.06""}","{""abv"": ""0.06""}"
904,"{""ounces"": ""16""}","{""ounces"": ""16""}"
905,"{""ounces"": ""16""}","{""ounces"": ""16""}"
906,"{""abv"": ""0.049""}","{""abv"": ""0.049""}"
907,"{""ounces"": ""16""}","{""ounces"": ""16""}"
908,"{""ounces"": ""16""}","{""ounces"": ""16""}"
909,"{""ounces"": ""16""}","{""ounces"": ""16""}"
910,"{""ounces"": ""12""}","{""ounces"": ""12""}"
911,"{""abv"": ""0.045""}","{""abv"": ""0.045""}"
912,"{""ounces"": ""12""}","{""ounces"": ""12""}"
913,"{""abv"": ""0.06""}","{""abv"": ""0.06""}"
914,"{""ounces"": ""12""}","{""ounces"": ""12""}"
915,"{""ounces"": ""12""}","{""ounces"": ""12""}"
916,"{""abv"": ""0.05""}","{""abv"": ""0.05""}"
917,"{""ounces"": ""12""}","{""ounces"": ""12""}"
918,"{""ounces"": ""12""}","{""ounces"": ""12""}"
919,"{""ounces"": ""12""}","{""ounces"": ""12""}"
920,"{""ounces"": ""12""}","{""ounces"": ""12""}"
921,"{""abv"": ""0.065""}","{""abv"": ""0.065""}"
922,"{""ounces"": ""12""}","{""ounces"": ""12""}"
923,"{""ounces"": ""12""}","{""ounces"": ""12""}"
924,"{""ounces"": ""16""}","{""ounces"": ""16""}"
925,"{""abv"": ""0.065""}","{""abv"": ""0.065""}"
926,"{""ounces"": ""16""}","{""ounces"": ""16""}"
927,"{""abv"": ""0.065""}","{""abv"": ""0.065""}"
928,"{""ounces"": ""16""}","{""ounces"": ""16""}"
929,"{""abv"": ""0.072""}","{""abv"": ""0.072""}"
930,"{""ounces"": ""12""}","{""ounces"": ""12""}"
931,"{""ounces"": ""12""}","{""ounces"": ""12""}"
932,"{""ounces"": ""12""}","{""ounces"": ""12""}"
933,"{""ounces"": ""12""}","{""ounces"": ""12""}"
934,"{""abv"": ""0.063""}","{""abv"": ""0.063""}"
935,"{""ounces"": ""12""}","{""ounces"": ""12""}"
936,"{""abv"": ""0.06""}","{""abv"": ""0.06""}"
937,"{""ounces"": ""12""}","{""ounces"": ""12""}"
938,"{""abv"": ""0.075""}","{""abv"": ""0.075""}"
939,"{""ounces"": ""12""}","{""ounces"": ""12""}"
940,"{""ounces"": ""12""}","{""ounces"": ""12""}"
941,"{""abv"": ""0.06""}","{""abv"": ""0.06""}"
942,"{""ounces"": ""12""}","{""ounces"": ""12""}"
943,"{""ounces"": ""16""}","{""ounces"": ""16""}"
944,"{""ounces"": ""12""}","{""ounces"": ""12""}"
945,"{""ounces"": ""12""}","{""ounces"": ""12""}"
946,"{""abv"": ""0.052""}","{""abv"": ""0.052""}"
947,"{""ounces"": ""12""}","{""ounces"": ""12""}"
948,"{""ounces"": ""12""}","{""ounces"": ""12""}"
949,"{""ounces"": ""12""}","{""ounces"": ""12""}"
950,"{""ounces"": ""12""}","{""ounces"": ""12""}"
951,"{""ounces"": ""12""}","{""ounces"": ""12""}"
952,"{""ounces"": ""12""}","{""ounces"": ""12""}"
953,"{""ounces"": ""12""}","{""ounces"": ""12""}"
954,"{""ounces"": ""12""}","{""ounces"": ""12""}"
955,"{""ounces"": ""12""}","{""ounces"": ""12""}"
956,"{""abv"": ""0.05""}","{""abv"": ""0.05""}"
957,"{""ounces"": ""12""}","{""ounces"": ""12""}"
958,"{""abv"": ""0.05""}","{""abv"": ""0.05""}"
959,"{""ounces"": ""12""}","{""ounces"": ""12""}"
960,"{""abv"": ""0.052""}","{""abv"": ""0.052""}"
961,"{""ounces"": ""12""}","{""ounces"": ""12""}"
962,"{""abv"": ""0.049""}","{""abv"": ""0.049""}"
963,"{""ounces"": ""12""}","{""ounces"": ""12""}"
964,"{""abv"": ""0.063""}","{""abv"": ""0.063""}"
965,"{""city"": ""Bloomington""}","{""city"": ""Bloomington""}"
966,"{""state"": ""IL""}","{""state"": ""IL""}"
967,"{""ounces"": ""12""}","{""ounces"": ""12""}"
968,"{""city"": ""Bloomington""}","{""city"": ""Bloomington""}"
969,"{""state"": ""IL""}","{""state"": ""IL""}"
970,"{""ounces"": ""12""}","{""ounces"": ""12""}"
971,"{""abv"": ""0.05""}","{""abv"": ""0.05""}"
972,"{""ounces"": ""12""}","{""ounces"": ""12""}"
973,"{""ounces"": ""12""}","{""ounces"": ""12""}"
974,"{""abv"": ""0.049""}","{""abv"": ""0.049""}"
975,"{""ounces"": ""12""}","{""ounces"": ""12""}"
976,"{""abv"": ""0.044""}","{""abv"": ""0.044""}"
977,"{""ounces"": ""12""}","{""ounces"": ""12""}"
978,"{""ounces"": ""16""}","{""ounces"": ""16""}"
979,"{""abv"": ""0.054""}","{""abv"": ""0.054""}"
980,"{""ounces"": ""16""}","{""ounces"": ""16""}"
981,"{""abv"": """"}","{""abv"": ""-1""}"
982,"{""city"": ""Belmont""}","{""city"": ""Belmont""}"
983,"{""state"": ""CA""}","{""state"": ""CA""}"
984,"{""ounces"": ""16""}","{""ounces"": ""16""}"
985,"{""ounces"": ""16""}","{""ounces"": ""16""}"
986,"{""ounces"": ""12""}","{""ounces"": ""12""}"
987,"{""abv"": ""0.045""}","{""abv"": ""0.045""}"
988,"{""ounces"": ""16""}","{""ounces"": ""16""}"
989,"{""abv"": ""0.065""}","{""abv"": ""0.065""}"
990,"{""ounces"": ""12""}","{""ounces"": ""12""}"
991,"{""ounces"": ""16""}","{""ounces"": ""16""}"
992,"{""ounces"": ""16""}","{""ounces"": ""16""}"
993,"{""ounces"": ""16""}","{""ounces"": ""16""}"
994,"{""ounces"": ""16""}","{""ounces"": ""16""}"
995,"{""ounces"": ""16""}","{""ounces"": ""16""}"
996,"{""ounces"": ""16""}","{""ounces"": ""16""}"
997,"{""ounces"": ""12""}","{""ounces"": ""12""}"
998,"{""ounces"": ""12""}","{""ounces"": ""12""}"
999,"{""ounces"": ""12""}","{""ounces"": ""12""}"
1000,"{""abv"": ""0.066""}","{""abv"": ""0.066""}"
1001,"{""ounces"": ""12""}","{""ounces"": ""12""}"
1002,"{""ounces"": ""12""}","{""ounces"": ""12""}"
1003,"{""ounces"": ""12""}","{""ounces"": ""12""}"
1004,"{""abv"": ""0.058""}","{""abv"": ""0.058""}"
1005,"{""ounces"": ""12""}","{""ounces"": ""12""}"
1006,"{""abv"": ""0.061""}","{""abv"": ""0.061""}"
1007,"{""ounces"": ""12""}","{""ounces"": ""12""}"
1008,"{""abv"": ""0.045""}","{""abv"": ""0.045""}"
1009,"{""ounces"": ""16""}","{""ounces"": ""16""}"
1010,"{""ounces"": ""16""}","{""ounces"": ""16""}"
1011,"{""ounces"": ""16""}","{""ounces"": ""16""}"
1012,"{""ounces"": ""16""}","{""ounces"": ""16""}"
1013,"{""ounces"": ""16""}","{""ounces"": ""16""}"
1014,"{""ounces"": ""16""}","{""ounces"": ""16""}"
1015,"{""ounces"": ""16""}","{""ounces"": ""16""}"
1016,"{""ounces"": ""16""}","{""ounces"": ""16""}"
1017,"{""abv"": ""0.057""}","{""abv"": ""0.057""}"
1018,"{""ounces"": ""16""}","{""ounces"": ""16""}"
1019,"{""ounces"": ""12""}","{""ounces"": ""12""}"
1020,"{""ounces"": ""16""}","{""ounces"": ""16""}"
1021,"{""abv"": ""0.05""}","{""abv"": ""0.05""}"
1022,"{""ounces"": ""12""}","{""ounces"": ""12""}"
1023,"{""ounces"": ""12""}","{""ounces"": ""12""}"
1024,"{""ounces"": ""12""}","{""ounces"": ""12""}"
1025,"{""abv"": ""0.05""}","{""abv"": ""0.05""}"
1026,"{""ounces"": ""12""}","{""ounces"": ""12""}"
1027,"{""ounces"": ""12""}","{""ounces"": ""12""}"
1028,"{""abv"": ""0.043""}","{""abv"": ""0.043""}"
1029,"{""ounces"": ""12""}","{""ounces"": ""12""}"
1030,"{""ounces"": ""16""}","{""ounces"": ""16""}"
1031,"{""abv"": ""0.049""}","{""abv"": ""0.049""}"
1032,"{""ounces"": ""16""}","{""ounces"": ""16""}"
1033,"{""abv"": ""0.07""}","{""abv"": ""0.07""}"
1034,"{""ounces"": ""16""}","{""ounces"": ""16""}"
1035,"{""ounces"": ""16""}","{""ounces"": ""16""}"
1036,"{""ounces"": ""16""}","{""ounces"": ""16""}"
1037,"{""ounces"": ""16""}","{""ounces"": ""16""}"
1038,"{""ounces"": ""12""}","{""ounces"": ""12""}"
1039,"{""abv"": ""0.04""}","{""abv"": ""0.04""}"
1040,"{""ounces"": ""16""}","{""ounces"": ""16""}"
1041,"{""ounces"": ""12""}","{""ounces"": ""12""}"
1042,"{""ounces"": ""12""}","{""ounces"": ""12""}"
1043,"{""abv"": ""0.027""}","{""abv"": ""0.027""}"
1044,"{""ounces"": ""12""}","{""ounces"": ""12""}"
1045,"{""abv"": ""0.055""}","{""abv"": ""0.055""}"
1046,"{""ounces"": ""12""}","{""ounces"": ""12""}"
1047,"{""ounces"": ""12""}","{""ounces"": ""12""}"
1048,"{""ounces"": ""12""}","{""ounces"": ""12""}"
1049,"{""ounces"": ""12""}","{""ounces"": ""12""}"
1050,"{""abv"": ""0.063""}","{""abv"": ""0.063""}"
1051,"{""ounces"": ""16""}","{""ounces"": ""16""}"
1052,"{""ounces"": ""16""}","{""ounces"": ""16""}"
1053,"{""ounces"": ""16""}","{""ounces"": ""16""}"
1054,"{""abv"": ""0.05""}","{""abv"": ""0.05""}"
1055,"{""ounces"": ""16""}","{""ounces"": ""16""}"
1056,"{""ounces"": ""16""}","{""ounces"": ""16""}"
1057,"{""city"": ""Boulder""}","{""city"": ""Boulder""}"
1058,"{""state"": ""CO""}","{""state"": ""CO""}"
1059,"{""ounces"": ""16""}","{""ounces"": ""16""}"
1060,"{""abv"": ""0.07""}","{""abv"": ""0.07""}"
1061,"{""ounces"": ""16""}","{""ounces"": ""16""}"
1062,"{""abv"": ""0.075""}","{""abv"": ""0.075""}"
1063,"{""ounces"": ""16""}","{""ounces"": ""16""}"
1064,"{""ounces"": ""16""}","{""ounces"": ""16""}"
1065,"{""ounces"": ""16""}","{""ounces"": ""16""}"
1066,"{""ounces"": ""16""}","{""ounces"": ""16""}"
1067,"{""ounces"": ""16""}","{""ounces"": ""16""}"
1068,"{""ounces"": ""12""}","{""ounces"": ""12""}"
1069,"{""ounces"": ""16""}","{""ounces"": ""16""}"
1070,"{""abv"": ""0.082""}","{""abv"": ""0.08199999999999999""}"
1071,"{""ounces"": ""16""}","{""ounces"": ""16""}"
1072,"{""ounces"": ""16""}","{""ounces"": ""16""}"
1073,"{""abv"": ""0.055""}","{""abv"": ""0.055""}"
1074,"{""ounces"": ""12""}","{""ounces"": ""12""}"
1075,"{""ounces"": ""12""}","{""ounces"": ""12""}"
1076,"{""abv"": ""0.055""}","{""abv"": ""0.055""}"
1077,"{""ounces"": ""12""}","{""ounces"": ""12""}"
1078,"{""city"": ""Buellton""}","{""city"": ""Buellton""}"
1079,"{""state"": ""CA""}","{""state"": ""CA""}"
1080,"{""ounces"": ""16""}","{""ounces"": ""16""}"
1081,"{""abv"": ""0.09""}","{""abv"": ""0.09""}"
1082,"{""ounces"": ""16""}","{""ounces"": ""16""}"
1083,"{""ounces"": ""16""}","{""ounces"": ""16""}"
1084,"{""ounces"": ""16""}","{""ounces"": ""16""}"
1085,"{""ounces"": ""16""}","{""ounces"": ""16""}"
1086,"{""abv"": ""0.053""}","{""abv"": ""0.053""}"
1087,"{""ounces"": ""16""}","{""ounces"": ""16""}"
1088,"{""abv"": ""0.08""}","{""abv"": ""0.08""}"
1089,"{""ounces"": ""16""}","{""ounces"": ""16""}"
1090,"{""ounces"": ""16""}","{""ounces"": ""16""}"
1091,"{""ounces"": ""16""}","{""ounces"": ""16""}"
1092,"{""ounces"": ""16""}","{""ounces"": ""16""}"
1093,"{""abv"": ""0.047""}","{""abv"": ""0.047""}"
1094,"{""ounces"": ""12""}","{""ounces"": ""12""}"
1095,"{""ounces"": ""12""}","{""ounces"": ""12""}"
1096,"{""city"": ""Paso Robles""}","{""city"": ""Paso Robles""}"
1097,"{""state"": ""CA""}","{""state"": ""CA""}"
1098,"{""ounces"": ""12""}","{""ounces"": ""12""}"
1099,"{""ounces"": ""12""}","{""ounces"": ""12""}"
1100,"{""ounces"": ""12""}","{""ounces"": ""12""}"
1101,"{""ounces"": ""16""}","{""ounces"": ""16""}"
1102,"{""ounces"": ""16""}","{""ounces"": ""16""}"
1103,"{""ounces"": ""16""}","{""ounces"": ""16""}"
1104,"{""ounces"": ""12""}","{""ounces"": ""12""}"
1105,"{""ounces"": ""16""}","{""ounces"": ""16""}"
1106,"{""abv"": ""0.055""}","{""abv"": ""0.055""}"
1107,"{""ounces"": ""12""}","{""ounces"": ""12""}"
1108,"{""abv"": ""0.071""}","{""abv"": ""0.071""}"
1109,"{""ounces"": ""12""}","{""ounces"": ""12""}"
1110,"{""ounces"": ""12""}","{""ounces"": ""12""}"
1111,"{""ounces"": ""12""}","{""ounces"": ""12""}"
1112,"{""ounces"": ""12""}","{""ounces"": ""12""}"
1113,"{""ounces"": ""12""}","{""ounces"": ""12""}"
1114,"{""abv"": ""0.06""}","{""abv"": ""0.06""}"
1115,"{""ounces"": ""12""}","{""ounces"": ""12""}"
1116,"{""abv"": ""0.065""}","{""abv"": ""0.065""}"
1117,"{""ounces"": ""12""}","{""ounces"": ""12""}"
1118,"{""ounces"": ""12""}","{""ounces"": ""12""}"
1119,"{""ounces"": ""12""}","{""ounces"": ""12""}"
1120,"{""ounces"": ""12""}","{""ounces"": ""12""}"
1121,"{""abv"": ""0.052""}","{""abv"": ""0.052""}"
1122,"{""ounces"": ""12""}","{""ounces"": ""12""}"
1123,"{""abv"": ""0.062""}","{""abv"": ""0.062""}"
1124,"{""ounces"": ""16""}","{""ounces"": ""16""}"
1125,"{""ounces"": ""16""}","{""ounces"": ""16""}"
1126,"{""ounces"": ""16""}","{""ounces"": ""16""}"
1127,"{""ounces"": ""16""}","{""ounces"": ""16""}"
1128,"{""ounces"": ""16""}","{""ounces"": ""16""}"
1129,"{""ounces"": ""16""}","{""ounces"": ""16""}"
1130,"{""ounces"": ""16""}","{""ounces"": ""16""}"
1131,"{""ounces"": ""16""}","{""ounces"": ""16""}"
1132,"{""ounces"": ""16""}","{""ounces"": ""16""}"
1133,"{""ounces"": ""16""}","{""ounces"": ""16""}"
1134,"{""abv"": ""0.074""}","{""abv"": ""0.074""}"
1135,"{""ounces"": ""12""}","{""ounces"": ""12""}"
1136,"{""abv"": """"}","{""abv"": ""-1""}"
1137,"{""city"": ""Latrobe""}","{""city"": ""Latrobe""}"
1138,"{""state"": ""PA""}","{""state"": ""PA""}"
1139,"{""ounces"": ""12""}","{""ounces"": ""12""}"
1140,"{""abv"": ""0.047""}","{""abv"": ""0.047""}"
1141,"{""ounces"": ""12""}","{""ounces"": ""12""}"
1142,"{""ounces"": ""12""}","{""ounces"": ""12""}"
1143,"{""ounces"": ""12""}","{""ounces"": ""12""}"
1144,"{""ounces"": ""12""}","{""ounces"": ""12""}"
1145,"{""ounces"": ""12""}","{""ounces"": ""12""}"
1146,"{""ounces"": ""12""}","{""ounces"": ""12""}"
1147,"{""ounces"": ""12""}","{""ounces"": ""12""}"
1148,"{""abv"": ""0.076""}","{""abv"": ""0.076""}"
1149,"{""ounces"": ""12""}","{""ounces"": ""12""}"
1150,"{""ounces"": ""12""}","{""ounces"": ""12""}"
1151,"{""city"": ""Dallas""}","{""city"": ""Dallas""}"
1152,"{""state"": ""TX""}","{""state"": ""TX""}"
1153,"{""ounces"": ""16""}","{""ounces"": ""16""}"
1154,"{""ounces"": ""16""}","{""ounces"": ""16""}"
1155,"{""ounces"": ""16""}","{""ounces"": ""16""}"
1156,"{""ounces"": ""16""}","{""ounces"": ""16""}"
1157,"{""ounces"": ""12""}","{""ounces"": ""12""}"
1158,"{""abv"": ""0.04""}","{""abv"": ""0.04""}"
1159,"{""ounces"": ""12""}","{""ounces"": ""12""}"
1160,"{""ounces"": ""12""}","{""ounces"": ""12""}"
1161,"{""ounces"": ""12""}","{""ounces"": ""12""}"
1162,"{""ounces"": ""12""}","{""ounces"": ""12""}"
1163,"{""ounces"": ""12""}","{""ounces"": ""12""}"
1164,"{""ounces"": ""12""}","{""ounces"": ""12""}"
1165,"{""ounces"": ""12""}","{""ounces"": ""12""}"
1166,"{""ounces"": ""12""}","{""ounces"": ""12""}"
1167,"{""ounces"": ""12""}","{""ounces"": ""12""}"
1168,"{""abv"": ""0.05""}","{""abv"": ""0.05""}"
1169,"{""ounces"": ""12""}","{""ounces"": ""12""}"
1170,"{""ounces"": ""12""}","{""ounces"": ""12""}"
1171,"{""ounces"": ""12""}","{""ounces"": ""12""}"
1172,"{""abv"": ""0.056""}","{""abv"": ""0.056""}"
1173,"{""ounces"": ""12""}","{""ounces"": ""12""}"
1174,"{""city"": ""Frankenmuth""}","{""city"": ""Frankenmuth""}"
1175,"{""state"": ""MI""}","{""state"": ""MI""}"
1176,"{""ounces"": ""12""}","{""ounces"": ""12""}"
1177,"{""ounces"": ""12""}","{""ounces"": ""12""}"
1178,"{""ounces"": ""12""}","{""ounces"": ""12""}"
1179,"{""abv"": ""0.065""}","{""abv"": ""0.065""}"
1180,"{""ounces"": ""12""}","{""ounces"": ""12""}"
1181,"{""ounces"": ""12""}","{""ounces"": ""12""}"
1182,"{""ounces"": ""12""}","{""ounces"": ""12""}"
1183,"{""ounces"": ""12""}","{""ounces"": ""12""}"
1184,"{""ounces"": ""12""}","{""ounces"": ""12""}"
1185,"{""ounces"": ""12""}","{""ounces"": ""12""}"
1186,"{""ounces"": ""12""}","{""ounces"": ""12""}"
1187,"{""ounces"": ""12""}","{""ounces"": ""12""}"
1188,"{""ounces"": ""12""}","{""ounces"": ""12""}"
1189,"{""ounces"": ""12""}","{""ounces"": ""12""}"
1190,"{""abv"": ""0.065""}","{""abv"": ""0.065""}"
1191,"{""ounces"": ""12""}","{""ounces"": ""12""}"
1192,"{""ounces"": ""12""}","{""ounces"": ""12""}"
1193,"{""abv"": ""0.056""}","{""abv"": ""0.056""}"
1194,"{""ounces"": ""12""}","{""ounces"": ""12""}"
1195,"{""abv"": ""0.065""}","{""abv"": ""0.065""}"
1196,"{""ounces"": ""12""}","{""ounces"": ""12""}"
1197,"{""abv"": ""0.053""}","{""abv"": ""0.053""}"
1198,"{""ounces"": ""12""}","{""ounces"": ""12""}"
1199,"{""abv"": ""0.07""}","{""abv"": ""0.07""}"
1200,"{""ounces"": ""12""}","{""ounces"": ""12""}"
1201,"{""abv"": ""0.052""}","{""abv"": ""0.052""}"
1202,"{""ounces"": ""16""}","{""ounces"": ""16""}"
1203,"{""abv"": ""0.07""}","{""abv"": ""0.07""}"
1204,"{""ounces"": ""12""}","{""ounces"": ""12""}"
1205,"{""abv"": ""0.05""}","{""abv"": ""0.05""}"
1206,"{""ounces"": ""12""}","{""ounces"": ""12""}"
1207,"{""city"": ""Lake Geneva""}","{""city"": ""Lake Geneva""}"
1208,"{""state"": ""WI""}","{""state"": ""WI""}"
1209,"{""ounces"": ""12""}","{""ounces"": ""12""}"
1210,"{""ounces"": ""12""}","{""ounces"": ""12""}"
1211,"{""ounces"": ""12""}","{""ounces"": ""12""}"
1212,"{""city"": ""Pineland""}","{""city"": ""Pineland""}"
1213,"{""state"": ""ME""}","{""state"": ""ME""}"
1214,"{""ounces"": ""16""}","{""ounces"": ""16""}"
1215,"{""city"": ""Los Angeles""}","{""city"": ""Los Angeles""}"
1216,"{""state"": ""CA""}","{""state"": ""CA""}"
1217,"{""ounces"": ""12""}","{""ounces"": ""12""}"
1218,"{""abv"": ""0.058""}","{""abv"": ""0.058""}"
1219,"{""ounces"": ""16""}","{""ounces"": ""16""}"
1220,"{""ounces"": ""16""}","{""ounces"": ""16""}"
1221,"{""ounces"": ""16""}","{""ounces"": ""16""}"
1222,"{""ounces"": ""16""}","{""ounces"": ""16""}"
1223,"{""abv"": ""0.059""}","{""abv"": ""0.059""}"
1224,"{""ounces"": ""16""}","{""ounces"": ""16""}"
1225,"{""ounces"": ""16""}","{""ounces"": ""16""}"
1226,"{""city"": ""Los Angeles""}","{""city"": ""Los Angeles""}"
1227,"{""state"": ""CA""}","{""state"": ""CA""}"
1228,"{""ounces"": ""12""}","{""ounces"": ""12""}"
1229,"{""abv"": ""0.059""}","{""abv"": ""0.059""}"
1230,"{""ounces"": ""16""}","{""ounces"": ""16""}"
1231,"{""ounces"": ""16""}","{""ounces"": ""16""}"
1232,"{""ounces"": ""16""}","{""ounces"": ""16""}"
1233,"{""ounces"": ""16""}","{""ounces"": ""16""}"
1234,"{""ounces"": ""16""}","{""ounces"": ""16""}"
1235,"{""ounces"": ""16""}","{""ounces"": ""16""}"
1236,"{""abv"": ""0.046""}","{""abv"": ""0.046""}"
1237,"{""ounces"": ""16""}","{""ounces"": ""16""}"
1238,"{""ounces"": ""12""}","{""ounces"": ""12""}"
1239,"{""ounces"": ""12""}","{""ounces"": ""12""}"
1240,"{""ounces"": ""12""}","{""ounces"": ""12""}"
1241,"{""abv"": ""0.056""}","{""abv"": ""0.056""}"
1242,"{""ounces"": ""12""}","{""ounces"": ""12""}"
1243,"{""ounces"": ""12""}","{""ounces"": ""12""}"
1244,"{""ounces"": ""12""}","{""ounces"": ""12""}"
1245,"{""ounces"": ""12""}","{""ounces"": ""12""}"
1246,"{""abv"": ""0.058""}","{""abv"": ""0.058""}"
1247,"{""ounces"": ""12""}","{""ounces"": ""12""}"
1248,"{""ounces"": ""12""}","{""ounces"": ""12""}"
1249,"{""ounces"": ""16""}","{""ounces"": ""16""}"
1250,"{""ounces"": ""12""}","{""ounces"": ""12""}"
1251,"{""abv"": ""0.054""}","{""abv"": ""0.054""}"
1252,"{""ounces"": ""16""}","{""ounces"": ""16""}"
1253,"{""abv"": ""0.042""}","{""abv"": ""0.042""}"
1254,"{""ounces"": ""12""}","{""ounces"": ""12""}"
1255,"{""abv"": ""0.042""}","{""abv"": ""0.042""}"
1256,"{""city"": ""Chicago""}","{""city"": ""Chicago""}"
1257,"{""state"": ""IL""}","{""state"": ""IL""}"
1258,"{""ounces"": ""12""}","{""ounces"": ""12""}"
1259,"{""abv"": ""0.042""}","{""abv"": ""0.042""}"
1260,"{""ounces"": ""12""}","{""ounces"": ""12""}"
1261,"{""abv"": ""0.052""}","{""abv"": ""0.052""}"
1262,"{""ounces"": ""12""}","{""ounces"": ""12""}"
1263,"{""ounces"": ""12""}","{""ounces"": ""12""}"
1264,"{""abv"": ""0.052""}","{""abv"": ""0.052""}"
1265,"{""ounces"": ""12""}","{""ounces"": ""12""}"
1266,"{""ounces"": ""12""}","{""ounces"": ""12""}"
1267,"{""ounces"": ""12""}","{""ounces"": ""12""}"
1268,"{""ounces"": ""12""}","{""ounces"": ""12""}"
1269,"{""ounces"": ""12""}","{""ounces"": ""12""}"
1270,"{""ounces"": ""16""}","{""ounces"": ""16""}"
1271,"{""ounces"": ""16""}","{""ounces"": ""16""}"
1272,"{""ounces"": ""16""}","{""ounces"": ""16""}"
1273,"{""ounces"": ""16""}","{""ounces"": ""16""}"
1274,"{""ounces"": ""16""}","{""ounces"": ""16""}"
1275,"{""ounces"": ""16""}","{""ounces"": ""16""}"
1276,"{""ounces"": ""16""}","{""ounces"": ""16""}"
1277,"{""ounces"": ""16""}","{""ounces"": ""16""}"
1278,"{""abv"": ""0.057""}","{""abv"": ""0.057""}"
1279,"{""ounces"": ""16""}","{""ounces"": ""16""}"
1280,"{""ounces"": ""16""}","{""ounces"": ""16""}"
1281,"{""ounces"": ""16""}","{""ounces"": ""16""}"
1282,"{""abv"": ""0.057""}","{""abv"": ""0.057""}"
1283,"{""ounces"": ""16""}","{""ounces"": ""16""}"
1284,"{""abv"": ""0.06""}","{""abv"": ""0.06""}"
1285,"{""ounces"": ""16""}","{""ounces"": ""16""}"
1286,"{""city"": ""Aurora""}","{""city"": ""Aurora""}"
1287,"{""state"": ""IN""}","{""state"": ""IN""}"
1288,"{""ounces"": ""16""}","{""ounces"": ""16""}"
1289,"{""ounces"": ""16""}","{""ounces"": ""16""}"
1290,"{""ounces"": ""16""}","{""ounces"": ""16""}"
1291,"{""abv"": ""0.056""}","{""abv"": ""0.056""}"
1292,"{""ounces"": ""16""}","{""ounces"": ""16""}"
1293,"{""ounces"": ""16""}","{""ounces"": ""16""}"
1294,"{""ounces"": ""16""}","{""ounces"": ""16""}"
1295,"{""abv"": ""0.062""}","{""abv"": ""0.062""}"
1296,"{""ounces"": ""16""}","{""ounces"": ""16""}"
1297,"{""abv"": ""0.053""}","{""abv"": ""0.053""}"
1298,"{""ounces"": ""12""}","{""ounces"": ""12""}"
1299,"{""ounces"": ""12""}","{""ounces"": ""12""}"
1300,"{""ounces"": ""12""}","{""ounces"": ""12""}"
1301,"{""abv"": ""0.061""}","{""abv"": ""0.061""}"
1302,"{""ounces"": ""12""}","{""ounces"": ""12""}"
1303,"{""ounces"": ""12""}","{""ounces"": ""12""}"
1304,"{""abv"": ""0.083""}","{""abv"": ""0.083""}"
1305,"{""city"": ""Denver""}","{""city"": ""Denver""}"
1306,"{""state"": ""CO""}","{""state"": ""CO""}"
1307,"{""ounces"": ""12""}","{""ounces"": ""12""}"
1308,"{""ounces"": ""12""}","{""ounces"": ""12""}"
1309,"{""abv"": ""0.095""}","{""abv"": ""0.095""}"
1310,"{""ounces"": ""12""}","{""ounces"": ""12""}"
1311,"{""abv"": ""0.073""}","{""abv"": ""0.073""}"
1312,"{""ounces"": ""12""}","{""ounces"": ""12""}"
1313,"{""ounces"": ""24""}","{""ounces"": ""24""}"
1314,"{""abv"": ""0.045""}","{""abv"": ""0.045""}"
1315,"{""ounces"": ""12""}","{""ounces"": ""12""}"
1316,"{""ounces"": ""12""}","{""ounces"": ""12""}"
1317,"{""ounces"": ""12""}","{""ounces"": ""12""}"
1318,"{""ounces"": ""12""}","{""ounces"": ""12""}"
1319,"{""ounces"": ""16""}","{""ounces"": ""16""}"
1320,"{""abv"": ""0.07""}","{""abv"": ""0.07""}"
1321,"{""ounces"": ""12""}","{""ounces"": ""12""}"
1322,"{""ounces"": ""12""}","{""ounces"": ""12""}"
1323,"{""ounces"": ""12""}","{""ounces"": ""12""}"
1324,"{""abv"": ""0.048""}","{""abv"": ""0.048""}"
1325,"{""ounces"": ""16""}","{""ounces"": ""16""}"
1326,"{""ounces"": ""16""}","{""ounces"": ""16""}"
1327,"{""abv"": ""0.06""}","{""abv"": ""0.06""}"
1328,"{""ounces"": ""16""}","{""ounces"": ""16""}"
1329,"{""ounces"": ""16""}","{""ounces"": ""16""}"
1330,"{""abv"": ""0.054""}","{""abv"": ""0.054""}"
1331,"{""ounces"": ""16""}","{""ounces"": ""16""}"
1332,"{""ounces"": ""16""}","{""ounces"": ""16""}"
1333,"{""abv"": ""0.09""}","{""abv"": ""0.09""}"
1334,"{""ounces"": ""16""}","{""ounces"": ""16""}"
1335,"{""ounces"": ""16""}","{""ounces"": ""16""}"
1336,"{""abv"": ""0.07""}","{""abv"": ""0.07""}"
1337,"{""ounces"": ""16""}","{""ounces"": ""16""}"
1338,"{""abv"": ""0.059""}","{""abv"": ""0.059""}"
1339,"{""ounces"": ""16""}","{""ounces"": ""16""}"
1340,"{""ounces"": ""16""}","{""ounces"": ""16""}"
1341,"{""abv"": ""0.06""}","{""abv"": ""0.06""}"
1342,"{""ounces"": ""16""}","{""ounces"": ""16""}"
1343,"{""abv"": ""0.053""}","{""abv"": ""0.053""}"
1344,"{""ounces"": ""16""}","{""ounces"": ""16""}"
1345,"{""ounces"": ""12""}","{""ounces"": ""12""}"
1346,"{""abv"": ""0.05""}","{""abv"": ""0.05""}"
1347,"{""ounces"": ""12""}","{""ounces"": ""12""}"
1348,"{""ounces"": ""12""}","{""ounces"": ""12""}"
1349,"{""ounces"": ""16""}","{""ounces"": ""16""}"
1350,"{""ounces"": ""12""}","{""ounces"": ""12""}"
1351,"{""ounces"": ""16""}","{""ounces"": ""16""}"
1352,"{""ounces"": ""12""}","{""ounces"": ""12""}"
1353,"{""abv"": ""0.06""}","{""abv"": ""0.06""}"
1354,"{""ounces"": ""16""}","{""ounces"": ""16""}"
1355,"{""ounces"": ""16""}","{""ounces"": ""16""}"
1356,"{""ounces"": ""16""}","{""ounces"": ""16""}"
1357,"{""ounces"": ""12""}","{""ounces"": ""12""}"
1358,"{""abv"": ""0.06""}","{""abv"": ""0.06""}"
1359,"{""ounces"": ""12""}","{""ounces"": ""12""}"
1360,"{""abv"": ""0.049""}","{""abv"": ""0.049""}"
1361,"{""ounces"": ""16""}","{""ounces"": ""16""}"
1362,"{""ounces"": ""16""}","{""ounces"": ""16""}"
1363,"{""abv"": ""0.065""}","{""abv"": ""0.065""}"
1364,"{""ounces"": ""16""}","{""ounces"": ""16""}"
1365,"{""ounces"": ""16""}","{""ounces"": ""16""}"
1366,"{""abv"": ""0.05""}","{""abv"": ""0.05""}"
1367,"{""ounces"": ""16""}","{""ounces"": ""16""}"
1368,"{""ounces"": ""16""}","{""ounces"": ""16""}"
1369,"{""ounces"": ""16""}","{""ounces"": ""16""}"
1370,"{""abv"": ""0.05""}","{""abv"": ""0.05""}"
1371,"{""ounces"": ""12""}","{""ounces"": ""12""}"
1372,"{""ounces"": ""16""}","{""ounces"": ""16""}"
1373,"{""ounces"": ""12""}","{""ounces"": ""12""}"
1374,"{""ounces"": ""12""}","{""ounces"": ""12""}"
1375,"{""ounces"": ""12""}","{""ounces"": ""12""}"
1376,"{""ounces"": ""16""}","{""ounces"": ""16""}"
1377,"{""ounces"": ""16""}","{""ounces"": ""16""}"
1378,"{""ounces"": ""16""}","{""ounces"": ""16""}"
1379,"{""abv"": ""0.057""}","{""abv"": ""0.057""}"
1380,"{""ounces"": ""16""}","{""ounces"": ""16""}"
1381,"{""ounces"": ""16""}","{""ounces"": ""16""}"
1382,"{""ounces"": ""16""}","{""ounces"": ""16""}"
1383,"{""ounces"": ""16""}","{""ounces"": ""16""}"
1384,"{""ounces"": ""16""}","{""ounces"": ""16""}"
1385,"{""ounces"": ""12""}","{""ounces"": ""12""}"
1386,"{""ounces"": ""12""}","{""ounces"": ""12""}"
1387,"{""ounces"": ""12""}","{""ounces"": ""12""}"
1388,"{""ounces"": ""12""}","{""ounces"": ""12""}"
1389,"{""ounces"": ""16""}","{""ounces"": ""16""}"
1390,"{""ounces"": ""12""}","{""ounces"": ""12""}"
1391,"{""ounces"": ""12""}","{""ounces"": ""12""}"
1392,"{""ounces"": ""12""}","{""ounces"": ""12""}"
1393,"{""ounces"": ""12""}","{""ounces"": ""12""}"
1394,"{""ounces"": ""12""}","{""ounces"": ""12""}"
1395,"{""ounces"": ""12""}","{""ounces"": ""12""}"
1396,"{""abv"": ""0.05""}","{""abv"": ""0.05""}"
1397,"{""ounces"": ""12""}","{""ounces"": ""12""}"
1398,"{""ounces"": ""12""}","{""ounces"": ""12""}"
1399,"{""abv"": ""0.059""}","{""abv"": ""0.059""}"
1400,"{""ounces"": ""12""}","{""ounces"": ""12""}"
1401,"{""ounces"": ""12""}","{""ounces"": ""12""}"
1402,"{""abv"": ""0.059""}","{""abv"": ""0.059""}"
1403,"{""ounces"": ""12""}","{""ounces"": ""12""}"
1404,"{""abv"": ""0.05""}","{""abv"": ""0.05""}"
1405,"{""ounces"": ""12""}","{""ounces"": ""12""}"
1406,"{""ounces"": ""12""}","{""ounces"": ""12""}"
1407,"{""city"": ""Boston""}","{""city"": ""Boston""}"
1408,"{""state"": ""MA""}","{""state"": ""MA""}"
1409,"{""ounces"": ""12""}","{""ounces"": ""12""}"
1410,"{""abv"": ""0.059""}","{""abv"": ""0.059""}"
1411,"{""ounces"": ""12""}","{""ounces"": ""12""}"
1412,"{""ounces"": ""12""}","{""ounces"": ""12""}"
1413,"{""abv"": ""0.048""}","{""abv"": ""0.048""}"
1414,"{""ounces"": ""12""}","{""ounces"": ""12""}"
1415,"{""ounces"": ""12""}","{""ounces"": ""12""}"
1416,"{""abv"": ""0.054""}","{""abv"": ""0.054""}"
1417,"{""ounces"": ""19""}","{""ounces"": ""19""}"
1418,"{""abv"": ""0.064""}","{""abv"": ""0.064""}"
1419,"{""ounces"": ""12""}","{""ounces"": ""12""}"
1420,"{""ounces"": ""19""}","{""ounces"": ""19""}"
1421,"{""ounces"": ""16""}","{""ounces"": ""16""}"
1422,"{""ounces"": ""16""}","{""ounces"": ""16""}"
1423,"{""abv"": ""0.062""}","{""abv"": ""0.062""}"
1424,"{""ounces"": ""16""}","{""ounces"": ""16""}"
1425,"{""city"": ""Mill Valley""}","{""city"": ""Mill Valley""}"
1426,"{""state"": ""CA""}","{""state"": ""CA""}"
1427,"{""ounces"": ""12""}","{""ounces"": ""12""}"
1428,"{""ounces"": ""12""}","{""ounces"": ""12""}"
1429,"{""abv"": ""0.06""}","{""abv"": ""0.06""}"
1430,"{""ounces"": ""12""}","{""ounces"": ""12""}"
1431,"{""ounces"": ""16""}","{""ounces"": ""16""}"
1432,"{""abv"": ""0.063""}","{""abv"": ""0.063""}"
1433,"{""ounces"": ""16""}","{""ounces"": ""16""}"
1434,"{""abv"": ""0.08""}","{""abv"": ""0.08""}"
1435,"{""ounces"": ""16""}","{""ounces"": ""16""}"
1436,"{""ounces"": ""12""}","{""ounces"": ""12""}"
1437,"{""ounces"": ""12""}","{""ounces"": ""12""}"
1438,"{""ounces"": ""12""}","{""ounces"": ""12""}"
1439,"{""ounces"": ""12""}","{""ounces"": ""12""}"
1440,"{""abv"": ""0.045""}","{""abv"": ""0.045""}"
1441,"{""ounces"": ""12""}","{""ounces"": ""12""}"
1442,"{""ounces"": ""16""}","{""ounces"": ""16""}"
1443,"{""abv"": ""0.045""}","{""abv"": ""0.045""}"
1444,"{""ounces"": ""16""}","{""ounces"": ""16""}"
1445,"{""abv"": ""0.055""}","{""abv"": ""0.055""}"
1446,"{""ounces"": ""16""}","{""ounces"": ""16""}"
1447,"{""ounces"": ""16""}","{""ounces"": ""16""}"
1448,"{""ounces"": ""16""}","{""ounces"": ""16""}"
1449,"{""abv"": ""0.066""}","{""abv"": ""0.066""}"
1450,"{""ounces"": ""16""}","{""ounces"": ""16""}"
1451,"{""ounces"": ""12""}","{""ounces"": ""12""}"
1452,"{""ounces"": ""12""}","{""ounces"": ""12""}"
1453,"{""abv"": ""0.047""}","{""abv"": ""0.047""}"
1454,"{""ounces"": ""12""}","{""ounces"": ""12""}"
1455,"{""abv"": ""0.058""}","{""abv"": ""0.058""}"
1456,"{""city"": ""Pittsburgh""}","{""city"": ""Pittsburgh""}"
1457,"{""state"": ""PA""}","{""state"": ""PA""}"
1458,"{""ounces"": ""12""}","{""ounces"": ""12""}"
1459,"{""ounces"": ""12""}","{""ounces"": ""12""}"
1460,"{""abv"": ""0.078""}","{""abv"": ""0.078""}"
1461,"{""ounces"": ""12""}","{""ounces"": ""12""}"
1462,"{""ounces"": ""12""}","{""ounces"": ""12""}"
1463,"{""ounces"": ""12""}","{""ounces"": ""12""}"
1464,"{""ounces"": ""12""}","{""ounces"": ""12""}"
1465,"{""ounces"": ""12""}","{""ounces"": ""12""}"
1466,"{""ounces"": ""12""}","{""ounces"": ""12""}"
1467,"{""ounces"": ""12""}","{""ounces"": ""12""}"
1468,"{""ounces"": ""12""}","{""ounces"": ""12""}"
1469,"{""ounces"": ""12""}","{""ounces"": ""12""}"
1470,"{""ounces"": ""12""}","{""ounces"": ""12""}"
1471,"{""ounces"": ""12""}","{""ounces"": ""12""}"
1472,"{""ounces"": ""16""}","{""ounces"": ""16""}"
1473,"{""ounces"": ""16""}","{""ounces"": ""16""}"
1474,"{""abv"": ""0.027""}","{""abv"": ""0.027""}"
1475,"{""ounces"": ""16""}","{""ounces"": ""16""}"
1476,"{""city"": ""Portland""}","{""city"": ""Portland""}"
1477,"{""state"": ""OR""}","{""state"": ""OR""}"
1478,"{""ounces"": ""16""}","{""ounces"": ""16""}"
1479,"{""ounces"": ""16""}","{""ounces"": ""16""}"
1480,"{""city"": ""Portland""}","{""city"": ""Portland""}"
1481,"{""state"": ""OR""}","{""state"": ""OR""}"
1482,"{""ounces"": ""16""}","{""ounces"": ""16""}"
1483,"{""abv"": ""0.039""}","{""abv"": ""0.039""}"
1484,"{""ounces"": ""16""}","{""ounces"": ""16""}"
1485,"{""abv"": ""0.039""}","{""abv"": ""0.039""}"
1486,"{""ounces"": ""16""}","{""ounces"": ""16""}"
1487,"{""ounces"": ""16""}","{""ounces"": ""16""}"
1488,"{""abv"": ""0.039""}","{""abv"": ""0.039""}"
1489,"{""ounces"": ""16""}","{""ounces"": ""16""}"
1490,"{""abv"": ""0.039""}","{""abv"": ""0.039""}"
1491,"{""ounces"": ""16""}","{""ounces"": ""16""}"
1492,"{""ounces"": ""16""}","{""ounces"": ""16""}"
1493,"{""abv"": ""0.039""}","{""abv"": ""0.039""}"
1494,"{""ounces"": ""16""}","{""ounces"": ""16""}"
1495,"{""ounces"": ""16""}","{""ounces"": ""16""}"
1496,"{""abv"": ""0.039""}","{""abv"": ""0.039""}"
1497,"{""ounces"": ""16""}","{""ounces"": ""16""}"
1498,"{""ounces"": ""16""}","{""ounces"": ""16""}"
1499,"{""abv"": ""0.058""}","{""abv"": ""0.058""}"
1500,"{""city"": ""Portland""}","{""city"": ""Portland""}"
1501,"{""state"": ""OR""}","{""state"": ""OR""}"
1502,"{""ounces"": ""16""}","{""ounces"": ""16""}"
1503,"{""abv"": ""0.066""}","{""abv"": ""0.066""}"
1504,"{""ounces"": ""16""}","{""ounces"": ""16""}"
1505,"{""abv"": ""0.073""}","{""abv"": ""0.073""}"
1506,"{""ounces"": ""16""}","{""ounces"": ""16""}"
1507,"{""ounces"": ""16""}","{""ounces"": ""16""}"
1508,"{""ounces"": ""16""}","{""ounces"": ""16""}"
1509,"{""ounces"": ""16""}","{""ounces"": ""16""}"
1510,"{""ounces"": ""16""}","{""ounces"": ""16""}"
1511,"{""ounces"": ""12""}","{""ounces"": ""12""}"
1512,"{""abv"": ""0.056""}","{""abv"": ""0.056""}"
1513,"{""ounces"": ""12""}","{""ounces"": ""12""}"
1514,"{""ounces"": ""16""}","{""ounces"": ""16""}"
1515,"{""ounces"": ""12""}","{""ounces"": ""12""}"
1516,"{""abv"": ""0.065""}","{""abv"": ""0.065""}"
1517,"{""ounces"": ""12""}","{""ounces"": ""12""}"
1518,"{""ounces"": ""12""}","{""ounces"": ""12""}"
1519,"{""abv"": ""0.068""}","{""abv"": ""0.068""}"
1520,"{""ounces"": ""12""}","{""ounces"": ""12""}"
1521,"{""ounces"": ""12""}","{""ounces"": ""12""}"
1522,"{""ounces"": ""12""}","{""ounces"": ""12""}"
1523,"{""ounces"": ""12""}","{""ounces"": ""12""}"
1524,"{""ounces"": ""12""}","{""ounces"": ""12""}"
1525,"{""abv"": ""0.054""}","{""abv"": ""0.054""}"
1526,"{""ounces"": ""12""}","{""ounces"": ""12""}"
1527,"{""ounces"": ""12""}","{""ounces"": ""12""}"
1528,"{""ounces"": ""12""}","{""ounces"": ""12""}"
1529,"{""ounces"": ""12""}","{""ounces"": ""12""}"
1530,"{""abv"": ""0.058""}","{""abv"": ""0.058""}"
1531,"{""ounces"": ""12""}","{""ounces"": ""12""}"
1532,"{""ounces"": ""12""}","{""ounces"": ""12""}"
1533,"{""abv"": ""0.055""}","{""abv"": ""0.055""}"
1534,"{""ounces"": ""12""}","{""ounces"": ""12""}"
1535,"{""abv"": ""0.045""}","{""abv"": ""0.045""}"
1536,"{""ounces"": ""12""}","{""ounces"": ""12""}"
1537,"{""ounces"": ""12""}","{""ounces"": ""12""}"
1538,"{""ounces"": ""12""}","{""ounces"": ""12""}"
1539,"{""ounces"": ""16""}","{""ounces"": ""16""}"
1540,"{""ounces"": ""16""}","{""ounces"": ""16""}"
1541,"{""ounces"": ""12""}","{""ounces"": ""12""}"
1542,"{""ounces"": ""16""}","{""ounces"": ""16""}"
1543,"{""city"": ""Framingham""}","{""city"": ""Framingham""}"
1544,"{""state"": ""MA""}","{""state"": ""MA""}"
1545,"{""ounces"": ""12""}","{""ounces"": ""12""}"
1546,"{""abv"": ""0.067""}","{""abv"": ""0.067""}"
1547,"{""ounces"": ""12""}","{""ounces"": ""12""}"
1548,"{""abv"": ""0.049""}","{""abv"": ""0.049""}"
1549,"{""ounces"": ""12""}","{""ounces"": ""12""}"
1550,"{""ounces"": ""12""}","{""ounces"": ""12""}"
1551,"{""ounces"": ""12""}","{""ounces"": ""12""}"
1552,"{""abv"": ""0.055""}","{""abv"": ""0.055""}"
1553,"{""ounces"": ""12""}","{""ounces"": ""12""}"
1554,"{""ounces"": ""12""}","{""ounces"": ""12""}"
1555,"{""ounces"": ""12""}","{""ounces"": ""12""}"
1556,"{""abv"": ""0.07""}","{""abv"": ""0.07""}"
1557,"{""ounces"": ""12""}","{""ounces"": ""12""}"
1558,"{""ounces"": ""12""}","{""ounces"": ""12""}"
1559,"{""ounces"": ""12""}","{""ounces"": ""12""}"
1560,"{""abv"": ""0.069""}","{""abv"": ""0.069""}"
1561,"{""ounces"": ""12""}","{""ounces"": ""12""}"
1562,"{""ounces"": ""12""}","{""ounces"": ""12""}"
1563,"{""ounces"": ""12""}","{""ounces"": ""12""}"
1564,"{""ounces"": ""12""}","{""ounces"": ""12""}"
1565,"{""ounces"": ""12""}","{""ounces"": ""12""}"
1566,"{""ounces"": ""12""}","{""ounces"": ""12""}"
1567,"{""abv"": ""0.06""}","{""abv"": ""0.06""}"
1568,"{""city"": ""Stevens Point""}","{""city"": ""Stevens Point""}"
1569,"{""state"": ""WI""}","{""state"": ""WI""}"
1570,"{""ounces"": ""12""}","{""ounces"": ""12""}"
1571,"{""abv"": ""0.05""}","{""abv"": ""0.05""}"
1572,"{""ounces"": ""12""}","{""ounces"": ""12""}"
1573,"{""abv"": ""0.05""}","{""abv"": ""0.05""}"
1574,"{""ounces"": ""12""}","{""ounces"": ""12""}"
1575,"{""abv"": ""0.093""}","{""abv"": ""0.093""}"
1576,"{""ounces"": ""12""}","{""ounces"": ""12""}"
1577,"{""ounces"": ""12""}","{""ounces"": ""12""}"
1578,"{""ounces"": ""12""}","{""ounces"": ""12""}"
1579,"{""ounces"": ""12""}","{""ounces"": ""12""}"
1580,"{""abv"": ""0.052""}","{""abv"": ""0.052""}"
1581,"{""ounces"": ""12""}","{""ounces"": ""12""}"
1582,"{""abv"": ""0.058""}","{""abv"": ""0.058""}"
1583,"{""ounces"": ""12""}","{""ounces"": ""12""}"
1584,"{""ounces"": ""12""}","{""ounces"": ""12""}"
1585,"{""ounces"": ""12""}","{""ounces"": ""12""}"
1586,"{""abv"": ""0.047""}","{""abv"": ""0.047""}"
1587,"{""city"": ""Houston""}","{""city"": ""Houston""}"
1588,"{""state"": ""TX""}","{""state"": ""TX""}"
1589,"{""ounces"": ""12""}","{""ounces"": ""12""}"
1590,"{""abv"": ""0.066""}","{""abv"": ""0.066""}"
1591,"{""ounces"": ""12""}","{""ounces"": ""12""}"
1592,"{""abv"": ""0.095""}","{""abv"": ""0.095""}"
1593,"{""ounces"": ""12""}","{""ounces"": ""12""}"
1594,"{""abv"": ""0.049""}","{""abv"": ""0.049""}"
1595,"{""ounces"": ""12""}","{""ounces"": ""12""}"
1596,"{""ounces"": ""12""}","{""ounces"": ""12""}"
1597,"{""abv"": ""0.066""}","{""abv"": ""0.066""}"
1598,"{""ounces"": ""12""}","{""ounces"": ""12""}"
1599,"{""ounces"": ""12""}","{""ounces"": ""12""}"
1600,"{""ounces"": ""12""}","{""ounces"": ""12""}"
1601,"{""city"": ""Brooklyn""}","{""city"": ""Brooklyn""}"
1602,"{""state"": ""NY""}","{""state"": ""NY""}"
1603,"{""ounces"": ""12""}","{""ounces"": ""12""}"
1604,"{""abv"": ""0.058""}","{""abv"": ""0.058""}"
1605,"{""ounces"": ""12""}","{""ounces"": ""12""}"
1606,"{""city"": ""Soldotna""}","{""city"": ""Soldotna""}"
1607,"{""state"": ""AK""}","{""state"": ""AK""}"
1608,"{""ounces"": ""12""}","{""ounces"": ""12""}"
1609,"{""ounces"": ""12""}","{""ounces"": ""12""}"
1610,"{""ounces"": ""16""}","{""ounces"": ""16""}"
1611,"{""abv"": ""0.065""}","{""abv"": ""0.065""}"
1612,"{""ounces"": ""16""}","{""ounces"": ""16""}"
1613,"{""abv"": ""0.065""}","{""abv"": ""0.065""}"
1614,"{""ounces"": ""16""}","{""ounces"": ""16""}"
1615,"{""ounces"": ""16""}","{""ounces"": ""16""}"
1616,"{""ounces"": ""16""}","{""ounces"": ""16""}"
1617,"{""abv"": ""0.065""}","{""abv"": ""0.065""}"
1618,"{""ounces"": ""16""}","{""ounces"": ""16""}"
1619,"{""ounces"": ""12""}","{""ounces"": ""12""}"
1620,"{""ounces"": ""12""}","{""ounces"": ""12""}"
1621,"{""ounces"": ""12""}","{""ounces"": ""12""}"
1622,"{""ounces"": ""12""}","{""ounces"": ""12""}"
1623,"{""ounces"": ""12""}","{""ounces"": ""12""}"
1624,"{""ounces"": ""12""}","{""ounces"": ""12""}"
1625,"{""ounces"": ""12""}","{""ounces"": ""12""}"
1626,"{""ounces"": ""12""}","{""ounces"": ""12""}"
1627,"{""ounces"": ""12""}","{""ounces"": ""12""}"
1628,"{""ounces"": ""12""}","{""ounces"": ""12""}"
1629,"{""ounces"": ""12""}","{""ounces"": ""12""}"
1630,"{""abv"": ""0.057""}","{""abv"": ""0.057""}"
1631,"{""ounces"": ""12""}","{""ounces"": ""12""}"
1632,"{""ounces"": ""16""}","{""ounces"": ""16""}"
1633,"{""ounces"": ""16""}","{""ounces"": ""16""}"
1634,"{""ounces"": ""24""}","{""ounces"": ""24""}"
1635,"{""abv"": ""0.046""}","{""abv"": ""0.046""}"
1636,"{""ounces"": ""16""}","{""ounces"": ""16""}"
1637,"{""abv"": ""0.046""}","{""abv"": ""0.046""}"
1638,"{""ounces"": ""12""}","{""ounces"": ""12""}"
1639,"{""ounces"": ""12""}","{""ounces"": ""12""}"
1640,"{""ounces"": ""12""}","{""ounces"": ""12""}"
1641,"{""abv"": ""0.04""}","{""abv"": ""0.04""}"
1642,"{""ounces"": ""16""}","{""ounces"": ""16""}"
1643,"{""ounces"": ""16""}","{""ounces"": ""16""}"
1644,"{""city"": ""Albuquerque""}","{""city"": ""Albuquerque""}"
1645,"{""state"": ""NM""}","{""state"": ""NM""}"
1646,"{""ounces"": ""16""}","{""ounces"": ""16""}"
1647,"{""abv"": ""0.072""}","{""abv"": ""0.072""}"
1648,"{""ounces"": ""12""}","{""ounces"": ""12""}"
1649,"{""abv"": ""0.066""}","{""abv"": ""0.066""}"
1650,"{""ounces"": ""12""}","{""ounces"": ""12""}"
1651,"{""ounces"": ""12""}","{""ounces"": ""12""}"
1652,"{""ounces"": ""12""}","{""ounces"": ""12""}"
1653,"{""abv"": ""0.068""}","{""abv"": ""0.068""}"
1654,"{""ounces"": ""12""}","{""ounces"": ""12""}"
1655,"{""abv"": ""0.05""}","{""abv"": ""0.05""}"
1656,"{""ounces"": ""12""}","{""ounces"": ""12""}"
1657,"{""ounces"": ""12""}","{""ounces"": ""12""}"
1658,"{""ounces"": ""12""}","{""ounces"": ""12""}"
1659,"{""ounces"": ""12""}","{""ounces"": ""12""}"
1660,"{""ounces"": ""12""}","{""ounces"": ""12""}"
1661,"{""ounces"": ""12""}","{""ounces"": ""12""}"
1662,"{""ounces"": ""16""}","{""ounces"": ""16""}"
1663,"{""ounces"": ""12""}","{""ounces"": ""12""}"
1664,"{""ounces"": ""12""}","{""ounces"": ""12""}"
1665,"{""ounces"": ""12""}","{""ounces"": ""12""}"
1666,"{""abv"": ""0.05""}","{""abv"": ""0.05""}"
1667,"{""city"": ""Helena""}","{""city"": ""Helena""}"
1668,"{""state"": ""MT""}","{""state"": ""MT""}"
1669,"{""ounces"": ""12""}","{""ounces"": ""12""}"
1670,"{""ounces"": ""12""}","{""ounces"": ""12""}"
1671,"{""ounces"": ""16""}","{""ounces"": ""16""}"
1672,"{""ounces"": ""16""}","{""ounces"": ""16""}"
1673,"{""ounces"": ""12""}","{""ounces"": ""12""}"
1674,"{""ounces"": ""12""}","{""ounces"": ""12""}"
1675,"{""ounces"": ""12""}","{""ounces"": ""12""}"
1676,"{""ounces"": ""12""}","{""ounces"": ""12""}"
1677,"{""city"": ""York""}","{""city"": ""York""}"
1678,"{""state"": ""PA""}","{""state"": ""PA""}"
1679,"{""ounces"": ""12""}","{""ounces"": ""12""}"
1680,"{""ounces"": ""12""}","{""ounces"": ""12""}"
1681,"{""abv"": ""0.06""}","{""abv"": ""0.06""}"
1682,"{""ounces"": ""16""}","{""ounces"": ""16""}"
1683,"{""abv"": ""0.075""}","{""abv"": ""0.075""}"
1684,"{""ounces"": ""12""}","{""ounces"": ""12""}"
1685,"{""ounces"": ""12""}","{""ounces"": ""12""}"
1686,"{""ounces"": ""12""}","{""ounces"": ""12""}"
1687,"{""ounces"": ""12""}","{""ounces"": ""12""}"
1688,"{""ounces"": ""12""}","{""ounces"": ""12""}"
1689,"{""ounces"": ""16""}","{""ounces"": ""16""}"
1690,"{""ounces"": ""12""}","{""ounces"": ""12""}"
1691,"{""ounces"": ""12""}","{""ounces"": ""12""}"
1692,"{""ounces"": ""16""}","{""ounces"": ""16""}"
1693,"{""abv"": ""0.046""}","{""abv"": ""0.046""}"
1694,"{""ounces"": ""16""}","{""ounces"": ""16""}"
1695,"{""ounces"": ""16""}","{""ounces"": ""16""}"
1696,"{""ounces"": ""16""}","{""ounces"": ""16""}"
1697,"{""abv"": ""0.045""}","{""abv"": ""0.045""}"
1698,"{""ounces"": ""12""}","{""ounces"": ""12""}"
1699,"{""ounces"": ""12""}","{""ounces"": ""12""}"
1700,"{""ounces"": ""16""}","{""ounces"": ""16""}"
1701,"{""ounces"": ""16""}","{""ounces"": ""16""}"
1702,"{""ounces"": ""16""}","{""ounces"": ""16""}"
1703,"{""ounces"": ""16""}","{""ounces"": ""16""}"
1704,"{""abv"": ""0.048""}","{""abv"": ""0.048""}"
1705,"{""ounces"": ""12""}","{""ounces"": ""12""}"
1706,"{""abv"": ""0.038""}","{""abv"": ""0.038""}"
1707,"{""ounces"": ""12""}","{""ounces"": ""12""}"
1708,"{""ounces"": ""12""}","{""ounces"": ""12""}"
1709,"{""abv"": ""0.054""}","{""abv"": ""0.054""}"
1710,"{""ounces"": ""12""}","{""ounces"": ""12""}"
1711,"{""ounces"": ""12""}","{""ounces"": ""12""}"
1712,"{""ounces"": ""12""}","{""ounces"": ""12""}"
1713,"{""abv"": ""0.058""}","{""abv"": ""0.058""}"
1714,"{""ounces"": ""12""}","{""ounces"": ""12""}"
1715,"{""city"": ""Portland""}","{""city"": ""Portland""}"
1716,"{""state"": ""OR""}","{""state"": ""OR""}"
1717,"{""ounces"": ""12""}","{""ounces"": ""12""}"
1718,"{""ounces"": ""12""}","{""ounces"": ""12""}"
1719,"{""ounces"": ""12""}","{""ounces"": ""12""}"
1720,"{""ounces"": ""12""}","{""ounces"": ""12""}"
1721,"{""ounces"": ""12""}","{""ounces"": ""12""}"
1722,"{""ounces"": ""12""}","{""ounces"": ""12""}"
1723,"{""ounces"": ""16""}","{""ounces"": ""16""}"
1724,"{""city"": ""Cincinnati""}","{""city"": ""Cincinnati""}"
1725,"{""state"": ""OH""}","{""state"": ""OH""}"
1726,"{""ounces"": ""12""}","{""ounces"": ""12""}"
1727,"{""ounces"": ""12""}","{""ounces"": ""12""}"
1728,"{""abv"": ""0.05""}","{""abv"": ""0.05""}"
1729,"{""ounces"": ""12""}","{""ounces"": ""12""}"
1730,"{""ounces"": ""12""}","{""ounces"": ""12""}"
1731,"{""ounces"": ""12""}","{""ounces"": ""12""}"
1732,"{""ounces"": ""16""}","{""ounces"": ""16""}"
1733,"{""ounces"": ""12""}","{""ounces"": ""12""}"
1734,"{""ounces"": ""12""}","{""ounces"": ""12""}"
1735,"{""abv"": ""0.051""}","{""abv"": ""0.051""}"
1736,"{""ounces"": ""12""}","{""ounces"": ""12""}"
1737,"{""ounces"": ""12""}","{""ounces"": ""12""}"
1738,"{""abv"": ""0.065""}","{""abv"": ""0.065""}"
1739,"{""ounces"": ""12""}","{""ounces"": ""12""}"
1740,"{""ounces"": ""12""}","{""ounces"": ""12""}"
1741,"{""ounces"": ""12""}","{""ounces"": ""12""}"
1742,"{""abv"": ""0.072""}","{""abv"": ""0.072""}"
1743,"{""ounces"": ""12""}","{""ounces"": ""12""}"
1744,"{""ounces"": ""12""}","{""ounces"": ""12""}"
1745,"{""ounces"": ""12""}","{""ounces"": ""12""}"
1746,"{""ounces"": ""12""}","{""ounces"": ""12""}"
1747,"{""ounces"": ""12""}","{""ounces"": ""12""}"
1748,"{""abv"": ""0.05""}","{""abv"": ""0.05""}"
1749,"{""ounces"": ""12""}","{""ounces"": ""12""}"
1750,"{""ounces"": ""12""}","{""ounces"": ""12""}"
1751,"{""ounces"": ""12""}","{""ounces"": ""12""}"
1752,"{""ounces"": ""12""}","{""ounces"": ""12""}"
1753,"{""ounces"": ""12""}","{""ounces"": ""12""}"
1754,"{""ounces"": ""12""}","{""ounces"": ""12""}"
1755,"{""abv"": ""0.06""}","{""abv"": ""0.06""}"
1756,"{""ounces"": ""12""}","{""ounces"": ""12""}"
1757,"{""ounces"": ""12""}","{""ounces"": ""12""}"
1758,"{""ounces"": ""12""}","{""ounces"": ""12""}"
1759,"{""abv"": ""0.047""}","{""abv"": ""0.047""}"
1760,"{""ounces"": ""12""}","{""ounces"": ""12""}"
1761,"{""ounces"": ""16""}","{""ounces"": ""16""}"
1762,"{""abv"": ""0.072""}","{""abv"": ""0.072""}"
1763,"{""ounces"": ""16""}","{""ounces"": ""16""}"
1764,"{""ounces"": ""16""}","{""ounces"": ""16""}"
1765,"{""ounces"": ""16""}","{""ounces"": ""16""}"
1766,"{""ounces"": ""16""}","{""ounces"": ""16""}"
1767,"{""abv"": ""0.097""}","{""abv"": ""0.097""}"
1768,"{""ounces"": ""16""}","{""ounces"": ""16""}"
1769,"{""ounces"": ""16""}","{""ounces"": ""16""}"
1770,"{""ounces"": ""16""}","{""ounces"": ""16""}"
1771,"{""ounces"": ""16""}","{""ounces"": ""16""}"
1772,"{""abv"": ""0.08""}","{""abv"": ""0.08""}"
1773,"{""ounces"": ""12""}","{""ounces"": ""12""}"
1774,"{""city"": ""Fort Worth""}","{""city"": ""Fort Worth""}"
1775,"{""state"": ""TX""}","{""state"": ""TX""}"
1776,"{""ounces"": ""16""}","{""ounces"": ""16""}"
1777,"{""ounces"": ""12""}","{""ounces"": ""12""}"
1778,"{""ounces"": ""12""}","{""ounces"": ""12""}"
1779,"{""abv"": ""0.065""}","{""abv"": ""0.065""}"
1780,"{""city"": ""Fort Worth""}","{""city"": ""Fort Worth""}"
1781,"{""state"": ""TX""}","{""state"": ""TX""}"
1782,"{""ounces"": ""12""}","{""ounces"": ""12""}"
1783,"{""abv"": ""0.065""}","{""abv"": ""0.065""}"
1784,"{""city"": ""Utica""}","{""city"": ""Utica""}"
1785,"{""state"": ""NY""}","{""state"": ""NY""}"
1786,"{""ounces"": ""12""}","{""ounces"": ""12""}"
1787,"{""ounces"": ""16""}","{""ounces"": ""16""}"
1788,"{""ounces"": ""12""}","{""ounces"": ""12""}"
1789,"{""ounces"": ""12""}","{""ounces"": ""12""}"
1790,"{""ounces"": ""12""}","{""ounces"": ""12""}"
1791,"{""abv"": ""0.045""}","{""abv"": ""0.045""}"
1792,"{""ounces"": ""12""}","{""ounces"": ""12""}"
1793,"{""city"": ""Utica""}","{""city"": ""Utica""}"
1794,"{""state"": ""NY""}","{""state"": ""NY""}"
1795,"{""ounces"": ""12""}","{""ounces"": ""12""}"
1796,"{""abv"": ""0.047""}","{""abv"": ""0.047""}"
1797,"{""ounces"": ""12""}","{""ounces"": ""12""}"
1798,"{""ounces"": ""12""}","{""ounces"": ""12""}"
1799,"{""abv"": ""0.06""}","{""abv"": ""0.06""}"
1800,"{""ounces"": ""12""}","{""ounces"": ""12""}"
1801,"{""ounces"": ""12""}","{""ounces"": ""12""}"
1802,"{""ounces"": ""16""}","{""ounces"": ""16""}"
1803,"{""ounces"": ""12""}","{""ounces"": ""12""}"
1804,"{""ounces"": ""12""}","{""ounces"": ""12""}"
1805,"{""abv"": ""0.055""}","{""abv"": ""0.055""}"
1806,"{""ounces"": ""12""}","{""ounces"": ""12""}"
1807,"{""abv"": ""0.05""}","{""abv"": ""0.05""}"
1808,"{""ounces"": ""12""}","{""ounces"": ""12""}"
1809,"{""ounces"": ""12""}","{""ounces"": ""12""}"
1810,"{""ounces"": ""12""}","{""ounces"": ""12""}"
1811,"{""abv"": ""0.06""}","{""abv"": ""0.06""}"
1812,"{""ounces"": ""12""}","{""ounces"": ""12""}"
1813,"{""abv"": ""0.05""}","{""abv"": ""0.05""}"
1814,"{""ounces"": ""12""}","{""ounces"": ""12""}"
1815,"{""ounces"": ""12""}","{""ounces"": ""12""}"
1816,"{""ounces"": ""12""}","{""ounces"": ""12""}"
1817,"{""ounces"": ""12""}","{""ounces"": ""12""}"
1818,"{""ounces"": ""12""}","{""ounces"": ""12""}"
1819,"{""ounces"": ""12""}","{""ounces"": ""12""}"
1820,"{""ounces"": ""12""}","{""ounces"": ""12""}"
1821,"{""ounces"": ""12""}","{""ounces"": ""12""}"
1822,"{""ounces"": ""16""}","{""ounces"": ""16""}"
1823,"{""abv"": ""0.069""}","{""abv"": ""0.069""}"
1824,"{""ounces"": ""16""}","{""ounces"": ""16""}"
1825,"{""ounces"": ""16""}","{""ounces"": ""16""}"
1826,"{""ounces"": ""19""}","{""ounces"": ""19""}"
1827,"{""ounces"": ""12""}","{""ounces"": ""12""}"
1828,"{""ounces"": ""12""}","{""ounces"": ""12""}"
1829,"{""abv"": ""0.042""}","{""abv"": ""0.042""}"
1830,"{""ounces"": ""12""}","{""ounces"": ""12""}"
1831,"{""ounces"": ""12""}","{""ounces"": ""12""}"
1832,"{""ounces"": ""12""}","{""ounces"": ""12""}"
1833,"{""ounces"": ""12""}","{""ounces"": ""12""}"
1834,"{""abv"": ""0.053""}","{""abv"": ""0.053""}"
1835,"{""ounces"": ""12""}","{""ounces"": ""12""}"
1836,"{""ounces"": ""12""}","{""ounces"": ""12""}"
1837,"{""ounces"": ""12""}","{""ounces"": ""12""}"
1838,"{""ounces"": ""12""}","{""ounces"": ""12""}"
1839,"{""ounces"": ""12""}","{""ounces"": ""12""}"
1840,"{""ounces"": ""12""}","{""ounces"": ""12""}"
1841,"{""ounces"": ""12""}","{""ounces"": ""12""}"
1842,"{""ounces"": ""12""}","{""ounces"": ""12""}"
1843,"{""abv"": ""0.05""}","{""abv"": ""0.05""}"
1844,"{""ounces"": ""12""}","{""ounces"": ""12""}"
1845,"{""abv"": ""0.057""}","{""abv"": ""0.057""}"
1846,"{""ounces"": ""16""}","{""ounces"": ""16""}"
1847,"{""abv"": ""0.08""}","{""abv"": ""0.08""}"
1848,"{""ounces"": ""16""}","{""ounces"": ""16""}"
1849,"{""ounces"": ""16""}","{""ounces"": ""16""}"
1850,"{""ounces"": ""16""}","{""ounces"": ""16""}"
1851,"{""ounces"": ""16""}","{""ounces"": ""16""}"
1852,"{""ounces"": ""16""}","{""ounces"": ""16""}"
1853,"{""ounces"": ""24""}","{""ounces"": ""24""}"
1854,"{""ounces"": ""24""}","{""ounces"": ""24""}"
1855,"{""city"": ""Chicago""}","{""city"": ""Chicago""}"
1856,"{""state"": ""IL""}","{""state"": ""IL""}"
1857,"{""ounces"": ""24""}","{""ounces"": ""24""}"
1858,"{""abv"": ""0.075""}","{""abv"": ""0.075""}"
1859,"{""ounces"": ""24""}","{""ounces"": ""24""}"
1860,"{""abv"": ""0.075""}","{""abv"": ""0.075""}"
1861,"{""ounces"": ""24""}","{""ounces"": ""24""}"
1862,"{""ounces"": ""24""}","{""ounces"": ""24""}"
1863,"{""ounces"": ""24""}","{""ounces"": ""24""}"
1864,"{""ounces"": ""24""}","{""ounces"": ""24""}"
1865,"{""ounces"": ""12""}","{""ounces"": ""12""}"
1866,"{""ounces"": ""12""}","{""ounces"": ""12""}"
1867,"{""ounces"": ""16""}","{""ounces"": ""16""}"
1868,"{""ounces"": ""16""}","{""ounces"": ""16""}"
1869,"{""ounces"": ""16""}","{""ounces"": ""16""}"
1870,"{""ounces"": ""16""}","{""ounces"": ""16""}"
1871,"{""ounces"": ""16""}","{""ounces"": ""16""}"
1872,"{""ounces"": ""16""}","{""ounces"": ""16""}"
1873,"{""abv"": ""0.075""}","{""abv"": ""0.075""}"
1874,"{""ounces"": ""16""}","{""ounces"": ""16""}"
1875,"{""abv"": ""0.065""}","{""abv"": ""0.065""}"
1876,"{""ounces"": ""16""}","{""ounces"": ""16""}"
1877,"{""ounces"": ""16""}","{""ounces"": ""16""}"
1878,"{""abv"": ""0.048""}","{""abv"": ""0.048""}"
1879,"{""ounces"": ""16""}","{""ounces"": ""16""}"
1880,"{""ounces"": ""24""}","{""ounces"": ""24""}"
1881,"{""ounces"": ""16""}","{""ounces"": ""16""}"
1882,"{""abv"": ""0.054""}","{""abv"": ""0.054""}"
1883,"{""ounces"": ""12""}","{""ounces"": ""12""}"
1884,"{""ounces"": ""12""}","{""ounces"": ""12""}"
1885,"{""abv"": ""0.05""}","{""abv"": ""0.05""}"
1886,"{""ounces"": ""16""}","{""ounces"": ""16""}"
1887,"{""ounces"": ""12""}","{""ounces"": ""12""}"
1888,"{""ounces"": ""16""}","{""ounces"": ""16""}"
1889,"{""city"": ""Monroe""}","{""city"": ""Monroe""}"
1890,"{""state"": ""WI""}","{""state"": ""WI""}"
1891,"{""ounces"": ""12""}","{""ounces"": ""12""}"
1892,"{""abv"": ""0.055""}","{""abv"": ""0.055""}"
1893,"{""ounces"": ""12""}","{""ounces"": ""12""}"
1894,"{""ounces"": ""24""}","{""ounces"": ""24""}"
1895,"{""ounces"": ""12""}","{""ounces"": ""12""}"
1896,"{""ounces"": ""12""}","{""ounces"": ""12""}"
1897,"{""ounces"": ""12""}","{""ounces"": ""12""}"
1898,"{""ounces"": ""32""}","{""ounces"": ""32""}"
1899,"{""city"": ""San Diego""}","{""city"": ""San Diego""}"
1900,"{""state"": ""CA""}","{""state"": ""CA""}"
1901,"{""ounces"": ""32""}","{""ounces"": ""32""}"
1902,"{""ounces"": ""32""}","{""ounces"": ""32""}"
1903,"{""city"": ""San Diego""}","{""city"": ""San Diego""}"
1904,"{""state"": ""CA""}","{""state"": ""CA""}"
1905,"{""ounces"": ""32""}","{""ounces"": ""32""}"
1906,"{""ounces"": ""16""}","{""ounces"": ""16""}"
1907,"{""ounces"": ""16""}","{""ounces"": ""16""}"
1908,"{""ounces"": ""16""}","{""ounces"": ""16""}"
1909,"{""ounces"": ""16""}","{""ounces"": ""16""}"
1910,"{""ounces"": ""24""}","{""ounces"": ""24""}"
1911,"{""abv"": ""0.055""}","{""abv"": ""0.055""}"
1912,"{""ounces"": ""24""}","{""ounces"": ""24""}"
1913,"{""ounces"": ""12""}","{""ounces"": ""12""}"
1914,"{""ounces"": ""16""}","{""ounces"": ""16""}"
1915,"{""ounces"": ""16""}","{""ounces"": ""16""}"
1916,"{""ounces"": ""16""}","{""ounces"": ""16""}"
1917,"{""ounces"": ""16""}","{""ounces"": ""16""}"
1918,"{""ounces"": ""16""}","{""ounces"": ""16""}"
1919,"{""abv"": ""0.055""}","{""abv"": ""0.055""}"
1920,"{""ounces"": ""16""}","{""ounces"": ""16""}"
1921,"{""ounces"": ""16""}","{""ounces"": ""16""}"
1922,"{""ounces"": ""16""}","{""ounces"": ""16""}"
1923,"{""ounces"": ""12""}","{""ounces"": ""12""}"
1924,"{""ounces"": ""16""}","{""ounces"": ""16""}"
1925,"{""abv"": ""0.054""}","{""abv"": ""0.054""}"
1926,"{""ounces"": ""16""}","{""ounces"": ""16""}"
1927,"{""ounces"": ""16""}","{""ounces"": ""16""}"
1928,"{""ounces"": ""12""}","{""ounces"": ""12""}"
1929,"{""abv"": ""0.056""}","{""abv"": ""0.056""}"
1930,"{""ounces"": ""12""}","{""ounces"": ""12""}"
1931,"{""ounces"": ""12""}","{""ounces"": ""12""}"
1932,"{""ounces"": ""12""}","{""ounces"": ""12""}"
1933,"{""ounces"": ""12""}","{""ounces"": ""12""}"
1934,"{""ounces"": ""12""}","{""ounces"": ""12""}"
1935,"{""abv"": ""0.046""}","{""abv"": ""0.046""}"
1936,"{""ounces"": ""12""}","{""ounces"": ""12""}"
1937,"{""abv"": ""0.05""}","{""abv"": ""0.05""}"
1938,"{""ounces"": ""12""}","{""ounces"": ""12""}"
1939,"{""ounces"": ""12""}","{""ounces"": ""12""}"
1940,"{""ounces"": ""12""}","{""ounces"": ""12""}"
1941,"{""abv"": ""0.05""}","{""abv"": ""0.05""}"
1942,"{""ounces"": ""12""}","{""ounces"": ""12""}"
1943,"{""ounces"": ""12""}","{""ounces"": ""12""}"
1944,"{""ounces"": ""16""}","{""ounces"": ""16""}"
1945,"{""ounces"": ""12""}","{""ounces"": ""12""}"
1946,"{""ounces"": ""12""}","{""ounces"": ""12""}"
1947,"{""ounces"": ""12""}","{""ounces"": ""12""}"
1948,"{""ounces"": ""12""}","{""ounces"": ""12""}"
1949,"{""ounces"": ""12""}","{""ounces"": ""12""}"
1950,"{""ounces"": ""12""}","{""ounces"": ""12""}"
1951,"{""ounces"": ""12""}","{""ounces"": ""12""}"
1952,"{""ounces"": ""12""}","{""ounces"": ""12""}"
1953,"{""ounces"": ""12""}","{""ounces"": ""12""}"
1954,"{""ounces"": ""12""}","{""ounces"": ""12""}"
1955,"{""ounces"": ""16""}","{""ounces"": ""16""}"
1956,"{""ounces"": ""16""}","{""ounces"": ""16""}"
1957,"{""abv"": ""0.052""}","{""abv"": ""0.052""}"
1958,"{""ounces"": ""16""}","{""ounces"": ""16""}"
1959,"{""ounces"": ""16""}","{""ounces"": ""16""}"
1960,"{""abv"": ""0.086""}","{""abv"": ""0.086""}"
1961,"{""ounces"": ""12""}","{""ounces"": ""12""}"
1962,"{""ounces"": ""16""}","{""ounces"": ""16""}"
1963,"{""ounces"": ""16""}","{""ounces"": ""16""}"
1964,"{""abv"": ""0.042""}","{""abv"": ""0.042""}"
1965,"{""ounces"": ""16""}","{""ounces"": ""16""}"
1966,"{""ounces"": ""16""}","{""ounces"": ""16""}"
1967,"{""ounces"": ""16""}","{""ounces"": ""16""}"
1968,"{""ounces"": ""16""}","{""ounces"": ""16""}"
1969,"{""abv"": ""0.053""}","{""abv"": ""0.053""}"
1970,"{""city"": ""Portland""}","{""city"": ""Portland""}"
1971,"{""state"": ""OR""}","{""state"": ""OR""}"
1972,"{""ounces"": ""16""}","{""ounces"": ""16""}"
1973,"{""abv"": ""0.074""}","{""abv"": ""0.074""}"
1974,"{""ounces"": ""16""}","{""ounces"": ""16""}"
1975,"{""ounces"": ""16""}","{""ounces"": ""16""}"
1976,"{""ounces"": ""16""}","{""ounces"": ""16""}"
1977,"{""abv"": ""0.074""}","{""abv"": ""0.074""}"
1978,"{""ounces"": ""16""}","{""ounces"": ""16""}"
1979,"{""ounces"": ""12""}","{""ounces"": ""12""}"
1980,"{""ounces"": ""12""}","{""ounces"": ""12""}"
1981,"{""ounces"": ""12""}","{""ounces"": ""12""}"
1982,"{""ounces"": ""12""}","{""ounces"": ""12""}"
1983,"{""ounces"": ""12""}","{""ounces"": ""12""}"
1984,"{""ounces"": ""12""}","{""ounces"": ""12""}"
1985,"{""abv"": ""0.066""}","{""abv"": ""0.066""}"
1986,"{""ounces"": ""12""}","{""ounces"": ""12""}"
1987,"{""ounces"": ""12""}","{""ounces"": ""12""}"
1988,"{""ounces"": ""12""}","{""ounces"": ""12""}"
1989,"{""ounces"": ""12""}","{""ounces"": ""12""}"
1990,"{""abv"": ""0.05""}","{""abv"": ""0.05""}"
1991,"{""ounces"": ""12""}","{""ounces"": ""12""}"
1992,"{""abv"": ""0.056""}","{""abv"": ""0.056""}"
1993,"{""ounces"": ""12""}","{""ounces"": ""12""}"
1994,"{""ounces"": ""12""}","{""ounces"": ""12""}"
1995,"{""abv"": ""0.055""}","{""abv"": ""0.055""}"
1996,"{""ounces"": ""16""}","{""ounces"": ""16""}"
1997,"{""ounces"": ""12""}","{""ounces"": ""12""}"
1998,"{""abv"": ""0.048""}","{""abv"": ""0.048""}"
1999,"{""ounces"": ""12""}","{""ounces"": ""12""}"
2000,"{""abv"": ""0.052""}","{""abv"": ""0.052""}"
2001,"{""ounces"": ""12""}","{""ounces"": ""12""}"
2002,"{""ounces"": ""12""}","{""ounces"": ""12""}"
2003,"{""ounces"": ""16""}","{""ounces"": ""16""}"
2004,"{""ounces"": ""16""}","{""ounces"": ""16""}"
2005,"{""abv"": ""0.065""}","{""abv"": ""0.065""}"
2006,"{""ounces"": ""16""}","{""ounces"": ""16""}"
2007,"{""ounces"": ""12""}","{""ounces"": ""12""}"
2008,"{""ounces"": ""12""}","{""ounces"": ""12""}"
2009,"{""ounces"": ""12""}","{""ounces"": ""12""}"
2010,"{""abv"": ""0.052""}","{""abv"": ""0.052""}"
2011,"{""ounces"": ""12""}","{""ounces"": ""12""}"
2012,"{""ounces"": ""12""}","{""ounces"": ""12""}"
2013,"{""abv"": ""0.062""}","{""abv"": ""0.062""}"
2014,"{""ounces"": ""12""}","{""ounces"": ""12""}"
2015,"{""ounces"": ""12""}","{""ounces"": ""12""}"
2016,"{""ounces"": ""12""}","{""ounces"": ""12""}"
2017,"{""ounces"": ""12""}","{""ounces"": ""12""}"
2018,"{""ounces"": ""16""}","{""ounces"": ""16""}"
2019,"{""abv"": ""0.09""}","{""abv"": ""0.09""}"
2020,"{""ounces"": ""16""}","{""ounces"": ""16""}"
2021,"{""ounces"": ""12""}","{""ounces"": ""12""}"
2022,"{""ounces"": ""12""}","{""ounces"": ""12""}"
2023,"{""abv"": ""0.05""}","{""abv"": ""0.05""}"
2024,"{""ounces"": ""12""}","{""ounces"": ""12""}"
2025,"{""ounces"": ""12""}","{""ounces"": ""12""}"
2026,"{""abv"": ""0.05""}","{""abv"": ""0.05""}"
2027,"{""ounces"": ""16""}","{""ounces"": ""16""}"
2028,"{""ounces"": ""16""}","{""ounces"": ""16""}"
2029,"{""ounces"": ""16""}","{""ounces"": ""16""}"
2030,"{""abv"": ""0.065""}","{""abv"": ""0.065""}"
2031,"{""ounces"": ""12""}","{""ounces"": ""12""}"
2032,"{""ounces"": ""12""}","{""ounces"": ""12""}"
2033,"{""abv"": ""0.049""}","{""abv"": ""0.049""}"
2034,"{""ounces"": ""12""}","{""ounces"": ""12""}"
2035,"{""ounces"": ""12""}","{""ounces"": ""12""}"
2036,"{""ounces"": ""12""}","{""ounces"": ""12""}"
2037,"{""abv"": ""0.052""}","{""abv"": ""0.052""}"
2038,"{""ounces"": ""12""}","{""ounces"": ""12""}"
2039,"{""abv"": ""0.054""}","{""abv"": ""0.054""}"
2040,"{""city"": ""Myrtle Beach""}","{""city"": ""Myrtle Beach""}"
2041,"{""state"": ""SC""}","{""state"": ""SC""}"
2042,"{""ounces"": ""12""}","{""ounces"": ""12""}"
2043,"{""ounces"": ""12""}","{""ounces"": ""12""}"
2044,"{""abv"": ""0.042""}","{""abv"": ""0.042""}"
2045,"{""ounces"": ""12""}","{""ounces"": ""12""}"
2046,"{""ounces"": ""12""}","{""ounces"": ""12""}"
2047,"{""ounces"": ""12""}","{""ounces"": ""12""}"
2048,"{""ounces"": ""16""}","{""ounces"": ""16""}"
2049,"{""abv"": ""0.055""}","{""abv"": ""0.055""}"
2050,"{""ounces"": ""16""}","{""ounces"": ""16""}"
2051,"{""abv"": ""0.051""}","{""abv"": ""0.051""}"
2052,"{""ounces"": ""16""}","{""ounces"": ""16""}"
2053,"{""ounces"": ""12""}","{""ounces"": ""12""}"
2054,"{""ounces"": ""12""}","{""ounces"": ""12""}"
2055,"{""ounces"": ""12""}","{""ounces"": ""12""}"
2056,"{""ounces"": ""12""}","{""ounces"": ""12""}"
2057,"{""ounces"": ""16""}","{""ounces"": ""16""}"
2058,"{""abv"": ""0.045""}","{""abv"": ""0.045""}"
2059,"{""ounces"": ""16""}","{""ounces"": ""16""}"
2060,"{""abv"": ""0.049""}","{""abv"": ""0.049""}"
2061,"{""ounces"": ""16""}","{""ounces"": ""16""}"
2062,"{""abv"": ""0.048""}","{""abv"": ""0.048""}"
2063,"{""ounces"": ""16""}","{""ounces"": ""16""}"
2064,"{""ounces"": ""16""}","{""ounces"": ""16""}"
2065,"{""ounces"": ""16""}","{""ounces"": ""16""}"
2066,"{""ounces"": ""16""}","{""ounces"": ""16""}"
2067,"{""abv"": ""0.069""}","{""abv"": ""0.069""}"
2068,"{""ounces"": ""16""}","{""ounces"": ""16""}"
2069,"{""ounces"": ""16""}","{""ounces"": ""16""}"
2070,"{""abv"": ""0.063""}","{""abv"": ""0.063""}"
2071,"{""ounces"": ""12""}","{""ounces"": ""12""}"
2072,"{""ounces"": ""12""}","{""ounces"": ""12""}"
2073,"{""ounces"": ""12""}","{""ounces"": ""12""}"
2074,"{""ounces"": ""12""}","{""ounces"": ""12""}"
2075,"{""ounces"": ""12""}","{""ounces"": ""12""}"
2076,"{""ounces"": ""12""}","{""ounces"": ""12""}"
2077,"{""ounces"": ""12""}","{""ounces"": ""12""}"
2078,"{""ounces"": ""12""}","{""ounces"": ""12""}"
2079,"{""ounces"": ""12""}","{""ounces"": ""12""}"
2080,"{""ounces"": ""12""}","{""ounces"": ""12""}"
2081,"{""ounces"": ""12""}","{""ounces"": ""12""}"
2082,"{""abv"": ""0.067""}","{""abv"": ""0.067""}"
2083,"{""ounces"": ""16""}","{""ounces"": ""16""}"
2084,"{""ounces"": ""12""}","{""ounces"": ""12""}"
2085,"{""ounces"": ""12""}","{""ounces"": ""12""}"
2086,"{""ounces"": ""12""}","{""ounces"": ""12""}"
2087,"{""abv"": ""0.048""}","{""abv"": ""0.048""}"
2088,"{""ounces"": ""16""}","{""ounces"": ""16""}"
2089,"{""ounces"": ""16""}","{""ounces"": ""16""}"
2090,"{""abv"": ""0.051""}","{""abv"": ""0.051""}"
2091,"{""ounces"": ""16""}","{""ounces"": ""16""}"
2092,"{""ounces"": ""16""}","{""ounces"": ""16""}"
2093,"{""ounces"": ""12""}","{""ounces"": ""12""}"
2094,"{""abv"": ""0.092""}","{""abv"": ""0.092""}"
2095,"{""ounces"": ""12""}","{""ounces"": ""12""}"
2096,"{""ounces"": ""12""}","{""ounces"": ""12""}"
2097,"{""ounces"": ""12""}","{""ounces"": ""12""}"
2098,"{""ounces"": ""12""}","{""ounces"": ""12""}"
2099,"{""abv"": ""0.051""}","{""abv"": ""0.051""}"
2100,"{""ounces"": ""12""}","{""ounces"": ""12""}"
2101,"{""ounces"": ""12""}","{""ounces"": ""12""}"
2102,"{""ounces"": ""16""}","{""ounces"": ""16""}"
2103,"{""abv"": ""0.095""}","{""abv"": ""0.095""}"
2104,"{""ounces"": ""16""}","{""ounces"": ""16""}"
2105,"{""ounces"": ""16""}","{""ounces"": ""16""}"
2106,"{""abv"": ""0.06""}","{""abv"": ""0.06""}"
2107,"{""ounces"": ""16""}","{""ounces"": ""16""}"
2108,"{""abv"": ""0.05""}","{""abv"": ""0.05""}"
2109,"{""ounces"": ""16""}","{""ounces"": ""16""}"
2110,"{""ounces"": ""16""}","{""ounces"": ""16""}"
2111,"{""abv"": ""0.05""}","{""abv"": ""0.05""}"
2112,"{""ounces"": ""16""}","{""ounces"": ""16""}"
2113,"{""ounces"": ""16""}","{""ounces"": ""16""}"
2114,"{""ounces"": ""16""}","{""ounces"": ""16""}"
2115,"{""ounces"": ""16""}","{""ounces"": ""16""}"
2116,"{""ounces"": ""16""}","{""ounces"": ""16""}"
2117,"{""abv"": ""0.046""}","{""abv"": ""0.046""}"
2118,"{""ounces"": ""16""}","{""ounces"": ""16""}"
2119,"{""ounces"": ""16""}","{""ounces"": ""16""}"
2120,"{""ounces"": ""16""}","{""ounces"": ""16""}"
2121,"{""abv"": ""0.075""}","{""abv"": ""0.075""}"
2122,"{""ounces"": ""16""}","{""ounces"": ""16""}"
2123,"{""ounces"": ""16""}","{""ounces"": ""16""}"
2124,"{""abv"": ""0.048""}","{""abv"": ""0.048""}"
2125,"{""ounces"": ""16""}","{""ounces"": ""16""}"
2126,"{""abv"": ""0.053""}","{""abv"": ""0.053""}"
2127,"{""ounces"": ""16""}","{""ounces"": ""16""}"
2128,"{""abv"": ""0.055""}","{""abv"": ""0.055""}"
2129,"{""ounces"": ""16""}","{""ounces"": ""16""}"
2130,"{""abv"": ""0.067""}","{""abv"": ""0.067""}"
2131,"{""ounces"": ""16""}","{""ounces"": ""16""}"
2132,"{""ounces"": ""16""}","{""ounces"": ""16""}"
2133,"{""abv"": ""0.041""}","{""abv"": ""0.041""}"
2134,"{""ounces"": ""12""}","{""ounces"": ""12""}"
2135,"{""ounces"": ""12""}","{""ounces"": ""12""}"
2136,"{""ounces"": ""12""}","{""ounces"": ""12""}"
2137,"{""abv"": ""0.049""}","{""abv"": ""0.049""}"
2138,"{""ounces"": ""19""}","{""ounces"": ""19.2""}"
2139,"{""ounces"": ""16""}","{""ounces"": ""16""}"
2140,"{""ounces"": ""32""}","{""ounces"": ""32""}"
2141,"{""ounces"": ""12""}","{""ounces"": ""12""}"
2142,"{""ounces"": ""16""}","{""ounces"": ""16""}"
2143,"{""ounces"": ""12""}","{""ounces"": ""12""}"
2144,"{""ounces"": ""12""}","{""ounces"": ""12""}"
2145,"{""abv"": """"}","{""abv"": ""-1""}"
2146,"{""city"": ""Longmont""}","{""city"": ""Longmont""}"
2147,"{""state"": ""CO""}","{""state"": ""CO""}"
2148,"{""ounces"": ""12""}","{""ounces"": ""12""}"
2149,"{""city"": ""Longmont""}","{""city"": ""Longmont""}"
2150,"{""state"": ""CO""}","{""state"": ""CO""}"
2151,"{""ounces"": ""12""}","{""ounces"": ""12""}"
2152,"{""ounces"": ""19""}","{""ounces"": ""19""}"
2153,"{""abv"": ""0.053""}","{""abv"": ""0.053""}"
2154,"{""ounces"": ""19""}","{""ounces"": ""19""}"
2155,"{""ounces"": ""16""}","{""ounces"": ""16""}"
2156,"{""ounces"": ""19""}","{""ounces"": ""19""}"
2157,"{""ounces"": ""16""}","{""ounces"": ""16""}"
2158,"{""abv"": ""0.07""}","{""abv"": ""0.07""}"
2159,"{""ounces"": ""12""}","{""ounces"": ""12""}"
2160,"{""ounces"": ""12""}","{""ounces"": ""12""}"
2161,"{""ounces"": ""12""}","{""ounces"": ""12""}"
2162,"{""abv"": ""0.087""}","{""abv"": ""0.087""}"
2163,"{""ounces"": ""12""}","{""ounces"": ""12""}"
2164,"{""ounces"": ""12""}","{""ounces"": ""12""}"
2165,"{""ounces"": ""16""}","{""ounces"": ""16""}"
2166,"{""ounces"": ""16""}","{""ounces"": ""16""}"
2167,"{""abv"": ""0.09""}","{""abv"": ""0.09""}"
2168,"{""ounces"": ""16""}","{""ounces"": ""16""}"
2169,"{""abv"": ""0.08""}","{""abv"": ""0.08""}"
2170,"{""ounces"": ""12""}","{""ounces"": ""12""}"
2171,"{""ounces"": ""16""}","{""ounces"": ""16""}"
2172,"{""abv"": ""0.08""}","{""abv"": ""0.08""}"
2173,"{""ounces"": ""12""}","{""ounces"": ""12""}"
2174,"{""ounces"": ""12""}","{""ounces"": ""12""}"
2175,"{""ounces"": ""12""}","{""ounces"": ""12""}"
2176,"{""ounces"": ""12""}","{""ounces"": ""12""}"
2177,"{""abv"": ""0.053""}","{""abv"": ""0.053""}"
2178,"{""ounces"": ""12""}","{""ounces"": ""12""}"
2179,"{""ounces"": ""12""}","{""ounces"": ""12""}"
2180,"{""ounces"": ""12""}","{""ounces"": ""12""}"
2181,"{""city"": ""Longmont""}","{""city"": ""Longmont""}"
2182,"{""state"": ""CO""}","{""state"": ""CO""}"
2183,"{""ounces"": ""12""}","{""ounces"": ""12""}"
2184,"{""ounces"": ""12""}","{""ounces"": ""12""}"
2185,"{""ounces"": ""12""}","{""ounces"": ""12""}"
2186,"{""ounces"": ""12""}","{""ounces"": ""12""}"
2187,"{""ounces"": ""12""}","{""ounces"": ""12""}"
2188,"{""abv"": ""0.08""}","{""abv"": ""0.08""}"
2189,"{""city"": ""Lyons""}","{""city"": ""Lyons""}"
2190,"{""state"": ""CO""}","{""state"": ""CO""}"
2191,"{""ounces"": ""12""}","{""ounces"": ""12""}"
2192,"{""ounces"": ""12""}","{""ounces"": ""12""}"
2193,"{""ounces"": ""12""}","{""ounces"": ""12""}"
2194,"{""ounces"": ""12""}","{""ounces"": ""12""}"
2195,"{""abv"": ""0.065""}","{""abv"": ""0.065""}"
2196,"{""city"": ""Lyons""}","{""city"": ""Lyons""}"
2197,"{""state"": ""CO""}","{""state"": ""CO""}"
2198,"{""ounces"": ""12""}","{""ounces"": ""12""}"
2199,"{""ounces"": ""12""}","{""ounces"": ""12""}"
2200,"{""abv"": ""0.065""}","{""abv"": ""0.065""}"
2201,"{""ounces"": ""12""}","{""ounces"": ""12""}"
2202,"{""ounces"": ""12""}","{""ounces"": ""12""}"
2203,"{""abv"": ""0.052""}","{""abv"": ""0.052""}"
2204,"{""ounces"": ""12""}","{""ounces"": ""12""}"
2205,"{""ounces"": ""12""}","{""ounces"": ""12""}"
2206,"{""abv"": ""0.087""}","{""abv"": ""0.087""}"
2207,"{""ounces"": ""12""}","{""ounces"": ""12""}"
2208,"{""abv"": ""0.099""}","{""abv"": ""0.099""}"
2209,"{""ounces"": ""16""}","{""ounces"": ""16""}"
2210,"{""abv"": ""0.08""}","{""abv"": ""0.08""}"
2211,"{""ounces"": ""12""}","{""ounces"": ""12""}"
2212,"{""ounces"": ""19""}","{""ounces"": ""19""}"
2213,"{""ounces"": ""12""}","{""ounces"": ""12""}"
2214,"{""ounces"": ""12""}","{""ounces"": ""12""}"
2215,"{""abv"": ""0.055""}","{""abv"": ""0.055""}"
2216,"{""ounces"": ""12""}","{""ounces"": ""12""}"
2217,"{""ounces"": ""12""}","{""ounces"": ""12""}"
2218,"{""ounces"": ""12""}","{""ounces"": ""12""}"
2219,"{""ounces"": ""12""}","{""ounces"": ""12""}"
2220,"{""ounces"": ""16""}","{""ounces"": ""16""}"
2221,"{""ounces"": ""16""}","{""ounces"": ""16""}"
2222,"{""abv"": ""0.053""}","{""abv"": ""0.053""}"
2223,"{""ounces"": ""16""}","{""ounces"": ""16""}"
2224,"{""ounces"": ""16""}","{""ounces"": ""16""}"
2225,"{""ounces"": ""16""}","{""ounces"": ""16""}"
2226,"{""ounces"": ""12""}","{""ounces"": ""12""}"
2227,"{""ounces"": ""12""}","{""ounces"": ""12""}"
2228,"{""abv"": ""0.062""}","{""abv"": ""0.062""}"
2229,"{""ounces"": ""12""}","{""ounces"": ""12""}"
2230,"{""ounces"": ""12""}","{""ounces"": ""12""}"
2231,"{""ounces"": ""12""}","{""ounces"": ""12""}"
2232,"{""abv"": ""0.055""}","{""abv"": ""0.055""}"
2233,"{""ounces"": ""12""}","{""ounces"": ""12""}"
2234,"{""abv"": ""0.05""}","{""abv"": ""0.05""}"
2235,"{""ounces"": ""12""}","{""ounces"": ""12""}"
2236,"{""abv"": ""0.046""}","{""abv"": ""0.046""}"
2237,"{""ounces"": ""12""}","{""ounces"": ""12""}"
2238,"{""city"": ""Portland""}","{""city"": ""Portland""}"
2239,"{""state"": ""ME""}","{""state"": ""ME""}"
2240,"{""ounces"": ""12""}","{""ounces"": ""12""}"
2241,"{""ounces"": ""12""}","{""ounces"": ""12""}"
2242,"{""ounces"": ""12""}","{""ounces"": ""12""}"
2243,"{""ounces"": ""12""}","{""ounces"": ""12""}"
2244,"{""ounces"": ""12""}","{""ounces"": ""12""}"
2245,"{""ounces"": ""12""}","{""ounces"": ""12""}"
2246,"{""ounces"": ""12""}","{""ounces"": ""12""}"
2247,"{""ounces"": ""12""}","{""ounces"": ""12""}"
2248,"{""ounces"": ""12""}","{""ounces"": ""12""}"
2249,"{""ounces"": ""12""}","{""ounces"": ""12""}"
2250,"{""abv"": ""0.065""}","{""abv"": ""0.065""}"
2251,"{""ounces"": ""12""}","{""ounces"": ""12""}"
2252,"{""ounces"": ""12""}","{""ounces"": ""12""}"
2253,"{""ounces"": ""12""}","{""ounces"": ""12""}"
2254,"{""ounces"": ""12""}","{""ounces"": ""12""}"
2255,"{""abv"": ""0.047""}","{""abv"": ""0.047""}"
2256,"{""ounces"": ""12""}","{""ounces"": ""12""}"
2257,"{""abv"": ""0.049""}","{""abv"": ""0.049""}"
2258,"{""ounces"": ""12""}","{""ounces"": ""12""}"
2259,"{""ounces"": ""12""}","{""ounces"": ""12""}"
2260,"{""abv"": ""0.047""}","{""abv"": ""0.047""}"
2261,"{""ounces"": ""12""}","{""ounces"": ""12""}"
2262,"{""ounces"": ""12""}","{""ounces"": ""12""}"
2263,"{""ounces"": ""16""}","{""ounces"": ""16""}"
2264,"{""ounces"": ""16""}","{""ounces"": ""16""}"
2265,"{""city"": ""Petoskey""}","{""city"": ""Petoskey""}"
2266,"{""state"": ""MI""}","{""state"": ""MI""}"
2267,"{""ounces"": ""16""}","{""ounces"": ""16""}"
2268,"{""ounces"": ""16""}","{""ounces"": ""16""}"
2269,"{""ounces"": ""12""}","{""ounces"": ""12""}"
2270,"{""ounces"": ""16""}","{""ounces"": ""16""}"
2271,"{""abv"": ""0.056""}","{""abv"": ""0.056""}"
2272,"{""ounces"": ""16""}","{""ounces"": ""16""}"
2273,"{""ounces"": ""12""}","{""ounces"": ""12""}"
2274,"{""ounces"": ""12""}","{""ounces"": ""12""}"
2275,"{""ounces"": ""12""}","{""ounces"": ""12""}"
2276,"{""ounces"": ""16""}","{""ounces"": ""16""}"
2277,"{""ounces"": ""16""}","{""ounces"": ""16""}"
2278,"{""ounces"": ""16""}","{""ounces"": ""16""}"
2279,"{""ounces"": ""16""}","{""ounces"": ""16""}"
2280,"{""ounces"": ""16""}","{""ounces"": ""16""}"
2281,"{""ounces"": ""16""}","{""ounces"": ""16""}"
2282,"{""ounces"": ""16""}","{""ounces"": ""16""}"
2283,"{""ounces"": ""16""}","{""ounces"": ""16""}"
2284,"{""abv"": ""0.07""}","{""abv"": ""0.07""}"
2285,"{""ounces"": ""16""}","{""ounces"": ""16""}"
2286,"{""ounces"": ""12""}","{""ounces"": ""12""}"
2287,"{""ounces"": ""12""}","{""ounces"": ""12""}"
2288,"{""ounces"": ""16""}","{""ounces"": ""16""}"
2289,"{""ounces"": ""16""}","{""ounces"": ""16""}"
2290,"{""ounces"": ""16""}","{""ounces"": ""16""}"
2291,"{""ounces"": ""12""}","{""ounces"": ""12""}"
2292,"{""abv"": ""0.05""}","{""abv"": ""0.05""}"
2293,"{""ounces"": ""12""}","{""ounces"": ""12""}"
2294,"{""ounces"": ""12""}","{""ounces"": ""12""}"
2295,"{""ounces"": ""12""}","{""ounces"": ""12""}"
2296,"{""ounces"": ""12""}","{""ounces"": ""12""}"
2297,"{""ounces"": ""12""}","{""ounces"": ""12""}"
2298,"{""abv"": ""0.059""}","{""abv"": ""0.059""}"
2299,"{""ounces"": ""12""}","{""ounces"": ""12""}"
2300,"{""abv"": ""0.069""}","{""abv"": ""0.069""}"
2301,"{""city"": ""Dillon""}","{""city"": ""Dillon""}"
2302,"{""state"": ""CO""}","{""state"": ""CO""}"
2303,"{""ounces"": ""12""}","{""ounces"": ""12""}"
2304,"{""ounces"": ""12""}","{""ounces"": ""12""}"
2305,"{""ounces"": ""12""}","{""ounces"": ""12""}"
2306,"{""ounces"": ""12""}","{""ounces"": ""12""}"
2307,"{""abv"": ""0.058""}","{""abv"": ""0.058""}"
2308,"{""ounces"": ""12""}","{""ounces"": ""12""}"
2309,"{""ounces"": ""12""}","{""ounces"": ""12""}"
2310,"{""abv"": ""0.052""}","{""abv"": ""0.052""}"
2311,"{""ounces"": ""16""}","{""ounces"": ""16""}"
2312,"{""abv"": ""0.052""}","{""abv"": ""0.052""}"
2313,"{""ounces"": ""12""}","{""ounces"": ""12""}"
2314,"{""ounces"": ""12""}","{""ounces"": ""12""}"
2315,"{""ounces"": ""12""}","{""ounces"": ""12""}"
2316,"{""ounces"": ""12""}","{""ounces"": ""12""}"
2317,"{""ounces"": ""12""}","{""ounces"": ""12""}"
2318,"{""ounces"": ""12""}","{""ounces"": ""12""}"
2319,"{""ounces"": ""12""}","{""ounces"": ""12""}"
2320,"{""abv"": ""0.099""}","{""abv"": ""0.099""}"
2321,"{""ounces"": ""12""}","{""ounces"": ""12""}"
2322,"{""abv"": ""0.051""}","{""abv"": ""0.051""}"
2323,"{""ounces"": ""12""}","{""ounces"": ""12""}"
2324,"{""ounces"": ""12""}","{""ounces"": ""12""}"
2325,"{""ounces"": ""12""}","{""ounces"": ""12""}"
2326,"{""ounces"": ""12""}","{""ounces"": ""12""}"
2327,"{""abv"": ""0.051""}","{""abv"": ""0.051""}"
2328,"{""ounces"": ""12""}","{""ounces"": ""12""}"
2329,"{""ounces"": ""12""}","{""ounces"": ""12""}"
2330,"{""abv"": ""0.062""}","{""abv"": ""0.062""}"
2331,"{""city"": ""Marietta""}","{""city"": ""Marietta""}"
2332,"{""state"": ""GA""}","{""state"": ""GA""}"
2333,"{""ounces"": ""12""}","{""ounces"": ""12""}"
2334,"{""ounces"": ""16""}","{""ounces"": ""16""}"
2335,"{""ounces"": ""16""}","{""ounces"": ""16""}"
2336,"{""ounces"": ""16""}","{""ounces"": ""16""}"
2337,"{""abv"": ""0.07""}","{""abv"": ""0.07""}"
2338,"{""ounces"": ""16""}","{""ounces"": ""16""}"
2339,"{""abv"": ""0.047""}","{""abv"": ""0.047""}"
2340,"{""ounces"": ""16""}","{""ounces"": ""16""}"
2341,"{""abv"": ""0.058""}","{""abv"": ""0.058""}"
2342,"{""ounces"": ""16""}","{""ounces"": ""16""}"
2343,"{""ounces"": ""16""}","{""ounces"": ""16""}"
2344,"{""ounces"": ""12""}","{""ounces"": ""12""}"
2345,"{""ounces"": ""12""}","{""ounces"": ""12""}"
2346,"{""ounces"": ""16""}","{""ounces"": ""16""}"
2347,"{""ounces"": ""16""}","{""ounces"": ""16""}"
2348,"{""ounces"": ""16""}","{""ounces"": ""16""}"
2349,"{""abv"": ""0.08""}","{""abv"": ""0.08""}"
2350,"{""ounces"": ""16""}","{""ounces"": ""16""}"
2351,"{""ounces"": ""12""}","{""ounces"": ""12""}"
2352,"{""abv"": ""0.05""}","{""abv"": ""0.05""}"
2353,"{""ounces"": ""12""}","{""ounces"": ""12""}"
2354,"{""ounces"": ""16""}","{""ounces"": ""16""}"
2355,"{""city"": ""Denver""}","{""city"": ""Denver""}"
2356,"{""state"": ""CO""}","{""state"": ""CO""}"
2357,"{""ounces"": ""12""}","{""ounces"": ""12""}"
2358,"{""ounces"": ""16""}","{""ounces"": ""16""}"
2359,"{""ounces"": ""16""}","{""ounces"": ""16""}"
2360,"{""abv"": ""0.07""}","{""abv"": ""0.07""}"
2361,"{""ounces"": ""16""}","{""ounces"": ""16""}"
2362,"{""ounces"": ""16""}","{""ounces"": ""16""}"
2363,"{""ounces"": ""16""}","{""ounces"": ""16""}"
2364,"{""abv"": """"}","{""abv"": """"}"
2365,"{""city"": ""Paonia""}","{""city"": ""Paonia""}"
2366,"{""state"": ""CO""}","{""state"": ""CO""}"
2367,"{""ounces"": ""16""}","{""ounces"": ""16""}"
2368,"{""ounces"": ""16""}","{""ounces"": ""16""}"
2369,"{""ounces"": ""16""}","{""ounces"": ""16""}"
2370,"{""ounces"": ""12""}","{""ounces"": ""12""}"
2371,"{""ounces"": ""12""}","{""ounces"": ""12""}"
2372,"{""ounces"": ""12""}","{""ounces"": ""12""}"
2373,"{""ounces"": ""12""}","{""ounces"": ""12""}"
2374,"{""ounces"": ""12""}","{""ounces"": ""12""}"
2375,"{""ounces"": ""12""}","{""ounces"": ""12""}"
2376,"{""ounces"": ""12""}","{""ounces"": ""12""}"
2377,"{""abv"": ""0.057""}","{""abv"": ""0.057""}"
2378,"{""ounces"": ""12""}","{""ounces"": ""12""}"
2379,"{""ounces"": ""12""}","{""ounces"": ""12""}"
2380,"{""ounces"": ""12""}","{""ounces"": ""12""}"
2381,"{""abv"": ""0.05""}","{""abv"": ""0.05""}"
2382,"{""ounces"": ""12""}","{""ounces"": ""12""}"
2383,"{""abv"": ""0.057""}","{""abv"": ""0.057""}"
2384,"{""ounces"": ""12""}","{""ounces"": ""12""}"
2385,"{""ounces"": ""12""}","{""ounces"": ""12""}"
2386,"{""ounces"": ""12""}","{""ounces"": ""12""}"
2387,"{""ounces"": ""12""}","{""ounces"": ""12""}"
2388,"{""ounces"": ""12""}","{""ounces"": ""12""}"
2389,"{""abv"": ""0.043""}","{""abv"": ""0.043""}"
2390,"{""ounces"": ""12""}","{""ounces"": ""12""}"
2391,"{""ounces"": ""12""}","{""ounces"": ""12""}"
2392,"{""abv"": ""0.048""}","{""abv"": ""0.048""}"
2393,"{""city"": ""Cincinnati""}","{""city"": ""Cincinnati""}"
2394,"{""state"": ""OH""}","{""state"": ""OH""}"
2395,"{""ounces"": ""16""}","{""ounces"": ""16""}"
2396,"{""ounces"": ""16""}","{""ounces"": ""16""}"
2397,"{""abv"": ""0.035""}","{""abv"": ""0.035""}"
2398,"{""ounces"": ""16""}","{""ounces"": ""16""}"
2399,"{""city"": ""Portland""}","{""city"": ""Portland""}"
2400,"{""state"": ""ME""}","{""state"": ""ME""}"
2401,"{""ounces"": ""16""}","{""ounces"": ""16""}"
2402,"{""ounces"": ""16""}","{""ounces"": ""16""}"
2403,"{""ounces"": ""16""}","{""ounces"": ""16""}"
2404,"{""ounces"": ""16""}","{""ounces"": ""16""}"
2405,"{""abv"": ""0.055""}","{""abv"": ""0.055""}"
2406,"{""ounces"": ""12""}","{""ounces"": ""12""}"
2407,"{""city"": ""Export""}","{""city"": ""Export""}"
2408,"{""state"": ""PA""}","{""state"": ""PA""}"
2409,"{""ounces"": ""12""}","{""ounces"": ""12""}"
2410,"{""ounces"": ""12""}","{""ounces"": ""12""}"
2411,"{""ounces"": ""12""}","{""ounces"": ""12""}"
2412,"{""ounces"": ""12""}","{""ounces"": ""12""}"
2413,"{""city"": ""Export""}","{""city"": ""Export""}"
2414,"{""state"": ""PA""}","{""state"": ""PA""}"
2415,"{""ounces"": ""12""}","{""ounces"": ""12""}"
2416,"{""ounces"": ""12""}","{""ounces"": ""12""}"
2417,"{""ounces"": ""12""}","{""ounces"": ""12""}"
2418,"{""ounces"": ""12""}","{""ounces"": ""12""}"
2419,"{""ounces"": ""12""}","{""ounces"": ""12""}"
2420,"{""ounces"": ""12""}","{""ounces"": ""12""}"
2421,"{""ounces"": ""12""}","{""ounces"": ""12""}"
2422,"{""ounces"": ""12""}","{""ounces"": ""12""}"
2423,"{""ounces"": ""12""}","{""ounces"": ""12""}"
2424,"{""ounces"": ""12""}","{""ounces"": ""12""}"
2425,"{""ounces"": ""16""}","{""ounces"": ""16""}"
2426,"{""ounces"": ""16""}","{""ounces"": ""16""}"
2427,"{""city"": ""Rochester""}","{""city"": ""Rochester""}"
2428,"{""state"": ""MI""}","{""state"": ""MI""}"
2429,"{""ounces"": ""16""}","{""ounces"": ""16""}"
2430,"{""ounces"": ""16""}","{""ounces"": ""16""}"
2431,"{""abv"": ""0.055""}","{""abv"": ""0.055""}"
2432,"{""ounces"": ""16""}","{""ounces"": ""16""}"
2433,"{""ounces"": ""16""}","{""ounces"": ""16""}"
2434,"{""ounces"": ""16""}","{""ounces"": ""16""}"
2435,"{""abv"": ""0.07""}","{""abv"": ""0.07""}"
2436,"{""ounces"": ""12""}","{""ounces"": ""12""}"
2437,"{""abv"": ""0.055""}","{""abv"": ""0.055""}"
2438,"{""ounces"": ""16""}","{""ounces"": ""16""}"
2439,"{""ounces"": ""16""}","{""ounces"": ""16""}"
2440,"{""ounces"": ""16""}","{""ounces"": ""16""}"
2441,"{""ounces"": ""16""}","{""ounces"": ""16""}"
2442,"{""ounces"": ""12""}","{""ounces"": ""12""}"
2443,"{""abv"": ""0.071""}","{""abv"": ""0.071""}"
2444,"{""ounces"": ""12""}","{""ounces"": ""12""}"
2445,"{""ounces"": ""12""}","{""ounces"": ""12""}"
2446,"{""city"": ""Lansdale""}","{""city"": ""Lansdale""}"
2447,"{""state"": ""PA""}","{""state"": ""PA""}"
2448,"{""ounces"": ""12""}","{""ounces"": ""12""}"
2449,"{""ounces"": ""12""}","{""ounces"": ""12""}"
2450,"{""abv"": ""0.072""}","{""abv"": ""0.072""}"
2451,"{""ounces"": ""12""}","{""ounces"": ""12""}"
2452,"{""abv"": ""0.063""}","{""abv"": ""0.063""}"
2453,"{""ounces"": ""12""}","{""ounces"": ""12""}"
2454,"{""abv"": ""0.045""}","{""abv"": ""0.045""}"
2455,"{""ounces"": ""12""}","{""ounces"": ""12""}"
2456,"{""abv"": ""0.056""}","{""abv"": ""0.056""}"
2457,"{""ounces"": ""12""}","{""ounces"": ""12""}"
2458,"{""ounces"": ""12""}","{""ounces"": ""12""}"
2459,"{""ounces"": ""16""}","{""ounces"": ""16""}"
2460,"{""abv"": ""0.073""}","{""abv"": ""0.073""}"
2461,"{""ounces"": ""16""}","{""ounces"": ""16""}"
2462,"{""ounces"": ""12""}","{""ounces"": ""12""}"
2463,"{""ounces"": ""12""}","{""ounces"": ""12""}"
2464,"{""abv"": ""0.068""}","{""abv"": ""0.068""}"
2465,"{""ounces"": ""12""}","{""ounces"": ""12""}"
2466,"{""abv"": ""0.052""}","{""abv"": ""0.052""}"
2467,"{""ounces"": ""12""}","{""ounces"": ""12""}"
2468,"{""abv"": ""0.048""}","{""abv"": ""0.048""}"
2469,"{""ounces"": ""12""}","{""ounces"": ""12""}"
2470,"{""abv"": ""0.069""}","{""abv"": ""0.069""}"
2471,"{""ounces"": ""16""}","{""ounces"": ""16""}"
2472,"{""ounces"": ""16""}","{""ounces"": ""16""}"
2473,"{""abv"": ""0.091""}","{""abv"": ""0.091""}"
2474,"{""ounces"": ""12""}","{""ounces"": ""12""}"
2475,"{""ounces"": ""12""}","{""ounces"": ""12""}"
2476,"{""abv"": ""0.05""}","{""abv"": ""0.05""}"
2477,"{""ounces"": ""12""}","{""ounces"": ""12""}"
2478,"{""ounces"": ""12""}","{""ounces"": ""12""}"
2479,"{""ounces"": ""12""}","{""ounces"": ""12""}"
2480,"{""abv"": ""0.055""}","{""abv"": ""0.055""}"
2481,"{""ounces"": ""12""}","{""ounces"": ""12""}"
2482,"{""abv"": ""0.05""}","{""abv"": ""0.05""}"
2483,"{""ounces"": ""12""}","{""ounces"": ""12""}"
2484,"{""ounces"": ""12""}","{""ounces"": ""12""}"
2485,"{""abv"": ""0.069""}","{""abv"": ""0.069""}"
2486,"{""ounces"": ""12""}","{""ounces"": ""12""}"
2487,"{""ounces"": ""12""}","{""ounces"": ""12""}"
2488,"{""ounces"": ""12""}","{""ounces"": ""12""}"
2489,"{""ounces"": ""12""}","{""ounces"": ""12""}"
2490,"{""city"": ""Chandler""}","{""city"": ""Chandler""}"
2491,"{""state"": ""AZ""}","{""state"": ""AZ""}"
2492,"{""ounces"": ""12""}","{""ounces"": ""12""}"
2493,"{""ounces"": ""12""}","{""ounces"": ""12""}"
2494,"{""ounces"": ""12""}","{""ounces"": ""12""}"
2495,"{""abv"": ""0.055""}","{""abv"": ""0.055""}"
2496,"{""ounces"": ""12""}","{""ounces"": ""12""}"
2497,"{""abv"": ""0.055""}","{""abv"": ""0.055""}"
2498,"{""ounces"": ""12""}","{""ounces"": ""12""}"
2499,"{""abv"": ""0.058""}","{""abv"": ""0.058""}"
2500,"{""ounces"": ""12""}","{""ounces"": ""12""}"
2501,"{""ounces"": ""16""}","{""ounces"": ""16""}"
2502,"{""abv"": ""0.089""}","{""abv"": ""0.089""}"
2503,"{""ounces"": ""12""}","{""ounces"": ""12""}"
2504,"{""abv"": ""0.054""}","{""abv"": ""0.054""}"
2505,"{""ounces"": ""16""}","{""ounces"": ""16""}"
2506,"{""ounces"": ""12""}","{""ounces"": ""12""}"
2507,"{""ounces"": ""12""}","{""ounces"": ""12""}"
2508,"{""ounces"": ""12""}","{""ounces"": ""12""}"
2509,"{""ounces"": ""12""}","{""ounces"": ""12""}"
2510,"{""ounces"": ""12""}","{""ounces"": ""12""}"
2511,"{""abv"": ""0.08""}","{""abv"": ""0.08""}"
2512,"{""ounces"": ""12""}","{""ounces"": ""12""}"
2513,"{""ounces"": ""12""}","{""ounces"": ""12""}"
2514,"{""ounces"": ""16""}","{""ounces"": ""16""}"
2515,"{""abv"": ""0.05""}","{""abv"": ""0.05""}"
2516,"{""ounces"": ""12""}","{""ounces"": ""12""}"
2517,"{""ounces"": ""12""}","{""ounces"": ""12""}"
2518,"{""abv"": ""0.065""}","{""abv"": ""0.065""}"
2519,"{""ounces"": ""12""}","{""ounces"": ""12""}"
2520,"{""ounces"": ""12""}","{""ounces"": ""12""}"
2521,"{""ounces"": ""12""}","{""ounces"": ""12""}"
2522,"{""ounces"": ""12""}","{""ounces"": ""12""}"
2523,"{""abv"": ""0.045""}","{""abv"": ""0.045""}"
2524,"{""ounces"": ""12""}","{""ounces"": ""12""}"
2525,"{""ounces"": ""12""}","{""ounces"": ""12""}"
2526,"{""abv"": ""0.041""}","{""abv"": ""0.041""}"
2527,"{""ounces"": ""12""}","{""ounces"": ""12""}"
2528,"{""abv"": ""0.045""}","{""abv"": ""0.045""}"
2529,"{""ounces"": ""12""}","{""ounces"": ""12""}"
2530,"{""ounces"": ""12""}","{""ounces"": ""12""}"
2531,"{""ounces"": ""16""}","{""ounces"": ""16""}"
2532,"{""ounces"": ""16""}","{""ounces"": ""16""}"
2533,"{""ounces"": ""16""}","{""ounces"": ""16""}"
2534,"{""abv"": ""0.07""}","{""abv"": ""0.07""}"
2535,"{""city"": ""Silverton""}","{""city"": ""Silverton""}"
2536,"{""state"": ""OR""}","{""state"": ""OR""}"
2537,"{""ounces"": ""16""}","{""ounces"": ""16""}"
2538,"{""abv"": ""0.07""}","{""abv"": ""0.07""}"
2539,"{""ounces"": ""16""}","{""ounces"": ""16""}"
2540,"{""abv"": ""0.077""}","{""abv"": ""0.077""}"
2541,"{""ounces"": ""16""}","{""ounces"": ""16""}"
2542,"{""ounces"": ""16""}","{""ounces"": ""16""}"
2543,"{""ounces"": ""16""}","{""ounces"": ""16""}"
2544,"{""ounces"": ""16""}","{""ounces"": ""16""}"
2545,"{""ounces"": ""12""}","{""ounces"": ""12""}"
2546,"{""ounces"": ""12""}","{""ounces"": ""12""}"
2547,"{""ounces"": ""12""}","{""ounces"": ""12""}"
2548,"{""abv"": ""0.069""}","{""abv"": ""0.069""}"
2549,"{""ounces"": ""12""}","{""ounces"": ""12""}"
2550,"{""ounces"": ""12""}","{""ounces"": ""12""}"
2551,"{""ounces"": ""12""}","{""ounces"": ""12""}"
2552,"{""ounces"": ""12""}","{""ounces"": ""12""}"
2553,"{""ounces"": ""12""}","{""ounces"": ""12""}"
2554,"{""ounces"": ""12""}","{""ounces"": ""12""}"
2555,"{""ounces"": ""12""}","{""ounces"": ""12""}"
2556,"{""ounces"": ""16""}","{""ounces"": ""16""}"
2557,"{""abv"": ""0.056""}","{""abv"": ""0.056""}"
2558,"{""ounces"": ""12""}","{""ounces"": ""12""}"
2559,"{""abv"": ""0.048""}","{""abv"": ""0.048""}"
2560,"{""ounces"": ""12""}","{""ounces"": ""12""}"
2561,"{""abv"": ""0.05""}","{""abv"": ""0.05""}"
2562,"{""ounces"": ""16""}","{""ounces"": ""16""}"
2563,"{""city"": ""Chico""}","{""city"": ""Chico""}"
2564,"{""state"": ""CA""}","{""state"": ""CA""}"
2565,"{""ounces"": ""12""}","{""ounces"": ""12""}"
2566,"{""abv"": ""0.056""}","{""abv"": ""0.056""}"
2567,"{""ounces"": ""16""}","{""ounces"": ""16""}"
2568,"{""abv"": ""0.069""}","{""abv"": ""0.069""}"
2569,"{""ounces"": ""12""}","{""ounces"": ""12""}"
2570,"{""abv"": ""0.042""}","{""abv"": ""0.042""}"
2571,"{""ounces"": ""12""}","{""ounces"": ""12""}"
2572,"{""ounces"": ""12""}","{""ounces"": ""12""}"
2573,"{""abv"": ""0.068""}","{""abv"": ""0.068""}"
2574,"{""ounces"": ""12""}","{""ounces"": ""12""}"
2575,"{""ounces"": ""12""}","{""ounces"": ""12""}"
2576,"{""ounces"": ""12""}","{""ounces"": ""12""}"
2577,"{""ounces"": ""16""}","{""ounces"": ""16""}"
2578,"{""city"": ""Brooklyn""}","{""city"": ""Brooklyn""}"
2579,"{""state"": ""NY""}","{""state"": ""NY""}"
2580,"{""ounces"": ""24""}","{""ounces"": ""24""}"
2581,"{""ounces"": ""12""}","{""ounces"": ""12""}"
2582,"{""ounces"": ""12""}","{""ounces"": ""12""}"
2583,"{""ounces"": ""12""}","{""ounces"": ""12""}"
2584,"{""ounces"": ""16""}","{""ounces"": ""16""}"
2585,"{""city"": ""Brooklyn""}","{""city"": ""Brooklyn""}"
2586,"{""state"": ""NY""}","{""state"": ""NY""}"
2587,"{""ounces"": ""16""}","{""ounces"": ""16""}"
2588,"{""ounces"": ""16""}","{""ounces"": ""16""}"
2589,"{""abv"": ""0.052""}","{""abv"": ""0.052""}"
2590,"{""ounces"": ""16""}","{""ounces"": ""16""}"
2591,"{""abv"": ""0.063""}","{""abv"": ""0.063""}"
2592,"{""ounces"": ""16""}","{""ounces"": ""16""}"
2593,"{""ounces"": ""12""}","{""ounces"": ""12""}"
2594,"{""abv"": ""0.099""}","{""abv"": ""0.099""}"
2595,"{""ounces"": ""16""}","{""ounces"": ""16""}"
2596,"{""ounces"": ""16""}","{""ounces"": ""16""}"
2597,"{""ounces"": ""16""}","{""ounces"": ""16""}"
2598,"{""ounces"": ""12""}","{""ounces"": ""12""}"
2599,"{""abv"": ""0.091""}","{""abv"": ""0.091""}"
2600,"{""ounces"": ""16""}","{""ounces"": ""16""}"
2601,"{""ounces"": ""16""}","{""ounces"": ""16""}"
2602,"{""ounces"": ""16""}","{""ounces"": ""16""}"
2603,"{""abv"": ""0.054""}","{""abv"": ""0.054""}"
2604,"{""ounces"": ""16""}","{""ounces"": ""16""}"
2605,"{""ounces"": ""16""}","{""ounces"": ""16""}"
2606,"{""ounces"": ""16""}","{""ounces"": ""16""}"
2607,"{""ounces"": ""12""}","{""ounces"": ""12""}"
2608,"{""ounces"": ""12""}","{""ounces"": ""12""}"
2609,"{""ounces"": ""12""}","{""ounces"": ""12""}"
2610,"{""abv"": ""0.068""}","{""abv"": ""0.068""}"
2611,"{""city"": ""Durango""}","{""city"": ""Durango""}"
2612,"{""state"": ""CO""}","{""state"": ""CO""}"
2613,"{""ounces"": ""12""}","{""ounces"": ""12""}"
2614,"{""ounces"": ""12""}","{""ounces"": ""12""}"
2615,"{""ounces"": ""12""}","{""ounces"": ""12""}"
2616,"{""ounces"": ""12""}","{""ounces"": ""12""}"
2617,"{""ounces"": ""12""}","{""ounces"": ""12""}"
2618,"{""ounces"": ""12""}","{""ounces"": ""12""}"
2619,"{""ounces"": ""12""}","{""ounces"": ""12""}"
2620,"{""ounces"": ""12""}","{""ounces"": ""12""}"
2621,"{""ounces"": ""12""}","{""ounces"": ""12""}"
2622,"{""ounces"": ""12""}","{""ounces"": ""12""}"
2623,"{""abv"": ""0.058""}","{""abv"": ""0.058""}"
2624,"{""ounces"": ""12""}","{""ounces"": ""12""}"
2625,"{""ounces"": ""24""}","{""ounces"": ""24""}"
2626,"{""ounces"": ""24""}","{""ounces"": ""24""}"
2627,"{""ounces"": ""12""}","{""ounces"": ""12""}"
2628,"{""abv"": ""0.049""}","{""abv"": ""0.049""}"
2629,"{""ounces"": ""12""}","{""ounces"": ""12""}"
2630,"{""abv"": ""0.06""}","{""abv"": ""0.06""}"
2631,"{""ounces"": ""12""}","{""ounces"": ""12""}"
2632,"{""ounces"": ""12""}","{""ounces"": ""12""}"
2633,"{""ounces"": ""12""}","{""ounces"": ""12""}"
2634,"{""abv"": ""0.062""}","{""abv"": ""0.062""}"
2635,"{""ounces"": ""12""}","{""ounces"": ""12""}"
2636,"{""ounces"": ""12""}","{""ounces"": ""12""}"
2637,"{""ounces"": ""12""}","{""ounces"": ""12""}"
2638,"{""ounces"": ""12""}","{""ounces"": ""12""}"
2639,"{""abv"": ""0.058""}","{""abv"": ""0.058""}"
2640,"{""city"": ""Pottstown""}","{""city"": ""Pottstown""}"
2641,"{""state"": ""PA""}","{""state"": ""PA""}"
2642,"{""ounces"": ""12""}","{""ounces"": ""12""}"
2643,"{""ounces"": ""12""}","{""ounces"": ""12""}"
2644,"{""ounces"": ""12""}","{""ounces"": ""12""}"
2645,"{""abv"": ""0.056""}","{""abv"": ""0.056""}"
2646,"{""ounces"": ""12""}","{""ounces"": ""12""}"
2647,"{""abv"": ""0.049""}","{""abv"": ""0.049""}"
2648,"{""ounces"": ""12""}","{""ounces"": ""12""}"
2649,"{""ounces"": ""12""}","{""ounces"": ""12""}"
2650,"{""abv"": ""0.07""}","{""abv"": ""0.07""}"
2651,"{""ounces"": ""12""}","{""ounces"": ""12""}"
2652,"{""ounces"": ""12""}","{""ounces"": ""12""}"
2653,"{""ounces"": ""12""}","{""ounces"": ""12""}"
2654,"{""ounces"": ""12""}","{""ounces"": ""12""}"
2655,"{""ounces"": ""12""}","{""ounces"": ""12""}"
2656,"{""abv"": ""0.054""}","{""abv"": ""0.054""}"
2657,"{""ounces"": ""12""}","{""ounces"": ""12""}"
2658,"{""ounces"": ""12""}","{""ounces"": ""12""}"
2659,"{""ounces"": ""12""}","{""ounces"": ""12""}"
2660,"{""ounces"": ""12""}","{""ounces"": ""12""}"
2661,"{""ounces"": ""12""}","{""ounces"": ""12""}"
2662,"{""ounces"": ""12""}","{""ounces"": ""12""}"
2663,"{""ounces"": ""12""}","{""ounces"": ""12""}"
2664,"{""ounces"": ""12""}","{""ounces"": ""12""}"
2665,"{""ounces"": ""16""}","{""ounces"": ""16""}"
2666,"{""abv"": ""0.06""}","{""abv"": ""0.06""}"
2667,"{""ounces"": ""12""}","{""ounces"": ""12""}"
2668,"{""city"": ""Boise""}","{""city"": ""Boise""}"
2669,"{""state"": ""ID""}","{""state"": ""ID""}"
2670,"{""ounces"": ""12""}","{""ounces"": ""12""}"
2671,"{""ounces"": ""16""}","{""ounces"": ""16""}"
2672,"{""abv"": ""0.055""}","{""abv"": ""0.055""}"
2673,"{""ounces"": ""16""}","{""ounces"": ""16""}"
2674,"{""ounces"": ""12""}","{""ounces"": ""12""}"
2675,"{""ounces"": ""12""}","{""ounces"": ""12""}"
2676,"{""abv"": ""0.099""}","{""abv"": ""0.099""}"
2677,"{""ounces"": ""12""}","{""ounces"": ""12""}"
2678,"{""abv"": ""0.043""}","{""abv"": ""0.043""}"
2679,"{""city"": ""Boise""}","{""city"": ""Boise""}"
2680,"{""state"": ""ID""}","{""state"": ""ID""}"
2681,"{""ounces"": ""12""}","{""ounces"": ""12""}"
2682,"{""abv"": ""0.052""}","{""abv"": ""0.052""}"
2683,"{""ounces"": ""12""}","{""ounces"": ""12""}"
2684,"{""ounces"": ""12""}","{""ounces"": ""12""}"
2685,"{""abv"": ""0.057""}","{""abv"": ""0.057""}"
2686,"{""ounces"": ""16""}","{""ounces"": ""16""}"
2687,"{""ounces"": ""12""}","{""ounces"": ""12""}"
2688,"{""ounces"": ""16""}","{""ounces"": ""16""}"
2689,"{""ounces"": ""16""}","{""ounces"": ""16""}"
2690,"{""ounces"": ""16""}","{""ounces"": ""16""}"
2691,"{""ounces"": ""16""}","{""ounces"": ""16""}"
2692,"{""abv"": ""0.05""}","{""abv"": ""0.05""}"
2693,"{""ounces"": ""12""}","{""ounces"": ""12""}"
2694,"{""abv"": ""0.035""}","{""abv"": ""0.035""}"
2695,"{""ounces"": ""16""}","{""ounces"": ""16""}"
2696,"{""ounces"": ""16""}","{""ounces"": ""16""}"
2697,"{""ounces"": ""16""}","{""ounces"": ""16""}"
2698,"{""ounces"": ""16""}","{""ounces"": ""16""}"
2699,"{""ounces"": ""12""}","{""ounces"": ""12""}"
2700,"{""abv"": ""0.053""}","{""abv"": ""0.053""}"
2701,"{""ounces"": ""12""}","{""ounces"": ""12""}"
2702,"{""ounces"": ""12""}","{""ounces"": ""12""}"
2703,"{""ounces"": ""16""}","{""ounces"": ""16""}"
2704,"{""ounces"": ""16""}","{""ounces"": ""16""}"
2705,"{""abv"": ""0.058""}","{""abv"": ""0.058""}"
2706,"{""ounces"": ""16""}","{""ounces"": ""16""}"
2707,"{""abv"": ""0.05""}","{""abv"": ""0.05""}"
2708,"{""ounces"": ""16""}","{""ounces"": ""16""}"
2709,"{""ounces"": ""12""}","{""ounces"": ""12""}"
2710,"{""ounces"": ""12""}","{""ounces"": ""12""}"
2711,"{""city"": ""Conroe""}","{""city"": ""Conroe""}"
2712,"{""state"": ""TX""}","{""state"": ""TX""}"
2713,"{""ounces"": ""12""}","{""ounces"": ""12""}"
2714,"{""ounces"": ""12""}","{""ounces"": ""12""}"
2715,"{""ounces"": ""12""}","{""ounces"": ""12""}"
2716,"{""ounces"": ""12""}","{""ounces"": ""12""}"
2717,"{""abv"": ""0.085""}","{""abv"": ""0.085""}"
2718,"{""ounces"": ""12""}","{""ounces"": ""12""}"
2719,"{""ounces"": ""16""}","{""ounces"": ""16""}"
2720,"{""ounces"": ""12""}","{""ounces"": ""12""}"
2721,"{""ounces"": ""12""}","{""ounces"": ""12""}"
2722,"{""ounces"": ""12""}","{""ounces"": ""12""}"
2723,"{""ounces"": ""12""}","{""ounces"": ""12""}"
2724,"{""ounces"": ""16""}","{""ounces"": ""16""}"
2725,"{""ounces"": ""12""}","{""ounces"": ""12""}"
2726,"{""ounces"": ""12""}","{""ounces"": ""12""}"
2727,"{""ounces"": ""16""}","{""ounces"": ""16""}"
2728,"{""ounces"": ""16""}","{""ounces"": ""16""}"
2729,"{""ounces"": ""16""}","{""ounces"": ""16""}"
2730,"{""ounces"": ""16""}","{""ounces"": ""16""}"
2731,"{""ounces"": ""16""}","{""ounces"": ""16""}"
2732,"{""abv"": ""0.079""}","{""abv"": ""0.079""}"
2733,"{""ounces"": ""16""}","{""ounces"": ""16""}"
2734,"{""ounces"": ""16""}","{""ounces"": ""16""}"
2735,"{""ounces"": ""12""}","{""ounces"": ""12""}"
2736,"{""abv"": ""0.096""}","{""abv"": ""0.096""}"
2737,"{""ounces"": ""16""}","{""ounces"": ""16""}"
2738,"{""ounces"": ""12""}","{""ounces"": ""12""}"
2739,"{""abv"": ""0.062""}","{""abv"": ""0.062""}"
2740,"{""ounces"": ""12""}","{""ounces"": ""12""}"
2741,"{""city"": ""Chicago""}","{""city"": ""Chicago""}"
2742,"{""state"": ""IL""}","{""state"": ""IL""}"
2743,"{""ounces"": ""12""}","{""ounces"": ""12""}"
2744,"{""ounces"": ""12""}","{""ounces"": ""12""}"
2745,"{""ounces"": ""12""}","{""ounces"": ""12""}"
2746,"{""ounces"": ""12""}","{""ounces"": ""12""}"
2747,"{""abv"": ""0.05""}","{""abv"": ""0.05""}"
2748,"{""ounces"": ""12""}","{""ounces"": ""12""}"
2749,"{""ounces"": ""16""}","{""ounces"": ""16""}"
2750,"{""ounces"": ""12""}","{""ounces"": ""12""}"
2751,"{""ounces"": ""16""}","{""ounces"": ""16""}"
2752,"{""ounces"": ""12""}","{""ounces"": ""12""}"
2753,"{""abv"": ""0.048""}","{""abv"": ""0.048""}"
2754,"{""ounces"": ""12""}","{""ounces"": ""12""}"
2755,"{""abv"": ""0.065""}","{""abv"": ""0.065""}"
2756,"{""ounces"": ""12""}","{""ounces"": ""12""}"
2757,"{""ounces"": ""12""}","{""ounces"": ""12""}"
2758,"{""abv"": ""0.049""}","{""abv"": ""0.049""}"
2759,"{""ounces"": ""12""}","{""ounces"": ""12""}"
2760,"{""ounces"": ""12""}","{""ounces"": ""12""}"
2761,"{""ounces"": ""12""}","{""ounces"": ""12""}"
2762,"{""ounces"": ""12""}","{""ounces"": ""12""}"
2763,"{""ounces"": ""12""}","{""ounces"": ""12""}"
2764,"{""ounces"": ""12""}","{""ounces"": ""12""}"
2765,"{""ounces"": ""12""}","{""ounces"": ""12""}"
2766,"{""abv"": ""0.052""}","{""abv"": ""0.052""}"
2767,"{""ounces"": ""12""}","{""ounces"": ""12""}"
2768,"{""ounces"": ""12""}","{""ounces"": ""12""}"
2769,"{""abv"": ""0.047""}","{""abv"": ""0.047""}"
2770,"{""ounces"": ""12""}","{""ounces"": ""12""}"
2771,"{""abv"": ""0.047""}","{""abv"": ""0.047""}"
2772,"{""ounces"": ""16""}","{""ounces"": ""16""}"
2773,"{""abv"": ""0.047""}","{""abv"": ""0.047""}"
2774,"{""ounces"": ""12""}","{""ounces"": ""12""}"
2775,"{""ounces"": ""16""}","{""ounces"": ""16""}"
2776,"{""ounces"": ""16""}","{""ounces"": ""16""}"
2777,"{""abv"": ""0.052""}","{""abv"": ""0.052""}"
2778,"{""ounces"": ""12""}","{""ounces"": ""12""}"
2779,"{""ounces"": ""12""}","{""ounces"": ""12""}"
2780,"{""abv"": ""0.05""}","{""abv"": ""0.05""}"
2781,"{""ounces"": ""12""}","{""ounces"": ""12""}"
2782,"{""ounces"": ""12""}","{""ounces"": ""12""}"
2783,"{""ounces"": ""12""}","{""ounces"": ""12""}"
2784,"{""abv"": ""0.057""}","{""abv"": ""0.057""}"
2785,"{""ounces"": ""12""}","{""ounces"": ""12""}"
2786,"{""ounces"": ""12""}","{""ounces"": ""12""}"
2787,"{""abv"": ""0.05""}","{""abv"": ""0.05""}"
2788,"{""ounces"": ""12""}","{""ounces"": ""12""}"
2789,"{""ounces"": ""12""}","{""ounces"": ""12""}"
2790,"{""ounces"": ""12""}","{""ounces"": ""12""}"
2791,"{""ounces"": ""16""}","{""ounces"": ""16""}"
2792,"{""abv"": ""0.051""}","{""abv"": ""0.051""}"
2793,"{""ounces"": ""12""}","{""ounces"": ""12""}"
2794,"{""ounces"": ""12""}","{""ounces"": ""12""}"
2795,"{""ounces"": ""12""}","{""ounces"": ""12""}"
2796,"{""city"": ""Baltimore""}","{""city"": ""Baltimore""}"
2797,"{""state"": ""MD""}","{""state"": ""MD""}"
2798,"{""ounces"": ""12""}","{""ounces"": ""12""}"
2799,"{""ounces"": ""12""}","{""ounces"": ""12""}"
2800,"{""ounces"": ""12""}","{""ounces"": ""12""}"
2801,"{""ounces"": ""12""}","{""ounces"": ""12""}"
2802,"{""abv"": ""0.072""}","{""abv"": ""0.072""}"
2803,"{""ounces"": ""12""}","{""ounces"": ""12""}"
2804,"{""ounces"": ""12""}","{""ounces"": ""12""}"
2805,"{""ounces"": ""12""}","{""ounces"": ""12""}"
2806,"{""ounces"": ""12""}","{""ounces"": ""12""}"
2807,"{""ounces"": ""12""}","{""ounces"": ""12""}"
2808,"{""ounces"": ""12""}","{""ounces"": ""12""}"
2809,"{""ounces"": ""16""}","{""ounces"": ""16""}"
2810,"{""abv"": ""0.047""}","{""abv"": ""0.047""}"
2811,"{""city"": ""St. Paul""}","{""city"": ""St. Paul""}"
2812,"{""state"": ""MN""}","{""state"": ""MN""}"
2813,"{""ounces"": ""16""}","{""ounces"": ""16""}"
2814,"{""abv"": ""0.083""}","{""abv"": ""0.083""}"
2815,"{""ounces"": ""16""}","{""ounces"": ""16""}"
2816,"{""ounces"": ""16""}","{""ounces"": ""16""}"
2817,"{""ounces"": ""16""}","{""ounces"": ""16""}"
2818,"{""ounces"": ""16""}","{""ounces"": ""16""}"
2819,"{""abv"": ""0.058""}","{""abv"": ""0.058""}"
2820,"{""ounces"": ""16""}","{""ounces"": ""16""}"
2821,"{""ounces"": ""16""}","{""ounces"": ""16""}"
2822,"{""abv"": ""0.099""}","{""abv"": ""0.099""}"
2823,"{""ounces"": ""16""}","{""ounces"": ""16""}"
2824,"{""ounces"": ""16""}","{""ounces"": ""16""}"
2825,"{""abv"": ""0.053""}","{""abv"": ""0.053""}"
2826,"{""ounces"": ""16""}","{""ounces"": ""16""}"
2827,"{""ounces"": ""16""}","{""ounces"": ""16""}"
2828,"{""city"": ""Indianapolis""}","{""city"": ""Indianapolis""}"
2829,"{""state"": ""IN""}","{""state"": ""IN""}"
2830,"{""ounces"": ""16""}","{""ounces"": ""16""}"
2831,"{""city"": ""Indianapolis""}","{""city"": ""Indianapolis""}"
2832,"{""state"": ""IN""}","{""state"": ""IN""}"
2833,"{""ounces"": ""16""}","{""ounces"": ""16""}"
2834,"{""ounces"": ""16""}","{""ounces"": ""16""}"
2835,"{""abv"": """"}","{""abv"": """"}"
2836,"{""city"": ""Indianapolis""}","{""city"": ""Indianapolis""}"
2837,"{""state"": ""IN""}","{""state"": ""IN""}"
2838,"{""ounces"": ""16""}","{""ounces"": ""16""}"
2839,"{""ounces"": ""16""}","{""ounces"": ""16""}"
2840,"{""abv"": ""0.065""}","{""abv"": ""0.065""}"
2841,"{""ounces"": ""16""}","{""ounces"": ""16""}"
2842,"{""ounces"": ""16""}","{""ounces"": ""16""}"
2843,"{""abv"": ""0.056""}","{""abv"": ""0.056""}"
2844,"{""ounces"": ""16""}","{""ounces"": ""16""}"
2845,"{""ounces"": ""16""}","{""ounces"": ""16""}"
2846,"{""ounces"": ""16""}","{""ounces"": ""16""}"
2847,"{""ounces"": ""16""}","{""ounces"": ""16""}"
2848,"{""ounces"": ""16""}","{""ounces"": ""16""}"
2849,"{""abv"": ""0.071""}","{""abv"": ""0.071""}"
2850,"{""ounces"": ""16""}","{""ounces"": ""16""}"
2851,"{""ounces"": ""16""}","{""ounces"": ""16""}"
2852,"{""abv"": ""0.099""}","{""abv"": ""0.099""}"
2853,"{""ounces"": ""16""}","{""ounces"": ""16""}"
2854,"{""abv"": ""0.07""}","{""abv"": ""0.07""}"
2855,"{""ounces"": ""16""}","{""ounces"": ""16""}"
2856,"{""ounces"": ""16""}","{""ounces"": ""16""}"
2857,"{""ounces"": ""16""}","{""ounces"": ""16""}"
2858,"{""ounces"": ""16""}","{""ounces"": ""16""}"
2859,"{""city"": ""Indianapolis""}","{""city"": ""Indianapolis""}"
2860,"{""state"": ""IN""}","{""state"": ""IN""}"
2861,"{""ounces"": ""16""}","{""ounces"": ""16""}"
2862,"{""ounces"": ""16""}","{""ounces"": ""16""}"
2863,"{""abv"": ""0.091""}","{""abv"": ""0.091""}"
2864,"{""ounces"": ""16""}","{""ounces"": ""16""}"
2865,"{""abv"": ""0.09""}","{""abv"": ""0.09""}"
2866,"{""ounces"": ""16""}","{""ounces"": ""16""}"
2867,"{""ounces"": ""16""}","{""ounces"": ""16""}"
2868,"{""ounces"": ""16""}","{""ounces"": ""16""}"
2869,"{""abv"": ""0.099""}","{""abv"": ""0.099""}"
2870,"{""ounces"": ""16""}","{""ounces"": ""16""}"
2871,"{""ounces"": ""16""}","{""ounces"": ""16""}"
2872,"{""ounces"": ""16""}","{""ounces"": ""16""}"
2873,"{""abv"": ""0.056""}","{""abv"": ""0.056""}"
2874,"{""ounces"": ""12""}","{""ounces"": ""12""}"
2875,"{""ounces"": ""12""}","{""ounces"": ""12""}"
2876,"{""ounces"": ""16""}","{""ounces"": ""16""}"
2877,"{""abv"": ""0.072""}","{""abv"": ""0.072""}"
2878,"{""ounces"": ""16""}","{""ounces"": ""16""}"
2879,"{""city"": ""Brooklyn Center""}","{""city"": ""Brooklyn Center""}"
2880,"{""state"": ""MN""}","{""state"": ""MN""}"
2881,"{""ounces"": ""16""}","{""ounces"": ""16""}"
2882,"{""abv"": ""0.099""}","{""abv"": ""0.099""}"
2883,"{""ounces"": ""16""}","{""ounces"": ""16""}"
2884,"{""abv"": ""0.073""}","{""abv"": ""0.073""}"
2885,"{""ounces"": ""16""}","{""ounces"": ""16""}"
2886,"{""ounces"": ""16""}","{""ounces"": ""16""}"
2887,"{""ounces"": ""16""}","{""ounces"": ""16""}"
2888,"{""ounces"": ""16""}","{""ounces"": ""16""}"
2889,"{""ounces"": ""16""}","{""ounces"": ""16""}"
2890,"{""ounces"": ""16""}","{""ounces"": ""16""}"
2891,"{""abv"": ""0.097""}","{""abv"": ""0.097""}"
2892,"{""ounces"": ""16""}","{""ounces"": ""16""}"
2893,"{""abv"": ""0.051""}","{""abv"": ""0.051""}"
2894,"{""ounces"": ""16""}","{""ounces"": ""16""}"
2895,"{""ounces"": ""16""}","{""ounces"": ""16""}"
2896,"{""ounces"": ""12""}","{""ounces"": ""12""}"
2897,"{""ounces"": ""12""}","{""ounces"": ""12""}"
2898,"{""abv"": ""0.05""}","{""abv"": ""0.05""}"
2899,"{""ounces"": ""12""}","{""ounces"": ""12""}"
2900,"{""ounces"": ""12""}","{""ounces"": ""12""}"
2901,"{""ounces"": ""12""}","{""ounces"": ""12""}"
2902,"{""abv"": ""0.059""}","{""abv"": ""0.059""}"
2903,"{""ounces"": ""12""}","{""ounces"": ""12""}"
2904,"{""ounces"": ""12""}","{""ounces"": ""12""}"
2905,"{""ounces"": ""12""}","{""ounces"": ""12""}"
2906,"{""abv"": ""0.057""}","{""abv"": ""0.057""}"
2907,"{""ounces"": ""12""}","{""ounces"": ""12""}"
2908,"{""abv"": ""0.064""}","{""abv"": ""0.064""}"
2909,"{""ounces"": ""12""}","{""ounces"": ""12""}"
2910,"{""ounces"": ""12""}","{""ounces"": ""12""}"
2911,"{""ounces"": ""12""}","{""ounces"": ""12""}"
2912,"{""abv"": ""0.05""}","{""abv"": ""0.05""}"
2913,"{""ounces"": ""24""}","{""ounces"": ""24""}"
2914,"{""ounces"": ""12""}","{""ounces"": ""12""}"
2915,"{""ounces"": ""24""}","{""ounces"": ""24""}"
2916,"{""abv"": ""0.049""}","{""abv"": ""0.049""}"
2917,"{""ounces"": ""24""}","{""ounces"": ""24""}"
2918,"{""abv"": ""0.05""}","{""abv"": ""0.05""}"
2919,"{""ounces"": ""12""}","{""ounces"": ""12""}"
2920,"{""ounces"": ""12""}","{""ounces"": ""12""}"
2921,"{""abv"": ""0.049""}","{""abv"": ""0.049""}"
2922,"{""ounces"": ""16""}","{""ounces"": ""16""}"
2923,"{""ounces"": ""16""}","{""ounces"": ""16""}"
2924,"{""abv"": ""0.048""}","{""abv"": ""0.048""}"
2925,"{""ounces"": ""16""}","{""ounces"": ""16""}"
2926,"{""ounces"": ""16""}","{""ounces"": ""16""}"
2927,"{""abv"": ""0.056""}","{""abv"": ""0.056""}"
2928,"{""ounces"": ""16""}","{""ounces"": ""16""}"
2929,"{""ounces"": ""16""}","{""ounces"": ""16""}"
2930,"{""abv"": ""0.068""}","{""abv"": ""0.068""}"
2931,"{""ounces"": ""16""}","{""ounces"": ""16""}"
2932,"{""abv"": ""0.044""}","{""abv"": ""0.044""}"
2933,"{""ounces"": ""16""}","{""ounces"": ""16""}"
2934,"{""ounces"": ""16""}","{""ounces"": ""16""}"
2935,"{""ounces"": ""16""}","{""ounces"": ""16""}"
2936,"{""abv"": ""0.05""}","{""abv"": ""0.05""}"
2937,"{""city"": ""Manhattan""}","{""city"": ""Manhattan""}"
2938,"{""state"": ""KS""}","{""state"": ""KS""}"
2939,"{""ounces"": ""16""}","{""ounces"": ""16""}"
2940,"{""ounces"": ""16""}","{""ounces"": ""16""}"
2941,"{""ounces"": ""12""}","{""ounces"": ""12""}"
2942,"{""ounces"": ""16""}","{""ounces"": ""16""}"
2943,"{""ounces"": ""16""}","{""ounces"": ""16""}"
2944,"{""abv"": ""0.072""}","{""abv"": ""0.072""}"
2945,"{""ounces"": ""16""}","{""ounces"": ""16""}"
2946,"{""ounces"": ""16""}","{""ounces"": ""16""}"
2947,"{""abv"": ""0.05""}","{""abv"": ""0.05""}"
2948,"{""ounces"": ""16""}","{""ounces"": ""16""}"
2949,"{""ounces"": ""16""}","{""ounces"": ""16""}"
2950,"{""ounces"": ""16""}","{""ounces"": ""16""}"
2951,"{""abv"": ""0.056""}","{""abv"": ""0.056""}"
2952,"{""ounces"": ""16""}","{""ounces"": ""16""}"
2953,"{""ounces"": ""16""}","{""ounces"": ""16""}"
2954,"{""abv"": ""0.07""}","{""abv"": ""0.07""}"
2955,"{""ounces"": ""16""}","{""ounces"": ""16""}"
2956,"{""ounces"": ""16""}","{""ounces"": ""16""}"
2957,"{""abv"": ""0.07""}","{""abv"": ""0.07""}"
2958,"{""ounces"": ""16""}","{""ounces"": ""16""}"
2959,"{""ounces"": ""12""}","{""ounces"": ""12""}"
2960,"{""ounces"": ""12""}","{""ounces"": ""12""}"
2961,"{""ounces"": ""12""}","{""ounces"": ""12""}"
2962,"{""ounces"": ""12""}","{""ounces"": ""12""}"
2963,"{""ounces"": ""12""}","{""ounces"": ""12""}"
2964,"{""abv"": ""0.048""}","{""abv"": ""0.048""}"
2965,"{""city"": ""Evanston""}","{""city"": ""Evanston""}"
2966,"{""state"": ""IL""}","{""state"": ""IL""}"
2967,"{""ounces"": ""12""}","{""ounces"": ""12""}"
2968,"{""abv"": ""0.04""}","{""abv"": ""0.04""}"
2969,"{""ounces"": ""12""}","{""ounces"": ""12""}"
2970,"{""ounces"": ""12""}","{""ounces"": ""12""}"
2971,"{""abv"": ""0.047""}","{""abv"": ""0.047""}"
2972,"{""city"": ""Athens""}","{""city"": ""Athens""}"
2973,"{""state"": ""GA""}","{""state"": ""GA""}"
2974,"{""ounces"": ""12""}","{""ounces"": ""12""}"
2975,"{""ounces"": ""12""}","{""ounces"": ""12""}"
2976,"{""ounces"": ""12""}","{""ounces"": ""12""}"
2977,"{""ounces"": ""12""}","{""ounces"": ""12""}"
2978,"{""ounces"": ""16""}","{""ounces"": ""16""}"
2979,"{""ounces"": ""16""}","{""ounces"": ""16""}"
2980,"{""abv"": ""0.096""}","{""abv"": ""0.096""}"
2981,"{""ounces"": ""16""}","{""ounces"": ""16""}"
2982,"{""ounces"": ""16""}","{""ounces"": ""16""}"
2983,"{""city"": ""Waterbury""}","{""city"": ""Waterbury""}"
2984,"{""state"": ""VT""}","{""state"": ""VT""}"
2985,"{""ounces"": ""16""}","{""ounces"": ""16""}"
2986,"{""ounces"": ""16""}","{""ounces"": ""16""}"
2987,"{""ounces"": ""12""}","{""ounces"": ""12""}"
2988,"{""abv"": ""0.046""}","{""abv"": ""0.046""}"
2989,"{""ounces"": ""12""}","{""ounces"": ""12""}"
2990,"{""abv"": ""0.07""}","{""abv"": ""0.07""}"
2991,"{""ounces"": ""12""}","{""ounces"": ""12""}"
2992,"{""abv"": ""0.048""}","{""abv"": ""0.048""}"
2993,"{""ounces"": ""12""}","{""ounces"": ""12""}"
2994,"{""ounces"": ""12""}","{""ounces"": ""12""}"
2995,"{""ounces"": ""12""}","{""ounces"": ""12""}"
2996,"{""ounces"": ""12""}","{""ounces"": ""12""}"
2997,"{""abv"": ""0.07""}","{""abv"": ""0.07""}"
2998,"{""ounces"": ""16""}","{""ounces"": ""16""}"
2999,"{""ounces"": ""16""}","{""ounces"": ""16""}"
3000,"{""abv"": ""0.057""}","{""abv"": ""0.057""}"
3001,"{""ounces"": ""16""}","{""ounces"": ""16""}"
3002,"{""ounces"": ""16""}","{""ounces"": ""16""}"
3003,"{""ounces"": ""16""}","{""ounces"": ""16""}"
3004,"{""abv"": ""0.055""}","{""abv"": ""0.055""}"
3005,"{""ounces"": ""16""}","{""ounces"": ""16""}"
3006,"{""ounces"": ""16""}","{""ounces"": ""16""}"
3007,"{""ounces"": ""16""}","{""ounces"": ""16""}"
3008,"{""ounces"": ""12""}","{""ounces"": ""12""}"
3009,"{""ounces"": ""12""}","{""ounces"": ""12""}"
3010,"{""ounces"": ""12""}","{""ounces"": ""12""}"
3011,"{""ounces"": ""16""}","{""ounces"": ""16""}"
3012,"{""ounces"": ""12""}","{""ounces"": ""12""}"
3013,"{""ounces"": ""16""}","{""ounces"": ""16""}"
3014,"{""ounces"": ""16""}","{""ounces"": ""16""}"
3015,"{""ounces"": ""12""}","{""ounces"": ""12""}"
3016,"{""ounces"": ""12""}","{""ounces"": ""12""}"
3017,"{""ounces"": ""12""}","{""ounces"": ""12""}"
3018,"{""abv"": ""0.052""}","{""abv"": ""0.052""}"
3019,"{""ounces"": ""12""}","{""ounces"": ""12""}"
3020,"{""abv"": ""0.041""}","{""abv"": ""0.041""}"
3021,"{""ounces"": ""12""}","{""ounces"": ""12""}"
3022,"{""ounces"": ""12""}","{""ounces"": ""12""}"
3023,"{""abv"": ""0.051""}","{""abv"": ""0.051""}"
3024,"{""ounces"": ""12""}","{""ounces"": ""12""}"
3025,"{""abv"": ""0.04""}","{""abv"": ""0.04""}"
3026,"{""ounces"": ""12""}","{""ounces"": ""12""}"
3027,"{""ounces"": ""12""}","{""ounces"": ""12""}"
3028,"{""ounces"": ""12""}","{""ounces"": ""12""}"
3029,"{""ounces"": ""12""}","{""ounces"": ""12""}"
3030,"{""ounces"": ""16""}","{""ounces"": ""16""}"
3031,"{""abv"": ""0.055""}","{""abv"": ""0.055""}"
3032,"{""ounces"": ""16""}","{""ounces"": ""16""}"
3033,"{""ounces"": ""16""}","{""ounces"": ""16""}"
3034,"{""ounces"": ""16""}","{""ounces"": ""16""}"
3035,"{""ounces"": ""12""}","{""ounces"": ""12""}"
3036,"{""ounces"": ""12""}","{""ounces"": ""12""}"
3037,"{""abv"": ""0.065""}","{""abv"": ""0.065""}"
3038,"{""ounces"": ""12""}","{""ounces"": ""12""}"
3039,"{""ounces"": ""12""}","{""ounces"": ""12""}"
3040,"{""abv"": """"}","{""abv"": ""-1""}"
3041,"{""city"": ""Kearney""}","{""city"": ""Kearney""}"
3042,"{""state"": ""NE""}","{""state"": ""NE""}"
3043,"{""ounces"": ""16""}","{""ounces"": ""16""}"
3044,"{""ounces"": ""16""}","{""ounces"": ""16""}"
3045,"{""ounces"": ""16""}","{""ounces"": ""16""}"
3046,"{""ounces"": ""16""}","{""ounces"": ""16""}"
3047,"{""abv"": ""0.055""}","{""abv"": ""0.055""}"
3048,"{""ounces"": ""16""}","{""ounces"": ""16""}"
3049,"{""ounces"": ""16""}","{""ounces"": ""16""}"
3050,"{""ounces"": ""16""}","{""ounces"": ""16""}"
3051,"{""ounces"": ""16""}","{""ounces"": ""16""}"
3052,"{""ounces"": ""16""}","{""ounces"": ""16""}"
3053,"{""city"": ""Evansville""}","{""city"": ""Evansville""}"
3054,"{""state"": ""IN""}","{""state"": ""IN""}"
3055,"{""ounces"": ""12""}","{""ounces"": ""12""}"
3056,"{""ounces"": ""12""}","{""ounces"": ""12""}"
3057,"{""abv"": ""0.07""}","{""abv"": ""0.07""}"
3058,"{""ounces"": ""12""}","{""ounces"": ""12""}"
3059,"{""ounces"": ""12""}","{""ounces"": ""12""}"
3060,"{""ounces"": ""12""}","{""ounces"": ""12""}"
3061,"{""ounces"": ""12""}","{""ounces"": ""12""}"
3062,"{""ounces"": ""12""}","{""ounces"": ""12""}"
3063,"{""ounces"": ""12""}","{""ounces"": ""12""}"
3064,"{""ounces"": ""12""}","{""ounces"": ""12""}"
3065,"{""abv"": ""0.055""}","{""abv"": ""0.055""}"
3066,"{""city"": ""Idaho Springs""}","{""city"": ""Idaho Springs""}"
3067,"{""state"": ""CO""}","{""state"": ""CO""}"
3068,"{""ounces"": ""16""}","{""ounces"": ""16""}"
3069,"{""ounces"": ""16""}","{""ounces"": ""16""}"
3070,"{""ounces"": ""12""}","{""ounces"": ""12""}"
3071,"{""ounces"": ""12""}","{""ounces"": ""12""}"
3072,"{""abv"": ""0.065""}","{""abv"": ""0.065""}"
3073,"{""ounces"": ""12""}","{""ounces"": ""12""}"
3074,"{""ounces"": ""12""}","{""ounces"": ""12""}"
3075,"{""ounces"": ""12""}","{""ounces"": ""12""}"
3076,"{""ounces"": ""12""}","{""ounces"": ""12""}"
3077,"{""abv"": ""0.08""}","{""abv"": ""0.08""}"
3078,"{""ounces"": ""16""}","{""ounces"": ""16""}"
3079,"{""ounces"": ""16""}","{""ounces"": ""16""}"
3080,"{""ounces"": ""12""}","{""ounces"": ""12""}"
3081,"{""ounces"": ""16""}","{""ounces"": ""16""}"
3082,"{""abv"": ""0.082""}","{""abv"": ""0.08199999999999999""}"
3083,"{""ounces"": ""12""}","{""ounces"": ""12""}"
3084,"{""abv"": ""0.075""}","{""abv"": ""0.075""}"
3085,"{""city"": ""Hershey""}","{""city"": ""Hershey""}"
3086,"{""state"": ""PA""}","{""state"": ""PA""}"
3087,"{""ounces"": ""12""}","{""ounces"": ""12""}"
3088,"{""abv"": ""0.055""}","{""abv"": ""0.055""}"
3089,"{""ounces"": ""16""}","{""ounces"": ""16""}"
3090,"{""ounces"": ""12""}","{""ounces"": ""12""}"
3091,"{""abv"": ""0.054""}","{""abv"": ""0.054""}"
3092,"{""ounces"": ""12""}","{""ounces"": ""12""}"
3093,"{""ounces"": ""12""}","{""ounces"": ""12""}"
3094,"{""abv"": ""0.051""}","{""abv"": ""0.051""}"
3095,"{""ounces"": ""12""}","{""ounces"": ""12""}"
3096,"{""ounces"": ""12""}","{""ounces"": ""12""}"
3097,"{""ounces"": ""12""}","{""ounces"": ""12""}"
3098,"{""abv"": ""0.052""}","{""abv"": ""0.052""}"
3099,"{""ounces"": ""12""}","{""ounces"": ""12""}"
3100,"{""abv"": ""0.062""}","{""abv"": ""0.062""}"
3101,"{""ounces"": ""12""}","{""ounces"": ""12""}"
3102,"{""ounces"": ""12""}","{""ounces"": ""12""}"
3103,"{""abv"": ""0.062""}","{""abv"": ""0.062""}"
3104,"{""ounces"": ""12""}","{""ounces"": ""12""}"
3105,"{""ounces"": ""12""}","{""ounces"": ""12""}"
3106,"{""ounces"": ""12""}","{""ounces"": ""12""}"
3107,"{""ounces"": ""12""}","{""ounces"": ""12""}"
3108,"{""ounces"": ""12""}","{""ounces"": ""12""}"
3109,"{""ounces"": ""12""}","{""ounces"": ""12""}"
3110,"{""ounces"": ""16""}","{""ounces"": ""16""}"
3111,"{""ounces"": ""12""}","{""ounces"": ""12""}"
3112,"{""abv"": ""0.058""}","{""abv"": ""0.058""}"
3113,"{""ounces"": ""12""}","{""ounces"": ""12""}"
3114,"{""abv"": ""0.058""}","{""abv"": ""0.058""}"
3115,"{""ounces"": ""12""}","{""ounces"": ""12""}"
3116,"{""abv"": ""0.051""}","{""abv"": ""0.051""}"
3117,"{""ounces"": ""12""}","{""ounces"": ""12""}"
3118,"{""abv"": ""0.051""}","{""abv"": ""0.051""}"
3119,"{""ounces"": ""12""}","{""ounces"": ""12""}"
3120,"{""ounces"": ""12""}","{""ounces"": ""12""}"
3121,"{""ounces"": ""12""}","{""ounces"": ""12""}"
3122,"{""ounces"": ""12""}","{""ounces"": ""12""}"
3123,"{""ounces"": ""12""}","{""ounces"": ""12""}"
3124,"{""abv"": ""0.065""}","{""abv"": ""0.065""}"
3125,"{""ounces"": ""12""}","{""ounces"": ""12""}"
3126,"{""ounces"": ""16""}","{""ounces"": ""16""}"
3127,"{""ounces"": ""12""}","{""ounces"": ""12""}"
3128,"{""ounces"": ""12""}","{""ounces"": ""12""}"
3129,"{""ounces"": ""12""}","{""ounces"": ""12""}"
3130,"{""abv"": ""0.048""}","{""abv"": ""0.048""}"
3131,"{""ounces"": ""12""}","{""ounces"": ""12""}"
3132,"{""abv"": ""0.05""}","{""abv"": ""0.05""}"
3133,"{""ounces"": ""12""}","{""ounces"": ""12""}"
3134,"{""ounces"": ""12""}","{""ounces"": ""12""}"
3135,"{""ounces"": ""12""}","{""ounces"": ""12""}"
3136,"{""ounces"": ""12""}","{""ounces"": ""12""}"
3137,"{""abv"": ""0.073""}","{""abv"": ""0.073""}"
3138,"{""ounces"": ""12""}","{""ounces"": ""12""}"
3139,"{""abv"": ""0.04""}","{""abv"": ""0.04""}"
3140,"{""ounces"": ""12""}","{""ounces"": ""12""}"
3141,"{""abv"": ""0.04""}","{""abv"": ""0.04""}"
3142,"{""ounces"": ""12""}","{""ounces"": ""12""}"
3143,"{""ounces"": ""12""}","{""ounces"": ""12""}"
3144,"{""abv"": ""0.04""}","{""abv"": ""0.04""}"
3145,"{""ounces"": ""12""}","{""ounces"": ""12""}"
3146,"{""ounces"": ""12""}","{""ounces"": ""12""}"
3147,"{""ounces"": ""16""}","{""ounces"": ""16""}"
3148,"{""abv"": ""0.06""}","{""abv"": ""0.06""}"
3149,"{""ounces"": ""16""}","{""ounces"": ""16""}"
3150,"{""abv"": ""0.047""}","{""abv"": ""0.047""}"
3151,"{""ounces"": ""16""}","{""ounces"": ""16""}"
3152,"{""ounces"": ""16""}","{""ounces"": ""16""}"
3153,"{""abv"": ""0.065""}","{""abv"": ""0.065""}"
3154,"{""ounces"": ""16""}","{""ounces"": ""16""}"
3155,"{""ounces"": ""16""}","{""ounces"": ""16""}"
3156,"{""abv"": ""0.001""}","{""abv"": ""0.001""}"
3157,"{""ounces"": ""16""}","{""ounces"": ""16""}"
3158,"{""abv"": ""0.068""}","{""abv"": ""0.068""}"
3159,"{""ounces"": ""16""}","{""ounces"": ""16""}"
3160,"{""ounces"": ""16""}","{""ounces"": ""16""}"
3161,"{""ounces"": ""16""}","{""ounces"": ""16""}"
3162,"{""city"": ""Santa Cruz""}","{""city"": ""Santa Cruz""}"
3163,"{""state"": ""CA""}","{""state"": ""CA""}"
3164,"{""ounces"": ""12""}","{""ounces"": ""12""}"
3165,"{""ounces"": ""12""}","{""ounces"": ""12""}"
3166,"{""abv"": ""0.042""}","{""abv"": ""0.042""}"
3167,"{""ounces"": ""12""}","{""ounces"": ""12""}"
3168,"{""ounces"": ""12""}","{""ounces"": ""12""}"
3169,"{""ounces"": ""16""}","{""ounces"": ""16""}"
3170,"{""ounces"": ""16""}","{""ounces"": ""16""}"
3171,"{""ounces"": ""16""}","{""ounces"": ""16""}"
3172,"{""ounces"": ""19""}","{""ounces"": ""19.2""}"
3173,"{""abv"": ""0.128""}","{""abv"": ""0.128""}"
3174,"{""ounces"": ""19""}","{""ounces"": ""19.2""}"
3175,"{""abv"": ""0.104""}","{""abv"": ""0.104""}"
3176,"{""ounces"": ""19""}","{""ounces"": ""19""}"
3177,"{""ounces"": ""19""}","{""ounces"": ""19""}"
3178,"{""ounces"": ""19""}","{""ounces"": ""19""}"
3179,"{""ounces"": ""12""}","{""ounces"": ""12""}"
3180,"{""ounces"": ""12""}","{""ounces"": ""12""}"
3181,"{""abv"": ""0.065""}","{""abv"": ""0.065""}"
3182,"{""ounces"": ""19""}","{""ounces"": ""19""}"
3183,"{""ounces"": ""19""}","{""ounces"": ""19""}"
3184,"{""city"": ""Boulder""}","{""city"": ""Boulder""}"
3185,"{""state"": ""CO""}","{""state"": ""CO""}"
3186,"{""ounces"": ""16""}","{""ounces"": ""16""}"
3187,"{""ounces"": ""16""}","{""ounces"": ""16""}"
3188,"{""ounces"": ""12""}","{""ounces"": ""12""}"
3189,"{""ounces"": ""12""}","{""ounces"": ""12""}"
3190,"{""abv"": ""0.069""}","{""abv"": ""0.069""}"
3191,"{""ounces"": ""12""}","{""ounces"": ""12""}"
3192,"{""abv"": ""0.048""}","{""abv"": ""0.048""}"
3193,"{""ounces"": ""12""}","{""ounces"": ""12""}"
3194,"{""ounces"": ""12""}","{""ounces"": ""12""}"
3195,"{""city"": ""Boulder""}","{""city"": ""Boulder""}"
3196,"{""state"": ""CO""}","{""state"": ""CO""}"
3197,"{""ounces"": ""12""}","{""ounces"": ""12""}"
3198,"{""ounces"": ""12""}","{""ounces"": ""12""}"
3199,"{""ounces"": ""16""}","{""ounces"": ""16""}"
3200,"{""ounces"": ""12""}","{""ounces"": ""12""}"
3201,"{""abv"": ""0.065""}","{""abv"": ""0.065""}"
3202,"{""ounces"": ""12""}","{""ounces"": ""12""}"
3203,"{""abv"": ""0.04""}","{""abv"": ""0.04""}"
3204,"{""ounces"": ""12""}","{""ounces"": ""12""}"
3205,"{""ounces"": ""12""}","{""ounces"": ""12""}"
3206,"{""abv"": ""0.08""}","{""abv"": ""0.08""}"
3207,"{""ounces"": ""12""}","{""ounces"": ""12""}"
3208,"{""ounces"": ""12""}","{""ounces"": ""12""}"
3209,"{""ounces"": ""12""}","{""ounces"": ""12""}"
3210,"{""ounces"": ""12""}","{""ounces"": ""12""}"
3211,"{""ounces"": ""12""}","{""ounces"": ""12""}"
3212,"{""ounces"": ""16""}","{""ounces"": ""16""}"
3213,"{""ounces"": ""16""}","{""ounces"": ""16""}"
3214,"{""ounces"": ""16""}","{""ounces"": ""16""}"
3215,"{""abv"": ""0.068""}","{""abv"": ""0.068""}"
3216,"{""ounces"": ""16""}","{""ounces"": ""16""}"
3217,"{""ounces"": ""16""}","{""ounces"": ""16""}"
3218,"{""ounces"": ""12""}","{""ounces"": ""12""}"
3219,"{""ounces"": ""12""}","{""ounces"": ""12""}"
3220,"{""ounces"": ""12""}","{""ounces"": ""12""}"
3221,"{""ounces"": ""12""}","{""ounces"": ""12""}"
3222,"{""abv"": ""0.075""}","{""abv"": ""0.075""}"
3223,"{""city"": ""Meadville""}","{""city"": ""Meadville""}"
3224,"{""state"": ""PA""}","{""state"": ""PA""}"
3225,"{""ounces"": ""12""}","{""ounces"": ""12""}"
3226,"{""ounces"": ""12""}","{""ounces"": ""12""}"
3227,"{""ounces"": ""12""}","{""ounces"": ""12""}"
3228,"{""abv"": ""0.075""}","{""abv"": ""0.075""}"
3229,"{""ounces"": ""12""}","{""ounces"": ""12""}"
3230,"{""ounces"": ""12""}","{""ounces"": ""12""}"
3231,"{""abv"": ""0.06""}","{""abv"": ""0.06""}"
3232,"{""city"": ""Westminster""}","{""city"": ""Westminster""}"
3233,"{""state"": ""MA""}","{""state"": ""MA""}"
3234,"{""ounces"": ""12""}","{""ounces"": ""12""}"
3235,"{""abv"": ""0.056""}","{""abv"": ""0.056""}"
3236,"{""ounces"": ""12""}","{""ounces"": ""12""}"
3237,"{""ounces"": ""12""}","{""ounces"": ""12""}"
3238,"{""ounces"": ""12""}","{""ounces"": ""12""}"
3239,"{""ounces"": ""12""}","{""ounces"": ""12""}"
3240,"{""abv"": ""0.051""}","{""abv"": ""0.051""}"
3241,"{""ounces"": ""12""}","{""ounces"": ""12""}"
3242,"{""abv"": ""0.04""}","{""abv"": ""0.04""}"
3243,"{""ounces"": ""12""}","{""ounces"": ""12""}"
3244,"{""ounces"": ""12""}","{""ounces"": ""12""}"
3245,"{""abv"": ""0.045""}","{""abv"": ""0.045""}"
3246,"{""ounces"": ""12""}","{""ounces"": ""12""}"
3247,"{""abv"": ""0.06""}","{""abv"": ""0.06""}"
3248,"{""ounces"": ""12""}","{""ounces"": ""12""}"
3249,"{""ounces"": ""16""}","{""ounces"": ""16""}"
3250,"{""ounces"": ""16""}","{""ounces"": ""16""}"
3251,"{""ounces"": ""16""}","{""ounces"": ""16""}"
3252,"{""ounces"": ""16""}","{""ounces"": ""16""}"
3253,"{""ounces"": ""12""}","{""ounces"": ""12""}"
3254,"{""abv"": ""0.09""}","{""abv"": ""0.09""}"
3255,"{""ounces"": ""12""}","{""ounces"": ""12""}"
3256,"{""ounces"": ""12""}","{""ounces"": ""12""}"
3257,"{""ounces"": ""12""}","{""ounces"": ""12""}"
3258,"{""ounces"": ""12""}","{""ounces"": ""12""}"
3259,"{""ounces"": ""12""}","{""ounces"": ""12""}"
3260,"{""ounces"": ""12""}","{""ounces"": ""12""}"
3261,"{""ounces"": ""12""}","{""ounces"": ""12""}"
3262,"{""ounces"": ""12""}","{""ounces"": ""12""}"
3263,"{""ounces"": ""12""}","{""ounces"": ""12""}"
3264,"{""abv"": ""0.052""}","{""abv"": ""0.052""}"
3265,"{""ounces"": ""12""}","{""ounces"": ""12""}"
3266,"{""ounces"": ""16""}","{""ounces"": ""16""}"
3267,"{""ounces"": ""12""}","{""ounces"": ""12""}"
3268,"{""abv"": ""0.08""}","{""abv"": ""0.08""}"
3269,"{""ounces"": ""12""}","{""ounces"": ""12""}"
3270,"{""ounces"": ""12""}","{""ounces"": ""12""}"
3271,"{""abv"": ""0.075""}","{""abv"": ""0.075""}"
3272,"{""ounces"": ""12""}","{""ounces"": ""12""}"
3273,"{""ounces"": ""12""}","{""ounces"": ""12""}"
3274,"{""abv"": ""0.049""}","{""abv"": ""0.049""}"
3275,"{""ounces"": ""12""}","{""ounces"": ""12""}"
3276,"{""abv"": ""0.052""}","{""abv"": ""0.052""}"
3277,"{""ounces"": ""12""}","{""ounces"": ""12""}"
3278,"{""abv"": ""0.055""}","{""abv"": ""0.055""}"
3279,"{""ounces"": ""12""}","{""ounces"": ""12""}"
3280,"{""ounces"": ""12""}","{""ounces"": ""12""}"
3281,"{""ounces"": ""12""}","{""ounces"": ""12""}"
3282,"{""abv"": ""0.055""}","{""abv"": ""0.055""}"
3283,"{""ounces"": ""16""}","{""ounces"": ""16""}"
3284,"{""ounces"": ""12""}","{""ounces"": ""12""}"
3285,"{""ounces"": ""12""}","{""ounces"": ""12""}"
3286,"{""ounces"": ""12""}","{""ounces"": ""12""}"
3287,"{""ounces"": ""12""}","{""ounces"": ""12""}"
3288,"{""ounces"": ""12""}","{""ounces"": ""12""}"
3289,"{""ounces"": ""12""}","{""ounces"": ""12""}"
3290,"{""ounces"": ""12""}","{""ounces"": ""12""}"
3291,"{""ounces"": ""12""}","{""ounces"": ""12""}"
3292,"{""city"": ""Lake Barrington""}","{""city"": ""Lake Barrington""}"
3293,"{""state"": ""IL""}","{""state"": ""IL""}"
3294,"{""ounces"": ""12""}","{""ounces"": ""12""}"
3295,"{""ounces"": ""12""}","{""ounces"": ""12""}"
3296,"{""abv"": ""0.042""}","{""abv"": ""0.042""}"
3297,"{""ounces"": ""12""}","{""ounces"": ""12""}"
3298,"{""ounces"": ""12""}","{""ounces"": ""12""}"
3299,"{""abv"": ""0.045""}","{""abv"": ""0.045""}"
3300,"{""ounces"": ""12""}","{""ounces"": ""12""}"
3301,"{""abv"": ""0.056""}","{""abv"": ""0.056""}"
3302,"{""ounces"": ""12""}","{""ounces"": ""12""}"
3303,"{""abv"": ""0.068""}","{""abv"": ""0.068""}"
3304,"{""city"": ""Nellysford""}","{""city"": ""Nellysford""}"
3305,"{""state"": ""VA""}","{""state"": ""VA""}"
3306,"{""ounces"": ""12""}","{""ounces"": ""12""}"
3307,"{""ounces"": ""12""}","{""ounces"": ""12""}"
3308,"{""ounces"": ""12""}","{""ounces"": ""12""}"
3309,"{""ounces"": ""16""}","{""ounces"": ""16""}"
3310,"{""abv"": ""0.054""}","{""abv"": ""0.054""}"
3311,"{""ounces"": ""16""}","{""ounces"": ""16""}"
3312,"{""ounces"": ""16""}","{""ounces"": ""16""}"
3313,"{""city"": ""Stevensville""}","{""city"": ""Stevensville""}"
3314,"{""state"": ""MT""}","{""state"": ""MT""}"
3315,"{""ounces"": ""16""}","{""ounces"": ""16""}"
3316,"{""ounces"": ""16""}","{""ounces"": ""16""}"
3317,"{""abv"": ""0.05""}","{""abv"": ""0.05""}"
3318,"{""ounces"": ""16""}","{""ounces"": ""16""}"
3319,"{""abv"": ""0.074""}","{""abv"": ""0.074""}"
3320,"{""ounces"": ""16""}","{""ounces"": ""16""}"
3321,"{""ounces"": ""12""}","{""ounces"": ""12""}"
3322,"{""abv"": ""0.055""}","{""abv"": ""0.055""}"
3323,"{""ounces"": ""12""}","{""ounces"": ""12""}"
3324,"{""abv"": ""0.071""}","{""abv"": ""0.071""}"
3325,"{""ounces"": ""12""}","{""ounces"": ""12""}"
3326,"{""ounces"": ""12""}","{""ounces"": ""12""}"
3327,"{""ounces"": ""12""}","{""ounces"": ""12""}"
3328,"{""abv"": ""0.059""}","{""abv"": ""0.059""}"
3329,"{""ounces"": ""12""}","{""ounces"": ""12""}"
3330,"{""ounces"": ""12""}","{""ounces"": ""12""}"
3331,"{""ounces"": ""12""}","{""ounces"": ""12""}"
3332,"{""abv"": ""0.058""}","{""abv"": ""0.058""}"
3333,"{""ounces"": ""12""}","{""ounces"": ""12""}"
3334,"{""abv"": ""0.045""}","{""abv"": ""0.045""}"
3335,"{""ounces"": ""12""}","{""ounces"": ""12""}"
3336,"{""abv"": ""0.059""}","{""abv"": ""0.059""}"
3337,"{""ounces"": ""12""}","{""ounces"": ""12""}"
3338,"{""ounces"": ""12""}","{""ounces"": ""12""}"
3339,"{""ounces"": ""12""}","{""ounces"": ""12""}"
3340,"{""abv"": ""0.065""}","{""abv"": ""0.065""}"
3341,"{""city"": ""North Woodstock""}","{""city"": ""North Woodstock""}"
3342,"{""state"": ""NH""}","{""state"": ""NH""}"
3343,"{""ounces"": ""12""}","{""ounces"": ""12""}"
3344,"{""ounces"": ""16""}","{""ounces"": ""16""}"
3345,"{""ounces"": ""12""}","{""ounces"": ""12""}"
3346,"{""ounces"": ""12""}","{""ounces"": ""12""}"
3347,"{""ounces"": ""12""}","{""ounces"": ""12""}"
3348,"{""abv"": ""0.077""}","{""abv"": ""0.077""}"
3349,"{""ounces"": ""12""}","{""ounces"": ""12""}"
3350,"{""ounces"": ""12""}","{""ounces"": ""12""}"
3351,"{""ounces"": ""12""}","{""ounces"": ""12""}"
3352,"{""ounces"": ""12""}","{""ounces"": ""12""}"
3353,"{""abv"": ""0.082""}","{""abv"": ""0.08199999999999999""}"
3354,"{""ounces"": ""12""}","{""ounces"": ""12""}"
3355,"{""abv"": ""0.055""}","{""abv"": ""0.055""}"
3356,"{""ounces"": ""12""}","{""ounces"": ""12""}"
3357,"{""ounces"": ""12""}","{""ounces"": ""12""}"
3358,"{""ounces"": ""12""}","{""ounces"": ""12""}"
3359,"{""ounces"": ""12""}","{""ounces"": ""12""}"
3360,"{""abv"": ""0.055""}","{""abv"": ""0.055""}"
3361,"{""ounces"": ""12""}","{""ounces"": ""12""}"
3362,"{""abv"": ""0.055""}","{""abv"": ""0.055""}"
3363,"{""ounces"": ""12""}","{""ounces"": ""12""}"
