{
    "epoch": 3.0,
    "total_flos": 1.8920225580567757e+17,
    "train_loss": 0.11786589397933711,
    "train_runtime": 591.363,
    "train_samples_per_second": 7.214,
    "train_steps_per_second": 0.451
}