{
    "epoch": 3.0,
    "total_flos": 3.911597201167483e+17,
    "train_loss": 0.18217243622664525,
    "train_runtime": 1213.9503,
    "train_samples_per_second": 7.263,
    "train_steps_per_second": 0.455
}