{
    "epoch": 2.0,
    "total_flos": 8.361747650340454e+16,
    "train_loss": 0.10593235517962504,
    "train_runtime": 260.1528,
    "train_samples_per_second": 7.25,
    "train_steps_per_second": 0.454
}