{
    "epoch": 3.0,
    "total_flos": 1.2741921594566246e+17,
    "train_loss": 0.06191537268459797,
    "train_runtime": 803.6546,
    "train_samples_per_second": 3.58,
    "train_steps_per_second": 0.448
}