{
    "epoch": 3.0,
    "total_flos": 9.991579807986483e+16,
    "train_loss": 0.19982294185939145,
    "train_runtime": 317.8544,
    "train_samples_per_second": 7.06,
    "train_steps_per_second": 0.444
}