{
    "epoch": 2.0,
    "total_flos": 5.952430528475955e+16,
    "train_loss": 0.26714014787631596,
    "train_runtime": 194.081,
    "train_samples_per_second": 6.925,
    "train_steps_per_second": 0.433
}