{
    "epoch": 3.0,
    "total_flos": 1.8707638792277197e+17,
    "train_loss": 0.11712070115203405,
    "train_runtime": 590.6189,
    "train_samples_per_second": 7.096,
    "train_steps_per_second": 0.447
}