{
    "epoch": 2.0,
    "total_flos": 4.676909718201958e+16,
    "train_loss": 0.5147600487777682,
    "train_runtime": 155.014,
    "train_samples_per_second": 6.735,
    "train_steps_per_second": 0.426
}