{
    "epoch": 3.0,
    "total_flos": 1.8920225580567757e+17,
    "train_loss": 0.11825091028341864,
    "train_runtime": 596.2781,
    "train_samples_per_second": 7.109,
    "train_steps_per_second": 0.448
}