{
    "epoch": 3.0,
    "total_flos": 6.377604131900621e+16,
    "train_loss": 0.23556986389008266,
    "train_runtime": 652.8303,
    "train_samples_per_second": 2.141,
    "train_steps_per_second": 0.138
}