{
    "epoch": 2.0,
    "total_flos": 1.2755208263801242e+17,
    "train_loss": 0.26091681267652245,
    "train_runtime": 200.1086,
    "train_samples_per_second": 14.382,
    "train_steps_per_second": 0.45
}