{
    "epoch": 2.0,
    "total_flos": 1.2896932802750054e+17,
    "train_loss": 0.12747883743473462,
    "train_runtime": 408.3016,
    "train_samples_per_second": 7.098,
    "train_steps_per_second": 0.446
}