{
    "epoch": 3.0,
    "total_flos": 2.1258680439668736e+17,
    "train_loss": 0.12620135272232194,
    "train_runtime": 663.5593,
    "train_samples_per_second": 7.179,
    "train_steps_per_second": 0.452
}