{
    "epoch": 3.0,
    "total_flos": 1.8920225580567757e+17,
    "train_loss": 0.07916005738672525,
    "train_runtime": 598.7265,
    "train_samples_per_second": 7.075,
    "train_steps_per_second": 0.446
}