{
    "epoch": 3.0,
    "total_flos": 3.911597201167483e+17,
    "train_loss": 0.17424668255599512,
    "train_runtime": 1212.8622,
    "train_samples_per_second": 7.275,
    "train_steps_per_second": 0.455
}