{
    "epoch": 3.0,
    "total_flos": 3.932855881338716e+17,
    "train_loss": 0.1564068889362855,
    "train_runtime": 1210.2819,
    "train_samples_per_second": 7.31,
    "train_steps_per_second": 0.459
}