{
    "epoch": 3.0,
    "total_flos": 1.2330034660376576e+17,
    "train_loss": 0.23081400730358115,
    "train_runtime": 388.3702,
    "train_samples_per_second": 7.076,
    "train_steps_per_second": 0.448
}