{
    "epoch": 3.0,
    "total_flos": 1.11209472231211e+17,
    "train_loss": 0.12326095487505737,
    "train_runtime": 963.4146,
    "train_samples_per_second": 2.606,
    "train_steps_per_second": 0.327
}