{
    "epoch": 1.0,
    "total_flos": 1.7361255692396134e+17,
    "train_loss": 0.17916759403080357,
    "train_runtime": 1156.8128,
    "train_samples_per_second": 3.384,
    "train_steps_per_second": 0.212
}