{
    "epoch": 3.0,
    "total_flos": 8.7160589910016e+16,
    "train_loss": 0.2777921624511965,
    "train_runtime": 279.0077,
    "train_samples_per_second": 6.978,
    "train_steps_per_second": 0.441
}