{
    "epoch": 3.0,
    "total_flos": 1.190486105695191e+17,
    "train_loss": 0.1282378379366405,
    "train_runtime": 379.819,
    "train_samples_per_second": 7.038,
    "train_steps_per_second": 0.442
}