{
    "epoch": 3.0,
    "total_flos": 1.6369183939887104e+17,
    "train_loss": 0.1474579400665155,
    "train_runtime": 517.6031,
    "train_samples_per_second": 7.135,
    "train_steps_per_second": 0.446
}