{
    "epoch": 3.0,
    "total_flos": 3.125026024765522e+17,
    "train_loss": 0.09928915272236516,
    "train_runtime": 977.6431,
    "train_samples_per_second": 7.199,
    "train_steps_per_second": 0.451
}