{
    "epoch": 3.0,
    "total_flos": 1.3392968709203558e+17,
    "train_loss": 0.2616983850599912,
    "train_runtime": 428.3462,
    "train_samples_per_second": 6.969,
    "train_steps_per_second": 0.441
}