{
    "epoch": 3.0,
    "total_flos": 1.5518836753170432e+17,
    "train_loss": 0.191016011016622,
    "train_runtime": 491.5935,
    "train_samples_per_second": 7.079,
    "train_steps_per_second": 0.445
}