{
    "epoch": 3.0,
    "total_flos": 1.9132812395701862e+17,
    "train_loss": 0.09088708046323585,
    "train_runtime": 595.7428,
    "train_samples_per_second": 7.181,
    "train_steps_per_second": 0.453
}