{
    "epoch": 5.0,
    "total_flos": 1.4442248815404646e+17,
    "train_loss": 0.045043347707790574,
    "train_runtime": 453.855,
    "train_samples_per_second": 7.216,
    "train_steps_per_second": 0.452
}