{
    "epoch": 3.0,
    "total_flos": 2.572300334273659e+17,
    "train_loss": 0.17612651855615544,
    "train_runtime": 805.191,
    "train_samples_per_second": 7.165,
    "train_steps_per_second": 0.451
}