{
    "epoch": 3.0,
    "total_flos": 5.187118027547607e+17,
    "train_loss": 0.09287750605739338,
    "train_runtime": 1621.5121,
    "train_samples_per_second": 7.212,
    "train_steps_per_second": 0.451
}