{
    "epoch": 2.0,
    "total_flos": 8.220023124813414e+16,
    "train_loss": 0.14791331864122687,
    "train_runtime": 838.9183,
    "train_samples_per_second": 2.184,
    "train_steps_per_second": 0.138
}