{
    "epoch": 3.0,
    "total_flos": 2.572300334273659e+17,
    "train_loss": 0.14036752121168966,
    "train_runtime": 791.0498,
    "train_samples_per_second": 7.308,
    "train_steps_per_second": 0.459
}