{
    "epoch": 3.0,
    "total_flos": 1.5518836753170432e+17,
    "train_loss": 0.14786809271731208,
    "train_runtime": 483.7475,
    "train_samples_per_second": 7.231,
    "train_steps_per_second": 0.453
}