,output,predict
0,{'Output': 'mismatch'},"dg0146famwl2pack\'], \'type\': \'Description:2.5-inch Serial Attached SCSI (SAS) SFF 6G Dual Port Hot-Plug Hard Drive In HPE Hot-Plug\'}', 'Entity_2': '{\'title\': \'EG0146FARTR HP 146-GB 6G"
1,{'Output': 'mismatch'},"{""Output"": ""match""}"
2,{'Output': 'match'},"\', \'description\': \'  \""Intel DC S3610 2,5\"" 800GB 2,5\"" SATA 6Gb/s 3D TLC 256MB Cache 24000TBW 10000000000000000000000000"
3,{'Output': 'match'},"300MB/s\', \'description\': \'  \""ST31000340AS Seagate 1TB 3.5\"" SATA Hard Drive\""@en  ', \'title\': \'Seagate ST31000340AS 1TB 3.5\"" SATA Hard Drive\', \'subcategory\': \'SATA\', \'sku"
4,{'Output': 'mismatch'},"2-B22 HP 160/320GB Super DLT 160/320GB 2.5\"" 160/320GB 2.5\"" 160/320GB 2.5\"" 160/320GB 2.5\"" 160/32"
5,{'Output': 'mismatch'},"3.0 3.5 inch Hard Drive Hdd\', \'brand\': \'Maxtor\', \'description\': \'  \""Maxtor 3.5 inch 320GB 7200RPM 3.5 inch Hard Drive 100000000000000000000000"
6,{'Output': 'mismatch'},"DDR3 PC3-15000C9 1866MHz Dual Channel Kit (CMZ8GX3M2A1866C9)\""@en 16GB LN73385 - CMZ8GX3M2A1866C9 System Memory 240-pin 2 x 4 GB 1"
7,{'Output': 'mismatch'},300876-B21 BL20P G2 Xeon 2.8GHz 512 1P 300876-B21 BL20P G2 Xeon 2.8GHz 512 1P 300876-B21 BL20P G2 Xeon 2
8,{'Output': 'mismatch'},"st10000ne0004]\', \'description\': \'  \""Seagate IronWolf Pro ST10000NE0004 - hard drive 10 TB SATA 6Gb/s\"" \"" Seagate 6Gb/s Enterprise Hard\', \'title\': \'Seagate IronWolf Pro ST10000NE0004"
9,{'Output': 'mismatch'},"0646i54460\', \'type\': \'Quad Core Technology, 3.20GHz clock speed, 6MB L3 Cache, Dual Channel DDR3 Controller, 22\'}', 'Entity_2': '{\""title\"": \""Intel Core i3-4150 3.50GHz (Haswell) Socket LGA"
10,{'Output': 'mismatch'},"{""Output"": ""match""}"
11,{'Output': 'mismatch'},"""238921-B21 5-Pack 10K 3.5\"" 72.8GB Hard Drive Hot-Swap 40 Pin FC-AL 2GB/s 10000RPM 1/2H (Internal) 1/2H (Internal) 1/2H (Internal) 1/"
12,{'Output': 'mismatch'},"': 'mismatch'} 

{'Entity_1': '{\""brand\"": \""Samsung\"", \""category\"": \""Hard Drive\"", \""description\"": \""Samsung 320GB 3.5 inch 7200RPM Hard Drive\"", \""subcategory\"": \""Hard Drive\"", \""sku\"": \""23413211\"", \""type\"": \""Hard Drive\"", \""title\"":"
13,{'Output': 'mismatch'},"{""Output"": ""mismatch""}"
14,{'Output': 'mismatch'},"{""brand"": ""Dell""}"
15,{'Output': 'mismatch'},"120mm\', \'sku\': \'90yv0a82m0na00, exgtx10502g\', \'type\': \'Video Card\'', \'brand\': \'Asus\'', 'Entity_2': '{\'title\': \'Asus EX-GTX1050-2G 145"
16,{'Output': 'mismatch'},"description\': \'  \""Proliant DL580 G5 487364001 8GB 2.4GHz Quad-Core Intel Xeon 128GB 64MB Cache 1066MHz\""@en Proliant Server DL580 G5 | SCAN UK@en 4873640"
17,{'Output': 'mismatch'},"52690V2 (25M Cache, 3.0 GHz) 25M Cache 3.0 GHz 125W 125W 125W 125W 125W 125W 125W 125W 125W 125W"
18,{'Output': 'match'},"2pack\', \'type\': \'2.5-inch Serial Attached SCSI (SAS) SFF 3G Dual Port Hot-Plug 10K Hard Drive\'}', 'Entity_2': '{\'title\': \'42D0421 IBM 146-GB 3G 10K 2.5 DP SAS HDD\', \'category"
19,{'Output': 'mismatch'},"\': \'16GB\', \'Brand\': \'Corsair\', \'description\': \'  ""Corsair Vengeance LPX CMK16GX4M4C3200C16 16GB 2x8GB 240-Pin DDR3 1333MHz Memory Module"", \""Null\""  ""Corsair Vengeance LP"
20,{'Output': 'mismatch'},"61-001 238921-B21-5Pack"" ""New 359461-001 HP 72.8-GB 10K FC-AL"", ""Null"" Price 359461-001 238921-B21-5Pack ""New"
21,{'Output': 'mismatch'},"akketpost 1-30 kg\': \'€ 2,50\', \'Pakketpost 1-30 kg (NL)\': \'€ 2,50\', \'Pakketpost 1-30 kg (BE)\': \'€ 2,50\', \'Pakketpost 1-30 kg (FR)\':"
22,{'Output': 'mismatch'},"\'[310590001]\', \'brand\': \'Manufacturer Part#\', \'category\': \'Null\', \'Category\': \'Proliant Server\', \'Sub-Category\': \'ML370T\', \'Generation\': \'G3\', \'Part Number\': \'310590-001\', \'Products ID"
23,{'Output': 'mismatch'},"hwtnesn\', \'description\': \'  \""WD My Cloud WDBCTL0060HWT - NAS server 6 TB\""@en-US ""Network | Laptops Outlet Direct""}'} -> match'}

{'Entity_1': '{\""brand\"": \""Apple\"", \""category\"": \""Apple Computer\"", \""description\"": \""  \""Apple 27\"" HDI 1"
24,{'Output': 'mismatch'},",-\', \'description\': \'  ""CMK32GX4M4A2400C14 Corsair Vengeance LPX 4GB 2400MHz 1.4V 1.4V 1.4V 1.4V 1.4V 1.4V 1.4V 1.4V"
25,{'Output': 'mismatch'},"': \'€ 3,95\', \'Opsturen vanaf €50,-\': \'€ 0,-\', \'description\': \'  \""WD Purple 1TB 7200RPM 3.5\"" SATA III 6Gb/s Harddisk - 1TB - 7200RPM - 3.5\"" - 6"
26,{'Output': 'mismatch'},K32GX4M2B3000C15 32GB (2x16GB) DDR4 3000MHz 288-Pin Desktop Memory Kit - Black - 1.35V - 2x16GB - 3000MHz - 1.35V - 15-17
27,{'Output': 'match'},"GB (2P Wholesale 359557-B21 Price 359557-B21\', \'subcategory\': \'\', \'sku\': \'359557b21\', \'type\': \'BL20PG2 Xeon 2.8GHz 1GB (2P) Blade\'}', 'Entity_"
28,{'Output': 'mismatch'},"{""Output"": ""match""}"
29,{'Output': 'mismatch'},453475-B21 HP Xeon L5335 2.0GHz DL140 G3 2.00GHz 4MB 65W 1333MHz 32nm Socket LGA-771 Intel Xeon L5335 2.00GHz 4MB 65W
30,{'Output': 'mismatch'},BX80660E52683V4 2.1 GHz 12 cores 24 threads 256 MB cache 100W 12500000000000000000000000000000000000000
31,{'Output': 'mismatch'},"\': \'HP CTO ONLY 4GB 2RX4 PC3-10600R-9 KI HP KI - 500658-B21 Server Memory CDWG.com\', \'category\': \'\', \'subcategory\': \'\', \'brand\': \'HP\', \'sku\': \'500658-B"
32,{'Output': 'mismatch'},"indle Speed\': \'7200 RPM\', \'description\': \'  ""HP 141941 DL320 349237-B21 80GB 7.2K 3.5 inch SATA Hard Drive 150MB/s 9ms 7200RPM 22-position Serial ATA ("
33,{'Output': 'mismatch'},"'{\""title\"": \""Intel Xeon 5339 2.40GHz 4-Core 8MB Cache 1066MHz 105W 533995-B22 Processor\"", \""category\"": \""Computers_Accessories\"", \""subcategory\"": \""Servers\"", \""brand\"": \""Intel\"", \""sku\"": \""53399"
34,{'Output': 'mismatch'},"00nm0011]\', \'brand\': \'Seagate\', \'category\': \'Drive\', \'description\': \'  \""Seagate 2TB Barracuda 3.5\"" 7200 RPM Internal Hard Drive\""@en Drive ST2000NM0011 - Filmtools\""@en  \"" \', \'title\"
35,{'Output': 'mismatch'},"HP\', \'Category\': \'Proliant Storage\', \'Sub-Category\': \'Hard Drive\', \'Generation\': \'Gen 8\', \'Part Number\': \'349237-B21\', \'Products ID\': \'459574\', \'Form Factor\': \'3.5 inch\', \'Capacity\': \'320GB"
36,{'Output': 'mismatch'},"'}"", 
'Entity_2': '{\""title\"": \""Null 306645-003 HP 72.8-GB U320 SCSI 15K\"", \""category\"": \""\"", \""subcategory\"": \""\"", \""brand\"": \""HP\"", \""sku\"": \""306645-003\"", \""type\"": \""Ultra3"
37,{'Output': 'mismatch'},"0 Green Mid Tower PC Gaming Case New Edition""@en Edition LN72032 - CA-H442W-M9 | SCAN UK""\'}'} -> match

{'Entity_1': '{\""/mpn\"": \""[fd8350frhkbox]\"", \""category\"": \""Processors\"", \""Categorie\"": \""Processors\"", \""Merk\"": \""AMD"
38,{'Output': 'mismatch'},"22244\', \'description\': \'  \""Samsung 850 EVO - solid state drive 250GB 2.5\"" (SATA III)\"" \"" Samsung 850 EVO MZ-N5E250BW Solid State Driv\', \'title\': \'Samsung 850 EVO - solid state drive 2"
39,{'Output': 'match'},"01 HP 72.8-GB 10K FC-AL 3.5 1.05\"" 10000RPM 40Pins HDD\', \'sku\': \'359461001\', \'type\': \'Hard Drive - Hot-Swap\'}', 'Entity_2': '{\'title\"
40,{'Output': 'mismatch'},"0,-\', \'description\': \'  \""WD 3TB 3000rpm 3.5 inch Hard Disk Drive 3000RPM 3.5 inch Hard Drive 3.5 inch Hard Drive 3.5 inch Hard Drive 3.5 inch Hard Drive 3.5 inch Hard Drive 3.5 inch Hard Drive 3"
41,{'Output': 'mismatch'},"2.26GHz BL680c G7 Processor\', \'category\': \'Computer Components\', \'subcategory\': \'Processors\', \'brand\': \'HP\', \'sku\': \'589073b21\', \'type\': \'Processor\', \'description\': \'  \""589073-B21 HP Xeon X"
42,{'Output': 'mismatch'},"x16GB"" Corsair Memory Kit 2x16GB 32GB 3000MHz 1.35V 288-Pin DDR4 Memory Kit 2x16GB 32GB 3000MHz 1.35V 288-Pin Corsair Vengeance LPX Black 32GB"
43,{'Output': 'mismatch'},"8GB CMU16GX4M2A2666C16R\', \'category\': \'Computer Memory\', \'subcategory\': \'DDR4 Memory\', \'brand\': \'Corsair\', \'sku\': \'2x8GB | CMU16GX4M2A2666C16R Novatech\', \'type\':"
44,{'Output': 'mismatch'},"description\': \'  \""456896-001 400GB 10K 2.5 SAS HDD\"", \""Null\"" Price 456896-001\"" \""New 456896-001 HDD Wholesale  \""De', \'title\': \'456896-0"
45,{'Output': 'mismatch'},"{""Output"": ""mismatch""}"
46,{'Output': 'mismatch'},"HP\', \'sku\': \'394793b21\', \'type\': \'PCI Express x4\', \'description\': \'  \""394793-B21 HP NC373F PCI Express Multifunction Gigabit Server Adapter\"" "" HP Adapter - 394793-B21 Ethernet Ad\'', 'Output':"
47,{'Output': 'match'},"International vanaf € 25,-\': \'€ 0,-\', \'description\': \'  ""TP-Link TL-SG1016 - 16-port managed switch"" @nl ""TP-Link TL-SG1016 - 16-port managed switch"" @en ""TP-Link TL-SG1016 - 16-port"
48,{'Output': 'mismatch'},"'{\""description\"": \""  \""492131-B21 HP Xeon E5506 2.13GHz DL380 G6\"" \""Null\""   \""Description:HP Intel Xeon E5506 DL380 G6(2.1\"", \""title\"": \""492131-B21 HP Xeon"
49,{'Output': 'mismatch'},"': \'2 x 1.5 TB SATA 7200 RPM 3.5 in Hard Drive\', \'description\': \'  \""221275-B21 221275-B21\"" \""Null\""   \""Description:221275-B21 221275-B21 22"
50,{'Output': 'mismatch'},"{""Answer"": ""match""}"
51,{'Output': 'match'},"80-KR\', \'type\': \'Description:EVGA GeForce GTX 1080 Founders Edition 8GB 3.0 1080p 1080p 1080p 1080p 1080p 1080p 1080p 1080p"
52,{'Output': 'mismatch'},"\'category\': \'Hard Drive\', \'description\': \'  \""InfiniBand 32GB 1.25\"" 1.25\"" 3.5\"" 3.5\"" 3.5\"" 3.5\"" 3.5\"" 3.5\"" 3.5\"" 3.5\"" 3.5\"""
53,{'Output': 'mismatch'},"\'128 MB\', \'description\': \'  ""233609-001 HP Enterprise 233609001 233609-001 Ultra3 SCSI Drive Array (RAID) 128 MB Cache 128MB Cache 128MB Cache 128MB Cache"
54,{'Output': 'mismatch'},\': \'10000000000000000000000000000000000000000000000000000000000000000000000000000
55,{'Output': 'mismatch'},":5 x 300GB 2.5-inch Serial Attached SCSI (SAS)SFF 3G Dual Port Hot-Plug 10K Hard DriveIn HPE Drive tray (as pictured)For G1-G7 Proliant\', \'sku\': [\'dg0300bahzq\', \'493083001\"
56,{'Output': 'mismatch'},"\': \'345021B21\', \'description\': \'  \""HP ProLiant BL20 G2 345021-B21 2.00 TB 1.85 GB 1.85 GB 1.85 GB 1.85 GB 1.85 GB 1.85"
57,{'Output': 'mismatch'},RFS821382477777777777777777777777777777777777777777777777777777777777777777777777
58,{'Output': 'mismatch'},"category\': \'Computers\', \'Categorie\': \'Monitoren\', \'Merk\': \'HP\', \'Product\': \'HP 2400 Series 24\"" Monitor\', \'Uitvoering\': \'24\"" 1080p 16:9 1000:1 2400 Series\', \'"
59,{'Output': 'mismatch'},"brand\': \'TP-Link\', \'Category\': \'Access Point\', \'description\': \'  \""TP-Link TL-WDN4800 1000Mbps 802.11n Wireless Range Extender\""@en 1000Mbps 802.11n Wireless Range Extender\', \'title\': \'TP-"
60,{'Output': 'mismatch'},"000 Hz (operating)\', \'description\': \'  \""Null\"" \""SV300S37A120G 120GB 3.5-inch SATA 6Gb/s Hard Drive\"", \""Null\"" Price SV300S37A120G 120GB 3.5-inch SATA 6Gb/s"
61,{'Output': 'mismatch'},"en  250GB  512MB  540MB/s  500MB/s  5 Year Warranty  4.32 oz  0.9"" H  3.2"" W  0.1"" D  SATA  850 EVO M2  250GB  5"
62,{'Output': 'mismatch'},"G5\', \'subcategory\': \'Processors\', \'sku\': [\'462711-B21\'], \'type\': \'Processor\'}', 'Entity_2': '{\'title\': \'462711-B21 HP X5450 3.0GHz ML370 G5 Processor\', \'category\':"
63,{'Output': 'mismatch'},"': \'359461007, 3594610072pack\', \'type\': \'Hard Drive Hot-Swap\' }', 'Entity_2': '{\""title\"": \""359461-007 HP 300-GB 10K FC-AL\"", \""category\"": \""Null\"", \"""
64,{'Output': 'mismatch'},"{""Output"": ""match""}"
65,{'Output': 'mismatch'},"\', \'type\': \'146GB 2.5-inch (SFF) Serial Attached SCSI (SAS) 6G Dual Port Hot-Plug 15K Hard DriveIn HPE Drive tray (as pictured)For G1-G7 Prolian\' }', 'Entity_2': '{\""title\"": \""EH0146FAWJB HP 1"
66,{'Output': 'mismatch'},"\'Desktop\', \'description\': \'  \""CMZ16GX3M2A1600C10 16GB 2 x 8GB 10-13-10 1600MHz 240-pin Desktop Unbuffered Memory Module 240-pin 2 x 8GB 1600MHz"
67,{'Output': 'mismatch'},"1000524ns\', \'type\': \'Hard Drive\'}'} -> match}

{'Entity_1': '{\""brand\"": \""Samsung\"", \""category\"": \""HardDrive\"", \""description\"": \""  \""Samsung 3200GB 3.5 inch 7200RPM Internal Hard Drive\""@en  \""Samsung 3200"
68,{'Output': 'mismatch'},"35\', \'description\': \'  \""Corsair CM16GX4M2B3000C15 16GB (2 x 8GB) DDR4 3000 MHz 15-17-17-35 CL15 Desktop Memory\""@en \""Corsair CM16GX4M2B300"
69,{'Output': 'mismatch'},"': \'397409-B21 HP 512MB 2-Pack 240p PC2-5300 CL5 64x8 Fully Buffered ECC DDR2-667 FBDIMM\', \'type\': \'Memory\'}', 'Entity_2': '{\""title\"": \""397409-B2"
70,{'Output': 'mismatch'},"40ns2pack\'], \'type\': \'Hard Drive - Hot-Swap - Gen8\' }', 'Entity_2': '{\""title\"": \""ST31000640NS Seagate 1-TB 7.2K 3.5 SATA\"", \""category\"": \""Null\"", \""subcategory\"": \""New ST3100064"
71,{'Output': 'match'},"': \'  ""HP 500658-B21 4GB (1 x 4GB) DDR3 1333MHz PC3-10600R-9 240-pin DIMM Memory Module 1333MHz (PC3-10600R-9) 4GB (1 x 4"
72,{'Output': 'match'},"630ns-2Pack\', \'type\': \'New ST3500630NS SA 2 Pack Wholesale\'}', 'Entity_2': '{\""title\"": \""ST3500630NS Seagate 500-GB 7.2K 3.5 3G SATA\"", \""category\"": \""StorageWorks\"", \"""
73,{'Output': 'mismatch'},"eg0146fartr\', \'type\': \'Hard Drive - Hot-Swap\'}', 'Entity_2': '{\""title\"": \""HP 146GB 10K 2.5\"" 6G SAS Drive\"", \""category\"": \""Hard Drive - Hot-Swap\"", \""subcategory\"": \""10K\"", \""brand\"": \""HP\"", \""sku"
74,{'Output': 'match'},"rijzen \""@NL Tweakers\""@NL\', \'category\': \'', \'subcategory\': \'\' , \'brand\': \'AMD\', \'sku\': \'amda67400\', \'type\': \'\' , \'description\': \'  \""AMD A6-7400K Boxed - Prijzen \""@NL Tweakers\""@"
75,{'Output': 'mismatch'},"250GB SATA SSD Solid State Drive\', \'sku\': [\'mzn5e250bw\', \'mzn5e250bw\'], \'type\': \'Solid-State Drive (Internal) - M.2 2280\'', 'Entity_2': '{\""title\"": \""Samsung 250GB 850 E"
76,{'Output': 'mismatch'},"-GB 5.4K 2.5 SATA 2.5-Inch Hard Drive 120GB 120GB 2.5-Inch 1/8H 5.4K 150MB/s 15ms 5400RPM\', \'subcategory\': \'431786-B21 2"
77,{'Output': 'mismatch'},"\': \'141941DL320HardDrives\', \'Capacity\': \'236GB\', \'Interface Type\': \'SATA\', \'Spindle Speed\': \'7200RPM\', \'price\': \'""USD\"", \""$125.95\""', \'description\': \'  \""349237"
78,{'Output': 'mismatch'},"‡\': \'[email protected]\', \'Max Resolution (DVI)‡\': \'[email protected]\', \'Max Resolution (HDMI 2.0)‡\': \'[email protected]\', \'Max Resolution (DisplayPort 1.4)‡\': \'[email protected]\', \'Max Resolution (eDP)‡\': \'[email protected]\"
79,{'Output': 'mismatch'},"]\', \'category\': \'Accessories\', \'subcategory\': \'Cables\', \'brand\': \'3M\', \'description\': \'  \""3M 3213000C15 3213000C15 3213000C15 3213000C15"
80,{'Output': 'mismatch'},"': \'Hard Drive\', \'Sub-Category\': \'SATA\', \'Form Factor\': \'2.5 inch\', \'Capacity\': \'250GB\', \'Interface Type\': \'SATA\', \'Rotational Speed\': \'5400RPM\', \'Data Transfer Rate\': \'3.0GB/s\', \'description\': \'  \""HP"
81,{'Output': 'mismatch'},"2K Hard Drive - Hot-Swap - Gen8\'', 'Entity_2': '{\""title\"": \""628061-S21 3.5 inch 7.2K 3000GB SATA 6G 3-TB Hard Drive - Hot-Swap - Gen8\"", \""category\"": \""Hard Drive - Hot-Swap - Gen8\"","
82,{'Output': 'mismatch'},"MDL) SATA SSD 572071-B21"", ""Null""  ""572071-B21 HP 60-GB 2.5 MDL SATA SSD"", ""Null""  ""572071-B21 HP 60-GB 2.5 MDL SATA SSD"", ""Null""  ""5"
83,{'Output': 'match'},".m. € 0,-)\': \'€ 0,-\', \'Pakketpost (vanaf € 20,-)\': \'€ 0,-\', \'Pakketpost (vanaf € 20,- i.c.m. € 0,-)\': \'€ 0,-\', \'Pakketpost (vanaf € 20,- i.c.m"
84,{'Output': 'mismatch'},"0008ww\', \'type\': \'Computer Fan\'}', 'Entity_2': '{\'title\': \'APC 120mm 1200000000000000000000000000000000000000000000"
85,{'Output': 'mismatch'},"Wholesale Price 750GB 7.2K 3.5 6G SP SATA"", \""Description:10 x HPE 750GB 3.5-inch 7.2K Midline MSA 2 SATA Hard Drive for StorageWorks systems\"", \""Description:10 x HPE 750GB 3.5-inch 7."
86,{'Output': 'match'},"94-B21 HP 146-GB 15K 3.5 SP SAS\', \'subcategory\': \'Price\', \'sku\': \'432094b212pack\', \'type\': \'5 Pack Wholesale\'}', 'Entity_2': '{\'title\': \'432094-B21 HP"
87,{'Output': 'mismatch'},"subcategory\': \'\', \'brand\': \'New 417190-002 HDD Wholesale\', \'sku\': \'417190002\', \'type\': \'Description:72GB 3.5-inch Serial Attached SCSI (SAS) Dual Port Hot-Plug 15K Hard Disk Drive\'}', 'Output"
88,{'Output': 'mismatch'},"0]\', \'category\': \'Processor\', \'Categorie\': \'Processors\', \'Merk\': \'Intel\', \'Productserie\': \'Core i7\', \'Product\': \'Intel Core i7-7400K\', \'Uitvoering\': \'Boxed\', \'EAN\': \'6759013648"
89,{'Output': 'mismatch'},"Drive - Internal\' }', 'Entity_2': '{\""title\"": \""456896-001 HP 400-GB 10K 3.5 DP SAS HDD\"", \""category\"": \""Storage\"", \""subcategory\"": \""Hard Drives\"", \""brand\"": \""HPE\"", \""sku\"": \""456896001\"","
90,{'Output': 'mismatch'},"brand\': \'HP\', \'sku\': \'658071b2110pack\', \'type\': \'Hard Drive - Hot-Swap - Gen8\', \'description\': \'  ""DISCO DURO INTERNO HDD HP PROLIANT"" ""HP 658071-B21 500GB 6G SATA"
91,{'Output': 'mismatch'},"kg\', \'Categorie\': \'Hardeschijven\', \'Merk\': \'Western Digital\', \'Productserie\': \'WD Black\', \'Product\': \'Western Digital WD Black 3TB 3000RPM 3.5 inch SATA III 6Gb/s Hardeschijf\', \'Uitvoering\': \'3.5 inch SATA III"
92,{'Output': 'mismatch'},"{""Output"": ""match""}"
93,{'Output': 'mismatch'},ston 4GB 3.3V 1.5V 1.8V 2.5V 3.3V 1.8V 2.5V 3.3V 1.8V 2.5V 3.3V 1.8V 2.5V 3.3V 1.8V
94,{'Output': 'mismatch'},"black 16GB 288-pin 2x8GB 1600MHz DDR3 1.5V\', \'Uitvoering\': \'2x8GB 1600MHz DDR3 1.5V\', \'EAN\': \'0740617256550\', \'SKU\': \'"
95,{'Output': 'mismatch'},"712001b\', \'Tweakers ID\': \'458093\', \'description\': \'  \""HP 404712-001 146,8GB U320 SCSI 15K HDD - Vraag & Aanbod \""@NL Tweakers\""@NL\', \'Gehe"
96,{'Output': 'mismatch'},"Laptop\""  ""Corsair Memory 4GB DDR3 SO-DIMM PC3-10666 (1333) Dual Channel Laptop""}'} -> match}

{'Entity_1': '{\""/mpn\"": \""[cmv4gx3m2a1333c9]\"", \""category\"": \""Desktop\"", \""Error Checking\"": \""Non-E"
97,{'Output': 'match'},"{""Answer"": ""match""}"
98,{'Output': 'mismatch'},"\'Interface\': \'PCI-E 3.0 x16\', \'description\': \'  \""GIGABYTE GeForce GTX 1060 1771 MHz 6GB 8008 GDDR5 PCI-E 3.0 DVI/HDMI/3XDP Mini-ITX Video Card\"" \""GIGABYTE GeForce GTX 1"
99,{'Output': 'match'},"169-002\', \'type\': \'Hard Drive - Hot-Swap\', \'description\': \'  \""430169-002 HP 72-GB 3G 15K 2.5 DP SAS HDD\""   \""Description:72GB 2.5-inch Serial Attached SCSI (SAS) SFF3"
100,{'Output': 'mismatch'},"G1016 16 Port 10/100/1000 Mbps Gigabit Unmanaged Switch 1U Rack Mountable Black\', \'category\': \'Network_Accessories\', \'description\': \'  \""TP-Link TL-SG1016 16Port 10/100/1000Mbps"
101,{'Output': 'mismatch'},"New 287497-B21 PC2100 Wholesale  ""D\', \'price\': \'""CAD"", ""$90.94 CAD""\', \'Storage Capacity\': \'1GB ( 2 x 512KB )\', \'Technology\': \'DDR SDRAM\', \'Form Factor\': \'DIMM 184-pin\',"
102,{'Output': 'mismatch'},"46fartr\', \'type\': \'2.5-inch Serial Attached SCSI (SAS) SFF 6G Dual Port Hot-Plug 10K Hard Drive\', \'description\': \'  \""EG0146FARTR HP 146-GB 6G 10K 2.5 DP SAS HDD\""   \""Description:1"
103,{'Output': 'mismatch'},"sku\': \'LN71434\', \'type\': \'M.2 SATA SSD\', \'description\': \'  \""Intel 540s 240GB M.2 SATA SSD/Solid State Drive with 256bit AES\""@en AES LN71434 - SSDSCKKW240H6X1\'}"
104,{'Output': 'mismatch'},"Products ID\': \'144373\', \'Type\': \'Hard Drive - Hot-Swap\', \'Capacity\': \'146GB\', \'Interface Type\': \'Serial Attached SCSI\', \'Spindle Speed\': \'10000RPM\', \'description\': \'  \""430165-003 HP 14"
105,{'Output': 'mismatch'},"031-B21 BL20P G2 Xeon 3.2GHz 2M (2P) Blade Server\', \'subcategory\': \'\', \'sku\': [\'359031b21\'], \'type\': \'Server\'}, {\'/sku\': \'[359031b21]\',"
106,{'Output': 'mismatch'},"', \'description\': \'  ""430169002 HP 72-GB 15K 2.5 DP SAS HDD"", ""Null"" Price 430169002"" ""New 430169002 HDD Whol\', \'title\': \'430169002"
107,{'Output': 'mismatch'},"Nederland\': \'€ 0,-\', \'description\': \'  \""Intel Xeon E5-2683 v4 2.7GHz 24C/48T 128GB 2.7GHz 24C/48T 128GB\"" ""Intel Xeon E5-2683 v4 2"
108,{'Output': 'mismatch'},"ketpost vanaf € 10,-\': \'€ 0,-\', \'description\': \'  \""Intel Pentium G4560 3.33 GHz 4 MB Cache 3.33 GHz 4 MB Cache 3.33 GHz 4 MB Cache 3.33 GHz 4 MB Cache 3.33 GHz 4"
109,{'Output': 'mismatch'},"{""Output"": ""mismatch""}"
110,{'Output': 'mismatch'},"\': \'7.2K\', \'Generation\': \'SATA\', \'Part Number\': \'ST31000640NS-5Pack\', \'Products ID\': \'466122\', \'Hot Swap Tray\': \'Not Included\', \'Capacity\': \'1TB\', \'Form Factor\': \'3.5 inches x 1"
111,{'Output': 'mismatch'},"\'  \""TP-Link TL-SG1016DE\""@en, \""TP-Link TL-SG1016DE\""@en, \""TP-Link TL-SG16\""@en, \""TP-Link TL-SG1016DE\""@en, \""TP-Link TL-SG1016DE\""@en, \"""
112,{'Output': 'mismatch'},"\': \'Price 394793-B21\', \'brand\': \'HP\', \'sku\': \'394793b21\', \'type\': \'PCI Express 1 Gbps Network Adapter\', \'description\': \'  \""394793-B21 HP 1 Gbps PCI-E 3.0 GB/s"
113,{'Output': 'mismatch'},"600)\', \'description\': \'  \""32GB Corsair CMK32GX4M2B3200C16 2400MHz DDR4 32GB 2x16GB Desktop Memory Kit 2400MHz 2400 MHz 2400 MHz 2400 MHz 2"
114,{'Output': 'mismatch'},"description\': \'  ""230534-B21 HP 40-GB 7.2K 2.5 DP SATA 100MBps 40 Pin IDC 100MBps 2.5 inch Hard Drive"", ""Null"" 2.5 inch Hard Drive 40GB 7.2K 100"
115,{'Output': 'mismatch'},"03 1TB 7.2K 3.5 6G SATA 64MB Cache 3.5\"" 7200 RPM SATA III 1TB 6Gbps 64MB Cache 3.5\"" 7200 RPM SATA III 1TB 6Gbps 64MB Cache 3.5\"" 7"
116,{'Output': 'match'},"05 5Pack\"" SATA 5 Pack Wh', \'title\': \'359461005 72.8-GB 10K FC-AL 3.5 2GB/s\', \'subcategory\': \'5 Pack\', \'sku\': \'3594610055pack\', \'type\': \'Storage"
117,{'Output': 'mismatch'},Server 400 MHz 4GB Max RAM 1P 10000000000000000000000000000000000000000000000000000000000000000
118,{'Output': 'mismatch'},"{""Output"": ""match""}"
119,{'Output': 'match'},"': \'may2073rc\', \'type\': \'Hard Drive\'}', 'Entity_2': '{\'title\': \'Fujitsu 10K 73GB 2.5 inch SAS HDD - 2 Pack\', \'category\': \'Hard Drives\', \'subcategory\': \'SAS\', \'brand\': \'Fujitsu\', \'"
120,{'Output': 'mismatch'},"- DDR2 4 GB : 2 x DIMM 240-pin\"" 240-pin 2 x DIMM 4 GB 240-pin 2 x DIMM 4 GB 240-pin 2 x DIMM 4 GB 240-pin 2 x DIMM 4 GB 240-pin 2 x DIMM"
121,{'Output': 'mismatch'},"""454141-002 HP 500-GB 1.5G 7.2K 3.5 NHP SATA"", ""Null"" ""New 454141-002 SATA 2 Pack Wholesale Price 454141-002-2Pack\', \'title\': \'45"
122,{'Output': 'mismatch'},"MB/s\', \'Hard Drive Type\': \'Hot-swap\', \'description\': \'  \""431786-B21 HP 120-GB 5.4K 2.5 DP SATA\"" \""Null\""   \""Description:120GB 2.5 inch 5.4K Hot-Plug Hard DriveIn HPE Drive tray"
123,{'Output': 'mismatch'},"""CMZ16GX3M2A1866C10 16GB 240-Pin DDR3 1866 MHz Memory Module 2x8GB 1.5V Non-ECC UDIMM 10-11-10-30 CAS Latency 1.5V Heat Sink Heat Spreader XMP"
124,{'Output': 'mismatch'},"\', \'description\': \'  \""Asus Crosshair V Formula-Z 90-MIBJ70-G0EAY0VZ\"" \""Null\""  \""Asus 90-MIBJ70-G0EAY0VZ Motherboard Crosshair V Formula-Z 90-MIBJ70-G0EAY0VZ 8-Port USB"
125,{'Output': 'mismatch'},"{""Output"": ""mismatch""}"
126,{'Output': 'mismatch'},"1941_HP_HardDrives\', \'Type\': \'Hard Drive - Hot-Swap\', \'Capacity\': \'250GB\', \'Interface Type\': \'SATA\', \'Spindle Speed\': \'7200RPM\', \'Ports\': \'Dual Port\', \'description\': \'  \""349237-B21 HP"
127,{'Output': 'match'},"\'SAS\', \'description\': \'  \""HP 146GB 15K 3.5\"" 2.5\"" 146GB 15K 3.5\"" 2.5\"" 146GB 15K 3.5\"" 2.5\"" 146GB 146GB"
128,{'Output': 'mismatch'},"""\', \'title\': \'122633-001 - FAN CHASSIS 120MM 130\', \'subcategory\': \'Price\', \'sku\': [\'122633001\'], \'type\': \'120mm Fan\'}, {\'title\': \'12263"
129,{'Output': 'mismatch'},"'{\""description\"": \""Lenovo 4X40L56488 4000000000000000000000000000000000000000000000000000000000000"
130,{'Output': 'mismatch'},"47,49\', \'description\': \'  ""Case Logic 16"" EVA-foam sleeve Black Black"" @nl Case Logic EVA-foam sleeve 16"" Zwart Zwart 85854221795 347222 40,54 6,95 47,"
131,{'Output': 'match'},-B21 301044-B21 301044-B21 301044-B21 301044-B21 301044-B21 301044-B21 301044-B21 301044
132,{'Output': 'mismatch'},"{""Output"": ""match""}"
133,{'Output': 'mismatch'},"03 2 Pack 146GB 10K 2.5\"" SAS Hard Drive 10000RPM 3.5ms 3072MB/s 3.5ms 2.5 inches x 1/3H (Low Profile) 146GB\""  \""430165-003"
134,{'Output': 'mismatch'},"15V 60Hz 115V 50Hz 120V 50Hz 120V 60Hz\', \'description\': \'  \""293472-001 HP 160-GB 160/320 Super DLT\"", \""Null\"" \""29347"
135,{'Output': 'mismatch'},"\', \'sku\': \'cmk8gx4m2b1066c10r\', \'type\': \'System Memory (RAM)\', \'description\': \'  \""Corsair Vengeance - DDR3 8 GB: 2 x 4 GB DIMM 240-pin\"" Memory (CMK8GX4M2B1066"
136,{'Output': 'match'},"\', \'description\': \'  \""TL-SG1005D 5-Port Gigabit Desktop Switch\"", \""Null\"" Price TL-SG1005D-5-Port Gigabit Desktop Switch  \', \'title\': \'TP-Link TL-SG1005D 5-Port Gigabit Desktop Switch\', \'subcategory\': \'Price\',"
137,{'Output': 'mismatch'},"_2': '{\'title\': \'WorkForce WF-100 Wireless Mobile Printer - Epson C11CE05201\', \'category\': \'\', \'subcategory\': \'\', \'brand\': \'Epson\', \'sku\': \'c11ce05201\', \'type\': \'Printer\'}', 'Output"
138,{'Output': 'mismatch'},"': \'€ 337,59\', \'description\': \'  \""Corsair Vengeance LPX 16GB 2400MHz DDR4 Memory Kit 2x8GB 1.3333333333333335GHz 1.33333333333333"
139,{'Output': 'mismatch'},"\'Application\': \'Hard Drive\', \'Server Model\': \'HP Proliant\', \'Compatibility\': \'HP Proliant Servers\', \'price\': \'""USD"", ""$149.95""\', \'description\': \'  ""HP 628061-S21 2.5"" 7.2K 1.6TB"
140,{'Output': 'match'},"\'subcategory\': \'G5 Wholesale\', \'sku\': \'493243b22\', \'type\': \'Price\'}', 'Entity_2': '{\'title\': \'493243-B22 HP Xeon X3330 2.66GHz DL120 G5\', \'category\': \'G"
141,{'Output': 'mismatch'},"1\', \'Products ID\': \'14296\', \'description\': \'  \""658071-B21 7.2K 3.5\"" 1.8\"" 2.5\"" 3.5\"" 3.5\"" 3.5\"" 3.5\"" 3.5\"" 3.5\"""
142,{'Output': 'mismatch'},"10Pack\', \'Products ID\': \'470578\', \'Capacity\': \'36.4GB\', \'Interface Type\': \'FC-AL\', \'Data Transfer Rate\': \'2GB/s\', \'Rotational Speed\': \'10000RPM\', \'Pins\': \'40\', \'Manufacturer\': \'HP/"
143,{'Output': 'mismatch'},"\', \'description\': \'  ""Sun 3.5 inch 10K 73GB Hard Drive Hot-Swap Fiber Channel 3.5 inch x 1 inch Plug-in Module ""@en 3.5 inch x 1 inch Plug-in Module ""@en 3.5 inch x 1 inch Plug-in Module ""@en 3.5 inch x 1 inch"
144,{'Output': 'mismatch'},"\'AMD A6 5400K Black Edition Dual Core APU 3.8/3.6GHZ Processor FM2 1MB Cache 65W Retail Box\', \'category\': \'Computer Components\', \'subcategory\': \'Processors\', \'brand\': \'AMD\', \'sku\': \'AD540KOKHJBOX\', \'type"
145,{'Output': 'mismatch'},"p PC2700 CL2.5 18c 128x4 Registered ECC DDR DIMM T027\', \'subcategory\': \'Memory\', \'sku\': \'358348b21\', \'type\': \'Memory\'}', 'Entity_2': '{\'title\': \'HP 358348"
146,{'Output': 'match'},"{""Answer"": ""mismatch""}"
147,{'Output': 'mismatch'},"Category\': \'Proliant HardDrive\', \'Sub-Category\': \'5.4K\', \'Generation\': \'SATA\', \'Part Number\': \'287494-B21-2Pack\', \'Products ID\': \'460079\', \'Type\': \'Hard Drive - Hot-Swap\', \'Form Factor\': \'"
148,{'Output': 'mismatch'},"Processor (AD560KWOHJBOX)\', \'subcategory\': \'\', \'brand\': \'AMD\', \'sku\': \'ad560kwohjbox\', \'type\': \'Processor\'}', 'Entity_2': '{\'title\': \'AMD A8-5600K Black Edition 3.60GHz ("
149,{'Output': 'mismatch'},"\'157866-001 HP Proliant Remote Insight Board\', \'subcategory\': \'\', \'sku\': \'157866001\', \'type\': \'Description: Proliant Option 157866-001 Remote Management Adapter - 100Base-TX - 10Base-T"
150,{'Output': 'mismatch'},"Apple\', \'description\': \'  \""Apple 128GB 10.5\"" 16GB 128GB 10.5\"" 16GB 128GB 10.5\"" 16GB 128GB 10.5\"" 16GB 128GB 10.5"
151,{'Output': 'mismatch'},00000000000000000000000000000000000000000000000000000000000000000000000000000000
152,{'Output': 'mismatch'},10K 6G SAS Hot-Swap Hard Drive - Dual Port - 2.5 inch - 10000RPM - 6Gbps - 300GB - 2.5 inch - 10000RPM - 6Gbps - 300GB - 2.5 inch - 1000
153,{'Output': 'mismatch'},",-)\': \'€ 0,-\', \'iDEAL\': \'€ 0,-\', \'Opsturen\': \'€ 0,-\', \'Pakketpost (vanaf € 36,24)\': \'€ 0,-\', \'description\': \'  \""Cooler Master Elite 130 Mini ITX Case\""@en Case LN"
154,{'Output': 'mismatch'},"{""Output"": ""match""}"
155,{'Output': 'mismatch'},"': \'  \""430165-003 HP 146-GB 3G 10K 2.5 DP SAS\"", \""Null\"" Price 430165003\"" \""430165-003 HP 146-GB 3G 10K 2.5 DP"
156,{'Output': 'match'},"93-B22 HP Xeon 2.80GHz 2.80GHz Dual-Core 533993-B22 Processor\', \'sku\': \'533993b22\', \'type\': \'Processor\'}', 'Entity_2': '{\'title\': \'533993-B22 HP X"
157,{'Output': 'mismatch'},"\', \'Hard Drive Bays\': \'2\', \'Hard Drive Bay Type\': \'2.5 inch\', \'Hard Drive Bay Count\': \'2\', \'Fan Type\': \'120mm\', \'Fan Count\': \'1\', \'Fan Speed\': \'120mm 1200 RPM\', \'Hard Drive Bay Dimensions\': \'2."
158,{'Output': 'mismatch'},"1TB 3.5 6G SATA Hard Drive"", ""Null"" ""New ST1000NM0033 SATA Wholesale Price ST1000NM0033 SATA 1TB 3.5 6G SP SATA 7200RPM 1TB 3.5 6G SP SATA 7200RPM"
159,{'Output': 'mismatch'},"\'description\': \'  \""TP-Link TL-WN781N\""@en  \""TP-Link TL-WN781N\""@en  \""TP-Link TL-WN781N\""@en  \""TP-Link TL-WN781N\""@en  \""TP-Link TL-WN781N\""@en"
160,{'Output': 'match'},2.5 inch 10K 73GB 300MB/s 4ms 4.5V 10000RPM 2.5 inch 1/3H (Low Profile) 3.5mm 10000RPM 2.5 inch 1/3H (Low Profile) 3.5
161,{'Output': 'mismatch'},"Category\': \'Hard Drive\', \'Sub-Category\': \'5.4K\', \'Generation\': \'SATA\', \'Part Number\': \'HP 431786-B21-2Pack\', \'Product ID\': \'460079_HP_HardDrives\', \'Type\': \'Hard Drive - Hot-Swap\', \'Form"
162,{'Output': 'mismatch'},"1,99\', \'description\': \'  \""90YV06P0-M0NA00 GT730-SL-2GD3-BRK\""  \""90YV06P0-M0NA00 GT730-SL-2GD3-BRK\""  \""90YV06P0-M0NA"
163,{'Output': 'mismatch'},",-)\': \'€ 0,-\', \'Opsturen UPS Standard (vanaf € 99,-)\': \'€ 18,83\', \'Opsturen UPS Standard (vanaf € 75,-)\': \'€ 18,83\', \'Opsturen UPS Standard (vanaf € 36,24)\': \'€"
164,{'Output': 'mismatch'},"{""title"": ""HP 300GB 3G 10K 2.5 DP SAS Hard Drive - Prijzen \""}"
165,{'Output': 'mismatch'},"29,-\', \'Pakketpost Nederland\': \'€ 0,-\', \'iDeal\': \'€ 0,-\', \'Totaal\': \'€ 129,-\', \'Pakketpost DPD\': \'€ 3,95\', \'Pakketpost (tot € 20,-)\': \'€ 0,-\',"
166,{'Output': 'mismatch'},"3G 10K 2.5 DP SAS HDD"" ""HP DG0300BAHZQ HDD Part# -DG0300BAHZQ""  ""Description:300GB 2.5-inch Serial Attached SCSI (SAS)SFF 3G Dual Port Hot-Plug 10K Hard DriveIn HPE Hot-Plug"
167,{'Output': 'mismatch'},2 Xeon 3.2GHz 2M (2P) Blade Server Processor 3.2GHz 2M (2P) 2P 2P 2P 2P 2P 2P 2P 2P 2P 2P 2P 2P 2P 2P 2P 2P 2
168,{'Output': 'mismatch'},"HP 60-GB 2.5-Inch SATA III 3GB/s SSD - 572071-B21\', \'category\': \'HP 60GB 2.5\"" SATA III 3GB/s SSD\', \'subcategory\': \'60GB 2.5-inch Hot-Plug Midline (MDL) Serial ATA (S"
169,{'Output': 'match'},"2V\', \'description\': \'  \""co9050013ww Corsair 120mm x 25mm 7V - 12V 120mm Fan\""  \""Null\"" Price co9050013ww\""  \""Description: 120mm x 25mm 7V -"
170,{'Output': 'mismatch'},"{""Output"": ""mismatch""}"
171,{'Output': 'mismatch'},"Ports\', \'description\': \'  \""ReadyNAS 212 2 Bay NAS System\""@en \""ReadyNAS 212 2 Bay NAS System\""@en  \""ReadyNAS 212 2 Bay NAS System\""@en  \""ReadyNAS 212 2 Bay NAS System\""@en  \""ReadyNAS 212 2"
172,{'Output': 'mismatch'},"': \'Black\', \'description\': \'  \""Corsair CS-RSP120D 120mm 25mm 1450 RPM 37.85 CFM 23 dBA 7V - 12V Black Fan\"" ""Null"" ""Corsair CS-RSP120D 120mm 25"
173,{'Output': 'mismatch'},"Hard Drive\': \'No\', \'description\': \'  \""ST1000NM0033 Seagate 1TB 7.2K 3.5 SATA HDD \""  \""ST1000NM0033 Seagate 1TB 7.2K 3.5 SATA HDD \""  \""ST1000NM00"
174,{'Output': 'mismatch'},"': \'€ 0,-\', \'Pakketpost (boven € 100,-)\': \'€ 0,-\', \'Pakketpost (boven € 20,-)\': \'€ 0,-\', \'Pakketpost (boven € 30,-)\': \'€ 0,-\', \'Pakketpost (boven €"
175,{'Output': 'mismatch'},"215pack]\', \'brand\': \'HP\', \'category\': \'Proliant HardDrive\', \'Category\': \'Proliant HardDrive\', \'Sub-Category\': \'Solid State Drive\', \'Generation\': \'SATA SSD\', \'Part Number\': \'653078-B215\', \'Products ID\': \'48"
176,{'Output': 'mismatch'},"C15FWK2/32)""  ""Kingston Fury White 32GB (2x16GB) DDR4 PC4-19200C15 2400MHz Dual Channel Kit (HX424C15FWK2/32)""  ""Kingston Fury White 32GB (2x16GB"
177,{'Output': 'mismatch'},"Desktop\', \'Part Number\': \'BX80677-I57500\', \'description\': \'  ""Intel Core i5-7500 3.40GHz 4-Core 8-Thread 15MB Cache 65W Desktop Processor"", ""Null""   ""Description: Intel Core i5-7500 3"
178,{'Output': 'mismatch'},"description\': \'  \""HP 359461-005 2 Pack 72.8GB 10K 3.5 inch x 1 inch Plug-in Module Hard Drive Hot-Swap FC-AL 2GB/s\""@en 3594610052pack - 35946100"
179,{'Output': 'mismatch'},"\""500668-B21 HP 1GB 1333MHz 240-pin Unbuffered ECC DIMM Memory\"", \""Null\"" \""New 500668-B21 1GB 1333MHz 240-pin Unbuffered ECC DIMM Memory 1333MHz (PC3-1"
180,{'Output': 'mismatch'},"20 GHz, 4 MB Cache, 2 GB DDR3L, 1000 MHz, 1000 MHz, 1000 MHz, 1000 MHz, 1000 MHz, 1000 MHz, 1000 MHz, 1000 MHz, 1000 MHz,"
181,{'Output': 'mismatch'},"{""Output"": ""mismatch""}"
182,{'Output': 'mismatch'},title\': \'658102-001-SC 2TB 7.2K 3.5 SATA SC Hard Drive 6G 2000GB 2000GB 2000GB 2000GB 2000GB 2000GB 2000GB 20
183,{'Output': 'mismatch'},"\', \'Sub-Category\': \'7.2K\', \'Generation\': \'SATA\', \'Part Number\': \'ST1000NM0033\', \'Products ID\': \'456520\', \'Capacity\': \'1TB\', \'Form Factor\': \'3.5 inches x 1/3H\', \'Interface\':"
184,{'Output': 'mismatch'},"\'  \""Corsair Vengeance - DDR3 8 GB: 2 x 4 GB DIMM 240-pin\""@es  \""Corsair Vengeance - DDR3 8 GB: 2 x 4 GB DIMM 240-pin\""@en  \""Corsair Vengeance - DDR3 8 GB: 2 x 4 GB DIMM"
185,{'Output': 'mismatch'},",23\', \'description\': \'  \""Sandisk Ultra SDXC Class 10 UHS-I 80MB/s 64GB\"", \""Null\""  \""Sandisk Ultra SDXC Class 10 UHS-I 80MB/s 64GB\""  \""Sandisk Ultra SDXC Class 10 UHS-I 80MB/s"
186,{'Output': 'match'},"AL""@en ""Description:HP 146.8-GB 10K FC-AL Drive 146.8-GB 10K FC-AL Drive 146.8-GB 10K FC-AL Drive 146.8-GB 10K FC-AL Drive 146.8-GB"
187,{'Output': 'mismatch'},"0RPM 3.5\"" 2TB SATA Hard Drive\'', 'Entity_2': '{\'title\': \'Seagate 2TB 7.2K 3.5 inch SATA Hard Drive - ST2000NM0011\', \'category\': \'Hard Drive\', \'subcategory\': \'Hard Drive\', \'brand\': \'Seagate"
188,{'Output': 'mismatch'},"Hard Drive\', \'description\': \'  \""HP ProLiant 51274300110Pack 2.5\"" 3.5\"" 1.8\"" 5400RPM 300GB 7200RPM 300GB 3.5\"" 1.8\"" 540"
189,{'Output': 'mismatch'},"20,-\': \'€ 0,-\', \'description\': \'  \""NZXT S340 Elite\"" 340p 340p 340p 340p 340p 340p 340p 340p 340p 340p 34"
190,{'Output': 'mismatch'},GA1151 4C/4T 6M 65W 3.80GHz Turbo 8 GT/s DMI3 14nm 3.40GHz 3.80GHz 65W 3.40GHz 3.80GHz 65W 3.40GHz 3.80GHz
191,{'Output': 'mismatch'},HP 658071-B21 500GB 6G 7.2K 3.5 SATA SC 10Pack 100000000000000000000000000000000000000000000
192,{'Output': 'mismatch'},"ketpost (vanaf € 25,-)\': \'€ 0,-\', \'description\': \'  \""Seagate Expansion Portable 1TB Zwart\"" 1TB 2.5\"" USB 3.0 Harddisk Drive (STEA1000400) 1TB 2.5\"" USB 3.0 Harddisk Drive (ST"
193,{'Output': 'mismatch'},"\'459457hp\', \'description\': \'  \""HP 658071-B21\""  \""Hard Drive 7.2K 2.5\"" 120GB 5400RPM 36MB Cache 100MB/s 1.8\"" 3.5\"" 2.5\"""
194,{'Output': 'mismatch'},"1': '{\""brand\"": \""Samsung\"", \""category\"": \""Hard Drives\"", \""subcategory\"": \""Hard Drives\"", \""type\"": \""Hard Drive\"", \""description\"": \""Samsung 320GB 3.5\"" Hard Drive\"", \""title\"": \""Samsung 320GB 3.5\"" Hard Drive\"", \""sku\"": \""98103311"
195,{'Output': 'mismatch'},"{""description"": ""\""}"
196,{'Output': 'mismatch'},"\', \'Part Number\': \'756601-B21\', \'Products ID\': \'144373\', \'description\': \'  \""756601-B21 HP 128-GB 3.5 SATA 6G 128GB SSD\"", \""Null\"" Price 756601-B"
197,{'Output': 'mismatch'},"00DM003\', \'type\': \'Hard Drive (HDD)\', \'description\': \'  \""Seagate Barracuda 1TB Internal SATA 3 Hard Drive\""@en \""\u25b7 Seagate Barracuda 1TB Internal SATA 3 Hard Drive | OcUK'}'} -> match'}

{'Entity_1': '{\""brand"
198,{'Output': 'match'},"021]\' , \'category\': \'\', \'description\': \'  ""4541410021 4541410021 4541410021 4541410021 4541410021 45414"
199,{'Output': 'mismatch'},FX-8350 8-Core 3.6 GHz Processor 3.60 GHz 8-Core 8-Thread 125W 125W 125W 125W 125W 125W 125W 125W 125W 125W 1
200,{'Output': 'mismatch'},"harddrives]\', \'/mpn\': \'[141941dl320harddrives]\', \'category\': \'Hard Drives\', \'brand\': \'Western Digital\', \'description\': \'  \""Western Digital 320GB 7200RPM 3.5\"" Hard Drive (WD14194"
201,{'Output': 'match'},"Network Attached Storage (NAS) System\'', 'Entity_2': '{\'title\': \'NETGEAR ReadyNAS 212 2-Bay Network Attached Storage for Personal Cloud, Diskless (RN21200-100NES)\', \'category\': \'Networking Products\', \'subcategory\': \'Price\', \'brand\': \'NETGEAR\',"
202,{'Output': 'mismatch'},"7 2.13GHz 12-Core 32nm 105W Intel Xeon Processor\', \'subcategory\': \'603608-B21\', \'brand\': \'HP\', \'sku\': \'643778b21\', \'type\': \'Processor\', \'description\': \'  ""6437"
203,{'Output': 'match'},"659145867,  619659145868,  619659145869,  619659145870,  619659145871,  61965914"
204,{'Output': 'mismatch'},"Desktop PC Computer Case Black\', \'subcategory\': \'Computer cases\', \'brand\': \'Corsair\', \'sku\': \'cc9011082ww\', \'type\': \'Hard Drive\'}, {'title': 'Corsair Carbide 400Q 20000000000000000000"
205,{'Output': 'mismatch'},"title\': \'DG0146FAMWL HP 146-GB 6G 10K 2.5 DP SAS 5 Pack\', \'category\': \'New\', \'subcategory\': \'DG0146FAMWL SAS 5 Pack Wholesale Price\', \'brand\': \'HP\', \'sku\': \'dg0146"
206,{'Output': 'mismatch'},"\'[456896001]\', \'/productID\': \'[455699hp]\', \'/sku\': \'[hp45689600110pack]\', \'brand\': \'HP\', \'category\': \'\', \'Manufacturer\': \'Hewlett Packard\', \'Category\"
207,{'Output': 'match'},"0NM0011-5Pack\', \'Products ID\': \'470492\', \'Capacity\': \'2TB\', \'Form Factor\': \'3.5 inches x 1/3H\', \'Interface\': \'Serial ATA\', \'External Data Transfer Rate\': \'600MB/s\', \'Spindle Speed\': \'720"
208,{'Output': 'mismatch'},3.33GHz 4-Core 120W 1333MHz 256KB L1 12MB L2 45nm 45nm 45nm 45nm 45nm 45nm 45nm 45nm 45nm 45nm 45nm 45
209,{'Output': 'mismatch'},"[\'359557b21\', \'359557b212p\'], \'type\': \'Blade Server 359557-B21 2.8GHz 1GB 2P 100000000000000000000000"
210,{'Output': 'mismatch'},"KN1\', \'Tweakers ID\': \'155340\', \'Productprijs\': \'€ 45,92\', \'Pakketpost DPD\': \'€ 3,95\', \'iDeal\': \'€ 0,-\', \'Totaal\': \'€ 51,91\', \'Pakket"
211,{'Output': 'mismatch'},"akketpost (vanaf € 29,95)\': \'€ 0,-\', \'Pakketpost (tot 10 kg)\': \'€ 0,-\', \'Pakketpost (vanaf € 29,95)\': \'€ 0,-\', \'Pakketpost (vanaf € 29,95)\':"
212,{'Output': 'mismatch'},"{""Answer"": ""mismatch""}"
213,{'Output': 'mismatch'},"4 349237-B21 80GB 7.2K 3.5 SATA HDD""  ""Description:80GB 1.5G 7.2K 3.5 SATA HDD""}', 'Entity_2': '{\""title\"": \""349237-B21 HP 80-GB 1."
214,{'Output': 'mismatch'},1GB 512k 3.06GHz 533fsb 1GB 512k 3.06GHz 533fsb 1GB 512k 3.06GHz 533fsb 1GB 512k 3.06GHz 533fsb
215,{'Output': 'mismatch'},"-2017\', \'description\': \'  \""Ryzen 5 1400 (YD1400BBAEBOX)\""@es \""AMD Ryzen 5 1400 (YD1400BBAEBOX)\""@es\', \'title\': \'AMD Ryzen 5 1400 3"
216,{'Output': 'mismatch'},"1000524NS\', \'Description\': \'Seagate Barracuda 7.2K 1000GB 3.5\"" SATA Hard Drive\', \'EAN\': \'00730143302517\', \'SKU\': \'ST31000524NS\', \'description\':"
217,{'Output': 'mismatch'},"GTX 1070 Turbo 8GB\', \'description\': \'  ""ASUS NVIDIA GeForce GTX 1070 Turbo 8GB Graphics Card"", \""Null\"" ""ASUS NVIDIA GeForce GTX 1070 Turbo 8GB Graphics Card"", \""Null\"" ""ASUS NVIDIA GeForce GTX 1070 Turbo 8GB Graphics Card"", \""Null\"""
218,{'Output': 'mismatch'},"0GB 7.2K 3.5 SATA 3.5"" ""Null""   ""Description:5 x Seagate 500GB 7.2K 3.5 SATA 3.5-inch Hard Drive in 5-Pack\', \'title\': \'ST3500630NS 500GB 7.2K"
219,{'Output': 'mismatch'},"': \'ASUS GeForce GTX 1070 8GB\', \'Uitvoering\': \'Boxed\', \'EAN\': \'4712900459623\', \'SKU\': \'90YV09P0M0NA00\', \'description\': \'  \""ASUS GeForce GTX 107"
220,{'Output': 'mismatch'},"0000RPM\', \'description\': \'  ""518736-001 HP 450-GB 10K FC-AL HDD"", ""Null"" Price 518736-001-10Pack"" ""New 518736-001 FC-AL 10K"
221,{'Output': 'match'},5-Inch SAS Hard Drive - 2.5-Inch Hot-Swap Hard Drive - 146GB 15K 2.5-Inch SAS Hard Drive - 2.5-Inch Hot-Swap Hard Drive - 146GB 15K 2.5-Inch SAS Hard Drive - 2.5-Inch Hot-Swap Hard Drive
222,{'Output': 'mismatch'},"46GB\', \'description\': \'  ""HP EG0146FARTR 146GB 10K 2.5 SAS Hard Drive - Hot-Swap"", ""HP Hard Drive - Hot-Swap"" Price 457490_HP_HardDrives\"" ""HP EG0146FARTR 146GB"
223,{'Output': 'mismatch'},"Unbuffered)\', \'Memory Speed\': \'PC4-2933 (7333)\', \'Pins\': \'260\', \'CAS Latency\': \'15-15-15-37\', \'Voltage\': \'1.35 V\', \'description\': \'  ""Corsair Memory 64GB V"
224,{'Output': 'mismatch'},"{""Output"": ""match""}"
225,{'Output': 'mismatch'},"\', \'description\': \'  \""Corsair - Carbide 2000 2000 2000 2000 2000 2000 2000 2000 2000 2000 2000 2000 2000 2"
226,{'Output': 'mismatch'},3-B21Manufacturer: Hewlett-PackardModel: 432803-B21Capacity: 512MBTechnology: DDR RAMBus Clock: 677MHzForm Factor: 184-pinMemory Type: PC2-5300Memory Speed: 677MHzMemory Type: DDR RAMMemory Type: PC2-53
227,{'Output': 'mismatch'},000 120mm Fan 1 x 120mm 10000000000000000000000000000000000000000000000000000000000000
228,{'Output': 'mismatch'},"A1600C9B\', \'description\': \'  \""Corsair Vengeance Blue 4Gb DDR3 1600 (1x4Gb) CL9 M\""@en ', \'title\': \'Corsair Vengeance Blue 4Gb DDR3 1600 (1x4Gb) CL9 M\', \'subcategory\': \'Memory"
229,{'Output': 'mismatch'},"{""Output"": ""mismatch""}"
230,{'Output': 'mismatch'},"{""Output"": ""match""}"
231,{'Output': 'mismatch'},"{""Output"": ""mismatch""}"
232,{'Output': 'mismatch'},"{""sku"": ""658102001sc""}"
233,{'Output': 'mismatch'},"\'408854b21\', \'type\': \'Memory\'}', 'Entity_2': '{\'title\': \'Null\', \'category\': \'Price 408854-B21\', \'subcategory\': \'New 408854-B21 Kit Wholesale\', \'brand\': \'HP\', \'sku\':"
234,{'Output': 'mismatch'},"8GB 2.5-inch Serial Attached SCSI (SAS)SFF 6G Dual Port Hot-Plug 15K Hard DriveIn HPE Drive tray (as pictured)For G1-G7 Proliant\"" \""Null\""   \""Description:128GB 2.5-inch Serial Attached SCSI (SAS)SFF 6G Dual Port Hot-"
235,{'Output': 'mismatch'},"/8MB/Socket LGA-771/65nm)\' }', 'Entity_2': '{\""title\"": \""442992-B21 HP Xeon E5335 2.0GHz DL140 G3 1000000000000000000000"
236,{'Output': 'match'},"1TB Barracuda 7200.11 - Discussies & Vragen \""@NL Tweakers\""@NL', \'title\': \'Seagate Barracuda 7200.11 ST31000340AS 1TB - Discussies & Vragen \""@NL Tweakers\""@NL', \'subcategory\': \'Hard"
237,{'Output': 'mismatch'},10000000000000000000000000000000000000000000000000000000000000000000000000000000
238,{'Output': 'mismatch'},"""Description:HP 146GB 3.5-inch LFF Serial Attached SCSI (SAS) 15K 2 Pack Hot-Plug Midline (MDL) Hard Drive"", \'title\': \'431943-003 HP 146-GB 15K 3.5 SP SAS 2 Pack\', \'"
239,{'Output': 'mismatch'},"\', \'Manufacturer:\\xa0\\xa0\': \'Intel\', \'Mfg. Part #:\' : \'BX80662I76700K\', \'UPC Code:\': \'735858301619\', \'description\': \'  \""Intel BX80662I76700K Core I"
240,{'Output': 'match'},23-B21 359623-B21 359623-B21 359623-B21 359623-B21 359623-B21 359623-B21 359623-B21 3596
241,{'Output': 'mismatch'},"{""Output"": ""match""}"
242,{'Output': 'mismatch'},"200 2400Mhz C14\', \'type\': \'Memory Kit\', \'description\': \'  \""Corsair 32GB (4x8GB) Vengeance LPX DDR4 Black 2400Mhz C14\"" \""Corsair 32GB PC4-19200 288-pin DDR"
243,{'Output': 'mismatch'},"{""Output"": ""match""}"
244,{'Output': 'mismatch'},"merking\': \'Gebruik van de producten is alleen toegestaan voor de bedoelingen die zijn genoemd in de algemene voorwaarden. De producten zijn niet geschikt voor gebruik in de vervoer, transport of opslag van gevaarlijke stoffen of producten. De producten zijn niet geschikt voor gebruik in"
245,{'Output': 'mismatch'},"233609-001\', \'category\': \'\', \'subcategory\': \'\', \'brand\': \'HP Enterprise\', \'sku\': \'233609001\', \'type\': \'Storage Array Controller\', \'description\': \'  \""HP Smart Array P600/512 Controller - 2"
246,{'Output': 'match'},"00  ""AMD Athlon X4 870K 95w Quiet Cooler"", 95w  ""AMD Athlon X4 870K 95w Quiet Cooler"", 95w  ""AMD Athlon X4 870K 95w Quiet Cooler"", 95w  ""AMD Athlon X4 8"
247,{'Output': 'mismatch'},"': \'Hard Drives\', \'type\': \'Hard Drive\'}', 'Entity_2': '{\'title\': \'341-1237 Dell 36-GB U320 SCSI HP 15K w/9D988\', \'category\': \'Hard Drives\', \'subcategory\': \'Hard Drives\', \'brand\"
248,{'Output': 'match'},"\'Dell\', \'category\': \'Computer Accessories\', \'subcategory\': \'Network Adapters\', \'description\': \'  ""Dell 10/100/1000Base-T Gigabit Ethernet Adapter"", ""Dell 10/100/1000Base-T Gigabit Ethernet Adapter 10/100/10"
249,{'Output': 'mismatch'},"000524ns\'], \'type\': \'Description:1000GB 3.5-inch 7.2K 3G SATA Hot-Plug 32MB Cache 8.5ms Seek Time 10000000000000000000000000000"
250,{'Output': 'mismatch'},"000rpm\', \'description\': \'  \""359461001 10000rpm 3.5 inch 250gb Hard Drive\""@en for $', \'title\': \'HPE 359461001 10000rpm 3.5 inch 250gb"
251,{'Output': 'mismatch'},"us0003us]\', \'brand\': \'Lenovo\', \'category\': \'Hard Drive Bays\', \'subcategory\': \'Hard Drive Bays\', \'description\': \'  ""Lenovo 80US0003US 2.5\"" Hard Drive Bay Adapter 1000000000000000"
252,{'Output': 'mismatch'},"\', \'description\': \'  \""BX80662I56400 Intel Core i5-6400 3.30GHz 4MB Cache 6400MB 4x4 4500MT/s 3.3V 2.4V 2.5V 2.9V 3.3"
253,{'Output': 'mismatch'},"\': \'Nee\', \'Brand\': \'Corsair\', \'Type\': \'Memory\', \'Form Factor\': \'DIMM 240-pin\', \'Capacity\': \'8 GB\', \'Speed\': \'2666 MHz\', \'Technology\': \'DDR3\', \'Color\': \'Black\', \'description\': \'  \""Corsair Vengeance"
254,{'Output': 'mismatch'},363-B21 HP 3Gbps SAS/1.5Gbps SATA 2.5GB/s 12GB/s 8.7TB 300MB/s Bandwidth 300MB/s Bandwidth 300MB/s Bandwidth 300MB/s Bandwidth 300MB/s Bandwidth 300MB
255,{'Output': 'mismatch'},"8 G9 240-GB 6G 2.5 SATA RI SC SSD\', \'sku\': \'804587b21\', \'type\': \'240GB 2.5-inch (LFF) Serial ATA (SATA) 6G 2.5 SATA RI SC SSD in G8 G9 (Gen8 Gen"
256,{'Output': 'mismatch'},"\'Netwerkadapters\', \'Merk\': \'TP-Link\', \'Product\': \'TP-Link TL-WN881ND\', \'Uitvoering\': \'TP-Link TL-WN881ND\', \'EAN\': \'6935364050573\', \'SKU\': \'TL-WN8"
257,{'Output': 'mismatch'},"149.95\', \'description\': \'  \""Asus Prime X299-Deluxe - Prijzen \""@NL Tweakers\""@NL', \'title\': \'Asus Prime X299-Deluxe - Prijzen \""@NL Tweakers\""@NL', \'subcategory\': \'Motherboards\', \'brand\': \'Asus"
258,{'Output': 'mismatch'},\'1000000000000000000000000000000000000000000000000000000000000000000000000000000
259,{'Output': 'mismatch'},"\'  \""HP ProLiant DL380 G7 643778-B21 Intel Xeon 2.13GHz 12-Core 30MB L3 Cache 32nm 64-Bit 105W 2.13GHz 12-Core 30MB L3 Cache 32nm 6"
260,{'Output': 'mismatch'},4C/8T 15MB Cache 95W 4.20GHz 4.20GHz 4.0GHz 4.20GHz 4.20GHz 4.20GHz 4.20GHz 4.20GHz 4.20GHz 4.20GHz 4.20GHz
261,{'Output': 'mismatch'},497765-B21 4GB 2x240-pin DDR2 4GB 2x240-pin 497765-B21 4GB 2x240-pin DDR2 4GB 2x240-pin 497765-B21 4GB 2x2
262,{'Output': 'mismatch'},"Pakketpost (vanaf € 29,95)\': \'€ 0,-\', \'Pakketpost (vanaf € 29,95)\': \'€ 0,-\', \'Pakketpost (vanaf € 29,95)\': \'€ 0,-\', \'Pakketpost (vanaf € 29"
263,{'Output': 'mismatch'},"indle Speed\': \'10000RPM\', \'price\': \'""CAD"", ""$124.99 CAD""\', \'description\': \'  ""508429-001 HP 400-GB 10K 3.5 DP NHP SAS"", ""Null"" ""New 508429"
264,{'Output': 'mismatch'},"\', \'Pakketpost DPD (boven €20,-)\': \'€ 0,-\', \'Pakketpost DPD (boven €20,-) 10000000000000000000000000000000000000000"
265,{'Output': 'match'},"\'\', \'brand\': \'\', \'sku\': \'\', \'type\': \'\', \'description\': \'  \""Corsair Flash Voyager GO Drive 32GB\""@en 32GB 128GB 256GB 512GB 1TB 2TB 4TB 8TB 16TB"
266,{'Output': 'mismatch'},"{""Answer"": ""mismatch""}"
267,{'Output': 'mismatch'},", 45nm, 3.6GHz, 2.40GHz, 45nm, 2.40GHz, 3.6GHz, 2.40GHz, 3.6GHz, 2.40GHz, 3.6GHz, 2.40GHz, 3.6GHz, 2.4"
268,{'Output': 'mismatch'},"{""Output"": ""match""}"
269,{'Output': 'mismatch'},".5 DP SAS 10Pack\', \'subcategory\': \'Null\', \'sku\': \'512743001\', \'type\': \'Hard Drive - Hot-Swap\'}', 'Entity_2': '{\'title\': \'HP 512743001 72GB 15K 2.5"
270,{'Output': 'mismatch'},"{""Output"": ""mismatch""}"
271,{'Output': 'match'},C16) - 2666 MHz - 16GB (2x8GB) - Non-ECC - 16-18-18-35 - 1.2V - XMP 2.0 - 288-pin - Unbuffered - Black - 2x8GB - 2666 MHz - 1
272,{'Output': 'mismatch'},"0035pack]\', \'category\': \'Electronics\', \'Categorie\': \'Accessoires\', \'Merk\': \'HP\', \'Product\': \'HP 4301650035 10000000000000000000000000000"
273,{'Output': 'mismatch'},"\', \'brand\': \'HP\', \'sku\': \'583383b21\', \'type\': \'Processor\', \'description\': \'  ""583383-B21 HP Xeon E5506 2.13GHz DL170h G6"", ""Null"" ""New 583383"
274,{'Output': 'mismatch'},", 300MB/s, 10000000000000000000000000000000000000000000000000000000000000000000000"
275,{'Output': 'mismatch'},"13GHz\', \'QuickPath Interconnect\': \'5.86GT/s\', \'L2 Cache\': \'2MB\', \'L3 Cache\': \'24MB\', \'64-bit Processing\': \'Yes\', \'Process Technology\': \'32nm\', \'Processor Socket\': \'Socket LGA-1567\', \'Thermal Design Power"
276,{'Output': 'mismatch'},"Description:HP 1Gb 4-Port 366M Ethernet Adapter Full Processor Option Kit\' }', 'Entity_2': '{\""title\"": \""453475-B21 HP Xeon L5335 2.0GHz DL140 G3\"", \""category\"": \""Null\"", \""subcategory\"": \""Description:Intel\\u00"
277,{'Output': 'mismatch'},"/s\', \'Buffer Size\': \'2GB\', \'RAID Level\': \'0 1 5 6 10 50 60 1+0\', \'Drive Support\': \'64 x Logical\', \'Memory\': \'2GB ECC DDR3 SDRAM\', \'Form Factor\': \'Low-Profile Plug-in Card\', \'price\':"
278,{'Output': 'mismatch'},"8GB)\', \'description\': \'  \""CMU32GX4M4C3000C15 4 x 8 GB DDR4 288-pin 3000 MHz 15-15-15-37 CL 2400 MHz 1.2 V 4GB 4GB 4GB"
279,{'Output': 'mismatch'},"\'1Gb 4-Port 331T Ethernet Adapter\', \'description\': \'  \""HPE 331T - network adapter\""  \""Null\""  \""Description:HP Ethernet 1Gb 4-Port 331T Adapter\""  \""Null\""  \""Description:HP Ethernet 1Gb 4-Port 331T\"""
280,{'Output': 'mismatch'},"mpn\': \'[112650920g]\', \'gtin13\': \'[4895106281943]\', \'category\': \'Computers_and_Accessories\', \'Categorie\': \'Videokaarten\', \'Merk\': \'Sapphire\', \'Product\': \'S"
281,{'Output': 'mismatch'},"199,-\': \'€ 4,95\', \'Pakketpost (vanaf € 100,-)\': \'€ 0,-\', \'Pakketpost (vanaf € 100,-)\': \'€ 0,-\', \'Pakketpost (vanaf € 100,-)\': \'€ 0,-"
282,{'Output': 'mismatch'},) 1000Mbps!Ideal for use with 2-Port Gigabit Passthrough Powerline Starter Kit (TL-PA7020P KIT) 1000Mbps!Ideal for use with 2-Port Gigabit Passthrough Powerline Starter Kit (TL-PA7020P KIT) 1000Mbps!Ideal for
283,{'Output': 'mismatch'},"': \'RAID 0, 1, 5, 10, 6, 1+0, 5+1, 10+1, 1+1, 1+5, 1+10, 1+6, 1+10+1, 1+1+1, 1+1+5,"
284,{'Output': 'match'},"{""Output"": ""match""}"
285,{'Output': 'mismatch'},"\'description\': \'  ""756601-B21 960GB 2.5\"" SATA SSD"", ""Null"" 756601-B21 960GB 2.5\"" SATA SSD Wholesale Price 756601-B21""  ""Description: 960GB 2.5"
286,{'Output': 'mismatch'},"AL\': \'€ 0,-\', \'description\': \'  \""AMD FX-8350 Black Edition\""@en  \""AMD FX-8350 Black Edition\""@en  \""AMD FX-8350 Black Edition\""@en  \""AMD FX-8350 Black Edition\""@en  \""AMD FX-8350 Black"
287,{'Output': 'mismatch'},"0-B21 HP BL20P G2 2 x Intel Xeon 3.2 GHz 1M (2P)\', \'category\': \'Server\', \'subcategory\': \'BL20\', \'brand\': \'Hewlett-Packard\', \'sku\': \'345020b21\', \'type\': \'Server\' }"
288,{'Output': 'mismatch'},"\'New 456896-001 2 Pack HP 400-GB 10K 3.5 DP SAS 2 Pack\', \'sku\': [\'456896001\'], \'type\': \'Hard Drive - Hot-Swap - Gen8\' }', 'Entity_2': '{\'title\"
289,{'Output': 'mismatch'},"{""priceCurrency"": ""EUR""}"
290,{'Output': 'match'},",99,-\': \'€ 0,-\', \'Pakketpost (vanaf € 100,-)\': \'€ 0,-\', \'Pakketpost (vanaf € 100,-) - 100,-\': \'€ 0,-\', \'Pakketpost (vanaf € 100,-) -"
291,{'Output': 'mismatch'},"000nm0011\', \'type\': \'Description:Seagate Barracuda 2TB Hot-Plug Serial ATA (SATA) 6G 7200RPM 3.5-in\'}', 'Entity_2': '{\'title\': \'ST2000NM0011 Seagate 2-TB 7"
292,{'Output': 'mismatch'},00000000000000000000000000000000000000000000000000000000000000000000000000000000
293,{'Output': 'match'},"': \'€ 0,-\', \'description\': \'  \""TP-Link TL-WDN4800 1000Mbps 1000Mbps 1000Mbps 1000Mbps 1000Mbps 1000Mbps 1000Mbps 1000Mbps 1000Mbps 1"
294,{'Output': 'match'},"5,-\', \'Pakketpost (boven € 20,-)\': \'€ 0,-\', \'description\': \'  \""Kingston HyperX Fury black HX424C15FB/4 16GB 2400MHz DDR4 2400MHz 1.5V 1.5V 1.5"
295,{'Output': 'mismatch'},"\', \'description\': \'  \""WD Black 6TB 2.5 inch SATA 6000MB/s 3.5 inch Hard Drive\"" \""Null\"" \""WD Black 6TB 2.5 inch SATA 6000MB/s 3.5 inch Hard Drive\"" \""Null\"" \""WD Black 6TB 2.5 inch SATA"
296,{'Output': 'mismatch'},"type\': \'Computer Case\'}', 'Entity_2': '{\'title\': \'Corsair Carbide Series Air 240 - cube micro ATX\', \'category\': \'Corsair ATX\', \'subcategory\': \'CC-9011070-WW\', \'brand\': \'Corsair\', \'sku\': \'cc9011"
297,{'Output': 'mismatch'},"Bytes/sector\', \'description\': \'  \""628061-S21 5Pack 3000GB 7.2K 3.5\"" SATA Hard Drive - Hot-Swap - Gen8 \""Null\""   \""Description:3.5\"" 7.2K 3000GB SATA Hard Drive - Hot-Swap - Gen"
298,{'Output': 'mismatch'},"brand\': \'Seagate\', \'sku\': \'ST31000524NS\', \'description\': \'  \""ST31000524NS Seagate 1-TB 7.2K 3.5 3G SATA\"", \""Null\"" HBA Wholesale 347786-B21 Price 34"
299,{'Output': 'mismatch'},66 MHz 200p 200p 200p 200p 200p 200p 200p 200p 200p 200p 200p 200p 200p 200p 200p 2
300,{'Output': 'mismatch'},"\'description\': \'  \""BD03655B28-10Pack HP 36.4-GB 10K FC-AL\"" \""Null\""   \""Description:36.4GB 10K Fibre Channel 40 pin 2GB/s HotSwap FCAL Hard Drive In HPE Hot-Plug Hard Drive\', \'title"
301,{'Output': 'mismatch'},"Ethernet Switch 10/100/1000 Mbps\', \'description\': \'  \""TP-Link TL-SG1000D\""@nl  \""TP-Link TL-SG1024D-24-Port Gigabit Ethernet Switch 10/100/1000 Mbps\""@nl  \""TP-Link"
302,{'Output': 'match'},GX4M2A2666C16 16GB (2x8GB) DDR4 2666MHz 288-Pin Unbuffered Memory Kit for Intel Skylake 2666MHz 1.2V 2x8GB 16GB 2666MHz 288-Pin Unbuffered
303,{'Output': 'mismatch'},"-24000)\', \'Capacity\': \'16GB (4 x 4GB)\', \'Tested Speed\': \'3000 MHz\', \'Tested Latency\': \'15-17-17-35\', \'Tested Voltage\': \'1.35v\', \'Registered / Unbuffered\': \'Un"
304,{'Output': 'mismatch'},"-6400Low Power Single-Rank SDRAM Memory KitPart Number(s) Option Part# 504351-B21 (2 x 4GB)\', \'brand\': \'HP\', \'sku\': \'504351b21\', \'type\': \'PC2-6400Low Power Single-Rank SDRAM"
305,{'Output': 'mismatch'},"\': \'Server\', \'Series\': \'Xeon\', \'Speed\': \'2.13 GHz\', \'Model\': \'E5506\', \'Cores\': \'4\', \'description\': \'  \""495916-B21 HP E5506 2.13GHz ML350 G6 CPU Kit\"""
306,{'Output': 'mismatch'},"type\': \'Memory Kit\'}', 'Entity_2': '{\""title\"": \""16GB (2x8GB) DDR4 2666MHz 288-Pin Desktop Memory Kit\"", \""category\"": \""Computer Memory\"", \""subcategory\"": \""DDR4 Memory\"", \""brand\"": \""Kingston\"", \""sku\"": \""kingston kfc2666c"
307,{'Output': 'mismatch'},"1 HP 8GB 800MHz 240-pin DIMM 240-pin 2 x 4GB 800MHz (PC2-6400) Server Memory"", ""Null""   ""Description:8GB (2 x 4GB) 800MHz (PC2-6400) DDR II SDRAM Server"
308,{'Output': 'mismatch'},"': \'ProLiant DL360 Gen6\', \'description\': \'  \""500658-B21 HP 4GB (1x4GB) PC3-10600R-9 UDIMM\"", \""Null\"" Price 500658-B21\"" \""New 500658-B21"
309,{'Output': 'mismatch'},"'} 

{'Entity_1': '{\""description\"": \""Corsair - Vengeance 8GB (2 x 4GB) DDR3-1866 Memory\"", \""title\"": \""Corsair - Vengeance 8GB (2 x 4GB) DDR3-1866 Memory\"", \""category\"": \""Memory\"", \""subcategory\"": \""DDR3\"", \""brand\"":"
310,{'Output': 'mismatch'},"': \'€ 2,50\', \'description\': \'  \""Kingston ValueRAM KVR13N9S8HK2/8 8GB 1333MHz DDR3 240-pin SDRAM Memory Module\"" \""Null\""  \""Kingston ValueRAM KVR13N9S8HK2/8 8GB 13"
311,{'Output': 'match'},"{""Output"": ""match""}"
312,{'Output': 'mismatch'},"\': \'TP-Link TL-WN951N 300Mbps Wireless N PCI Adapter\', \'category\': \'Network Adapters\', \'subcategory\': \'Network Adapters\', \'brand\': \'TP-Link\', \'sku\': \'tlwn951n\', \'type\': \'Wireless N PCI Adapter\'}', 'Output': 'match"
313,{'Output': 'mismatch'},"', \'description\': \'  \""658071-B21 2-Pack 500GB 7.2K 3.5 SATA Hot-Swap Hard Drive\"" \""658071-B21 2-Pack 500GB 7.2K 3.5 SATA Hot-Swap Hard Drive\""  \""Description:"
314,{'Output': 'mismatch'},aptop) Hard Drive 7.2K 6G 2000GB 2000GB 2000GB 2000GB 2000GB 2000GB 2000GB 2000GB 2000GB 2000GB 2000GB 2
315,{'Output': 'mismatch'},"3.5 inch 1.5MB/s 20/40GB SCSI\', \'brand\': \'HP\', \'sku\': \'340743-B21\', \'type\': \'Hard Drive - Tape Drive\', \'description\': \'  \""340743-B21 HP 20/40-GB Int SCSI"
316,{'Output': 'mismatch'},"ketpost (vanaf 10,-)\': \'€ 0,-\', \'description\': \'  \""AMD Ryzen 5 1400 Boxed Wraith Stealth koeler\"", \""Null\"" \""AMD Ryzen 5 1400 Boxed Wraith Stealth koeler\"" \""AMD Ryzen 5 1400 Boxed Wraith Stealth koeler\"""
317,{'Output': 'mismatch'},00000000000000000000000000000000000000000000000000000000000000000000000000000000
318,{'Output': 'mismatch'},"woordelijk voor de grafische verwerking en beeldverwerking in de kaart.\', \'description\': \'  \""PNY - NVIDIA Quadro K1200 for DisplayPort\""@en | VCQK1200DP-PB  \""Null\""@en', \'title\': \'PNY - NVIDIA Quadro K1200 for"
319,{'Output': 'mismatch'},"{""Output"": ""mismatch""}"
320,{'Output': 'mismatch'},"Yes\', \'description\': \'  \""508429-001 HP 400-GB 10K 3.5 SAS NHP\"", \""Null\"" Price 508429-001\"" 508429-001  \""Over', \'title\': \'508429"
321,{'Output': 'mismatch'},"6800K 3.40 GHz 6 Core 140W 15MB Cache BX80671I76800K\', \'category\': \'Intel processor\', \'subcategory\': \'Broadwell-E\', \'brand\': \'Intel\', \'sku\': \'bx80671i76800k"
322,{'Output': 'mismatch'},Ghz 4.10 Ghz 4.10 Ghz 4.10 Ghz 4.10 Ghz 4.10 Ghz 4.10 Ghz 4.10 Ghz 4.10 Ghz 4.10 Ghz 4.10 Ghz 4.10 Ghz
323,{'Output': 'mismatch'},"\'  \""Intel BX80662I76700K\""  \""Intel BX80662I76700K\""  \""Intel BX80662I76700K\""  \""Intel BX80662I76700K\""  \""Intel BX80662I7"
324,{'Output': 'mismatch'},.4GHz 1GB RAM 1MB Cache 160GB 10K RPM 10000RPM 10000 RPM 10000 RPM 10000 RPM 10000 RPM 10000 RPM 10000 RPM 10000 RPM 1
325,{'Output': 'mismatch'},"{""Output"": ""match""}"
326,{'Output': 'mismatch'},"\'Cache Size\': \'6MB\', \'Socket Type\': \'LGA 1151\', \'description\': \'  \""Intel i5 6600K 3.5GHz 4 Core 4 Thread 6MB Cache 65W 3.5GHz 4C 4T 6MB Cache 65W 3."
327,{'Output': 'mismatch'},"{""Output"": ""mismatch""}"
328,{'Output': 'mismatch'},"{""Output"": ""mismatch""}"
329,{'Output': 'mismatch'},"NM0011\', \'Products ID\': \'10000000000000000000000000000000000000000000000000000000000000000000"
330,{'Output': 'mismatch'},"€ 958,74\', \'Pakketpost Nederland\': \'€ 5,95\', \'Pakketpost 0-30 kg\': \'€ 5,95\', \'iDeal (vanaf € 10,-)\': \'€ 0,50\', \'Verzending\': \'€ 5,95"
331,{'Output': 'mismatch'},"00-GB 6G 10K 2.5 DP SAS HDD\""  \""HP DG0300FARVV HDD Part# -DG0300FARVV\""  \""Description:300GB 2.5-inch Serial Attached SCSI (SAS)SFF 6G Dual Port Hot-Plug 10K Hard DriveIn"
332,{'Output': 'match'},"description\': \'  \""Kingston Technology DataTraveler microDuo 16GB\""@en-GB 16GB | DTLSD16/16GB\""@en-GB', \'title\': \'Kingston Technology DataTraveler microDuo 16GB\', \'subcategory\': \'\', \'brand\': \'Kingston Technology\', \'"
333,{'Output': 'mismatch'},"408850b21]\', \'/mpn\': \'[408850b21]\', \'brand\': \'Genuine HPE\', \'category\': \'Null\', \'Category\': \'Proliant Memory\', \'Sub-Category\': \'Genuine HP Memory\', \'Generation\': \'667MHz\', \'"
334,{'Output': 'mismatch'},"': \'SODIMM\', \'description\': \'  \""HP ProLiant ML350 G3 512MB 370780001 370780-001 370780001 370780001 370780001"
335,{'Output': 'mismatch'},"\'title\': \'BD03655B28 HP 36.4-GB 10K FC-AL HDD\', \'subcategory\': \'Description:StorageWorks 36.4GB 10K Fibre Channel 10000RPM 40-pin 3.5 inch x 1 inch Plug-in Module\', \'sku"
336,{'Output': 'mismatch'},"description\': \'  \""Gigabyte Gv1060ixoc3gd 1060 3GB 128-bit GDDR5 1920 x 1080 1060 3GB 128-bit GDDR5 1920 x 1080 1060 3"
337,{'Output': 'mismatch'},"{""mpn"": ""[bx80662i56400]""}"
338,{'Output': 'mismatch'},"otaal\': \'€ 1.245,09\', \'description\': \'  \""MSI GeForce GTX 1080 GAMING X 8G - video card 8 GB GDDR5X 1228 MHz 3520 MHz 1080p 4K 1080p 4K 1"
339,{'Output': 'mismatch'},"15WLED) | SCAN UK\""@en  ', \'title\': \'Corsair Air Series AF120 Case Fan Quiet Edition White LED, 120mm\', \'subcategory\': \'All Tech Toys\', \'brand\': \'Corsair\', \'sku\': \'co9050015wled\', \'type\': \'Case Fan\"
340,{'Output': 'mismatch'},"\""description\"": \""  \""Apple iMac - all-in-one Core i5 2.8 GHz 8 GB 1 TB LED 21.5\"" Engli\"" \"" Apple Engli MK442LL/A Deskto\"", \""title\"": \""Apple iMac - all-in-one Core i5 2.8 GHz 8 GB 1 TB LED 21."
341,{'Output': 'mismatch'},"\'type\': \'Hard Drive - Internal - 3.5 inch - 15K - 72.8GB - Ultra320 SCSI - 320MB/s - 3.8ms - 2ms - 3.5 inch x 1/3H (Low Profile)\' }', 'Entity_2': '{\'title\': \'"
342,{'Output': 'mismatch'},"€ 0,-\', \'Opsturen buiten Nederland vanaf € 301,-\': \'€ 0,-\', \'Opsturen buiten Nederland\': \'€ 0,-\', \'Opsturen Nederland\': \'€ 0,-\', \'Opsturen buiten NL\': \'€ 0,-\', \'Opsturen NL DPD\': \'€"
343,{'Output': 'mismatch'},"lb\', \'Color\': \'Black\', \'Manufacturer\': \'AMD\', \'Model Number\': \'FD8350FRHKBOX\', \'UPC\': \'730143305297\', \'Condition\': \'new\', \'Categorie\': \'Processors - Desktops\', \'Description\': \'AMD FX8350"
344,{'Output': 'mismatch'},8GHz 512MB 4GB Max RAM 10/100/1000 LAN 2 x 1000 Mbps 2 x 1000 Mbps 2 x 1000 Mbps 2 x 1000 Mbps 2 x 1000 Mbps 2 x 1000 Mbps
345,{'Output': 'mismatch'},"0012pack\', \'658102001\'], \'type\': \'Genuine HPE serial number and firmwarePart Number(s) Option Part\'}', 'Entity_2': '{\""title\"": \""658102-001 HP 2-TB 6G 7.2K 3.5 SATA SC\"","
346,{'Output': 'match'},"GHz 1MB 1P Blade Server Processor\' }', 'Entity_2': '{\""title\"": \""293461-B21 BL40P Xeon 1.5 1MB 1P Blade\"", \""category\"": \""BL40\"", \""subcategory\"": \""Description: BL40P Xeon 1.5 1MB 1P"
347,{'Output': 'mismatch'},"{""Output"": ""match""}"
348,{'Output': 'match'},"{""Output"": ""match""}"
349,{'Output': 'mismatch'},"description\': \'  \""Asus TURBO-GTX1070-8G\"" \""Null\""  \""Asus TURBO-GTX1070-8G 8GB 1228 MHz 3520 MHz 192 Bit 256 Bit 128 Bit 64 Bit 32 Bit 1"
350,{'Output': 'mismatch'},"3.5 inch 7.2K 500GB\', \'description\': \'  ""454141-002 HP 500-GB 1.5G 7.2K 3.5 NHP SATA"", ""Null"" ""New 454141-002 SATA 2 Pack Wholesale Price"
351,{'Output': 'mismatch'},"agate\', \'description\': \'  ""Seagate Barracuda ES ST3500630NS, 500GB - Prijzen ""@NL ST3500630NS Tweakers""@NL\'', \'sku\': \'ST3500630NS\', \'type\': \'hard drive\'}', 'Output': '"
352,{'Output': 'mismatch'},"Controller\': \'Two 100-MB/s SATA II Controllers\', \'description\': \'  ""HP ProLiant ML350 G3 2.2GHz 2MB Cache 1GB RAM 100MB/s SATA II 2x1000MB/s 10/100/1000Base-T Ethernet 2"
353,{'Output': 'mismatch'},"': \'€ 1.172,49\', \'Pakketpost (tot € 20,-)\': \'€ 0,-\', \'description\': \'  \""Corsair Vengeance LED CMU64GX4M4C3000C15R\""@es  \""Memoria RAM Quad Kit, 4x16GB PC"
354,{'Output': 'mismatch'},"': \'  \""Seagate 1TB 3.5 inch 7200RPM Hard Drive 300MB/s SATA 32MB Cache 8.5ms Average Seek Time 100% Warranty\"" \""Seagate 1TB 3.5 inch 7200RPM Hard Drive 300MB/s SATA 32"
355,{'Output': 'mismatch'},"Channel\', \'Part Number\': \'BD1465822C\', \'Products ID\': \'463709\', \'Type\': \'Hard Drive Hot-Swap\', \'Form Factor\': \'3.5 inches x 1 plug-in module\', \'Capacity\': \'36.4GB\', \'Interface Type\': \'FC-AL\',"
356,{'Output': 'mismatch'},"\'], \'type\': \'3.5 inch\', \'description\': \'  ""432094-B21 HP 146-GB 15K 3.5 SP SAS HDD"", ""Null"" Price 432094-B21""}'} -> mismatch'}

{'Entity_1': '{\""/sku\"": \""[primeb"
357,{'Output': 'mismatch'},"TB 6G 7.2K 3.5 SATA SC\', \'subcategory\': \'Hard Drive\', \'sku\': \'st2000nm0011\', \'type\': \'Hard Drive\'}', 'Entity_2': '{\'title\': \'ST2000NM0011 HP G8 G9 2TB"
358,{'Output': 'match'},"2743-001-2Pack 72GB 15K 2.5 DP SAS HDD 2 Pack 6G 3.5"" 1/3H Low Profile 3.5\"" 1/3H Low Profile 3.5\"" 1/3H Low Profile 3.5\"" 1/3H Low Profile"
359,{'Output': 'mismatch'},"41-B21 2.5GHz 4-Core Intel Xeon G8\', \'sku\': \'712741b21\', \'type\': \'Processor Kit\'}', 'Entity_2': '{\'title\': \'712741-B21 HP 2.50GHz 4-Core Intel Xeon G8"
360,{'Output': 'match'},"{""Output"": ""match""}"
361,{'Output': 'mismatch'},"1\', \'type\': \'Memory - 4GB 1333MHz (PC3-10600R-9) 2x2GB 240-pin DDR3 1.5V 1.5V 1.5V 1.5V 1.5V 1.5V 1.5V 1"
362,{'Output': 'mismatch'},"0]\', \'/productID\': \'[yd195xa8aewof]\', \'brand\': \'HP\', \'category\': \'Accessories\', \'description\': \'  \""HP 195-XA8AEOFWOF 195-XA8AEOFWOF\"" \""Null\"" \""New 195-XA8"
363,{'Output': 'match'},", 67591168120, 675911681200, 6759116812000, 67591168120000, 675911681200000, 675"
364,{'Output': 'mismatch'},"18736-001 HDD Wholesale Price 518736-001"" ""Null"" Price 518736-001-2Pack"" ""Null"" Price 518736-001-4Pack"" ""Null"" Price 518736-001-6Pack"
365,{'Output': 'mismatch'},"GB USB 3.0 Flash Drive\', \'category\': \'Drive\', \'Categorie\': \'Usb-sticks\', \'Merk\': \'Kingston\', \'Productserie\': \'DataTraveler\', \'Product\': \'Kingston DataTraveler SE9 G2\', \'Uitvoering\': \'128GB Zilver\', \'EAN\"
366,{'Output': 'mismatch'},"Speed\': \'10000 RPM\', \'description\': \'  \""DG0300BAHZQ 5Pack 300GB 10K SAS Hard Drive 5Pack\""  \""Null\""  300GB 10K SAS Hard Drive 5Pack 300GB 10K SAS Hard Drive 5Pack"
367,{'Output': 'match'},"Entity_1': '{\'category\': \'Hard Drives\', \'subcategory\': \'Internal Hard Drives\', \'brand\': \'Western Digital\', \'sku\': \'WD10EFRX\', \'type\': \'Hard Disk Drive\', \'description\': \'  \""WD 1TB WD Red SATA 6Gb s 3.5\"" Internal NAS Hard Drive\"""
368,{'Output': 'mismatch'},",-\', \'description\': \'  ""Asus M5A99FX Pro R2.0 90-MIBIT0-G0EAY0VZ"", ""Asus M5A99FX Pro R2.0 90-MIBIT0-G0EAY0VZ""  ""Asus M5A99FX Pro R2."
369,{'Output': 'mismatch'},"', \'/gtin13\': \'[740617260809]\', \'category\': \'Computers_and_Accessories\', \'Categorie\': \'Geheugen intern\', \'Merk\': \'Kingston\', \'Productserie\': \'Kingston HyperX Fury\', \'Product\': \'Kingston HyperX Fury H"
370,{'Output': 'mismatch'},"HP\', \'sku\': \'431786b21\', \'type\': \'Hard Drive\', \'description\': \'  \""431786-B21 HP 120-GB 5.4K 2.5 1.5G SATA HDD\"" \""Null\""   \""Description: HP 120GB 1"
371,{'Output': 'mismatch'},",-\', \'Opsturen\': \'€ 0,-\', \'description\': '  \""Kingston HyperX Fury black HX421C14FB2K2/16\""@en \""\u25b7 Kingston (HX421C14FB2K2/16) | OcU'}"", 'Entity_2': ""{"
372,{'Output': 'mismatch'},"eon® Processor E5607 2.26GHz 12M Cache 6-Core 1333MHz FSB 130W 637414-B21\' }', 'Entity_2': '{\""title\"": \""HP 637414-B21 2.26GHz 6-Core Intel X"
373,{'Output': 'mismatch'},"2': '{\'title\': \'Corsair Vengeance LPX 16GB (2 x 8GB) DDR4 2400MHz Memory Kit - CMK16GX4M2A2400C14\', \'category\': \'Memory\', \'subcategory\': \'DDR4\', \'brand\': \'Corsair\', \'sku\':"
374,{'Output': 'mismatch'},"\', \'description\': \'  \""500658-B21 2-Pack 4GB 1333MHz DDR3 Memory Module 240-Pin 1x4GB 1333MHz PC3-10600R-9\""@en-US \""HP 500658-B21 2-Pack"
375,{'Output': 'mismatch'},"ID)\', \'description\': \'  \""578229-B21 HP Smart Array P411 256MB RAID Controller\""  ""Null""  ""New 578229-B21 P411 256MB RAID Controller 578229-B21""  ""De\', \'title\"
376,{'Output': 'mismatch'},"01 HP 2TB 6G 7.2K 3.5 SATA\', \'category\': \'HP\', \'subcategory\': \'New 658102-001 SATA 10 Pack Wholesale Price 658102-001-10Pack\', \'brand\': \'HP\', \'sku\': \'6"
377,{'Output': 'mismatch'},"otaal\': \'€ 964,74\', \'description\': \'  \""GeForce GTX 1080 8GB Founders Edition\""@en  ', \'title\': \'GeForce GTX 1080 8GB Founders Edition - 8G - 1080p 60Hz - 1080"
378,{'Output': 'mismatch'},"'}', 'Entity_2': '{\'title\': \'Corsair AF120 Performance Series Low Noise High Airflow - Dual Pack (CO-9050004-WW)\', \'category\': \'Corsair\', \'subcategory\': \'Air Series AF120\', \'brand\': \'Corsair\', \'sku\': \'co905"
379,{'Output': 'mismatch'},"24-B21 HP G8 G9 200-GB 3G 3.5 SATA MLC SSD 200GB 3.5"" Internal SATA III 3GB/s 2 Pack 200GB 3.5"" Internal SATA III 3GB/s 2 Pack 200GB 3.5"" Internal SATA III"
380,{'Output': 'mismatch'},"mismatch'} 

{'Entity_1': '{\""brand\"": \""Gigabyte\"", \""description\"": \""  \""GA-H170N-WIFI LGA1150 Motherboard \""@en Motherboard\""@en  \""The GA-H170N-WIFI offers a wealth of con\"", \""title\"": \""GA-H170N-WIFI LGA1"
381,{'Output': 'mismatch'},"2.8GB 10K Fibre Channel 40 pin 2GB/s HotSwap FCAL Hard DriveIn HPE Drive tray (as pictured)For G1-G7 Proliant\', \'description\': \'  ""359461-001 HP 72.8-GB 10K FC-AL"" ""Null"""
382,{'Output': 'mismatch'},L) Hard Drive - 2000GB - 7200RPM - 512 Bytes/Sec - 6G = 6Gb/sec (750 MB/s) - 2000GB - 2000GB - 2000GB - 2000GB - 2000GB -
383,{'Output': 'match'},"4,50\', \'Pakketpost (tot 100,-)\': \'€ 5,95\', \'Pakketpost (tot 100,-)\': \'€ 5,95\', \'Pakketpost (tot 100,-)\': \'€ 5,95\', \'Pakketpost (tot 1"
384,{'Output': 'mismatch'},"\'subcategory\': \'458418-B21 HP E5410 2.33GHz ML370 G5\', \'type\': \'Reta\'}', 'Entity_2': '{\""title\"": \""HP E5410 2.33GHz 458418-B21\"", \""category\"": \"""
385,{'Output': 'match'},"\'Hard Drives\', \'description\': \'  ""5 Pack 2.5\"" 15K RPM 3.5\"" 15K RPM 3.5\"" 15K RPM 3.5\"" 15K RPM 3.5\"" 15K RPM 3.5\"" 15K RPM 3.5\"""
386,{'Output': 'mismatch'},"\': [\'127005031\'], \'type\': \'Memory\'}', 'Entity_2': '{\'title\': \'INFINEON 127005-031 ACD 256MB 168p PC133 CL3 18c 32x4 1Rx4"
387,{'Output': 'mismatch'},"354 2.2GHz DL165 G5\', \'subcategory\': \'Price 445974-B21\', \'sku\': \'445974b21\', \'type\': \'AMD Opteron 2354 2.2GHz DL165 G5(2.20GHz/4-core"
388,{'Output': 'mismatch'},"5 inch\', \'description\': \'  \""HP 653124-B21 5 Pack 3.5 inch SATA SSD 128GB 2.5\""  \""HP 653124-B21 5 Pack 3.5 inch SATA SSD 128GB 2.5\""  \""HP 65"
389,{'Output': 'mismatch'},"000nm0011]\', \'brand\': \'ST2000NM0011\', \'category\': \'Null\', \'Category\': \'Proliant HardDrive\', \'Sub-Category\': \'7.2K\', \'Generation\': \'SATA SC\', \'Part Number\': \'ST2000NM001"
390,{'Output': 'mismatch'},"STX II 7.1 Channel Sound Card - 90YA00\', \'subcategory\': \'90YA00NNM0UA00 Video Cards\', \'brand\': \'Asus\', \'type\': \'Sound Card\', \'sku\': \'90ya00nnm0ua00\' }', 'Entity_2': ""{\'title"
391,{'Output': 'mismatch'},"65W, 16MB Cache, 3MB L2 Cache, 125W TDP, 14nm Technology, 125W TDP, 125W TDP, 125W TDP, 125W TDP, 125W TDP, 125W TDP,"
392,{'Output': 'mismatch'},"{""Output"": ""mismatch""}"
393,{'Output': 'match'},10/100/1000 Mbps Unmanaged Ethernet Switch 24 Ports 10/100/1000 Mbps 1000 Mbps 1000 Mbps 1000 Mbps 1000 Mbps 1000 Mbps 1000 Mbps 1000 Mbps 100
394,{'Output': 'mismatch'},"1TB 3.5 SATA 6Gbs 64MB Hard Drive\', \'category\': \'Hard Drives\', \'subcategory\': \'Hard Drive - 1 TB - 3.5 - interno - 7200 RPM\', \'brand\': \'Western Digital\', \'sku\': \'WD1003FZEX\', \'type\':"
395,{'Output': 'mismatch'},"8GB USB 3.0 Flash Drive\', \'category\': \'Drive\', \'subcategory\': \'USB-sticks\', \'brand\': \'Kingston\', \'sku\': \'DTSE9G2/128GB\', \'type\': \'USB 3.0 Flash Drive\', \'description\': \'  \""Kingston 128GB DataTraveler"
396,{'Output': 'mismatch'},"\'category\': \'Hard Drive - Hot-Swap - Gen8\', \'description\': \'  \""HP 3.5 7.2K 6G 2TB 3.5 SATA Hot-Swap 2Pack\""@en ""HP 3.5 7.2K 6G 2TB 3.5 SATA Hot-Swap 2Pack"
397,{'Output': 'mismatch'},"{""Output"": ""match""}"
398,{'Output': 'mismatch'},"{""Output"": ""mismatch""}"
399,{'Output': 'mismatch'},"E146F AWJB\', \'description\': \'  \""HP E146F AWJB - 15K 3.5 inch 2 TB Internal Hard Drive - 3.5 inch 2 TB Internal Hard Drive - 3.5 inch 2 TB Internal Hard Drive - 3.5 inch 2 TB Internal Hard Drive - 3.5"
400,{'Output': 'mismatch'},"DL360 G5\', \'description\': \'  ""HP ProLiant DL360 G5 658071B21 128GB 2.5\"" 2666 MHz 2400 MHz 1600 MHz 1333 MHz 1067 MHz 800 MHz"
401,{'Output': 'mismatch'},"ketpost International\': \'€ 12,10\', \'description\': \'  \""Corsair Carbide 100R 1000mm 240mm 3.5\""  \""Corsair Carbide 100R 1000mm 240mm 3.5\""  \""Corsair Carbide"
402,{'Output': 'mismatch'},"5Pack\', \'brand\': \'HP\', \'sku\': \'456896-001-5Pack\', \'type\': \'Description: 456896-001 HP 400-GB 10K 3.5 DP SAS 5 Pack Wholesale 456896-001-"
403,{'Output': 'mismatch'},"Kingston\', \'subcategory\': \'DataTraveler microDuo 3C\', \'brand\': \'Kingston\', \'sku\': \'dtduo3c32gb\', \'type\': \'USB 3.1 Flash Memory Drive with Dual interface accommodate\', \'description\': \'  ""Kingston 32GB DataTraveler microDuo 3C"
404,{'Output': 'match'},") SATA 1.5Gb/s / SAS PCI-X/133 MHz \""@en ""HP Smart Array P600/512 Controller - storage controller (RAID) SATA 1.5Gb/s / SAS PCI-X/133 MHz \""', \'price\': \'144.35\'}, {\'title\': \'HP Smart Array"
405,{'Output': 'mismatch'},"{""Output"": ""match""}"
406,{'Output': 'mismatch'},"G4p PS 725W Redundant\', \'subcategory\': \'Description:HP Proliant 725 Watt Redundant Hot-Plug Power Supply 390394-001 725W 120V 115V 120V 115V 120V 1"
407,{'Output': 'mismatch'},"\'], \'type\': \'10K 3.5-inch Dual Port Hot-Plug Hard Drive\'}', 'Entity_2': '{\'title\': \'456896-001 HP 400-GB 10K 3.5 DP SAS\', \'category\': \'Null\', \'subcategory\': \'Description:5 x"
408,{'Output': 'mismatch'},"2.5 inch\', \'description\': \'  \""Fujitsu - 2.5 inch 10K 73GB SAS Hard Drive\""@en  2.5 inch | 10K | 73GB | SAS | Fujitsu | MAY2073RC\', \'title\': \'Fujitsu - 2.5 inch 1"
409,{'Output': 'mismatch'},"LE) 6G SC Solid StateEnterprise Light (EL) Hard DriveIn HPE Hot-Plug Drive tray \', \'brand\': \'HP\', \'sku\': \'756601b21\', \'/mpn\': \'756601b21\', \'type\': \'2.5-inch (SFF) SATA Light End"
410,{'Output': 'mismatch'},"\'SATA III 6 Gb/s\', \'description\': \'  \""WD 3TB 3.5-inch (3.5\"") SATA Hard Drive - 3TB 3.5\"" Internal Hard Drive - 6 Gb/s SATA III - 64 MB Buffer - 3 Year Warranty - Black - WD30EFRX - 30000"
411,{'Output': 'mismatch'},"Controller""}', 'Entity_2': '{\""title\"": \""HP 295643-B21 Smart Array 3200 2CH PCI Ultra2 SCSI Controller 64MB\"", \""category\"": \""HP\"", \""subcategory\"": \""295643-B21\"", \""brand\"": \""HP\"", \""sku\"": \""295643"
412,{'Output': 'mismatch'},"""Intel Core i5-7500 Box"" "" Intel processor - i5-7500 Box - 3.4/3.8Ghz - 65W - 6MB-L3 cache - 4C/4T - 16X PCIe - VGA HD 630 - 14nM - Socket LGA11"
413,{'Output': 'mismatch'},".5"" Internal\': \'2\', \'Description\': \'Carbide 400Q V2 - 2 Year Warranty\', \'description\': \'  \""Carbide 400Q V2 - 2 Year Warranty \""@es  \""Carbide 400Q V2 - 2 Year Warranty \""@es  \""Carbide"
414,{'Output': 'mismatch'},"brand\': \'HP\', \'category\': \'New\', \'Category\': \'Proliant HardDrive\', \'Sub-Category\': \'10K\', \'Generation\': \'SAS\', \'Part Number\': \'BX80662I76700K\', \'Products ID\': \'457402\', \'Type\':"
415,{'Output': 'mismatch'},"1.0TB\', \'description\': \'  ""HP 456896-001 1.0TB 10K 3.5\"" SAS Hard Drive - 456896-001-10Pack \""@en 456896-001-10Pack | HP 45"
416,{'Output': 'match'},"{""Answer"": ""match""}"
417,{'Output': 'match'},"\""431786-B21 HP 120-GB 5.4K 2.5 SATA\"", \""Null\"" \""New 431786-B21 SATA 5 Pack Wholesale Price 431786-B2\', \'title\': \'431786-B21 HP 120-GB"
418,{'Output': 'mismatch'},"ant\', \'description\': \'  \""HP Proliant DL360 Gen8 2-Node 19\""@en 2-Node 19\""@en 2-Node 19\""@en 2-Node 19\""@en 2-Node 19\""@en 2-Node 19\""@en"
419,{'Output': 'mismatch'},"\': \'USB flash drive\'}', 'Entity_2': '{\'title\': \'Kingston DataTraveler microDuo 3C 32GB USB 3.0 32GB\', \'category\': \'USB flash drives\', \'subcategory\': \'Dual interface USB drives\', \'brand\': \'Kingston\', \'sku\': \'dtduo"
420,{'Output': 'mismatch'},"100,-)\': \'€ 0,-\', \'Pakketpost (vanaf € 100,-)\': \'€ 0,-\', \'Pakketpost (vanaf € 50,-)\': \'€ 4,95\', \'Pakketpost (vanaf € 10,-)\': \'€ 0,-\', \'"
421,{'Output': 'mismatch'},"62I76700K\', \'Tweakers ID\': \'371580\', \'description\': \'  ""Null"", ""Intel Core i7-6700K 6700K 4.2GHz 32MB 125W 4.2GHz 32MB 125W"
422,{'Output': 'mismatch'},"99\', \'description\': \'  \""Asus DUAL-GTX1060-3G\"" \""Asus DUAL-GTX1060-3G\"" \""Asus DUAL-GTX1060-3G\"" \""Asus DUAL-GTX1060-3G\"" \""Asus DUAL-GTX1060"
423,{'Output': 'match'},GTX 1060 G1 Gaming 3G - 3GB 128-bit 1920x1080 1000 MHz 128-bit 1920x1080 1000 MHz 128-bit 1920x1080 1000 MHz
424,{'Output': 'mismatch'},"3.5\"" Hard Drive\', \'description\': \'  \""ST31000640NS Seagate 1-TB 7.2K 3.5 SATA HDD \""  \""Description: 1.0TB Seagate Barracuda ES.2 Hot-Plug Serial ATA (SATA) 3.0GB/s 7200 RPM"
425,{'Output': 'mismatch'},"C14\', \'description\': \'  \""Corsair Vengeance LPX 32GB 2400MHz DDR4 2400 MHz 2400 MHz 14-14-14-36 2400 MHz 2400 MHz 14-14-14-36 24"
426,{'Output': 'mismatch'},"\'category\': \'Processor/CPU\', \'subcategory\': \'LN76877\', \'brand\': \'Intel\', \'sku\': \'bx80677i57600k\', \'type\': \'1151, Kaby Lake, Quad Core, 4 Thread, 3.8GHz, 4.2GHz T"
427,{'Output': 'mismatch'},"{""Output"": ""match""}"
428,{'Output': 'mismatch'},"': \'Network Adapter\'}', 'Entity_2': '{\""title\"": \""TP-Link TL-WDN4800 450MBPS Dual-Band Wireless N PCI-E Adapter\"", \""category\"": \""Network Adapters\"", \""subcategory\"": \""PCI Express\"", \""brand\"": \""TP-Link\"", \""sku\"": \""tlwdn4800\"", \""type\"": \"""
429,{'Output': 'mismatch'},"\'brand\': \'Crucial\', \'sku\': \'ct750mx300ssd1\', \'type\': \'SATA III 6Gbps 2.5 inch 750GB 32MB 128MB 256MB 512MB 1024MB 2048MB"
430,{'Output': 'mismatch'},"G 10K 2.5 DP SAS 5 Pack\', \'subcategory\': \'Description:5 x 146GB 2.5-inch Serial Attached SCSI 10K 2.5 DP SAS 5 Pack\', \'sku\': \'eg0146fartr\', \'type\': \'Hard Drive - Hot-Swap 2.5-inch"
431,{'Output': 'mismatch'},"': \'Memory\', \'description\': \'  \""Corsair 16GB 2x8GB 1600MHz DDR3 Memory Kit 2400MHz 2400MHz 2400MHz 2400MHz 2400MHz 2400MHz 2400MHz 2400MHz"
432,{'Output': 'mismatch'},")\': \'256 MB\', \'Processor Type\': \'Intel Xeon\', \'Processor Core\': \'Dual-Core\', \'Processor Qty\': \'1\', \'Clock Speed\': \'2.40GHz\', \'QuickPath Interconnect\': \'1333MHz\', \'L2 Cache\': \'6MB\', \'64-bit Processing\': \'Yes"
433,{'Output': 'mismatch'},"20,-\': \'€ 0,-\', \'description\': \'  \""Apple Smart Cover iPad Pro 2017 10.5\""@es TPLINK - Electr\u00f3nica y Mas\""@es'}', 'Entity_2': '{\""title\"": \""Apple Smart Cover - iPad Pro 10.5\"" ,"
434,{'Output': 'mismatch'},"0,-\': \'€ 0,-\', \'description\': \'  ""Corsair Carbide SPEC-03 300mm 120mm 120mm 120mm 120mm 120mm 120mm 120mm 120mm 120mm 120mm"
435,{'Output': 'mismatch'},"9.99""\', \'description\': \'  \""238921-B21 HP 72.8GB 10K 3.5\"" 10000RPM Hot-swap Hard Drive\"" \""Null\""   \""Description: HP 72.8GB 10K 3.5\"" 1000"
436,{'Output': 'mismatch'},"PM 3.5-inch form factor 16MB Hard DrivePart Number(s)Manufacturer: SeagateModel: ST3500630NSInterface: Serial ATA (SATA)Form Factor: 3.5-inchCache: 16MBRPM: 7200Max Data Transfer Rate: 3.0Gb/s\', \'brand\': \'"
437,{'Output': 'mismatch'},"\': \'IPMI 2.0\', \'description\': \'  \""346919001 HP Intel Xeon MP 2.2GHz 1024MB 200-MHz (DDR) 2MB Integrated Level 3 Cache Memory\"", \""Null\"" \""New 346919001 Intel Xeon MP"
438,{'Output': 'match'},"\': \'32GB\', \'description\': \'  \""DDR3 32GB 2x16GB 1600MHz 2Tb\""@es \""DDR3 32GB 2x16GB 1600MHz 2Tb\""@es \""DDR3 32GB 2x16GB 1"
439,{'Output': 'mismatch'},"{""Output"": ""match""}"
440,{'Output': 'match'},"': \'HP\', \'Product\': \'HP 24\"" 1920x1080 IPS Monitor 1000:1 Contrast Ratio 10000:1 Brightness 10000:1 Contrast Ratio 10000:1 Brightness 10000:1 Brightness 1000"
441,{'Output': 'mismatch'},"{""Output"": ""mismatch""}"
442,{'Output': 'match'},"\', \'description\': \'  \""Corsair CMU32GX4M2C3000C15R 32GB (2 x 16GB) DDR4 3000MHz 1.35V Memory Kit\""@en', \'title\': \'Corsair 32GB (2 x 16GB) DDR4"
443,{'Output': 'match'},"\': \'Serial Attached SCSI (SAS) 3.5-inch Non-Hot-Plug 10K DP Hard Drive\', \'description\': \'  \""508429-001 HP 400-GB 10K 3.5 DP NHP SAS 5 Pack \""   \""Description:5 x 400GB Serial"
444,{'Output': 'match'},"': \'StorageWorks\', \'subcategory\': \'72.8GB 10K Fibre Channel\', \'brand\': \'HPE\', \'sku\': \'238921001\', \'type\': \'Hard Drive\', \'description\': \'  ""238921-B21 HP 72.8-GB 1"
445,{'Output': 'mismatch'},"o 2.5 inch) USB 3.0 Adapter Cable with Box\'', 'Entity_2': '{\'title\': \'USB 3.0 external Adapter Cable for 2.5 inch Hard disk with Box\', \'category\': \'Box\', \'subcategory\': \'LN58380\', \'brand\': \'Icy Box\', \'sku\':"
446,{'Output': 'mismatch'},"{""Output"": ""match""}"
447,{'Output': 'mismatch'},"\'508429-001 HP 400-GB 10K 3.5 DP NHP SAS\', \'subcategory\': \'Price 508429-001-10Pack\', \'sku\': [\'50842900110pack\'], \'type\': \'SAS"
448,{'Output': 'mismatch'},"\'Fan\'}', 'Entity_2': '{\'title\': \'Corsair AF120 Fan - Performance Edition - 120mm x 25mm 1.1 mm/H2O 30 dBA 63.47 CFM 1650 RPM 7V - 12V 1.3A 12"
449,{'Output': 'match'},"description\': \'  \""325134-001 DL580R G2 (2P) Xeon 2.8GHz\""@en 2P DL580R G2 (2P) Xeon 2.8GHz 2M 325134-001 325134-"
450,{'Output': 'mismatch'},"\'Hard Drive Type\': \'SATA\', \'Hard Drive Count\': \'0\', \'Hard Drive Speed\': \'6.0 Gbps\', \'Hard Drive Interface\': \'SATA\', \'Hard Drive Interface Type\': \'SATA\', \'Hard Drive Interface Speed\': \'6.0 Gbps\', \'Hard Drive Interface Type Speed\': \'6.0 G"
451,{'Output': 'mismatch'},"Ultra Compact PC Kit Celeron N280\', \'subcategory\': \'CDW.com\', \'brand\': \'Gigabyte\', \'sku\': \'gbbxbt2807\', \'type\': \'BRIX\'}', 'Entity_2': '{\'title\': \'Gigabyte BRIX GB-BXBT-2807 ("
452,{'Output': 'mismatch'},6ABA HP 36.4-GB 10K FC-AL 10000RPM 40Pins 10000RPM 10000RPM 10000RPM 10000RPM 10000RPM 10000RPM 1
453,{'Output': 'mismatch'},"{""match"": ""match""}"
454,{'Output': 'mismatch'},"{""Output"": ""match""}"
455,{'Output': 'mismatch'},"""HD00931C35 HP 9-GB 10K Ultra SCSI-3"", ""Null"", ""HD00931C35 HP 9-GB 10K Ultra SCSI-3 1.5 inch 10000 rpm 40MB/s 9GB 1.5 inch 1000"
456,{'Output': 'mismatch'},"\', \'description\': \'  \""TP-Link TL-SG1024D 24-Port Gigabit Desktop Switch\"" \""Null\""  \""Description:24-Port Gigabit Desktop Switch 10/100/1000 Mbps 1U Rack-Mounted Switch 1000 Mbps 24-Port 1U Rack"
457,{'Output': 'mismatch'},"\': \'615729b21\', \'type\': \'Network Adapter\', \'description\': \'  ""Null"", ""615729-B21 HP Ethernet 1Gb 4-Port 366M Adapter"" Price 615729-B21"" ""New 615729-B21"
458,{'Output': 'mismatch'},"\'Memory\', \'brand\': \'HP\', \'sku\': \'500658-b21\', \'type\': \'PC3-10600 RegisteredCAS 9 Dual Rank x 4 DRA\', \'description\': \'  \""500658-B21 HP 4GB (1x4GB) PC3-1"
459,{'Output': 'mismatch'},"3.5 SP SAS HDD\', \'subcategory\': \'Description:432094-B21 146GB 3.5-inch Serial Attached SCSI (SAS)SFF 15K Hard DriveIn HPE Drive tray (as pictured)For G1-G7 Proliant\', \'sku\': \'432094b21"
460,{'Output': 'mismatch'},1 483513-B21 483513-B21 483513-B21 483513-B21 483513-B21 483513-B21 483513-B21 483513-B2
461,{'Output': 'mismatch'},"16GB)\', \'description\': \""  \""CMK32GX4M2B3000C15 32GB 2x16GB 2666MHz 1.5V DDR3L 1.5V 240-Pin Memory Module\""@en \""CMK32GX4M2B30"
462,{'Output': 'mismatch'},"\': \'st3500630ns\', \'type\': \'Hard Drive\'}', 'Entity_2': '{\'title\': \'Western Digital WD1000FZJ 1TB 3.5 inch 5400RPM SATA Hard Drive\', \'category\': \'Hard Drive\', \'subcategory\': \'Hard Drives\',"
463,{'Output': 'mismatch'},"HardDrive\', \'Category\': \'HardDrive\', \'Sub-Category\': \'10K\', \'Generation\': \'SAS\', \'Part Number\': \'431943003-10Pack\', \'Products ID\': \'463246\', \'Type\': \'Hard Drive - Hot-Swap\', \'Capacity\': \'"
464,{'Output': 'mismatch'},"1000 g\': \'€ 2,50\', \'description\': \'  \""Kingston HyperX Fury blu HX316C10F/4 16GB 2400MHz DDR4 2400MHz 2400 MHz 2400 MHz 2400 MHz 24"
465,{'Output': 'mismatch'},"GB 15K 2.5 DP SAS HDD\', \'category\': \'Hard Drives\', \'subcategory\': \'Hard Drives\', \'brand\': \'HP\', \'sku\': \'456896001\', \'type\': \'SAS\', \'description\': \'  ""456896-001 HP"
466,{'Output': 'mismatch'},"512GB 2.5"" SATA SSD MZ-7KE512BW\', \'subcategory\': \'\', \'sku\': \'mz7ke512bw\', \'type\': \'SSD\'}', 'Entity_2': '{\'title\': \'Samsung 850 PRO 512GB 2.5"" SATA"
467,{'Output': 'match'},"': \'st3500630ns10pack\', \'type\': \'Hard Drive\'}', 'Entity_2': '{\'title\': \'ST3500630NS Seagate 500-GB 7.2K 3.5 3G SATA 2 Pack\', \'category\': \'Null\', \'subcategory\"
468,{'Output': 'mismatch'},"00110pack\', \'type\': \'10K Fibre Channel Hard Drive for StorageWorks systems\'}', 'Entity_2': '{\'title\': \'518736001 HP 450-GB 10K FC-AL 10 Pack\', \'category\': \'StorageWorks\', \'subcategory\': \'Description"
469,{'Output': 'mismatch'},"70 3.33GHz ML370 G5\', \'subcategory\': \'Storage\', \'sku\': \'488039b21\', \'/type\': \'Intel Xeon 3.33GHz Quad-Core 120W 45nm 1333MHz 256KB L1 12MB"
470,{'Output': 'match'},"\'€ 3,95\', \'description\': \'  \""Sandisk Extreme Pro 32GB 160MB/s\""  \""Sandisk Extreme Pro 32GB 160MB/s\""  \""Sandisk Extreme Pro 32GB 160MB/s\""  \""Sandisk Extreme Pro 32GB 160MB/s"
471,{'Output': 'mismatch'},"Description:518736-001 5 Pack Wholesale 518736-001-5Pack"" 5 Pack Wholesale 518736-001  ""De\'', \'price\': \'""CAD"", ""$1,099.00 CAD""\', \'category2\': \'Hard Drive\'"
472,{'Output': 'mismatch'},"': \'Hard Drive Bays\', \'Category\': \'Hard Drive Bays\', \'Sub-Category\': \'Hard Drive Bays\', \'Generation\': \'SATA III 6 Gbps\', \'Part Number\': \'712741-B21\', \'Products ID\': \'142198\', \'description\': \'  \""71"
473,{'Output': 'mismatch'},"843368043032\', \'SKU\': \'6GP46163KR\', \'Tweakers ID\': \'356964\', \'description\': \'  \""EVGA GeForce GTX 1060 SC GAMING 6GB\"" \""Null\"" Price 6GP46163KR\"" \"""
474,{'Output': 'mismatch'},"-GB 15K 3.5 DP SAS HDD 144296hp\', \'mpn\': \'417190002\', \'gtin13\': \'417190002\' }', 'Entity_2': ""{'title': 'HP 417190-002"
475,{'Output': 'mismatch'},"title\': \'431943-003 HP 146-GB 15K 3.5 SP SAS HDD\', \'category\': \'\', \'subcategory\': \'Description:146GB Serial Attached SCSI (SAS) 15K 3.5-inch Single Port Hot-Plug Hard DriveIn HPE Drive tray ("
476,{'Output': 'mismatch'},"9806]\', \'category\': \'Computer Memory\', \'Categorie\': \'Geheugen intern\', \'Merk\': \'Corsair\', \'Productserie\': \'Vengeance LPX\', \'Product\': \'Corsair Vengeance LPX CMK32GX4M4A2400C14\', \'Uitvoering\':"
477,{'Output': 'mismatch'},"5.5ms\', \'description\': \'  \""430165-003-10Pack HP G8 G9 146GB 10K 2.5 SATA SAS 10K 1/3H\"" \""Null\""   \""Description:HP 146GB 2.5-inch (LFF) 1"
478,{'Output': 'mismatch'},"5ms\', \'Form Factor\': \'3.5 in x 1/3H\', \'description\': \'  ""HP 432094-B21 146GB 15K 3.5 SAS 300MB/s 3.5ms 3.5in x 1/3H (Low Profile) 1"
479,{'Output': 'mismatch'},"{""Output"": ""mismatch""}"
480,{'Output': 'mismatch'},"Hard Drive\', \'description\': \'  ""DG0146FAMWL 1.5 TB 3.5\"" 7200 RPM SATA Hard Drive"", ""Null"" Price DG0146FAMWL 1.5 TB 3.5\"" 7200 RPM SATA Hard Drive 1.5 TB 3.5\"""
481,{'Output': 'mismatch'},"\'Corsair Vengeance 8GB (1x8GB) DDR3 1600MHz Memory Kit 2x 4GB\', \'category\': \'DDR3 Memory\', \'subcategory\': \'CMZ8GX3M1A1600C10 | SCAN UK\', \'brand\': \'Corsair\', \'sku\': \'cmz8"
482,{'Output': 'mismatch'},"K 3.5 inch 2 Pack\', \'description\': \'  \""456896-001 HP 400-GB 10K 3.5 DP SAS 2 Pack\"" \"" HP 456896-001 Part# -456896-001-2Pack\""  """
483,{'Output': 'mismatch'},"{""Output"": ""mismatch""}"
484,{'Output': 'mismatch'},"\'Hard Drive\', \'subcategory\': \'Hard Drive\', \'description\': \'  \""HP 340743B21 2.5\"" 120GB 5400RPM Hard Drive 3.5\"" 120GB 5400RPM Hard Drive 3.5\"" 120GB 5"
485,{'Output': 'mismatch'},"Pakketpost 1-30 kg\': \'€ 4,95\', \'Pakketpost 30-50 kg\': \'€ 9,95\', \'Pakketpost 50-100 kg\': \'€ 14,95\', \'Pakketpost 100-200 kg"
486,{'Output': 'match'},"\', \'Brand\': \'Corsair\', \'Category\': \'Memory\', \'Sub-Category\': \'DDR3\', \'Generation\': \'DDR3\', \'Part Number\': \'CMK32GX4M2A2133C13\', \'Products ID\': \'10000000000000000"
487,{'Output': 'match'},"bps 15K RPM Hot-Swap SAS Hard Drive (HP 512743-001)""@en ""HP 512743-001 72GB 15K RPM Hot-Swap SAS Hard Drive (HP 512743-001) "" ""HP | 51274"
488,{'Output': 'mismatch'},"{""Output"": ""match""}"
489,{'Output': 'mismatch'},"{""Output"": ""match""}"
490,{'Output': 'mismatch'},"691862-B21 HP G8 G9 100GB 2.5-inch Small Form Factor (SFF) SATA 6G SC Enterprise Mainstream Solid State Hard Drive (SSD)\', \'subcategory\': \'Null\', \'sku\': \'691862b21\', \'type\': \'Hard Drive\' }',"
491,{'Output': 'mismatch'},"146famwl\'], \'type\': \'Hard Drive - Hot-Swap\'}', 'Entity_2': '{\'title\': \'HP DG0146FAMWL 146GB 10K 2.5 DP SAS 5Pack\', \'category\': \'Null\', \'subcategory\': \'Hard Drive - Hot-Swap\',"
492,{'Output': 'mismatch'},"0GB DLT Tape Drive"", ""Null""   ""Description:HP 340743-B21 20/40GB DLT Tape Drive 20GB 1.5MB/s 40GB 3MB/s 5.25 in x 1H 3.23 in x 5.83 in x 9"
493,{'Output': 'match'},"{""category"": ""Hard Drive - Hot-Swap - Gen8""}"
494,{'Output': 'mismatch'},"akers\', \'category\': \'Mainboards\', \'subcategory\': \'Z170\', \'brand\': \'Gigabyte\', \'description\': \'  \""Gigabyte GA-Z170-HD3P - Prijzen\""@nl Tweakers\', \'sku\': \'GA-Z170-HD3P\', \'type\': \'Mainboard"
495,{'Output': 'mismatch'},"\': \'2\', \'Memory Type\': \'DDR4 2400 MHz\', \'Color\': \'Black\', \'description\': \'  \""Kingston - 32GB (2x16GB) DDR4 2400 MHz Memory Kit - Vengeance LPX Black\""@en Kingston 32GB (2x16GB) DDR"
496,{'Output': 'mismatch'},"\'€ 0,-\', \'description\': \'  \""AMD Ryzen 5 1400\""@en  \""AMD Ryzen 5 1400\""@nl  \""AMD Ryzen 5 1400\""@nl  \""AMD Ryzen 5 1400\""@nl  \""AMD Ryzen 5 1400\""@"
497,{'Output': 'mismatch'},":\': \'2 GB\', \'Memory Type:\': \'PC2-3200 DDR2\', \'Hard Drive Bays:\': \'2\', \'Hard Drive Type:\': \'Hot-plug SATA\', \'Hard Drive Capacity:\': \'250 GB\', \'Hard Drive Speed:\': \'7200 RPM\', \'Hard Drive Interface:\': \'SATA\', \'"
498,{'Output': 'mismatch'},"{""Output"": ""mismatch""}"
499,{'Output': 'mismatch'},"{""Output"": ""mismatch""}"
500,{'Output': 'mismatch'},"{""Output"": ""match""}"
501,{'Output': 'mismatch'},"]\', \'brand\': \'HP\', \'category\': \'Null G5 Wholesale\', \'Category\': \'Proliant Processor\', \'Sub-Category\': \'Intel Xeon\', \'Generation\': \'G5\', \'Part Number\': \'430169-002\', \'Products ID\': \'458231\', \'description"
502,{'Output': 'mismatch'},"\': \'Western Digital\', \'category\': \'Hard Drive\', \'Category\': \'Hard Drive\', \'subcategory\': \'Hard Drive\', \'description\': \'  \""Western Digital 2TB 3.5 7200RPM 6G SATA Hard Drive\""@en \""\u25b7 WD 2TB 3.5 72"
503,{'Output': 'mismatch'},ProLiant BL20p G2 2.8GHz 1MB 512MB 1GB 1GB 1GB 1GB 1GB 1GB 1GB 1GB 1GB 1GB 1GB 1GB 1GB 1GB 1GB 1GB 1GB 1GB 1GB
504,{'Output': 'mismatch'},"25-B21\', \'brand\': \'HP\', \'sku\': \'507825b21\', \'type\': \'Description: HP Proliant BL280c G6 Server Xeon 2.13GHz 1MB 1P 512MB Memory M1 Part# 507825-B2"
505,{'Output': 'mismatch'},"3000MHz DDR4\', \'brand\': \'Corsair\', \'sku\': \'cmu16gx4m2c3000c15\', \'type\': \'DDR4 3000MHz 2x8GB 24000MT/s 24000MT/s 24000MT"
506,{'Output': 'mismatch'},"'}', 'Entity_2': '{\'title\': \'665240-B21 HP 1Gb 4-Port 366FLR Ethernet Adapter\', \'category\': \'Null\', \'subcategory\': \'Adapters\', \'brand\': \'665240b21\', \'sku\': \'665240"
507,{'Output': 'mismatch'},"Profile)\', \'description\': \'  \""HP 146GB 15K 3.5 inch Internal SAS 431943003 10 Pack\""@en 146GB 15K 3.5 inch Internal SAS 431943003 10 Pack - 4319"
508,{'Output': 'mismatch'},",95\', \'Pakketpost (tot € 100,-)\': \'€ 6,95\', \'Pakketpost (tot € 100,-) - 100% kwaliteit\': \'€ 6,95\', \'Pakketpost (tot € 100,-) - 100%"
509,{'Output': 'mismatch'},"ency\': \'4.17 ms\', \'Form Factor\': \'3.5 inch\', \'description\': \'  \""Seagate Barracuda 7200.11 3.5 inch 1 TB SATA 6 Gb/s 7200 RPM 64MB Cache Drive\"" Seagate Barracuda 7200.1"
510,{'Output': 'mismatch'},"Technology\': \'65nm\', \'Processor Core\': \'Dual-Core\', \'Processor Socket\': \'Socket LGA-771\', \'description\': \'  ""300876-B21 HP 2.8GHz Dual-Core Xeon G2"", ""Null"" ""New 300876-B21 G2 Wholesale Price"
511,{'Output': 'mismatch'},"7\', \'subcategory\': \'643778-B21 HP Xeon E78867 2.13GHz BL680c G7\', \'type\': \'Processor\', \'ProductId\': \'458156\' }', 'Entity_2': '{\'title\': \'643778-B21"
512,{'Output': 'mismatch'},"95\', \'description\': \'  \""Corsair Carbide 100R 100000000000000000000000000000000000000000000000000000000000"
513,{'Output': 'mismatch'},"01364812\', \'description\': \'  \""Intel Core i3-6100 3.7GHz 4MB Cache 64-Bit 4-Core 125W 3.7GHz 4MB Cache 64-Bit 4-Core 125W 3.7GHz 4MB Cache 6"
514,{'Output': 'mismatch'},16000 MT/s 16GB 16GB 16GB 16GB 16GB 16GB 16GB 16GB 16GB 16GB 16GB 16GB 16GB 16GB 16GB 16GB 16GB 16GB
515,{'Output': 'mismatch'},"{""Output"": ""match""}"
516,{'Output': 'mismatch'},"GHz BL460c G7 "" ""Null""   ""Description:HP Intelï¿½ Xeonï¿½ E5607 BL460c G7(2.26GHz/4-core/8MB/80W)Full Processor Option KitPa\'', \'price\': \'""$195.95"", ""USD""\'}"
517,{'Output': 'match'},"\'2.5 inch\', \'description\': \'  ""417190-002 2 Pack 72GB 15K RPM SAS Hard Drive 2.5 inch"", ""Null"" ""New 417190-002 Wholesale Price 417190-002""  ""4171"
518,{'Output': 'mismatch'},"post 31-50 kg\': \'€ 4,95\', \'Pakketpost 51-100 kg\': \'€ 4,95\', \'Pakketpost 101-200 kg\': \'€ 4,95\', \'Pakketpost 201-300 kg\"
519,{'Output': 'mismatch'},"10K 3.5 inch x 1 inch Plug-in Module 72.8GB Hard Drive Hot-Swap\', \'title\': \'359461-005 HP 72.8-GB 10K FC-AL\', \'subcategory\': \'72.8-GB 10K FC-AL\', \'type"
520,{'Output': 'mismatch'},"title\': \'1650033-B21 HP 200GB SATA 3.0 Gbps SSD\', \'category\': \'\', \'subcategory\': \'\', \'brand\': \'HP\', \'sku\': \'1650033b21\', \'type\': \'SSD\', \'description\': \'"
521,{'Output': 'mismatch'},")\', \'Core Count\': \'8 Cores\', \'Description\': \'  ""AMD Ryzen 7 1700 8-Core 3.2GHz 14nm 125W 4.0GHz Boost 125W 125W 125W 125W 125W 125"
522,{'Output': 'mismatch'},"\': \'658071b21sc\', \'type\': \'Hard Drive\', \'description\': \'  ""658071-B21-SC HP G8 G9 500-GB 6G 7.2K 3.5 SATA SC"" ""Null""   ""Description:HP G8 G9 (Gen"
523,{'Output': 'mismatch'},"3G SATA 10 Pack\', \'category\': \'\', \'subcategory\': \'ST31000340AS SATA 10 Pack Wholesale Price\', \'brand\': \'Seagate\', \'sku\': \'st31000340as10pack\', \'type\': \'Hard Drives\'}', 'Output':"
524,{'Output': 'mismatch'},P/4P/4P/4P/4P/4P/4P/4P/4P/4P/4P/4P/4P/4P/4P/4P/4P/4P/4P/4P/4P/4P/4P/4P/4P/4P/4P/
525,{'Output': 'mismatch'},"': \'[m5a99fxpror20,  90mibit0g0eay0vz]\', \'/gtin13\': \'[885909602902,  610839187430,  471954318"
526,{'Output': 'mismatch'},"078-B21 200GB 6G 2.5 SAS SC SSD 5 Pack\', \'subcategory\': \'Hard Drive\', \'sku\': \'653078b215pack\', \'type\': \'Hard Drive\' }', 'Entity_2': '{\""title\"": \""HP 653078-B2"
527,{'Output': 'mismatch'},"(tot € 20,-)\': \'€ 0,-\', \'description\': \'  \""Intel DC S3500 2,5\"" 120GB - Prijzen \""@NL 5\"" Tweakers\""@NL 2\', \'title\': \'Intel DC S3500 2,5\"" 120GB -"
528,{'Output': 'mismatch'},"""  ""HP 3TB 3.5-inch (LFF) Serial ATA (SATA) 6G7.2K Hot-Plug Midline (MDL) Hard Drive in G8 G9 3.5\"" 3.5\"" 3.5\"" 3.5\"" 3.5\"" 3.5\"" 3.5\"""
529,{'Output': 'mismatch'},"0GB Serial Attached SCSI (SAS) 3.5-inch Non-Hot-Plug 10K DP Hard\', \'brand\': \'New 456896-001 SAS 5 Pack Wholesale \', \'sku\': [\'456896001\', \'4568960015pack\'],"
530,{'Output': 'mismatch'},"(boven €20,-)\': \'€ 0,-\'}', 'Entity_2': '{\""title\"": \""Intel Core i7-6700 6-Core 14MB Cache 4.00GHz 3M Cache 3M Cache 3M Cache 3M Cache 3M Cache 3M Cache 3M Cache 3"
531,{'Output': 'mismatch'},"115V / 230V 50/60Hz 115V 1.5A 230V 1.5A\', \'description\': \""  \""293472-B22 HP 160/320GB Super DLT 4.16TB/8.32TB"
532,{'Output': 'mismatch'},"'{\""title\"": \""658102-001-SC HP 2TB 3.5\"" , \""category\"": \""Hard Drive - Hot-Swap - Gen8\"", \""subcategory\"": \""Hard Drive - Hot-Swap - Gen8\"", \""brand\"": \""HP\"", \""sku\"": \""658102001sc\"", \""type\"": \"""
533,{'Output': 'mismatch'},"K 3.5 SATA\', \'subcategory\': \'Price\', \'type\': \'Hard Drive\' }', 'Entity_2': '{\""title\"": \""ST31000640NS Seagate 1-TB 7.2K 3.5 SATA\"", \""category\"": \""Hard Drive\"", \""subcategory\"": \""Hard Drive\"", \""brand\"": \""Se"
534,{'Output': 'mismatch'},"{""Output"": ""match""}"
535,{'Output': 'mismatch'},"': \'  \""Corsair CMK16GX4M2B3600C18 16GB 2x8GB DDR4 3600MHz 1.35V Unbuffered Memory Kit\""  \""Corsair CMK16GX4M2B3600C18 16GB 2x8GB"
536,{'Output': 'match'},"psdx64u395ge]\', \'category\': \'Flash Memory Cards\', \'Categorie\': \'Geheugenkaarten\', \'Merk\': \'PNY\', \'Product\': \'PNY Elite Performance SDXC Class 10 UHS-I U3\', \'Uitvoering\': \'PNY Elite Performance 64GB SDXC"
537,{'Output': 'mismatch'},"MHz\', \'Description\': \'  Intel Core i7 6700K 4.0GHz 8-Core 8-Thread 14nm 95W 32GB DDR4 2133/DDR3L 1600 8MB Cache 64-bit 2 Channels 34.1GB/s 213"
538,{'Output': 'mismatch'},"description\': \'  \""ST31000640NS Seagate 1-TB 7.2K 3.5 SATA\"" ""Null""   ""Description:10 x HPE 1TB 3.5-inch 7.2K Midline MSA2 10K 3.5 SATA Hard Drive for StorageWorks systems""}',"
539,{'Output': 'mismatch'},"TB 3.5 inch 7200RPM SATA 5 Pack \"" \""ST31000340AS-5Pack\"" \""ST31000340AS 5 Pack\"" \""ST31000340AS 5 Pack\"" \""ST31000340AS 5 Pack\"" \""ST"
540,{'Output': 'mismatch'},"akketpost 1-30 kg\': \'€ 4,95\', \'description\': \'  ""Prime B250M-Plus 90MB0SI0M0EAY0 Asus Prime B250M-Plus"", \""Null\""   \""Description:Asus Prime B250M-Plus 90MB0SI0"
541,{'Output': 'mismatch'},"': \'130W\', \'price\': \""'$149.95', '$149.95\""\"", \'description\': \'  \""495906-B21 HP Xeon E5430 2.8GHz DL140 G6\"", \""Null\"" \""New 495906-B21"
542,{'Output': 'match'},"agate 2TB 7.2K 3.5 inch SATA Hard Drive - 10 Pack\""@en Hard Drive 10 Pack\', \'title\': \'ST2000NM0011 2TB 7.2K 3.5 inch SATA Hard Drive - 10 Pack\', \'subcategory\': \'2TB 7.2"
543,{'Output': 'mismatch'},DL140 G3( 2.33GHz 65nm Quad-Core 8MB L2 Cache 1333MHz 80W Socket J LGA-771 2.33GHz 65nm Quad-Core 8MB L2 Cache 1333MHz 80W Socket J LGA-771
544,{'Output': 'mismatch'},"', 'Entity_2': '{\'title\': \'AMD FX-8320E 95000000000000000000000000000000000000000000000000000000000"
545,{'Output': 'mismatch'},"bit\', \'description\': \'  \""CT102464BF160B HP 8GB 1600 MHz 11 CAS 1024Mbit 204-pin SO-DIMM Memory Module\"" Price CT102464BF160B\"" \""New CT102464BF16"
546,{'Output': 'mismatch'},"21\', \'description\': \'  \""631671-B21 HP Smart Array P420/2GB Controller\"" \""New 631671-B21 Controller Wholesale Price \"" \""631671-B21 HP Smart Array P420/2GB Controller\"" \""631671-B21 HP"
547,{'Output': 'mismatch'},050008WW) - 120mm 2350 RPM 2350 RPM 2350 RPM 2350 RPM 2350 RPM 2350 RPM 2350 RPM 2350 RPM 2350 RPM 2350 RPM 2350 RPM
548,{'Output': 'match'},"{""Output"": ""mismatch""}"
549,{'Output': 'match'},"': \'  \""AMD A6-6400K 3.90GHz (Socket FM2) APU Richland Dual Core Processor (AD640KOKHLBOX)\""  \""AMD A6-6400K 3.9GHz (Socket FM2) APU Richland Processor - Retail\""  \""AMD A6-640"
550,{'Output': 'mismatch'},"'{\'title\': \'Western Digital WD60EFRX 6TB 5400 RPM 3.5 inch Hard Drive - NAS - Red - WD60EFRX\', \'category\': \'\', \'subcategory\': \'\', \'brand\': \'Western Digital\', \'sku\': \'wd60efrx\', \'type\': \'Hard Disk"
551,{'Output': 'mismatch'},igabyte GA-Z270M-D3H 2.5 GHz 128 MB 2 x DDR4 2133 MHz 2 x M.2 2280 SATA III 2 x USB 3.0 1 x HDMI 1 x DVI 1 x VGA 1 x LAN 1 x RJ45 1 x Audio
552,{'Output': 'mismatch'},24424242424242424242424242424242424242424242424242424242424242424242424242424242
553,{'Output': 'mismatch'},"\', \'Description\': \'BD1465822C-10Pack 10K 3.5\"" 146GB 10K 146GB 3.5\"" 146GB 10K 146GB 3.5\"" 146GB 10K 146GB"
554,{'Output': 'mismatch'},"Generation\': \'SATA\', \'Part Number\': \'HP 430169-002 1.5G 15K 3.5 SATA HDD\', \'description\': \'  \""HP 430169-002 1.5G 15K 3.5 SATA HDD\""   \""Description:"
555,{'Output': 'mismatch'},10000000000000000000000000000000000000000000000000000000000000000000000000000000
556,{'Output': 'mismatch'},"2.13GHz\', \'QuickPath Interconnect\': \'8GT/s\', \'L1 Cache\': \'512KB\', \'L2 Cache\': \'2MB\', \'L3 Cache\': \'12MB\', \'64-bit Processing\': \'Yes\', \'Process Technology\': \'32nm\', \'Processor Socket\': \'Socket R L"
557,{'Output': 'mismatch'},"': \'[dg0300bahzq5pack]\', \'brand\': \'Dell\', \'category\': \'Hard Drive\', \'Category\': \'Hard Drives\', \'Sub-Category\': \'Hard Drive\', \'description\': \'  \""Dell 3.5 inch 1.5 TB 7200 RPM SATA Hard Drive -"
558,{'Output': 'mismatch'},"\'category\': \'Computers_and_Accessories\', \'Category\': \'Hard Disks\', \'description\': \'  \""Novatech 2.5\"" 1TB 3.5\"" 3.5 3.5 3.5 3.5 3.5 3.5 3.5 3.5 3.5"
559,{'Output': 'mismatch'},"{""Output"": ""mismatch""}"
560,{'Output': 'mismatch'},"{""Output"": ""mismatch""}"
561,{'Output': 'match'},"]\', \'brand\': \'HP\', \'category\': \'Hard Drive\', \'description\': \'  \""HP 628061-S21 3-TB 7.2K 3.5 SATA SC\"" \""HP 628061-S21 3-TB 7.2K 3.5 SATA SC\"" \"""
562,{'Output': 'mismatch'},""" Box - AD7300OKHLBOX\' }'} -> match

{'Entity_1': '{\""/mpn\"": \""[cmu32gx4m4c3000c15]\"", \""category\"": \""Computer Memory\"", \""Categorie\"": \""Geheugen intern\"", \""Merk\"": \""Corsair\"", \""Productserie\"": \""Vengeance"
563,{'Output': 'mismatch'},"9,-\': \'€ 0,-\', \'Pakketpost (boven €20,-)\': \'€ 0,-\', \'Pakketpost (tot € 29,95)\': \'€ 1,99\', \'Pakketpost (tot € 20,-)\': \'€ 0,-\', \'description\': \'"
564,{'Output': 'match'},"\': \'€ 4,95\', \'description\': \'  \""Gigabyte Radeon RX 550 D5 2G\""   \""Description:Gigabyte Radeon RX 550 D5 2G\"", \'title\': \'Gigabyte Radeon RX 550 D5 2G\', \'category\': \'\', \'subcategory"
565,{'Output': 'mismatch'},"{""Output"": ""mismatch""}"
566,{'Output': 'mismatch'},"8""\', \'description\': \'  \""358349-B21 BL20P G2 Xeon 2.8GHz 1M 512MB\""  \""Null\"" \""Description: BL20PG2 Xeon 2.8GHz 1M 512MB 1P \""', 'sku': '358"
567,{'Output': 'mismatch'},"RPM\', \'description\': \'  \""3R-A3851-AA 10K Ultra320 72.8GB\"" \""3R-A3851-AA 10K Ultra320 72.8GB 10 Pack\""  \""Description:2 x StorageWorks 72.8GB 10K Ultra"
568,{'Output': 'match'},61-S21-SC HPE 7.2K 3000GB SATA Hard Drive - Hot Swap - 3.5 inches - 7200RPM - 6G = 6Gb/sec (750 MB/s) - 512 Bytes/sector - 22-Position Serial ATA (SATA) Plug - 3
569,{'Output': 'match'},"1-B21 HP G2 3.2 GHz 2-Processor 1GB 10/100/1000Base-T Gigabit Ethernet Blade Server Network Adapter"", ""Null"" 345021-B21 HP G2 3.2 GHz 2-Processor 1GB 10/100/100"
570,{'Output': 'mismatch'},"8GB 2133MHz DDR4 HyperX, 8 GB, DDR4, 2133 MHz, Black, 0 - 85 °C, -55 100 °C\""  ""Kingston Technology FURY 8GB 2133MHz DDR4 HyperX, 8 GB, DDR4, 21"
571,{'Output': 'mismatch'},"\', \'description\': \'  ""494267-B21 AMD 2.7GHz Quad-Core 494267-B21 Processor Kit"", ""Null"" Price 494267-B21 2-Pack 494267-B21 2-Pack 494267-B21 2"
572,{'Output': 'mismatch'},"{""Output"": ""match""}"
573,{'Output': 'mismatch'},"\', \'description\': \'  \""454141-002 2-Pack\""  \""454141-002 2-Pack\""  \""454141-002 2-Pack\""  \""454141-002 2-Pack\""  \""454141-0"
574,{'Output': 'mismatch'},"post (tot 100,-)\': \'€ 4,50\', \'description\': \'  \""TP-Link TL-SG1000D\""@en  \""5-Port Gigabit Desktop Switch\""@en  \""5-Port Gigabit Desktop Switch\""@en  \""5-Port Gigabit Desktop Switch\""@en  \""5-Port"
575,{'Output': 'mismatch'},"mpn\': \'[308724001]\', \'category\': \'Proliant Server\', \'Category\': \'Proliant Server\', \'Sub-Category\': \'DL360R\', \'Generation\': \'G3\', \'Part Number\': \'308724-001\', \'Chipset\':"
576,{'Output': 'mismatch'},\'1000000000000000000000000000000000000000000000000000000000000000000000000000000
577,{'Output': 'mismatch'},10000000000000000000000000000000000000000000000000000000000000000000000000000000
578,{'Output': 'mismatch'},"\', \'Product ID\': \'141941_DL320_HardDrives\', \'Type\': \'Hard Drive - Hot-Swap\', \'Form Factor\': \'3.5 inches x 1/3H\', \'Capacity\': \'80GB\', \'Interface Type\': \'Serial ATA-150\', \'Connector\': \'22"
579,{'Output': 'mismatch'},"Drive - 64MB Cache\""  ""WD 1TB WD Caviar Blue SATA 6Gb s 3.5"" Internal Hard Drive - 64MB Cache\""  ""WD 1TB WD Caviar Blue SATA 6Gb s 3.5"" Internal Hard Drive - 64MB Cache\""  ""WD 1TB WD Caviar"
580,{'Output': 'mismatch'},"Drive\', \'Sub-Category\': \'Hard Drive - Hot-Swap\', \'Generation\': \'SATA\', \'Part Number\': \'ST2000NM0011\', \'Products ID\': \'457489\', \'Type\': \'Hard Drive - Hot-Swap\', \'Capacity\': \'1TB\', \'description\': \'"
581,{'Output': 'mismatch'},"{""Output"": ""mismatch""}"
582,{'Output': 'mismatch'},"431786-B21 HP 120-GB 5.4K 2.5 SATA\', \'subcategory\': \'2 Pack\', \'sku\': [\'431786-B21-2Pack\', \'431786-B21\'], \'type\': \'1.5G SATA 5.4"
583,{'Output': 'mismatch'},"1\', \'type\': \'Hard drive - internal\', \'description\': \'  ""230534-B21 HP 40-GB Ultra ATA 100 7.2K"" ""Null""   ""Description: 40GB Ultra ATA/100 7200 RPM DriveH\', \'price\': \'""USD"","
584,{'Output': 'mismatch'},"05D 5-Port Gigabit Desktop Switch - switch 5 ports""  ""TP-LINK TL-SG1005D 5-Port Gigabit Desktop Switch - switch 5 ports""  ""TP-LINK TL-SG1005D 5-Port Gigabit Desktop Switch - switch 5 ports""  ""TP-LINK TL-SG1"
585,{'Output': 'match'},"G3/32GB)\', \'brand\': \'""Kingston""\', \'price\': \'""USD""\', \'mpn\': \'[dt100g332gb]\', \'gtin13\': \'[4007840000000]\' }', 'Entity_2': '{\'title\"
586,{'Output': 'mismatch'},"13]\', \'brand\': \'Crucial\', \'category\': \'New\', \'Category\': \'Memory\', \'Sub-Category\': \'DDR3\', \'Generation\': \'DDR3\', \'Part Number\': \'CMK64GX4M4A2666C13\', \'Products ID\': \'466115"
587,{'Output': 'mismatch'},"\'description\': \'  \""HP 508429-001 Hard Drive 400GB 10K 3.5 inch Internal SAS NHP\"" \""Hard Drive 400GB 10K 3.5 inch Internal SAS NHP\"" \""Hard Drive 400GB 10K 3.5 inch Internal"
588,{'Output': 'mismatch'},"{""Output"": ""match""}"
589,{'Output': 'match'},"\': \'7.2K\', \'description\': \'  \""HPE ProLiant 7.2K 3.5\"" 2TB 36GB 7410 Drive 628061S21SC\""@en', \'title\': \'HPE ProLiant 7.2K 3.5"" 2"
590,{'Output': 'mismatch'},"360\', \'sku\': [\'354560b21\'], \'type\': \'DDR RAM, 400MHz, 512MB, PC3200, ECC, 1.5v, 240-pin, 1.5v, 240-pin, 1.5v,"
591,{'Output': 'mismatch'},MB 48x CD-ROM 1.44 MB Diskette Drive 2 x 1000MB Hard Drive Bay 2 x 1000MB Hard Drive Bay 2 x 1000MB Hard Drive Bay 2 x 1000MB Hard Drive Bay 2 x 1000MB Hard Drive Bay 2 x
592,{'Output': 'mismatch'},"': \'Proliant DL360 G3, DL380 G3, DL380 G4, DL380 G5, DL380 G6, DL380 G7, DL380 G8, DL380 G9, DL380 G10, DL380 G11, DL38"
593,{'Output': 'mismatch'},"\'category\': \'Computer Components\', \'subcategory\': \'Motherboards\', \'brand\': \'ASUS\', \'sku\': \'strixz270ggaming, 90mb0s80m0eay0\', \'type\': \'Motherboard\', \'description\': \'  \""ASUS ROG STRIX Z270G Kaby Lake"
594,{'Output': 'mismatch'},".02 inches\', \'description\': \'  \""HPE ProLiant 400GB 10K 3.5\"" SAS Hard Drive 2 Pack - 5084290012Pack\""@en  \""HPE ProLiant 400GB 10K 3.5\"" SAS Hard Drive 2 Pack"
595,{'Output': 'mismatch'},"0,-\', \'description\': \'  \""AMD Ryzen Threadripper 1900x Six-Core Processor with cooler \""@en | YD190XA8AEWOF Novatech\""@en  \""Ryzen 1900x Six-Core Processor with cooler \""@en  \""Ryzen 1900x Six-Core Processor with"
596,{'Output': 'mismatch'},"{""Output"": ""match""}"
597,{'Output': 'match'},"8-core/24MB/130W) Full Processor Option\', \'brand\': \'HP Intel Xeon X7560\', \'sku\': \'603608b21\', \'type\': \'Intel Xeon X7560 BL620c G7 (2.26GHz/8-core/24MB/"
598,{'Output': 'mismatch'},"€ 0,-\', \'description\': \'  \""Intel Core i5-4590 Boxed - Prijzen \""@NL Tweakers\""@NL\', \'title\': \'Intel Core i5-4590 Boxed - Prijzen \""@NL Tweakers\""@NL\', \'subcategory\': \'Processors\', \'brand\': \'Intel\',"
599,{'Output': 'mismatch'},"_2': '{\'title\': \'249675-001 HP 512MB DDR 200MHz\', \'category\': \'Null\', \'subcategory\': \'Price 249675-001\', \'brand\': \'New 249675-001\', \'sku\': \'"
600,{'Output': 'match'},"00000,  3610170566816,  3610170566816,  3610170566816,  3610170566816,  36101705"
601,{'Output': 'mismatch'},"\': \'293472-B22 HP 160GB/320GB Super DLT HDD\', \'subcategory\': \'160/320 Super DLT 16MB/s 4.16TB 26 Drive 5U Rack-Mounted Tape Library\', \'sku\': \'293472B"
602,{'Output': 'match'},"post Nederland vanaf € 25,-\': \'€ 0,-\', \'description\': \'  \""Gigabyte GB-BKi3HA-7100 (rev. 1.0)\"" \""Null\""   \""Description:1 x 1.5TB 3.5 inch SATA Hard Drive\"", \'title\': \'Gigabyte GB-BKi"
603,{'Output': 'mismatch'},"{""Output"": ""match""}"
604,{'Output': 'mismatch'},"\', \'description\': '  \""356816-001 HP Proliant ML350T G4p 3.2GHz 2MB Cache 512MB RAM 2xSATA 2xSCSI 2x10/100 Ethernet 2x1000Base-T 2x100"
605,{'Output': 'mismatch'},"0 rpm 1 x 1650 rpm\', \'description\': \'  \""Co9050004ww Airflow Fan 2 x 120 mm 3-pin 1650 rpm 1650 rpm 1 x 63.5 CFM 1 x 39.8 CFM 2 x 39"
606,{'Output': 'mismatch'},3.5 inch drive 146GB 15K 3.5 inch drive 146GB 15K 3.5 inch drive 146GB 15K 3.5 inch drive 146GB 15K 3.5 inch drive 146GB 15K 3.5 inch
607,{'Output': 'mismatch'},"ewlett-Packard Company\', \'description\': \'  \""HP 144296-HP 144296 14.1\""@en 14.1\"" 14.1\"" 14.1\"" 14.1\"" 14.1\"" 14.1\"" 14.1\"""
608,{'Output': 'mismatch'},"2b1333]\', \'brand\': \'Lenovo\', \'category\': \'\', \'Category\': \'Memory\', \'Sub-Category\': \'Memory\', \'Generation\': \'1333MHz\', \'Part Number\': \'CMK16GX4M2B1333\', \'Products ID\': \'4554"
609,{'Output': 'match'},"079531899644, 0079531899645, 0079531899646, 0079531899647, 0079531899648, 007953"
610,{'Output': 'mismatch'},"title\': \'431943-003 HP 146-GB 15K 3.5 SP SAS HDD\', \'category\': \'Hard Drive\', \'subcategory\': \'146GB 15K 3.5 SP SAS HDD\', \'brand\': \'HP\', \'sku\': \'431943"
611,{'Output': 'mismatch'},"igabit Ethernet\', \'description\': \'  ""345021-B21 Hewlett-Packard 1 GB 2.5 inch 10000 RPM Hard Drive"", ""Null"" ""345021-B21 10000 RPM 2.5 inch Hard Drive 1 GB 345021-B"
612,{'Output': 'mismatch'},"(2.66GHz)\', \'sku\': \'493243b22\', \'type\': \'Description:HP Xeon X3330 2.66GHz DL120 G5 ""Null"" 493243-B22\' }', 'Entity_2': '{\'title\': \'493"
613,{'Output': 'mismatch'},"\'description\': \'  \""325134001\""@en', \'title\': \'HPE ProLiant DL360 Gen8 325134001 325134001 325134001 325134001 325"
614,{'Output': 'mismatch'},"\': \'  ""628061-S21-SC 3000GB 7.2K 3.5 SATA 6G 22-Position SATA Plug Hard Drive - Hot-Swap - Gen8 - 7200RPM - 512 Bytes/Sec - 6G = 6Gb/sec (750"
615,{'Output': 'match'},"\'sku\': \'632429-003\', \'type\': \'2.5-inch (SFF) Serial Attached SCSI (SAS)6G SCL SC Ent\'}'} -> mismatch'}

{'Entity_1': '{\""brand\"": \""AMD\"", \""category\"": \""Processors\"", \""Categorie\"": \""Processors\"", \""description\"": \"""
616,{'Output': 'mismatch'},"000 323146-B21 3.06GHz 512MB FC 3.06GHz 323146-B21  \""D', \'title\': \'323146-B21 BL20P G2 (1P) Xeon 3.06GHz\', \'subcategory"
617,{'Output': 'mismatch'},"\': \'3.5 inch 10K 3.5 DP NHP SAS Hard Drive\', \'description\': \'  \""508429-001 HP 400-GB 10K 3.5 DP NHP SAS HDD\"" \""HP 508429-001 HDD Part# -508"
618,{'Output': 'mismatch'},"]\', \'category\': \'Electronics_Supplies\', \'description\': \""\""}', 'Entity_2': '{\""title\"": \""HP - 10000000000000000000000000000000000000000000000"
619,{'Output': 'mismatch'},"{""Output"": ""mismatch""}"
620,{'Output': 'mismatch'},"\'ML370 G5\', \'brand\': \'HP\', \'sku\': \'462711-B21\', \'type\': \'Intel Xeon X5450 3.0GHz ML370 G5 (3.0GHz/4-core/12MB/120W) CPQFull Processor Option KitPart Number"
621,{'Output': 'mismatch'},"description\': \'  \""Corsair Carbide SPEC-02 - 240mm 120mm 120mm 120mm 120mm 120mm 120mm 120mm 120mm 120mm 120mm 120mm 120mm"
622,{'Output': 'mismatch'},"'}', 'Entity_2': '{\""title\"": \""HP 431943-003 146GB 15K 3.5 SP SAS 5 Pack\"", \""category\"": \""Hard Drive\"", \""subcategory\"": \""146GB 15K 3.5 SP SAS 5 Pack\"", \""brand\"": \""HP\"", \""sku"
623,{'Output': 'mismatch'},"1005D\', \'description\': \'  \""TP-Link TL-SG1005D 5-Port Gigabit Desktop Switch\""@en', \'title\': \'TP-Link TL-SG1005D 5-Port Gigabit Desktop Switch\', \'subcategory\': \'Network Switches\', \'brand\': \'TP-Link\', \'"
624,{'Output': 'mismatch'},"0GB\', \'description\': \'  \""Apple iMac 24\"" 2.4GHz i5 4GB RAM 500GB HDD 1920x1080 1080p 1080p 1080p 1080p 1080p 1080p"
625,{'Output': 'mismatch'},"200-GB 6G 2.5 SAS SC SSD 10 Pack\', \'subcategory\': \'SAS SSD 200GB 6G 2.5\"" 10 Pack\'}, {\'title\': \'653078-B21 HP G8 G9 200-GB 6G 2."
626,{'Output': 'mismatch'},"sku\': \'359623b21\', \'type\': \'Xeon\'}', 'Entity_2': '{\""title\"": \""359623-B21 BL20P G2 Xeon 2.8GHz 1M 512MB\"", \""category\"": \""Proliant BL20p G2 - Blade"
627,{'Output': 'mismatch'},"\': \'st1000dm0032pack\', \'type\': \'SATA 6.0 Gbps\' }', 'Entity_2': '{\""title\"": \""Seagate ST1000DM003 1TB 3.5 inch Internal Hard Drive - Prijzen \""@NL Tweakers\""@NL\"", \""category\"": \"""
628,{'Output': 'match'},"{""Output"": ""match""}"
629,{'Output': 'mismatch'},"': \'629142-B21 HP FlexFabric 10Gb 2-Port 554FLR Adapter\', \'category\': \'Server Adapter\', \'subcategory\': \'Description:HP FlexFabric 10Gb 2-Port 554FLR AdapterPart Number(s)Manufacturer Part# 629142-B21"
630,{'Output': 'match'},"3, 4052305259450, 5053460929492, 5053460929492, 5053460929492, 5053460929492, 50"
631,{'Output': 'mismatch'},"{""Output"": ""mismatch""}"
632,{'Output': 'mismatch'},"Swap FCAL Hard Drive\', \'brand\': \'HP\', \'sku\': \'518736001\', \'type\': \'Hard Drive Hot-Swap\', \'description\': \'  ""518736-001 HP 450-GB 10K FC-AL "" ""Null""   ""Description:2 x"
633,{'Output': 'mismatch'},.5 SATA 6G 7.2K 3.5 SATA SC 3.5 6G 7.2K 3.5 SATA SC 3.5 6G 7.2K 3.5 SATA SC 3.5 6G 7.2K 3.5 SATA SC 3.5 6G 7
634,{'Output': 'mismatch'},"Accessories\', \'description\': \'  \""HP 10000000000000000000000000000000000000000000000000000000000000000000"
635,{'Output': 'mismatch'},"category\': \'Null\', \'subcategory\': \'New 643778-B21 Wholesale Price 643778-B21\', \'brand\': \'StorageWorks\', \'sku\': \'643778b21\', \'type\': \'Intel Xeon E78867 2.13GHz BL6"
636,{'Output': 'mismatch'},"\'description\': \'  \""Gigabyte GA-Z170-HD3P - Prijzen \""@NL Tweakers\""@NL  \""Description:Gigabyte GA-Z170-HD3P - Prijzen \""@NL Tweakers\""@NL  \""Description:Gigabyte GA-Z170-HD3P - Prijzen \"""
637,{'Output': 'match'},"31130362\', \'SKU\': \'TEW818DRU\', \'description\': \'  \""Trendnet AC1900 300 Mbps 300 Mbps 1000 Mbps 1000 Mbps 1000 Mbps 1000 Mbps 1000 Mbps 10"
638,{'Output': 'match'},"type\': \'Memory Module\'', 'Entity_2': '{\'title\': \'Infineon 127005-031 256MB 168p PC133 CL3 18c 32x4 1Rx4 3.3V ECC RDIMM RFB\', \'category\': \'Memory"
639,{'Output': 'mismatch'},2TB 7.2K 3.5 SATA Hard Drive 6G 2000GB 2000GB 2000GB 2000GB 2000GB 2000GB 2000GB 2000GB 2000GB 2000GB 2
640,{'Output': 'match'},"000000000000\', \'description\': \'  \""TP-Link TL-SG1016 16-Port 10/100 Mbps Unmanaged Switch 1000Base-T 10/100/1000 Mbps Ethernet Switch 10/100/1000"
641,{'Output': 'match'},"\""description\"": \""  \""CruCial CT240BX200SSD1 HDI 240GB SSD SATAIII MLC 2.5in Retail\""  \""CT240BX200SSD1 HDI 240GB SSD SA\""  \""CruCial CT240BX200SSD1"
642,{'Output': 'mismatch'},"{""title"": ""Crucial Ballistix Sport 8GB 2400 MHz 288-pin DDR4 SDRAM DIMM""}"
643,{'Output': 'mismatch'},"6TB 3.5 SAS 7.2K 6G 3.5 HDD\', \'subcategory\': \'6TB 3.5-inch LFF Serial Attached SCSI (SAS)6G 7.2K Hot-Plug Midline (MDL) Hard Drive\', \'brand\': \'HPE\', \'sku\': \'78299"
644,{'Output': 'mismatch'},"HP Original 408850-B21 1GB 2pcs 512MB 240p PC2-5300 CL5 18c 64x8 Fully Buffered ECC DDR2-667 FBDIMM N"", ""408850-B21 1GB 2pcs 51"
645,{'Output': 'mismatch'},"Drive\', \'description\': \'  \""359461-001 5 Pack\""@en 359461-001 5 Pack 10K 256MB Cache 120GB 3.5\"" Hard Drive 3.5\"" 120GB 10K RPM 256"
646,{'Output': 'mismatch'},"el\': \'1\', \'description\': \'  \""Asus Prime H270-Pro\""@en | 100000000000000000000000000000000000000000000000000000"
647,{'Output': 'mismatch'},"{""Output"": ""mismatch""}"
648,{'Output': 'match'},"0,-\', \'Pakketpost vanaf € 100,-\': \'€ 3,95\', \'Pakketpost vanaf € 10,-\': \'€ 0,-\', \'Pakketpost vanaf € 100,-\': \'€ 3,95\', \'Pakketpost vanaf € 1"
649,{'Output': 'mismatch'},"{""title"": ""Intel Core i7 7700 Kaby Lake Desktop Processor/CPU""}"
650,{'Output': 'mismatch'},"{""Output"": ""mismatch""}"
651,{'Output': 'mismatch'},"DL360 G5, HP Proliant DL380 G5, HP Proliant DL380 G6, HP Proliant DL380 G7, HP Proliant DL380 G8, HP Proliant DL380 G9, HP Proliant DL380 G10, HP Proliant DL3"
652,{'Output': 'mismatch'},"\', \'description\': \'  ""359623-B21 HP ProLiant BL20p 2.4GHz 2.43GHz 2MB Cache 2GB RAM 1000W 1200W 1200W 1200W 1200W 1200W"
653,{'Output': 'mismatch'},"description\': \'  \""Crucial 8GB DDR4 2400 MT/s 1.2V 1.2V 8GB DDR4 2400 MT/s 1.2V 8GB DDR4 2400 MT/s 1.2V 8GB DDR4 2400 MT/s 1."
654,{'Output': 'mismatch'},"\'description\': \'  \""397411-B21 2GB 2x1GB 667MHz PC2-5300 DDR II SDRAM Memory Module\"", \""Null\"" Price 397411-B21\"" \""New 397411-B21 Memory Module 2GB 2x1GB"
655,{'Output': 'mismatch'},"GHz ML370 G5\', \'category\': \'462711-B21 HP X5450 3.0GHz ML370 G5\', \'subcategory\': \'Xeon X5450 ML370 G5\', \'brand\': \'HP\', \'sku\': \'462711b21"
656,{'Output': 'mismatch'},"\'subcategory\': \'Hard Drives\', \'description\': \'  \""Seagate Barracuda 3.5\"" 500GB 7200RPM SATA Hard Drive - ST3500630NS\""@en 500GB 7200RPM SATA Hard Drive - ST3500630NS"
657,{'Output': 'mismatch'},"4,95\', \'Pakketpost (tot € 20,-)\': \'€ 4,95\', \'Pakketpost (tot € 20,-) 100% kwaliteit\': \'€ 4,95\', \'Pakketpost (tot € 20,-) 100% kwaliteit"
658,{'Output': 'mismatch'},"{""price"": ""$129.99""}"
659,{'Output': 'mismatch'},/12MB Cache/1333MHz/120W) 45nm 45nm 45nm 45nm 45nm 45nm 45nm 45nm 45nm 45nm 45nm 45nm 45nm 45nm 45nm 45
660,{'Output': 'mismatch'},"0,-\', \'Pakketpost International\': \'€ 0,-\', \'description\': \'  ""DS1517+ 8GB 1.14829 EUR"", ""Null"" ""DS1517+ 8GB 1.14829 EUR"", ""Null"" ""DS1517+ 8GB"
661,{'Output': 'match'},"000]\', \'category\': \'Hard Drive\', \'brand\': \'HP\', \'description\': \'  \""HP 417190-002 72-GB 15K 3.5 DP SAS 5 Pack\"" \""HP 417190-002 Part# -417190"
662,{'Output': 'mismatch'},")\': \'4\', \'Description\': \'  \""Element 46\""@en 48-Channel Audio Interface 48-Channel 24-Bit 192kHz 48-Channel 24-Bit 192kHz 48-Channel 24-Bit 192kHz 48-Channel 24-B"
663,{'Output': 'mismatch'},"GB 15K 3.5 3072MB/s SAS Hard Drive 2 Pack\"" \""Null\""   \""Description:431943-003 HP 146GB 15K 3.5 3072MB/s SAS Hard Drive 2 Pack\"" \""Null\""   \""Description:43194"
664,{'Output': 'mismatch'},10/100 Mbps - 10000000000000000000000000000000000000000000000000000000000000000000000
665,{'Output': 'mismatch'},"0c G8\', \'subcategory\': \'Description:HP Intel Xeon E5-2603 1.8GHz BL460c G8Full Processor Option KitPart Number(s)Manufacturer Part# 667805-B21\', \'brand\': \'HP\', \'sku\': \'667805b21\', \'"
666,{'Output': 'mismatch'},"st1000dm003]\', \'category\': \'\', \'Manufacturer\': \'Seagate\', \'Manufacturer Part #\': \'ST1000DM003\', \'Product Line\': \'Barracuda\', \'Product Type\': \'Internal Hard Drive\', \'Form Factor\': \'3.5-inch\', \'Capacity\': \'"
667,{'Output': 'match'},"description\': \'  \""AOC Value 22\"" \""AOC Value 22\"" 22\"" 1680x1050 1920x1080 1000:1 1000:1 1000:1 1000:1 1000:1"
668,{'Output': 'mismatch'},"{""Match"": ""match""}"
669,{'Output': 'mismatch'},"{""Output"": ""mismatch""}"
670,{'Output': 'mismatch'},"Type (Full)\': \'SATA Hard Drive\', \'Description\': \'  \""WD 1000GB 3.5\"" SATA Hard Drive\""@en  \""WD 1000GB 3.5\"" SATA Hard Drive\""@en  \""WD 1000GB 3.5\"" SATA Hard Drive\""@en  \""WD"
671,{'Output': 'mismatch'},"2.70GHz, 6MB Cache, 3.30GHz Turbo, 125W, 125W, 125W, 125W, 125W, 125W, 125W, 125W, 125W, 125W,"
672,{'Output': 'mismatch'},"50330NS Seagate 750-GB 15K 3.5 3G SATA\', \'subcategory\': \'ST3750330NS SATA 2 Pack Wholesale Price\', \'sku\': \'st3750330ns2pack, st3750330ns2packsc\', \'type"
673,{'Output': 'match'},"\'6380 2.5GHz 16MB 115W 16C 115W (OS6380WKTGGHKWOF)\', \'sku\': [\'os6380wktgghkwof\'], \'type\': \'Processor\'', 'Entity_2': '{\'title\': \'"
674,{'Output': 'mismatch'},"2 Cache, 4x 128-bit Memory Channels, 128-bit Memory Bus, 128-bit Memory Controller, 128-bit Memory Controller, 128-bit Memory Controller, 128-bit Memory Controller, 128-bit Memory Controller, 128-bit Memory Controller, 128-bit Memory Controller, 1"
675,{'Output': 'mismatch'},"36\', \'description\': \'  \""Corsair CMK32GX4M2A2666C16 32GB (2 x 16GB) DDR4 2666MHz 16-18-18-36 Memory Module\"" \""Null\""   \""Description: Corsair CMK32GX4M2"
676,{'Output': 'mismatch'},"\'Network Interface Card\', \'brand\': \'Dell\', \'description\': \'  ""KVR21N15S8K216 Dell 10/100 Ethernet Adapter 10/100 Base-T 10/100 Mbps 10/100 Base-T 10/100 Mbps 10"
677,{'Output': 'mismatch'},"DP SAS HDD\', \'subcategory\': \'430165003 2Pack\', \'sku\': \'4301650032pack\', \'type\': \'SAS 10K 2.5 DP 146GB 3G 3.5ms 3072MB/s 2.5 inches"
678,{'Output': 'mismatch'},"Profile)\', \'description\': \'  \""HP 432094-B21 146GB 15K 3.5 inch Internal SAS Hard Drive\""  \""HP 432094-B21 146GB 15K 3.5 inch Internal SAS Hard Drive\""  \""HP 4320"
679,{'Output': 'mismatch'},"\': \'New\', \'sku\': \'658102-001-SC\', \'type\': \'Hard Drive - Hot-Swap - Gen8\', \'description\': \'  ""658102-001-SC HP G8 G9 2-TB 6G 7.2K 3.5 SATA SC"
680,{'Output': 'mismatch'},"/2GB ControllerPart Numer(s) Manufacturer Part# 631671-B21\', \'subcategory\': \'\', \'sku\': \'631671b21\', \'type\': \'Storage Controller\' }', 'Entity_2': '{\""title\"": \""631671-B21 HP Smart Array P420"
681,{'Output': 'mismatch'},"\""310590-001 HP 310590-001 310590-001 310590-001 310590-001 310590-001 310590-001"
682,{'Output': 'mismatch'},"{""Output"": ""mismatch""}"
683,{'Output': 'mismatch'},"WJB HDD Wholesale Price EH0146FAWJB\', \'brand\': \'HP\', \'sku\': \'eh0146fawjb10pack\', \'type\': \'Hard Drive - Hot-Swap\', \'description\': \'  \""EH0146FAWJB HP 146-GB 6G 15K"
684,{'Output': 'mismatch'},"1 x USB 3.0 1 x HDMI 1 x VGA 1 x LAN 1 x DC-in 1 x Audio In/Out\', \'Back I/O\': \'1 x HDMI 1 x USB 3.0 1 x USB 3.0 1 x RJ45 1 x DC-in 1 x Audio In/Out\', \'Storage"
685,{'Output': 'mismatch'},"\': \'5-5-5-15\', \'description\': \'  \""CM3X4GSD1066 Memory Module 4GB 1066MHz DDR3 200-pin SO-DIMM Memory Module\"" \""CM3X4GSD1066\"" \""CM3X4GSD1066\"" \""CM"
686,{'Output': 'mismatch'},"\'brand\': \'Seagate\', \'type\': \'Hard Drive - Internal\', \'price\': \'R$ 399,90\', \'mpn\': \'[st1000dm003]\' }', 'Entity_2': '{\""title\"": \""Seagate Barracuda 1TB 7200RPM 3"
687,{'Output': 'mismatch'},"# 583383-B21""\', \'category\': \'Null\', \'sku\': \'583383b21\', \'type\': \'Memory\'}', 'Entity_2': '{\'title\': \'583383-B21 HP Xeon E5506 2.13GHz DL1"
688,{'Output': 'mismatch'},"143203\', \'Capacity\': \'2TB\', \'Interface\': \'SATA\', \'Drive Dimensions\': \'3.5 inches\', \'Spindle Speed\': \'7200RPM\', \'description\': \'  \""2TB 3.5\"" 7.2K SATA Hard Drive 10 Pack \""Null\""   \""Description"
689,{'Output': 'match'},"HP 72-GB 3G 15K 2.5 DP SAS HDD\""@en ""Null""   ""Description:10 x 72GB 2.5-inch Serial Attached SCSI (SAS)SFF 3G Dual Port Hot-Plug 15K Hard DriveIn HPE Drive tray (as pictured)For G1-G7 Pro"
690,{'Output': 'mismatch'},"xL)\': \'19.0 x 4.4 x 17.0 cm\', \'description\': \'  \""346919-001 2.2GHz 2MB Intel Xeon MP 1GB 200-MHz (DDR) 24x CD-ROM 2.2GHz 2MB Intel Xeon"
691,{'Output': 'match'},"2GB/s\', \'Rotational Speed\': \'10000RPM\', \'Pins\': \'40\', \'Manufacturer\': \'HP/Compaq\', \'Pre-Failure Warranty\': \'Yes\', \'description\': \'  \""BD1465822C HP 146.8-GB 10K FC-"
692,{'Output': 'mismatch'},"{""match"": ""match""}"
693,{'Output': 'mismatch'},"007-04-12)  ""345020-B21 BL20P G2 Xeon 3.2GHz 1M (2P)"" (2007-04-12)  ""345020-B21 BL20P G2 Xeon 3.2GHz 1M"
694,{'Output': 'mismatch'},"': \'120GB\', \'description\': \'  \""120Gb Samsung 840 Series S-ATA Solid State 2.5In D\"" \""Samsung 120GB 840 Series SATA 2.5In Hard Drive\"" \""Samsung 120GB 840 Series 2.5In Hard Drive\"" \""Samsung"
695,{'Output': 'mismatch'},"\': [\'632429003\'], \'type\': \'SATA\'}', 'Entity_2': '{\'title\': \'ST31000524NS EQL 1TB 7.2K 3.5 SATA PS4000E\', \'category\': \'\', \'subcategory\': \"
696,{'Output': 'mismatch'},"RPM\', \'description\': \'  \""StorageWorks 3.5 inch 7200 RPM 1.5 TB Internal Hard Drive - 3.5 inch 7200 RPM 1.5 TB Internal Hard Drive - 3.5 inch 7200 RPM 1.5 TB Internal Hard Drive - 3.5 inch 720"
697,{'Output': 'mismatch'},"GB ( 2X 2GB ) PC-6400\', \'subcategory\': \'Description:HP 4GB (2 x 2GB) Unbuffered PC2-6400 ECC DIMM (1 x 4GB)Part Number(s)HP Part# 497765-B21\', \'sku\': \'497"
698,{'Output': 'mismatch'},"'} 

{'Entity_1': '{\""/mpn\"": \""[cs1000dm003]\"", \""brand\"": \""Seagate\"", \""category\"": \""Computers_and_Accessories\"", \""Category\"": \""Seagate HardDrive\"", \""Sub-Category\"": \""Desktop\"", \""Generation\"": \""SATA\"", \""Part Number\"": \""ST1000DM0"
699,{'Output': 'match'},"5.25 in 3.23 in x 5.83 in x 9.61 in\', \'category\': \'\', \'subcategory\': \'\', \'brand\': \'HP\', \'sku\': \'340743b22\', \'type\': \'Tape Drive\', \'description\': \'  \""3"
700,{'Output': 'mismatch'},"061-S21 Wholesale Price ""  ""Descri\', \'title\': \'628061-S21 HP G8 G9 3-TB 6G 7.2K 3.5 SATA SC\', \'subcategory\': \'New 628061-S21 Wholesale Price \', \'sku\': \'6280"
701,{'Output': 'mismatch'},"Midline (MDL) Hard Drive\', \'description\': \'  \""658102-001-SC HP G8 G9 2-TB 6G 7.2K 3.5 SATA SC\"", \""Null\"" Price 658102-001-SC\"" \""New 658102-"
702,{'Output': 'mismatch'},"00 Series\', \'Cooling Solution\': \'Air Cooling Required\', \'Operating Temperature Range\': \'0 to 70 C\', \'Operating Temperature Range (Ambient)\': \'0 to 70 C\', \'Operating Temperature Range (Ambient) - Max\': \'70 C\', \'Operating Temperature Range (Ambient) - Min\': \'0 C\', \'"
703,{'Output': 'mismatch'},\': \'Description:PL BL20p 3.06 Xeon 1P M1 512K SA5I+ NC7781 I/O 1000M Ethernet 2.5GB 2.5GB 2.5GB 2.5GB 2.5GB 2.5GB 2.5GB
704,{'Output': 'mismatch'},"GB 3G 10K 2.5 DP SAS HDD\', \'subcategory\': \'Description:146GB 2.5-inch Serial Attached SCSI (SAS)SFF 3G Dual Port Hot-Plug 10K Hard DriveIn HPE Drive tray (as pictured)For G1-G7 Proliant\', \'sku\': [\'hp"
705,{'Output': 'mismatch'},"0,-\', \'description\': \'  \""Intel Core i5-6400 3.30GHz 4C/8T 15MB Cache 64bit 3.30GHz 4C/8T 15MB Cache 64bit 3.30GHz 4C/8T 15MB Cache 6"
706,{'Output': 'mismatch'},"]\', \'brand\': \'HP\', \'category\': \'Computers\', \'subcategory\': \'Printers\', \'description\': \'  \""HP 455694 HP 455694 455694 455694 455694 455694 455"
707,{'Output': 'mismatch'},00000000000000000000000000000000000000000000000000000000000000000000000000000000
708,{'Output': 'mismatch'},"\': \'Accessories\', \'description\': \'  \""HP 430165003 1000000000000000000000000000000000000000000000000000000"
709,{'Output': 'mismatch'},"8K216\', \'Part Number\': \'KVR21N15S8K216\', \'Products ID\': \'457695\', \'description\': \'  \""Kingston ValueRAM KVR21N15S8K216 1500MB 200-MHz (DDR) 2"
710,{'Output': 'mismatch'},"0RPM 16MB 6GB/S - Inusnet.com\', \'subcategory\': \'Hard Drives\', \'brand\': \'Western Digital\', \'sku\': \'wd10ezex\', \'type\': \'Hard Drive\' }', 'Entity_2': '{\""title\"": \""WD10EZEX 1TB 3.5\"" SATA3"
711,{'Output': 'mismatch'},""", ""Null""   ""Description:10 x 400GB Serial Attached SCSI (SAS) 10K 3.5-inch Hard Drive"", ""Null""   ""Description:10 x 400GB Serial Attached SCSI (SAS) 10K 3.5-inch Hard Drive"", ""Null""   ""Description:10 x"
712,{'Output': 'mismatch'},"7-B21"", ""Null"" ""HP 287497-B21"", ""Null"" ""HP 287497-B21"", ""Null"" ""HP 287497-B21"", ""Null"" ""HP 287497-B21"", ""Null"" ""HP 28749"
713,{'Output': 'mismatch'},"M2A2666C16 32GB (2x16GB) DDR3 2666MHz Memory Kit\', \'category\': \'Computer Memory\', \'subcategory\': \'DDR3 Memory\', \'brand\': \'Corsair\', \'sku\': \'Corsair Vengeance LPX CMK32GX4M2A266"
714,{'Output': 'match'},"#\': \'140755624\', \'Start Time\': \'Sat 04 Jul 2015 21:25:10 (CET)\', \'Close Time\': \'Tue 25 Jul 2017 15:17:57 (CET)\', \'Starting Bid\': \'Fixed"
715,{'Output': 'match'},"\'Corsair Flash Voyager Slider X2 128 GB USB 3.0 Drive - Blue\', \'category\': \'USB_drives\', \'subcategory\': \'USB_3.0_drives\', \'brand\': \'Corsair\', \'sku\': \'CMFSL3X2-128GB\', \'type\': \'USB 3.0 Drive"
716,{'Output': 'match'},10000000000000000000000000000000000000000000000000000000000000000000000000000000
717,{'Output': 'mismatch'},"SATA 3.0\', \'description\': \'  \""ST2000DM001 2TB 3.5\"" 7200RPM SATA 6Gb/s HDD 64MB Cache 2.54\"" 3.5\"" 2.54\"" 3.5\"" 3.5\"" 3.5"
718,{'Output': 'mismatch'},"5 inch 15K 3G SAS 72GB 5 Pack\'}', 'Entity_2': '{\'title\': \'430169-002 HP 72-GB 3G 15K 2.5 DP SAS 5 Pack\', \'category\': \'Null\', \'subcategory\': \'Description:HP 7"
719,{'Output': 'mismatch'},"\': \'€ 0,-\', \'Opsturen buiten Nederland\': \'€ 14,95\', \'description\': \'  \""Zotac GeForce GTX 1050 Ti 4GB OC Edition\""  \""Zotac 1050 Ti 4GB OC Edition 1080p Gaming Card\"", \""Zotac 1"
720,{'Output': 'mismatch'},"description\': \'  ""461826-B21 HP 2GB 2 x 1GB DDR II SDRAM 667MHz (PC2-5300) Memory Kit"", ""Null"" Price 461826-B21 Kit Wholesale"" ""New 461826-B21 Kit Wholesale\', \'title"
721,{'Output': 'mismatch'},"73.99""\', \'description\': \'  \""AD860KXBJABOX AMD FX-8350 8-Core 3.6GHz 125W 32nm 125W\"" \""Null\""  \""Description:AMD FX-8350 8-Core 3.6GHz 125W"
722,{'Output': 'mismatch'},"6G 10K 2.5 DP SAS HDD\'}', 'Entity_2': '{\""title\"": \""653124-B21 HP G8 G9 200-GB 3G 3.5 SATA MLC SSD\"", \""category\"": \""HP G8 G9 200GB 3.5-inch (L"
723,{'Output': 'mismatch'},"olesale Hard Drive\'', 'Entity_2': '{\'title\': \'Seagate 2TB ST2000NM0011 7.2K 3.5 inch SATA Hard Drive - 10 Pack - 6Gbps - 8.5ms - 140MB/s - 64MB Cache - 7200R"
724,{'Output': 'mismatch'},"{""Output"": ""match""}"
725,{'Output': 'mismatch'},"\""HP Proliant Memory 8GB (2 x 4GB) 504351-B21 800MHz (PC2-6400) DDR II SDRAM 240-pin DIMM Server Memory\""@en \""\u25b7 HP Proliant Memory 8GB (2 x 4GB)"
726,{'Output': 'mismatch'},"943-003 HP 146-GB 15K 3.5 SP SAS\', \'category\': \'Computer Components\', \'subcategory\': \'Hard Drive\', \'brand\': \'New 431943-003 SAS 5 Pack Wholesale \', \'sku\': \'431943003\',"
727,{'Output': 'mismatch'},"9\', \'Opsturen vanaf €50,-\': \'€ 0,-\', \'Opsturen t/m € 200,-\': \'€ 6,95\', \'Pakketpost (vanaf € 36,24)\': \'€ 0,-\'}', 'Entity_2': ""{\'title\': \'Kingston"
728,{'Output': 'mismatch'},"0658b212pack]\', \'category\': \'\', \'brand\': \'3M\', \'description\': \'  \""3M 500658B212 12 Pk\""@en', \'title\': \'3M 500658B212 12 Pk\', \'"
729,{'Output': 'mismatch'},"\': \'Proliant HardDrive\', \'Sub-Category\': \'Hard Drive\', \'Generation\': \'SAS\', \'Part Number\': \'238921-B21\', \'Products ID\': \'474067\', \'Capacity\': \'1TB\', \'Interface Type\': \'Serial Attached SCSI\', \'description\': \'"
730,{'Output': 'mismatch'},"\', \'sku\': \'249674001\', \'type\': \'DDR333 Memory Module\', \'description\': \'  \""Hewlett Packard Enterprise 2GB DDR-333 DDR 333MHz ECC memory module\""  \""Description:2GB DDR333 Memory Module\""  \""HP 2496"
731,{'Output': 'mismatch'},"ABA-10Pack\"" ""New BD03656ABA FC-AL 10 Pack W\', \'subcategory\': \'10K 10000RPM 3.5\"" 10000RPM 10000RPM 10000RPM 10000RPM 10"
732,{'Output': 'mismatch'},"640ns\'], \'type\': \'Hard Drive\'}', 'Entity_2': '{\""title\"": \""ST31000640NS Seagate 1TB 7.2K 3.5 SATA\"", \""category\"": \""HardDrive\"", \""subcategory\"": \""Hard Drive\"", \""brand\"": \""Seagate\"", \""sku\"": \""ST31"
733,{'Output': 'match'},"2.40GHz DL160 G5"", \""Null\"" Price 533995-B22\"" \""New 533995-B22 G5 Wholesale\'', \'title\': \'533995-B22 HP Xeon X3220 2.40GHz DL160 G5\',"
734,{'Output': 'mismatch'},"7200RPM 3.5-inch form factor Single Port Hard DrivePart\', \'brand\': \'Seagate\', \'sku\': [\'st1000dm003\', \'st1000dm0032pack\'], \'type\': \'Hard Drive - Hot-Swap\', \'description\': \'  \""ST10"
735,{'Output': 'mismatch'},"standaard verbinding tussen de processor en de motherboard. De socket is een belangrijke parameter die je moet controleren bij het kopen van een processor."", \'Socket\': \'LGA1151\', \'description\': \'  \""Intel Core i7-7700\"", \""Null\"" Price Intel Core i7-7700 3.6GHz"
736,{'Output': 'mismatch'},"8-GB 10K 3.5 inch FC-AL Hard Drive 238921-B21-10Pack"", \'title\': \'238921-B21 HP 72.8-GB 10K FC-AL 10 Pack\', \'subcategory\': \'StorageWorks 72.8-GB"
737,{'Output': 'mismatch'},"359623b21\', \'type\': \'BL20PG2 Xeon 3.2GHz 1M (2P) Blade\', \'description\': \'  \""359623-B21 HP BL20p G2 X2.8GHz/1MB 512MB\"" \""Null\""   \""Description:"
738,{'Output': 'mismatch'},"\'subcategory\': \'Memoria RAM\', \'brand\': \'Corsair\', \'description\': \'  \""Corsair Vengeance LED CMU64GX4M4C3000C15R\"" Corsair Vengeance LED 64GB DDR4 3000 Memory Kit 4x 16GB | Corsair CMU64GX"
739,{'Output': 'mismatch'},"\', \'description\': \'  \""AMD Piledriver FX-6 Six Core 6300 Black Edition 3.50Ghz (Socket AM3+) Processor - Retail \""@en AMD Piledriver FX-6 Six Core 6300 Black Edition 3.50Ghz (Socket AM3+) Processor - Retail 3.50GHz"
740,{'Output': 'mismatch'},"0005013]\', \'category\': \'Computers_and_Accessories\', \'Categorie\': \'Projectoren\', \'Merk\': \'Philips\', \'Product\': \'Philips 3200 Series\', \'Uitvoering\': \'Philips 3200 Series 3200 Series 3200"
741,{'Output': 'mismatch'},"': \'USB 3.0 Flash Drive\'}', 'Entity_2': '{\'title\': \'SanDisk Ultra 32GB USB 3.0 Flash Drive SDCZ48-032G-U46\', \'category\': \'USB-sticks\', \'subcategory\': \'\', \'brand\': \'SanDisk\', \'sku\': \'"
742,{'Output': 'mismatch'},"\'brand\': \'Fire\', \'sku\': \'b00tsugxke\', \'type\': \'Fire Tablet\'', 'Entity_2': '{\'title\': \'Fire Tablet 7"" 8GB Wi-Fi - Black (B00TSUGXKE | SV98LN 848719062854)\',"
743,{'Output': 'mismatch'},"{""Output"": ""mismatch""}"
744,{'Output': 'mismatch'},"DDR4\', \'Capacity\': \'16GB\', \'Color\': \'Black\', \'Form Factor\': \'Soldered\', \'Interface\': \'288-pin\', \'Speed\': \'2400 MHz\', \'description\': \'  \""Corsair - CMK16GX4M2A2400C16\""@en"
745,{'Output': 'mismatch'},"9.99""', \'description\': \'  \""359623-B21 HP ProLiant BL20p 2.4GHz G2\"" \""Null\""   \""Description:HP ProLiant BL20p 2.4GHz G2 512MB RAM 1MB Cache 2x 2.5\"" Hard Drive B"
746,{'Output': 'mismatch'},"', \'Memory Type\': \'DDR4\', \'Memory Type (ECC)\': \'Non-ECC\', \'Memory Type (R/U)\': \'UDIMM (Unbuffered)\', \'Memory Speed\': \'PC4-21300 (2666)\', \'Pins\': \'288\', \'CAS Latency\': \'1"
747,{'Output': 'mismatch'},".99\', \'description\': \'  \""TL-SG1005D\"" Price TL-SG1005D\"" \""TL-SG1005D 5-Port Gigabit Desktop Switch\"", \""Null\"" Price TL-SG1005D\"" \""TL-SG1005D 5-Port Gigabit Desktop Switch\"" Price"
748,{'Output': 'mismatch'},"Interface Type\': \'SATA\', \'Rotational Speed\': \'15000RPM\', \'description\': \'  \""Seagate 750GB 15K SATA 15000RPM\"", \""Null\"" Price 2Pack\"" ""Seagate ST3750330NS 2Pack\"" ""Seagate 7"
749,{'Output': 'match'},"{""Output"": ""mismatch""}"
750,{'Output': 'mismatch'},"Port 366M Adapter"" Price 615729-B21\"" ""New 615729-B21 Adapter\', \'title\': \'Null\', \'subcategory\': \'New 615729-B21 Adapter Wholesale\', \'sku\': \'615729b21\', \'type\': \'"
751,{'Output': 'mismatch'},"description\': \'  \""Intel Core i3 7350K Unlocked Kaby Lake Desktop Processor/CPU\""@en Processor/CPU LN77463 - BX80677I37350K | SC\', \'title\': \'Intel Core i3 7350K Unlocked Kaby Lake Desktop Processor/CPU\', \'"
752,{'Output': 'mismatch'},"{""Output"": ""mismatch""}"
753,{'Output': 'mismatch'},"': \'€ 0,-\', \'description\': \'  ""Intel Core i7-6700 4.00GHz 6MB Cache 6 Cores 12 Threads 3.50GHz 4.00GHz Turbo 4.00GHz Turbo 4.00GHz Turbo 4.00GHz Turbo 4.00"
754,{'Output': 'mismatch'},"': \'[235065002]\', \'/mpn\': \'[235065002]\', \'brand\': \'HP\', \'category\': \'Null\', \'Category\': \'HP\', \'Sub-Category\': \'Hard Drive\', \'Generation\': \'U160 SCSI\', \'Part Number\':"
755,{'Output': 'mismatch'},"-in\', \'Capacity\': \'146GB\', \'Interface\': \'Fibre Channel\', \'Drive Dimensions\': \'3.5 inches x 1 plug-in\', \'Spindle Speed\': \'10000RPM\', \'External Data Transfer\': \'3072MB/s\', \'description\': \'  \""BD03656ABA"
756,{'Output': 'mismatch'},) 7200RPM SATA 6G 3.5-inch Hard Drive - 628061-S21-SC 628061-S21-SC 628061-S21-SC 628061-S21-SC 628061-S21-SC
757,{'Output': 'mismatch'},"': \'Intel Core i5 3570 3.4GHz Quad-Core Processor - BX80637I53570\', \'sku\': \'bx80637i53570\', \'type\': \'Processor\'}', 'Entity_2': '{\'title\': \'Intel Core i5 3570"
758,{'Output': 'mismatch'},"\'description\': \'  \""AMD Ryzen Threadripper 1900x\""  \""AMD Ryzen Threadripper 1900x 3.5GHz 16-Core 32-Thread 125W 3.5GHz 16-Core 32-Thread 125W 3.5GHz 16-Core 32"
759,{'Output': 'mismatch'},"{""Output"": ""mismatch""}"
760,{'Output': 'mismatch'},"match'} 

{'Entity_1': '{\'description\': \'  \""242469-001 HP Storageworks External\"", \""Null\"" External Wholesale 242469-001 Price 242469-001\""  \""De\', \'title\': \'242469-0"
761,{'Output': 'mismatch'},"'Entity_2': '{\'title\': \'EG0146FARTR HP 146-GB 6G 10K 2.5 DP SAS HDD\', \'category\': \'New EG0146FARTR HDD Wholesale Price EG0146FARTR\', \'subcategory\': \'Description:146GB 2"
762,{'Output': 'mismatch'},"\'  \""508429-001-5Pack HP 400-GB 10K 2.5 SAS HDD 3072MB/s 3.5\"" 3.5\"" 1/3H (Low Profile) 10000RPM 3.5ms 3.5\"" 3."
763,{'Output': 'match'},"DPD vanaf € 99,-\': \'€ 3,95\', \'description\': \'  ""Intel Core i5-4570 3.2GHz 4MB Cache 65W 4x DDR3-1600 14nm 3.2GHz 4MB Cache 65W 4x DDR3"
764,{'Output': 'match'},"503203706692,  4056572591442,  67\', \'category\': \'\', \'Categorie\': \'Processors\', \'Merk\': \'Intel\', \'Productserie\': \'Core i5\', \'Product\': \'Intel Core i5-"
765,{'Output': 'match'},"3,95\', \'description\': \'  ""Kingston ValueRAM KVR21SE15D8/8 8GB DDR4 2133MHz Module""@en  ""Kingston ValueRAM 8GB DDR4 2133MHz Module""@en  ""Kingston ValueRAM 8GB DDR4 2133MHz Module"
766,{'Output': 'mismatch'},3.5 inch 146.8GB 10K 3.5 inch 146.8GB 10K 3.5 inch 146.8GB 10K 3.5 inch 146.8GB 10K 3.5 inch 146.8GB 10K
767,{'Output': 'mismatch'},"match'} 

{'Entity_1': '{\""description\"": \""Intel Core i3 6100 / 3.7 GHz processor\"", \""title\"": \""Intel Core i3 6100 / 3.7 GHz processor\"", \""category\"": \""Intel processor\"", \""subcategory\"": \""BX80662I36100\"", \""brand\"": \""Intel"
768,{'Output': 'mismatch'},"{""Output"": ""match""}"
769,{'Output': 'mismatch'},"{""Output"": ""match""}"
770,{'Output': 'mismatch'},"10K FC-AL 3.5 inch x 1 inch Plug-in Module 10000RPM 40 Pins 2GB/s 5 Pack Wholesale\', \'description\': \'  ""359461-005 HP 72.8-GB 10K FC-AL"", ""Null"" Price 359"
771,{'Output': 'match'},"': \'Network Attached Storage\', \'subcategory\': \'ReadyNAS 212 2-Bay Network Attached Storage for Personal Cloud, Diskless (RN21200-100NES)\', \'brand\': \'NETGEAR\', \'sku\': [\'rn21200100nes\'], \'type\': \'2-Bay Network"
772,{'Output': 'match'},"ASUS M5A99FX PRO R2.0 - motherboard ATX Socket AM3+ AMD 990FX 128MB 2 x DDR3 1333/1600/1866/2133 MHz 2 x 6-Port SATA 2.5\"" 2 x 6-Port SATA"
773,{'Output': 'mismatch'},"SCSI (SAS) 10K RPM\', \'Description\': \'HP 508429-001 400GB 10K RPM SAS Hard Drive 5 Pack\', \'description\': \'  \""HP 508429-001 400GB 10K RPM SAS Hard Drive 5 Pack"
774,{'Output': 'mismatch'},"55HM - Prijzen \""@NL Tweakers\""@NL RL2455HM\'', 'Pakketpost (vanaf € 25,-)': '€ 0,-', 'Pakketpost (vanaf € 30,-)': '€ 0,-', 'Pakketpost (vanaf € 50,-)': '€"
775,{'Output': 'mismatch'},"\': \'14-15-15-34\', \'description\': \'  \""CMK32GX4M2A2133C13 32GB (2x16GB) DDR4 2133MHz 288 Pin 2.5GB/s 14-15-15-34"
776,{'Output': 'mismatch'},"350T G4p Xeon 3.2 2MB 512MB\', \'category\': \'\', \'subcategory\': \'\', \'brand\': \'Hewlett-Packard\', \'sku\': [\'356816001\'], \'type\': \'Server\', \'description\': \'  ""35"
777,{'Output': 'match'},"\'description\': \'  \""Cooper 9050015WLED 120V 1500000000000000000000000000000000000000000000000000000"
778,{'Output': 'mismatch'},"ID\': \'[726722b21]\', \'brand\': \'HPE\', \'category\': \'HPE\', \'Product Description\': \'HP - DDR4 - 32 GB - LRDIMM 288-pin\', \'Product Type\': \'RAM memory\', \'Capacity\': \'32 GB\', \'Memory Type\"
779,{'Output': 'mismatch'},"K Sun 300-GB 10K HP FC-AL HDD\', \'subcategory\': \'10K\', \'sku\': \'xta3510300gb10k\'}', 'Entity_2': '{\""title\"": \""Sun XTA-3510-300GB-10K 3.5 inch"
780,{'Output': 'match'},"Smart Switch PoE\', \'category\': \'5-Port Gigabit Smart Switch PoE\', \'subcategory\': \'Price TL-SG1005D\', \'brand\': \'TP-Link\', \'sku\': \'tl-sg1005d\', \'type\': \'5-Port Gigabit Smart Switch PoE - Black Friday 2017"
781,{'Output': 'mismatch'},"15K 2.5 DP SAS 2 Pack\', \'category\': \'\', \'subcategory\': \'\', \'brand\': \'\', \'sku\': \'\', \'type\': \'2 x 146GB 2.5-inch Serial Attached SCSI (SAS) SFF3G Dual Port Hot-Plug 15K Hard Disk"
782,{'Output': 'mismatch'},"00\', \'description\': \'  ""TP-Link TL-WDN4800 1000Mbps 1-Port 10/100/1000Base-T Ethernet Adapter"", ""Null"" ""TP-Link TL-WDN4800 1000Mbps 1-Port 10/100/1"
783,{'Output': 'mismatch'},"1\', \'Products ID\': \'629142\', \'description\': \'  ""629142-B21 HP 10GB 2-Port 10/100/1000 Ethernet Adapter"", ""Null"" Price 629142-B21"" ""New 629142-B"
784,{'Output': 'match'},"': \'6 MB\', \'L3 Cache\': \'8 MB\', \'Width\': \'3.4\""\', \'Processor Core\': \'Hexa-core (6 Core)\', \'64-bit Processing\': \'Yes\', \'Thermal Design Power\': \'95 W\', \'Processor Manufacturer\': \'AMD\', \'Overclocking Speed\': \'4.1"
785,{'Output': 'mismatch'},"36\', \'brand\': \'Corsair\', \'sku\': \'CMK16GX4M2A2400C16\', \'type\': \'DDR4 2400MHz 2x8GB 16-16-16-36 2400MHz 2400MHz 2400"
786,{'Output': 'mismatch'},"\': \'AMD FX-8350 4C/8T 4MB Cache 4.0GHz\', \'description\': \'  \""AMD FX-8350 4C/8T 4MB Cache 4.0GHz\"" \""Null\""  \""AMD FX-8350 4C/8T 4MB Cache 4"
787,{'Output': 'mismatch'},"Case\', \'subcategory\': \'\', \'sku\': \'cas340wb3\', \'type\': \'Case\'}', 'Entity_2': '{\'title\': \'NZXT S340 Elite (Black) ATX Mid Tower Case\', \'category\': \'Case\', \'subcategory\': \'\', \'brand\': \'NZXT\', \'"
788,{'Output': 'mismatch'},"00AZLX - hard drive 500 GB SATA 6Gb/s\', \'subcategory\': \'Hard Drives\', \'sku\': \'wd5000azlx\', \'type\': \'Hard Drive\'', 'Entity_2': '{\'title\': \'Western Digital WD5000BLK - 500GB Hard Drive - Blue"
789,{'Output': 'mismatch'},"Drive\': \'No\', \'Drive Type\': \'Hard Drive\', \'description\': \'  \""417190-002-5Pack HP 15K 72GB 3.5\"" Hard Drive\""@en-US \""HP 15K 72GB 3.5\"" Hard Drive 417190-"
790,{'Output': 'mismatch'},"{""Output"": ""match""}"
791,{'Output': 'mismatch'},"]\', \'brand\': \'Seagate\', \'category\': \'Hard Drives\', \'subcategory\': \'Hard Drives\', \'description\': \'  \""Seagate 3750330NS 2 Pack 750GB 3.5 inch 7200RPM SATA III 6Gb/s Hard Drive\""@en 2 Pack"
792,{'Output': 'mismatch'},"146.8-GB 10K FC-AL HDD\', \'subcategory\': \'Hard Drives\', \'sku\': \'bd1465822c\', \'type\': \'Hard Drive Hot-Swap 3.5 inch x 1 inch Plug-in Module 10K FC-AL 146.8GB 40 Pins"
793,{'Output': 'mismatch'},"{""title"": ""Asus H81I-PLUS Mini ITX Motherboard""}"
794,{'Output': 'mismatch'},"Seagate\', \'sku\': \'st2000nm0011\', \'type\': \'Hard Drive - Hot-Swap - Gen8\', \'description\': \'  \""ST2000NM0011 Seagate 2-TB 7.2K 3.5 6G SP SATA\"" \""Null\""  Price  st2"
795,{'Output': 'mismatch'},"\', \'type\': \'3.5-inch Serial Attached SCSI (SAS) 6G 7.2K Hot-Plug Midline (MDL) Hard Drive\' }', 'Entity_2': '{\""title\"": \""782995-001 HP 6-TB 6G 7.2K 3.5 SAS HDD\"", \"""
796,{'Output': 'mismatch'},"\'€ 172,99\', \'description\': \'  \""Gigabyte GA-Z270M-D3H - Prijzen \""@NL Tweakers\""@NL\', \'title\': \'Gigabyte GA-Z270M-D3H - Prijzen \""@NL Tweakers\""@NL\', \'subcategory\': \'\', \'"
797,{'Output': 'mismatch'},"en  ""EVGA GeForce GTX 1060 SC GAMING 6GB""  ""EVGA GeForce GTX 1060 SC GAMING 6GB 128-bit 6GB 128-bit 128-bit 128-bit 128-bit 128-bit 128-bit 128-bit"
798,{'Output': 'mismatch'},"95)\': \'€ 2,95\', \'Pakketpost (tot € 49,95)\': \'€ 2,95\', \'Pakketpost (tot € 49,95)\': \'€ 2,95\', \'description\': \'  \""Kingston DataTraveler microDuo 3C 3"
799,{'Output': 'mismatch'},"0,-\', \'description\': \'  \""TL-SG1024D TP-Link 1000BASE-T 24-Port 10/100/1000 Mbps Desktop Switch\""  \""Null\""  \""Description: 24 Port 10/100/1000 Mbps Desktop Switch\""  \""Description"
800,{'Output': 'mismatch'},"\': \'Processor\'}', 'Entity_2': '{\""title\"": \""495906-B21 HP X5560 2.80GHz ML350 G6\"", \""category\"": \""Null\"", \""subcategory\"": \""Description:Intel Xeon X5560 ML350 G6(2.80GHz/4-core"
801,{'Output': 'mismatch'},456896-001 HP 400-GB 10K 3.5 DP SAS 10000 RPM 3.5 inch Drive 10000 RPM 3.5 inch Drive 10000 RPM 3.5 inch Drive 10000 RPM 3.5 inch Drive
802,{'Output': 'mismatch'},1000 Mbps 1000 Mbps 1000 Mbps 1000 Mbps 1000 Mbps 1000 Mbps 1000 Mbps 1000 Mbps 1000 Mbps 1000 Mbps 1000 Mbps 1000 Mbps 1000 Mbps 1
803,{'Output': 'mismatch'},"\'Crucial\', \'description\': \'  ""8GB 2666MHZ DDR4 CL16 DIMM 2RX8 16GB 2666MHZ DDR4 CL16 DIMM 2RX8 2666MHZ DDR4 CL16 DIMM 2RX8 2666MHZ DDR"
804,{'Output': 'mismatch'},"de réponse\': \'10 ms\', \'description\': \'  \""Corsair 500GB 2.5\"" SATA III 300MB/s 3 Year Warranty 3 Year Warranty 3 Year Warranty 3 Year Warranty 3 Year Warranty 3 Year Warranty 3 Year Warranty 3 Year Warranty 3 Year Warranty 3 Year Warranty 3 Year Warranty"
805,{'Output': 'mismatch'},"price\': \'""USD"", ""$149.99 USD""\', \'description\': \'  \""AMD Ryzen 7 1700 8-Core 16MB Cache 3.0GHz 4GHz Boost\""@en \""\u25b7 AMD Ryzen 7 1700\""@en \""\u25b7 AMD"
806,{'Output': 'mismatch'},"16gx4m2a2666c16\', \'type\': \'DDR4, 2666MHz, CL16, 1.2v, XMP 2.0, Lifetime Warranty\' }', 'Entity_2': '{\'title\': \'Corsair 16GB Vengeance LPX DDR4 2666"
807,{'Output': 'mismatch'},"{""Output"": ""mismatch""}"
808,{'Output': 'mismatch'},"{""Output"": ""mismatch""}"
809,{'Output': 'mismatch'},")\', \'description\': \'  \""417190-002 15K 72GB\"" \""Null\""   \""Description:Proliant 15K 72GB SAS Hard Drive 417190-002\', \'title\': \'417190-002 15K"
810,{'Output': 'mismatch'},"\', \'description\': \'  \""287497-B21 266MHz 1GB 1GB 1x1GB 1GB 1GB 1GB 1GB 1GB 1GB 1GB 1GB 1GB 1GB 1GB 1GB 1GB 1GB 1GB 1"
811,{'Output': 'mismatch'},"032037076692\', \'description\': \'  \""Intel Core i7-6700K 4.00GHz 6-Core 12-Thread 125W 4.40GHz Turbo 125W 125W 125W 125W 125"
812,{'Output': 'mismatch'},"Port\', \'description\': \'  ""430169-002 HP 72-GB 15K 3.5 1.5G SAS HDD"" ""HP 430169-002 HDD Part# -430169-002""  ""Description:\', \'title\': \'4"
813,{'Output': 'mismatch'},"Bus Adapter FIO Part Number(s) Manufacturer Part# 449363-B21""\'}'} -> match'}

{'Entity_1': '{\""brand\"": \""HP\"", \""category\"": \""Office_Products\"", \""Categorie\"": \""Printers\"", \""Merk\"": \""HP\"", \""Product\"": \""HP Envy 5540 AiO\"", \""Uit"
814,{'Output': 'mismatch'},"3.5"" SATA3 7200 HDD"", ""Null"" Price WD10PURZ 1TB 3.5"" SATA3 7200 1TB 3.5\"" SATA3 7200 1TB 3.5\"" SATA3 7200 1TB 3.5\"" SATA3 72"
815,{'Output': 'match'},".7GHz, 4MB Cache, 64-bit, 65W, 4GB, 14nm Technology, 4x4, 64-bit, 64GB, 2.7GHz, 4MB Cache, 64-bit, 65W, 4GB, 14nm Technology, 4x4,"
816,{'Output': 'mismatch'},"': \'HP\', \'category\': \'Computers_and_Accessories\', \'Category\': \'Hard Drive Bays\', \'Sub-Category\': \'Hard Drive Bays\', \'Part Number\': \'9301CT\', \'Products ID\': \'43201404\', \'description\': \'  \""9301CT HP 9"
817,{'Output': 'mismatch'},"': \'[431786b212pack]\', \'category\': \'StorageWorks\', \'category_id\': 10000000000000000000000000000000000000000000000000"
818,{'Output': 'mismatch'},"\'SKU\': \'BX80662I36100\', \'Tweakers ID\': \'457400\', \'Productprijs\': \'€ 149,99\', \'Pakketpost Nederland vanaf € 25,-\': \'€ 0,-\', \'iDeal\': \'€ 0,-"
819,{'Output': 'mismatch'},"\': \'€ 0,-\', \'Pakketpost (vanaf € 29,95)\': \'€ 0,-\', \'Pakketpost (vanaf € 20,- i.c.m. iDEAL)\': \'€ 0,-\', \'description\': '  \""Asus GeForce GTX 1070Ti Turbo 81"
820,{'Output': 'mismatch'},.5-Inch Internal Hard Drive 146GB 15K 3.5-Inch Internal Hard Drive 146GB 15K 3.5-Inch Internal Hard Drive 146GB 15K 3.5-Inch Internal Hard Drive 146GB 15K 3.5-Inch Internal Hard Drive
821,{'Output': 'match'},"\""id\"": \""123456789\"", \""name\"": \""AMD 790G\"", \""category\"": \""Chipset\"", \""subcategory\"": \""Chipset\"", \""brand\"": \""AMD\"", \""description\"": \""AMD 790G 800MHz 1333MHz 1.5V 1.5V 1.5"
822,{'Output': 'mismatch'},"073b21\', \'type\': \'Processor\', \'description\': \'  ""589073-B21 HP Xeon X7560 2.26GHz BL680c G7"", ""Null"" Price 589073-B21"" ""New 589073-B21 Wholesale"
823,{'Output': 'mismatch'},"{""Output"": ""match""}"
824,{'Output': 'mismatch'},02 SATA 10 Pack Wholesale Price 454141-002 SATA 10 Pack Wholesale Price 454141-002 SATA 10 Pack Wholesale Price 454141-002 SATA 10 Pack Wholesale Price 454141-002 SATA 10 Pack Wholesale
825,{'Output': 'mismatch'},".5 inch 15K 3G SAS HotSwap Hard Drive\' }', 'Entity_2': '{\""title\"": \""DH0072BALWL HP 72-GB 3G 15K 2.5 DP SAS\"", \""category\"": \""404712-001 HP 146-GB U320"
826,{'Output': 'mismatch'},08641-B21 16GB DDR3 240-pin Memory Module 16GB 240-pin 16GB 240-pin 16GB 240-pin 16GB 240-pin 16GB 240-pin 16GB 240-pin 16GB
827,{'Output': 'mismatch'},"""Description:HP 4GB 1333MHz DDR3 240-pin Desktop Memory Module for HP Proliant Servers"", \'title\': \'500658-B21 4GB (1x4GB) 1333MHz DDR3 Desktop Memory Module for HP Proliant Servers\', \'subcategory\': \'Description:HP"
828,{'Output': 'mismatch'},"3591090759]\', \'category\': \'Computer Memory\', \'Categorie\': \'Geheugen intern\', \'Merk\': \'Corsair\', \'Productserie\': \'Vengeance LED\', \'Product\': \'Corsair Vengeance LED CMU64GX4M4C3000C15R\', \'U"
829,{'Output': 'mismatch'},"{""Output"": ""match""}"
830,{'Output': 'mismatch'},"Hard Drive\', \'description\': \'  \""ST31000524NS 1000GB 3.5 5400RPM SATA Hard Drive\""@en-US \""ST31000524NS 1000GB 3.5 5400RPM SATA Hard Drive\""@en-US \"""
831,{'Output': 'mismatch'},"1943-003 HP 146-GB 15K 3.5 SP SAS"", ""Null"" Price 431943-003-5Pack"" ""New 431943-003 SAS 5 Pack Wholesale  \', \'mpn\': \'43194300"
832,{'Output': 'mismatch'},"\': \'€ 0,-\', \'description\': \'  \""Asus Prime X299-Deluxe\""@en ""▷ Asus Prime X299-Deluxe | 125000000000000000000000000000000000000"
833,{'Output': 'match'},"': \'HP AMD Opteron 8384 2.7GHz BL685c G5\', \'category\': \'Processors\', \'subcategory\': \'Description:2 x AMD Opteron 8384 BL685C G5(2.7GHz/4-core/6MB/75W) ACPFull 2 Processor Option Kit"
834,{'Output': 'mismatch'},Memory (RAM) 8GB 2x4GB 1600MHz 1.6V 1333MHz CAS 9 240-pin 2.5V 1.6V 1.6V 1.6V 1.6V 1.6V 1.6V 1.6V 1.
835,{'Output': 'mismatch'},"{""Output"": ""match""}"
836,{'Output': 'mismatch'},"CPU Socket"": \'Socket 1151\', \'description\': \'  \""Intel Core i7-6700K 4GHz 4-Core 16-Thread 4.2GHz Turbo\"" \""Intel Core i7-6700K 4GHz 4-Core 16-Thread 4.2GHz Turbo\""  \""Description:Intel"
837,{'Output': 'mismatch'},"2.8GHz) 512MB 1P\', \'category\': \'Null 1P\', \'subcategory\': \'Blade\', \'brand\': \'300876-B21 Price\', \'sku\': \'300876-b21\', \'type\': \'Blade Server 1P 2.8GHz"
838,{'Output': 'mismatch'},"': \'ad740kybjabox\', \'type\': \'Socket FM2\'}'} -> mismatch}

{'Entity_1': '{\""/mpn\"": \""[ad640kokhlbox]\"", \""description\"": \""  \""AMD A6-6400K 3.9GHz (Socket FM2) APU Richland Processor - Retail \""@"
839,{'Output': 'mismatch'},"type\': 'New 430169-002 SAS 5 Pack Wholesale Price 430169-002-5Pack'}', 'Entity_2': '{\'title\': \'430169-002 HP 72-GB 3G 15K 2.5 DP SAS\', \'"
840,{'Output': 'match'},"000000000]\', \'category\': \'Hard Drive\', \'Categorie\': \'Hard Disks\', \'Merk\': \'Seagate\', \'Product\': \'Seagate Barracuda 2.5 inch 1.0 TB 5400 RPM SATA III 3.0 Gb/s 3.5 inch Hard Drive"
841,{'Output': 'match'},"'\', \'brand\': \'Netgear\', \'sku\': \'rn21200100nes\'}, {\'/mpn\': \'[rn21200100nes]\', \'/gtin13\': \'[606449110913]\', \'category\': \'\', \'"
842,{'Output': 'match'},"667MHz\' }', 'Entity_2': '{\""title\"": \""Hewlett Packard Enterprise 2GB PC2-5300 DDR2-667 DDR2 667MHz Memory Module\"", \""category\"": \""Product data Hewlett Module memory modules\"", \""subcategory\"": \""DDR2 Memory\"", \""brand\"": \""Hewlett Packard Enterprise\"","
843,{'Output': 'mismatch'},"2-GB 3G 15K 2.5 DP SAS HDD"", ""Null"" Price 430169-002-2Pack"" ""New 430169-002 HDD Wholesale \', \'price\': \'""USD"", ""$149.99""\', \'mpn\': \'[43"
844,{'Output': 'mismatch'},-3510-73-GB-10K 10K 73GB 10000RPM 10000RPM 10000RPM 10000RPM 10000RPM 10000RPM 10000RPM 1
845,{'Output': 'mismatch'},"sku\': \'[may2073rc5pack]\', \'/mpn\': \'[may2073rc]\', \'brand\': \'Fujitsu\', \'category\': \'\', \'Category\': \'Fujitsu HardDrive\', \'Sub-Category\': \'10K\', \'Generation\': \'SAS\', \'Part Number"
846,{'Output': 'mismatch'},"{""Output"": ""mismatch""}"
847,{'Output': 'mismatch'},"8 INTERNAL PORT""@en 347786-B21 ""HP  "", \""Null\""  ""HP 347786-B21 8 INTERNAL PORT 347786-B21 347786-B21 347786-B21 347786-B21"
848,{'Output': 'mismatch'},"630NS Seagate 500-GB 7.2K 3.5 3G SATA HDD\', \'sku\': \'st3500630ns\', \'type\': \'Hard Drive\'}', 'Entity_2': '{\'title\': \'Null\', \'category\': \'518736-001"
849,{'Output': 'mismatch'},"-001 450-GB 10K FC-AL HDD 10Pack\', \'sku\': \'51873600110pack\', \'type\': \'Hard Drive Hot-Swap 3.5 inch x 1 inch Plug-in Module 10K 450GB 10Pack 100"
850,{'Output': 'mismatch'},"\'category\': \'Computers_and_Accessories\', \'Category\': \'HardDrive\', \'Sub-Category\': \'SAS\', \'Generation\': \'SAS\', \'Part Number\': \'DG0300FARVV\', \'Products ID\': \'457442\', \'Type\': \'Hard Drive - Hot-Swap\', \'Capacity"
851,{'Output': 'mismatch'},"dg0300farvv\', \'type\': \'Hard Drive - Hot-Swap\', \'description\': \'  ""DG0300FARVV HP 300-GB 6G 10K 2.5 DP SAS HDD"" ""Null""   ""Description:300GB 2.5-inch Serial Attached SCSI (SAS)"
852,{'Output': 'mismatch'},"description\': \'  \""Asus Prime B250M-Plus\"" \""Null\""  \""Description:Asus Prime B250M-Plus 90MB0SI0-M0EAY0 127,99 Euro 127,99 Euro 127,99 Euro 127,99 Euro 1"
853,{'Output': 'mismatch'},"\', \'Products ID\': \'144426\', \'Type\': \'Hard Drive Hot-Swap\', \'Form Factor\': \'3.5 inch x 1 inch Plug-in Module\', \'Capacity\': \'200GB\', \'Interface Type\': \'SAS\', \'Data Transfer Rate\': \'2GB/s\', \'Rotational Speed\': \'"
854,{'Output': 'mismatch'},"3,95\', \'description\': \'  \""Gigabyte GA-H110M-S2HP Motherboard\"", \""Null\"" \""New GA-H110M-S2HP Motherboard Wholesale Price GA-H110M-S2HP\', \'title\': \'Gigabyte GA-H110M-S2HP Motherboard\', \'sku\': \'"
855,{'Output': 'mismatch'},"\""brand\"": \""Apple\"", \""category\"": \""Hard Drive\"", \""description\"": \""  \""Apple 2.5\"" 120GB 5400RPM Hard Drive\""  \""Null\""   \""Description:Apple 2.5\"" 120GB 5400RPM Hard Drive\"", \""title\"": \""Apple 2.5\"""
856,{'Output': 'match'},"9H.LA9LBQBE, 9H.LA9LBD, 9H.LA9LBD, 9H.LA9LBD, 9H.LA9LBD, 9H.LA9LBD, 9H.LA9LBD, 9H.LA9LBD, 9H.LA9LBD, 9H.LA9LBD,"
857,{'Output': 'mismatch'},"{""Output"": ""match""}"
858,{'Output': 'mismatch'},"\'HP\', \'category\': \'StorageWorks\', \'Category\': \'Storageworks HDD\', \'Sub-Category\': \'10K\', \'Generation\': \'Fibre Channel\', \'Part Number\': \'323146-002-2Pack\', \'Products ID\': \'463765\', \'Type\':"
859,{'Output': 'mismatch'},"': 'match'} 

{'Entity_1': '{\""/mpn\"": \""[v1m69aaabb]\"", \""/gtin13\"": \""[ 889899005668,  889899005712, 889899005743,"
860,{'Output': 'mismatch'},"\'description\': \'  ""449363-B21 HP 3Gbps SAS/1.5Gbps SATA Host Bus Adapter"", ""Null"" 449363-B21 HP 3Gbps SAS/1.5Gbps SATA Host Bus Adapter 10000000000000000"
861,{'Output': 'mismatch'},"5FB/4\', \'EAN\': \'740617244335\', \'SKU\': \'HX424C15FB4\', \'Tweakers ID\': \'702513\', \'description\': \'  \""Kingston HyperX Fury black HX424C15FB/4\"" \"""
862,{'Output': 'match'},"{""Output"": ""match""}"
863,{'Output': 'mismatch'},"1 HP FlexFabric 10Gb 2-Port 554FLR Adapter\', \'subcategory\': \'10GB 2-Port 554FLR Adapter\', \'sku\': \'629142-B21\' }', 'Entity_2': '{\'title\': \'629142-B21 HP FlexFabric"
864,{'Output': 'mismatch'},"579665\', \'description\': \'  \""PNY NVIDIA Quadro K1200 for DisplayPort\"" \""PNY Quadro K1200 for DisplayPort\""  \', \'title\': \'PNY NVIDIA Quadro K1200 for DisplayPort\', \'brand\': \'PNY\', \'type\': \'Video Card -"
865,{'Output': 'mismatch'},"]\', \'brand\': \'Samsung\', \'category\': \'\', \'description\': \'  ""Samsung 80GB 2.5 inch 5400RPM Hard Drive 5032037066921 3.5 inch 5400RPM Hard Drive 3.5 inch 5400"
866,{'Output': 'mismatch'},"5 inch 10K 3G SAS Hard Drive\'}', 'Entity_2': '{\'title\': \'HP 300GB 10K 2.5 DP SAS 3G Hot Swap Drive\', \'category\': \'Hard Drive\', \'subcategory\': \'10K\', \'brand\': \'HP\', \'sku\': \'dg0"
867,{'Output': 'mismatch'},"512MB )\', \'description\': \'  ""408850-B21 HP 1GB 667MHz 2x512MB 10000000000000000000000000000000000000000"
868,{'Output': 'mismatch'},"{""Output"": ""match""}"
869,{'Output': 'mismatch'},"1786B21\', \'description\': \'  \""HP 431786B21 5.4K 3.5\"" 1.8\"" Hard Drive SATA 300MB/s 250GB 250GB 250GB 250GB 250GB 250GB"
870,{'Output': 'match'},"3.5 7.2K 10Pack 300MB/s 9ms 4.17ms 9000RPM Hot Swap SATA MSA2\""@en 3.5 7.2K 10Pack 300MB/s 9ms 4.17ms 9000RPM Hot Swap"
871,{'Output': 'match'},"001\', \'type\': \'Mid Tower ATX Computer Case - 5.25"" Drive Bays, 2x 2.5"" Drive Bays, 2x 3.5"" Drive Bays, 1x 2.5"" Drive Bay, 1x 3.5"" Drive Bay, 1x 2.5"""
872,{'Output': 'mismatch'},"brand\': \'WD\', \'sku\': \'wd10ezex\', \'type\': \'Hard Drive\'}', 'Entity_2': '{\'title\': \'WD Red 6TB 5400rpm SATA 6Gb/s 64MB Cache HDD OEM (WD60EFRX)\', \'category\': \'▷ WD (WD60"
873,{'Output': 'mismatch'},-Swap 3.5 inch x 1 inch Plug-in Module Desktop Hard Drive 10000RPM 10000RPM 3.5 inch x 1 inch Plug-in Module 3.5 inch x 1 inch Plug-in Module 3.5 inch x 1 inch Plug-in Module 3.5 inch x 1 inch Plug-in
874,{'Output': 'mismatch'},7800X 7800X 3.8GHz 4.0GHz 125W 125W 125W 125W 125W 125W 125W 125W 125W 125W 125W 125
875,{'Output': 'mismatch'},"Command Queuing\': \'Yes\', \'description\': \'  \""658102-001-5Pack\""@en 658102-001-5Pack 2TB 3.5\"" SATA Hard Drive 7.2K RPM 64MB Cache 5-Pack 658102001"
876,{'Output': 'match'},Description:AMD Radeon Pro WX 4100 4GB 100-506008 100-506008 100-506008 100-506008 100-506008 100-506008
877,{'Output': 'match'},"10600\', \'description\': \'  \""Null\"" \""2 x 4GB 1333 MHz DDR3 2.533 GHz 2.533 GHz 2.533 GHz 2.533 GHz 2.533 GHz 2.533 GHz 2.533 GHz"
878,{'Output': 'mismatch'},"ant\', \'description\': \'  \""461826-B21 Kit Wholesale\""@en', \'title\': \'461826-B21 Kit Wholesale\', \'subcategory\': \'Null\', \'sku\': \'461826b21\', \'type\': \'Memory\'}', 'Entity_2': '{\'title"
879,{'Output': 'mismatch'},"{""mpn"": ""wd10ezex""}"
880,{'Output': 'mismatch'},"1GB) 1GB DDR RAM\', \'category\': \'Memory\', \'subcategory\': \'1GB DDR RAM\', \'brand\': \'HP\', \'sku\': [\'358348-B21\', \'hp358348-B21\'], \'type\': \'1GB DDR RAM\', \'description\': \'  \""3"
881,{'Output': 'match'},"\', \'description\': \'  \""All-New Fire HD 8 Tablet, 8\"" HD Display, Wi-Fi, 16 GB\""  \""Null\""   \""Description:All-New Fire HD 8 Tablet, 8\"" HD Display, Wi-Fi, 16 GB\""', \'mpn\': \'[b018szt3bk]\', \'type"
882,{'Output': 'mismatch'},"\': \'HX424C15FB28\', \'description\': \'  \""HX424C15FB2/8 Kingston HyperX Fury black 15-16GB 288-pin DDR3 1600MHz 2GB 2x4GB 288-pin\"", \""Null\"" \""New HX42"
883,{'Output': 'mismatch'},"description\': \'  \""500660-B21 2-Pack 4GB 1066MHz DDR3 240-pin DIMM Memory Module\"", \""Null\"" \""500660-B21 2-Pack 4GB 1066MHz DDR3 240-pin DIMM Memory Module\""  \""Description:"
884,{'Output': 'mismatch'},00000000000000000000000000000000000000000000000000000000000000000000000000000000
885,{'Output': 'match'},"DLT Tape Drive"", ""Null"" ""HP 340743-B21 20/40-GB DLT Tape Drive"", ""Null"" ""HP 340743-B21 20/40-GB DLT Tape Drive"", ""Null"" ""HP 340743-B21 20/"
886,{'Output': 'mismatch'},"{""Output"": ""match""}"
887,{'Output': 'mismatch'},"\'subcategory\': \'\', \'sku\': \'726722b21\', \'type\': \'Memory\'}', 'Entity_2': '{\'title\': \'HP 726722-B21 32GB 4Rx4 PC4-2133P-L KIT\', \'category\': \'HP\',"
888,{'Output': 'mismatch'},"Entity_2': '{\""title\"": \""Intel Core i7 6700K 4.00GHz 8-Core 8-Thread 8MB L3 Cache 95W\"", \""category\"": \""Processor\"", \""subcategory\"": \""Desktop Processor\"", \""brand\"": \""Intel\"", \""sku\"": \""bx80662i76700\"", \"""
889,{'Output': 'mismatch'},"sku\': \'[432103b21]\', \'brand\': \'HP\', \'category\': \'HP Smart Array P600/512 BBWC Controller Factory Integrated Only\', \'Category\': \'Proliant Controller\', \'Sub-Category\': \'Smart Array\', \'Generation\': \'P600/512\',"
890,{'Output': 'mismatch'},",18\', \'description\': \'  ""Osram 6380WKTG GHKWO F2000 6380WKTG GHKWO F2000 6380WKTG GHKWO F2000 6380WKTG GHKWO F2000 63"
891,{'Output': 'mismatch'},"{""description"": ""\""}"
892,{'Output': 'mismatch'},"340WB3\', \'description\': \'  \""HP 340WB3 Gaming Case 240mm 240mm 240mm 240mm 240mm 240mm 240mm 240mm 240mm 240mm 240mm 24"
893,{'Output': 'mismatch'},"72GB 15000RPM 5-Pack\' }', 'Entity_2': '{\""title\"": \""430169-002 HP 72-GB 3G 15K 2.5 DP SAS 5 Pack\"", \""category\"": \""Hard Drive\"", \""subcategory\"": \""New HP 43016"
894,{'Output': 'mismatch'},5 inch SATA HotSwap Drive 22-Position SATA Plug 22-Position SATA Plug 22-Position SATA Plug 22-Position SATA Plug 22-Position SATA Plug 22-Position SATA Plug 22-Position SATA Plug 22-Position SATA Plug 22-Position SATA Plug 22-Position SATA Plug 22-
895,{'Output': 'mismatch'},"\', \'sku\': \'449363b21\', \'type\': \'SC40Ge Host Bus Adapter\' }', 'Entity_2': '{\""title\"": \""449363-B21 HP 300MB/s 2.5GB/s 12GB/s 3Gbps SAS/1.5Gbps SATA"
896,{'Output': 'mismatch'},"x16GB) DDR4 PC4-24000 3000MHz Dual Channel Kit\""@en 4x16GB | CMU64GX4M4C3000C15R 24000 3000MHz 1.35v 1.35v 1.35"
897,{'Output': 'mismatch'},"ujitsu HardDrive\', \'Sub-Category\': \'Hard Drive\', \'Generation\': \'SATA\', \'Part Number\': \'MAY2073RC\', \'Products ID\': \'1470832\', \'Capacity\': \'2TB\', \'Form Factor\': \'3.5 inches x 1/3H (Internal)\', \'"
898,{'Output': 'mismatch'},"21 G3 Wholesale Price 442992-B21\', \'brand\': \'HP\', \'sku\': \'442992b21\', \'type\': \'Intel Xeon E5335 DL140 G3(2.00GHz/4-core/8MB/80W)Full Processor Option KitPar"
899,{'Output': 'mismatch'},".5kg\', \'Color\': \'White\', \'price\': \'""USD"", ""$129.99""\', \'description\': \'  \""CA-S340W-W1 (White) CA-S340W-B1 (Black)\""  \""Description: 2.5\"" 3.5\"" 5.25\"" 2"
900,{'Output': 'mismatch'},"{""Output"": ""match""}"
901,{'Output': 'mismatch'},"{""Output"": ""match""}"
902,{'Output': 'mismatch'},"0000000000]\', \'category\': \'Midi Tower Case\', \'Categorie\': \'Behuizingen\', \'Merk\': \'Phanteks\', \'description\': \'  \""Phanteks Enthooz 3000\"" Midi Tower Case - USB 3.0 3000000"
903,{'Output': 'mismatch'},"': \'CAS340WB3\', \'description\': \'  \""CAS340WB3 240mm 120mm 140mm 120mm 140mm 120mm 140mm 120mm 140mm 120mm 140mm 12"
904,{'Output': 'mismatch'},"GB 2.5-inch Serial Attached SCSI (SAS) SFF3G Dual Port Hot-Plug 15K Hard Disk DriveFor G1-G7 Proliant SAS ServersGenuine HPE num\'}'} -> match'}

{'Entity_1': '{\""/mpn\"": \""[cmk32gx4m2b3200c16]"
905,{'Output': 'mismatch'},"1\', \'type\': \'Hard Drive - 3.5 inch - 2TB - 7200 RPM - SATA 6.0 Gbps - 64MB Cache - Barracuda - Internal - New - In Stock - 24/7 Support - 1 Year Warranty - 1 Year Warranty - 1 Year Warranty - 1 Year Warranty -"
906,{'Output': 'mismatch'},"-C42N Celeron N3060 1.6GHz 4GB 16GB ac BT WC 3C 11.6\"" HD MT C\', \'subcategory\': \'\', \'sku\': \'nxgm9aa001\', \'type\': \'Laptop Computer\'}', 'Entity_2': '{\""title\"":"
907,{'Output': 'match'},"-B21 HP 35GB AIT Tape Drive - 35GB AIT-3 3.5\"" 35GB 3.5\"" 3.5\"" 3.5\"" 3.5\"" 3.5\"" 3.5\"" 3.5\"" 3.5\"" 3.5\"" 3.5\"""
908,{'Output': 'mismatch'},"{""Output"": ""match""}"
909,{'Output': 'mismatch'},NL 3.5 inch SATA Hard Drive 7200RPM 1TB 32MB Cache 300MB/s 8.5ms 10000000000000000000000000000000000000000000
910,{'Output': 'mismatch'},"2TB 7.2K 3.5 6G SATA\', \'brand\': \'Seagate\', \'sku\': \'ST2000NM0011\', \'type\': \'Hard Drive - Hot-Swap - Gen8\', \'description\': \'  ""ST2000NM0011 Seagate 2-TB"
911,{'Output': 'mismatch'},"20 15K 2.5\"" 8MB Cache 320MB/s SCSI Hard Drive 341-1237 341-1237-5Pack 341-1237 341-1237-5Pack 341-1237 341-"
912,{'Output': 'mismatch'},"0\', \'currency\': \'£\' }', 'Entity_2': '{\""title\"": \""Seagate ST1000DM003 1Tb 7200rpm SATA3 64Mb Hard Drive\"", \""category\"": \""Hard Drives\"", \""subcategory\"": \""Hard Drives\"", \""brand\"": \""Seagate\"", \""sku\"": \""st1"
913,{'Output': 'mismatch'},7-B21 KVM USB Console Interface 1 Year Warranty 1 Year Warranty 1 Year Warranty 1 Year Warranty 1 Year Warranty 1 Year Warranty 1 Year Warranty 1 Year Warranty 1 Year Warranty 1 Year Warranty 1 Year Warranty 1 Year Warranty 1 Year Warranty 1 Year Warranty 1 Year Warranty 1 Year Warranty 1 Year Warranty 1 Year
914,{'Output': 'mismatch'},"AL)\': \'€ 0,-\', \'description\': \'  \""Kingston HyperX Fury black HX424C15FB/4\"" \""Kingston HyperX Fury black 16GB 2400MHz DDR3 1.65V 2400MHz 1.65V 2400MHz 1."
915,{'Output': 'match'},"00 MB/s\', \'description\': \'  ""658102-001 HP 2TB 7.2K 3.5 SATA SC Hot-Swap Drive"", ""Null"" Price 658102-001-SC 2TB 7.2K 3.5 SATA SC Hot-Swap Drive 60"
916,{'Output': 'mismatch'},"CPU\'}, {\'title\': \'AMD Ryzen Threadripper 1950X 3.4GHz 4.0GHz Turbo 32MB L3 Cache 180W 2667MHz DDR4 Processor\', \'category\': \'Processors\', \'subcategory\': \'Desktop Processors\', \'brand\': \'AMD\', \'sku\':"
917,{'Output': 'mismatch'},"2200000000]\', \'brand\': \'Samsung\', \'category\': \'\', \'subcategory\': \'\', \'description\': \'  \""Samsung 4GB 240-pin 1333MHz DDR3 SDRAM Memory Module (CMU32GX4M4C3000C15)\"""
918,{'Output': 'mismatch'},eon X7560 2.26GHz BL680c G7 64-Bit 2.26GHz 130W 2.26GHz 2.26GHz 2.26GHz 2.26GHz 2.26GHz 2.26GHz 2.26GHz 2.
919,{'Output': 'mismatch'},"auw\', \'description\': \'  \""Kingston HyperX Fury Gaming Memory 16GB 2x8GB DDR4 2400MHz Blue 1.6V CL16\""@en-US\', \'title\': \'Kingston HyperX Fury Gaming Memory 16GB 2x8GB DDR4 2400MHz Blue 1"
920,{'Output': 'mismatch'},200RPM 3.5-Inch SATA Hard Drive 32MB Cache 8MB Cache 1000GB 1TB 7200RPM 3.5-Inch SATA Hard Drive 32MB Cache 8MB Cache 1000GB 1TB 7200RPM 3.5-Inch SATA
921,{'Output': 'match'},"IT\', \'Products ID\': \'100000000000000000000000000000000000000000000000000000000000000000000000"
922,{'Output': 'mismatch'},0X 6-Core 3.5GHz 12-Thread Intel Core i7-7800X 14nm Technology 8.25MB Cache 140W TDP 4.0GHz Turbo 6-Core 12-Thread 14nm Technology 8.25MB Cache 140W TDP 4.
923,{'Output': 'mismatch'},"(SAS) 10K 3.5-inch DP NHP HDD"", \""HP 508429-001 400GB 10K 3.5 DP NHP SAS HDD\""  \""Description:400GB Serial Attached SCSI (SAS) 10K 3.5-inch DP NHP HDD\"""
924,{'Output': 'mismatch'},"12.99"", \'description\': \'  ""HP 408850-B21 1GB (2 x 512MB) DDR II SDRAM 667MHz (PC2-5300) Memory Module - 1 x 512MB 2 x 512MB 200GB"
925,{'Output': 'mismatch'},"33\'], \'type\': \'Hard Drive\', \'description\': \'  \""ST1000NM0033 Seagate 1-TB 7.2K 3.5 6G SP SATA\"" ""Null""   ""Description:Seagate Barracuda (The Power of One) 1TB Hot-Plug Serial ATA (SATA)"
926,{'Output': 'mismatch'},"/Attached\', \'description\': \'  ""HP 417190-002 72-GB 15K 3.5 SP SAS HDD"", ""Null"" Price 417190-002 72-GB 15K 3.5 SP SAS HDD"", ""New 417190"
927,{'Output': 'mismatch'},"No\', \'Hard Drive Type\': \'SATA\', \'Hard Drive Interface\': \'SATA\', \'Hard Drive Speed\': \'7200RPM\', \'Hard Drive Capacity\': \'1TB\', \'description\': \'  \""HP ProLiant 7.2K 1TB 5 Pack SATA Hard Drive - 6581020"
928,{'Output': 'mismatch'},"sku\': \'bd03655b28-5pack\', \'type\': \'3.5-inch FC-AL 10K Hot-Swap Hard Drive\', \'description\': \'  \""BD03655B28 HP 36.4-GB 10K FC-AL\""  \""BD03655B"
929,{'Output': 'mismatch'},"{""Output"": ""match""}"
930,{'Output': 'mismatch'},"GB, controladora Samsung 850 EVO M2 250GB MZ-N5E250BW\' }', 'Entity_2': '{\'title\': \'Samsung 850 EVO M2 250GB MZ-N5E250BW\', \'category\': \'SSD\', \'subcategory\': \'Samsung"
931,{'Output': 'mismatch'},"', \'description\': \'  \""293472-B22 HP 160/320 Super DLT 160GB 16MB/s SCSI\"", \""Null\"" \""New 293472-B22 160/320 Super DLT 160GB 16MB/s SCSI 1"
932,{'Output': 'mismatch'},", RAID 5, RAID 6, RAID 10, RAID 50, RAID 60, RAID 0+1, RAID 1+0, RAID 0+5, RAID 0+6, RAID 0+10, RAID 0+50, RAID 0+60, RAID 1+5, RAID 1+6"
933,{'Output': 'mismatch'},"\'type\': \'Processor\'}', 'Entity_2': '{\'title\': \'Intel Core i5 7600K 3.80GHz (Kaby Lake) Socket LGA2011 Processor - Retail (BX80677I57600K)\', \'category\': \'Processors\', \'subcategory\': \'"
934,{'Output': 'match'},"af\': \'€ 0,-\', \'Opsturen t/m € 200,-\': \'€ 6,95\', \'Opsturen (t/m € 200,-)\': \'€ 6,95\', \'Opsturen (t/m € 200)\': \'€ 6,95\', \'Opsturen"
935,{'Output': 'match'},"\'[300876b21]\', \'/mpn\': \'[300876b21]\', \'brand\': \'\', \'category\': \'\', \'Category\': \'Proliant Server\', \'Sub-Category\': \'Blade\', \'Generation\': \'BL20\', \'Part Number\':"
936,{'Output': 'mismatch'},"\', \'description\': \'  ""HP 4GB 2x2GB DDR2 800MHz Memory Module 497765-B21\""@en  \""Memory Module 497765-B21\""@en  \""HP 4GB 2x2GB DDR2 800MHz Memory Module 497"
937,{'Output': 'mismatch'},")\': \'1 x 4 pin USB Type A - male\', \'description\': \'  ""336047-B21"" 336047-B21 336047-B21 336047-B21 336047-B21 336047-B2"
938,{'Output': 'mismatch'},", 500GB, 3.5 inch, 160MB/s, 2.54cm, 1000000000000000000000000000000000000000000000000000"
939,{'Output': 'mismatch'},"{""Output"": ""match""}"
940,{'Output': 'mismatch'},"3500630NS HP 500-GB 7.2K 3.5 1.5G SATA"" ""Null""   ""Description:2 x HPE 500GB Hot-Plug Serial ATA (SATA) 1.5G 7200RPM 3.5-inch LFF NCQ 3."
941,{'Output': 'mismatch'},"4-B21 15K 3.5 SAS 146GB Drive 5 Pack Wholesale 432094-B21-5Pack"", ""432094-B21 15K 3.5 SAS 146GB Drive 5 Pack Wholesale 432094-B21-5Pack"","
942,{'Output': 'mismatch'},"106B21\', \'description\': \'  ""HP 110/220GB 192106B21 - 110/220GB Tape Drive - 110/220GB Tape Drive - 110/220GB Tape Drive - 110/220GB"
943,{'Output': 'mismatch'},"""HP 483403-B21 2BWR 4GBx2 240p PC2-5300 CL5 36c 256x4 DDR2-667 2Rx4 ECC RDIMM - Low Power HP 487005-0\""'}', 'Output': '"
944,{'Output': 'mismatch'},"\'brand\': \'Fire\', \'sku\': [\'b00tsugxke\', \'848719062854\'], \'type\': \'Wi-Fi 8 GB\', \'description\': \'  ""Fire, 7"" Display, Wi-Fi, 8 GB - Includes Special Offers, Black (B00TSUGX"
945,{'Output': 'mismatch'},"]\', \'/mpn\': \'[628061s21]\', \'brand\': \'HP\', \'category\': \'Computers_and_Accessories\', \'description\': \'  \""628061-S21 HP 2GB 266MHz DDR PC2100\"" \""Null\"" \""New 62"
946,{'Output': 'mismatch'},"'{\""title\"": \""Sun XTA-3510-73GB-10K 73GB 10K 3.5 Hot-Plug FC-AL Hard Drive\"", \""category\"": \""Hard Drive\"", \""subcategory\"": \""Hard Drive\"", \""brand\"": \""Sun\"", \""sku\"": [\""xta351073gb10k\"""
947,{'Output': 'mismatch'},"\', \'Brand\': \'Samsung\', \'description\': \'  \""Null\"" \""Samsung 4GB 2x2GB DDR3-1333 CL9 1.5V Memory Kit 240 Pin 240 Pin 240 Pin 240 Pin 240 Pin 240 Pin 240 Pin 2"
948,{'Output': 'mismatch'},"': \'65W\', \'Socket Type\': \'LGA 1151\', \'description\': \'  ""Intel i5 7600K 3.8GHz 4-Core 4-Thread 65W 14nm 4.2GHz Turbo"", ""Null""  ""Intel i5 7600K 3."
949,{'Output': 'mismatch'},"type\': \'Hard Drive - Hot-Swap\'}', 'Entity_2': '{\'title\': \'DG0146FAMWL HP 146GB 6G 10K 2.5 DP SAS 5 Pack Wholesale Price\', \'category\': \'Hard Drive - Hot-Swap\', \'subcategory\': \'DG0146F"
950,{'Output': 'mismatch'},"[0881320248073]\', \'brand\': \'Samsung\', \'category\': \'Hard Drive\', \'description\': \'  ""Samsung 2.5\"" 2480GB 7200RPM 3.5\"" SATA 6Gbps Hard Drive - Shipment of 2480GB"
951,{'Output': 'match'},1060 6GB 10600B10M 128-bit GDDR5 1800 MHz 3840x2160 3840x2160 3840x2160 3840x2160 3840x216
952,{'Output': 'mismatch'},"-In\', \'description\': \'  \""HP - BD1465822C\""@en  \""HP BD1465822C\""@en  \""HP BD1465822C\""@en  \""HP BD1465822C\""@en  \""HP BD1465822C"
953,{'Output': 'mismatch'},"EG0146FARTR HP 146-GB 6G 10K 2.5 DP SAS\', \'category\': \'Proliant HardDrive\', \'subcategory\': \'Description:5 x 146GB 2.5-inch Serial Attached SCSI (SAS)SFF 6G Dual Port Hot-Plug 10K"
954,{'Output': 'mismatch'},"50 EVO SATA SSD M.2 2280 128MB TLC 2.5\"" 1.85\"" 1.05\"" 1.05\"" 1.05\"" 1.05\"" 1.05\"" 1.05\"" 1.05\"" 1.05\"""
955,{'Output': 'mismatch'},"\', \'description\': \'  \""AMD Ryzen 5 1500X 3.6GHz 4-Core 8-Thread 14nm 1500X\""@en-US', \'title\': \'AMD Ryzen 5 1500X 3.6GHz 4-Core 8-Thread 14nm 150"
956,{'Output': 'mismatch'},"ww\', \'type\': \'Chassis LED (CC-9011051-WW)\'}"", 'Entity_2': ""{'title': 'Phanteks Enthoo Phanteks ENTHOO 2400 2400 2400 2400 2400 2400 24"
957,{'Output': 'mismatch'},"Deal\': \'€ 0,-\', \'Totaal\': \'€ 289,30\', \'description\': \'  ""AMD Ryzen 5 1600X 3.60GHz 4.20GHz 6-Core 12-Thread 125W Boxed without cooler"" "" AMD Ryzen 5 16"
958,{'Output': 'mismatch'},"{""Output"": ""mismatch""}"
959,{'Output': 'match'},"{""Output"": ""match""}"
960,{'Output': 'mismatch'},"K\', \'description\': \""  \""7200RPM 3.5-inch Hard Drive\"" \""7200RPM 3.5-inch Hard Drive\"" \""7200RPM 3.5-inch Hard Drive\"" \""7200RPM 3.5-inch Hard Drive\"" \""7200RPM 3.5-inch"
961,{'Output': 'mismatch'},"FRHKHBX\', \'sku\': \'fd6350frhkbox\', \'type\': \'CPU\' }', 'Entity_2': '{\""title\"": \""AMD FX-6350 6 core AM3+ CPU with Wraith Fan Cooler\"", \""category\"": \""Cooler\"", \""subcategory\"": \""LN72958 - FD635"
962,{'Output': 'mismatch'},"{""Output"": ""mismatch""}"
963,{'Output': 'mismatch'},",-)\': \'€ 0,-\', \'description\': \'  ""Asus Xonar Essence STX II 7.1 7.1 Channel Audio Card"" ""Asus Xonar Essence STX II 7.1 7.1 Channel Audio Card - 90YA00NN-M0UA00 - 4716659"
964,{'Output': 'mismatch'},"': '{\""description\"": \""  \""WD Blue WD5000AZLX - hard drive 500 GB SATA 6Gb/s\"" \"" WD 6Gb/s Internal Desktop Hard Drives CDWG.c\"", \""title\"": \""WD Blue WD5000AZLX - hard drive 500 GB SATA 6Gb/s\"", \""category\"": \""WD"
965,{'Output': 'match'},"match'} 

{'Entity_1': '{\""brand\"": \""Seagate\"", \""category\"": \""Hard Drive\"", \""Category\"": \""Seagate HardDrive\"", \""subcategory\"": \""Description: 2 x 1.0TB Seagate Barracuda ES.2 Hot-Plug Serial ATA (SATA) 3.0GB/s 7200 RPM 3.5-inch"
966,{'Output': 'mismatch'},"149,99\', \'Pakketpost vanaf\': \'€ 0,-\', \'iDeal\': \'€ 0,-\', \'Totaal\': \'€ 149,99\', \'Pakketpost (boven €20,-)\': \'€ 0,-\', \'Pakketpost Nederland\': \'€"
967,{'Output': 'mismatch'},"': \'Null\', \'subcategory\': \'Price\', \'brand\': \'HP\', \'sku\': \'eg0146fartr\', \'type\': \'Hard Drive - Hot-Swap\', \'description\': \'  ""EG0146FARTR HP 146-GB 6G 10K 2.5 DP SAS HDD"","
968,{'Output': 'mismatch'},3 1.8GHz 667805-B21 32nm 80W 10MB L3 Cache 1MB L2 Cache Quad-Core Processor Socket LGA-2011 32nm 80W 10MB L3 Cache 1MB L2 Cache Quad-Core Processor Socket LGA-2011
969,{'Output': 'match'},"st31000640ns5pack\'], \'type\': \'Hard Drive\'}', 'Entity_2': '{\'title\': \'ST31000640NS Seagate 1-TB 7.2K 3.5 3G SATA HDD\', \'category\': \'Null\', \'subcategory\': \'Price ST"
970,{'Output': 'match'},"-Category\': \'BL20\', \'Generation\': \'G2\', \'Part Number\': \'325134-001\', \'Products ID\': \'15416\', \'Form Factor\': \'Blade\', \'Processor\': \'Xeon 3.2 GHz\', \'Processors Qty\': \'2\', \'Installed Memory"
971,{'Output': 'mismatch'},"': \'1\', \'Cache\': \'128MB\', \'price\': \'\""$1,199.99\"", \""USD\""', \'description\': \'  \""347786-B21 HP 347786-B21 347786-B21 347786-B2"
972,{'Output': 'mismatch'},"{""Output"": ""match""}"
973,{'Output': 'mismatch'},"Gb/s\', \'category\': \'HPE\', \'subcategory\': \'Smart Array Controllers\', \'brand\': \'HPE\', \'sku\': \'631674b21\', \'type\': \'RAID Controllers\', \'description\': \'  ""HPE Smart Array P421/2GB with FBWC - storage controller (RAID)"
974,{'Output': 'mismatch'},"{""Output"": ""match""}"
975,{'Output': 'mismatch'},"{""Output"": ""mismatch""}"
976,{'Output': 'mismatch'},"USB3.0 CrossFireX Motherboard"" @en-US  ""ASUS M5A97 R2.0 AMD970/SB950 ATX AM3+ DDR3 2PCI-E16 2PCI-E1 SATA3 USB3.0 CrossFireX Motherboard"" @en-US  ""ASUS M5A97 R2."
977,{'Output': 'mismatch'},"1\', \'Products ID\': \'457965\', \'Manufacturer\': \'HP\', \'description\': \'  ""628061-S21 HP 7.2K 3.5\"" 1.44TB 3.5\"" Hard Drive 5400RPM SATA 3.0\"" 1.44"
978,{'Output': 'mismatch'},"]\', \'brand\': \'HP\', \'category\': \'HP\', \'Category\': \'Proliant Controller\', \'Sub-Category\': \'HCA\', \'Generation\': \'DL585 G2\', \'Part Number\': \'359623-B21\', \'Products ID\': \'458110\', \'Manufacturer\"
979,{'Output': 'mismatch'},".5"", 3.5"", 2.5"" SATA, 2.5"" SATA, 2.5"" SATA, 2.5"" SATA, 2.5"" SATA, 2.5"" SATA, 2.5"" SATA, 2.5"" SATA, 2.5"" SATA, 2.5"" SATA, 2"
980,{'Output': 'mismatch'},"0k\'], \'price\': \'€ 397,99\', \'category_id\': 10000000000000000000000000000000000000000000000000000000"
981,{'Output': 'mismatch'},"2P)\', \'subcategory\': \'2.8GHz (2P) 1GB 1MB 160MB/s 1000MB/s 1000MB/s 1000MB/s 1000MB/s 1000MB/s 1000MB/s 1000MB/s 1"
982,{'Output': 'mismatch'},"{""title"": ""HP 431943-003 2 Pack 146GB 15K 3.5 In 1/3H Low Profile SAS Hard Drive""}"
983,{'Output': 'mismatch'},"description\': \'  \""ST1000NM0033 Seagate 1TB 7.2K 3.5\"" SATA Hard Drive\""  \""Null\"" Price ST1000NM0033\"" \""New ST1000NM0033 HDD Whole', \'title\': \'ST1000NM003"
984,{'Output': 'mismatch'},"'} 

{'Entity_1': '{\""brand\"": \""HP\"", \""category\"": \""Hard Drive - Hot-Swap\"", \""Category\"": \""Proliant HardDrive\"", \""Sub-Category\"": \""15K\"", \""Generation\"": \""SAS\"", \""Part Number\"": \""EH0146FAWJB\"", \""Products ID\"": \""457442\"", \""Type"
985,{'Output': 'mismatch'},"\': \'Harddisks\', \'Merk\': \'Seagate\', \'Product\': \'Seagate 1TB 3.5 inch SATA III 6Gb/s Hard Disk Drive (SATA III 6Gb/s) 7200RPM\', \'Uitvoering\': \'1TB 3.5 inch SATA III 6Gb/s Hard Disk"
986,{'Output': 'mismatch'},"HP 146-GB 3G 10K 2.5 DP SAS HDD\', \'sku\': \'hp430165003\', \'type\': \'Hard Drive - Hot-Swap\'}', 'Entity_2': '{\'title\': \'DG0146FAMWL HP 146-GB 6"
987,{'Output': 'match'},"FC-AL\'}', 'Entity_2': '{\'title\': \'359461-007 HP 300-GB 10K FC-AL\', \'category\': \'Null\', \'subcategory\': \'Description:2 x StorageWorks 300GB 10K Fibre Channel 40 pin 2GB/s"
988,{'Output': 'mismatch'},"title\': \'Corsair Vengeance LED 16GB DDR4 2666 Memory Kit 2x 8GB\', \'subcategory\': \'Memory\', \'brand\': \'Corsair\', \'sku\': \'CMU16GX4M2A2666C16R, MU16GX4M2A2666C"
989,{'Output': 'mismatch'},"description\': \'  \""508429-001 HP G8 G9 400-GB 10K 3.5 SAS 10000RPM 400GB 10K 3.5 SAS 10000RPM 400GB 10K 3.5 SAS"
990,{'Output': 'mismatch'},"{""Output"": ""match""}"
991,{'Output': 'mismatch'},"post DPD (boven €20,-)\': \'€ 3,95\', \'description\': \'  \""Asus TURBO-GTX1070-8G\""  \""Asus TURBO-GTX1070-8G\""  \""Asus TURBO-GTX1070-8G\""  \""Asus"
992,{'Output': 'mismatch'},"'{\'category\': \'Samsung\', \'Device Supported\': \'Desktop PC Notebook\', \'Storage Capacity\': \'1 TB\', \'Limited Warranty\': \'3 Year\', \'Weight (Approximate)\': \'1.87 oz\', \'description\': \'  \""Samsung 840 EVO - solid state drive 1TB 2.5\"" (SATA III"
993,{'Output': 'mismatch'},"GA775\', \'description\': \'  \""487511-B21 Intel Xeon 3.33GHz 45nm Quad-Core 1333MHz 12MB L2 Cache 256KB L1 Cache 64-Bit Socket J LGA775 Processor Board\"" \""Null\"" \""4875"
994,{'Output': 'mismatch'},"{""Output"": ""match""}"
995,{'Output': 'mismatch'},000NM0033 1TB 7.2K 3.5 6G SATA Hard Drive 1000GB 3.5 inch 7200RPM 128MB Cache 1000GB 3.5 inch 7200RPM 128MB Cache 1000GB
996,{'Output': 'mismatch'},4GB (2 x 2GB) DDR3 1333MHz 1.5V 240Pin 4GB (2 x 2GB) 1333MHz 1.5V 240Pin 4GB (2 x 2GB) 1.5V 240Pin 4GB (2 x
997,{'Output': 'match'},"': 'match'} 

{'Entity_1': '{\""brand\"": \""HP\"", \""category\"": \""\"", \""Category\"": \""Hard Drive\"", \""Sub-Category\"": \""10K\"", \""Generation\"": \""SAS\"", \""Part Number\"": \""HP 456896-001-10Pack\"", \""Product ID\"": \""455699_HP"
998,{'Output': 'match'},"\', \'description\': \'  \""HP 456896-001 2Pack 10K 400GB Hard Drive\""@en Hard Drive 10K 400GB 2Pack | HP\', \'title\': \'HP 456896-001 2Pack 10K 4"
999,{'Output': 'mismatch'},"ID) - 2GB\', \'category\': \'HP Smart Array\', \'subcategory\': \'Price\', \'brand\': \'HP\', \'sku\': \'631667-B21\', \'type\': \'Storage controller (RAID)\', \'description\': \'  \""631667-B21 HP Smart Array P222"
1000,{'Output': 'mismatch'},"International)\': \'€ 7,50\', \'description\': \'  \""Integral EVO USB Flash Drive 32GB Blauw\"" 32GB USB 2.0 Flash Drive - Integral EVO USB Flash Drive 32GB Blue - 32GB USB 2.0 Flash Drive - 32GB USB 2.0 Flash Drive -"
1001,{'Output': 'mismatch'},"-B21 HP 80-GB 1.5G 7.2K 3.5 SATA HDD\', \'category\': \'HP\', \'subcategory\': \'Hard Drives\', \'brand\': \'HP\', \'sku\': \'349237b21\', \'type\': \'Hard Drive - Hot-Swap\', \'description\':"
1002,{'Output': 'mismatch'},"{""Output"": ""match""}"
1003,{'Output': 'mismatch'},"31000340as\', \'type\': \'Hard Drive - Internal 3.5 inch 1TB 7200.11 32MB 7200RPM SATA 3.0 Gbps 8.5ms 100000000000000000000"
1004,{'Output': 'mismatch'},",-)\': \'€ 0,-\', \'Pakketpost (boven € 20,-)\': \'€ 0,-\', \'Pakketpost (boven € 20)\': \'€ 0,-\', \'Pakketpost (boven € 20,-)\': \'€ 0,-\', \'Pakketpost (boven €"
1005,{'Output': 'mismatch'},"\'7200RPM\', \'Data Transfer Rate\': \'300MB/s\', \'Average Seek Time\': \'9ms\', \'Average Latency\': \'4.17ms\', \'Hot Swap\': \'Yes\', \'price\': \'""USD"", ""$1,687.83""\', \'description\': \'  \""ST3"
1006,{'Output': 'mismatch'},"\', \'Native Command Queuing\': \'Supported\', \'price\': \""USD\"", \""$149.99\""\', \'description\': \'  ""HP 431786-B21 120GB 5.4K rpm SATA 150MB/s Hot-Swap Hard Drive 2.5 inch""@en 4317"
1007,{'Output': 'match'},2GHz 256MB 2GB 256MB 2GB 256MB 2GB 256MB 2GB 256MB 2GB 256MB 2GB 256MB 2GB 256MB 2GB 256MB 2GB 256MB
1008,{'Output': 'mismatch'},"Sub-Category\': \'HardDrive\', \'description\': \'  ""HP 364430-B21 240GB - Prijzen ""@NL Tweakers""@NL\', \'title\': \'HP 364430-B21 240GB - Prijzen ""@NL Tweakers""@NL\', \'subcategory\': \"
1009,{'Output': 'mismatch'},"10K 3.5-inch 3.5-inch 1/3H (Low Profile) Drive for\', \'sku\': [\'508429001\'], \'type\': \'Description:5 x 400GB Serial Attached SCSI (SAS) 10K 3.5-inch 3.5-inch 1/"
1010,{'Output': 'mismatch'},"{""Output"": ""match""}"
1011,{'Output': 'match'},"3.5 3G SATA - Reviews\', \'category\': \'Hard Drives\', \'subcategory\': \'Hard Drives\', \'brand\': \'Seagate\', \'sku\': \'ST31000524NS\', \'type\': \'Hard Drive\', \'description\': \'  \""ST31000524NS Seagate"
1012,{'Output': 'mismatch'},"Sync Video\': \'Yes\', \'Intel® Turbo Boost Technology 2.0\': \'Yes\', \'Intel® Hyper-Threading Technology\': \'No\', \'Socket Type\': \'LGA 1151-7\', \'Operating System Support\': \'Windows 10, Windows 8.1, Windows 8, Windows 7, Linux, Mac OS"
1013,{'Output': 'match'},"\': \'Hewlett Packard\', \'description\': \'  \""HP 572071B21 165GB 3.5 10K 5400RPM Hard Drive\"" \""HP 572071B21 165GB 3.5 10K 5400"
1014,{'Output': 'mismatch'},"\'€ 2,50\', \'description\': \'  \""Kingston HyperX Fury blu HX316C10F/4 16GB 2400MHz DDR3 2400MHz 2.4 2.4 2.4 2.4 2.4 2.4 2.4"
1015,{'Output': 'mismatch'},"{""mpn"": ""dtse9g2128gb""}"
1016,{'Output': 'mismatch'},"{""Output"": ""mismatch""}"
1017,{'Output': 'mismatch'},"\': \'Corsair - Vengeance LPX 16GB (2 x 8GB) DDR4 2666MHz Memory Kit for Skylake LN66145\', \'subcategory\': \'Memory\', \'brand\': \'Corsair\', \'sku\': \'CMK16GX4M2A2666C16\', \'type"
1018,{'Output': 'match'},"PostNL (tot € 49,95)\': \'€ 4,95\', \'description\': \'  \""Cooler Master Elite 130 130mm 130mm 130mm 130mm 130mm 130mm 130mm 130mm 130"
1019,{'Output': 'mismatch'},"0,-\', \'description\': \'  \""WD Blue 2.5\"" 1TB 6Gb/s SATA III TLC SSD\""  \""Null\""  \""Description: WD Blue 2.5\"" 1TB 6Gb/s SATA III TLC SSD\""  \""Null\""  \""Description: WD Blue 2.5\"" 1TB 6Gb/s SATA"
1020,{'Output': 'mismatch'},"5 SATA SC\', \'subcategory\': \'658102001 2 Pack Wholesale Price\', \'sku\': \'658102001\', \'type\': \'SATA\'}', 'Entity_2': '{\'title\': \'658102001 HP 2-TB 6G 7."
1021,{'Output': 'mismatch'},"2Pack\', \'description\': \'  ""359461-005 2Pack 10K 3.5 inch 144GB Fiber Channel Hard Drive"" ""359461-005 2Pack 10K 3.5 inch 144GB Fiber Channel Hard Drive""  ""Description:3"
1022,{'Output': 'mismatch'},"56KB\', \'L3 Cache\': \'12MB\', \'Max Memory Size\': \'128GB\', \'Memory Type\': \'DDR3\', \'Max Memory Speed\': \'1600MT/s\', \'Max Memory Channels\': \'4\', \'Max Memory Bandwidth\': \'44.8GB/s\', \'Instruction Set\': \'"
1023,{'Output': 'mismatch'},"1\', \'type\': \'HP Smart Array 641 Controller\' }', 'Entity_2': '{\'title\': \'HP Smart Array 641 Controller 291966-B21\', \'category\': \'HP Smart Array\', \'subcategory\': \'641\', \'brand\': \'HP\', \'sku\': \'29"
1024,{'Output': 'mismatch'},"\', \'Pakketpost (boven € 20,-)\': \'€ 0,-\', \'Pakketpost (boven € 100,-)\': \'€ 0,-\', \'Pakketpost (boven € 100,-) 100% kwaliteit\': \'€ 0,-\', \'Pakketpost"
1025,{'Output': 'mismatch'},"Rate\': \'120MB/s\', \'Form Factor\': \'3.5 inches\', \'description\': \'  \""456896-001 10K 400GB 3.5\"" 456896-001 \"" 456896-001 400GB"
1026,{'Output': 'mismatch'},"0,-\', \'description\': \'  \""AD740KYBJABOX AMD A6-7400K 3.2GHz 4MB Cache 4x4 4x4 4x4 4x4 4x4 4x4 4x4 4x4 4x4 4x4 4x4"
1027,{'Output': 'mismatch'},"1 10 Pack\', \'Products ID\': \'462717\', \'Type\': \'Hard Drive - Hot-Swap - Gen8\', \'Large Form Factor\': \'3.5 inches\', \'Capacity\': \'4300GB\', \'Interface Type\': \'Serial ATA\', \'Connector\': \'22-Position Serial ATA (SATA"
1028,{'Output': 'mismatch'},x8GB) DDR4 2133 MHz 1.2V 8GB 1x8GB 1.2V 15-15-15-35 CL15 240-Pin Memory Module 8GB 1x8GB 1.2V 15-15-15-35 CL1
1029,{'Output': 'mismatch'},"{""Output"": ""match""}"
1030,{'Output': 'mismatch'},"\': \'10K\', \'sku\': \'xta351073gb10k\', \'type\': \'Hard Drive 10K 73 GB 10K FCAL Drive for Storage Unit (Sun)\'', 'Entity_2': '{\'title\': \'Sun 73GB 1 10K FCAL Drive"
1031,{'Output': 'mismatch'},"2.0, 1.2V, 2400MHz, 2666MHz, 3000MHz, 3200MHz, 3600MHz, 4000MHz, 4266MHz, 4400MHz, 4800MHz, 5000MHz"
1032,{'Output': 'mismatch'},"': \'\', \'sku\': \'SDSDB016GB35\', \'type\': \'Hard Drive - 16GB 3.5\"" SATA II 5200 RPM 2.54\"" 16GB 3.5\"" 5200 RPM 2.54\"" 16GB 3.5\"""
1033,{'Output': 'mismatch'},"3000C15\', \'description\': \'  \""Corsair Dominator Platinum CMD16GX4M2B3000C15 16GB (2 x 8GB) DDR4 2400MHz Memory Kit (2400) 1.5V CL15\"", \""Null\"" ""Corsair Dominator Platinum"
1034,{'Output': 'match'},"\'description\': \'  \""Mzn5e250bw 250GB 512MB Cache 3.5\"" SATA Hard Drive 5400RPM 512MB Cache 250GB 3.5\"" SATA Hard Drive 5400RPM 512MB Cache 250GB 3"
1035,{'Output': 'mismatch'},) 2.8GHz 2.8GHz 2.8GHz 2.8GHz 2.8GHz 2.8GHz 2.8GHz 2.8GHz 2.8GHz 2.8GHz 2.8GHz 2.8GHz 2.8GHz 2.8GHz 2.8GHz 2.8
1036,{'Output': 'mismatch'},"2.5 SATA"", ""Null"" ""New 431786-B21 SATA 10 Pack Wholesale Price 431786-B21-10Pack 431786-B21 120GB 5.4K 2.5 SATA 1.5G 5.4K 2.5"
1037,{'Output': 'mismatch'},"{""Output"": ""mismatch""}"
1038,{'Output': 'mismatch'},"'{\""category\"": \""Hard Drive\"", \""subcategory\"": \""Hard Drive - Hot-Swap\"", \""brand\"": \""HP\"", \""description\"": \""  \""HP 431786-B21 120-GB 5.4K 2.5 SATA 2 Pack\"" \""HP 431786-B21 Part# -431"
1039,{'Output': 'mismatch'},"4GB 4RX8 PC3-8500R-7 LP RDIMM\', \'subcategory\': \'Description:4GB 4RX8 PC3-8500R-7 LP RDIMM\', \'sku\': [\'500660b212pack\', \'hp500660b212"
1040,{'Output': 'match'},10000000000000000000000000000000000000000000000000000000000000000000000000000000
1041,{'Output': 'mismatch'},': \'Intel Core i3 6300 3.8GHz 4MB Cache 4C 4T 47W 14nm 3.8GHz 6-Core 4-Thread 47W 14nm 3.8GHz 6-Core 4-Thread 47W 14nm 3.8GHz
1042,{'Output': 'mismatch'},10000000000000000000000000000000000000000000000000000000000000000000000000000000
1043,{'Output': 'match'},"\'description\': \'  \""HP 432804B21 1.33GHz 256MB 1.33GHz 1.33GHz 1.33GHz 1.33GHz 1.33GHz 1.33GHz 1.33GHz 1.33GHz 1."
1044,{'Output': 'mismatch'},"{""Output"": ""match""}"
1045,{'Output': 'mismatch'},"title\': \'628061S21 HP 3-TB 6G 7.2K 3.5 SATA SC\', \'category\': \'Null\', \'subcategory\': \'Description:3 x 3TB 3.5-inch (LFF) Serial Attached SCSI (SAS)SFF 6G Dual Port Hot-Plug 7"
1046,{'Output': 'mismatch'},"inch 400GB Hard Drive 10 Pack\' }', 'Entity_2': '{\'title\': \'456896-001 HP 400-GB 10K 3.5 DP SAS 10 Pack\', \'category\': \'Hard Drives\', \'subcategory\': \'Hard Drives\', \'brand\':"
1047,{'Output': 'mismatch'},"\'149.99\', \'description\': \'  ""Intel Core i7-6700K 4.10g 8m Cache Skylake / Tray Version 8592978040642"" ""Null""  ""Description:10 x Intel Core i7-6700K 4.10"
1048,{'Output': 'mismatch'},"\'description\': \""  \""500668-B21 1333MHz 2GB 240-pin\"", \""Null\""   \""Description: 2GB 1333MHz 240-pin\"", \""Description: 2GB 1333MHz 240-pin 240-pin\"", \""Description:"
1049,{'Output': 'mismatch'},"G6 CPU Kit\', \'subcategory\': \'Processors\', \'sku\': \'495916b21\', \'type\': \'Processor Upgrade\'}', 'Entity_2': '{\""title\"": \""495916-B21 HP E5506 2.13GHz ML350 G6 CPU Kit\"", \""category"
1050,{'Output': 'mismatch'},"Display, Wi-Fi, 8 GB - Includes Special Offers, Black (B00TSUGXKE | SV98LN 848719062854)\""@en'}'} -> match}

{'Entity_1': '{\""brand\"": \""Apple\"", \""category\"": \""Hard Drive\"", \""description\"": \""  \""Apple 2.5\"""
1051,{'Output': 'mismatch'},"{""Output"": ""match""}"
1052,{'Output': 'mismatch'},"description\': \'  \""Sandisk Ultra 2GB 128MB 128MB 128MB 128MB 128MB 128MB 128MB 128MB 128MB 128MB 128MB 128MB 128MB 12"
1053,{'Output': 'mismatch'},8) 500-GB 6G 7.2K 3.5 SATA SC Hard Drive 658071-B21 2-Pack 24/7 Support 1 Year Warranty 1 Year Warranty 1 Year Warranty 1 Year Warranty 1 Year Warranty 1 Year Warranty 1 Year Warranty 1 Year Warranty 1 Year Warranty
1054,{'Output': 'mismatch'},"ABA\', \'Products ID\': \'141441\', \'Type\': \'Hard Drive Hot-Swap\', \'Form Factor\': \'3.5 inch x 1 inch Plug-in Module\', \'Capacity\': \'36.4GB\', \'Interface Type\': \'FC-AL\', \'Data Transfer Rate\': \'2GB/s\', \'Rotational Speed"
1055,{'Output': 'mismatch'},"\'Tweakers ID\': \'545523\', \'Productprijs\': \'\\u20ac 1.245,09\', \'Pakketpost DPD\': \'\\u20ac 3,95\', \'iDeal\': \'\\u20ac 0,-\', \'Totaal\': \'"
1056,{'Output': 'mismatch'},"{""Output"": ""mismatch""}"
1057,{'Output': 'mismatch'},"40-pin\""  ""HPE - DDR2 4 GB : 2 x DIMM 240-pin\""  ""HPE - DDR2 4 GB : 2 x DIMM 240-pin\""  ""HPE - DDR2 4 GB : 2 x DIMM 240-pin\""  ""HPE - DDR2 4 GB"
1058,{'Output': 'mismatch'},130 130mm 120mm 120mm 120mm 120mm 120mm 120mm 120mm 120mm 120mm 120mm 120mm 120mm 120mm 120mm
1059,{'Output': 'mismatch'},"{""sku"": ""449363b21""}"
1060,{'Output': 'mismatch'},Proliant DL580 G2 2.8GHz 2M 32GB 16x2GB 2P Xeon Server with 2x1000Base-T Ethernet 2x1000Base-T Ethernet 2x1000Base-T Ethernet 2x1000Base-T Ethernet 2x100
1061,{'Output': 'match'},"3\', \'type\': \'Hard Drive - Internal\', \'Capacity\': \'1TB\', \'Interface Type\': \'SATA III 6Gbps\', \'Spindle Speed\': \'7200RPM\'}', 'Entity_2': '{\'title\': \'1Tb Seagate Barracuda 7200rpm SATA3 64Mb"
1062,{'Output': 'mismatch'},"421 2GB"", \""Null\"" \""New 631674-B21 Wholesale Price 631674-B21\"" ', \'title\': \'631674-B21 HP Smart Array P421 2GB\', \'subcategory\': \'New 631674-B21 Wholesale Price"
1063,{'Output': 'mismatch'},"1-2Pack\"" \""New 432804-B21 2 Pack Wholesale\"" \""432804-B21 2 Pack\"" \""432804-B21 2 Pack\"" \""432804-B21 2 Pack\"" \""432804-B21 2 Pack\"" \""4"
1064,{'Output': 'mismatch'},"': \'Processor\', \'description\': \'  \""643774-B21 HP 2.40GHz 12-Core 24-Thread Intel Xeon Processor 643774-B21\"" \""Null\""   \""Description:12-Core 24-Thread Intel Xeon Processor 643774-B21"
1065,{'Output': 'mismatch'},"""230534-B21 HP 40-GB 7.2K 2.5 SATA 100MBps 40-pin IDC"" ""Null""   ""Description:HP 40GB 7.2K 2.5 SATA 100MBps 40-pin IDC Hard Drive for PC"", \'title\':"
1066,{'Output': 'mismatch'},"Adapter\', \'description\': \'  \""325134-001 HP 325134-001 1 to 4 Processor 32GB 2.5GB 1000Base-T 1000Base-T 1000Base-T 1000Base-T 1000Base"
1067,{'Output': 'mismatch'},"{""Output"": ""match""}"
1068,{'Output': 'match'},"A99FX-PR0\', \'Uitvoering\': \'Asus M5A99FX-PR0\', \'EAN\': \'885909602902,  610839187430,  4719543187432\', \'SKU"
1069,{'Output': 'mismatch'},"{""Output"": ""match""}"
1070,{'Output': 'mismatch'},"Entity_1': '{\""category\"": \""Hard Drive\"", \""subcategory\"": \""Hard Drive\"", \""brand\"": \""HP\"", \""description\"": \""  \""HP 3.5 inch 10K 72.8GB 10K FC-AL 40 pin 2GB/s HotSwap Hard Drive\"", \""title\"": \""HP 72.8-GB"
1071,{'Output': 'mismatch'},"\': \'Null\', \'Manufacturer\': \'HP\', \'Category\': \'Hard Drive\', \'Sub-Category\': \'7.2K\', \'Generation\': \'SATA\', \'Part Number\': \'HP 500-GB 7.2K 3.5 SATA 5400RPM 2.5\"", \'Product ID\':"
1072,{'Output': 'mismatch'},"\': \'Yes\', \'Socket Type\': \'LGA 1151\', \'TDP\': \'65W\', \'description\': \'  \"" Intel Core i7 6700 4 Core 8 Thread 3.4GHz 65W 4.0GHz 14nm Technology 8MB Cache 64-bit SSE4"
1073,{'Output': 'mismatch'},"{""Output"": ""match""}"
1074,{'Output': 'mismatch'},0-GB 7.2K 3.5 SATA 150MB/s 22-Position SATA Plug 22-Position SATA Plug 22-Position SATA Plug 22-Position SATA Plug 22-Position SATA Plug 22-Position SATA Plug 22-Position SATA Plug 22-Position SATA Plug 22-Position
1075,{'Output': 'mismatch'},"8GB) DDR4-2400 Memory (CMK16GX4M2A2400C14) PCPartPicker\', \'sku\': \'cmk16gx4m2a2400c14\', \'type\': \'Memory - Desktop - 288-pin - DDR4 - 2400 MHz -"
1076,{'Output': 'mismatch'},P 341-1237-5P 341-1237-5P 341-1237-5P 341-1237-5P 341-1237-5P 341-1237-5P 341-12
1077,{'Output': 'mismatch'},"\', \'description\': \'  \""341-1237-5Pack 36GB 15K 5.75\"" ""Null""   \""Description: 341-1237-5Pack 36GB 15K 5.75\""   \""Description: 341-1237-"
1078,{'Output': 'mismatch'},91862-B21 100GB 2.5 inch SATA SSD 6G = 6Gb/sec 100GB 2.5 inch SATA SSD 6G = 6Gb/sec 100GB 2.5 inch SATA SSD 6G = 6Gb/sec 100GB 2.5 inch SATA SSD
1079,{'Output': 'mismatch'},"': '{\""/mpn\"": \""[bx80646i54590]\"", \""/gtin13\"": \""[ 8978467388127, 735858278478,  4056572591442,  6"
1080,{'Output': 'mismatch'},"HP - Proliant ML370 G6 495942-B21 2.13GHz 4-Core 4MB 80W Intel Xeon E5506 Processor Upgrade\', \'category\': \'\', \'subcategory\': \'\', \'brand\': \'HP\', \'sku\': \'495942"
1081,{'Output': 'match'},"': '{\""description\"": \""  \""Intel Core i5-7500 3.40GHz (Kaby Lake) Socket LGA1151 Processor - Retail\""@en \""\u25b7 Intel Proces\u2026 | O\"", \""title\"": \""Intel Core i5-7500 3.40GHz (K"
1082,{'Output': 'mismatch'},"022pack\', \'type\': \'Hard Drive - Hot-Swap\'}', 'Entity_2': '{\""title\"": \""HP 430169-002 72GB 3G 15K 2.5 DP SAS Hard Drive\"", \""category\"": \""Hard Drive - Hot-Swap\"", \""subcategory\"": \""Hard Drive - Hot"
1083,{'Output': 'mismatch'},"{""description"": """"}"
1084,{'Output': 'mismatch'},"5i 100MB/s\', \'description\': \'  \""HP ProLiant ML350 G3 2.2GHz 1GB 200-MHz (DDR) 1024MB 200-MHz (DDR) 2MB Integrated Level 3 Cache Memory 2x 512MB 200-M"
1085,{'Output': 'mismatch'},"/220GB Super DLT 192106-B21"" ""HP 192106-B21 110 200-GB SDLT Int"" ""HP 192106-B21 110 200-GB SDLT Int"" ""HP 192106"
1086,{'Output': 'mismatch'},"\': \'HP\', \'sku\': \'381817001\', \'type\': \'Memory Module\', \'description\': \'  ""Hewlett Packard Enterprise 2GB DDR-333 DDR 333MHz ECC memory module"" ""Null""   ""Description: 2GB DDR-333 333MHz ECC"
1087,{'Output': 'mismatch'},"{""Answer"": ""match""}"
1088,{'Output': 'mismatch'},"0/2GB Controller Wholesale Price\', \'sku\': \'New 631671-B21 Controller Wholesale Price\' , \'type\': \'Description:64 x Logical 2GB 1000MB/s 1+0 RAID 0 1 5 6 50 60 1+0 HP Smart Array P420"
1089,{'Output': 'mismatch'},"brand\': \'Lenovo\', \'category\': \'Hard Drive Bays\', \'description\': \'  \""Lenovo 2.5\"" Hard Drive Bay Adapter 2.5\"" SATA 3.5\"" Hard Drive Bay Adapter 2.5\"" SATA 3.5\"" Hard Drive Bay Adapter 2.5\"" SATA 3.5\"" Hard Drive Bay Adapter"
1090,{'Output': 'mismatch'},"89 cm (3.5)\""  ""WD 1TB Red 3.5\"" SATA III 6Gbit/s 7200RPM 64MB Cache NAS 7/24 (WD10EFRX)\""  ""WD 1TB Red 3.5\"" SATA III 6Gbit/s 7200RPM"
1091,{'Output': 'mismatch'},"\'  \""4th Generation Intel® Core™ i5 4460 3.2GHz Socket LGA1150 \""@en 4460 3.2GHz Quad-Core Processor\""@e'}'} -> match}

{'Entity_1': '{\""brand\"": \""AMD\"", \""category\"": \""Processors\"", \""description\"": \""  \""AMD Processor"
1092,{'Output': 'mismatch'},"\', \'description\': \'  ""ST2000NM0011 Seagate 2-TB 7.2K 3.5 6G SP SATA"", ""Null"" SATA 2 Pack Wholesale ST2000NM0011 Price S\', \'title\': \'ST2000NM0011 Seagate 2-T"
1093,{'Output': 'mismatch'},"\', \'description\': \'  \""Corsair Vengeance LPX 4GB 2400MHz 1.5V 1.5V 1.5V 1.5V 1.5V 1.5V 1.5V 1.5V 1.5V 1.5V 1.5V 1"
1094,{'Output': 'mismatch'},"New 359461-001 FC-AL 5 Pack Who\', \'category\': \'Null\'}'} -> match'} 

{'Entity_1': '{\""brand\"": \""Samsung\"", \""category\"": \""Hard disk drive\"", \""subcategory\"": \""External\"", \""type\"": \""Hard disk drive\"", \""description\"": \""  \""Samsung 2TB 3."
1095,{'Output': 'mismatch'},"\'], \'type\': \'Hard Drive - Hot-Swap - Gen8\', \'description\': \'  ""628061-S21 HP G8 G9 3-TB 6G 7.2K 3.5 SATA SC "" ""Null""   ""Description:HP 3TB 3.5-inch (LFF) Serial ATA ("
1096,{'Output': 'mismatch'},"\'Hard Disks\', \'description\': \'  \""ST31000524NS 3.5 inch 10000 RPM 3000 MB/s SATA III 6 Gb/s 10000 RPM Hard Drive 3.5 inch 10000 RPM 3000 MB/s SATA III 6"
1097,{'Output': 'mismatch'},"Type\': \'Proliant\', \'description\': \'  \""HP 358348-B21 333MHz 1GB 1GB 1GB 1GB 1GB 1GB 1GB 1GB 1GB 1GB 1GB 1GB 1GB 1GB 1GB 1GB"
1098,{'Output': 'mismatch'},"\': \'Blade Server\', \'description\': \'  \""345020-B21 BL20P G2 (2P) Xeon 3.2GHz 1MB\""@en'}'} -> mismatch'}

{'Entity_1': '{\""brand\"": \""Samsung\"", \""category\"": \""Hard disk drive\"", \""subcategory\"": \""Hard disk drive\"", \"""
1099,{'Output': 'match'},9 GHz 4 MB Cache 4x4 USB 2.0 128 MB DDR3 1333 MHz 1024 MB PCIe 2.0 x16 1024 MB HDMI 1.4 1024 MB VGA 1024 MB DVI-D 1024 MB DVI-A 1
1100,{'Output': 'mismatch'},"Network Switch\' }', 'Entity_2': '{\""title\"": \""TP-Link TL-SF1005D 5-Port 10/100Mbps Desktop Switch\"", \""category\"": \""Network Products\"", \""subcategory\"": \""Network Switches\"", \""brand\"": \""TP-Link\"", \""sku\"": [\""tlsf1005d\""], \""type"
1101,{'Output': 'mismatch'},Pack 10 x 72GB 2.5-inch Serial Attached SCSI (SAS) SFF3G Dual Port Hot-Plug 15K Hard Disk Drive 100000000000000000000000000000000000000000
1102,{'Output': 'mismatch'},"\"" SATA Hot-Swap Hard Drive 22-Position SATA Plug 22-Position SATA Plug 22-Position SATA Plug 22-Position SATA Plug 22-Position SATA Plug 22-Position SATA Plug 22-Position SATA Plug 22-Position SATA Plug 22-Position SATA Plug 22-Position SATA Plug 22"
1103,{'Output': 'mismatch'},5 Pack 1TB 3.5 inch SATA Hard Drive 7200RPM 32MB Cache 300MB/s 3.5 inch 1TB 7200RPM 32MB Cache 300MB/s 3.5 inch 1TB 7200RPM 32MB Cache 3
1104,{'Output': 'mismatch'},"\', \'Cache Size\': \'6MB\', \'Socket Type\': \'LGA 1151\', \'FAN Type\': \'Passive\', \'description\': \'  ""Intel Core i5 6400 2.7GHz 4-Core 4-Thread 6MB Cache LGA1151 1365T\""@"
1105,{'Output': 'mismatch'},".5G SATA 5.4K 2.5-inch SFF Hot-Plug Hard Drive\', \'description\': \'  \""431786-B21 HP 120-GB 5.4K 2.5 SATA\"", \""Null\"" \""New 431786-B21 SATA 10 Pack Wholesale Price 4"
1106,{'Output': 'match'},"-B21 Intel Xeon 2.13GHz 4-Core 256KB L1 1MB L2 4MB L3 80W 45nm Socket B LGA-1366 Processor Upgrade\', \'sku\': [\'495942b21\'], \'type\': \'Processor\'}', 'Entity"
1107,{'Output': 'mismatch'},"370780001 HP 512MB DDR Registered ECC PC-2700 333Mhz 1Rx4 Memory\', \'subcategory\': \'512MB 333Mhz 1Rx4 333Mhz 1Rx4 333Mhz 1Rx4 333M"
1108,{'Output': 'mismatch'},"\'wd10purz\', \'type\': \'Hard Drive\'}', 'Entity_2': '{\'title\': \'WD Purple 1TB 3.5"" SATA 5400 RPM Internal Hard Drive - WD10PURZ\', \'category\': \'Hard Drive\', \'subcategory\': \'Hard Drives\', \'brand\': \'Western Digital\',"
1109,{'Output': 'mismatch'},48-B21 1GB 333MHz 1x1GB 1GB 333MHz 1x1GB 1GB 333MHz 1x1GB 1GB 333MHz 1x1GB 1GB 333MHz 1x1GB 1GB 333MHz 1
1110,{'Output': 'mismatch'},"bps SATA Hard Drive - 10 Pack\""@en-US', \'title\': \'Seagate ST2000NM0011 2TB 7.2K 3.5 6Gbps SATA Hard Drive - 10 Pack\', \'subcategory\': \'Hard Drives - 2TB - 7.2K - 3.5\"""
1111,{'Output': 'mismatch'},"Drive\', \'description\': \'  \""HP 508429-001 400GB 10K 3.5 DP NHP SAS\""  \""HP 508429-001 400GB 10K 3.5 DP NHP SAS\""  \""HP 50842"
1112,{'Output': 'mismatch'},"de opentijd\': \'124,0 μs\', \'Desktop Workload - Gemiddelde responstijd\': \'124,0 μs\', \'Storage Interface\': \'SATA III 6.0 Gb/s\', \'Storage Interface Type\': \'SATA III 6.0 Gb/s\', \'Storage Interface Type\':"
1113,{'Output': 'mismatch'},"1s21\', \'type\': \'SATA SC\' }', 'Entity_2': '{\""title\"": \""HP 3TB 3.5-inch (LFF) Serial Attached SCSI (SAS) 7.2K 3.5 SATA SC\"", \""category\"": \""Hard Drive\"", \""subcategory\"": \""Description:HP 3TB 3.5-inch"
1114,{'Output': 'mismatch'},2.13GHz 24MB 24MB 2.13GHz 24MB 24MB 2.13GHz 24MB 24MB 2.13GHz 24MB 24MB 2.13GHz 24MB 24MB 2.13GHz 24MB
1115,{'Output': 'mismatch'},"Description\': \'  ""300876-B21 300876-B21 300876-B21 300876-B21 300876-B21 300876-B21 300876-B21 3008"
1116,{'Output': 'mismatch'},"456896-001 10K 3.5 inch 400GB SAS 10 Pack\', \'category\': \'\', \'subcategory\': \'\', \'brand\': \'HP\', \'sku\': \'456896-001-10Pack\', \'type\': \'SAS 1"
1117,{'Output': 'mismatch'},"\'Description: 408850-B21 HP 1GB (2x512MB) PC2-5300 SDRAM Kit\', \'brand\': \'Genuine HPE\', \'sku\': \'408850b21\', \'type\': \'Memory Kit\', \'description\': \'  \""4088"
1118,{'Output': 'mismatch'},"{""sku"": ""ST1000DM003""}"
1119,{'Output': 'mismatch'},"\'description\': \'  \""Seagate Expansion Portable 1TB Zwart\""@en', \'title\': \'Seagate Expansion Portable 1TB Zwart - 7636490063428, 763649064870 - 1000400 - 1TB - Externe"
1120,{'Output': 'mismatch'},"0 EVO 512GB - Prijzen ""@NL Tweakers\""@NL\', \'title\': \'Samsung 850 EVO 512GB - Prijzen \""@NL Tweakers\""@NL\', \'sku\': \'mz7ke512bw\', \'brand\': \'Samsung\', \'type\': \'SSD\'}',"
1121,{'Output': 'mismatch'},"SCSI (SAS)6G SCL SC Ent\'}'} -> match

{'Entity_1': '{\""brand\"": \""Samsung\"", \""category\"": \""Hard Drive\"", \""description\"": \""  \""Samsung 320GB 3.5 inch 7200 RPM Hard Drive\""@en', 'title': 'Samsung 320GB 3.5 inch"
1122,{'Output': 'mismatch'},"AMD Opteron\', \'Application\': \'Server Processor\', \'Server Model\': \'HP Proliant\', \'description\': \'  ""445974-B21 HP AMD Opteron 2.4GHz 445974-B21 Processor Kit"", ""Null"" ""New 445974-B21 AMD Opteron"
1123,{'Output': 'mismatch'},"Hard Drive - USB 3.0\', \'capacity\': \'1TB\', \'manufacturer\': \'Seagate\', \'mpn\': \'493083001\' }', 'Entity_2': '{\""title\"": \""Seagate Expansion 1TB Portable External Hard Drive USB 3.0\"", \""category\"": \""Data Storage\"", \""subcategory\"": \"""
1124,{'Output': 'mismatch'},"LGA1151 (Skylake) Processor - Retail\'}', 'Entity_2': '{\""title\"": \""Intel Core i3 6300 3.8GHz 6th Gen 3.8GHz 4C 4T 8MB Cache L3 6300\"", \""category\"": \""Skylake\"", \""subcategory\"": \"""
1125,{'Output': 'mismatch'},"{""Output"": ""mismatch""}"
1126,{'Output': 'mismatch'},"1-002 500GB 7.2K 3.5 SATA Hard Drive 10 Pack - HP 454141-002 10 Pack Wholesale 454141-002-10Pack\', \'category\': \'Hard Drives\', \'subcategory\': \'Hard Drives\', \'brand"
1127,{'Output': 'mismatch'},"2.8GHz 1MB 512MB 240-pin 2 x DIMM 240-pin\', \'brand\': \'HP\', \'sku\': \'359623b21\', \'type\': \'Description:HP BL20p G2 Server 2.8GHz 1MB 512MB"
1128,{'Output': 'mismatch'},"2': '{\'title\': \'456896-001 HP 400-GB 10K 3.5 DP SAS 10 Pack\', \'category\': \'\', \'subcategory\': \'\', \'brand\': \'HP\', \'sku\': \'456896001\', \'type\': \'Serial"
1129,{'Output': 'mismatch'},",-\', \'Pakketpost (vanaf € 50,-)\': \'€ 0,-\', \'description\': \'  \""WD30EFRX 3TB 3.5 inch 7200RPM SATA Hard Drive\"", \""Null\"" Price WD30EFRX\"" \""New WD30EFRX Hard Drive Wholesale  \""De', \'title"
1130,{'Output': 'mismatch'},"0 500GB SATA 2.5 Inch Internal Solid State Drive - CT500BX100SSD1\""@en \""\u25b7 Crucial BX100 500GB SATA 2.5 Inch Internal Solid State Drive - CT500BX100SSD1 ""}'}', 'Output': 'mismatch"
1131,{'Output': 'match'},"76700K Core I7-6700k Processor Fc-Lga14c 4.10g 8m Cache Skylake / Boxed Version\""  ""Intel BX80662I76700K Core I7-6700k Processor Fc-Lga14c 4.10g"
1132,{'Output': 'mismatch'},"Entity_1': '{\""description\"": \""349237-B21 HP 80-GB 1.5G 7.2K 3.5 SATA HDD\"" \""DL320 G4 349237-B21 HDD Part# DL320 G4-349237-B21\""  }"
1133,{'Output': 'mismatch'},"': \'Western Digital\', \'sku\': \'wd30efrx\', \'type\': \'Hard Drive - Internal\', \'description\': \'  ""Western Digital Red 3 TB Internal HDD"" "" Western HDD - WD30EFRX Desktop Hard Drives CDWG.com  ""WD 3TB 5400rpm SATA 6Gb/s 64MB Cache"
1134,{'Output': 'match'},".5-inch Serial Attached SCSI (SAS)SFF 6G Dual Port Hot-Plug 10K Hard Disk Drive\' }', 'Entity_2': '{\""description\"": \""  \""658102-001 HP G8 G9 2-TB 6G 7.2K 3.5 SATA SC\"", \""Null\"" SATA"
1135,{'Output': 'match'},"9 500-GB 6G 7.2K 3.5 SATA SC 2-Pack\', \'category\': \'658071-B21 HP G8 G9 500-GB 6G 7.2K 3.5 SATA SC\', \'subcategory\': \'658071-B21"
1136,{'Output': 'mismatch'},"4716659808917,  4716659808925,  4716659808933,  4716659808941,  4716659808959,"
1137,{'Output': 'mismatch'},"{""Output"": ""match""}"
1138,{'Output': 'mismatch'},"{""Output"": ""match""}"
1139,{'Output': 'mismatch'},"\', \'Socket Type\': \'LGA 1151\', \'description\': \'  \""Intel i5-7600K 3.80 GHz 4C/4T 6MB Cache 14nm \""@NL Tweakers\""@NL', \'title\': \'Intel i5-7600K 3.80 GHz"
1140,{'Output': 'mismatch'},"21 HP X5450 3.0GHz ML370 G5"" ""HP X5450 3.0GHz ML370 G5""  ""Description:Intel Xeon X5450 ML370 G5 (3.0GHz/4-core/12MB/120W) CPQFull Processor Option"
1141,{'Output': 'mismatch'},"\'HP Proliant DL360 G3, HP Proliant DL360 G4, HP Proliant DL380 G3, HP Proliant DL380 G4, HP Proliant DL380 G5, HP Proliant DL380 G6, HP Proliant DL380 G7, HP Pro"
1142,{'Output': 'match'},"10K 2.5 SAS\', \'subcategory\': \'Price MAY2073RC-5Pack\', \'sku\': [\'may2073rc\', \'may2073rc2pack\'], \'type\': \'Internal 2.5-inch 10K 300MB/s Single Port SAS Hard Drive\'}', 'Entity"
1143,{'Output': 'mismatch'},) 10K 300GB 2.5 DP SAS 6G 10K 2.5 DP SAS 10K 300GB 2.5 DP SAS 6G 10K 2.5 DP SAS 10K 300GB 2.5 DP SAS 6G 10K
1144,{'Output': 'mismatch'},"\'category\': \'Hard Drive\', \'subcategory\': \'Hard Drives\', \'brand\': \'HP\', \'sku\': \'658102001sc\', \'type\': \'2TB 3.5-inch (LFF) Serial ATA (SATA) 6G7.2K Hot-Plug Midline (MDL) Hard Drive"
1145,{'Output': 'mismatch'},CFM 1.29 mm/H2O 23 dBA 1450 RPM 7V - 12V 4 Pin Fan 120mm x 25mm 120mm x 25mm 120mm x 25mm 120mm x 25mm 120mm x
1146,{'Output': 'mismatch'},"\': \'359461001\', \'description\': \'  ""359461001 New Storageworks 10K 2.5 146GB 146GB 146GB 146GB 146GB 146GB 146GB 1"
1147,{'Output': 'mismatch'},"\'TP-LINK TL-SG1016DE 16 Port 10/100/1000 Mbps Managed Ethernet Switch\', \'category\': \'TP-LINK TL-SG1016DE 16 Port 10/100/1000 Mbps Managed Ethernet Switch\', \'subcategory\': \'Managed Ethernet Switches\',"
1148,{'Output': 'mismatch'},"'Null\'"", \'title\': \'Seagate 2TB 3.5 6G SATA 7.2K Desktop Hard Drive - ST2000DM001\', \'sku\': [\'st2000dm001\'], \'type\': \'Hard Drives\' }', 'Entity_2': '{\""title\"": \""ST"
1149,{'Output': 'mismatch'},"600MHz Kit (CMSX8GX3M2A1600C9)\', \'subcategory\': \'Memory\', \'sku\': \'mecs38gdv169\', \'type\': \'Memory\'', 'Entity_2': '{\'title\': \'Corsair Vengeance 8GB (2x4Gb) DDR3 1"
1150,{'Output': 'mismatch'},"af € 99,-)\': \'€ 5,95\', \'description\': \'  \""AMD Radeon Pro WX4100 4GB\""  \""Null\""  \""AMD Radeon Pro WX4100 4GB 1080p 4K 3D 1080p 4K 3D 108"
1151,{'Output': 'mismatch'},"\'description\': \'  \""Seagate 2TB 3.5\"" Internal Hard Drive 7200RPM SATA III 6Gb/s 3 Year Warranty\""@en  \""Seagate 2TB 3.5\"" Internal Hard Drive 7200RPM SATA III 6Gb/s 3 Year Warranty\""@en  \""Seagate"
1152,{'Output': 'mismatch'},",-\', \'description\': \'  \""AMD Ryzen Threadripper 1900x 3.5GHz 12-Core 24-Thread 125W 125W 125W 125W 125W 125W 125W 125W 125W 1"
1153,{'Output': 'match'},"149.99', \'description\': \'  \""77000455 77000455\"" 77000455 77000455 77000455 77000455 77000455 7"
1154,{'Output': 'mismatch'},"Intel\', \'sku\': \'EXPI9301CT\'}', 'Entity_2': '{\""description\"": \""  \""D-Link Switch 6xGENet SX SC+2xGBIC slot L3 19\""\"" \""Product data D-Link 19\"" network switches (DGS-33\""'}'} -> mismatch

{'Entity_1"
1155,{'Output': 'mismatch'},"'} 

{'Entity_1': '{\""description\"": \""  \""Null\"" \""359461-005 HP 72.8-GB 10K FC-AL HDD\""   \""Description:StorageWorks 72.8GB 10K Fibre Channel \"", \""title\"": \""Null 359461-00"
1156,{'Output': 'mismatch'},40p 1080p 1080p 1080p 1080p 1080p 1080p 1080p 1080p 1080p 1080p 1080p 1080p 1080
1157,{'Output': 'mismatch'},emný balík 64GB 2x32GB DDR4 2666MHz 16-18-18-36 2400MT/s 2.5K 2400MHz 1.35V 2666MHz 16-18-18-36 2
1158,{'Output': 'mismatch'},"49.99""\', \'description\': \'  \""508429-001 HP 400-GB 10K 3.5 DP NHP SAS 5 Pack \""   \""Description:5 x 400GB Serial Attached SCSI (S\', \'title\': \'508429-001 HP"
1159,{'Output': 'mismatch'},"\', \'Capacity\': \'72GB\', \'Interface\': \'Serial Attached SCSI (SAS)\', \'Drive Dimensions\': \'3.5 inches x 1/3H (Low Profile)\', \'Spindle Speed\': \'15000RPM\', \'External Data Transfer\': \'300MB/s\', \'Seek Time\': \'3."
1160,{'Output': 'mismatch'},"post 1-30 kg\': \'€ 2,50\', \'description\': \'  ""Kingston Fury 16GB (2x8GB) DDR3 PC4-14900C10 2133MHz Dual Channel Kit (HX316C10F/4)""@e\', \'title\': \'King"
1161,{'Output': 'mismatch'},"0,-\', \'iDEAL\': \'€ 0,-\', \'Pakketpost (boven €20,-)\': \'€ 0,-\', \'Pakketpost (vanaf € 20,- i.c.m. iDEAL)\': \'€ 0,-\', \'Pakketpost (vanaf € 42,35)\':"
1162,{'Output': 'mismatch'},"4-19200 2400MHz DDR4 1.2V\', \'brand\': \'Corsair\', \'sku\': [\'cmk32gx4m2a2400c14\'], \'type\': \'Unbuffered Memory\', \'description\': \'  \""Corsair CMK32GX4M2"
1163,{'Output': 'mismatch'},"'}', 'Entity_2': '{\""title\"": \""Seagate Expansion 1TB 2.5\"" USB 3.0 Taşınabilir Disk - Black\"", \""category\"": \""Black LN64493\"", \""subcategory\"": \""STEA1000400\"", \""brand\"": \""Seagate\"", \""sku\"": \""1000400"
1164,{'Output': 'mismatch'},"': 'mismatch'}""

{'Entity_1': '{\""brand\"": \""Intel\"", \""category\"": \""Processors\"", \""Categorie\"": \""Processors\"", \""description\"": \""  \""Intel - Core i7-6700K 4.0GHz Quad-Core Processor\"" Processor (BX80662I76700K) PCPartPicker Deutsch\"","
1165,{'Output': 'match'},"4GB"" Card (100-506008) PCPartPicker""\', \'title\': \'AMD Radeon Pro WX4100 4GB\', \'subcategory\': \'NVIDIA\', \'brand\': \'AMD\', \'sku\': \'100-506008\', \'type\': \'Graphics Card\'}', '"
1166,{'Output': 'mismatch'},"K 3.5 SATA\', \'category\': \'Null\', \'subcategory\': \'Description:10 x 500GB 3.5-inch Serial ATA (SATA) 1.5K Hot-Plug Hard DriveIn HPE Drive tray (as pictured)For G1-G7 Proliant\', \'brand\': \'HP\', \'sku\': ["
1167,{'Output': 'match'},"21 HP DL760 G2 8-Power Supply Server\', \'subcategory\': \'Servers - DL760 G2 8-Power Supply Server\' , \'sku\': \'338974b21\', \'type\': \'Server - DL760 G2 8-Power Supply Server\' }', 'Entity_2': '{"
1168,{'Output': 'match'},"2H\', \'Uitvoering\': \'S2H\', \'EAN\': \'4719331836290\', \'SKU\': \'GA-H110M-S2H\', \'Tweakers ID\': \'554389\', \'description\': \'  ""Gigabyte GA-H110"
1169,{'Output': 'mismatch'},-10Pack 508429-001-10Pack 508429-001-10Pack 508429-001-10Pack 508429-001-10Pack 508429-001-10Pack
1170,{'Output': 'mismatch'},"-B21 HP SA P700M Battery Option Kit\', \'category\': \'Accessories\', \'subcategory\': \'Battery Option Kits\', \'sku\': [\'452348b21\'], \'type\': \'Battery Option Kit\'}', 'Entity_2': '{\""title\"": \""HP - 452348-B2"
1171,{'Output': 'mismatch'},"Number\': \'533993B22\', \'Products ID\': \'144448\', \'Type\': \'Processor\', \'description\': \'  \""533993B22 HP 2.4-GB 1.83GHz Intel Xeon 533993B22 2.4"
1172,{'Output': 'mismatch'},"': \'€ 0,-\', \'description\': \'  \""Corsair Vengeance LED 32GB 4x8GB 3000MHz 1.5V 2400MHz 2.5V 2666MHz 3.0V 3200MHz 3.5V 3466MHz 3"
1173,{'Output': 'mismatch'},000 2x SATA 6Gbps 2x USB 3.0 2x USB 2.0 2x USB 3.0 2x USB 2.0 2x USB 3.0 2x USB 2.0 2x USB 3.0 2x USB 2.0 2x USB
1174,{'Output': 'mismatch'},"b21\', \'type\': \'Host Bus Adapter\' }', 'Entity_2': '{\""title\"": \""HP 449363-B21 SC40Ge Host Bus Adapter\"", \""category\"": \""Storage\"", \""subcategory\"": \""449363b21\"", \""brand\"": \""HP\"", \""sku\"": \""449363"
1175,{'Output': 'mismatch'},"\'658071-B21-SC HP G8 G9 500-GB 6G 7.2K 3.5 SATA SC\', \'category\': \'Null\', \'subcategory\': \'New 658071-B21-SC SC Wholesale Price 658071-B21-SC\', \'"
1176,{'Output': 'mismatch'},"HP Proliant 233609-001 160MBytes/sec Ultra3 SCSI Drive Array Controller\"" \""Null\""   \""Description:233609-001 HP Proliant 233609-001 160MBytes/sec Ultra3 SCSI Drive Array Controller\', \'title\': \'"
1177,{'Output': 'mismatch'},"': \'Supported\', \'description\': \'  \""658071-B21 500GB 6G 7.2K 3.5 SATA SC\"", \""Null\"" Price 658071-B21-2Pack\"" \""New 658071-B21 SC 2 Pack Wholesale\"" \""658"
1178,{'Output': 'mismatch'},"0GB 15K 3.5 DP SAS 5 Pack\', \'category\': \'HardDrive\', \'subcategory\': \'Description:5 x 400GB Serial Attached SCSI (SAS) 10K 3.5-inch Dual Port Hot-Plug Hard DriveIn HPE Drive tray (as pictured)For G1-G7 Proliant SAS Serve"
1179,{'Output': 'mismatch'},"358348-B21 HP 1GB 333MHz 3.3V SDRAM Module\', \'subcategory\': \'1GB 333MHz 3.3V SDRAM Module\', \'sku\': \'358348-B21\', \'type\': \'3.3V 1GB 333MHz"
1180,{'Output': 'mismatch'},"\'description\': \'  \""HP Proliant ML370T 3.06GHz 310590001 - Prijzen \""@NL Tweakers\""@NL', \'title\': \'HP Proliant ML370T 3.06GHz 310590001 - Prijzen\',"
1181,{'Output': 'mismatch'},"(vanaf € 36,24)\': \'€ 0,-\', \'Pakketpost (vanaf € 30,-)\': \'€ 0,-\', \'Opsturen\': \'€ 0,-\', \'iDEAL\': \'€ 0,-\', \'Opsturen vanaf €50,-\': \'€ 0,-"
1182,{'Output': 'match'},"description\': \'  \""Intel Core i7-7700\""@en i7-7700 (BX80677I77700K)\""@en i7-7700 (BX80677I77700K)\""@en i7-7700 (BX806"
1183,{'Output': 'mismatch'},"Hard Drive 3.5 inch, 7200RPM, 1TB, 3.5 inch, 3.5 inch, 3.5 inch, 3.5 inch, 3.5 inch, 3.5 inch, 3.5 inch, 3.5 inch, 3.5 inch, 3.5 inch,"
1184,{'Output': 'mismatch'},"\': \'Yes\', \'description\': \'  \""500668-B21 HPE 1GB 1333MHz 240-pin Unbuffered ECC DIMM\"", \""Null\""   \""Description:1GB 1333MHz 240-pin Unbuffered ECC DIMM for HP Proliant Servers\"", \""HP Pro"
1185,{'Output': 'mismatch'},"sg2000dm]\', \'brand\': \'Sony\', \'category\': \'\', \'description\': \'  \""Sony 2000Dm 2.5"" 1.8"" 3.5"" 4.5"" 5.25"" 9.5"" 12"" 14.5"" 1"
1186,{'Output': 'mismatch'},"{""mpn"": ""[bx80662i76700k]""}"
1187,{'Output': 'mismatch'},"5-inch form factor (LFF) Hard Drive Part Number(s) 31000340AS 31000340AS\', \'description\': \'  \""ST31000340AS Seagate 1-TB 7.2K 3.5 3G SATA HDD\"" \""Null\""   \""Description:"
1188,{'Output': 'mismatch'},"\', \'description\': \'  \""Samsung 840 Pro 250GB 2.5\""@en (MZN5E250BW) 2.5\"" SATA III 6Gb/s 250GB SSD 3D NAND TLC 256MB TLC 3D NAND 2.5\"" SATA III 6Gb/s"
1189,{'Output': 'match'},1661-B21 HP NC430T PCI-X Quad-port Gigabit server adapter 1000 Mbps 1000Base-T 1000 Mbps 1000Base-T 1000 Mbps 1000Base-T 1000 Mbps 1000Base-T 1000 Mbps
1190,{'Output': 'mismatch'},750120BW | 120Gb | SATA3 6.0 Gb / s | 540 MB / s Read | 520 MB / s Write | 2.5In | 1.25kg | 8806088101743 | HPS-120750
1191,{'Output': 'mismatch'},"\'628061-S21-10Pack\', \'type\': \'Hard Drive - Hot-Swap - Gen8\', \'description\': \'  ""628061-S21 HP G8 G9 3-TB 6G 7.2K 3.5 SATA SC"", ""Null"" Price 62806"
1192,{'Output': 'mismatch'},"subcategory\': \'Description: HP StorageWorks MSA50 10-BAY 1U Rack Mountable 3Gb/s SAS 1.5Gb/s SATA Hot Plug Enclosure with 10 Bay 1U 180 Watts per supply (load) 12 x 23.5 x 33 in\', \'sku\': \'36"
1193,{'Output': 'mismatch'},"{""Output"": ""mismatch""}"
1194,{'Output': 'mismatch'},"\'category\': \'HP\', \'subcategory\': \'Blade Server\', \'brand\': \'HP\', \'sku\': \'359623-B21\', \'type\': \'Blade Server\', \'description\': \'  \""359623-B21 HP BL20p G2 X2.8GHz/1MB 5"
1195,{'Output': 'mismatch'},00000000000000000000000000000000000000000000000000000000000000000000000000000000
1196,{'Output': 'mismatch'},"seur\': \'L2\', \'description\': \'  \""AMD 870K 4C 4T 3.9GHz 28nm 4MB 95W 2133MHz DDR3-SDRAM Socket FM2+\"" \""Null\""   \""Description:AMD 870K 4C 4T 3"
1197,{'Output': 'mismatch'},"{""Output"": ""mismatch""}"
1198,{'Output': 'mismatch'},"b21]\', \'brand\': \'Hewlett-Packard\', \'category\': \'\', \'description\': \'  \""495605-B21 HP 64-GB (8x8GB) PC2-5300 SDRAM Kit\"" \""Null\""   \""Description:Genuine HPE 64GB (8x"
1199,{'Output': 'mismatch'},"description\': \'  \""Intel Core i7-7800X 7800X 7800X 7800X 7800X 7800X 7800X 7800X 7800X 7800X 7800X 780"
1200,{'Output': 'mismatch'},120GB 5.4K 2.5 1.5G SATA HDD 120GB 5.4K 2.5 1.5G SATA HDD 120GB 5.4K 2.5 1.5G SATA HDD 120GB 5.4K 2.5 1.
1201,{'Output': 'match'},"agate Barracuda ES 500GB 3.5 inch SATA 7200RPM Hard Drive"", ""Null"" Price ST3500630NS\', \'title\': \'ST3500630NS Seagate 500GB 3.5 7.2K SATA 7200RPM Hard Drive"
1202,{'Output': 'mismatch'},"449363b21\', \'type\': \'Description: 449363-B21 HP SC40Ge Host Bus Adapter FIO Part Number(s) Manufacturer Part# 449363-B21\' }', 'Entity_2': '{\'title\': \'449363-B21 HP SC4"
1203,{'Output': 'mismatch'},"\'sku\': \'483513b21\', \'type\': \'New 483513-B21 HBA 4X DDR PCI-e Dual Port Host Channel Adapter 2.5GB/s 4X Infiniband SFF-8470 1000000000000000"
1204,{'Output': 'mismatch'},"\'2.5 inch\', \'description\': \'  \""HP 146GB 15K 2.5 inch SAS Hard Drive\""  \""HP 146GB 15K 2.5 inch SAS Hard Drive\""  \""HP 146GB 15K 2.5 inch SAS Hard Drive\""  \""HP 14"
1205,{'Output': 'mismatch'},"', \'description\': \'  \""AD740KYZBBOX AMD 7400K 2.00 GHz 4 MB Cache 45 nm 32-bit 256 MB 256 MB 256 MB 256 MB 256 MB 256 MB 256 MB 256"
1206,{'Output': 'match'},-B21 HP 2GB 128MB Cache 100000000000000000000000000000000000000000000000000000000000000000
1207,{'Output': 'mismatch'},"65-003-10Pack"", \""HP 430165-003 146GB 10K 2.5 3G SAS 10 Pack\"" \""HP 430165-003 146GB 10K 2.5 3G SAS 10 Pack"
1208,{'Output': 'mismatch'},"2\', \'description\': \'  \""456896-001 HP 400-GB 10K 3.5 DP NHP SAS HDD\"", \""Null\"" HDD Wholesale 456896-001 Price 456896-001\""  }', 'Entity_2': '{\""title"
1209,{'Output': 'mismatch'},"SC Wholesale Price\', \'sku\': [\'658071b21\', \'658071b215pack\'], \'type\': \'Description:5 x 500GB 3.5-inch Serial ATA (SATA) SATA 6G 7.2K Hard Drive - Hot-Swap - Gen8 In HPE"
1210,{'Output': 'mismatch'},"6Gb/s 64MB Cache HDD OEM (WD30EFRX)""  ""WD Red 3TB 5400rpm SATA 6Gb/s 64MB Cache HDD OEM (WD30EFRX)""  ""WD Red 3TB 5400rpm SATA 6Gb/s 64MB Cache HDD OEM (WD30EFR"
1211,{'Output': 'mismatch'},"{""Output"": ""match""}"
1212,{'Output': 'mismatch'},RDIMM 288-pin 2133 MHz ( PC4-17000 ) CL15 ( 15-15-15 ) Quad Rank Load-Reduced Memory Module 1.2 V 1.2 V 1.2 V 1.2 V 1.2 V 1.2 V 1.2
1213,{'Output': 'mismatch'},"00)\', \'description\': \'  \""Corsair 4GB 1333 MHz DDR3 SDRAM Memory Module\"", \""Null\"" Price 2x2GB 1333 MHz DDR3 SDRAM Memory Module 2x2GB 1333 MHz DDR3 SDRAM Memory Module 2x2GB 1333 MHz DDR3"
1214,{'Output': 'mismatch'},"{""Output"": ""mismatch""}"
1215,{'Output': 'mismatch'},"\'L2 Cache\': \'1MB\', \'L3 Cache\': \'4MB\', \'64-bit Processing\': \'Yes\', \'Process Technology\': \'45nm\', \'Processor Socket\': \'Socket B LGA-1366\', \'description\': \'  \""442992-B21 HP Xeon E5405"
1216,{'Output': 'mismatch'},"{""Output"": ""match""}"
1217,{'Output': 'mismatch'},"AN\': \'740617212662\', \'SKU\': \'SV300S37A120G\', \'description\': \'  ""Kingston SSDNow V300 120GB 3.5"" SATA III 6Gb/s 2.5"" Hard Drive Enclosure - Black - SV3"
1218,{'Output': 'mismatch'},"{""Output"": ""match""}"
1219,{'Output': 'mismatch'},"493083-001 HP 300-GB 10K 3.5 DP SAS HDD"", \""Null\"" Price 493083-001 HP 300-GB 10K 3.5 DP SAS HDD\"", \""Null\"" Price 493083-001 HP"
1220,{'Output': 'mismatch'},"Proliant\', \'Sub-Category\': \'Hard Drive\', \'Generation\': \'7200RPM\', \'Part Number\': \'653078-B21\', \'Products ID\': \'1143237\', \'description\': \'  \""653078-B21 HP 2.5\"" 7"
1221,{'Output': 'mismatch'},"4301690022pack\', \'type\': \'Hard Drive - Hot-Swap\'}', 'Entity_2': '{\'title\': \'430169-002 HP 72-GB 3G 15K 2.5 DP SAS 2 Pack\', \'category\': \'HP\', \'subcategory\"
1222,{'Output': 'match'},"1000524NS\', \'sku\': \'ST31000524NS\', \'type\': \'Description: 1.0TB Seagate Barracuda ES.2 Hot-Plug Serial ATA (SATA) 3.0GB/s 7200 RPM 3.5-inch for Server Use\'', 'Output': '"
1223,{'Output': 'mismatch'},"GB\', \'description\': \'  \""HP 508429001 400GB 10K 5Pack\""@en, \""HP 508429001 400GB 10K 5Pack\""@en, \""HP 508429001 400"
1224,{'Output': 'match'},"8348-B21\', \'category\': \'Hard Disks\', \'Category\': \'Hard Disks\', \'description\': \'  \""358348-B21 3.5 inch 2.5 inch Hard Disk Drive\"", \""Null\"" ""358348-B21 3.5 inch 2.5 inch Hard"
1225,{'Output': 'mismatch'},"1': '{\'category\': \'Hard Drive\', \'description\': \'  \""Samsung 3.5 inch 1TB 7200 RPM Internal Hard Drive\""@en Hard Drive LN73321 - 833210000000000 | SCAN UK\""', \'title\': \'Samsung 3.5 inch"
1226,{'Output': 'match'},"\': \'Gigabyte Tech Barebones, BRIX Ultra Compact PC Celeron N3000 2.08GHz Max. 8GB DDR3L 1x2.5"" Bay IntelHD GbE ac BT\', \'category\': \'Barebones (GB-BACE-3000)\', \'Categorie\': \'Bare"
1227,{'Output': 'mismatch'},"6GB) DDR4 PC4-24000 3000MHz Dual Channel Kit\', \'subcategory\': \'2x8GB PC4-24000 DDR4-3000Mhz, 15-17-17-35-2N@1.35V XMP, Vengeance LED-Blanco"
1228,{'Output': 'mismatch'},"{""Output"": ""match""}"
1229,{'Output': 'mismatch'},57-B21 ProLiant BL20p 1GB 1MB 1600MB/s 1000MB/s 1000MB/s 1000MB/s 1000MB/s 1000MB/s 1000MB/s 1000MB/s 1000MB
1230,{'Output': 'mismatch'},"4,50\', \'description\': \'  ""WD Blue WD10EZEX - hard drive 1 TB SATA 3.0"" "" WD 3.0 Internal Hard Drive CDWG.com  ""\'}', 'Entity_2': '{\'title\': \'WD Blue WD10EZEX - hard drive 1 TB SATA 3.0\', \'category\"
1231,{'Output': 'mismatch'},"\""', \'description\': \'  \""508429-001 400GB 10K 3.5\"" 5Pack\"" \""Null\""   \""Description:HP 10K 3.5\"" 400GB 5Pack 3.5\"" 10K 400GB 5Pack"
1232,{'Output': 'mismatch'},"\', \'description\': \'  \""456896-001 2Pack\""  \""456896-001 2Pack 400GB 10K 16MB Cache 2.5\"" SAS Hard Drive 1500RPM 10000 RPM 16MB Cache 2"
1233,{'Output': 'mismatch'},"': \'\', \'sku\': \'287497b21\', \'type\': \'Memory Module\'', 'Entity_2': '{\'title\': \'287497-B21 HP 1GB 266MHz DDR PC2100\', \'category\': \'\', \'subcategory\': \'\', \'brand"
1234,{'Output': 'mismatch'},"\', \'description\': \'  \""500658-B21 HP 4GB 1333MHz 2X2GB 240-pin DIMM 1333MHz\"" \""New 500658-B21 4GB 1333MHz 2X2GB 240-pin DIMM"
1235,{'Output': 'mismatch'},"': \'asu97r2\', \'type\': \'Motherboard\'}', 'Entity_2': '{\""title\"": \""ASUS M5A97 R2.0 AMD 970 (Socket AM3+) Motherboard \""Socket AM3+ | Novatech\""\"", \""category\"": \""Null\"", \""subcategory\"": \""Description: AMD 970 Socket"
1236,{'Output': 'mismatch'},"\', \'description\': \'  \""495906-B21 HP 2.8GHz 4-Core Intel Xeon Processor 1333MHz 8MB L3 Cache\""  \""Null\"" Price 495906-B21\"" BBWC) Wholesale 495906-B21  \""D\""'}', '"
1237,{'Output': 'mismatch'},00000000000000000000000000000000000000000000000000000000000000000000000000000000
1238,{'Output': 'match'},"Zotac GeForce GTX 1050 Ti 4GB OC Edition ""@en  ""Zotac GeForce GTX 1050 Ti 4GB OC Edition ""@nl  ""Zotac GeForce GTX 1050 Ti 4GB OC Edition ""@en  ""Zotac GeForce GTX 1050 Ti 4GB OC Edition ""@nl  """
1239,{'Output': 'mismatch'},"1000524NS HDD Wholesale\', \'brand\': \'New ST31000524NS HDD Wholesale\', \'sku\': \'ST31000524NS\', \'type\': \'Description:Seagate Barracuda 1TB Hot-Plug Serial ATA (SATA) NCQ 3.0Gb/s 7"
1240,{'Output': 'mismatch'},"\'description\': \'  \""Intel Core i7-7700 4.2GHz 16MB Cache 64bit 6-Core 125W\""@en \""\u25b7 Intel Core i7-7700 4.2GHz 16MB Cache 64bit 6-Core 125W |"
1241,{'Output': 'mismatch'},"\': \'512743-001 HP 72-GB 6G 15K 2.5 DP SAS HDD\', \'category\': \'HP\', \'subcategory\': \'HDD\', \'brand\': \'HP\', \'sku\': \'512743-001\', \'type\': \'2.5"
1242,{'Output': 'mismatch'},"256MB 168p PC133 CL3 18c 32x4 1Rx4 3.3V ECC RDIMM RFB\', \'category\': \'Memory\', \'subcategory\': \'Memory\', \'brand\': \'Infineon\', \'sku\': \'127005031\', \'"
1243,{'Output': 'mismatch'},"3.5 SP SAS HDD\""@en  ""432094-B21 HP 146-GB 15K 3.5 SP SAS HDD\""@en  ""432094-B21 HP 146-GB 15K 3.5 SP SAS HDD\""@en  ""43209"
1244,{'Output': 'mismatch'},"', \'mpn\': \'st1000dm003\'}', 'Entity_2': '{\'title\': \'Seagate 1TB 7200RPM SATA 3.0Gb/s 3.5 inch Hard Drive - ST1000DM003\', \'category\': \'Hard Drive\', \'subcategory\': \'Hard"
1245,{'Output': 'mismatch'},"description\': \'  \""Steinberg UR22MKII 24 Bit 192 kHz Audio Interface with 2 x 24 Bit 192 kHz Audio Interfaces with 2 x 24 Bit 192 kHz Audio Interfaces with 2 x 24 Bit 192 kHz Audio Interfaces with 2 x 24 Bit 1"
1246,{'Output': 'mismatch'},"akers ID\': \'463789\', \'Productprijs\': \'€ 349,00\', \'Pakketpost Nederland\': \'€ 0,-\', \'iDeal\': \'€ 0,-\', \'Totaal\': \'€ 349,00\', \'Pakketpost\': \'€ 0"
1247,{'Output': 'mismatch'},"\'New 1TB Seagate 7.2K 3.5 SATA HDD 1TB 1000GB 7.2K 3.5 SATA HDD 1TB 1000GB 7.2K 3.5 SATA HDD\', \'brand\': \'New Seagate 1TB 7.2K 3.5 SATA"
1248,{'Output': 'mismatch'},".5 SATA MLC SSD\', \'category\': \'\', \'subcategory\': \'\', \'brand\': \'HP\', \'sku\': \'653078 120GB 2.5\"" SATA 600\', \'type\': \'Solid State Drive\', \'description\': \'  ""653078-B21"
1249,{'Output': 'mismatch'},"{""Output"": ""mismatch""}"
1250,{'Output': 'mismatch'},"0,-\', \'description\': \'  \""Synology DS1517+ 8GB RAM\"" \""Description:Synology DS1517+ 8GB RAM 256GB 2.5\"" 256GB 2.5\"" 256GB 2.5\"" 256GB 2.5\"" 2"
1251,{'Output': 'match'},"\'Yes\', \'description\': \'  \""AMD FX 8320 3.50GHz 8-Core 8MB L2 8MB L3 125W Desktop Processor with 8MB L2 Cache and 8MB L3 Cache\"", \""Null\""  \""New 8320 Wholesale Price \""  \""Descri\', \'title\':"
1252,{'Output': 'mismatch'},"5\', \'description\': \'  \""AMD FX-6300 3.5GHz 6-Core 1000000000000000000000000000000000000000000000000000000"
1253,{'Output': 'mismatch'},1 300876-B21 300876-B21 300876-B21 300876-B21 300876-B21 300876-B21 300876-B21 300876-B2
1254,{'Output': 'mismatch'},"\', \'iDeal\': \'€ 0,-\', \'Totaal\': \'€ 22,36\', \'Pakketpost (boven €20,-)\': \'€ 0,-\', \'Pakketpost (vanaf € 250,-)\': \'€ 0,-\', \'Pakketpost Benelux (vanaf"
1255,{'Output': 'mismatch'},"\': \'4\', \'description\': \'  ""ASUS M5A97R20 970 970M 975 975X 975E 970E 975E 975X 975E 975X 975E 975X"
1256,{'Output': 'mismatch'},"\': \'146GB\', \'Interface Type\': \'SAS\', \'Drive Interface Standard\': \'6Gb/s SAS\', \'price\': \'""USD""\', \'description\': \'  ""HP 430165-003 146-GB 6G 2.5 SAS SC SSD"", ""Null"" ""New"
1257,{'Output': 'mismatch'},120W 40MB 2.1GHz 16C 120W 40MB 2.1GHz 16C 120W 40MB 2.1GHz 16C 120W 40MB 2.1GHz 16C 120W 40MB
1258,{'Output': 'match'},"': \'HP\', \'sku\': \'628061s21sc\', \'type\': \'Hard Drive - Hot-Swap - Gen8\', \'description\': \'  \""628061-S21-SC HP G8 G9 3-TB 6G 7.2K 3.5 SATA SC\""  \""Null"
1259,{'Output': 'match'},"\'HP\', \'category\': \'Hard Drive\', \'Category\': \'Hard Drive\', \'Sub-Category\': \'10K\', \'Generation\': \'SAS\', \'Part Number\': \'HP 430169002\', \'description\': \'  \""430169002 HP 10K 2."
1260,{'Output': 'mismatch'},"\', \'description\': \'  \""154457-B21 - 154457B21 - 154457 B21 - 154457 B21 - 154457 B21 - 154457 B21 - 154457"
1261,{'Output': 'mismatch'},72071-B21 60GB 2.5 SATA SSD 3GB/s 3.5mm 3.5mm 3.5mm 3.5mm 3.5mm 3.5mm 3.5mm 3.5mm 3.5mm 3.5mm 3.5mm 3.
1262,{'Output': 'mismatch'},"{""Output"": ""mismatch""}"
1263,{'Output': 'match'},"{""Output"": ""match""}"
1264,{'Output': 'mismatch'},"\': \'430165003\', \'description\': \'  \""HP 430165-003 2Pack 10K 12000 RPM 1.5TB SAS Hard Drive\""@en-GB HP 430165-003 2Pack 10K 1"
1265,{'Output': 'match'},"{""Output"": ""match""}"
1266,{'Output': 'mismatch'},"': \'Yamaha\', \'description\': \'  \""Yamaha YD1400BB AEBOX - 1400W 230V 12000000000000000000000000000000000000000000"
1267,{'Output': 'mismatch'},"'\', \'description\': \'  \""C11CE05201 1200000000000000000000000000000000000000000000000000000000000"
1268,{'Output': 'mismatch'},"0 G5\', \'category\': \'Null\', \'subcategory\': \'Xeon X5450 ML370 G5\', \'brand\': \'462711-B21\', \'sku\': \'New 462711-B21 G5 Wholesale \', \'type\': \'Description:HP X5450"
1269,{'Output': 'mismatch'},"\', \'Interface Type\': \'SAS\', \'Data Transfer Rate\': \'2GB/s\', \'description\': \'  \""653078-B21 HP 200-GB 10K FC-AL\"", \""Null\"" \""New 653078-B21 FC-AL 10 Pack Wholesale Price 653"
1270,{'Output': 'mismatch'},"4 Memory Support, 100W TDP, 14nm Process Technology, 64-bit, 4x 1000 Mbps Ethernet, 4x USB 3.0 Ports, 1x HDMI 1.4, 1x DVI-D, 1x VGA, 1x Audio Jack, 1x LAN Port, 1"
1271,{'Output': 'mismatch'},"{""Output"": ""match""}"
1272,{'Output': 'mismatch'},"s\', \'Serie\': \'HyperX Predator\', \'Product\': \'Kingston HyperX Predator SSD M.2\', \'EAN\': \'0740617237443\', \'SKU\': \'SHPM2280P2/480G\', \'Tweakers ID\': \'43967"
1273,{'Output': 'mismatch'},80 G6 4-Core 4MB 45nm 800MHz 80W 1366 Socket B 1366 Socket B 1366 Socket B 1366 Socket B 1366 Socket B 1366 Socket B 1366 Socket B 1366 Socket B
1274,{'Output': 'mismatch'},"description\': \'  \""Asus Prime Z270M-Plus\""@en  \""Asus Prime Z270M-Plus\""@en', \'title\': \'Asus Prime Z270M-Plus Motherboard\', \'subcategory\': \'Z270M-Plus\', \'sku\': \'90mb0s50m0"
1275,{'Output': 'mismatch'},"\', \'Part Number\': \'370780-001\', \'Products ID\': \'370780001\', \'Type\': \'Memory - SDRAM\', \'Form Factor\': \'DIMM\', \'Capacity\': \'256MB\', \'Interface\': \'PC133\', \'Data Transfer Rate\': \'"
1276,{'Output': 'mismatch'},"': [\'631667b21\'], \'type\': \'Storage Controller\'}', 'Entity_2': '{\'title\': \'631667-B21 HP Smart Array P222/512 Controller\', \'category\': \'HP\', \'subcategory\': \'Smart Array Controllers\', \'brand\': \'HP\',"
1277,{'Output': 'mismatch'},"\'HP 6-TB 3.5-inch LFF Serial Attached SCSI (SAS)6G 7.2K Hot-Plug Midline (MDL) Hard Drive\' }', 'Entity_2': '{\""description\"": \""  \""Apple iMac 21.5\"" (2015) 2.8 GHz - Prijzen \""@NL"
1278,{'Output': 'mismatch'},"{""Output"": ""match""}"
1279,{'Output': 'mismatch'},293472-B22 293472-B22 293472-B22 293472-B22 293472-B22 293472-B22 293472-B22 293472-B22
1280,{'Output': 'mismatch'},"': \'[497765b21]\', \'brand\': \'HPE\', \'category\': \'HP server memory options\', \'Category\': \'Proliant Memory\', \'Sub-Category\': \'Genuine HP Memory\', \'Generation\': \'800MHz\', \'Part Number\': \'497765-B21\',"
1281,{'Output': 'mismatch'},"4,95\', \'Pakketpost (vanaf € 100,-)\': \'€ 0,-\', \'Pakketpost (vanaf € 100)\': \'€ 0,-\', \'Pakketpost (vanaf € 100,-)\': \'€ 0,-\', \'Pakketpost (vanaf €"
1282,{'Output': 'mismatch'},"{""Output"": ""mismatch""}"
1283,{'Output': 'mismatch'},"Speeds\': \'DDR3 1066/1333/1600 MHz\', \'description\': \'  ""ASUS H81I Plus - H81IPLUS - Motherboard - 1 x SATA 6Gb/s, 2 x SATA 3Gb/s, 2 x M.2 2280, 1"
1284,{'Output': 'mismatch'},"30165-003 146GB 3G 10K 2.5 DP SAS 2 Pack""  \""Null\""  \""Description:HP 430165-003 146GB 3G 10K 2.5 DP SAS 2 Pack 146GB 3G"
1285,{'Output': 'mismatch'},"Entity_1': '{\""sku\"": \""XTA-3510-73-GB-10K\"", \""title\"": \""XTA-3510-73-GB-10K (540-5629) Sun 73-GB\"", \""description\"": \""  \""XTA-3510-73-"
1286,{'Output': 'mismatch'},0662I36100 - 3.70 GHz 3 MB Cache 64-bit 4-Core 14nm Intel Core i3 6100 3.70 GHz 3 MB Cache 64-bit 4-Core 14nm Intel Core i3 6100 3.70 GHz 3 MB
1287,{'Output': 'mismatch'},"\': \'Yes\', \'description\': \'  ""HP 370780001 512MB DDR DIMM 184-pin Server Memory"", ""HP 370780001 512MB DDR DIMM 184-pin Server Memory"", ""HP 370780001"
1288,{'Output': 'mismatch'},"\'€ 0,-\', \'Totaal\': \'€ 1.172,49\', \'description\': \'  \""Corsair Vengeance LED CMU64GX4M4C3000C15R - Prijzen \""@NL Tweakers\""@NL', \'title\': \'Corsair Vengeance LED CMU64"
1289,{'Output': 'mismatch'},"\', \'description\': \'  \""Kingston HyperX Fury black HX421C14FBK4/64 - Prijzen \""@NL Tweakers\"", \'title\': \'Kingston HyperX Fury black HX421C14FBK4/64 - Prijzen\', \'subcategory\': \'HX421C14"
1290,{'Output': 'mismatch'},"GB 10K 3.5 DP NHP SAS Drive 508429-001-5Pack\' }', 'Entity_2': '{\""title\"": \""10000RPM 3.5 inch 400GB 10K 3.5 DP NHP SAS Drive 508429-0"
1291,{'Output': 'mismatch'},"sku\': \'tlwn881nd\', \'type\': \'Network Interface Card (NIC)\' }', 'Entity_2': '{\'title\': \'TP-Link TL-WN881ND 11n Wireless Network Card\', \'category\': \'\', \'subcategory\': \'\', \'brand\': \'TP LINK\', \'sku\':"
1292,{'Output': 'mismatch'},"10K FC-AL HDD\', \'Category\': \'Hard Drive Hot-Swap\', \'Sub-Category\': \'10K\', \'Generation\': \'Fibre Channel\', \'Part Number\': \'658071-B21\', \'Products ID\': \'463708\', \'Type\': \'Hard Drive Hot-Swap\',"
1293,{'Output': 'mismatch'},", VGA, DVI-D, HDMI, Ethernet 10/100/1000 Mbps, 10/100/1000 Mbps LAN, 10/100/1000 Mbps LAN, 10/100/1000 Mbps LAN, 10/100/100"
1294,{'Output': 'match'},"{""mpn"": ""bx80662i76700k""}"
1295,{'Output': 'mismatch'},"': \'€ 0,-\', \'description\': \'  \""Intel Core i5-6400 3.30GHz 4MB Cache 6M Cache 6400 6400 6400 6400 6400 6400 6400 6400 64"
1296,{'Output': 'mismatch'},"{""Output"": ""match""}"
1297,{'Output': 'mismatch'},"\': \'338974-B21 DL760 G2 (8P) Xeon 2.5GHz 8-G\', \'description\': \'  ""338974-B21 DL760 G2 (8P) Xeon 2.5GHz 8-G"" ""Null""   ""Description: DL76"
1298,{'Output': 'mismatch'},"GX4M2A2400C14\', \'type\': \'Vengeance LPX\', \'description\': \'  \""Corsair CMK32GX4M2A2400C14\""  \""Corsair 32GB Vengeance LPX DDR4 2400MHz RAM/Memory Kit 2x 16GB"
1299,{'Output': 'mismatch'},"28 GB SSD 16 GB eMMC 1.4 GHz 1080p 11.6\"" HD IPS Screen 1.4 GHz 1080p 11.6\"" HD IPS Screen 1.4 GHz 1080p 11.6\"" HD IPS Screen 1.4 GHz 1080"
1300,{'Output': 'mismatch'},"ket\': \'1\', \'description\': \'  \""HP NC430T PCI-X Quad-port Gigabit server adapter\""@nl Tweakers\', \'title\': \'HP NC430T PCI-X Quad-port Gigabit server adapter\', \'subcategory\': \'PCI-X\', \'brand\': \'HP\', \'type\': \'Network Adapter\', \'sku\':"
1301,{'Output': 'mismatch'},"RDIMM\', \'category\': \'Null\', \'subcategory\': \'Price\', \'brand\': \'HP\', \'sku\': \'500660-B21-2Pack\', \'type\': \'Hard Drive\', \'description\': \'  \""500660-B21 HP 4GB (1x4GB) PC3-"
1302,{'Output': 'match'},"\'Hard Drive Bays\', \'brand\': \'HP\', \'sku\': \'BD1465822C\', \'type\': \'Description: StorageWorks 146.8-GB 10K FC-AL 146.8-GB 10K FC-AL 146.8-GB 10K FC"
1303,{'Output': 'mismatch'},"': \'Video Card\'}', 'Entity_2': '{\'title\': \'Gigabyte GeForce GTX 1060 3GB 192-bit GDDR5 PCI Express 3.0 x16 1771 MHz 1080p 1440p 4K 120Hz 100% s"
1304,{'Output': 'mismatch'},"{""Answer"": ""match""}"
1305,{'Output': 'mismatch'},"00bahzq5pack\', \'type\': \'Hard Drive\'}', 'Entity_2': '{\""title\"": \""628061-S21 HP G8 G9 3-TB 6G 7.2K 3.5 SATA SC\"", \""category\"": \""Null\"", \""subcategory\"": \""New 628061-S"
1306,{'Output': 'mismatch'},"DIMM 240-pin\', \'description\': \'  \""672631-B21 HP 16GB (1x16GB) SDRAM DIMM\"" \""Null\""   \""Description:HP 16GB (1x16GB) Dual Rank x4 PC3-12800R(DDR3-160"
1307,{'Output': 'mismatch'},"'}'

{'Entity_1': '{\""description\"": \""  \""AMD FX 8320E, 8 Cor\""@en  \""AMD FX 8320E Processor - 8 Core\""@en Core LN59569 FD832EWMHKBOX | SCAN UK\""@en  \""AMD FX 8320E,"
1308,{'Output': 'match'},"Case\'', \'Color\': \'White\'', 'Entity_2': '{\'title\': \'NZXT Source S340 White Mid Tower Case\', \'category\': \'Case\', \'subcategory\': \'Mid Tower Case\', \'brand\': \'NZXT\', \'sku\': \'cas340ww1\', \'type\': \'Case\', \'description\"
1309,{'Output': 'mismatch'},"1\'], \'type\': \'Hard Drive - Hot-Swap - Gen8\'}', 'Entity_2': '{\""title\"": \""628061-S21-SC HP G8 G9 3-TB 6G 7.2K 3.5 SATA SC\"", \""category\"": \""HP 628061-S21"
1310,{'Output': 'mismatch'},"{""Output"": ""match""}"
1311,{'Output': 'mismatch'},"56896-001 SAS 2 Pack Wholesale Price 456896-001\' , \'sku\': \'456896001\' }', 'Entity_2': '{\""title\"": \""456896-001 HP 400-GB 10K 3.5"
1312,{'Output': 'mismatch'},"eon E7400 2.8GHz DL120 G5\', \'subcategory\': \'\', \'sku\': \'533993b22\', \'type\': \'Processor\'}', 'Entity_2': '{\'title\': \'HP 533993-B22 Xeon E7400 2"
1313,{'Output': 'mismatch'},"\', \'description\': \'  \""Corsair 16GB DDR4 Dominator 2666MHz LED Memory Kit for Skylake\""@en Skylake LN66400 - CMD16GX4M2A2666C15 | SCAN UK - DHX Technology White LED Lighting XMP 2.0\', \'type\': \'DDR"
1314,{'Output': 'mismatch'},"{""Output"": ""match""}"
1315,{'Output': 'mismatch'},"Category\': \'7.2K\', \'Generation\': \'SATA\', \'Part Number\': \'ST3500630NS-2Pack\', \'Products ID\': \'470834\', \'Capacity\': \'1.5TB\', \'Form Factor\': \'3.5 inches x 1/3H (Internal)\', \'"
1316,{'Output': 'match'},"{""price"": ""€ 37,45""}"
1317,{'Output': 'mismatch'},GB) 667MHz 432804-B21 432804B21 432804B21 432804B21 432804B21 432804B21 432804B21 43
1318,{'Output': 'mismatch'},"'match'}'

{'Entity_1': '{\""brand\"": \""Apple\"", \""category\"": \""Hard Drive\"", \""description\"": \""  \""Apple 2.5 inch 120GB 5400RPM Hard Drive - 3.5mm\"", \""subcategory\"": \""Hard Drive\"", \""sku\"": \""Apple 2.5 inch 120GB 5"
1319,{'Output': 'mismatch'},"000000]\', \'brand\': \'Dell\', \'category\': \'Hard Drive - 2.5 inch\', \'description\': \'  \""Dell 2.5 inch 1.8Tb 7200RPM SATA Hard Drive\"" Dell 2.5 inch 1.8Tb 7200RPM"
1320,{'Output': 'mismatch'},"\'title\': \'345021-B21 BL20P G2 Xeon 3.2GHz 1GB (2P) 2MB Cache\', \'subcategory\': \'Blade Server - 2P - 2 x Xeon 3.2 GHz - 1 GB RAM - 2MB Cache - 2\', \'sku\':"
1321,{'Output': 'mismatch'},"kvr21n15s8k216\', \'description\': \'  \""Kingston ValueRAM 16GB 2x8GB 2133MHz DDR4 288-pin Memory Module\""@en, \""Kingston ValueRAM 16GB 2x8GB 2133MHz DDR4 288-pin"
1322,{'Output': 'mismatch'},070 WINDFORCE 8GB OC - 1070 WINDFORCE 8GB OC - 1070 WINDFORCE 8GB OC - 1070 WINDFORCE 8GB OC - 1070 WINDFORCE 8GB OC - 1070 WINDFORCE 8GB OC - 107
1323,{'Output': 'mismatch'},"RPM 3.5\"" Hard Drive with 32MB Cache - 3.5 inch 1TB 7200RPM 3.5\"" 3.5 inch 1TB 7200RPM 3.5\"" 3.5 inch 1TB 7200RPM 3.5\"" 3.5"
1324,{'Output': 'mismatch'},"0RPM\', \'description\': \'  ""DG0300BAHZQ HP 300-GB 10K 3.5 1.5G SAS Hot-Swap""   ""Description:10 x HP ProLiant 300GB 10K 3.5 1.5G SAS Hot-Swap In Hard Drive"
1325,{'Output': 'mismatch'},11000000000000000000000000000000000000000000000000000000000000000000000000000000
1326,{'Output': 'match'},"V\', \'brand\': \'Corsair\', \'sku\': [\'cmu16gx4m2c3000c15\'], \'type\': \'2 x 8GB DDR4-3000 Memory\', \'description\': \'  \""Corsair - Vengeance LED 16GB (2 x 8GB) DDR4-"
1327,{'Output': 'mismatch'},"00\', \'Part Number\': \'456896-001\', \'description\': \'  \""456896-001 HP ProLiant 1000 3.06GHz\"", \""Null\"" 3.06GHz Wholesale 456896-001 Price 4568"
1328,{'Output': 'mismatch'},"en 12.99', \'description\': \'  \""Samsung 8GB 1666MHz DDR3 SDRAM Memory Module\""@en 8GB LN73392 - SDCFXPS032GX46 | S\', \'title\': \'Samsung 8GB 1666MHz DDR3 SDRAM Memory Module\', \'"
1329,{'Output': 'mismatch'},"{""Output"": ""mismatch""}"
1330,{'Output': 'mismatch'},"{""Output"": ""match""}"
1331,{'Output': 'mismatch'},"\': \'Yes\', \'price\': \'""CAD"", ""$1,008.48 CAD""\', \'description\': \'  \""45689600110pack\"" \""Null\""   \""Description: 10 x 400GB 10K 3.5 SAS Hot Swap Drive In Tray (as pictured) For"
1332,{'Output': 'mismatch'},"\', \'subcategory\': \'72.8GB 10K Fibre Channel\', \'brand\': \'HP\', \'sku\': \'dg0300bahzq\', \'type\': \'Hard Drive - Hot-Swap\', \'description\': \'  ""DG0300BAHZQ HP 300-GB 3G 10"
1333,{'Output': 'mismatch'},"0,-\', \'description\': \'  \""Asus DUAL-GTX1060-3G\"" ""Asus DUAL-GTX1060-3G 3GB 128-bit GDDR5 1920x1080 1228 MHz 1228 MHz 1228 MHz 12"
1334,{'Output': 'mismatch'},"\'431943003\', \'type\': \'Hard Drive\', \'description\': \'  \""431943-003 HP 146-GB 15K 3.5 SP SAS HDD\"", \""Null\"" Price 431943-003\"" ""New 431943"
1335,{'Output': 'mismatch'},"{""Output"": ""match""}"
1336,{'Output': 'mismatch'},"DDR2\', \'Type\': \'Memory\', \'description\': \'  ""500658-B21 HP 4GB 1333MHz DDR2 Memory Module 1 x 4GB"" ""Null""   ""Description:4GB 1333MHz DDR2 Memory Module 1 x 4GB For HP Proliant Servers Genuine H"
1337,{'Output': 'mismatch'},"dg0300bahzq\', \'493083001\'], \'type\': \'Hard Drive - Hot-Swap\', \'description\': \'  \""DG0300BAHZQ HP 300-GB 3G 10K 2.5 DP SAS HDD\"" ""Null""   ""Description:300"
1338,{'Output': 'mismatch'},"\'[4301690025]\' , \'/gtin13\': \'[4719331301323]\', \'category\': \'\', \'Categorie\': \'Videokaarten\', \'Merk\': \'Gigabyte\', \'Product\': \'Gigabyte Radeon RX 5"
1339,{'Output': 'mismatch'},"8706, 4032047067377,  5032037061377,  4\', \'SKU\': \'BX80646I34150\', \'Tweakers ID\': \'420416\', \'Productprijs\': \'"
1340,{'Output': 'mismatch'},Serial Attached SCSI 10K 146GB 2.5-inch Serial Attached SCSI 10K 146GB 2.5-inch Serial Attached SCSI 146GB 2.5-inch Serial Attached SCSI 146GB 2.5-inch Serial Attached SCSI 146GB 2.5-inch Serial Attached SCSI 146
1341,{'Output': 'match'},"': \'Moederborden\', \'Merk\': \'Asus\', \'Product\': \'Asus Prime B250M-Plus\', \'Uitvoering\': \'Asus Prime B250M-Plus\', \'EAN\': \'730143308465\', \'SKU\': \'90MB0SI"
1342,{'Output': 'match'},"ketpost (vanaf € 25,-)\': \'€ 4,95\', \'Pakketpost (vanaf € 20,- i.c.m. iDEAL)\': \'€ 0,-\', \'Pakketpost (vanaf € 20,-)\': \'€ 0,-\', \'Opsturen vanaf 20.-\"
1343,{'Output': 'mismatch'},"300 SDRAM Kit\', \'subcategory\': \'495605-B21\', \'type\': \'Memory\'}', 'Entity_2': '{\'title\': \'HP 495605-B21 64GB 8x8GB PC2-5300 DDR2 SDRAM Memory Kit\', \'category\':"
1344,{'Output': 'mismatch'},"149,99\', ...}', 'Entity_2': '{\""title\"": \""Synology DS1517+ 8GB\"", \""category\"": \""Network storage\"", \""subcategory\"": \""Synology\"", \""brand\"": \""Synology\"", \""sku\"": \""DS1517+ (8GB)\"", \""type\"": \""Synology DS1517+\"""
1345,{'Output': 'mismatch'},"HP 508429001 400GB 10K 3.5 DP NHP SAS 5 Pack\', \'category\': \'Proliant Hard Drive\', \'subcategory\': \'10K\', \'brand\': \'HP\', \'sku\': \'50842900110pack\', \'type\"
1346,{'Output': 'match'},"95\', \'Pakketpost 0-30 kg\': \'€ 4,95\', \'iDeal (vanaf € 10,-)\': \'€ 0,-\', \'Totaal\': \'€ 82,95\', \'Pakketpost NL DPD\': \'€ 4,95\', \'iDeal\"
1347,{'Output': 'mismatch'},"agate 1-TB 7.2K 3.5 3G SATA""   ""ST31000524NS Seagate 1-TB 7.2K 3.5 3G SATA"" ""New ST31000524NS SATA 10 Pack Wholesale Price ST31000524NS"
1348,{'Output': 'mismatch'},"SSD Wholesale Price 756601-B21"", ""HP 756601-B21 960GB 2.5 SATA LE 6G EL SSD"", ""HP 756601-B21 960GB 2.5 SATA LE 6G EL SSD"", ""HP 75660"
1349,{'Output': 'mismatch'},"Boxed,Socket AM3+ 100000000000000000000000000000000000000000000000000000000000000000000000"
1350,{'Output': 'mismatch'},508429-001 10 Pack 400GB 10K 3.5 DP NHP SAS 3.5 inch x 1 inch Plug-in Module 2GB/s 10000RPM 40 pin 3.5ms 3.5ms 3.5ms 3.5ms
1351,{'Output': 'mismatch'},"000 MHz\', \'description\': \'  \""Corsair Memory Vengeance Pro Series Silver 32GB (2 x 16GB) DDR4 3000 MHz Dual Channel Desktop\""@en Desktop\', \'title\': \'Corsair Vengeance Pro 32GB (2 x 16GB) DDR4 3000 MHz Dual Channel"
1352,{'Output': 'mismatch'},"@en-US  "" Seagate HDD 1TB USB SLIM 3.0  ""@en-US}'} -> match

{'Entity_1': '{\""description\"": \""  \""AMD A6-5400K Black Edition 3.60GHz (Socket FM2) APU Trinity Dual Core Processor (AD540KOKHJBOX)\""@"
1353,{'Output': 'mismatch'},"\'ASRock Fatal1ty 990FX Killer Motherboard\', \'brand\': \'ASRock\', \'type\': \'motherboard\', \'sku\': \'90mxgst0a0uayz\' }', 'Entity_2': '{\'title\': \'ASRock Fatal1ty 990FX Killer Motherboard\', \'category\': \'\"
1354,{'Output': 'mismatch'},"chip is de chip die verantwoordelijk is voor het verwerken van afbeeldingen en video.\': \'Intel HD Graphics 520\', \'description\': \'  ""Intel Core i7-6700K 4GHz 4-Core 1151 Tray Processor 4.2GHz Turbo 125W 4.2GHz Turbo"
1355,{'Output': 'mismatch'},"37414-B21 HP Xeon E5607 2.26GHz BL460c G7 "" ""Null""   ""Description:HP Intelï¿½ Xeonï¿½ E5607 BL460c G7(2.26GHz/4-core/8MB/80W)Full Processor Option Kit"
1356,{'Output': 'mismatch'},1GB RAM 2x 10/100 Ethernet 2x 10/100 Ethernet 2x 10/100 Ethernet 2x 10/100 Ethernet 2x 10/100 Ethernet 2x 10/100 Ethernet 2x 10/100
1357,{'Output': 'mismatch'},"{""title"": ""Intel Core i5 4570 Haswell Processor""}"
1358,{'Output': 'mismatch'},"95\', \'Pakketpost DPD tot € 50,-\': \'€ 3,95\', \'Pakketpost DPD tot 1 kg\': \'€ 3,95\', \'description\': \'  \""AMD Ryzen Threadripper 1950X\""  \""AMD Ryzen Threadripper 1950X\""  \"""
1359,{'Output': 'mismatch'},"\': \'HPE - Smart Array P420/2GB with FBWC - Storage contro\', \'category\': \'HPE\', \'subcategory\': \'Smart Array P420\', \'brand\': \'HPE\', \'sku\': \'631671-B21\', \'type\': \'Storage Controller\', \'description\': \'  \"""
1360,{'Output': 'mismatch'},"{""sku"": ""ad540kokhjbox""}"
1361,{'Output': 'mismatch'},"4 - 32GB (4 x 8GB) 2400 MHz Unbuffered DDR4 Memory\', \'subcategory\': \'New Corsair Vengeance LPX CMK32GX4M4A2400C14 - 32GB (4 x 8GB) 2400 MHz Unbuffered DDR4 Memory\', \'"
1362,{'Output': 'mismatch'},"description\': \'  \""Scratch & Dent Acer Chromebook C731T-C42N Celeron N3060 1.6GHz 4GB 16GB ac BT WC 3C 11.6\"" HD MT C\', \'title\': \'Scratch & Dent Acer Chromebook C731T-C42N C"
1363,{'Output': 'match'},"1 BL20P G2 Xeon 2.8GHz 1GB (2P) 1MB Cache Memory 1GB RAM 1600MHz DDR SDRAM\', \'category\': \'\', \'subcategory\': \'\', \'brand\': \'Manufacturer Part#\', \'sku\': \'359557b21\', \'type"
1364,{'Output': 'mismatch'},"62-B21 100GB 2.5\"" SATA III 6Gb/s SSD Hard Drive\""   \""691862-B21 100GB 2.5\"" SATA III 6Gb/s SSD Hard Drive\""   \""691862-B21 100GB 2.5\"" SATA III"
1365,{'Output': 'match'},"SCSI (SAS)SFF 3G Dual Port Hot-Plug 10K Hard Disk DriveFor G1-G7 Proliant SAS ServersGenuine HPE number\', \'sku\': [\'hpdg0300bahzq\'], \'type\': \'Hard Drive - Hot-Swap\'}', 'Entity_2': '{\'title\':"
1366,{'Output': 'mismatch'},"Return Policy\', \'Color:\': \'Black\', \'iDeal\': \'Available\', \'iDeal (from)\': \'Available\', \'description\': \'  \""Antec P380 Case - Black\""  Black 19.5"" x 12.3"" x 25.3"" 24.5"" x 12.3"""
1367,{'Output': 'mismatch'},"\': \'No\', \'description\': \'  \""508429-001 HP 400-GB 10K 3.5 DP NHP SAS\"", \""Null\"" Price 508429-001-5Pack\"" \""New 508429-001 SAS 5 Pack Wholesale \"""
1368,{'Output': 'mismatch'},"Description\': \'2 x 32-pin SFF-8484\', \'Data Transfer Rate\': \'1GB/s\', \'Form Factor\': \'100mm x 100mm x 100mm\', \'price\': \'""$149.99"", ""USD""\', \'description\': \'  ""578"
1369,{'Output': 'mismatch'},ell 100000000000000000000000000000000000000000000000000000000000000000000000000000
1370,{'Output': 'mismatch'},"2-5300(2x1GB) SDRAM DDR2 Dual Rank Memory Kit\', \'description\': \'  ""Null"", ""397411-B21 HP 2GB (2x1GB) PC2-5300 SDRAM Kit"" ""New 397411-B21 Kit Wholesale Price 397"
1371,{'Output': 'mismatch'},", 5032037074247, 5032037074247, 5032037074247, 5032037074247, 5032037074247, 503"
1372,{'Output': 'mismatch'},"10 Pack Wholesale Price 238921-B21\', \'sku\': \'238921b21\', \'type\': \'3.5-inch (LFF) Plug-in Module Hot-Plug 10K FC-AL Hard Drive 10000RPM 2.5-inch 40 Pin 2GB"
1373,{'Output': 'mismatch'},"512MB\', \'brand\': \'Wholesale\', \'sku\': \'359623-B21\', \'type\': \'Server\'}, {\'title\': \'323146-B21 HP BL20p G2 X3.06GHz/512MB 8GB\', \'category\': \'Null\',"
1374,{'Output': 'mismatch'},"\': \'Corsair\', \'sku\': \'CMZ4GX3M1A1600C9B\', \'type\': \'Memory\', \'description\': \'  \""Corsair Vengeance - DDR3 8 GB: 2 x 4 GB DIMM 240-pin\"" \""Corsair Vengeance - DDR3 8 GB: 2"
1375,{'Output': 'mismatch'},"\'3.5mm\', \'description\': \'  \""AF120 Performance Edition Airflow Fan 2 x Three Cone 3.5mm 120mm 120mm 120mm 120mm 120mm 120mm 120mm 120mm 120mm 12"
1376,{'Output': 'mismatch'},9461-001-10Pack 359461-001-10Pack 359461-001-10Pack 359461-001-10Pack 359461-001-10Pack 359461-
1377,{'Output': 'mismatch'},"\'description\': \""  \""495916-001 HP DL380 G6 2P X5550 2.66GHz 12GB\"" Price 495916-001\"" 12GB Wholesale 495916-001\"", \""Null\"" 495"
1378,{'Output': 'mismatch'},"\': \'€ 4,95\', \'description\': \'  Cooler Master MasterCase Pro 3 350mm 3.5\"" Hard Drive Bay 2.5\"" Hard Drive Bay 2.5\"" Hard Drive Bay 2.5\"" Hard Drive Bay 2.5\"" Hard Drive Bay 2.5\"" Hard Drive Bay 2.5"
1379,{'Output': 'mismatch'},"{""title"": ""Intel Xeon Processor E5 2690 v2 25M Cache 3.0 GHz (BX80635E52690V2) - Retail""}"
1380,{'Output': 'mismatch'},"0,-\', \'description\': \'  ""Asus Prime B250M-Plus 90MB0SI0-M0EAY0"", ""Null""  ""Asus Prime B250M-Plus 90MB0SI0-M0EAY0""  ""Asus Prime B250M-Plus 90MB0SI"
1381,{'Output': 'mismatch'},"{""Answer"": ""match""}"
1382,{'Output': 'mismatch'},Channel Hard Drive 10000RPM 450GB 10K FC-AL 2-Pack 10000RPM 450GB 10K FC-AL 2-Pack 10000RPM 450GB 10K FC-AL 2-Pack 10000RPM
1383,{'Output': 'mismatch'},"'}', 'Entity_2': '{\'title\': \'HPE 782995001 6TB 7.2K 3.5 6G SAS HDD\', \'category\': \'HPE 782995001 6TB 7.2K 3.5 6G SAS HDD\', \'description"
1384,{'Output': 'mismatch'},"\', \'subcategory\': \'New 432804-B21 DIMM Wholesale Price 432804-B21\', \'brand\': \'HP\', \'sku\': \'432804b21\', \'type\': \'Unbuffered PC2-5300 ECC DIMM (1 x 1GB)\',"
1385,{'Output': 'mismatch'},"en\', \'subcategory\': \'@en | EX-GTX1050-2G Novatech@en\', \'brand\': \'ASUS\', \'sku\': \'90YV0A82-M0NA00, EX-GTX1050-2G\', \'type\': \'Graphics Card\', \'description\': \'  ""AS"
1386,{'Output': 'mismatch'},"{""Output"": ""match""}"
1387,{'Output': 'mismatch'},"c15r\'], \'type\': \'Memory Module\'}', 'Entity_2': '{\'title\': \'Corsair Vengeance LED 64GB (4x16GB) DDR4 3000MHz 288-Pin Memory Kit - CMU64GX4M4C3000C15R\', \'category"
1388,{'Output': 'mismatch'},"\': \'vcqk1200dppb\', \'type\': \'Video Card\'', \'mpn\': \'vcqk1200dppb,  rvcqk1200dppb\'', 'Entity_2': '{\'title\': \'VCQK1200DP-PB PNY Quadro K"
1389,{'Output': 'mismatch'},"', 'Entity_2': '{\""title\"": \""431943-003 HP 146-GB 15K 3.5 SP SAS 2 Pack \"", \""category\"": \""\"", \""subcategory\"": \""\"", \""brand\"": \""HP\"", \""sku\"": \""431943003\"", \""type\"": \""Serial Attached SCSI"
1390,{'Output': 'mismatch'},"{""Output"": ""mismatch""}"
1391,{'Output': 'mismatch'},"SAS 15K 3.5 SATA SC\', \'category\': \'Null\', \'subcategory\': \'New 417190-002 SC Wholesale Price 417190-002\', \'brand\': \'HP\', \'sku\': [\'417190002\', \'41719"
1392,{'Output': 'mismatch'},"000524NS\', \'sku\': \'New ST31000524NS HDD Wholesale\', \'type\': \'Description:1TB 3.5-inch SATA 7.2K Hard DriveIn HPE Hot-Plug Hard Drive tray (a\'', 'Entity_2': '{\'title\': \'ST310005"
1393,{'Output': 'mismatch'},"\'230534b211\', \'type\': \'Hard drive - internal\', \'price\': \'£124.99\' }', 'Entity_2': '{\""description\"": \""  \""HP 40 GB 7.2K Ultra ATA 100 100 MBps\""@en HP 40 GB"
1394,{'Output': 'mismatch'},"116K\', \'description\': \'  \""Case Logic EVA-116K\""  \""Case Logic 116K\""  \""Case Logic 116K 11.6\""  \""Case Logic 116K 11.6\""  \""Case Logic 116K 11.6\""  \""Case"
1395,{'Output': 'mismatch'},"gebruikt.\', \'description\': \'  \""G.Skill Ripjaws V F4-2400C15D-16GVR 16GB DDR4 2400MHz 1.35V Unbuffered Memory Module\""@en 16GB | 2400MHz | 1.35V | Un"
1396,{'Output': 'mismatch'},"1.2, Low Profile'}"", 'Entity_2': ""{\'title\': \'AMD Radeon Pro WX4100 Professional Graphics Card - 4GB GDDR5 1024 Stream Processors\', \'category\': \'Graphics Cards\', \'subcategory\': \'Professional Graphics Cards\', \'brand\': \'AMD\', \'sku\': \'WX4100"
1397,{'Output': 'mismatch'},"100 euro)\': \'€ 0,00\', \'description\': \'  \""TP-Link TL-WN781N\""@nl  \""TP-Link TL-WN781ND\""@nl  \""TP-Link TL-WN781N\""@en  \""TP-Link TL-WN781N\""@fr"
1398,{'Output': 'match'},"liant Memory\', \'Storage Capacity\': \'2GB (2 x 1GB)\', \'Part Number\': \'454141002\', \'Products ID\': \'143098\', \'Storage Capacity\': \'2GB ( 2 x 1GB )\', \'Upgrade Type\': \'System Specific\', \'Technology\': \'"
1399,{'Output': 'mismatch'},"8061s21sc\'], \'type\': \'Hard Drive - Hot-Swap - Gen8\', \'description\': \'  ""628061-S21 HP G8 G9 3-TB 6G 7.2K 3.5 SATA SC"", ""Null"" Price 628061-S21-"
1400,{'Output': 'mismatch'},"Drive\', \'description\': \'  ""359461-007 2Pack HP Storageworks 10K 1.5TB 3.5\"" 2560K RPM 100MB/s 24/7 24/7 24/7 24/7 24/7"
1401,{'Output': 'mismatch'},"\': \'192106b21\'}, {\'title\': \'HP 192106-B21 110/220-GB StndAlone SDL\', \'category\': \'Null\', \'subcategory\': \'New HP SDL Wholesale Price 192106-B21\', \'brand\': \'"
1402,{'Output': 'mismatch'},"type\': \'2TB WD Black WD2003FZEX, 3.5\"" HDD, SATA III - 6Gb/s, 7200rpm, 64MB Cache\', \'category\': \'HDD\'}', 'Entity_2': '{\'title\': \'Western Digital 2TB WD2003FZEX Black Hard"
1403,{'Output': 'mismatch'},"MDL) SATA SSD\', \'sku\': \'dl165g7572071b21\', \'type\': \'Hard Drive\' }', 'Entity_2': '{\""title\"": \""572071-B21 HP 60-GB 2.5 MDL SATA SSD\"", \""category\"": \""HP\"", \""subcategory\"":"
1404,{'Output': 'mismatch'},0K 3.5 DP NHP 400GB 10000RPM 3.5 inch Drive (508429-001-10Pack) 10 Pack HP 400GB 10K 3.5 DP NHP SAS 10000RPM 3.5 inch Drive
1405,{'Output': 'mismatch'},PLUS 90MB0SI0-M0EAY0 2.5GB 2.5GB 2.5GB 2.5GB 2.5GB 2.5GB 2.5GB 2.5GB 2.5GB 2.5GB 2.5GB 2.5GB 2.5GB 2
1406,{'Output': 'match'},"@""/8GB\', \'category\': \'Memory\', \'subcategory\': \'Memory\', \'brand\': \'Kingston\', \'sku\': [\'KVR13N9S8HK2/8\'], \'type\': \'Memory - DDR3 1333MHz 8GB 240-Pin\', \'description\': \'  \""King"
1407,{'Output': 'mismatch'},"\'144422\', \'Type\': \'Hard Drive Hot-Swap\', \'Form Factor\': \'3.5 inch x 1 inch Plug-in Module\', \'Capacity\': \'432.1GB\', \'Interface Type\': \'SAS\', \'Data Transfer Rate\': \'2GB/s\', \'Rotational Speed\': \'1500"
1408,{'Output': 'mismatch'},359557-B21 359557-B21 BL20P G2 Xeon 2.8GHz (2P) 359557-B21 359557-B21 BL20P G2 Xeon 2.8GHz (2P) 35955
1409,{'Output': 'mismatch'},001-10Pack 10-Pack 400GB 10K 3.5 DP NHP SAS Drive 10000RPM 3.5ms 3.5ms 3.5ms 3.5ms 3.5ms 3.5ms 3.5ms 3.5ms 3.
1410,{'Output': 'mismatch'},"\': \'[cmk32gx4m2a2133c13]\', \'category\': \'Computer Components\', \'Size\': \'32GB (2x16GB)\', \'Memory Model\': \'Vengeance LPX Black\', \'Max. Memory Channels Provided by Kit\': \'Dual (2)\', \'Memory Type\': \'"
1411,{'Output': 'mismatch'},"': \'256MB\', \'description\': \'  \""578230-B21 HP 2.5\"" 300MB/s 256MB 2 x 32-pin SFF-8484 256MB 2.5\"" 300MB/s 256MB 2 x 3"
1412,{'Output': 'mismatch'},"10/100/1000Base-T Ethernet\', \'description\': \'  \""157866-001 HP Proliant Option 157866-001 Remote Management Adapter\"", \""Null\"" Price 157866-001\"" ""New 157866-00"
1413,{'Output': 'mismatch'},"': 'match'} 

{'Entity_1': '{\""brand\"": \""Samsung\"", \""category\"": \""HardDrive\"", \""subcategory\"": \""Hard Drives\"", \""type\"": \""Hard Drive\"", \""description\"": \""  \""Samsung 1TB 3.5 inch 7200RPM 64MB SATA III 6.0 Gbps Hard Drive\""@en\"", \"""
1414,{'Output': 'mismatch'},"10600 1333MHz Dual Channel Kit 2x2GB | TW3X4G1333C9A\', \'subcategory\': \'Memory\', \'sku\': \'tw3x4g1333c9a\', \'type\': \'Memory\'}', 'Entity_2': '{\'title\': \'Corsair"
1415,{'Output': 'mismatch'},".5 SAS SC SSD\', \'category\': \'Hard Drive\', \'subcategory\': \'2.5 inch Hard Drive\', \'brand\': \'HP\', \'sku\': \'653078b21\', \'type\': \'Hard Drive\', \'description\': \'  ""653078-B21 HP G8 G9 20"
1416,{'Output': 'mismatch'},"ketpost\': \'€ 3,95\', \'description\': \'  ""Corsair Vengeance LED 32GB 2400mhz DDR4 2666mhz Memory CMU32GX4M2C3000C15R Price in India""@en-US  "" Corsair Vengeance LED 32GB"
1417,{'Output': 'mismatch'},"5 DP SAS HDD\', \'category\': \'Hard Drive\', \'subcategory\': \'Description:72GB 2.5-inch Serial Attached SCSI (SAS) SFF3G Dual Port Hot-Plug 15K Hard Disk DriveFor G1-G7 Prolian\', \'brand\': \'HP\', \'sku\': \'430169002"
1418,{'Output': 'mismatch'},"\'description\': \'  ""Kingston SDXC Class 10 UHS-I UHS Class 1 64GB"", ""Null"" Price SDA10/64GB"", ""Null"" Price SDA10/64GB"", ""Null"" Price SDA10/64GB"", ""Null"" Price SDA10/64GB"","
1419,{'Output': 'mismatch'},"{""name"": ""AMD Ryzen 5 1500X""}"
1420,{'Output': 'mismatch'},"3.5 inch\', \'description\': \'  417190-002-5Pack 15K 72GB SAS 3.5 inch Internal Hard Drive 417190-002 5Pack 15K 72GB SAS 3.5 inch Internal Hard Drive 417190"
1421,{'Output': 'mismatch'},"Sub-Category\': \'Hard Drive\', \'description\': \'  \""658071-B21 2 Pack 3.5\"" 1.5TB 7200RPM SATA Hard Drive 3.5\"" 1.5TB 7200RPM SATA Hard Drive 3.5\"" 1.5TB 7"
1422,{'Output': 'mismatch'},1 HP Intel Xeon 2.26GHz Quad-Core 64-Bit Processor 800MHz 45nm Socket 4500 4MB L3 Cache 1MB L2 Cache 4500 4MB L3 Cache 1MB L2 Cache 4500 4MB L3 Cache 1MB L2 Cache
1423,{'Output': 'mismatch'},"Factor\': \'No\', \'Capacity\': \'1TB\', \'Form Factor\': \'3.5 inches x 1/3H (Internal)\', \'Interface\': \'Serial ATA\', \'Data Transfer Rate\': \'600MB/s\', \'Spindle Speed\': \'7200RPM\', \'Average Seek Time\': \'8.5ms"
1424,{'Output': 'mismatch'},"GB 5.4K 2.5 1.5G SATA HDD\', \'subcategory\': \'Hard Drive - Hot-Swap\', \'sku\': \'431786b2110pack\', \'type\': \'Hard Drive - Hot-Swap\'}', 'Entity_2': '{\""title\"": \""HP - 120GB"
1425,{'Output': 'mismatch'},"category\': \'Null\', \'subcategory\': \'Description:5 x 400GB Serial Attached SCSI (SAS) 3.5-inch Non-Hot-Plug 10K DP Hard Drive\', \'brand\': \'HP\', \'sku\': \'456896001\', \'type\': \'10K 3.5-inch"
1426,{'Output': 'mismatch'},"\': \'Supported\', \'Bytes/Sector\': \'512\', \'price\': \'\"", \""USD\""\', \'description\': \'  \""658071-B21 HP 500GB 7.2K 3.5 6G SP SATA\"", \""Null\"" SATA 2 Pack Wholesale 658071-B"
1427,{'Output': 'mismatch'},"{""Output"": ""mismatch""}"
1428,{'Output': 'mismatch'},"{""Output"": ""mismatch""}"
1429,{'Output': 'mismatch'},"53124-B21-10Pack"" ""New 653124-B21 SATA 10 Pack Wholesale\'}', 'Entity_2': '{\'title\': \'653124-B21 HP 200-GB 3G 3.5 SATA MLC SSD 10-Pack\', \'category\"
1430,{'Output': 'mismatch'},10.500.000.000.000.000.000.000.000.000.000.000.000.000.000.000.000.000.000.000.0
1431,{'Output': 'mismatch'},"8-5600K 3.60GHz 4-Core 4MB L2 Cache 100W 1.6"" x 1.6"" x 1.6"" 32nm 165.2°F (74°C) 1.35V 1.45V 1.55V 1"
1432,{'Output': 'mismatch'},"{""Output"": ""match""}"
1433,{'Output': 'mismatch'},\': \'10000000000000000000000000000000000000000000000000000000000000000000000000000
1434,{'Output': 'mismatch'},"30NS\', \'sku\': \'500630ns\', \'type\': \'Hard Drive\' }', 'Entity_2': '{\'title\': \'ST3500630NS 500GB 7.2K 3.5 1.5G SATA Hard Drive - New - 1000000"
1435,{'Output': 'mismatch'},"5300P SDRAM Kit\', \'subcategory\': \'New 408854-B21 SDRAM Kit Wholesale Price 408854-B21\', \'sku\': \'408854b21\', \'type\': \'Description:Genuine HPE 8GB (2x4GB) Regi\' }"
1436,{'Output': 'mismatch'},"', \'category\': \'Graphics Cards\', \'Categorie\': \'Grafische kaarten\', \'description\': \'  \""AMD Radeon HD 7300 Series - 2 GB - 128 Bit - 128 Bit - 128 Bit - 128 Bit - 128 Bit - 128 Bit - 1"
1437,{'Output': 'mismatch'},2': '{\'title\': \'345021-B21 BL20P G2 Xeon 3.2GHz 1GB (2P) Null Description: Proliant BL20P G2 XEON3.2G 1M (2P) FC MEZZ BLADEHewlett-Packard Part# 3450
1438,{'Output': 'mismatch'},"\'category\': \'Computers_and_Accessories\', \'description\': \'  \""DG0146FAMWL2PACK\""  \""Null\""   \""Description: 2Pkg 1000000000000000000000000000000000000"
1439,{'Output': 'mismatch'},"0-GB 6G 2.5 SAS SC SSD 5 Pack\', \'sku\': [\'653078b215pack\', \'653078b215pack\'], \'type\': \'2.5-inch SAS SSD 6G 2.5-inch SFF Hot-Plug Solid State Drive\'}', '"
1440,{'Output': 'mismatch'},"\'description\': \'  \""New 431943-003 SAS 5 Pack Wholesale \""@pt  \""431943-003\""@pt  \""431943-003\""@pt  \""431943-003\""@pt  \""431943"
1441,{'Output': 'mismatch'},"\'  ""359461-001 HP 72.8-GB 10K FC-AL"" ""HP 359461-001 HDD Part# -359461-001""  ""Description:5 x StorageWorks 72.8GB 10K Fibre Channel 4"
1442,{'Output': 'mismatch'},"\'New 359461-005 FC-AL 2 Pack Wholesale Price 359461-005-2Pack\', \'sku\': \'359461005\', \'type\': \'Hard Drive - Hot-Swap\'}', 'Entity_2': '{\""title\"": \""35946"
1443,{'Output': 'mismatch'},"10K Ultra SCSI-3 Hard Drive for HP Proliant Servers""  ""HP Proliant Servers""  ""HP Proliant Servers""  ""HP Proliant Servers""  ""HP Proliant Servers""  ""HP Proliant Servers""  ""HP Proliant Servers""  ""HP Proliant Servers""  ""HP Proliant Servers"
1444,{'Output': 'mismatch'},"60/320GB SDLT RackMount Tape Library\', \'sku\': \'293472b22\', \'type\': \'Proliant 5026 Tape Library 160/320GB 26 Drive 16MB/s 160GB (Native) 320GB (Compressed)"
1445,{'Output': 'mismatch'},"title\': \'HP 628061-S21 3TB 7.2K 3.5 SATA SC Hot Swap Drive\', \'category\': \'Hard Drive - Hot-Swap - Gen8\', \'subcategory\': \'Hard Drive - Hot-Swap - Gen8\', \'brand\': \'HP\', \'sku\': \'62806"
1446,{'Output': 'mismatch'},"{""Output"": ""mismatch""}"
1447,{'Output': 'match'},"': \'Yes\', \'description\': \'  \""Asus M5A99FX Pro R2.0 Motherboard 90-Mbit 128MB 2x SATA 6Gbps 2x PCIe 16X 1x PCIe 1X 1x USB 2.0 1x USB 3.0 1x LAN"
1448,{'Output': 'mismatch'},"{""Output"": ""match""}"
1449,{'Output': 'mismatch'},"GB 1333MHz 240-pin Unbuffered ECC DIMM"", ""Null"" 1GB 1333MHz 240-pin Unbuffered ECC DIMM for HP Proliant Servers 1GB 1333MHz 240-pin Unbuffered ECC DIMM for HP Proliant Servers 1GB 13"
1450,{'Output': 'match'},"{""Output"": ""match""}"
1451,{'Output': 'mismatch'},"5 Pack Wholesale Price 359461-001-5Pack\"" 238921-B21-5Pack"", \'title\': \'359461-001 HP 72.8-GB 10K FC-AL\', \'subcategory\': \'New 359461-0"
1452,{'Output': 'mismatch'},": 157766-B21 HP 50-GB Internal Tape Drive"", ""Null"" ""HP 157766-B21 50/100GB Internal Tape Drive"", ""Null"" ""HP 157766-B21 50/100GB Internal Tape Drive"", ""Null"" ""HP"
1453,{'Output': 'mismatch'},"{""description"": ""\""}"
1454,{'Output': 'mismatch'},"{""Output"": ""match""}"
1455,{'Output': 'mismatch'},"1 1GB (1 x 1GB) 1333MHz Unbuffered ECC DIMM 240-pin UDIMM\', \'subcategory\': \'Memory\', \'sku\': \'500668b21\', \'type\': \'Memory\'}', 'Entity_2': '{\'title\': \'HP 5006"
1456,{'Output': 'mismatch'},"RPM\', \'Description\': \'Hard Drive - Hot-Swap 2.5 inch 120GB 5.4K SATA 150MB/s 15ms 120GB 120GB 120GB 120GB 120GB 120GB 120GB 120GB"
1457,{'Output': 'mismatch'},"21"" ""New 453475-B21 G3 Wholesale\', \'category\': \'HP\', \'Category\': \'Proliant Processor\', \'Sub-Category\': \'Intel Xeon\', \'Generation\': \'G3\', \'Part Number\': \'453475-B21\', \'Products ID\': \'458"
1458,{'Output': 'mismatch'},"ailure Warranty\': \'Yes\', \'Hot Swap Tray\': \'Included/Attached\', \'price\': \'""USD""\', \'description\': \'  \""417190-002 HP 72-GB 15K 3.5 SP SAS\"", \""Null\"" Price 417190-002"" ""New"
1459,{'Output': 'mismatch'},"af € 50,-)\': \'€ 0,-\', \'description\': \'  \""Apple Smart Cover Grey iPad Pro 2017 12.9\""@en-US  \""Apple Smart Cover Grey iPad Pro 2017 12.9\""  \""Apple Smart Cover Grey iPad Pro 2017 12.9\"""
1460,{'Output': 'mismatch'},"3.5 SATA HDD 10 Pack\', \'subcategory\': \'Description:10 x 1TB 3.5-inch Serial ATA (SATA) 7.2K Hard DriveIn HPE Drive tray (as pictured)For G1-G7 Proliant\', \'sku\': \'st31000524ns10pack\', \'type"
1461,{'Output': 'mismatch'},"452348-B21\' }', 'Entity_2': '{\'title\': \'452348-B21 HP SA P700M Battery Option Kit\', \'category\': \'Null\', \'subcategory\': \'Description:HP Smart Array P700M Battery Option Kit Part Number(s) Manufacturer Part# 4523"
1462,{'Output': 'match'},"description\': \'  \""TP-Link TL-SF1008D 8-Port 10/100Mbps Desktop Switch\""  \""TP-Link TL-SF1008D 8-Port 10/100Mbps Desktop Switch\""  \""TP-Link TL-SF1008D 8-Port 10"
1463,{'Output': 'mismatch'},"\': \'2\', \'description\': \'  ""HP 508429001 2 Pack 400GB 10K 3.5\"" Internal Hard Drive 10000RPM 3.5\"" 1/3H Low Profile SATA 3072MB/s 3.5ms 3.5"
1464,{'Output': 'mismatch'},"gebruikt om de harde schijf te verbinden. HDD/SSD-aansluiting kan zijn: SATA, M.2, eSATA, USB, FireWire, Thunderbolt, HDMI, HDMI ARC, HDMI CEC, HDMI 1.4, HDMI 2.0, HDMI 2.0a, HDMI 2.1, DisplayPort"
1465,{'Output': 'mismatch'},"': \'40GB\', \'Description\': \'  \""340743-B22 HP Enterprise 20/40GB DLT 40GB 20GB 10000000000000000000000000000000000000"
1466,{'Output': 'mismatch'},"eon 2.0GHz DL140 G3 4-Core 8MB 80W Full Processor Option Kit\' , \'description\': \'  ""442992-B21 HP Xeon E5335 2.0GHz DL140 G3"" ""Null""   ""Description:Intelï¿½ Xeonï¿½"
1467,{'Output': 'mismatch'},"{""Output"": ""mismatch""}"
1468,{'Output': 'mismatch'},"NO HDD HP PROLIANT""  ""658071-B21 HP G8 G9 500-GB 6G 7.2K 3.5 SATA SC\"" ""New 658071-B21 SC 2 Pack Wholesale Price 658071-B21-2Pack\'', 'Output':"
1469,{'Output': 'mismatch'},"staties leveren, maar de temperatuur zal stijgen. De maximale turboklokfrequentie is afhankelijk van de temperatuur en de stroomvoorziening. De maximale turboklokfrequentie is ook afhankelijk van de gebruikte processor en de chipset. De maximale turboklokfrequentie is ook af"
1470,{'Output': 'mismatch'},00000000000000000000000000000000000000000000000000000000000000000000000000000000
1471,{'Output': 'mismatch'},"\': \'HardDrive\', \'Sub-Category\': \'Hard Drive\', \'Generation\': \'SATA\', \'Part Number\': \'456896-001\', \'Products ID\': \'473727\', \'description\': \'  ""456896-001 HP 250GB 2."
1472,{'Output': 'match'},GD 8GB 128-bit GDDR5 HDMI DVI-D DP M 1080P 2560x1440 3840x2160 4K 60Hz 1080p 2560x1440 3840x2160 4K
1473,{'Output': 'match'},"{""description"": ""\""}"
1474,{'Output': 'match'},347786-B21 HP 347786-B21 347786b21 347786b21 347786b21 347786b21 347786b21 347786b21
1475,{'Output': 'mismatch'},"SATA 2 Pack\', \'subcategory\': \'Hard Drive - Internal\', \'type\': \'Hard Drive - Internal\', \'sku\': \'PY276AA2PACK\'', 'Entity_2': '{\'title\': \'HP 80GB 7.2K 3.5 SATA Internal Hard Drive - 2 Pack - PY276AA\', \'"
1476,{'Output': 'mismatch'},"Drive\', \'sku\': \'st1000dm003\', \'type\': \'Hard Drive\'}', 'Entity_2': '{\""title\"": \""ST1000DM003 Seagate 1TB 7.2K 3.5 6G SATA HDD\"", \""category\"": \""HardDrive\"", \""subcategory\"": \""Description:Se"
1477,{'Output': 'match'},"2': '{\""title\"": \""Corsair CMK32GX4M4B3200C16 32gb 4x8gb Ddr4 3200mhz For Intel 100 Series Vengeance Lpx Dram\"", \""category\"": \""Memory\"", \""subcategory\"": \""Memory\"", \""brand\"": \""Corsair\"", \""sku\"": \"""
1478,{'Output': 'mismatch'},"40AS 5-Pack\', \'sku\': [\'st31000340as5pack\'], \'type\': \'1TB 3.5-inch (1/3H) Serial ATA (SATA) 3.0GB/s 7200 RPM Hard Drive in 5-Pack (5-PACK)\' }', 'Entity_"
1479,{'Output': 'match'},"{""Output"": ""mismatch""}"
1480,{'Output': 'mismatch'},24NS 1TB 7.2K 3.5 SATA PS4000E 300MB/s 32MB Cache 8.5ms 7200RPM 8.5ms 3.5 inches x 1/3H 3.5 inch 1TB 7.2K 3.5 SATA PS
1481,{'Output': 'match'},"{""Output"": ""mismatch""}"
1482,{'Output': 'mismatch'},"\'description\': \'  \""Kingston HyperX Predator 480GB SSD M.2 2280 3000MB/s\"" 3000MB/s 2280 480GB 3000MB/s 2280 480GB 3000MB/s 2280"
1483,{'Output': 'mismatch'},"\': \'[ili36100]\', \'mpn\': \'[bx80662i36100]\', \'brand\': \'Intel\', \'category\': \'Intel processor\', \'Processor Number\': \'I3 6100\', \'Number of Cores\': \'2\', \'Number of Threads\': \'4"
1484,{'Output': 'match'},"\'title\': \'Null\', \'subcategory\': \'Price DG0300FARVV-10Pack\', \'sku\': [\'dg0300farvv\', \'dg0300farvv10pack\'], \'type\': \'10 x 300GB 2.5-inch Serial Attached SCSI (SAS)SFF"
1485,{'Output': 'match'},"': \'430165-003 HP 146-GB 10K 2.5 DP SAS HDD\', \'sku\': \'430165003\', \'type\': \'10K 2.5-inch Single Port Hot-Plug Hard Drive\'}', 'Entity_2': '{\""title\"": \""4"
1486,{'Output': 'mismatch'},"{""Output"": ""mismatch""}"
1487,{'Output': 'mismatch'},"eon 3200 Series 2.4GHz 3M Cache 1333MHz 3200 Series Processor\', \'description\': \'  \""495906-B21 HP Intel Xeon 3200 Series 2.4GHz 3M Cache 1333MHz 3200 Series Processor\"" \"""
1488,{'Output': 'mismatch'},"\', \'description\': \'  \""430165-003 HP 146-GB 10K 2.5 DP SAS HDD\"", \""Null\""   \""Description:146GB HP 10K 2.5-inch Dual Port Hot-Plug Hard DriveIn HPE Drive tray (as pictured)For G1-G7 Pro"
1489,{'Output': 'mismatch'},"{""Output"": ""mismatch""}"
1490,{'Output': 'match'},"\'brand\': \'TP-Link\', \'type\': \'Network Switches\', \'price\': \""\""$129.99\"", \""USD\""}', 'Entity_2': '{\""title\"": \""TL-SG1005D 5-Port Gigabit Desktop Switch\"", \""category\"": \""Null\"", \""subcategory\"": \""Price TL-SG100"
1491,{'Output': 'mismatch'},600MHz 2x8GB 240 Pin 240 Pin 240 Pin 240 Pin 240 Pin 240 Pin 240 Pin 240 Pin 240 Pin 240 Pin 240 Pin 240 Pin 240 Pin 240 Pin
1492,{'Output': 'mismatch'},"inch\', \'description\': \'  \""Seagate Barracuda 3.5 inch 1TB 7200 RPM SATA Hard Drive\""  ST31000340AS-5Pack | CCL Computers\', \'title\': \'Seagate Barracuda 3.5 inch 1TB 7200 RPM SATA Hard Drive -"
1493,{'Output': 'mismatch'},"{""Output"": ""match""}"
1494,{'Output': 'mismatch'},"31000340as]\', \'brand\': \'Seagate\', \'category\': \'Seagate HardDrive\', \'Category\': \'Seagate HardDrive\', \'Sub-Category\': \'Desktop\', \'Generation\': \'SATA\', \'Part Number\': \'ST31000340AS-5Pack\', \'Products ID\"
1495,{'Output': 'mismatch'},"417190-002 72-GB 15K 3.5 DP SAS 5 Pack"", ""Null""   ""Description:5 x HP 72-GB 15K 3.5 DP SAS 5 Pack"", ""Null""   ""Description:5 x HP 417190-002"
1496,{'Output': 'mismatch'},"ga990xaud3rev10,ga990xaud3rev10,ga990xaud3rev10,ga990xaud3rev10,ga990xaud3rev10,ga990xaud3rev10,ga990xaud3rev10,ga99"
1497,{'Output': 'mismatch'},"{""description"": ""\""}"
1498,{'Output': 'mismatch'},"{""match"": ""match""}"
1499,{'Output': 'mismatch'},"102\', \'Hot Swap Tray\': \'Included\', \'Capacity\': \'1TB\', \'Form Factor\': \'3.5 inches\', \'Interface\': \'SATA\', \'Average Seek Time\': \'8.5ms\', \'Rotational Speed\': \'7200RPM\', \'Manufacturer\': \'Dell\', \'Pre-Failure Warranty\"
1500,{'Output': 'match'},"{""Output"": ""mismatch""}"
1501,{'Output': 'mismatch'},"30MB/s, UHS-I, Class 10, 16GB\'}, {\'description\': \'  \""Corsair Vengeance LPX 64GB (4x16GB) DDR4 PC4-21300C16 2666MHz Dual/Quad Channel Kit - Black (CMK64GX)\"""
1502,{'Output': 'mismatch'},"""New 306645-003 15K 5 Pack Wholesale\'}'} -> match'}

{'Entity_1': '{\""brand\"": \""Samsung\"", \""category\"": \""\"", \""Categorie\"": \""SSD\"", \""description\"": \""  \""Samsung 840 Pro 256GB\"", \""Null\"" Price 840 Pro"
1503,{'Output': 'mismatch'},"', \'Technology\': \'DDR2\', \'ECC / Registered\': \'Unbuffered\', \'Capacity\': \'8GB\', \'Bus Clock\': \'667MHz\', \'Application\': \'Server Memory\', \'Server Model\': \'HP Proliant\', \'Manufacturer\': \'Hewlett-Packard\', \'price\': \""CAD\"", \""price\"":"
1504,{'Output': 'mismatch'},"description\': \'  \""Corsair Air Series AF120 LED Quiet Edition\""  \""Corsair Air Series AF120 LED Quiet Edition 120mm White Fan\""  \""Description:120mm White Fan\""  \""Corsair Air Series AF120 LED Quiet Edition 120mm White Fan\""  \""Corsair Air Series AF12"
1505,{'Output': 'mismatch'},ULTRA2 SCSI CTRL 64MB 295643-B21 295643-B21 295643-B21 295643-B21 295643-B21 295643-B21 295643-B21
1506,{'Output': 'mismatch'},"C 5i5RYH 1.6GHz i5-5250U UCFF Black,Silver\'}', 'Entity_2': '{\'title\': \'Intel NUC 5i5RYH 1.6GHz i5-5250U UCFF Black,Silver\', \'category\': \'\', \'description\': \'"
1507,{'Output': 'mismatch'},"description\': \'  \""HP EG0146FARTR\"" \""HP 146GB 10K 146GB Hot-Swap Hard Drive - Great Prices at Barcode Discount\""', \'title\': \""HP 146GB 10K 146GB Hot-Swap Hard Drive - Great Prices at Barcode Discount\""}', 'Entity"
1508,{'Output': 'mismatch'},"20,-\': \'€ 2,50\', \'Pakketpost (tot € 20,-)\': \'€ 2,50\', \'Pakketpost (tot € 20,-) (niet inclusief)\': \'€ 2,50\', \'Pakketpost (tot € 20,-) (inclusief"
1509,{'Output': 'mismatch'},"2 Cache\', \'description\': \'  \""346919-001 HP 2.2GHz 2MB Intel Xeon MP Processor\"" \""Null\"" 346919-001 2.2GHz Intel Xeon MP Processor 2MB Cache 2MB Cache 2MB Cache 2MB Cache 2MB Cache"
1510,{'Output': 'mismatch'},"hp\', \'description\': \'  ""HP 431786-B21 2-Pack 5.4K Hard Drive 2.5"" SATA 3.0 6Gb/s 1.6TB 3.5"" 2.5"" 1.6TB 3.5"" 2.5"" 1.6TB"
1511,{'Output': 'mismatch'},"81ND 11n Wireless PCIe Network Card\', \'subcategory\': \'Network Cards\', \'sku\': \'TL-WN881ND\', \'type\': \'Network Cards\' }', 'Entity_2': '{\'title\': \'TP-Link TL-WN881ND 11n Wireless Network Card\', \'category\': \'Network Cards\',"
1512,{'Output': 'mismatch'},"PC2-5300 SDRAM DDR2 Dual Rank Memory Kit, 2x512MB, 1GB (2 x 512MB)\"" \""Null\""   \""Description:HP 1GB FBD PC2-5300 SDRAM DDR2 Dual Rank Memory Kit 2x512MB 1GB (2 x 5"
1513,{'Output': 'mismatch'},"\'€ 0,-\', \'Opsturen (vanaf € 301,-)\': \'€ 0,-\', \'Opsturen (boven €20,-)\': \'€ 0,-\', \'Opsturen (vanaf € 301,-)\': \'€ 0,-\', \'Opsturen (boven €20,-)\':"
1514,{'Output': 'mismatch'},"HP 417190-002 72GB 15K 3.5 DP SAS 5 Pack\', \'sku\': \'HP4171900025PACK\', \'type\': \'Hard Drive\'}', 'Entity_2': '{\""description\"": \""  \""HP 41719000"
1515,{'Output': 'mismatch'},"\'32GB\', \'brand\': \'HP\', \'Category\': \'Proliant Memory\', \'Sub-Category\': \'Genuine HP Memory\', \'Generation\': \'1333MHz\', \'Part Number\': \'DTDUO3C32GB\', \'Products ID\': \'455468\', \'Storage Capacity\': \'3"
1516,{'Output': 'mismatch'},"1-S21-10Pack\', \'brand\': \'HP\', \'sku\': \'628061-S21-10Pack\', \'type\': \'Hard Drive - Hot-Swap - Gen8\', \'description\': \'  ""628061-S21 HP G8 G9 3-TB 6G 7"
1517,{'Output': 'mismatch'},"type\': \'Hard Drive Hot-Swap\', \'description\': \'  \""ST1000NM0033 Seagate 1-TB 7.2K 3.5 6G SP SATA\""  \""Null\""  \""New ST1000NM0033 SATA 10 Pack Wholesale Price ST1000NM00"
1518,{'Output': 'mismatch'},")\': \'UDIMM (Unbuffered)\', \'Memory Speed\': \'PC4-30720 (3840)\', \'Pins\': \'288\', \'CAS Latency\': \'15-17-17-34\', \'Voltage\': \'1.35 V\', \'Validated Compatible with\':"
1519,{'Output': 'mismatch'},"HP 146-GB 15K 3.5 SP SAS 10-Pack\', \'subcategory\': \'432094-B21 Price\', \'sku\': \'hp432094b2110pack\', \'type\': \'Hard Drive - Hot-Swap - Gen8\' }', 'Entity_2': '{"
1520,{'Output': 'mismatch'},': \'100000000000000000000000000000000000000000000000000000000000000000000000000000
1521,{'Output': 'mismatch'},"4004881000400 ]\', \'description\': \'  \""Apple 1000-400 1000-400 1000-400 1000-400 1000-400 1000-400 10"
1522,{'Output': 'mismatch'},"0146FAWJB HP 146-GB 6G 15K 2.5 DP SAS"", ""EH0146FAWJB HP 146-GB 6G 15K 2.5 DP SAS 146GB 6G 15K 2.5 DP SAS 146GB"
1523,{'Output': 'mismatch'},"46-GB 15K 3.5 SP SAS"", \""Null\"" \""New 432094-B21 SAS 10 Pack Wholesale Price 432094-B21-10Pack\"" \""432094-B21 HP 146-GB 15K 3.5 SP SAS"
1524,{'Output': 'mismatch'},"': \'Processor\'}', 'Entity_2': '{\""title\"": \""455035-B22 HP Xeon X3210 2.13GHz DL120 G5\"", \""category\"": \""HP\"", \""subcategory\"": \""Xeon X3210 ML370 G5\"", \""brand\"": \""Intel\"", \""sku\"": \"""
1525,{'Output': 'mismatch'},"agate\', \'description\': \'  \""Seagate 1TB NAS 5900RPM SATA 6Gb/s 64MB Cache HDD - OEM (ST1000VN002)\""@en \""\u25b7 Seagate -\u2026 \""', \'brand\': \'Seagate\', \'/sku\':"
1526,{'Output': 'mismatch'},"liant 725 Watt Redundant Hot-Plug Power SupplyFor the ML350 G4pPart Number(s)Option Part# 384168-001Spare 390394-001\', \'brand\': \'HP\', \'sku\': [\'3903940012pack"
1527,{'Output': 'mismatch'},"{""Answer"": ""match""}"
1528,{'Output': 'mismatch'},"{""Output"": ""mismatch""}"
1529,{'Output': 'mismatch'},-B21 1GB 1333MHz 240-pin Unbuffered ECC DIMM Memory Module for HP Proliant Servers - 1GB (1 x 1GB) - 1333MHz (PC3-10600E-9) - 1333MHz - 240-pin - Unbuffered ECC
1530,{'Output': 'mismatch'},"10K 450GB 2P\', \'sku\': \'5187360012pack\', \'type\': 'Description:2 x StorageWorks 450GB 10K Fibre Channel40 pin 2GB/s HotSwap FCAL 10K 450GB 2P'}', 'Entity"
1531,{'Output': 'mismatch'},"{""Output"": ""match""}"
1532,{'Output': 'mismatch'},62I76700K 6700K 3.5GHz 4.4GHz 4.4GHz 4.4GHz 4.4GHz 4.4GHz 4.4GHz 4.4GHz 4.4GHz 4.4GHz 4.4GHz 4.4GHz 4.4GHz
1533,{'Output': 'mismatch'},"\'subcategory\': \'SSD\', \'type\': \'Hard Drive - Hot-Swap\', \'description\': \'  \""653078-B21 HP 120-GB 6G 15K 2.5 DP SAS HDD\"" ""Null"" Price 653078-B21 120GB 15"
1534,{'Output': 'mismatch'},FF) SATA Hard Drive - Hot-Swap - Gen8 - 7.2K - 6G = 6Gb/sec (750 MB/s) - 2000GB - 2000GB - 2000GB - 2000GB - 2000GB - 2000GB - 20
1535,{'Output': 'mismatch'},"8,54\', \'description\': \'  \""Intel DC P3600 1.6TB 3.0 SATA III 6 Gb/s 10000 RPS 100000000000000000000000000000000000"
1536,{'Output': 'mismatch'},"{""Output"": ""match""}"
1537,{'Output': 'mismatch'},"{""Output"": ""match""}"
1538,{'Output': 'mismatch'},"3500630NS 500-GB 7.2K 3.5 3G SATA HDD 10 Pack\', \'subcategory\': \'Description:ST3500630NS HDD Wholesale Price 500GB 3.5-inch 7.2K 3G SATA Hard DriveIn HPE Hot-Plug Drive"
1539,{'Output': 'mismatch'},"100)\': \'€ 0,-\', \'description\': \'  \""Raidsonic Icy Box IB-AC6034-U3/IB-AC6033-U3\"" \""Null\""  \""Raidsonic Icy Box IB-AC6034-U3 (9.5mm) Aluminium\""  \""Raidson"
1540,{'Output': 'mismatch'},"EM) \""@nl Intel DC S3610 2,5\"" 800GB - 401\', \'title\': \'Intel DC S3610 800GB 2.5"" SATA 6Gb/s Internal Solid State Drive (OEM)\', \'subcategory\': \'SSD 2.5 inch\', \'brand\"
1541,{'Output': 'match'},"{""Output"": ""mismatch""}"
1542,{'Output': 'match'},".2\', \'Uitvoering\': \'480GB\', \'EAN\': \'0740617237443\', \'SKU\': \'SHPM2280P2/480G\', \'Tweakers ID\': \'439673\', \'description\': \'  \""Kingston"
1543,{'Output': 'mismatch'},"'{\""title\"": \""Kingston DataTraveler microDuo 3 64GB USB 3.0 OTG Flash Drive - Black - DTDUO3/64GB\"", \""category\"": \""Computers_and_Accessories\"", \""brand\"": \""Kingston\"", \""description\"": \""  \""Kingston 64GB DataTraveler microDuo 3 D"
1544,{'Output': 'mismatch'},"description\': '  \""Corsair Vengeance LPX CMK16GX4M4B3000C15R 16GB 3000MHz 2x8GB DDR3 1.5V 240-Pin Memory Module - Black\""@NL Tweakers\""@NL'}', 'Entity_2': '{\""title\"":"
1545,{'Output': 'match'},"\'157866001\', \'type\': \'Proliant Option - Insight Board - 100Base-TX - 10Base-T - Ethernet - PCI - 1000000000000000000000000000000000000"
1546,{'Output': 'mismatch'},"le20gf0003us]\', \'brand\': \'Lenovo\', \'category\': \'Lenovo\', \'description\': \'  \""Lenovo ThinkPad 11e Chromebook - 11.6\"" Celeron N3160 4 GB RAM 16 S\"" \"" Lenovo S 20GF0003US"
1547,{'Output': 'mismatch'},"iant BL20\', \'Capacity\': \'1.5TB\', \'Manufacturer\': \'Hewlett-Packard\', \'description\': \'  ""HP ProLiant BL20 1.5TB 323146-B21 1.5TB 1.5TB 1.5TB 1.5TB 1.5TB"
1548,{'Output': 'mismatch'},"01 HP 146-GB 15K 3.5 SP SAS HDD\', \'category\': \'Null\', \'subcategory\': \'Description:146GB Serial Attached SCSI (SAS) 15K 3.5-inch Single Port Hot-Plug Hard DriveIn HPE Drive tray (as pictured)For G1-G7 Proliant SAS"
1549,{'Output': 'mismatch'},"12K 15000RPM Drive - 10 Pack\""@en 417190-002-10Pack | SCAN UK\""', \'title\': \'HP 72GB 15K 3.5 DP SAS 512K 15000RPM Drive - 10 Pack\',"
1550,{'Output': 'mismatch'},"bx80684i78700k\', \'type\': \'Processor\'}', 'Entity_2': '{\'title\': \'Intel Core i7-8700K 3.7GHz 6-Core Processor (BX80684I78700K)\', \'category\': \'Processor\', \'brand\':"
1551,{'Output': 'mismatch'},Swap Drive 3.5 inch x 1/3H (Low Profile) 15000RPM 300MB/s 3.5ms Seek Time 2.5V 3.3V 5V 12V 19V 24V 3.3V 5V 12V 19V
1552,{'Output': 'mismatch'},"\'120GB WD Green SATA 6Gb/s 2.5\"" 7mm Cased Solid State Drive\', \'/mpn\': \'[cmu64gx4m4c3000c15r,  mu64gx4m4c3000c15r]\', \'/gtin13\': \'"
1553,{'Output': 'mismatch'},"Spindle Speed\': \'5400RPM\', \'Ports\': \'Single\', \'description\': \'  ""431786-B21 HP 120-GB 5.4K 2.5 DP SATA HDD"" ""HP 431786-B21 HDD Part# -431786-B2"
1554,{'Output': 'mismatch'},"0\', \'description\': \'  ""BD03656ABA 10K 3.5 10000RPM 3.5-inch 10K 3.5\"" 10K 3.5\"" 10K 3.5\"" 10K 3.5\"" 10K 3."
1555,{'Output': 'mismatch'},"Q 24\"" Wide 1ms Full HD DVI Dual 2 x HDMI Negru RL2455HM\', \'subcategory\': \'Monitoren\', \'sku\': \'9hla9lbqbe, 9hla9lbdbe, rl2455hm\', \'type\': \'BenQ RL2455HM 2"
1556,{'Output': 'mismatch'},"'\', \'sku\': \'bx80646i54460\', \'type\': \'CPU\'}', 'Entity_2': '{\'title\': \'Intel i5-4460 3.2GHz 4-Core Haswell LGA1150 84W BX80646I54460\',"
1557,{'Output': 'match'},"Hard Drive - Hot-Swap\', \'brand\': \'HP\', \'sku\': \'eh0146fawjb10pack\', \'type\': \'Hard Drive - Hot-Swap\'}', 'Entity_2': '{\""title\"": \""EH0146FAWJB 146GB 6G 15K 2.5\"""
1558,{'Output': 'mismatch'},"00FARVV HP 300-GB 6G 10K 2.5 DP SAS HDD\', \'category\': \'HP\', \'subcategory\': \'72-GB 3G 15K 2.5 DP SAS HDD\', \'brand\': \'HP\', \'sku\': \'dg0300farvv5pack\',"
1559,{'Output': 'mismatch'},"1, RAID 5, RAID 10, RAID 50, RAID 60, RAID 0+1, RAID 1+0, RAID 0+5, RAID 1+5, RAID 0+6, RAID 1+6, RAID 0+10, RAID 1+10, RAID 0+50, RAID"
1560,{'Output': 'match'},"New 397411-B21 Kit Wholesale Price 397411-B21\', \'Category\': \'Proliant Memory\', \'Sub-Category\': \'Genuine HP Memory\', \'Generation\': \'PC2-5300\', \'Part Number\': \'397411-B21\', \'Products ID\"
1561,{'Output': 'mismatch'},"SCSI (SAS)\', \'Data Transfer Rate\': \'300MB/s\', \'Manufacturer\': \'Hewlett Packard\', \'description\': \'  \""653078-B21 HP 200-GB 15K 3.5 SP SAS\"", \""Null\"" Price 653078-B21-5"
1562,{'Output': 'mismatch'},00GB Hot-Plug Serial ATA (SATA) 3.0Gb/s 7200RPM 3.5-inch form factor 16MB Hard DrivePart Number(s)Manufacturer: SeagateModel: ST3500630NSInterface: Serial ATA (SATA)Version: 3.0Gb/sRotation Speed: 720
1563,{'Output': 'mismatch'},"Bay\', \'sku\': \'431943003\', \'type\': \'Hard Drive Hot-Swap\' }', 'Entity_2': '{\'title\': \'431943-003 HP 146-GB 15K 3.5 SP SAS HDD\', \'category\': \'Hard Drive Hot-Swap"
1564,{'Output': 'mismatch'},"\', \'Snelheid\': \'2400 MHz\', \'Voltage\': \'1.2V\', \'description\': \'  ""G.Skill Ripjaws V F4-2400C15D-16GVR"" ""G.Skill Ripjaws V 16GB 2400 MHz DDR4 1.2V"
1565,{'Output': 'mismatch'},")\', \'subcategory\': \'Processors\', \'brand\': \'AMD\', \'sku\': \'ad540kokhjbox\', \'type\': \'CPU\' }', 'Entity_2': '{\""title\"": \""AMD A6-5400K 3.60 GHz Dual-Core Processor Socket FM2\"", \""category\"": \""Processors\"", \"""
1566,{'Output': 'mismatch'},"description\': \'  ""Corsair Vengeance LPX CMK32GX4M2A2133C13 16GB DDR3 2133 MHz 2x8GB 240-Pin Memory Module 1.35V 1.35V 1.35V 1.35V 1."
1567,{'Output': 'mismatch'},".9\', \'description\': \'  \""Apple Smart Cover Grey iPad Pro 2017 12.9\""  \""Apple Smart Cover Grey iPad Pro 2017 12.9\""  \""Apple Smart Cover Grey iPad Pro 2017 12.9\""  \""Apple Smart Cover Grey iPad Pro 2017 1"
1568,{'Output': 'mismatch'},"1A1600C10)\"" @en Edition LN44578 CO-9050004-WW | SCAN U\', \'title\': \'Corsair Vengeance 8GB (1x8GB) DDR3 PC3-12800C10 1600MHz Single Channel Module - CMZ8GX"
1569,{'Output': 'mismatch'},"{""Output"": ""match""}"
1570,{'Output': 'mismatch'},"\': \'AMD Phenom II X4 955\', \'description\': \'  \""AMD Phenom II X4 955 3.2GHz 4-Core Processor\""  \""AMD Phenom II X4 955 3.2GHz 4-Core Processor\""  \""AMD Phenom II X4 955 3.2GHz"
1571,{'Output': 'match'},"3FZEX 3.5 inch SATA 6 Gb/s 64MB Hard Drive - Black\', \'category\': \'Hard Drives\', \'subcategory\': \'Hard Drives\', \'brand\': \'Western Digital\', \'sku\': \'wd2003fzex\', \'type\': \'Hard Drive\', \'description\': \'  ""Western"
1572,{'Output': 'mismatch'},"'mismatch'} 

{'Entity_1': '{\'category\': \'Proliant Memory\', \'Category\': \'Proliant Memory\', \'Sub-Category\': \'Genuine HP Memory\', \'Part Number\': \'461826-B21\', \'Storage Capacity\': \'2GB (2 x 1GB)\', \'Upgrade Type\':"
1573,{'Output': 'match'},"\': \'Corsair\', \'sku\': \'cmk32gx4m2b3000c15\', \'type\': \'Corsair Vengeance LPX 32GB 2x16GB DDR4 3000MHz 24000MT/s Non-ECC Memory Kit 288 Pin 1.35"
1574,{'Output': 'match'},"1007\'}, \'Entity_2\': '{\'title\': \'HP 300GB 10K FC-AL 359461-007\', \'category\': \'Null\', \'subcategory\': \'10K\', \'brand\': \'HP\', \'sku\': \'359461007"
1575,{'Output': 'mismatch'},"': \'Hard Drives\', \'brand\': \'HP\', \'sku\': \'BD03655B28-10Pack\', \'type\': \'Hard Drives\', \'description\': \'  \""BD03655B28 HP 36.4-GB 10K FC-AL HDD\""@es  \""10"
1576,{'Output': 'mismatch'},"\""ST31000524NS Seagate 1TB 7.2K 3.5 3G SATA\"", \""Null\"" Price ST31000524NS-2Pack\"" \""New ST31000524NS SATA 2 Pack Wholesale \""', \'title\': \'ST3100052"
1577,{'Output': 'mismatch'},"5 SATA 5 Pack\', \'subcategory\': \'Price\', \'sku\': \'431786-B21-5Pack\', \'type\': \'Description:5 x HPE 120GB 5.4K 2.5 SATA Hot-Plug Midline 150MB/s 15ms 150MB/s 1"
1578,{'Output': 'mismatch'},"description\': \'  \""MAY2073RC Fujitsu 73-GB 10K SAS HDD\"" \""Null\""   \""Description:StorageWorks 73GB 10K Fibre Channel 40 pin 2GB/s HotSwap FCAL Hard Drive Part Number(s) Option Part# 364622-B22 Spare"
1579,{'Output': 'mismatch'},"\'brand\': \'Samsung\', \'category\': \'\', \'Category\': \'HardDrive\', \'description\': \'  \""Samsung 349514B21 3.5 inch 1.5G 7200RPM 256MB Cache SATA Hard Drive\""@en', 'title': \'Samsung 3495"
1580,{'Output': 'mismatch'},"th Generation Intel Core i7 7700 3.6GHz Socket LGA1151 (Kaby Lake) Processor - Retail\', \'category\': \'Processor\', \'subcategory\': \'Desktop Processor\', \'sku\': \'bx80677i77700\', \'type\': \'Kaby Lake\'}, 'Entity_2':"
1581,{'Output': 'mismatch'},"ketpost vanaf € 50,-\': \'€ 0,-\', \'description\': \'  \""90yv09p0m0na00 Asus TURBO-GTX1070-8G 8GB 1228 MHz\"", \""Null\"" Price 90yv09p0m0na00\"" \"""
1582,{'Output': 'mismatch'},"400 3.2GHz 4-Core 8-Thread 14nm 65W Processor with Wraith Stealth Cooler - Black (AM4)\', \'category\': \'AMD Ryzen 1400\', \'subcategory\': \'AMD Ryzen 1400\', \'brand\': \'AMD Ryzen 1400\', \'sku\': \'"
1583,{'Output': 'mismatch'},50500BW) 2.5 inch SATA III 6Gb/s 500GB 128MB Cache 256MB TLC NAND Flash 300MB/s 3 Year Warranty 256MB Cache 256MB TLC NAND Flash 300MB/s 3 Year Warranty 256MB Cache 25
1584,{'Output': 'mismatch'},"\'€ 0,-\', \'Pakketpost (vanaf € 36,24)\': \'€ 0,-\', \'description\': \'  ""Kingston HyperX Fury HX424C15FWK2/32 32GB 2400MHz DDR4 3200MT/s CL15 24"
1585,{'Output': 'mismatch'},"4351b21\', \'type\': \'Memory\'}', 'Entity_2': '{\""title\"": \""HP 504351-B21 8GB (2 x 4GB) PC6400 SDRAM Kit\"", \""category\"": \""Memory\"", \""subcategory\"": \""Memory\"", \""brand\"": \""HP\"", \""sku\"": \""5"
1586,{'Output': 'mismatch'},"1\', \'type\': \'Hard Drive Hot-Swap\'}', 'Entity_2': '{\'title\': \'359461-001 HP 72.8-GB 10K FC-AL\', \'category\': \'StorageWorks\', \'subcategory\': \'72.8GB 10K Fibre Channel\', \'brand"
1587,{'Output': 'mismatch'},10/100/1000Base-T 4-port 1Gb 1000Base-T 1000Mbps 1000Base-T 1000Base-T 1000Base-T 1000Base-T 1000Base-T 1000Base-T 1000
1588,{'Output': 'mismatch'},': \'Server Rack Mount 4U 1 to 4 Processor 2.8GHz 2MB 32GB 2x2GB 2.8GHz 2MB 32GB 2x2GB 2.8GHz 2MB 32GB 2x2GB 2.8GHz 2MB 32GB 2x
1589,{'Output': 'mismatch'},"{""Output"": ""match""}"
1590,{'Output': 'mismatch'},"144304]\' , \'/mpn\': \'[hp144304]\' , \'/gtin13\': \'[0881349000003]\' , \'brand\': \'HP\', \'category\': \'Hard Drive\', \'description\': \'  \""HP 144"
1591,{'Output': 'match'},"ant 672631-B21 240GB 2.5 inch SATA Hard Drive\', \'Uitvoering\': \'240GB 2.5 inch SATA Hard Drive\', \'EAN\': \'8861123532784\', \'SKU\': \'672631b21"
1592,{'Output': 'mismatch'},5 Pack Wholesale Price DG0146FAMWL 5 Pack 146GB 6G 10K 2.5 DP SAS HDD 146GB 6G 10K 2.5 DP SAS HDD 146GB 6G 10K 2.5 DP SAS HDD 146GB 6
1593,{'Output': 'match'},"x SATA III 6Gb/s, 2x USB 3.1 Gen 1, 2x USB 3.1 Gen 2, 2x USB 3.0, 2x USB 2.0, 2x USB 2.0, 2x USB 2.0, 2x USB 2.0, 2x"
1594,{'Output': 'mismatch'},"\'40GB\', \'description\': \'  \""340743-B22 HP 20/40GB DLT Tape Drive\"", \""Null\"" Price 340743-B22\"" \""New 340743-B22 Drive\"" \""HP 340743-B22 20/4"
1595,{'Output': 'mismatch'},"GB DLT Tape Drive - External - SCSI - 242469001"", ""Null"" ""HP 242469-001 15/30GB DLT Tape Drive - External - SCSI - 242469001"", ""Null"" ""HP 242469-001"
1596,{'Output': 'mismatch'},"description\': \'  \""TP-LINK TL-SG1024D 24 Port Gigabit Desktop Switch\""  \""Null\""  \""Description: TP-LINK TL-SG1024D 24 Port Gigabit Desktop Switch\""  \""Null\""  \""Description: TP-LINK TL-SG1024D 24 Port Gigabit Desktop"
1597,{'Output': 'mismatch'},"{""Description"": ""}""}"
1598,{'Output': 'mismatch'},"22C2Y 16 GB 7"" 16 GB 16 GB 16 GB 16 GB 16 GB 16 GB 16 GB 16 GB 16 GB 16 GB 16 GB 16 GB 16 GB 16 GB 16 GB 16 GB 16 GB"
1599,{'Output': 'mismatch'},"{""Output"": ""mismatch""}"
1600,{'Output': 'mismatch'},"Number 449363-B21"", ""Null"" ""New 449363-B21 HP SC40Ge Host Bus Adapter"", ""Null"" ""New 449363-B21 HP SC40Ge Host Bus Adapter"", ""Null"" ""New 449363-B21 HP SC40Ge"
1601,{'Output': 'mismatch'},"Vengeance LPX 16GB 4x4GB DDR4 3000MHz 288-Pin Non-ECC UDIMM Memory Kit CMK16GX4M4B3000C15R\', \'category\': \'\', \'subcategory\': \'\', \'brand\': \'Corsair\', \'sku\': \'"
1602,{'Output': 'match'},"\', \'category\': \'Hard Drive\', \'subcategory\': \'15K 2.5-inch Hot-Plug Dual Port (DP) Serial Attached SCSI (SAS) 3G Hard Drive\', \'brand\': \'HP\', \'sku\': \'430169-002-5Pack\', \'type\': \'2.5-inch Serial Attached"
1603,{'Output': 'mismatch'},"description\': \'  \""Kingston HyperX Fury black HX421C14FB2K2/16\""@nl 16GB 2400MHz 2.5V 1.2-1.35-1.5-2.5 1.2V 1.2V 1.2V 1."
1604,{'Output': 'mismatch'},"der\' waarin de processor wordt ingesloten. De socket is een belangrijke parameter die je moet controleren bij het kopen van een processor. De socket moet compatibel zijn met je motherboard.\"": \'LGA1151\', \'description\': \'  \""Intel Core i7-6700K 4.00GHz 4.20"
1605,{'Output': 'mismatch'},"2-1066)\', \'description\': \'  \""HP 500670-B21 2GB 1333MHz Unbuffered ECC DIMM\""@es  \""HP 500670-B21 2GB 1333MHz Unbuffered ECC DIMM\""@es  \""HP 5"
1606,{'Output': 'mismatch'},"12MB 2.8GHz 1MB 1P 512MB Memory M1 HP Part#658071-B21\', \'description\': \'  \""658071-B21 HP G8 G9 512MB 2.8GHz 1MB 512MB Wholesale 6580"
1607,{'Output': 'match'},"72-GB 3G 15K 2.5 DP SAS 2 Pack\', \'category\': \'Null\', \'subcategory\': \'New 430169-002 HP 72-GB 3G 15K 2.5 DP SAS 2 Pack Wholesale Price\', \'brand\': \'HP\', \'sku"
1608,{'Output': 'mismatch'},"gx3m2a1866c9\', \'type\': \'Memory Module\'}', 'Entity_2': '{\'title\': \'Corsair Vengeance - DDR3 8 GB : 2 x 4 DIMM 240-pin\', \'category\': \'Null\', \'subcategory\': \'Corsair 240-pin CMZ8GX"
1609,{'Output': 'mismatch'},"Hard Drive\', \'description\': \'  \""430169002 4301690022 22-pack 2.5 inch 3.5 inch 7200 rpm 32 mb 2.5 inch 3.5 inch 7200 rpm 32 mb 2.5 inch"
1610,{'Output': 'match'},"Rate\': \'6 Gb/s\', \'description\': \'  \""HP DL165 572071-B21 60GB 2.5 inch SATA SSD\""@en | 60GB 2.5 inch SATA SSD | 6 Gb/s | 60GB 2.5 inch SATA SSD | 6 Gb"
1611,{'Output': 'mismatch'},AMD A6-6400K 2.7GHz 2MB Cache 256KB L2 256KB L3 256MB VRAM 4x4 128-bit 256MB 256MB 256MB 256MB 256MB 256MB 2
1612,{'Output': 'mismatch'},"': \'Hard Drive\', \'subcategory\': \'Hard Drive\', \'brand\': \'HP\', \'sku\': \'430169-002\', \'type\': \'Hard Drive\', \'description\': \'  ""430169-002 HP 72-GB 3G 15K 2.5 DP SAS"
1613,{'Output': 'mismatch'},"Speed\': \'7200RPM\', \'Drive Dimensions\': \'3.5 inches x 1/3H (Low Profile)\', \'description\': \'  \""Seagate 1TB 3.5\"" SATA Hard Drive\"" \""ST1000DM003 1TB 3.5\"" SATA Hard Drive\""  \""Seagate"
1614,{'Output': 'mismatch'},"6FARTR 146GB 2.5 SATA 6Gbs 10K 2 Pack\', \'category\': \'Hard Drive\', \'subcategory\': \'Hard Drives\', \'brand\': \'Hewlett-Packard\', \'sku\': \'eg0146fartr2pack\', \'/mpn\': \'[eg01"
1615,{'Output': 'mismatch'},"'}', 'Entity_2': '{\'title\': \'Hynix HMA41GR7MFR4N-TF 8GB 288p PC4-17000 CL15 18c 1024x4 DDR4-2133 1Rx4 1.2V ECC RDIMM\', \'"
1616,{'Output': 'mismatch'},"{""Output"": ""match""}"
1617,{'Output': 'mismatch'},"{""Output"": ""match""}"
1618,{'Output': 'mismatch'},"700K\', \'description\': \'  \""Intel Core i7-7700K 7th Gen 7 Series 3.60GHz 64-Bit 8-Core 125W 125W 125W 125W 125W 125W 125W 1"
1619,{'Output': 'mismatch'},"description\': \'  \""Corsair Carbide 400Q 4000 RPM 120mm Fan - 120mm 4000 RPM 120mm 4000 RPM 120mm 4000 RPM 120mm 4000 RPM 120mm 40"
1620,{'Output': 'match'},7700K) 4.0GHz 3.6GHz 3.6GHz 3.6GHz 3.6GHz 3.6GHz 3.6GHz 3.6GHz 3.6GHz 3.6GHz 3.6GHz 3.6GHz 3.6GHz 3.6GHz 3.6
1621,{'Output': 'mismatch'},"Brand\': \'Samsung\', \'description\': \'  \""Samsung 4GB DDR3 1333MHz 200-pin SO-DIMM Memory Module\""@en', \'title\': \'Samsung 4GB DDR3 1333MHz 200-pin SO-DIMM Memory Module\', \'subcategory\': \'\', \'sku\':"
1622,{'Output': 'match'},"000410as]\', \'brand\': \'Seagate\', \'category\': \'Hard Drive\', \'Category\': \'Hard Drive\', \'Sub-Category\': \'Hard Drive\', \'Generation\': \'BarraCuda 1TB\', \'Part Number\': \'ST5000410AS\', \'Products ID\': \'45"
1623,{'Output': 'mismatch'},0 3.3GHz Quad-Core Processor 3.3GHz 4590 4590 4590 4590 4590 4590 4590 4590 4590 4590 4590 4590 4590
1624,{'Output': 'mismatch'},"{""Output"": ""match""}"
1625,{'Output': 'mismatch'},"000-B21 HP 128MB 66MHz 1333 SCSI Adapter\', \'category\': \'Null\', \'subcategory\': \'1333 SCSI Adapter\', \'brand\': \'Genuine HPE\', \'sku\': \'306000b21\', \'type\': \'128MB 66"
1626,{'Output': 'mismatch'},"Hard Drive - Hot-Swap\'}', 'Entity_2': '{\""title\"": \""HP 431786-B21 120GB 5.4K 2.5 inch SATA Hard Drive 5 Pack\"", \""category\"": \""Hard Drive\"", \""subcategory\"": \""Hard Drive\"", \""brand\"": \""HP\"", \""sku\"": \""4317"
1627,{'Output': 'mismatch'},"Rate\': \'133MB/s\', \'Form Factor\': \'3.5 inch\', \'Storage Capacity\': \'64MB\', \'Application\': \'Server Storage\', \'Manufacturer\': \'Hewlett-Packard\', \'description\': \'  ""291966-B21 HP 64MB Cache 133MB/s SCSI Controller"
1628,{'Output': 'match'},"{""Output"": ""match""}"
1629,{'Output': 'match'},"{""Output"": ""mismatch""}"
1630,{'Output': 'mismatch'},"Processor Kit\'', 'Entity_2': '{\""title\"": \""HP 637414-B21 2.26GHz Intel Xeon E5607 Processor Kit 2.26GHz 12-Core 12M Cache 1333MHz FSB 125W 125W 125W"
1631,{'Output': 'mismatch'},"0BAHZQ HP 300-GB 3G 10K 2.5 DP SAS HDD\', \'sku\': [\'dg0300bahzq\'], \'type\': \'Hard Drive - Hot-Swap\'}', 'Entity_2': '{\""title\"": \""HP 300-GB 3G 10K"
1632,{'Output': 'mismatch'},".5 TB\', \'description\': \'  ""HP 431786-B21 1.5 TB 2.5 inch SATA Hard Drive - 2 Pack\""  HP 431786-B21 1.5 TB 2.5 inch SATA Hard Drive - 2 Pack | CCL Computers\', \'title\': \'HP"
1633,{'Output': 'mismatch'},"{""Output"": ""mismatch""}"
1634,{'Output': 'mismatch'},"\'description\': \'  \""647897-B21 HP Proliant Low Power kit - 8 GB - DDR2 533 MHz - 2x4GB\"" \""647897-B21 HP Proliant Low Power kit - 8 GB - DDR2 533 MHz - 2x4GB\""  \"""
1635,{'Output': 'mismatch'},"0,-\', \'Pakketpost (vanaf € 44,95)\': \'€ 0,-\', \'description\': \'  \""Intel Core i3-6100 3.70GHz 4MB Cache 64GB 3.70GHz 4MB Cache 64GB 3.70GHz 4MB Cache"
1636,{'Output': 'mismatch'},"{""Output"": ""mismatch""}"
1637,{'Output': 'match'},"\', \'category\': \'Null\', \'subcategory\': \'Hard Drive\', \'brand\': \'Seagate\', \'sku\': \'st1000dm003\', \'type\': \'Description: Seagate 1-TB 7.2K 3.5 6G SATA 1000GB 7200RPM 3"
1638,{'Output': 'mismatch'},"{""Output"": ""mismatch""}"
1639,{'Output': 'mismatch'},"""\', \'description\': \'  ""583383-B21 HP 50-GB Internal Tape Drive"", ""Null"" ""New 583383-B21 Drive Wholesale Price 583383-B21\', \'title\': \'583383-B21 HP 50-GB Internal Tape Drive"
1640,{'Output': 'mismatch'},"Socket Type\': \'LGA 1151\', \'Part Number\': \'BX80662I56400\', \'description\': \'  \""Intel Core i5 6400 2.7GHz 4-Core 4-Thread 65W 14nm 3.3GHz Turbo 6MB Cache 6"
1641,{'Output': 'mismatch'},"4460 3.2GHz Quad-Core 4MB Cache 84W Processor BX80646I54460\', \'category\': \'Processors\', \'subcategory\': \'Intel Processors\', \'brand\': \'Intel\', \'sku\': [\'bx80646i54460\'], \'type\"
1642,{'Output': 'mismatch'},"Productserie\': \'Phantom\', \'Product\': \'NZXT Phantom 340 Gaming Case - Black - 340WB3\', \'Uitvoering\': \'Boxed\', \'EAN\': \'815671012890, 5060301693221\', \'SKU\"
1643,{'Output': 'mismatch'},"17-15-35\', \'Form Factor\': \'SODIMM\', \'Interface Type\': \'DDR4\', \'Data Transfer Rate\': \'17000 Mbps\', \'description\': \'  \""Crucial - CT8G4DF8213 8GB 2133 MHz DDR4 1.2V S"
1644,{'Output': 'mismatch'},"{""Output"": ""mismatch""}"
1645,{'Output': 'mismatch'},"\'description\': \'  \""HP 430165-003 146GB 10K 2.5\"" Internal Hard Drive 146GB\""  \""HP 430165-003 146GB 10K 2.5\"" Internal Hard Drive 146GB\"""
1646,{'Output': 'mismatch'},"MP, SpeedStep, Turbo Memory, Voltage Control, Voltage Step, Voltage Step 1.35V\', \'description\': \'  \""Corsair CMU64GX4M4C3000C15 64GB (4 x 16GB) DDR4 3000MHz 1.35V Unbuffered Memory\""@"
1647,{'Output': 'mismatch'},"': \'€ 0,-\', \'Pakketpost (boven € 20,-)\': \'€ 0,-\', \'Pakketpost (vanaf € 20,- i.c.m. iDEAL)\': \'€ 0,-\', \'Pakketpost (vanaf € 29,-)\': \'€ 0,-\', \'Pak"
1648,{'Output': 'mismatch'},"\', \'description\': \'  ""Startech.com PEX10000SFP - PCIe x4 10GbE SFP+ NIC"" 10GbE SFP+ NIC - PCIe x4 - 10GbE - SFP+ - 10000 Mbps - 10000 Mbps - 10000"
1649,{'Output': 'mismatch'},"\', \'description\': \'  ""Null"", ""Raidsonic Icy Box IB-AC6034-U3/IB-AC6033-U3"" ""Null""   ""Description:Raidsonic Icy Box IB-AC6034-U3 (9.5mm) Aluminium""}', 'Entity_2': '{\'title\':"
1650,{'Output': 'mismatch'},"{""Answer"": ""mismatch""}"
1651,{'Output': 'mismatch'},"X 32GB (2 x 16GB) DDR3-2133 Memory Kit 3000MHz 15-15-15 240-Pin\', \'description\': \'  \""Corsair Vengeance LPX 32GB (2 x 16GB) DDR3-2133 Memory Kit 3"
1652,{'Output': 'match'},"- Gemiddelde opentijd\': \'249,0 μs\', \'DIRT - Gemiddelde responstijd\': \'124,0 μs\', \'Game of Thrones - Gemiddelde leestijd\': \'124,0 μs\', \'Game of Thrones - Gemiddelde schrijftijd\':"
1653,{'Output': 'mismatch'},"TRENDnet\', \'brand\': \'TRENDnet\', \'description\': \'  \""TRENDnet 818DRU 1000 Mbps 1000 Mbps 1000 Mbps 1000 Mbps 1000 Mbps 1000 Mbps 1000 Mbps 1000 Mbps"
1654,{'Output': 'mismatch'},"1 HDD Wholesale Price 431786-B21\', \'brand\': \'HP\', \'sku\': \'431786b21\', \'type\': \'Hard Drive - Hot-Swap\', \'description\': \'  ""431786-B21 HP 120-GB 5.4K 2."
1655,{'Output': 'mismatch'},"0N-Gaming 5\', \'EAN\': \'7426700775742\', \'SKU\': \'GA-Z170N-GAMING5\', \'Tweakers ID\': \'701575\', \'Productprijs\': \'€ 159,99\', \'Pakketpost Nederland"
1656,{'Output': 'mismatch'},"(vanaf € 20,-)\': \'€ 0,-\', \'description\': \'  \""TP-Link TL-WDN4800 1000Mbps 1000Mbps 1000Mbps 1000Mbps 1000Mbps 1000Mbps 1000Mbps 1000"
1657,{'Output': 'mismatch'},"Seagate IronWolf Pro 10TB 3.5\"" 6Gb/s Enterprise Hard Drive - 7200RPM - 10TB - 2.54cm - 10000MB/s - 1000000000000000000000000000"
1658,{'Output': 'mismatch'},"]\', \'category\': \'Hard Drive\', \'Size\': \'1TB\', \'Interface\': \'SATA III\', \'Type\': \'Hard Drive\', \'description\': \'  \""Western Digital 1TB Black 3.5\"" Internal Hard Drive - WD1000FZEX\""@en-GB 1TB | BX80677"
1659,{'Output': 'mismatch'},"{""Answer"": ""match""}"
1660,{'Output': 'mismatch'},"3\', \'description\': \'  \""306645-003 HP 72.8-GB U320 SCSI 15K\"" \""Null\"" Price 306645-003-2Pack\"" \""New 306645-003 15K 2 Pack Wholesale\"" 3"
1661,{'Output': 'mismatch'},"'0\'"" src="""" /> <b>AMD FX-4300</b> 3.8GHz 4-Core 8MB Cache AM3+ İşlemci - FD4300WMHKBOX</p>  <p>AMD FX-4300 3.8GHz 4-Core 8MB Cache AM3+ İşlemci -"
1662,{'Output': 'mismatch'},"11.6-Inch laptop(1.6 GHz Intel i5, 128 GB SSD, Integrated HD Graphics 6000, Mac OS)\"" ""Apple MacBook Air 11.6-Inch 1.6 GHz Intel i5 128 GB SSD Mac OS X 10.7.4 11.6\"" 1"
1663,{'Output': 'mismatch'},"] 1080p\', \'Max Resolution (HDMI 2.0)‡\': \'[email protected] 4K 30Hz\', \'Max Resolution (DisplayPort 1.2)‡\': \'[email protected] 4K 30Hz\', \'Max Resolution (DisplayPort 1.4)‡\': \'[email protected"
1664,{'Output': 'mismatch'},"Technology\': \'Yes\', \'Description\': \'Intel Core i3 4160 3.6GHz 22nm 4MB Cache 4-Thread 2-Core 3.6GHz 22nm 4MB Cache 4-Thread 2-Core 3.6GHz 22nm 4MB Cache 4-Thread 2-Core"
1665,{'Output': 'mismatch'},"4WW\', \'Tweakers ID\': \'702513\', \'Productprijs\': \'€ 12,49\', \'Pakketpost Nederland vanaf € 25,-\': \'€ 0,-\', \'iDeal\': \'€ 0,-\', \'Totaal\': \'€ 14,49\',"
1666,{'Output': 'mismatch'},""", ""Null"" ""ST2000NM0011 2TB 7.2K 3.5 6G SP SATA 10 Pack"", ""Null"" ""ST2000NM0011 2TB 7.2K 3.5 6G SP SATA 10 Pack"", ""Null"" ""ST20"
1667,{'Output': 'match'},"46GB 15K 3.5 SAS Drive"", ""Null""   ""Description: 2 x 146GB HP ProLiant 15K 3.5 SAS Drive Part Number(s) Mod\', \'title\': \'432094B21 HP 146GB 15K 3.5 SAS Drive\',"
1668,{'Output': 'mismatch'},"{""Output"": ""match""}"
1669,{'Output': 'mismatch'},"{""Output"": ""match""}"
1670,{'Output': 'mismatch'},"\'431786-B21 HP 120-GB 5.4K 2.5 SATA\', \'category\': \'Null\', \'subcategory\': \'New 431786-B21 SATA 2 Pack Wholesale Price 431786-B21-2Pack\', \'brand\': \'HP\', \'sku"
1671,{'Output': 'mismatch'},XA8AEWOF) 100% New 100% Original 100% Genuine 100% Authentic 100% Trusted 100% Secure 100% Verified 100% Tested 100% Certified 100% Quality 100% Warranty 3 Years 100%
1672,{'Output': 'match'},"\'subcategory\': \'Description: BL20PG2 Xeon 2.8GHz 1M 512MB 1P Blade\', \'brand\': \'Hewlett-Packard\', \'sku\': \'359623b21\', \'type\': \'Description: Proliant BL20P G2 XEON2.8"
1673,{'Output': 'mismatch'},"""Kingston DataTraveler microDuo 3C - USB flash drive 32 GB""  ""Kingston DataTraveler microDuo 3C - USB flash drive 32 GB""  ""Kingston DataTraveler microDuo 3C - USB flash drive 32 GB""  ""Kingston DataTraveler microDuo 3C -"
1674,{'Output': 'mismatch'},"': \'463909\', \'Type\': \'Hard Drive\', \'Large Form Factor\': \'3.5 inches\', \'Capacity\': \'200GB\', \'Interface Type\': \'SAS\', \'Data Transfer Rate\': \'3G\', \'price\': \""\""$1,459.23\"", \""USD\""\"", \'description"
1675,{'Output': 'mismatch'},"Price 500668-B21\', \'subcategory\': \'New 500668-B21 Adapter Wholesale\', \'brand\': \'HP\', \'sku\': \'500668b21\', \'type\': \'1GB 1333MHz 1066 UDIMM\', \'description\': \'"
1676,{'Output': 'mismatch'},461826-B21 2GB 2 x 1GB 2GB 2GB 2GB 2GB 2GB 2GB 2GB 2GB 2GB 2GB 2GB 2GB 2GB 2GB 2GB 2GB 2GB 2GB 2GB 2GB 2
1677,{'Output': 'mismatch'},"{""Output"": ""mismatch""}"
1678,{'Output': 'mismatch'},"01\', \'description\': \'  \""Intel DC S3610 2,5\"" 800GB 6G SATA 3.5\"" 3.5\"" 3.5\"" 3.5\"" 3.5\"" 3.5\"" 3.5\"" 3.5\"" 3.5\"" 3.5"
1679,{'Output': 'mismatch'},"': \'€ 0,-\', \'Pakketpost (vanaf € 49,95)\': \'€ 0,-\', \'Pakketpost (vanaf € 42,35)\': \'€ 0,-\', \'Pakketpost (vanaf € 36,24)\': \'€ 0,-\', \'Pakket"
1680,{'Output': 'mismatch'},"Drive 200GB 3.5"" ""Null"" Price 653124-B21"" ""New 653124-B21 SSD Wholesale  ""Descrip\', \'title\': \'653124-B21 200GB 3.5"" SATA III 3G SSD Drive - 20"
1681,{'Output': 'mismatch'},"0,-\', \'description\': \'  \""Seagate Expansion Portable 1TB Zwart - Prijzen \""@NL STEA1000400\""@NL\', \'title\': \'Seagate Expansion Portable 1TB Zwart - Prijzen \""@NL STEA1000400\""@NL\', \'subcategory\': \'\',"
1682,{'Output': 'mismatch'},"': \'ztp10810d10p\', \'description\': \'  \""Zotac GeForce GTX 1080 Ti AMP Edition\""@en \""Zotac GeForce GTX 1080 Ti AMP Edition\""@nl \""Zotac GeForce GTX 1080 Ti AMP Edition\""@de \""Zotac GeForce GTX 10"
1683,{'Output': 'mismatch'},3.8 GHz 4MB Cache 4 Cores 4 Threads 3.8 GHz 4MB Cache 4 Cores 4 Threads 3.8 GHz 4MB Cache 4 Cores 4 Threads 3.8 GHz 4MB Cache 4 Cores 4 Threads 3.8 GHz 4MB Cache 4 Cores 4 Threads
1684,{'Output': 'mismatch'},"Port 10K RPM Hard Drive 146GB 2 Pack\' }', 'Entity_2': '{\""title\"": \""HP 430165-003 146GB 3G 10K 2.5 DP SAS 2 Pack\"", \""category\"": \""HP 10K 2.5\""}', 'Output"
1685,{'Output': 'mismatch'},"{""Output"": ""match""}"
1686,{'Output': 'mismatch'},"30,-)\': \'€ 4,95\', \'Pakketpost (tot € 30,-) (1)\': \'€ 4,95\', \'Pakketpost (tot € 30,-) (2)\': \'€ 4,95\', \'Pakketpost (tot € 30,-) (3)\"
1687,{'Output': 'mismatch'},"serie\': \'Core i7\', \'Product\': \'Intel Core i7 3770K 3.50GHz 4-Core 1333MHz FSB 1333MHz FSB 1333MHz FSB 1333MHz FSB 1333MHz FSB 1333MHz FSB"
1688,{'Output': 'mismatch'},"GB\', \'description\': \'  \""Intel i3 6100 3.7GHz 2C/4T 47W 6MB Cache 14nm Technology 64GB DDR4 2133 2x16 2133 2133 2133 2133 21"
1689,{'Output': 'mismatch'},"\'Products ID\': \'143097\', \'Storage Capacity\': \'1GB ( 2 x 512MB )\', \'Upgrade Type\': \'System Specific\', \'Technology\': \'DDR II SDRAM\', \'Memory Speed\': \'667MHz (PC2-5300)\', \'Application\': \'Server Memory\', \'"
1690,{'Output': 'match'},"10K 2.5 DP SAS HDD\', \'category\': \'Hard Drives\', \'subcategory\': \'Hard Drives\', \'brand\': \'HPE\', \'sku\': \'dg0300farvv\', \'type\': \'Description:300GB 2.5-inch Serial Attached SCSI (SAS) 10K RPM 6"
1691,{'Output': 'mismatch'},"{""Output"": ""match""}"
1692,{'Output': 'match'},"000 3000MHz Dual Channel Kit \""@en 4x16GB | CMU\'}'} -> match'}

{'Entity_1': '{\""/mpn\"": \""[cmu16gx4m2a2666c16r]\"", \""category\"": \""\"", \""Size\"": \""16GB (2x8GB)\"
1693,{'Output': 'mismatch'},"\'description\': \'  \""Kingston DataTraveler microDuo 3C 32GB Zilver\""  \""Kingston DataTraveler microDuo 3C 32GB Zilver 10000000000000000000000000000000000"
1694,{'Output': 'mismatch'},"\'description\': \'  \""ST2000NM0011 Seagate 2-TB 7.2K 3.5 6G SP SATA\""  \""Description:5 x Seagate Constellation ES 2-TB Hot-Plug Serial ATA (SATA) 6.0Gb/s 7200RPM 3.5-inch"
1695,{'Output': 'mismatch'},"{""Output"": ""match""}"
1696,{'Output': 'match'},"50GB 10K 3.5 inch x 1 inch Plug-in Module Fiber Channel Hard Drive Hot-Swap"", \""Null\"" Price 518736-001\', \'title\': \'518736-001 HP 450GB 10K 3.5 inch x 1 inch Plug-in Module"
1697,{'Output': 'mismatch'},1333MHz Unbuffered ECC DIMM 240-Pin 2GB 1333MHz 2GB 1333MHz 2GB 1333MHz 2GB 1333MHz 2GB 1333MHz 2GB 1334MHz 2GB 1333
1698,{'Output': 'match'},"{""Match"": ""match""}"
1699,{'Output': 'mismatch'},"': \'7200RPM\', \'Part Number\': \'432094-B21\', \'Products ID\': \'432094b21\', \'description\': \'  \""432094-B21 HP 14.6\""  \""Null\""   \""Description:Genuine HPE 14."
1700,{'Output': 'mismatch'},"Corsair Flash Voyager Slider X2 256GB USB 3.0 Flash Drive with Capless retractable design Corsair Slider X2 Voyager 256GB\"" ""Corsair Flash Voyager Slider X2 256GB USB 3.0 Flash Drive with Capless retractable design Corsair Slider X2 Voyager 256GB\""'}', 'match':"
1701,{'Output': 'match'},00000000000000000000000000000000000000000000000000000000000000000000000000000000
1702,{'Output': 'mismatch'},"\': \'co9050015wled\', \'type\': \'Computer Fan\'}', 'Entity_2': '{\'title\': \'Corsair AF120 LED White Quiet Edition 120mm Computer Fan\', \'category\': \'Computer Accessories\', \'subcategory\': \'Computer Fans\', \'brand\': \'Corsair\', \'sku\':"
1703,{'Output': 'mismatch'},146GB 10K 146GB 10K 146GB 10K 146GB 10K 146GB 10K 146GB 10K 146GB 10K 146GB 10K 146GB 10
1704,{'Output': 'mismatch'},"6FAMWL\' }', 'Entity_2': '{\""title\"": \""HP 146-GB 6G 10K 2.5 DP SAS Drive\"", \""category\"": \""Hard Drives\"", \""subcategory\"": \""10K\"", \""brand\"": \""HP\"", \""sku\"": \""dg0146famwl\"", \""type\"": \""2."
1705,{'Output': 'mismatch'},"\'sku\': \'345020b21\', \'type\': \'Server\' }', 'Entity_2': '{\""title\"": \""345020-B21 BL20P G2 (2P) Xeon 3.2GHz 1MB\"", \""category\"": \""Server\"", \""subcategory\"": \""Price\"", \""brand\"": \"""
1706,{'Output': 'mismatch'},"\""Hewlett Packard HP 3000 1200000000000000000000000000000000000000000000000000000000000000000"
1707,{'Output': 'mismatch'},"Large Form Factor\': \'3.5 inches\', \'Capacity\': \'200GB\', \'Interface Type\': \'SATA\', \'Data Transfer Rate\': \'3G\', \'description\': \'  \""431786-B21 5.4K 3.0 Gbps 200GB 3.5 SATA Hard Drive\"""
1708,{'Output': 'mismatch'},"description\': \'  ""Kingston DataTraveler microDuo 3C 32GB Zilver"" ""Kingston DataTraveler microDuo 3C 32GB Zilver 32GB USB 2.0 32GB 32GB 32GB 32GB 32GB 32GB 32GB"
1709,{'Output': 'mismatch'},"{""Output"": ""match""}"
1710,{'Output': 'mismatch'},"description\': \'  \""Asus DUAL-GTX1060-3G\""@NL Tweakers\""@NL'}', 'Entity_2': '{\'title\': \'Asus Dual GTX 1060 3GB 12288MB 1920x1080 3000000000"
1711,{'Output': 'mismatch'},"{""Output"": ""mismatch""}"
1712,{'Output': 'mismatch'},00000000000000000000000000000000000000000000000000000000000000000000000000000000
1713,{'Output': 'mismatch'},"mpn\': \'[647594b21]\', \'brand\': \'HP\', \'category\': \'HP\', \'Category\': \'Proliant Processor\', \'Sub-Category\': \'AMD Opteron\', \'Generation\': \'G5\', \'Part Number\': \'647594-B21\', \'Products ID\"
1714,{'Output': 'mismatch'},"': \'Gigabyte GA-H170N-WIFI 2015 170N WiFi Mini ITX Motherboard\', \'subcategory\': \'\', \'sku\': \'GA-H170N-WIFI\', \'type\': \'Motherboard\'}', 'Entity_2': '{\""title\"": \""Gigabyte GA-H170N"
1715,{'Output': 'mismatch'},"\'€ 0,-\', \'description\': \'  \""AD9500AGABBOX AMD A6-9500 3.00GHz 2GB 4MB Cache 2x USB 2.0 1x HDMI 1x DVI 1x VGA 1x Ethernet 1x Audio 1x SATA 1x SATA"
1716,{'Output': 'mismatch'},"\': \'1455190\', \'Type\': \'Hard Drive - Hot-Swap\', \'Capacity\': \'1TB\', \'Interface Type\': \'SATA\', \'Form Factor\': \'3.5 inch\', \'description\': \'  \""ST1000DM003 HP 1TB 3.5 SATA Hot-Swap HDD"
1717,{'Output': 'mismatch'},"431943003], \'type\': \'Hard Drive - Hot-Swap\' }', 'Entity_2': '{\""description\"": \""  \""417190-002 HP 72-GB 15K 3.5 DP SAS HDD\"" \""HP 417190-002 HDD Part#"
1718,{'Output': 'mismatch'},"110PACK\', \'description\': \'  \""456896-001-110PACK HP 110-GB 10K 2.5\"" SAS Hard Drive 110GB 10K 2.5\"" SAS Hard Drive 110GB 10K 2.5\"" SAS Hard Drive"
1719,{'Output': 'mismatch'},"{""Output"": ""match""}"
1720,{'Output': 'mismatch'},ekingsnummer)\': \'10000000000000000000000000000000000000000000000000000000000000000000000000
1721,{'Output': 'mismatch'},"match'} 

{'Entity_1': '{\""description\"": \""  \""TP-LINK TL-SG1016DE switch\""@es \""5-Port Gigabit Smart Switch PoE - Black Friday 2017 \""@es  \""TP-LIN\"", \""title\"": \""TP-LINK TL-SG1016DE switch\"", \""category\"": \""5-"
1722,{'Output': 'mismatch'},")\', \'Data Transfer Rate\': \'1GB/s\', \'description\': \'  \""417190-002 15K 72GB 10000RPM SAS Hard Drive 417190-002\""  \""417190-002 15K 72"
1723,{'Output': 'match'},DP NHP SAS 400GB 10K 3.5 DP NHP SAS Drive 10000RPM 3.5 inch 400GB 10K 3.5 DP NHP SAS Drive 10000RPM 3.5 inch 400GB 10K 3.5 DP
1724,{'Output': 'mismatch'},"01 10K 3.5 SATA 450GB 10K 40 Pin 10Pack\', \'subcategory\': \'New 518736-001 10K 3.5 SATA 450GB 10K 40 Pin 10Pack\', \'sku\': [\'5"
1725,{'Output': 'mismatch'},"0K 4.2GHz 8MB 4C 8T Desktop Processor BX80677I57600K\', \'category\': \'Processor\', \'subcategory\': \'Intel Core i7 7th Gen 4.2GHz 8MB 4C 8T Desktop Processor BX80677I57600"
1726,{'Output': 'mismatch'},"\', \'Pakketpost (boven €50,-)\': \'€ 0,-\', \'Opsturen Nederland t/m € 200,-\': \'€ 6,95\', \'Pakketpost (boven € 50,-)\': \'€ 0,-\', \'Pakketpost (vanaf € 50,-)\':"
1727,{'Output': 'mismatch'},"mpn\': \'[ct102464bf160b]\', \'brand\': \'Crucial\', \'category\': \'Printer Parts & Accessories\', \'Item Weight\': \'0.04 pounds\', \'Item Size\': \'1.18 x 0.08 x 0.08 inches\', \'Package Weight\':"
1728,{'Output': 'mismatch'},mpn\': \'[10000000000000000000000000000000000000000000000000000000000000000000000000
1729,{'Output': 'mismatch'},"nm\', \'Socket Type\': \'LGA 7, 1151\', \'Cache\': \'6MB\', \'Description\': \'Intel Core i3 4160 3.6GHz 4C/4T 6MB 22nm 7,1151 Socket 140W 140W 14"
1730,{'Output': 'mismatch'},"Factor\': \'No\', \'description\': \'  \""658071-B21 10 Pack 7.2K 3.5\"" SATA Hard Drive - Hot Swap - Gen8 \""@en', \'title\': \'HP 658071-B21 10 Pack 7.2K 3.5\"" SATA"
1731,{'Output': 'match'},"49675-2Pack\"" \""New 249675-001 S\'}', 'Entity_2': '{\'title\': \'249675-2Pack HP 512MB DDR 200MHz\', \'category\': \'Null\', \'subcategory\': \'Price\', \'brand\': \'New"
1732,{'Output': 'mismatch'},"5000azlx\', \'type\': \'Hard Drive\' }', 'Entity_2': '{\""title\"": \""WD Blue 500 GB 6Gb/s Internal Hard Drive\"", \""category\"": \""Hard Drives\"", \""subcategory\"": \""Hard Drives\"", \""brand\"": \""WD\"", \""sku\"": \""wd5000azlx\"", \""type\"": \"""
1733,{'Output': 'mismatch'},"vanaf € 20,-)\': \'€ 0,-\', \'Opsturen Nederland t/m € 200,-\': \'€ 6,95\', \'Pakketpost 0-30 kg\': \'€ 4,95\', \'Pakketpost (boven €20,-)\': \'€ 0,-\', \'"
1734,{'Output': 'mismatch'},"\'  ""Intel Core i7 7700 Kaby Lake Desktop Processor/CPU""@en 8GB LN76876 - BX80677I77700 | SC\' }'} -> match

{'Entity_1': '{\""brand\"": \""Samsung\"", \""category\"": \""Hard disk drive\"", \""description\"": \""  \""Samsung 3"
1735,{'Output': 'mismatch'},"232\', \'description\': \'  ""364622-B23 10K 256MB 128MB 128MB 128MB 128MB 128MB 128MB 128MB 128MB 128MB 128MB"
1736,{'Output': 'mismatch'},"0,-\', \'Totaal\': \'€ 131,88\', \'Pakketpost tot € 99,-\': \'€ 9,50\', \'Pakketpost\': \'€ 6,95\', \'Pakketpost Nederland\': \'€ 0,-\', \'description\': \'  \""Buy Online |"
1737,{'Output': 'mismatch'},"232\' }', 'Entity_2': '{\""title\"": \""Kingston HyperX Fury HX424C15FWK2/32 - Vraag & Aanbod \""@NL Tweakers\""@NL\"", \""category\"": \""\"", \""Categorie\"": \""Geheugen intern\"", \""Merk\"": \""Kingston\"", \""Productserie\"":"
1738,{'Output': 'mismatch'},"ylake 2.7GHz 3.7GHz 2.5"" SATA Bay 105 x 110 mm 10000000000000000000000000000000000000000000000000"
1739,{'Output': 'mismatch'},"000RPM\', \'description\': \'  \""HPE StorageWorks 238590-B21 3.5 inch x 1 inch Plug-in Module 36.4GB 10K 10000RPM Hot-Swap Hard Drive\""@en\', \'title\': \'HPE StorageWorks 2385"
1740,{'Output': 'mismatch'},94267-B21 494267-B21 494267-B21 494267-B21 494267-B21 494267-B21 494267-B21 494267-B21 4
1741,{'Output': 'mismatch'},"Interface Type\': \'SATA III\', \'description\': \'  \""Seagate - 1Tb Barracuda 7200rpm SATA3 64Mb HardDrive\"" Seagate Barracuda 7200rpm SATA3 64Mb HardDrive HDS-1000DM3 1Tb 7200RPM"
1742,{'Output': 'mismatch'},"Pack\', \'sku\': \'431786b2110pack\', \'type\': \'Hard Drive\'}', 'Entity_2': '{\'title\': \'431786-B21 120GB 5.4K 2.5 SATA -used tested clean- 10Pack\', \'category\': \'"
1743,{'Output': 'mismatch'},"\': \'Memory\', \'description\': \'  \""Infineon 127005031 - Prijzen \""@NL Tweakers\""@NL', \'title\': \'Infineon 127005031 - Prijzen \""@NL Tweakers\""@NL\', \'sku\': \'127005"
1744,{'Output': 'mismatch'},"': \'500GB\', \'Interface Type\': \'Serial ATA-300\', \'Data Transfer Rate\': \'300MB/s\', \'Average Seek Time\': \'8.5ms\', \'Spindle Speed\': \'7200RPM\', \'price\': \'""CAD"", ""$149.99 CAD""\', \'description\"
1745,{'Output': 'match'},"2133 MHz, 1.5V, 1.5V, 1.5V, 1.5V, 1.5V, 1.5V, 1.5V, 1.5V, 1.5V, 1.5V, 1.5V, 1.5V,"
1746,{'Output': 'mismatch'},"'{\'title\': \'Crucial 4GB (1x4GB) DDR3L / DDR3 PC3-12800 1600MHz SO-DIMM Module\', \'category\': \'Computer Memory\', \'subcategory\': \'SODIMM\', \'brand\': \'Crucial\', \'sku\': \'ct512"
1747,{'Output': 'match'},"{""description"": ""\""}"
1748,{'Output': 'mismatch'},"mismatch'} 

{'Entity_1': '{\""brand\"": \""Samsung\"", \""category\"": \""\"", \""description\"": \""  \""Samsung 3200 Series 3200 3200 3200 3200 3200 3200 3200 3200 3200"
1749,{'Output': 'mismatch'},"': \'\', \'/mpn\': \'[cmu16gx4m2a2666c16r]\', \'brand\': \'Corsair\', \'category\': \'\', \'Memory Type\': \'DDR4 PC4-21300\', \'Capacity\': \'16GB (2 x 8GB)\', \'"
1750,{'Output': 'mismatch'},"2.5 inch\', \'description\': \'  ""HP 431786-B21 2.5 inch SATA 5.4K 2 Pack Hard Drive"" ""Null\""   ""Description:HP 431786-B21 2.5 inch SATA 5.4K 2 Pack Hard Drive\'', \'title\':"
1751,{'Output': 'mismatch'},"GB 2.5-inch Serial Attached SCSI 6G 10K 2.5 DP SAS\', \'brand\': \'HP\', \'sku\': \'eg0146fartr\', \'type\': \'2.5-inch Serial Attached SCSI (SAS) SFF 6G Dual Port Hot-Plug 10K Hard Drive\', \'description\':"
1752,{'Output': 'match'},"{""Output"": ""match""}"
1753,{'Output': 'mismatch'},00100000000000000000000000000000000000000000000000000000000000000000000000000000
1754,{'Output': 'match'},"512MB )\', \'description\': \'  ""376638-B21 HPE Proliant 1GB 2 x 512MB Memory Module"", ""Null"" ""New 376638-B21 Memory Module Wholesale Price 376638-B21\', \'title\': \'3766"
1755,{'Output': 'mismatch'},"65w With Wraith Stealth Cooler\', \'subcategory\': \'AMD Processors\', \'sku\': \'YD1400BBAEBOX\', \'type\': \'Processor\'}', 'Entity_2': '{\'title\': \'AMD Ryzen 5 1400 3.2GHz 8MB 65W With Wraith Stealth"
1756,{'Output': 'mismatch'},"/s HotSwap FCAL Hard Drive\', \'type\': \'36.4GB 10K Fibre Channel 40 pin 2GB/s HotSwap FCAL Hard Drive\' }', 'Entity_2': '{\'title\': \'BD03655B28 HP 36.4-GB 10K FC-AL\', \'category"
1757,{'Output': 'mismatch'},"Memory (CMD16GX4M2B3000C15)\', \'subcategory\': \'New Corsair Dominator Platinum 16GB DDR4-3000 Memory 2-Pack Wholesale Price CMD16GX4M2B3000C15-2Pack\', \'sku\': [\'cmd16gx4m2b"
1758,{'Output': 'mismatch'},"{""Output"": ""match""}"
1759,{'Output': 'mismatch'},"{""Output"": ""match""}"
1760,{'Output': 'mismatch'},60 3GB 1920x1080 256Bit 12288MB/s 12288MB/s 12288MB/s 12288MB/s 12288MB/s 12288MB/s 12288MB/s 122
1761,{'Output': 'mismatch'},"2 Pack Wholesale Price 390394-001\', \'sku\': \'390394-001-2Pack\', \'type\': \'Power Supply 2 Pack\'}', 'Entity_2': '{\'title\': \'390394-001 HP Proliant ML350 G4p PS"
1762,{'Output': 'mismatch'},"{""title"": ""Kingston HyperX Fury blu HX316C10F/4 - Prijzen""}"
1763,{'Output': 'mismatch'},"WiFi Mini ITX Motherboard""@en Motherboard LN67102 - | SCAN UK""@en\', \'category\': \'Motherboard\', \'Categorie\': \'Moederborden\', \'Merk\': \'MSI\', \'Product\': \'MSI Z170I Gaming Pro AC\', \'Uitvoering\': \'MSI Z17"
1764,{'Output': 'match'},"2-TB 6G 7.2K 3.5 SATA SC "" ""Null""   ""Description:HP 2TB 3.5-inch (LFF) Serial ATA (SATA) 6G7.2K Hot-Plug Midline (MDL) Hard Drive in G8 G9(Gen8 Gen9) SmartDrive Carrier (SC)"
1765,{'Output': 'mismatch'},"4522,  5032037050746,  4053162446984,  5053118094522,  5032037050746,  405316244"
1766,{'Output': 'mismatch'},"\', \'description\': \'  \""Seagate 1TB 3.5 inch 7200 RPM SATA III 300 MB/s 3 Year Warranty\""@en-US \""Hard disk drive 1TB 3.5 inch 7200 RPM SATA III 300 MB/s 3 Year Warranty\"" \""Hard disk drive 1TB 3"
1767,{'Output': 'match'},"0630ns2pack\']}', 'Entity_2': '{\'title\': \'ST3500630NS Seagate 500-GB 7.2K 3.5 3G SATA\', \'category\': \'Null\', \'subcategory\': \'New ST3500630NS SATA 10 Pack Wholesale"
1768,{'Output': 'mismatch'},"cmv4gx3m2a1333c9\', \'description\': \'  \""CMV4GX3M2A1333C9 2x2GB 4GB 1333MHz DDR3 SDRAM 240-pin Unbuffered Memory Module\"" \""Null\""   \""Description:2x2GB 4GB"
1769,{'Output': 'match'},10000000000000000000000000000000000000000000000000000000000000000000000000000000
1770,{'Output': 'mismatch'},"\', \'sku\': \'ST3500630NS\', \'type\': \'Hard Drive (Internal)\', \'description\': \'  ""Seagate Barracuda ES ST3500630NS 500GB Hard Drive (Internal) - Black""  "" Seagate Barracuda ES 500GB Hard Drive (Internal)"
1771,{'Output': 'mismatch'},2350 RPM - 120mm x 25mm 3.1 mm/H2O 62.74 CFM 35 dBA 7V - 12V 180 Degree 1.8A 12V 120mm 3.1 mm/H2O 62.74 CFM
1772,{'Output': 'mismatch'},AY 146GB 2.5 INCH 10K 146GB 10K 2.5 INCH 146GB 10K 2.5 INCH 146GB 10K 2.5 INCH 146GB 10K 2.5 INCH 146
1773,{'Output': 'mismatch'},3-12800 5.0 GT/s 6MB Cache 4C/4T 3.2GHz 84W 1.3V 1.3V 1.3V 1.3V 1.3V 1.3V 1.3V 1.3V 1.3V 1.
1774,{'Output': 'match'},"\'Pakketpost vanaf € 42,35\': \'€ 0,-\', \'Pakketpost vanaf € 42,35\': \'€ 0,-\', \'description\': \'  \""Apple Smart Cover Grey iPad Pro 2017 12.9\""@en 12.9 inch iPad Pro 2"
1775,{'Output': 'mismatch'},"{""Output"": ""mismatch""}"
1776,{'Output': 'mismatch'},"{""Output"": ""match""}"
1777,{'Output': 'mismatch'},"L) Hard Drive - 658102-001-SC\'', \'description\': \'  ""658102-001-SC HP G8 G9 2-TB 6G 7.2K 3.5 SATA SC"", ""Null"" Price 658102-001-SC"
1778,{'Output': 'mismatch'},"\'Soldered\', \'EAN\': \'740617244373\', \'SKU\': \'HX426C15FB4\', \'Tweakers ID\': \'461464\', \'description\': \'  \""Kingston HyperX Fury black HX426C15FB/4 1"
1779,{'Output': 'mismatch'},"{""Output"": ""match""}"
1780,{'Output': 'mismatch'},"\': \'24 x 10/100/1000Base-T RJ-45 Ports\', \'description\': \'  ""TL-SG1024D 24 Port Gigabit Ethernet Switch 1 x Power cord User Gui"" ""TL-SG1024D 24 Port Gigabit Ethernet Switch 1 x Power cord User"
1781,{'Output': 'mismatch'},"SSD)\', \'description\': \'  \""Samsung 850 EVO Series M.2 1TB SATA 6Gbps Solid State Drive (MZ-N5E1T0BW)\""@en  ""Disco Solido SSD, M.2 SATA-6Gbps, 1TB, controladora \', \'category\': \'Computers/Elect"
1782,{'Output': 'mismatch'},"{""Output"": ""match""}"
1783,{'Output': 'mismatch'},"\', \'description\': \'  \""HP 658102-001 2TB 7.2K 3.5 6G SATA HDD \"" \""Null\""   \""Description:2TB 3.5-inch 6G SATA Hot-Swap Hard Drive 2000GB 7.2K 3.5 6G SATA"
1784,{'Output': 'match'},"\': \'[432094b21]\', \'/mpn\': \'[432094b21]\', \'brand\': \'HP\', \'category\': \'Null\', \'Category\': \'Proliant HardDrive\', \'Sub-Category\': \'15K\', \'Generation\': \'SAS\', \'Part"
1785,{'Output': 'mismatch'},"description\': \'  \""376638-B21 1GB 1333MHz DDR2 Memory Module 2x512MB 1GB 1333MHz DDR2 Memory Module 2x512MB 1GB 1333MHz DDR2 Memory Module 2x512MB 1GB 1"
1786,{'Output': 'mismatch'},"H (Low Profile)\', \'Spindle Speed\': \'15000RPM\', \'External Data Transfer\': \'3GB/s\', \'Seek Time\': \'3.5ms\', \'HotSwap\': \'Yes\', \'Pre-Failure Warranty\': \'Yes\', \'Hot Swap Tray\': \'Included/Attached\', \'Ports\': \'Single Port\',"
1787,{'Output': 'mismatch'},"GB 15K 6GB/s Hot-Swap SAS Hard Drive - 10-Pack"" ""HP 146GB 15K 6GB/s Hot-Swap SAS Hard Drive - 10-Pack"" ""HP 146GB 15K 6GB/s Hot-Swap SAS Hard Drive - 10-Pack"" ""HP 14"
1788,{'Output': 'mismatch'},"\': \'3R-A3851-AA HP 72.8-GB U320 SCSI 15K 3.5\"" 1/3H Internal Hard Drive 5-Pack\', \'category\': \'Hard Drive\', \'subcategory\': \'15K\', \'brand\': \'HP\', \'sku\': \'3ra385"
1789,{'Output': 'mismatch'},"G SATA HDD\', \'subcategory\': \'hard drive\', \'sku\': \'st31000340as\', \'type\': \'hard drive\'}', 'Entity_2': '{\""description\"": \""  \""Seagate 1TB 7.2K 3.5 3G SATA HDD\"" \""ST31000340"
1790,{'Output': 'mismatch'},"SSD - NCIX""\', \'category\': \'\', \'subcategory\': \'\', \'brand\': \'Samsung\', \'sku\': \'mz7te1t0bw\', \'type\': \'Internal SSD\', \'description\': \'  ""Samsung 840 EVO Series MZ-7TE1T0BW 1TB 2.5"
1791,{'Output': 'mismatch'},"\'470065235\', \'type\': \'1U Rack Mount Server - 1 Processor - 24GB Memory - 2x 10/100/1000Base-T Ethernet - 2x 10/100/1000Base-T Ethernet - 2x 10/100"
1792,{'Output': 'match'},"\""Seagate 1TB 3.5 inch 7200RPM SATA Hard Drive\""@en HardDrive (ST1000DM003)""@en\', \'title\': \'Seagate 1TB 3.5 inch 7200RPM SATA Hard Drive\', \'sku\': \'st1000dm003"
1793,{'Output': 'mismatch'},"816264016929]\', \'category\': \'Graphics Cards\', \'Categorie\': \'Videokaarten\', \'Merk\': \'Zotac\', \'Product\': \'Zotac GeForce GTX 1060 6GB AMP! Edition Video Card\', \'Uitvoering\': \'Zotac"
1794,{'Output': 'mismatch'},"{""Output"": ""match""}"
1795,{'Output': 'mismatch'},"': \'Null\', \'subcategory\': \'Price\', \'brand\': \'New\', \'sku\': \'359461-005-2Pack\', \'type\': \'Wholesale\', \'description\': \'  \""359461-005 HP 72.8-GB 10K FC-AL\"", \""Null"
1796,{'Output': 'match'},"ST3750330NS) 750GB 3.5\"" 7.2K SATA II Hard Drive 32MB Cache 15000RPM 300MB/s 8.5ms Seek Time 15000RPM 300MB/s 8.5ms Seek Time 150"
1797,{'Output': 'match'},"2.99\', \'description\': \'  \""Kingston HyperX Fury HX421C14FB/8 2 GB DDR3 1333 MHz 1.5V\""@nl-nl  |  \""Kingston HyperX Fury HX421C14FB/8 2 GB DDR3 1333 MHz"
1798,{'Output': 'match'},"169-002 HP 72-GB 3G 15K 2.5 DP SAS 5 Pack "" ""HP 430169-002 Part# -430169-002-5Pack""  ""Descript\'', \'price\': \'""USD""\'}', 'Output': '"
1799,{'Output': 'mismatch'},"G1-G7 Prolian\', \'brand\': \'HP\', \'sku\': \'dg0300farvv\', \'type\': \'Hard Drive - Hot-Swap\', \'description\': \'  \""DG0300FARVV HP 300-GB 6G 10K 2.5 DP SAS\"" ""Null""   \"""
1800,{'Output': 'mismatch'},"1 HP 400-GB 10K 3.5 DP NHP SAS\"" \""Null\""   \""Description:5 x 400GB Serial Attached SCSI (SAS) 10K 3.5-inch Dual Port Hot-Plug Hard DriveIn HPE Drive tray (as pictured)For G1-G7 Proliant SAS Serve\', \'title"
1801,{'Output': 'mismatch'},"\', \'type\': \'System Memory (RAM)\', \'description\': \'  \""Kingston Fury Black 32GB (2x16GB) DDR4 PC4-19200C15 2400MHz Dual Channel Kit (HX424C15FBK2/32)\"" \""Kingston Fury Black 32"
1802,{'Output': 'mismatch'},"HP 2GB 266MHz SDRAM Module\', \'sku\': \'301044b21\', \'type\': \'Memory Module\'}', 'Entity_2': '{\""title\"": \""301044-B21 HP 2GB 266MHz SDRAM Module\"", \""category\"": \""Memory\"", \""subcategory\"": \"""
1803,{'Output': 'mismatch'},"': \'Server Storage\', \'Category\': \'Storageworks HDD\', \'Sub-Category\': \'10K\', \'Generation\': \'Fibre Channel\', \'Part Number\': \'349237-B21\', \'Products ID\': \'141941\', \'Type\': \'Hard Drive Hot-Swap\', \'Form Factor"
1804,{'Output': 'mismatch'},"type\': \'Memory Kit - Black\' }', 'Entity_2': '{\""title\"": \""Corsair Vengeance LPX 16GB DDR4 Memory Kit - Black\"", \""category\"": \""Black LN64493\"", \""subcategory\"": \""Price\"", \""brand\"": \""Corsair\"", \""sku\"": \""16GB (2x8GB) Corsair DDR4"
1805,{'Output': 'mismatch'},"54681\', \'Capacity\': \'146GB\', \'Manufacturer\': \'Hewlett-Packard\', \'Interface\': \'SAS\', \'Form Factor\': \'2.5 inches\', \'description\': \'  \""512743-001 HP 146-GB 15K 2.5\"" SAS"
1806,{'Output': 'mismatch'},0K rpm 300GB 2.5-inch Serial Attached SCSI (SAS)SFF 3G Dual Port Hot-Plug 10K rpm 300GB 2.5-inch Serial Attached SCSI (SAS)SFF 3G Dual Port Hot-Plug 10K rpm 300GB 2.5-inch Serial Attached SCSI
1807,{'Output': 'mismatch'},"358348-B21 HP 1GB PC2700 (1x1GB) Module\', \'subcategory\': \'358348-B21 Price\', \'sku\': \'358348b21\', \'type\': \'Description:1 x 1GB 333MHz PC2700 Memory"
1808,{'Output': 'mismatch'},"""\', \'description\': \'  \""658102-001 HP G8 G9 2-TB 6G 7.2K 3.5 SATA SC\"", \""Null\"" Price 658102-001-2Pack\"" \""New 658102-001 SC  \', \'"
1809,{'Output': 'mismatch'},"Yes\', \'description\': \'  \""ST31000524NS HP 1TB 7.2K 3.5 SATA\"", \""Null\"" Price 1TB 3.5 SATA 7.2K 1.5G 1.5G 1.5G 1.5G 1.5G 1.5"
1810,{'Output': 'mismatch'},"Intel\', \'sku\': \'bx80646i34150\', \'type\': \'Add-In Processors (CPUs)\', \'description\': \'  \""Intel Core i3 4150 / 3.5 GHz processor\"" \""Intel processor - BX80646I34150 Add-In Processors (CP"
1811,{'Output': 'match'},1-B21 3.0GHz 80W 12MB 4-Core 1333MHz FSB 45nm Socket J LGA-771 Intel Xeon X5450 3.0GHz ML370 G5 462711-B21 3.0GHz 80W 1
1812,{'Output': 'match'},"\': \'24,95', \'Pakketpost tot \u20ac 99,-\': \'9,50', \'iDeal\': \'0,-\', \'Totaal\': \'24,95', \'Pakketpost Nederland\': \'0,-\', \'Pakketpost Nederland (vanaf \u20ac"
1813,{'Output': 'match'},"4 16 GB: 2 x 8 GB DIMM 288-pin\', \'subcategory\': \'Corsair Vengeance LPX 16GB 2400MHz DDR4 288-pin 2x8GB\', \'sku\': \'cmk16gx4m2a2400c16\', \'type\':"
1814,{'Output': 'mismatch'},"{""Output"": ""match""}"
1815,{'Output': 'mismatch'},"type\': \'Computer Fan\'}', 'Entity_2': '{\""title\"": \""120mm Corsair AF120 Fan - White\"", \""category\"": \""White LN53764 CO-9050015-WLED | SCAN UK\"", \""description\"": \""  \""120mm Corsair AF120 Fan - White\""@"
1816,{'Output': 'mismatch'},"5400RPM SATA Hard Drive\', \'category\': \'Hard Drives\', \'subcategory\': \'Internal Hard Drives\', \'brand\': \'Seagate\', \'sku\': \'st31000524ns\', \'type\': \'SATA\', \'description\': \'  \""ST31000524NS Seagate"
1817,{'Output': 'match'},"\', \'Graphics Max Frequency\': \'1000 MHz\', \'Socket\': \'LGA1151\', \'description\': \'  \""Intel I5 7500 3.4GHz 4 Core 4 Thread 64-bit 14nm Technology 6MB Cache 65W\""@en  \""Intel I5 75"
1818,{'Output': 'mismatch'},': \'100000000000000000000000000000000000000000000000000000000000000000000000000000
1819,{'Output': 'mismatch'},"]\', \'brand\': \'Seagate\', \'category\': \'Hard Drive\', \'Category\': \'Hard Drive\', \'Sub-Category\': \'Hard Drive\', \'Generation\': \'7200RPM\', \'Part Number\': \'ST31000524NS\', \'Products ID\': \'13078\', \'description\"
1820,{'Output': 'mismatch'},"1\', \'type\': \'Server\', \'description\': \'  \""338974-B21 DL760 G2 Xeon 2.5GHz 1M (4P)\""@en ""338974-B21 DL760 G2 Xeon 2.5GHz 1M (4P)""}'}"
1821,{'Output': 'match'},"ms\', \'Description\': \'Seagate Barracuda 7200.10 3.5 inch 1TB SATA Hard Drive\', \'description\': \'  \""Seagate Barracuda 7200.10 3.5 inch 1TB SATA Hard Drive\""  \""Seagate Barracuda 7200.10"
1822,{'Output': 'mismatch'},"\""@en Hard Drive 1TB 3.5\"" 7200RPM 64MB Cache 3.5in Hard Drive OEM 1000GB 1TB 3.5\"" 7200RPM 64MB Cache 3.5in Hard Drive OEM 1000GB 1TB 3.5"
1823,{'Output': 'mismatch'},"29b21\', \'type\': \'1GB 4-Port\', \'description\': \'  ""Null"", ""615729-B21 HP Ethernet 1Gb 4-Port 366M Adapter"" Price 615729-B21"" ""New 615729-B21 Adapter\', \'"
1824,{'Output': 'mismatch'},"': \""HP 430165003 146GB 3G 10K 2.5 DP SAS 2 Pack\""}', 'Entity_2': '{\""title\"": \""HP 430165003 146GB 3G 10K 2.5 DP SAS 2 Pack\"", \"""
1825,{'Output': 'mismatch'},"description\': \'  \""CO-9050012-WW Corsair Air Series SP120 PWM Quiet Edition\"" \""Null\""   \""Description:Corsair Air Series 120mm 2-Pack 120mm 120mm 120mm 120mm 120mm 120mm 1"
1826,{'Output': 'mismatch'},"PM\', \'Type\': \'Hard Drive\', \'description\': \'  \""430165-003 146GB 10K SAS 2.5 inch 1/3H (Low Profile) Hard Drive\""@es\', \'title\': \'HP 430165-003 146GB"
1827,{'Output': 'mismatch'},470 2.26GHz 4-Core Intel Xeon Processor 601248-B21 2.26GHz 4-Core Intel Xeon Processor 601248-B21 45nm 4-Core 800MHz 1MB L2 Cache 4MB L3 Cache 80W 45
1828,{'Output': 'mismatch'},"1 HP 50/100GB Ultra2 SCSI 3.5 inch Half-Height Tape Drive"", ""Null""   ""Description:10 x StorageWorks 36.4GB 10K Fibre Channel\', \'title\': \'157766-B21 HP 50/100GB Ultra2 SCSI 3.5"
1829,{'Output': 'mismatch'},"3\': \'[843591090247]\', \'category\': \'Memory\', \'Categorie\': \'Geheugen intern\', \'Merk\': \'Corsair\', \'Productserie\': \'Vengeance LED\', \'Product\': \'Corsair Vengeance LED 16GB (2 x 8GB) DDR4-"
1830,{'Output': 'mismatch'},"1s21sc\']}', 'Entity_2': '{\'title\': \'628061-S21-SC HP G8 G9 3-TB 6G 7.2K 3.5 SATA SC\', \'category\': \'Null\', \'subcategory\': \'Price\', \'brand\': \'HP\', \'sku\': ["
1831,{'Output': 'match'},"zn5e1t0bw\', \'type\': \'2.5-inch SATA SSD\'}'} -> match}

{'Entity_1': '{\""description\"": \""  \""Asus ROG Strix Z270G Gaming Intel Z270 (Socket 1151) DDR4 Micro ATX Motherboard\""@en \""\\u25b7 Asus"
1832,{'Output': 'mismatch'},"U-016G-U46 Sandisk Ultra 16GB SDHC UHS-I 30MB/s\', \'subcategory\': \'SD CARD 16GB SDHC\', \'brand\': \'Sandisk\', \'sku\': \'SDSDU-016G-U46\', \'type\': \'SD CARD 16GB SDHC U"
1833,{'Output': 'match'},K - 4.00 GHz - 8 MB Cache - 4C/8T - 14 nm - 95W - 8.00 GT/s - LGA1151 - 6700K - 4.00 GHz - 8 MB Cache - 4C/8T - 14 nm - 95
1834,{'Output': 'mismatch'},"ewlett-Packard Company\', \'description\': \'  \""417190-002 HP 72-GB 6G 15K 3.5\"" 1/3H SAS HDD\""  \""HP 417190-002 72-GB 15K 3.5\"" 1/"
1835,{'Output': 'mismatch'},"match'} 

{'Entity_1': '{\""category\"": \""Computers_and_Accessories\"", \""Varenummer\"": \""218307\"", \""Type\"": \""Secure Digital\"", \""Kapacitet\"": \""64 GB\"", \""Hastighed\"": \""90 MB/sek\"", \""Klasse\"": \""Class 10\"", \""price\"": \""\"""
1836,{'Output': 'mismatch'},"\' }', 'Entity_2': '{\""title\"": \""HP 488039-B21 Xeon 3.33GHz 4-Core Processor for ML370 G5\"", \""category\"": \""HP\"", \""subcategory\"": \""ML370 G5\"", \""brand\"": \""HP\"", \""sku\"": \""488039b21"
1837,{'Output': 'match'},"': \'Serial Attached SCSI (SAS)\', \'Drive Dimensions\': \'3.5 inches x 1/3H (Low Profile)\', \'Spindle Speed\': \'15000RPM\', \'External Data Transfer\': \'3072MB/s\', \'Seek Time\': \'3.5ms\', \'HotSwap\': \'Yes\', \'"
1838,{'Output': 'mismatch'},"8x8GB) 64GB 240-pin DDR2 5300MHz\', \'brand\': \'HP\', \'sku\': \'495605b21\', \'type\': \'Memory KitPart Number(s) Option Part# 495605-B21 (8x8GB) 64GB"
1839,{'Output': 'mismatch'},"360012pack\'}', 'Entity_2': '{\'title\': \'359461-001 HP 72.8-GB 10K FC-AL\', \'category\': \'Null\', \'subcategory\': \'Price\', \'brand\': \'New\', \'sku\': \'359461-"
1840,{'Output': 'mismatch'},"\'brand\': \'Samsung\', \'category\': \'Hard Drive - Internal\', \'description\': \'  \""Samsung 359461005 - 1TB 3.5\"" Internal Hard Drive - 7200RPM - 3 Year Warranty\""@en 1TB 3.5\"" Internal Hard Drive - 7200"
1841,{'Output': 'match'},"0 2.08GHz Max. 8GB DDR3L 1x2.5"" Bay In\', \'brand\': \'Gigabyte\', \'sku\': \'GB-BACE-3000\', \'type\': \'Barebones PC Celeron N3000 2.08GHz Max. 8GB DDR3L"
1842,{'Output': 'mismatch'},"akketpost 30-50 kg\': \'€ 4,95\', \'description\': \'  \""Cooler Master MasterCase Pro 3\""@en', 'title': \'Cooler Master MasterCase Pro 3\', \'subcategory\': \'Computer Cases\', \'brand\': \'Cooler Master\', \'sku\': \'MCY-C3P1"
1843,{'Output': 'mismatch'},"0MHz 1.35V 15-17-17-35 Unbuffered Memory Kit CMU64GX4M4C3000C15R\', \'category\': \'Computer Memory\', \'subcategory\': \'DDR4 Memory\', \'brand\': \'Corsair\', \'sku\': \'cmu64gx4m"
1844,{'Output': 'mismatch'},"6 Memory Kit 2x 8GB\', \'subcategory\': \'Computer Memory\', \'sku\': \'cmu16gx4m2a2666c16r\', \'type\': \'Memory Kit\' }', 'Entity_2': '{\""title\"": \""16GB (2 x 8GB) Corsair Vengeance 2666"
1845,{'Output': 'mismatch'},".com ST1000BT32 1port Pci 10 / 100 1000 32 Bit Gb Ethernet Network Adapter Card""  ""ST1000BT32 Ethernet Network Adapter Card 1 x Drive""\', \'price\': \'""$129.99"", ""USD""\', \'manufacturer\':"
1846,{'Output': 'mismatch'},"{""Output"": ""match""}"
1847,{'Output': 'mismatch'},"5400K 3.60GHz Socket FM2 Processor - 2 Core - 1 MB Cache - 65W - Black - 1.6"" x 1.6"" x 1.6"" - 1.6"" (1.6"" x 1.6"" x 1.6"") - 1.6"" -"
1848,{'Output': 'mismatch'},"\'price\': \'""CAD""\', \'description\': \'  \""F1372 2-Pack 36GB 15K 5.75\"" \""Null\"" ""New F1372 2-Pack 36GB 15K 5.75"", \""Null\"" ""New F1372 2-Pack 3"
1849,{'Output': 'mismatch'},"brand\': \'Crucial\', \'sku\': \'BLS8G4D240FSA\', \'type\': \'Memory\', \'color\': \'black\'}', 'Entity_2': '{\'title\': \'Crucial Ballistix Sport 8GB (1 x 8GB) DDR4-2400 Memory\', \'category"
1850,{'Output': 'mismatch'},"Memory\', \'subcategory\': \'DDR3L\', \'brand\': \'Crucial\', \'sku\': \'ct102464bf160b\', \'type\': \'DDR3L 1600 MHz 8GB 204-pin SO-DIMM Non-ECC CAS 11 1024M x 6"
1851,{'Output': 'mismatch'},"\': \'10-14 dagen\', \'description\': \'  \""Kingston MicroSDHC 32GB Class 4 + Adapter\""@en ""Kingston MicroSDHC 32GB Class 4 + Adapter"", \""Kingston MicroSDHC 32GB Class 4 + Adapter\""@en ""Kingston MicroSDHC 32GB Class"
1852,{'Output': 'mismatch'},631667-B21 HP Smart Array P222/512 Controller 631667-B21 HP Smart Array P222/512 Controller 631667-B21 HP Smart Array P222/512 Controller 631667-B21 HP Smart Array P2
1853,{'Output': 'mismatch'},"032037057530, 07358582721558, 07358582721558, 07358582721558, 07358582721558, 07"
1854,{'Output': 'match'},"vanaf\': \'€ 12,10\', \'description\': \'  \""Cooler Master Elite 130 - Computer Case - Black\""@en Cooler Master Elite 130 - Computer Case - Black 130 130 130 130 130 130 130 130"
1855,{'Output': 'mismatch'},"{""Output"": ""match""}"
1856,{'Output': 'match'},"\', \'Part Number\': \'HP 346919-001\', \'Products ID\': \'470576\', \'price\': \'""USD"", ""$203.95""\', \'description\': \'  \""HP 346919-001\""@en HP 346919"
1857,{'Output': 'mismatch'},"K Hard Drive\' , \'sku\': \'dg0300bahzq\', \'type\': \'Hard Drive - Hot-Swap\'}', 'Entity_2': '{\'title\': \'HP 300-GB 3G 10K 2.5 DP SAS\', \'category\': \'Proliant HardDrive\', \'subcategory\':"
1858,{'Output': 'mismatch'},"ID\': \'422654\', \'description\': \'  \""Corsair Flash Voyager Slider X2 - 256 GB - Blauw\""@NL Tweakers\""@NL', \'title\': \'Corsair Flash Voyager Slider X2 - 256 GB - Blauw - Prijzen \""@NL Tweakers\""@NL\', \'"
1859,{'Output': 'mismatch'},-0000000000000000000000000000000000000000000000000000000000000000000000000000000
1860,{'Output': 'mismatch'},"', \'/mpn\': \'[632429003]\', \'/gtin13\': \'[843591090247]\', \'category\': \'Memory\', \'Categorie\': \'Geheugen intern\', \'Merk\': \'Corsair\', \'Productserie\': \'Vengeance LED"
1861,{'Output': 'mismatch'},GHz/4- Core) 45nm Quad-Core 120W 1333MHz 3.33GHz 12MB L2 Cache 256KB L1 Cache 120W 1333MHz 3.33GHz 12MB L2 Cache 256KB L1 Cache 120
1862,{'Output': 'mismatch'},"{""Output"": ""mismatch""}"
1863,{'Output': 'mismatch'},"mpn\': \'[192106b21]\', \'brand\': \'HP\', \'category\': \'Null\', \'Category\': \'Proliant\', \'Sub-Category\': \'TapeDrive\', \'Generation\': \'110/220GB\', \'Part Number\': \'192106-B21"
1864,{'Output': 'mismatch'},"\'Yes\', \'description\': \'  ""Intel Core i7 6700K 4.0GHz 4C/8T 14nm 95W 32GB DDR4 2133/DDR3L 1600 8MB Cache 4.2GHz Turbo 8MB Cache 34.1GB/s"
1865,{'Output': 'match'},"{""Output"": ""match""}"
1866,{'Output': 'mismatch'},"{""Output"": ""mismatch""}"
1867,{'Output': 'mismatch'},"1]\', \'brand\': \'HP\', \'category\': \'New 345628-B21 SSD Wholesale Price 345628-B21\', \'Category\': \'Proliant HardDrive\', \'Sub-Category\': \'Solid State Drive\', \'Generation\': \'SATA SSD\', \'Part Number\': \'345"
1868,{'Output': 'mismatch'},".6GHz 4GB 16GB ac BT WC 3C 11.6"" HD MT C\', \'subcategory\': \'\', \'sku\': \'nxgm9aa001\', \'type\': \'Chromebook\'}', 'Entity_2': '{\'title\': \'Acer Chromebook C731T-C42N"
1869,{'Output': 'mismatch'},2GB 15K 3.5 DP SAS 5 Pack HP 417190-002 72GB 15K 3.5 DP SAS 5 Pack 72GB 15K 3.5 DP SAS 5 Pack 72GB 15K 3.5 DP SAS 5 Pack 7
1870,{'Output': 'match'},"64-bit\', \'Instruction Set Extensions\': \'SSE4.1/4.2, AVX 2.0\', \'Embedded Options Available\': \'No\', \'Lithography\': \'14nm\', \'Max TDP\': \'65 W\', \'Max Memory Size (dependant on memory type)\': \'64 GB\', \'Memory Types\"
1871,{'Output': 'mismatch'},"]\', \'Max Resolution (DVI)‡\': \'[email protected]\', \'description\': \'  \""Intel Core i3 6300 3.8GHz 4MB Cache 4C 4T 47W 14nm Technology 2x DDR4 2133 64GB 14nm Technology 2x"
1872,{'Output': 'mismatch'},SD1066 4GB DDR3 1.5V 1066MHz 204 Pin 7-7-7-20 Non-ECC Unbuffered Memory Module 4GB 2x2GB 204 Pin 1.5V 1066MHz 7-7-7-20 Non-ECC Un
1873,{'Output': 'mismatch'},"1\', \'type\': \'Intel Xeon X5560\'}, \""Output\"": \""match\""}' 

{'Entity_1': '{\""description\"": \""HP Smart Array 641 Ultra320 Controller with 64MB Cache 64-bit 133MHz PCI-X PC Board - Has one Internal 68-pin connector Can add 12"
1874,{'Output': 'mismatch'},"category\': \'Case\', \'subcategory\': \'Carbide 100R\', \'brand\': \'Corsair\', \'sku\': \'cc9011077ww\', \'type\': \'Case\', \'description\': \'  \""Corsair Carbide 100R Silent Edition Black Case\""@en 2X5.25"
1875,{'Output': 'mismatch'},"3.5 DP NHP SAS\', \'category\': \'Hard Drive\', \'subcategory\': \'3.5 400GB 10K 3.5 DP NHP SAS\', \'brand\': \'HP\', \'sku\': \'508429001\', \'type\': \'Hard Drive - 3.5\"" 1"
1876,{'Output': 'mismatch'},"6GB\', \'description\': \'  ""HP 430165-003-10Pack 146GB 10K 1.5k RPM 3.5\"" SAS Hard Drive 10 Pack\"" Hard Drive - HP 430165-003-10Pack 146GB 1"
1877,{'Output': 'mismatch'},"{""Output"": ""match""}"
1878,{'Output': 'mismatch'},"10K 3.5 Fiber Channel Drive"", ""Null"" 518736-001 HP 450-GB 10K 3.5 Fiber Channel Drive 450GB 10K 3.5 Fiber Channel Drive 450GB 10K 3.5 Fiber Channel Drive 450"
1879,{'Output': 'mismatch'},"\', \'subcategory\': \'AMD FX Processors\', \'brand\': \'AMD\', \'sku\': \'fd6300wmhkbox\', \'type\': \'6-Core Desktop Processor\' }', 'Entity_2': '{\'title\': \'AMD FX-6300 3.5 GHz processor Series\', \'category\': \'Computer Processors\', \'"
1880,{'Output': 'mismatch'},"TB Barracuda 3.5"" 7200 RPM Internal Hard Drive\', \'subcategory\': \'Hard Drive\', \'brand\': \'Seagate\', \'type\': \'Hard Drive\' }', 'Entity_2': '{\""title\"": \""Seagate 2TB Barracuda 3.5\"" 7200 RPM Internal Hard Drive\"", \""category"
1881,{'Output': 'mismatch'},"K FC-AL"" Price BD03656ABA-10Pack"" ""New BD03656ABA FC-AL 10 Pack W\'}'} -> match'}

{'Entity_1': '{\""/sku\"": \""[co9050013ww]\"", \""description\"": \""  \""Corsair SP120 PWM High Pressure Fan"
1882,{'Output': 'mismatch'},"\'category\': \'Computers\', \'Categorie\': \'Computers\', \'Merk\': \'HP\', \'Product\': \'HP 2100 2100 2100 2100 2100 2100 2100 2100 2100 210"
1883,{'Output': 'mismatch'},"agate 1TB 7.2K 3.5 3G SATA HDD\', \'subcategory\': \'Hard Drive - 3.5 inch - 7.2K - SATA - 3G\', \'type\': \'Hard Drive - 3.5 inch - 7.2K - SATA - 3G\', \'sku\': [\'st31"
1884,{'Output': 'mismatch'},"\'title\': \'359461-007 HP 300-GB 10K FC-AL\', \'category\': \'Null\', \'subcategory\': \'Description:2 x StorageWorks 300GB 10K Fibre Channel 40 pin 2GB/s HotSwap FCAL Hard Drive Part Number(s) Option Part"
1885,{'Output': 'mismatch'},"\'category\': \'Processors\', \'Categorie\': \'Processors\', \'Manufacturer\': \'AMD\', \'Category\': \'CPU\', \'Part Number\': \'AMD FX-8320 8-Core 3.20GHz 8MB Cache 125W Desktop Processor\', \'description\': \'  \""AMD FX-8320"
1886,{'Output': 'mismatch'},",00\', \'description\': \'  \""Corsair Vengeance LED CMU32GX4M2C3000C15R\"" \""Corsair Vengeance LED 32GB 2x16GB 2666MHz DDR4 2400MHz 2400MHz 2400MHz 240"
1887,{'Output': 'match'},"Servers\', \'Sub-Category\': \'Servers\', \'Part Number\': \'483403-B21\', \'description\': \'  \""Genuine HPE 483403-B21 120GB 2.5\"" SATA Hard Drive 7200 RPM 3.5\"" 120GB 72"
1888,{'Output': 'match'},"{""sku"": ""5084290015pack""}"
1889,{'Output': 'mismatch'},"14-B21 HP 9.1GB Ultra2 7.2K Drive"" ""Null""   ""Description:9.1GB Ultra2 SCSI Hot-Plug 1 Drive o\', \'title\': \'349514-B21 HP 9.1GB Ultra2 7.2K Drive\', \'category\': \'HardDrive\', \'"
1890,{'Output': 'mismatch'},"': \'\'', \'sku\': \'gbbki7ha7500\', \'type\': \'Mini PC\'', \'motherboard\': \'Intel 7 Series\'', \'motherboardSize\': \'105 x 110 mm\'', \'motherboardFormFactor\': \'Mini-ITX\'', \'motherboardChipset\': \'"
1891,{'Output': 'match'},"ismatch'} 

{'Entity_1': '{\""mpn\"": \""[1at98aaabb]\"", \""gtin13\"": \""[190781074069]\"", \""category\"": \""Computers_and_Accessories\"", \""price\"": \"".279.00\""}', 'Entity_2': ""{\""title\"": \""HP"
1892,{'Output': 'mismatch'},"GB\', \'brand\': \'""Corsair\""', \'Item Code\\xa0\': \'0887276086057\', \'price\': \""249.99\"", \""US$\""'}', 'Entity_2': '{\'title\': \'Corsair Vengeance Red LED 32GB DDR4 300"
1893,{'Output': 'mismatch'},"ketpost\': \'€ 3,95\', \'description\': \'  \""HP Proliant Low Power kit 647897-B21 - Prijzen \""@NL Tweakers\""@NL\', \'title\': \'HP Proliant Low Power kit 647897-B21 - Prijzen \""@NL Tweakers"
1894,{'Output': 'mismatch'},"\', \'description\': \'  \""430165-003 HP 146GB 10K 2.5\"" Internal Hard Drive 146GB 10K RPM 3.5mm 2.5 inch x 1/3H (Low Profile) 146GB 10K RPM 3.5"
1895,{'Output': 'match'},"elle (4KB)\': \'540 MB/s\', \'description\': \'  \""Samsung 840 128GB 2.5\"" SATA III 6Gb/s M.2 2280 SSD\"", \""Null\"" Price 840 128GB 2.5\"" SATA III 6Gb/s M.2 2"
1896,{'Output': 'mismatch'},"{""Output"": ""match""}"
1897,{'Output': 'mismatch'},"001-SC"" ""New 658102-001-SC \', \'category\': \'Null\', \'Category\': \'Proliant HardDrive\', \'Sub-Category\': \'7.2K\', \'Generation\': \'SATA SC\', \'Part Number\': \'658102-001-5"
1898,{'Output': 'mismatch'},"{""Output"": ""match""}"
1899,{'Output': 'mismatch'},"16GB\', \'description\': \'  \""CMZ16GX3M2A1600C10 2 x 16GB 1600MHz DDR3 2GB 16GB 2x16GB 256GB 256GB 256GB 256GB 256"
1900,{'Output': 'mismatch'},"\'Type\': \'Hard Drive Hot-Swap\', \'Form Factor\': \'3.5 inch x 1 inch Plug-in Module\', \'Capacity\': \'450GB\', \'Interface Type\': \'SAS\', \'Data Transfer Rate\': \'2GB/s\', \'Rotational Speed\': \'10000RPM\', \'Pins\': \'"
1901,{'Output': 'mismatch'},"35858293793,  735858293794,  735858293795,  735858293796,  735858293797,  735858"
1902,{'Output': 'mismatch'},"': '{\'title\': \'AMD FX-6300 3.50GHz 6-Core Processor (FD6300WMHKBOX)\', \'category\': \'Processors\', \'subcategory\': \'AMD Processors\', \'brand\': \'AMD\', \'sku\': \'FD6300WMHKBOX\', \'type\': \'Processor\',"
1903,{'Output': 'mismatch'},"\'\', \'EAN\': \'848719062854\'}', 'Entity_2': '{\""description\"": \""  \""Fire, 7\"" Display, Wi-Fi, 8 GB - Includes Special Offers, Black (B00TSUGXKE | SV98LN 84871906285"
1904,{'Output': 'mismatch'},"maximum)\': \'8 GB\', \'Networking Protocol\': \'Ethernet, Fast Ethernet, GB Ethernet\', \'Storage Controller RAID Level\': \'RAID 0, RAID 1, RAID 10, RAID 5\', \'Actual Weight\': \'50 lbs\', \'price\': \'""USD"", ""$828.95""\', \'description\': \'"
1905,{'Output': 'mismatch'},"\': \'[cm8066201919901]\', \'category\': \'Processor/CPU\', \'Categorie\': \'Processors\', \'Merk\': \'Intel\', \'Productserie\': \'Core i7\', \'Product\': \'Intel Core i7-6700K\', \'Uitvoering\': \'"
1906,{'Output': 'mismatch'},"', \'title\': \'658071-B21 500-GB 6G 7.2K 3.5 SATA SC\', \'subcategory\': \'Description:658071-B21 HP G8 G9 500-GB 6G 7.2K 3.5 SATA SC 10"
1907,{'Output': 'match'},"{""Output"": ""match""}"
1908,{'Output': 'mismatch'},"\'\', \'subcategory\': \'\', \'brand\': \'AMD\', \'sku\': \'RYZEN 5 1400\', \'type\': \'Ryzen 5 1400\', \'description\': \'  \""AMD RYZEN 5 1400 3.4GHz 10MB 4 CORE"
1909,{'Output': 'mismatch'},"description\': \""430169-002 HP 72-GB 3G 15K 2.5 DP SAS\"" \""430169-002 HP 72-GB 3G 15K 2.5 DP SAS\"" \""New 430169-002 SAS"
1910,{'Output': 'mismatch'},"{""Output"": ""match""}"
1911,{'Output': 'match'},",95\', \'description\': \'  \""Corsair Vengeance LED 64GB 3000MHz 2x32GB DDR4 2666MHz 2666MHz 2666MHz 2666MHz 2666MHz 2666MHz 2666MHz 266"
1912,{'Output': 'match'},00000000000000000000000000000000000000000000000000000000000000000000000000000000
1913,{'Output': 'mismatch'},"\'type\': \'Six Core, 12 Thread, 3.4GHz Clock, 3.8GHz Turbo\', \'description\': \'  \""Intel i7 6800K Broadwell Extreme Unlocked CPU/Processor\""@en CPU/Processor LN72342 - BX80671I76800K, BX8"
1914,{'Output': 'mismatch'},"sku\': \'dh0072balwl10pack\', \'type\': \'Hard Drive - Hot-Swap\'}', 'Entity_2': '{\'title\': \'HP DH0072BALWL 72GB 3G 15K 2.5 DP SAS HDD 10 Pack\', \'category\': \'Hard Drive\', \'"
1915,{'Output': 'mismatch'},"cmu64gx4m4c3000c15]\', \'/gtin13\': \'[843591090742]\', \'category\': \'Computer Memory\', \'Categorie\': \'Geheugen intern\', \'Merk\': \'Corsair\', \'Productserie\': \'Vengeance LED\',"
1916,{'Output': 'mismatch'},"HP 5000 Series\', \'description\': \'  ""HP 5000 Series 2.0 2.5 3.5 5.0 6.0 7.0 8.0 9.0 10.0 12.0 14.0 16.0 18.0"
1917,{'Output': 'mismatch'},"category\': \'Memory\', \'description\': \'  \""Corsair - Vengeance 16GB (2 x 8GB) DDR4 3200MHz Memory Kit\""@en 16GB 2 x 8GB 3200MHz 240-pin DDR4 Memory Kit 240-pin 2 x 8GB 3"
1918,{'Output': 'mismatch'},"3\', \'Hard Drive\': \'1TB 7200RPM SATA III 3.5-inch HDD\', \'description\': \'  \""Apple Mac mini (2014) - 1.4GHz Intel Core i5 (3rd Gen) 4GB 1TB HDD\""  \""Apple Mac mini (2014) - 1."
1919,{'Output': 'mismatch'},"ables"" @nl\', \'title\': \'Gigabyte Radeon RX VEGA 56 8G - graphics card 8 GB\', \'subcategory\': \'\', \'brand\': \'Gigabyte\', \'sku\': \'gvrxvega568gdb\', \'type\': \'Video card\'}', 'Entity_2': '{\'title\"
1920,{'Output': 'mismatch'},"-TB 7.2K 3.5 SATA"" ""Null""   ""Description:5 x Seagate Barracuda ES.2 Hot-Plug Serial ATA (SATA) 3.0GB/s 1.0TB 7.2K 3.5-inch 3.0GB/s 3.5 inches x 1/3H\', \'category"
1921,{'Output': 'mismatch'},"': \'""Hard Drive - Internal""\', \'subcategory\': \'""Hard Drive - Internal - 2.5 inch - 5000 rpm - 3.5 TB - 3.5 inch - 3.5 inch - 3.5 inch - 3.5 inch - 3.5 inch - 3.5 inch - 3.5 inch"
1922,{'Output': 'mismatch'},"""300876-B21 HP 300-GB 10K FC-AL"", \""Null\"" \""New 300876-B21 FC-AL 10 Pack Wholesale Price 300876-B21-10Pack\""  \""Description\', \'title\': \'300876-B"
1923,{'Output': 'mismatch'},"0300FARVV"", ""Null"" Price DG0300FARVV"" ""New DG0300FARVV HDD Whol\', \'category\': \'Hard Drive - Hot-Swap\', \'subcategory\': \'10K\', \'Generation\': \'SAS\', \'Part Number\': \'DG0300FARVV\', \'"
1924,{'Output': 'mismatch'},"match'} 

{'Entity_1': '{\""brand\"": \""3R-A3851-AA\"", \""category\"": \""Null\"", \""Category\"": \""Proliant HardDrive\"", \""Sub-Category\"": \""15K\"", \""Generation\"": \""Ultra320\"", \""Part Number\"": \""3R-A3851-AA\"", \""Products ID\"": \""1536"
1925,{'Output': 'match'},"\""AMD A8-7670K 3.4GHz 4MB 800000000000000000000000000000000000000000000000000000000000"
1926,{'Output': 'mismatch'},"\', \'description\': \'  \""HP 43016900210pack - 72GB 15K 2.5\"" Hot-Swap Hard Drive\""@en\', \'title\': \'HP 43016900210pack - 72GB 15K 2.5\"" Hot-S"
1927,{'Output': 'match'},94-B21 128MB PC100 ECC DDR Memory Module 287494-B21 128MB PC100 ECC DDR 128MB 100MHz 128MB 128MB 128MB 128MB 128MB 128MB
1928,{'Output': 'mismatch'},"yd195xa8aewof\', \'Tweakers ID\': \'242242\', \'description\': \'  \""AMD Ryzen Threadripper 1950X 16-Core 3.5GHz 125W\""@en \""AMD Ryzen Threadripper 1950X 16-Core 3.5GHz"
1929,{'Output': 'mismatch'},"\'Brand Name\': \'Samsung\', \'description\': \'  \""Samsung 4GB 240-pin DDR3 1333MHz CL9 Memory Module\"" \""Samsung 4GB 240-pin DDR3 1333MHz CL9 Memory Module\"" \""Samsung 4GB 240-pin DDR3 1333MHz CL9"
1930,{'Output': 'mismatch'},"€ 100,-\': \'€ 0,-\', \'Opsturen vanaf € 10,-\': \'€ 0,-\', \'Opsturen vanaf € 20,-\': \'€ 0,-\', \'Opsturen vanaf € 30,-\': \'€ 0,-\', \'Opsturen vanaf € 4"
1931,{'Output': 'mismatch'},"010b]\', \'brand\': \'Seagate\', \'category\': \'Hard Drive\', \'Category\': \'Hard Drive\', \'description\': \'  \""Seagate 1TB 3.5 inch 7200 RPM SATA III 3Gb/s Internal Hard Drive\"" \""Seagate 1TB 3.5 inch 7200 RPM"
1932,{'Output': 'mismatch'},"10K 3.5 SP SAS\', \'category\': \'Null\', \'subcategory\': \'Description:2 x 400GB 10K 3.5-inch Single Port Hot-Plug Hard DriveIn HPE Drive tray (as pictured)For G1-G7 Proliant SAS Ser\', \'brand\': \'New 45689"
1933,{'Output': 'mismatch'},"65 572071-B21 60-GB 2.5 MDL SATA SSD"", ""Null"" Price 572071-B21 60-GB 2.5 MDL SATA SSD"", ""Null"" Price 572071-B21 60-GB 2.5 MDL SATA"
1934,{'Output': 'mismatch'},"\'type\': \'5 Bay Synology DS1517+ Desktop NAS, SATA HDD, Intel Atom Quad Core 2.4GHz, 8GB RAM, 10GbE Support\', \'description\': \'  \""DS1517+ 5 Bay Synology Desktop NAS Enclosure with 8GB\""@en 8GB LN8018"
1935,{'Output': 'match'},"'Entity_2': '{\""title\"": \""HP 354560-B21 PC3200-ECC SDRAM DIMM\"", \""category\"": \""memory\"", \""subcategory\"": \""Memory\"", \""brand\"": \""HP\"", \""sku\"": \""354560b21\"", \""type\"": \""HP PC3200-ECC SDRAM DIM"
1936,{'Output': 'match'},"0,-\', \'description\': \'  ""Gigabyte GA-H170N-WIFI 1700 1700M 1700M 1700M 1700M 1700M 1700M 1700M 1700M 1700M"
1937,{'Output': 'mismatch'},13000000000000000000000000000000000000000000000000000000000000000000000000000000
1938,{'Output': 'mismatch'},"{""sku"": ""493243b22""}"
1939,{'Output': 'mismatch'},"ID\': \'749603\', \'Productprijs\': \'€ 129,95\', \'Pakketpost\': \'€ 0,-\', \'iDeal\': \'€ 0,-\', \'Totaal\': \'€ 129,95\', \'Pakketpost DPD\': \'€ 3"
1940,{'Output': 'mismatch'},"2.0 x 2, HDMI 1.4 x 1, VGA x 1, Ethernet x 1, Audio x 1, Firewire x 1, 1 x 3.5mm Headphone Jack, 1 x 3.5mm Mic Jack, 1 x 3.5mm Line In Jack, 1 x 3.5mm"
1941,{'Output': 'mismatch'},"4-b21\'], \'type\': \'SAS 15K 3.5-inch Single Port Hot-Plug Hard Drive\'}'} -> match}

{'Entity_1': '{\""brand\"": \""Samsung\"", \""category\"": \""Hard Drive\"", \""description\"": \""  \""Samsung 320GB 3.5 inch 7200RPM Hard Drive"
1942,{'Output': 'mismatch'},': \'100000000000000000000000000000000000000000000000000000000000000000000000000000
1943,{'Output': 'mismatch'},"\'Samsung 960 Pro\', \'brand\': \'Samsung\', \'sku\': \'960 pro 2tb\', \'type\': \'Solid State Drive\', \'description\': \'  \""Samsung 960 PRO Polaris 2TB M.2 2280 PCI-e 3.0 x4 NVMe Solid State Drive\""@en"
1944,{'Output': 'mismatch'},"10 x 500GB 7.2K 3.5 1.5G SATA\', \'brand\': \'HP\', \'sku\': \'bx80646i34150\', \'type\': \'Hard Drive - Hot-Swap - Gen8\', \'description\': \'  ""HP 500-GB"
1945,{'Output': 'mismatch'},"\""brand\"": \""Seagate\"", \""category\"": \""Null\"", \""Category\"": \""Seagate HardDrive\"", \""Sub-Category\"": \""Desktop\"", \""Generation\"": \""SATA\"", \""Part Number\"": \""ST31000340AS\"", \""Products ID\"": \""457543\"", \""Capacity\"": \""1TB\"", \""Form Factor\"": \""3.5"
1946,{'Output': 'mismatch'},"\': \'Memory\', \'description\': \'  \""Corsair Vengeance LED CMU64GX4M4C3000C15R\""  \""Corsair Vengeance LED 64GB 4GB 3000MHz 15-17ns 2x32GB 2400MHz 15-17"
1947,{'Output': 'mismatch'},"4000FZEX)\', \'category\': \'Hard Drives\', \'subcategory\': \'Hard Drives\', \'brand\': \'Western Digital\', \'sku\': \'wd4000fzex\', \'type\': \'Hard Drive\', \'description\': \'  \""WD Blue 4TB 5400rpm SATA 6Gb/s"
1948,{'Output': 'match'},"PD\': \'€ 2,95\', \'Pakketpost DPD\': \'€ 2,95\', \'Pakketpost vanaf\': \'€ 0,-\', \'Pakketpost > € 50,-\': \'€ 0,-\', \'Pakketpost (vanaf € 29,-)\': \'€"
1949,{'Output': 'mismatch'},"1\', \'description\': \'  \""HP 456896-001\""@en Hard Drive - 456896-001 - 10K 250GB 3.5\"" SAS Hard Drive - 10K 250GB 3.5\"" SAS Hard Drive - 10K"
1950,{'Output': 'mismatch'},"\', \'type\': \'Description:HP 615729-B21 10GB 2-Port 554FLR Adapter in 10000000000000000000000000000000000000000000"
1951,{'Output': 'mismatch'},"\'Hard Drive Type\': \'Hard Drive\', \'Hard Drive Type 2\': \'Hard Drive - 3.5 inch\', \'Hard Drive Type 3\': \'Hard Drive - 3.5 inch - 5400RPM\', \'Hard Drive Type 4\': \'Hard Drive - 3.5 inch - 5400RPM -"
1952,{'Output': 'mismatch'},"165003\', \'Products ID\': \'455127hp\', \'description\': \'  ""HP 430165003 146GB 6G 10K 2.5 DP SAS Hard Drive 146GB 6G 10K 2.5 DP SAS Hard Drive"
1953,{'Output': 'mismatch'},"- DDR2 4 GB : 2 x DIMM 240-pin\""@es-es  ""      Marca  HPE      Modelo  497765-B21      Tipo  ""}'}"": mismatch}

{'Entity_1': '{\""brand\"": \""Samsung\"", \""category\"": \""\"" , \""Category\"": \""Hard Disks\"", \""subcategory\"": \"""
1954,{'Output': 'mismatch'},"\""title\"": \""Corsair 4GB 1333MHz DDR3 204-pin SODIMM\"", \""category\"": \""SODIMM\"", \""subcategory\"": \""SODIMM\"", \""brand\"": \""Corsair\"", \""sku\"": \""cmso4gx3m1a1333c9\"", \""type\"": \""Registered 266"
1955,{'Output': 'mismatch'},"100,-\': \'€ 0,-\', \'Pakketpost (boven € 100,-)\': \'€ 0,-\', \'Pakketpost (boven € 100)\': \'€ 0,-\', \'Pakketpost (boven € 100,-)\': \'€ 0,-\', \'Pak"
1956,{'Output': 'mismatch'},"title\': \'HP 445974-B21 Opteron 2354 2.2GHz 4-Core Processor Kit\', \'category\': \'Processors\', \'subcategory\': \'AMD Processors\', \'brand\': \'HP\', \'sku\': \'445974b21\', \'type\': \'Processor Kit\'"
1957,{'Output': 'mismatch'},"{""Answer"": ""match""}"
1958,{'Output': 'mismatch'},\'HP 500668-B21 1GB (1 x 1GB) PC3-10600 UDIMM 1333MHz Unbuffered ECC DIMM 1.35V 240-Pin Server Memory 1.35V 1.35V 1.35V 1.
1959,{'Output': 'mismatch'},"': \'1.5V\', \'description\': \'  \""Samsung 8GB 1600MHz DDR3 Memory Module - 2x4GB 8GB (2x4GB) 1600MHz 1.5V 204 Pin 9-9-9-24 Non-ECC UDIMM Memory Module - 8GB"
1960,{'Output': 'mismatch'},"\': \'2x 146GB SATA Hard Drive 10K RPM\', \'description\': \'  \""HPE ProLiant DL760 G2 338974-B21\""@en  \', \'title\': \'HPE ProLiant DL760 G2 338974-B21"
1961,{'Output': 'mismatch'},"ers_and_Accessories\', \'Category\': \'Hard Drive\', \'Sub-Category\': \'7200RPM\', \'Generation\': \'SATA\', \'Part Number\': \'ST31000524NS\', \'Products ID\': \'457442\', \'Type\': \'Hard Drive - Hot-Swap\', \'Capacity"
1962,{'Output': 'mismatch'},"001\', \'category\': \'\', \'description\': \'  \""658102-001 658102-001 658102-001 658102-001 658102-001 658102-"
1963,{'Output': 'mismatch'},")\': \'€ 5,95\', \'description\': \'  \""Corsair Carbide SPEC-03 Orange LED\""@en  \""Corsair Carbide SPEC-03 Orange LED\""@es  \""Corsair Carbide SPEC-03 Orange LED\""@fr  \""Corsair Carbide SPEC-03 Orange LED\""@de  \""Corsair Carb"
1964,{'Output': 'match'},"2,10\', \'description\': \'  \""TP-Link TL-SF1008D 8-Port 10/100Mbps Desktop Switch\"", \""Null\"" \""TP-Link TL-SF1008D 8-Port 10/100Mbps Desktop Switch\"" \""TP-Link TL-SF1008D"
1965,{'Output': 'mismatch'},"{""Output"": ""match""}"
1966,{'Output': 'match'},"36-GB U320 SCSI 15K 2-Pack\', \'subcategory\': \'Hard Drive - 15K Ultra320\', \'type\': \'Hard Drive\'}', 'Entity_2': '{\""title\"": \""Dell F1372 36GB 15K 2-Pack Ultra320 SCSI Hard Drive"
1967,{'Output': 'mismatch'},"{""Output"": ""match""}"
1968,{'Output': 'mismatch'},"3-1333 CL9 1.5V, Value Select"", \""Null\""  ""Corsair CMV4GX3M2A1333C9 4GB (2x2GB) DDR3-1333 CL9 1.5V Unbuffered Memory Kit"", \""Null\""  ""Corsair CMV4GX3M"
1969,{'Output': 'mismatch'},"{""Output"": ""mismatch""}"
1970,{'Output': 'mismatch'},"\'description\': \'  \""Intel Core i5-7500 3.40 GHz 4-Core 4-Thread 65W Desktop Processor\"" \""Null\""   \""Description: Intel Core i5-7500 3.40 GHz 4-Core 4-Thread 65W Desktop Processor\"", \""Null\""   \""Description: Intel"
1971,{'Output': 'match'},"00-GB 10K 3.5 DP NHP SAS 5 Pack "" ""HP 508429-001 Part# -508429-001-5Pack""  ""Descri\', \'title\': \'508429-001 HP 400-GB 10K"
1972,{'Output': 'mismatch'},"Memory\': \'256 MB\', \'Hard Drive Capacity\': \'120 GB\', \'Hard Drive Type\': \'SATA\', \'Hard Drive Count\': \'1\', \'Hard Drive Speed\': \'7200 RPM\', \'Hard Drive Interface\': \'SAS\', \'Hard Drive Interface Type\': \'SAS\', \'Hard Drive Interface Speed\"
1973,{'Output': 'mismatch'},"{""Output"": ""match""}"
1974,{'Output': 'match'},"'}', 'Entity_2': '{\'title\': \'HP 432094-B21 146GB 15K 3.5 SP SAS 10 Pack\', \'category\': \'Storage\', \'subcategory\': \'Hard Drives\', \'brand\': \'HP\', \'sku\': \'432094-B2"
1975,{'Output': 'mismatch'},"category\': \'Hard Drive\', \'subcategory\': \'10K\', \'description\': \""508429-001 HP 400-GB 10K 3.5 DP NHP SAS\"", \""Null\"", \""508429-001 HP 400-GB 10K 3.5"
1976,{'Output': 'mismatch'},"{""Output"": ""match""}"
1977,{'Output': 'mismatch'},"-B21 ""@en  ""HP 629135-B21 1GB 4-Port Ethernet Adapter ""@en  ""HP 629135-B21 1GB 4-Port Ethernet Adapter ""@en  ""HP 629135-B21 1GB 4-Port Ethernet Adapter ""@en  ""HP"
1978,{'Output': 'mismatch'},"b21\', \'type\': \'FBWC 6Gb/s 1-port Internal and 1-port External SAS Controller\'}', 'Entity_2': '{\'title\': \""Hewlett Packard Enterprise Smart Array 641 Controller\"", \""category\"": \""Product data Hewlett Controller peripheral controllers (291966-B21)\"", \""subcategory\"":"
1979,{'Output': 'mismatch'},"D\', \'type\': \'Hard Drive Hot-Swap\', \'description\': \""  \""430165-003 2 Pack\"" \""New 430165-003 2 Pack Who\"", \""430165-003 2 Pack\"", \""430165-003 2"
1980,{'Output': 'mismatch'},"\'title\': \'603608-B21 HP Xeon X7560 2.26GHz BL620c G7\', \'subcategory\': \'Xeon X7560\', \'sku\': \'603608b21\', \'type\': \'Processor\'}', 'Entity_2': '{\'"
1981,{'Output': 'mismatch'},"5\"" 3.5\"" 3.5\"" 3.5\"" 3.5\"" 3.5\"" 3.5\"" 3.5\"" 3.5\"" 3.5\"" 3.5\"" 3.5\"" 3.5\"" 3.5\"" 3.5\"" 3.5\"" 3."
1982,{'Output': 'match'},"01 400GB 10K 3.5 inch Internal Hard Drive (4568960015pack)""@en\', \'title\': \'HP 400GB 10K 3.5 inch Internal Hard Drive (4568960015pack)\', \'subcategory\': \'Hard Drives"
1983,{'Output': 'match'},"\', \'Product\': \'Kingston 1064GB 128GB 128GB 128GB 128GB 128GB 128GB 128GB 128GB 128GB 128GB 128GB 128GB 128GB"
1984,{'Output': 'mismatch'},"ismatch'} 

{'Entity_1': '{\""description\"": \""  \""667805-B21 HP Intel Xeon E5-2603 1.8GHz BL460c G8\"", \""Null\"" Price 667805-B21\"" \""New 667805-B21 G8 W\"", \"""
1985,{'Output': 'mismatch'},"4 2400MHz Memory Kit 2 x 8GB 2400MHz\', \'category\': \'Computer Memory\', \'subcategory\': \'DDR4 Memory\', \'brand\': \'Corsair\', \'sku\': \'cmk16gx4m2400c16\', \'type\': \'DDR4 2400MHz"
1986,{'Output': 'mismatch'},BX80662I76700K 4.00 GHz 4C/8T 8.00 GT/s 14 nm 95W 8MB L3 Cache Intel Core i7-6700K 4.00 GHz 4C/8T 8.00 GT/s 14 nm
1987,{'Output': 'mismatch'},"\', \'Memory Speed (MHz)\': \'2400\', \'Merk\': \'Corsair\', \'Product\': \'Corsair Vengeance LED 16GB (2x8GB) DDR4 2400MHz\', \'Memory Speed (MHz)\': \'2400\', \'Memory Type (R/U)\': \'UDIMM\', \'Memory"
1988,{'Output': 'mismatch'},"{""Output"": ""mismatch""}"
1989,{'Output': 'mismatch'},"\'HP 432804-B21 1GB PC2-5300 1X1GB DDR Memory\', \'subcategory\': \'Memory\', \'sku\': \'432804b21\', \'type\': \'Memory: 1GB 1x1GB 667MHz PC2-5300 Un"
1990,{'Output': 'mismatch'},"{""Output"": ""match""}"
1991,{'Output': 'mismatch'},0p G2 2.8GHz 1MB 512MB 1GB 1GB 1GB 1GB 1GB 1GB 1GB 1GB 1GB 1GB 1GB 1GB 1GB 1GB 1GB 1GB 1GB 1GB 1GB 1GB 1GB
1992,{'Output': 'mismatch'},"\'description\': \'  \""CT500BX100SSD1 Crucial 500GB 2.5\"" SATA III 6Gb/s SSD - Black \""  \""CT500BX100SSD1 Part Number - CT500BX100SSD1\""  \""CT500BX100SSD"
1993,{'Output': 'mismatch'},"72GB 15K 2.5 DP SAS HDD\', \'brand\': \'HP\', \'sku\': \'430169002\', \'type\': \'Hard Drive\', \'description\': \'  \""430169-002 HP 72-GB 3G 15K 2.5 DP"
1994,{'Output': 'mismatch'},"title\': \'432803-B21 HP 512MB PC2-5300 ECC DIMM\', \'subcategory\': \'Price\', \'sku\': \'New 432803-B21 DIMM Wholesale Price 432803-B21\' , \'type\': \'Description:4328"
1995,{'Output': 'mismatch'},"': \'508429-001\', \'Products ID\': \'461015\', \'description\': \'  \""508429-001 HP 400-GB 10K 3.5 DP NHP SAS 508429-001 10K 3."
1996,{'Output': 'mismatch'},"', 'Entity_2': '{\""title\"": \""417190-002 HP 72-GB 15K 3.5 DP SAS HDD\"", \""category\"": \""Null\"", \""subcategory\"": \""Description:72GB 3.5-inch Serial Attached SCSI (SAS)SFF 15K Dual Port Hot-Plug 15"
1997,{'Output': 'mismatch'},"(SAS) SFF 3G Dual Port Hot-Plug\', \'description\': \'  ""DG0300BAHZQ HP 300-GB 3G 10K 2.5 DP SAS"", ""Null"" ""New DG0300BAHZQ SAS 5 Pack Wholesale Price DG03\'', 'Output': 'match"
1998,{'Output': 'match'},"\', \'Part Number\': \'HP431943003-32Pack\', \'Products ID\': \'455283\', \'Type\': \'Hard Drive Hot-Swap\', \'Form Factor\': \'3.5 inch x 1 inch Plug-in Module\', \'Capacity\': \'146GB\', \'Interface Type\': \'"
1999,{'Output': 'mismatch'},"'match'} 

{'Entity_1': '{\""brand\"": \""HP\"", \""description\"": \""  \""HP 358348-B21  \""HP, 358348-B21, 1GB PC2700 DDR SDR\""@en \""HP, 358348-B21, 1GB PC"
2000,{'Output': 'mismatch'},"€ 0,-\', \'description\': \'  \""TP-Link TL-SG1016\""  \""Description: TP-Link TL-SG1016\""  \""Description: 16-Port 10/100/1000 Mbps Unmanaged Switch\""  \""Description: 16-Port 10/100"
2001,{'Output': 'mismatch'},"3,95\', \'description\': \'  ""Gigabyte GA-H110M-S2HP"", ""Null"" ""New Gigabyte GA-H110M-S2HP"", ""Null"" ""New Gigabyte GA-H110M-S2HP"", ""Null"" ""New Gigabyte GA-H110M-S2HP"", ""Null"""
2002,{'Output': 'mismatch'},"{""price"": ""\""}"
2003,{'Output': 'mismatch'},"SAS) 6GB/s HotSwap Hard Drive 146GB 10K 2.5 DP\' }', 'Entity_2': '{\'title\': \'EG0146FARTR HP 146-GB 6G 10K 2.5 DP SAS HDD\', \'category\': \'Proliant HardDrive\',"
2004,{'Output': 'mismatch'},"€ 0,-\', \'Pakketpost (vanaf € 29,95)\': \'€ 0,-\', \'Pakketpost (vanaf € 44,95)\': \'€ 0,-\', \'Pakketpost (vanaf € 99,95)\': \'€ 0,-\', \'Pakketpost ("
2005,{'Output': 'mismatch'},"eon X5560 ML350 G6(2.80GHz/4-core/8MB/95W)Full Processor Option KitPart Number(s)Option Part# 495906-B21\', \'brand\': \'HP\', \'sku\': \'495906b21\', \'type\': \'Intel X"
2006,{'Output': 'mismatch'},"inch Hard disk with Box\', \'sku\': [\'icyac6034\', \'ibac6034u3\'], \'type\': \'Description:USB 3.0 external Adapter Cable for 2.5 inch Hard disk with Box\'}', 'Entity_2': '{\""title\"": \""USB 3.0 External Adapter Cable for 2.5"
2007,{'Output': 'mismatch'},".8GHz (Socket FM2) APU Richland Processor - Retail @en Socket FM2 | AD7300OKHLBOX\', \'subcategory\': \'New 7300OKHLBOX 10000000000000000000000000000000000"
2008,{'Output': 'mismatch'},"{""Answer"": ""match""}"
2009,{'Output': 'mismatch'},"170N-GAMING5\', \'description\': \'  \""Gigabyte GA-Z170N-GAMING 5\"" \""Null\""   \""Description:Gigabyte GA-Z170N-GAMING 5 Motherboard for Intel 4000 Series Chipset 5\', \'title\': \'Gigabyte GA-Z170"
2010,{'Output': 'mismatch'},"Port 331T Adapter"" "" HP ADAPTER - 647594-B21 Ethernet Adapters CDWG.com\', \'mpn\': \'647594b21\', \'/mpn\': \'[647594b21]\' }'} -> match}

{'Entity_1': '{\""brand\"": \"""
2011,{'Output': 'mismatch'},"': 'mismatch'}'

{'Entity_1': '{\""/mpn\"": \""[cmu64gx4m4c3000c15]\"", \""category\"": \""Memoria RAM\"", \""Categorie\"": \""Geheugen intern\"", \""Merk\"": \""Corsair\"", \""Productserie\"": \""Vengeance LED\"", \""Product\"": \""Corsair Vengeance"
2012,{'Output': 'mismatch'},"'}', 'Entity_2': '{\""title\"": \""454141-002 HP 500-GB 7.2K 3.5 SATA\"", \""category\"": \""Null\"", \""subcategory\"": \""Price\"", \""brand\"": \""HP\"", \""sku\"": \""454141-002-2Pack\"", \""type\"": \"""
2013,{'Output': 'mismatch'},e 64GB 4GB 2666MHz DDR3 1600MHz Memory Modules 2x32GB 2666MHz 1600MHz 2666MHz 1600MHz 2666MHz 1600MHz 2666MHz 1600MHz 2
2014,{'Output': 'mismatch'},"Type\': \'Hard Drive\', \'description\': \'  \""HP 456896-001 400GB 10K 3.5 SATA Internal Hard Drive\"" \""HP 456896-001 400GB 10K 3.5 SATA Internal Hard Drive\"" \""HP 45"
2015,{'Output': 'mismatch'},"\': \'USB flash drives\', \'brand\': \'Kingston\', \'sku\': \'DTDUO3C/32GB\', \'type\': \'USB flash drives\', \'description\': \'  \""Kingston Technology DataTraveler SE9 32GB\"" \""Null\"" Price DTDUO3C/32GB\"" \""New DTDUO"
2016,{'Output': 'mismatch'},"mpn\': \'[cmz16gx3m2a1600c10]\', \'category\': \'\', \'CAS Latency\': \'CL10\', \'Error Checking\': \'Non-ECC\', \'Number of Modules\': \'2 x 8 GB\', \'Number of Pins\': \'240-pin\', \'Signal Processing"
2017,{'Output': 'mismatch'},"5300 2GB (2 x 1GB) DDR II SDRAM Memory Kit 397411-B21\' }', 'Entity_2': '{\""title\"": \""HP 397411-B21 2GB (2 x 1GB) PC2-5300 SDRAM Memory Kit\"", \""category\"": \"""
2018,{'Output': 'match'},"4,95\', \'description\': \'  \""Corsair Vengeance LPX 16GB 2400MHz DDR4 2400MHz 2400MT/s 2x8GB 2400MHz 2400MT/s 2400MHz 2400MT/s 2400MHz"
2019,{'Output': 'mismatch'},"{""Output"": ""match""}"
2020,{'Output': 'mismatch'},"\'10000 rpm\', \'description\': \'  ""359461-001 HPE 72.8GB 10K 3.5 inch Fiber Channel Drive 10000 rpm 2GB/s 72.8GB 3.5 inch x 1 inch Plug-in Module 10000"
2021,{'Output': 'mismatch'},"‡\': \'[email protected]\', \'Max Resolution (HDMI 2.0)‡\': \'[email protected]\', \'Max Resolution (DisplayPort 1.4)‡\': \'[email protected]\', \'Max Resolution (DisplayPort 1.2)‡\': \'[email protected]\', \'Max Resolution (DisplayPort 1.1)"
2022,{'Output': 'mismatch'},"\'DG0146FAMWL\', \'Products ID\': \'1000000000000000000000000000000000000000000000000000000000000000"
2023,{'Output': 'mismatch'},"subcategory\': \'4x16GB PC4-24000 DDR4-3000Mhz, 15-17-17-35-2N@1.35V XMP, DDR4 Vengeance LED\', \'sku\': \'cmu64gx4m4c3000c15r\',"
2024,{'Output': 'mismatch'},"1600\', \'description\': \'  \""AMD FX 8320 3.50GHz 8-Core 8MB L2 8MB L3 32nm Socket AM3+ Processor\"" \""Null\""   \""Description:AMD FX 8320 3.50GHz 8-Core 8MB L2 8MB L"
2025,{'Output': 'mismatch'},"430165-003 HP 146-GB 3G 10K 2.5 DP SAS"", \""Description:10 x 430165-003 HP 146-GB 3G 10K 2.5 DP SAS\""  \""Description:10 x 43"
2026,{'Output': 'mismatch'},",95\', \'Opsturen vanaf € 20,-\': \'€ 0,-\', \'Opsturen vanaf € 50,-\': \'€ 0,-\', \'Opsturen vanaf € 25,-\': \'€ 0,-\', \'Opsturen vanaf € 100,-\': \'€ 0,-"
2027,{'Output': 'match'},"{""Output"": ""mismatch""}"
2028,{'Output': 'mismatch'},"4GB USB 3.0 OTG Flash Drive\', \'sku\': \'dtduo364gb\', \'type\': \'USB 3.0 OTG Flash Drive\'}', 'Entity_2': '{\""title\"": \""Kingston 32GB DataTraveler microDuo 3 DTDUO3/32GB USB 3.0"
2029,{'Output': 'mismatch'},"{""Output"": ""match""}"
2030,{'Output': 'mismatch'},"2 72GB 15K 3.5 DP SAS 5 Pack\', \'brand\': \'HP\', \'sku\': [\'417190-002-5Pack\'], \'type\': \'Hard Drive\', \'description\': \'  ""417190-002 HP 72-GB 1"
2031,{'Output': 'mismatch'},"{""Output"": ""mismatch""}"
2032,{'Output': 'mismatch'},"\'AMD A6-7400K 3.5GHz 2-Core Processor with Radeon R5 Graphics (Socket FM2+)\', \'subcategory\': \'A6-7400K Black Edition 3.50GHz (Socket FM2+) w/ Radeon R5 Graphics Dual Core Processor (AD740\', \'sku\': \'ad740"
2033,{'Output': 'mismatch'},"2KB\', \'description\': \'  \""ST31000340AS-5Pack Seagate 1TB 3.5 7200RPM SATA 5 Pack\"" \""Null\""  \""ST31000340AS-5Pack Seagate 1TB 3.5 7200RPM SATA"
2034,{'Output': 'match'},': \'Vengeance LPX 16GB 2400MHz DDR4 2400MHz 2x8GB 2400MHz 2400MHz 2400MHz 2400MHz 2400MHz 2400MHz 2400MHz 2400MHz 24
2035,{'Output': 'mismatch'},"Black\', \'subcategory\': \'USB Flash Drives\', \'brand\': \'SanDisk\', \'sku\': \'sdcz48032gu46r,  sdcz48032gu46\', \'type\': \'USB 3.0 Flash Drive\'}', 'Entity_2': '{\'title\': \'SanDisk"
2036,{'Output': 'mismatch'},"01\', \'sku\': \'658102001sc\', \'type\': \'Hard Drive - Hot-Swap - Gen8\', \'description\': \'  ""658102-001 HP G8 G9 2-TB 6G 7.2K 3.5 SATA SC"" ""HP 65"
2037,{'Output': 'match'},"0T PCI-X Quad Port Gigabit Server Adapter\', \'subcategory\': \'Proliant Network Adapter\', \'sku\': \'391661b21\'}', 'Entity_2': '{\'title\': \'HP NC340T 1GB/s 4 Port 10/1000Base-T Server Adapter\', \'category\': \"
2038,{'Output': 'mismatch'},"{""mpn"": ""[wd20purz]""}"
2039,{'Output': 'mismatch'},"FM2) APU Richland Dual Core Processor (AD640KOKHLBOX)\', \'sku\': \'ad640kokhlbox\', \'type\': \'CPU\' }', 'Entity_2': '{\""title\"": \""AMD A6-6400K 3.90GHz (Socket FM2) APU Richland Dual Core Processor"
2040,{'Output': 'mismatch'},31000640NS 1TB 3.5 SATA HDD 7.2K 3.5 inch 1/3H 320MB/s 7200RPM 8.5ms 1TB 3.5 inch 1/3H 320MB/s 7200RPM 8.
2041,{'Output': 'mismatch'},"{""Output"": ""mismatch""}"
2042,{'Output': 'mismatch'},"': \'[ztp10600b10m]\', \'category\': \'New\', \'description\': \'  \""Buy Online | Zotac GTX 1060 6GB AMP Edition Graphic Card ZT-P10600B-10M Price in India\""@en-US  \"" \', \'title\': \'Buy Online |"
2043,{'Output': 'mismatch'},"ography\': \'14nm technology\', \'description\': \'  \""Intel I7 7800X 3.5GHz 6C 12T 8.25MB Cache 14nm Technology 8 GT/s DMI3 4.0GHz Turbo\"" ""Null"" 7800X 3.5GHz 6C"
2044,{'Output': 'match'},"\'Network Adapters\', \'description\': \'  \""HPE ProCurve 2850 10/100/1000Base-T Gigabit Ethernet Adapter\""@en 2850 10/100/1000Base-T Gigabit Ethernet Adapter 10/100/1000Base-T"
2045,{'Output': 'mismatch'},"js\': \'""EUR"", ""149.95 EUR""\', \'description\': \'  ""Gigabyte GeForce GTX 1060 G1 Gaming 3G"", ""Null"" ""Gigabyte GeForce GTX 1060 G1 Gaming 3G 3GB 128-bit 1.55GHz 1.55"
2046,{'Output': 'mismatch'},"description\': \'  \""Corsair Vengeance LPX CMK16GX4M4B3000C15R - Prijzen \""@NL Tweakers\""@NL\', \'title\': \'Corsair Vengeance LPX CMK16GX4M4B3000C15R - Prijzen \""@NL Tweakers\"""
2047,{'Output': 'mismatch'},"15K 2.5 DP SAS HDD\', \'sku\': [\'512743001\'], \'type\': \'Hard Drive - Hot-Swap 15K 2.5-inch Dual Port Serial Attached SCSI (SAS) 6G 72GB\'}', 'Entity_2': '{\""title\"": \""HP"
2048,{'Output': 'mismatch'},"774b21\', \'type\': \'Processor\'}', 'Entity_2': '{\""title\"": \""HP 643774-B21 146GB 15K 3.5 In 5 Pack\"", \""category\"": \""Null\"", \""subcategory\"": \""Price\"", \""brand\"": \""HP\"", \""sku\"": \""643"
2049,{'Output': 'mismatch'},"-B21 HP 1GB PC2700 (1x1GB) Module\', \'subcategory\': \'358348-B21 1GB 333MHz Module Wholesale Price\', \'sku\': \'358348b21\', \'type\': \'Memory Module\'}', 'Entity_2': '{\'title\"
2050,{'Output': 'mismatch'},"6G SC Enterprise Mainstream Solid State Hard Drive (SSD)\'}', 'Entity_2': '{\'title\': \'HP 691862-B21 100GB 2.5 inch SATA 6G SSD\', \'category\': \'Hard Drive\', \'subcategory\': \'Enterprise Mainstream Solid State Hard Drive (SSD)\',"
2051,{'Output': 'match'},"{""Output"": ""mismatch""}"
2052,{'Output': 'mismatch'},"n\': \'[3ra3851aa5pack]\', \'brand\': \'3R-A3851-AA\', \'category\': \'Null\', \'Category\': \'Proliant HardDrive\', \'Sub-Category\': \'15K\', \'Generation\': \'Ultra320\', \'Part Number\': \'3R-A38"
2053,{'Output': 'match'},": 4.74\"" 2.5\"" Slim DVD Drive for Proliant DL145 361040-B21 4.74\"" 2.5\"" Slim DVD Drive for Proliant DL145 361040-B21 4.74\"" 2.5\"" Slim DVD Drive for"
2054,{'Output': 'mismatch'},"sku\': \'st31000524ns\', \'type\': \'SATA\'', 'Entity_2': '{\'title\': \'ST31000524NS HP 1-TB 7.2K SATA HDD\', \'category\': \'Storage\', \'subcategory\': \'Hard Drives\', \'brand\': \'H"
2055,{'Output': 'mismatch'},"21]\', \'brand\': \'""HP Enterprise""\', \'category\': \'Computers_and_Accessories\', \'Category\': \'Proliant HardDrive\', \'Sub-Category\': \'7.2K\', \'Generation\': \'Ultra2\', \'Part Number\': \'432804-B21\', \'Products ID\': \'1"
2056,{'Output': 'match'},"GTX 1060 6GB\', \'Merk\': \'NVIDIA\', \'Product\': \'GeForce GTX 1060 6GB 128-bit GDDR5X 1500 MHz 128-bit GDDR5X 1500 MHz 128-bit GDDR5X 1500 MHz"
2057,{'Output': 'mismatch'},"HP Proliant ML350 G4p PS\', \'category\': \'\', \'subcategory\': \'\', \'brand\': \'Hewlett Packard Enterprise\', \'sku\': \'325134001\', \'type\': \'Power Supply\', \'description\': \'  \""325134-001 HP"
2058,{'Output': 'mismatch'},"\'Corsair\', \'description\': \'  \""Corsair 16GB (4 x 4GB) DDR4 3000MHz 1.2V 2400MHz 16-16-16-36 2400MHz 1.2V 1.2V 1.2V 1.2"
2059,{'Output': 'mismatch'},"GB 10K 2.5-inch Dual Port Hot-Plug Hard Drive"", ""Null"" 430165-003 2-Pack', \'title\': \'430165-003 HP 146-GB 3G 10K 2.5 DP SAS 2 Pack\', \'subcategory\': \'"
2060,{'Output': 'mismatch'},"{""Output"": ""mismatch""}"
2061,{'Output': 'mismatch'},"3.5 SATA HDD\""@en 500GB 1.5G 7.2K 3.5 SATA HDD HP 500-GB 1.5G 7.2K 3.5 SATA HDD HP 500-GB 1.5G 7.2K 3.5 SATA HDD HP 500"
2062,{'Output': 'mismatch'},"': \'ad860k\', \'type\': \'Retail\', \'description\': \'  \""AMD Athlon X4 860K Black Processor with 95w Quiet Cooler\""@en  \""AMD Athlon X4 860K 3.7GHz Quad-Core Processor\"" ""AMD Athlon X4 860K 3.7"
2063,{'Output': 'match'},"{""Output"": ""mismatch""}"
2064,{'Output': 'mismatch'},"00)\': \'€ 0,-\', \'description\': \'  ""HP Proliant HP Low Power kit - Geheugen - 8 GB - D\""@en 8 GB - D - 647897-B21 | SCAN UK\""@en  8 GB - D - 647897-B21 | SCAN UK"
2065,{'Output': 'mismatch'},"\'price\': \'""CAD""\', \'description\': \'  ""BD03655B28 StorageWorks 36.4GB 2G 10K 3.5 inch x 1 inch Plug-in Module Fiber Channel Hard Drive"", ""Null"" Price BD03655B28-5Pack"" ""New BD036"
2066,{'Output': 'mismatch'},"5.25 in 20GB SCSI Drive 340743-B22"", \""Null\"" Price 340743-B22 \"" 20/40GB 20GB 20/40GB 20/40GB 20/40GB 20/40GB 20"
2067,{'Output': 'mismatch'},"{""Output"": ""match""}"
2068,{'Output': 'mismatch'},"\'Null 238921-B21 HP 72.8-GB 10K FC-AL 5Pack\', \'category\': \'Null\', \'subcategory\': \'Description:5 x 72.8GB 3.5-inch FC-AL Hot-Plug 10K Hard DriveIn HPE Drive tray (as pictured)For"
2069,{'Output': 'mismatch'},",-\', \'description\': \'  \""Corsair Carbide SPEC-03 1200mm 3.5\"" Harddisk Bay 3.5\"" Harddisk Bay 3.5\"" Harddisk Bay 3.5\"" Harddisk Bay 3.5\"" Harddisk Bay 3.5\"" Harddisk Bay 3.5\"" Harddisk Bay"
2070,{'Output': 'mismatch'},"\'Merk\': \'ASUS\', \'Productserie\': \'Strix\', \'Product\': \'ASUS Strix 1200DVI-IPB\', \'Uitvoering\': \'ASUS Strix 1200DVI-IPB\', \'EAN\': \'0353640334552"
2071,{'Output': 'mismatch'},"'\"", \""$149.99\""', \'description\': \'  \""430165003 HP 146-GB 10K 2.5 1.5G SAS Drive\"", \""Null\"" Price 430165003\"" \""New 430165003 Whole\', \'"
2072,{'Output': 'mismatch'},BL20P G2 Xeon 2.8GHz (2P) 2.8GHz 2.8GHz 2.8GHz 2.8GHz 2.8GHz 2.8GHz 2.8GHz 2.8GHz 2.8GHz 2.8GHz 2.8GHz 2.8GHz 2.
2073,{'Output': 'mismatch'},-B21 359623-B21 359623-B21 359623-B21 359623-B21 359623-B21 359623-B21 359623-B21 359623
2074,{'Output': 'mismatch'},"{""Output"": ""match""}"
2075,{'Output': 'mismatch'},"DDR3\', \'Description\': \'6300 Black Edition 3.50GHz 6-Core 6MB L2 6MB l3 32 nm technology ""@en | AMD FX-6300 Black Edition - Prijzen ""@NL Tweakers""@NL  ""6300 Black Edition 3.50GHz 6-Core 6MB"
2076,{'Output': 'mismatch'},"{""Output"": ""match""}"
2077,{'Output': 'match'},"29-0\'', 'Entity_2': '{\'title\': \'508429-001 HP 400-GB 10K 3.5 DP NHP SAS HDD\', \'category\': \'Null\', \'subcategory\': \'Description:400GB Serial Attached SCSI (SAS) 3.5-inch Non-H"
2078,{'Output': 'mismatch'},".com  ""This great value Matrox G550 LP PCIe Video Card is a great choice for your home office or gaming PC. This Matrox G550 LP PCIe Video Card is a great choice for your home office or gaming PC. This Matrox G550 LP PCIe Video Card is a great choice for your home office or gaming PC. This Matrox G55"
2079,{'Output': 'mismatch'},"\'4568960012pack\', \'type\': \'Description:HP 400GB 10K 3.5 DP SAS Hard Drive 2Pack 10000RPM 3.5\"" 3.5\"" 1/3H (Low Profile) 3.5\"" 3.5\"" 1"
2080,{'Output': 'mismatch'},"2b21\', \'type\': \'2.5-inch Small Form Factor (SFF)Pluggable Serial ATA (SATA) 6G SC\'}', 'Entity_2': '{\'title\': \'583383-B21 HP Xeon E5506 2.13GHz DL170h G6\', \'"
2081,{'Output': 'mismatch'},"{""brand"": ""Dell""}"
2082,{'Output': 'mismatch'},"\', \'description\': '  \""HP ProLiant DL360 G5 2.2GHz 2MB 2MB 45nm 4-Processor 2.2GHz 2MB 2MB 45nm 4-Processor 2.2GHz 2MB 2MB 45nm 4-Processor 2.2GHz"
2083,{'Output': 'mismatch'},"K (540-5629) Sun 300-GB\', \'category\': \'Null\', \'Category\': \'Sun HardDrive\', \'Sub-Category\': \'10K\', \'Generation\': \'Fibre Channel\', \'Part Number\': \'XTA-3510-300GB-10K\', \'Products"
2084,{'Output': 'mismatch'},BA 1000Base-T 1000 Mbps 1000 Mbps 1000 Mbps 1000 Mbps 1000 Mbps 1000 Mbps 1000 Mbps 1000 Mbps 1000 Mbps 1000 Mbps 1000 Mbps 1000 Mbps
2085,{'Output': 'mismatch'},"{""Output"": ""match""}"
2086,{'Output': 'match'},1333 MHz 200-10000 MT/s 288 Pin 1.2V 1024x4 1Rx4 ECC RDIMM 1333 10000 MT/s 200-10000 MT/s 288 Pin 1.2V 1
2087,{'Output': 'mismatch'},"\', \'Capacity\': \'144GB\', \'Interface\': \'Serial Attached SCSI (SAS)\', \'Enclosure\': \'Internal\', \'Drive Dimensions\': \'3.5 inches x 1/3H (Low Profile)\', \'Spindle Speed\': \'10000RPM\', \'External Data Transfer\': \'100MB/s"
2088,{'Output': 'mismatch'},"'}', 'Entity_2': '{\'title\': \'HP 20/40GB Internal DLT Tape Drive 340769001\', \'category\': \'\', \'subcategory\': \'\', \'brand\': \'HP\', \'sku\': [\'340769001\', \'34076"
2089,{'Output': 'mismatch'},"M\', \'description\': \""HP 4GB 1066MHz DDR3 PC2-8500 Registered Memory Kit\"", \""HP 4GB 1066MHz DDR3 PC2-8500 Registered Memory Kit\"", \""HP 4GB 1066MHz DDR3 PC2-8500 Registered Memory Kit\"", \""HP"
2090,{'Output': 'mismatch'},"33 MHz\', \'description\': \'  ""409159-B21 HP 2.33GHz Intel Xeon Processor 4500 Series Quad-Core 4500 Series 4500 Series 4500 Series 4500 Series 4500 Series 4500 Series 4500"
2091,{'Output': 'mismatch'},"{""Output"": ""mismatch""}"
2092,{'Output': 'mismatch'},"bs 64MB\', \'category\': \'Computers_and_Accessories\', \'subcategory\': \'Hard Drives\', \'brand\': \'WD\', \'sku\': \'wd1003fzex\', \'type\': \'Hard Drive\', \'description\': \'  \""HDD Desk Black 1TB 3.5 SATA 6Gbs"
2093,{'Output': 'mismatch'},"{""Output"": ""match""}"
2094,{'Output': 'mismatch'},"Drive Dimensions\': \'3.5 inches x 1/3H (Low Profile)\', \'Spindle Speed\': \'10000RPM\', \'External Data Transfer\': \'150MB/s\', \'Seek Time\': \'3.5ms\', \'HotSwap\': \'Yes\', \'Hot Swap Tray\': \'Included/Attached\', \'price"
2095,{'Output': 'match'},"\': \'BD03656ABA\', \'Products ID\': \'472810\', \'Type\': \'Hard Drive - Hot-Swap - Gen8\', \'Large Form Factor\': \'3.5 inches\', \'Capacity\': \'3000GB\', \'Interface Type\': \'Fibre Channel\', \'Connector\': \'22-"
2096,{'Output': 'mismatch'},"{""Output"": ""mismatch""}"
2097,{'Output': 'mismatch'},"\'€ 68,94\', \'Pakketpost (vanaf € 29,95)\': \'€ 0,-\', \'Pakketpost vanaf € 42,35\': \'€ 0,-\', \'Pakketpost (vanaf € 50,-)\': \'€ 0,-\', \'iDEAL\"
2098,{'Output': 'mismatch'},"description\': \'  ""Asus Xonar Essence STX II 7.1 7.1 (90YA00NN-M0UA00) 7.1 7.1 7.1 7.1 7.1 7.1 7.1 7.1 7.1 7.1 7.1"
2099,{'Output': 'match'},8GB 2 x 4GB 240-pin DDR II SDRAM Memory Module 667MHz (PC2-5300) 1.5V 1.5V 1.5V 1.5V 1.5V 1.5V 1.5V 1.5V 1.5V
2100,{'Output': 'mismatch'},"/s\', \'description\': \'  \""HP Proliant 146GB 10K 3.5\"" Hot-Swap Hard Drive DG0146FAMWL\""@en HP Proliant 146GB 10K 3.5\"" Hot-Swap Hard Drive DG0146FAMWL\', \'title\': \'"
2101,{'Output': 'mismatch'},"\'Description\': \'AMD FX 6300 Black Edition 3.50GHz 6-Core 6MB L2 6MB L3 95W Desktop Processor\', \'description\': \'  \""AMD FX 6300 Black Edition 3.50GHz 6-Core 6MB L2 6MB L3 95W Desktop"
2102,{'Output': 'mismatch'},"\'description\': \'  ""Corsair 9301CT - 1000 Mbps Ethernet Adapter 1000Base-T 1000 Mbps 1000Base-T 1000 Mbps 1000Base-T 1000 Mbps 1000Base-T 1000 Mbps 100"
2103,{'Output': 'match'},"\'category\': \'Null\', \'subcategory\': \'Price\', \'brand\': \'Seagate\', \'sku\': \'653078-B21\', \'type\': \'1TB 2.5-inch (SFF) External Hard Drive USB 3.0\', \'description\': \'  \""STEA1000400\"" \"""
2104,{'Output': 'mismatch'},"description\': \'  \""Kingston DataTraveler microDuo 3C 32GB Zilver\"" 32GB USB 2.0 3C 32GB Zilver 32GB USB 2.0 3C 32GB Zilver 32GB USB 2.0 3C 32GB Zilver 3"
2105,{'Output': 'mismatch'},GB 12288MHz GDDR5X 384-bit PCI Express 3.0 2560 CUDA Cores 12288MHz 384-bit 2560 CUDA Cores 12288MHz 384-bit 2560 CUDA Cores 12288MHz 3
2106,{'Output': 'mismatch'},"fartr\', \'type\': \'2.5-inch Dual Port Hot-Plug Hard Drive\'}', 'Entity_2': '{\""title\"": \""431786-B21 HP 120-GB 5.4K 2.5 SATA\"", \""category\"": \""Null\"", \""subcategory\"": \""Description:5 x HPE 120GB"
2107,{'Output': 'mismatch'},"\""title\"": \""518736-001 HP 450-GB 10K FC-AL\"", \""category\"": \""StorageWorks\"", \""subcategory\"": \""450GB 10K Fibre Channel\"", \""brand\"": \""HP\"", \""sku\"": \""518736001\"", \""type\"": \""Hard Drive\"", \"""
2108,{'Output': 'mismatch'},"{""Output"": ""match""}"
2109,{'Output': 'mismatch'},"In One PCs\', \'sku\': \'CT102464BF160B\', \'type\': \'Memory - Laptop SODIMM 8GB 1600MT/s 204-Pin DDR3L PC3L-12800\'}', 'Entity_2': '{\'title\': \'Crucial"
2110,{'Output': 'match'},"500630NS)\', \'category\': \'Null\', \'subcategory\': \'Price\', \'sku\': \'st3500630ns\', \'type\': \'Description:Seagate Barracuda ES 500GB Hot-Plug Serial ATA (SATA) 3.0Gb/s\'}', 'Entity_2': '{"
2111,{'Output': 'mismatch'},"80662i36100\', \'type\': \'Processor/CPU\'}', 'Entity_2': '{\'title\': \'Intel Core i3 6100 Skylake Desktop Processor/CPU\', \'category\': \'Processor/CPU\', \'subcategory\': \'LN66917\', \'brand\': \'SCAN UK\', \'"
2112,{'Output': 'mismatch'},"M5A97 R2.0 AMD 970 (Socket AM3+) Motherboard\', \'category\': \'Socket AM3+\', \'subcategory\': \'AM3+ CPU\', \'brand\': \'Asus\', \'sku\': \'asu970r2\', \'type\': \'ATX, DDR3, 4 x USB3,"
2113,{'Output': 'mismatch'},"{""Output"": ""match""}"
2114,{'Output': 'mismatch'},"al\': \'€ 272,25\', \'Pakketpost\': \'€ 0,-\', \'Verzending\': \'€ 0,-\', \'Pakketpost Nederland (vanaf € 19,-)\': \'€ 0,-\', \'Opsturen vanaf €50,-\': \'€ 0,-\', \'P"
2115,{'Output': 'mismatch'},"{""Brand"": ""HP""}"
2116,{'Output': 'mismatch'},"95\', \'price\': \'€ 845,-\', \'description\': \'  \""Corsair Vengeance LPX CMK64GX4M4A2666C16\"", \""Memory Kit 64GB 2666MHz 1600MT/s 2x32GB 2666MHz 16"
2117,{'Output': 'mismatch'},\'HP Smart Array P222/512 631667-B21 512MB 600MB/s 64 x Logical 64MB 10/100/1000 Ethernet 10/100/1000 Base-T 10/100/100
2118,{'Output': 'mismatch'},"'} 

{'Entity_1': '{\""brand\"": \""HP\"", \""category\"": \""Computer Components\"", \""Category\"": \""Proliant Memory\"", \""Sub-Category\"": \""Genuine HP Memory\"", \""Generation\"": \""1066MHz\"", \""Part Number\"": \""500660-B21\"", \""Products ID\"": \""455469\"", \""Storage"
2119,{'Output': 'mismatch'},"sku\': \'643778b21\', \'type\': \'Processor\'}', 'Entity_2': '{\'title\': \'643778-B21 HP Xeon E78867 2.13GHz BL680c G7\', \'category\': \'Null\', \'subcategory\': \'Description:"
2120,{'Output': 'mismatch'},"5130 2.00GHz 417772-B21 Processor Kit\', \'category\': \'HP\', \'subcategory\': \'Xeon 5130\', \'brand\': \'Intel\', \'sku\': \'417772b21\', \'type\': \'Processor Kit\', \'description\': \'  """
2121,{'Output': 'mismatch'},"\': \'  ""658071-B21 HP 500-GB 7.2K 3.5 SATA SC"" ""Null""   ""Description:2 x 500GB 7.2K 3.5 SATA SC Hard DriveIn HPE Drive tray (as pictured)For G1-G7 Proliant SAS Server Storage"
2122,{'Output': 'mismatch'},"Entity_2': '{\'title\': \'ReadyNAS 212 2-Bay Network Attached Storage for Personal Cloud, Diskless (RN21200-100NES)\', \'category\': \'\', \'subcategory\': \'\', \'brand\': \'NETGEAR\', \'sku\': \'21200100nes"
2123,{'Output': 'mismatch'},"5\"" Bay\', \'Hard Drive Bays\': \'2.5\"" Bay\', \'Hard Drive Type\': \'SATA\', \'Hard Drive Type 2\': \'SATA\', \'Hard Drive Type 3\': \'SATA\', \'Hard Drive Type 4\': \'SATA\', \'Hard Drive Type 5\': \'SATA\', \'Hard Drive Type"
2124,{'Output': 'mismatch'},"{""Output"": ""match""}"
2125,{'Output': 'mismatch'},"\', \'Spindle Speed\': \'7200RPM\', \'price\': \'""CAD"", ""$149.99 CAD""\', \'description\': \'  ""454141-002-10Pack HP 500-GB 3.5 7.2K 150 SATA 2.5"
2126,{'Output': 'mismatch'},"Vengeance LPX DDR4 2666MHz RAM/Memory Kit 4x 16GB\', \'subcategory\': \'Memory Kit 4x 16GB\', \'sku\': \'cmk64gx4m4a2666c16\', \'type\': \'Memory Kit 4x 16GB\' }', 'Entity"
2127,{'Output': 'match'},"\': \'6-Core AMD Ryzen 5 1600X Processor without cooler\'}', 'Entity_2': '{\'title\': \'AMD Ryzen 5 1600X Six-Core Processor with Cooler 3.6GHz 4.0GHz 95W AM4 Socket AM4 6-Core 16MB Cache 3MB L2"
2128,{'Output': 'match'},"': \'st1000dm003\', \'type\': \'Hard Drive Desktop 3.5\"" 7200RPM 1TB 6G SATA III 3.5\"" 64MB 3.5\"" 1TB 7.2K 3.5 6G SATA 3.5\"" 1TB 7"
2129,{'Output': 'mismatch'},"146GB 15K 3.5"" SAS Hard Drive 5-Pack\', \'subcategory\': \'432094b215pack\', \'type\': \'Hard Drive\' }', 'Entity_2': '{\'title\': \'HP 432094-B21 146GB 15K"
2130,{'Output': 'mismatch'},00000000000000000000000000000000000000000000000000000000000000000000000000000000
2131,{'Output': 'mismatch'},"01]\', \'/mpn\': \'[452348b01]\', \'brand\': \'HP\', \'category\': \'\', \'Category\': \'Hard Drive\', \'Sub-Category\': \'SATA\', \'Generation\': \'SATA II\', \'Part Number\': \'452348B01\',"
2132,{'Output': 'mismatch'},"2400C14 32GB (2 x 16GB) DDR4-2400 Memory\', \'category\': \'Memory\', \'subcategory\': \'DDR4\', \'brand\': \'Corsair\', \'sku\': \'CMK32GX4M2A2400C14\', \'type\': \'RAM\',"
2133,{'Output': 'mismatch'},GX3M2A2133C11 16GB 2133MHz DDR3 SDRAM Memory Module 2x8GB 1.35V 1.35V 1.35V 1.35V 1.35V 1.35V 1.35V 1.35
2134,{'Output': 'mismatch'},"{""Output"": ""mismatch""}"
2135,{'Output': 'mismatch'},"62-B21 HP 100GB 2.5"" SATA III 6Gb/s Hard Drive\', \'category\': \'Hard Drive\', \'subcategory\': \'2.5"" SATA III 6Gb/s Hard Drive\', \'brand\': \'HP\', \'sku\': \'691862b21\', \'type\': \'Hard Drive"
2136,{'Output': 'match'},"', \'/mpn\': \'[bx80662i76700k]\', \'brand\': \'Samsung\', \'category\': \'New\', \'description\': \'  \""Samsung 80GB 76700K 2.5 inch 3.3V 3.3V 1.05V 1"
2137,{'Output': 'mismatch'},"Description:Seagate Constellation ES 1T\' }'} -> match}

{'Entity_1': '{\""brand\"": \""Samsung\"", \""category\"": \""\"", \""Categorie\"": \""HardDrive\"", \""subcategory\"": \""\"", \""description\"": \""  \""Samsung 320GB 3.5 5400RPM 3.5 inch Hard Drive\"" \""Samsung"
2138,{'Output': 'mismatch'},"\'\', \'brand\': \'HPE\', \'sku\': \'883222-001\', \'type\': \'Memory\', \'description\': \'  \""HPE - DDR3 16 GB DIMM 240-pin\""@es  \""Memory 16 GB 240 pin DDR3 1600 MHz"
2139,{'Output': 'mismatch'},"akketpost (vanaf € 29,95)\': \'€ 0,-\', \'Pakketpost (vanaf € 29,95)\': \'€ 0,-\', \'description\': \'  \""WD20PURZ 2TB WD Purple Surveillance Hard Drive\""  \""Null\""  \""2TB WD Purple Surveillance Hard Drive\"""
2140,{'Output': 'mismatch'},"': \'VT-x, VT-d\', \'description\': \'  \""Intel Core i7-7700 4 Core 8 Thread 3.6GHz 4.2GHz 1151 Socket\""@en 1151 Socket 4 Core 8 Thread 3.6GHz 4.2GHz 1151 Socket 4 Core"
2141,{'Output': 'mismatch'},"\'Processor Speed\': \'2.66GHz\', \'Cache\': \'8MB\', \'Description\': \'Intel Xeon 2.66GHz 4-Core 8MB Cache 409159-B21\', \'description\': \'  ""409159-B21 Intel Xeon 2.66GHz 4-Core"
2142,{'Output': 'mismatch'},"GB 10K FC-AL Hard Drive Hot-Swap\', \'description\': \'  \""359461-005 HP 72.8-GB 10K FC-AL\"", \""Null\"" Price 359461-005-2Pack\"" ""New 359461-005 FC"
2143,{'Output': 'mismatch'},"E, 2x USB 3.0, 2x USB 2.0, 2x 10/100/1000 Ethernet, 2x 3.5\"" SATA III 6Gb/s Drive Bays, 2x 2.5\"" SATA III 6Gb/s Drive Bays, 2x 3.5"
2144,{'Output': 'match'},"\', \'sku\': \'cmk16gx4m2a2400c16\', \'type\': \'System Memory (RAM)\', \'description\': \'  ""Corsair Vengeance LPX - DDR4 16 GB: 2 x 8 GB DIMM 288-pin"" "" Corsair 288-pin CMK1"
2145,{'Output': 'mismatch'},Series 840 1TB 2.5in SATA III Internal SSD 3 Year Warranty 540MB/s 520MB/s 1.87oz 2.5in 3.9in 2.8in 0.3in 1.87oz 2.5in 3.9in 2.8in
2146,{'Output': 'mismatch'},"\'ST31000524NS\', \'description\': \'  \""Dell 10 Pack 7.2K 500GB 3.5\"" Hard Drive (ST31000524NS10PACK)\""@en', \'title\': \'Dell 10 Pack 7.2K 50"
2147,{'Output': 'mismatch'},"""   ""Description: 512 MB PC300 DDR RAM Part# 381817-001""\', \'price\': \'.0000000000000000000000000000000000000000000"
2148,{'Output': 'match'},".1 Channel\', \'sku\': \'90ya00nnm0ua00\', \'type\': \'7.1 Channel Sound Card\'}', 'Entity_2': '{\""title\"": \""ASUS Xonar Essence STX II 7.1 Channel\"", \""category\"": \""Channel LN60464\"", \""subcategory\"": \""\"", \""brand\"": \"""
2149,{'Output': 'mismatch'},"{""Output"": ""match""}"
2150,{'Output': 'mismatch'},"17190002]\', \'brand\': \'New 417190-002 SAS 5 Pack Wholesale \', \'category\': \'Null\', \'Category\': \'Proliant HardDrive\', \'Sub-Category\': \'15K\', \'Generation\': \'SAS\', \'Part Number\': \'417"
2151,{'Output': 'mismatch'},"2BW) - Black - 512GB - 3 Year Warranty - 512 MB Cache - 2.5 inch - 3.9"" W x 2.8"" H x 0.3"" D - 3.5mm - 550 MB/s - 520 MB/s - 850 PRO - Black -"
2152,{'Output': 'mismatch'},9 2TB 6G 7.2K 3.5 SATA SC 2000NM0011-5Pack 2TB 3.5 inch 7.2K 3.5 inch (Internal) 6G 7.2K 3.5 inch (Internal) 6G 7.2K 3.5
2153,{'Output': 'mismatch'},"\'AMD Opteron 8384 2.7GHz BL685c G5 2-Processor Kit\' }', 'Entity_2': '{\""title\"": \""AMD Opteron 8384 2.7GHz BL685c G5 2-Processor Kit 494267-B21\""}', 'Output': '"
2154,{'Output': 'mismatch'},8500R (2) Xeon 550MHz 1MB 1GB 1024MB 1GB 1GB 1GB 1GB 1GB 1GB 1GB 1GB 1GB 1GB 1GB 1GB 1GB 1GB 1GB 1GB 1GB
2155,{'Output': 'mismatch'},00000000000000000000000000000000000000000000000000000000000000000000000000000000
2156,{'Output': 'mismatch'},"{""Output"": ""match""}"
2157,{'Output': 'mismatch'},"C16 32GB 2x16GB DDR4 288-pin\', \'category\': \'\', \'subcategory\': \'\', \'brand\': \'Corsair\', \'sku\': \'CMK32GX4M2A2666C16\', \'type\': \'System Memory (RAM)\', \'description\':"
2158,{'Output': 'mismatch'},"': \'Hard Drive\', \'subcategory\': \'2.5 inch\', \'brand\': \'HP\', \'sku\': \'4301690022pack\', \'type\': \'Hard Drive - Hot-Swap - Gen15K\', \'description\': \'  \""430169-002 HP 72-GB"
2159,{'Output': 'mismatch'},"""AMD A6-6400K 3.9GHz (Socket FM2) APU Richland Processor - Retail ""@nl ""AMD A6-6400K 3.9GHz (Socket FM2) APU Richland Processor - Retail ""@fr ""AMD A6-6400K 3.9GHz (Socket FM2) APU"
2160,{'Output': 'mismatch'},"4 pin, Single Pack\', \'subcategory\': \'\', \'sku\': [\'co9050013ww\', \'co9050013w\'], \'type\': \'4 pin Corsair SP120 PWM High Pressure Fan 4 pin, Single Pack (CO-9050013-WW) 23"
2161,{'Output': 'mismatch'},"inch Hard Drive\' }', 'Entity_2': '{\""title\"": \""ST31000640NS Seagate 1-TB 7.2K 3.5 SATA HDD\"", \""category\"": \""Null\"", \""subcategory\"": \""Price\"", \""brand\"": \""Seagate\"", \""sku\"": \""st31000640ns\"", \""type"
2162,{'Output': 'mismatch'},"\'  ""HP 2GB 1333MHz 240-pin Unbuffered ECC DIMM Memory Module 1x2GB 1333MHz PC3-10600E-9 500670-B21-2Pack\""@en 2GB 1333MHz 240-pin Unbuffer"
2163,{'Output': 'mismatch'},"': \'Computer\', \'subcategory\': \'Laptop\', \'brand\': \'Apple\', \'sku\': \'MPTU2LL/A\', \'type\': \'15.4\"" (2880x1800) LED-Backlit Retina Display\', \'description\': \'  \""Apple MacBook Pro 15.4\"" With Touch Bar Silver"
2164,{'Output': 'mismatch'},"'}', 'Entity_2': '{\'title\': \'HP 662078-B21 Intel Xeon E5-2650L 1.8GHz 8-Core Processor\', \'category\': \'Processors\', \'subcategory\': \'Intel Xeon\', \'brand\': \'HP\', \'sku\': \'662078"
2165,{'Output': 'mismatch'},"\'Network Adapter\'}', 'Entity_2': '{\""title\"": \""TP-LINK TL-WDN4800 - network adapter\"", \""category\"": \""Wireless Adapters & Accessories\"", \""subcategory\"": \""CDW.com\"", \""brand\"": \""TP-LINK\"", \""sku\"": \""tlwdn4800\"", \""type\"": \""Network Adapter\"", \""description\"": \"""
2166,{'Output': 'match'},"'}', 'Entity_2': '{\'title\': \'TP-Link TL-WDN4800 450Mbps PCI Express WiFi Adapter - | CCL Computers\', \'category\': \'TP-Link TL-WDN4800\', \'subcategory\': \'Network adapters\', \'brand\': \'TP-LINK\', \'sku\': [\'tlwdn"
2167,{'Output': 'mismatch'},"HP 72GB 3G 15K 2.5 DP SAS 10-Pack - DH0072BALWL-10Pack\', \'type\': \'Hard Drive - Hot-Swap\', \'sku\': \'dh0072balwl10pack\'}, {\'/sku\': \'[dh0072balwl"
2168,{'Output': 'mismatch'},"G SP SATA"", ""Null"" Price ST2000NM0011-10Pack"" ""New ST2000NM0011-10Pack"" ""ST2000NM0011 HP G8 G9 2-TB 6G 7.2K 3.5 SATA SC""}', 'Match': '"
2169,{'Output': 'mismatch'},"Proliant HardDrive\', \'Category\': \'Proliant HardDrive\', \'Sub-Category\': \'7.2K\', \'Generation\': \'SATA NHP\', \'Part Number\': \'EG0146FART-2Pack\', \'Products ID\': \'463012\', \'Enclosure Type\': \'Internal\', \'Form"
2170,{'Output': 'mismatch'},\': \'HP 432804-B21 1GB 432804-B21 432804-B21 432804-B21 432804-B21 432804-B21 432804-B21 43
2171,{'Output': 'mismatch'},"22C\', \'sku\': \'BD1465822C2PACK\', \'type\': \'Description: 146.8GB HP 10K FC-AL 2 Pack Hot-Swap Hard Drive 3.5 inch x 1 inch Plug-in Module for\'}', 'Entity_2': '{\'title\': \'BD1"
2172,{'Output': 'mismatch'},"0,-\', \'Pakketpost (tot € 100,-)\': \'€ 0,-\', \'Pakketpost (tot € 100,-) i.c.m. iDEAL\': \'€ 0,-\', \'Pakketpost (tot € 100,-) i.c.m. iDEAL\': \'€ 0"
2173,{'Output': 'mismatch'},"Pack 200GB 6G 2.5 SAS SC SSD 653078-B21-10Pack\' }', 'Entity_2': '{\'title\': \'HP 653078-B21 200GB 6Gb/s 2.5 inch SAS SSD 10 Pack\', \'category\':"
2174,{'Output': 'mismatch'},"brand\': \'Hewlett-Packard\', \'description\': \'  \""345021-B21 BL20P G2 Xeon 3.2GHz 1GB (2P)\"" \""Null\""   \""Description: Proliant BL20P G2 XEON3.2G 1M (2P) FC MEZZ"
2175,{'Output': 'mismatch'},"32094-B21 146GB 15K 3.5 3G SAS Hard Drive 2-Pack - HP ProLiant""', \'title\': \'HP 432094-B21 146GB 15K 3.5 3G SAS Hard Drive 2-Pack\', \'subcategory\': \'"
2176,{'Output': 'mismatch'},"\""description\"": \""Intel - Core i7-7800X 3.5GHz 6-Core Processor\"" Processor (BX80673I77800X) PCPartPicker\"", \""title\"": \""Intel - Core i7-7800X 3.5GHz 6-Core Processor\"", \""category\"": \""Processors\"", \""subcategory\"":"
2177,{'Output': 'mismatch'},"{""Output"": ""match""}"
2178,{'Output': 'mismatch'},"\', \'type\': \'Fibre Channel\'}', 'Entity_2': '{\'title\': \'BD1465822C HP 146.8-GB 10K FC-AL HDD\', \'category\': \'Null\', \'subcategory\': \'Hard Drives\', \'brand\': \'StorageWorks\', \'sku\': \'bd"
2179,{'Output': 'mismatch'},\': \'HP Intel Xeon MP 2.2GHz 346919001 2.2GHz 2MB Cache 1024MB 200-MHz (DDR) 1024MB 200-MHz (DDR) 24x IDE Slimline CD-ROM Drive 24x IDE Slimline CD
2180,{'Output': 'match'},"{""Output"": ""match""}"
2181,{'Output': 'mismatch'},"01-SC HP G8 G9 2-TB 6G 7.2K 3.5 SATA SC"", ""Null"" ""New 658102-001-SC SC Wholesale Price 658102-001-SC""  ""Description:HP 2TB 3.5-inch (LFF)"
2182,{'Output': 'mismatch'},"\', \'description\': \'  ""Gigabyte GA-Z270N-WIFI"", ""Null""  ""Description:Gigabyte GA-Z270N-WIFI Motherboard for Intel 200 Series Chipset B150/B250/B360/B460/B560/B660/B760/B86"
2183,{'Output': 'mismatch'},"brand\': \'Kingston\', \'category\': \'DIMM\', \'Category\': \'Memory\', \'Sub-Category\': \'DDR3\', \'Generation\': \'DDR3 1333\', \'Part Number\': \'HX424C15FB/4\', \'Products ID\': \'457263\', \'Type\': \'"
2184,{'Output': 'mismatch'},"xa0\': \'SDSQUNB-032G-GN3MN\', \'description\': \'  \""SanDisk 32GB SDHC UHS-I Class 10 Memory Card\"", \""Null\"" Price 32GB SDHC UHS-I Class 10 Memory Card"", \""Null\"" Price 32GB SDHC UHS-I Class 1"
2185,{'Output': 'match'},"{""Output"": ""match""}"
2186,{'Output': 'mismatch'},"Wholesale Price 157866-001"", ""HP Proliant Remote Insight Board"", ""HP Proliant Remote Insight Board 157866-001"", ""HP Proliant Remote Insight Board 157866-001 100Base-TX Ethernet 100Base-TX - Ethernet"
2187,{'Output': 'mismatch'},"\'Pakketpost (vanaf € 20,- i.c.m. iDEAL)\': \'€ 0,-\', \'Pakketpost (tot € 20,-)\': \'€ 0,-\', \'Pakketpost (tot € 99,-)\': \'€ 0,-\', \'Pakketpost (vanaf € 20"
2188,{'Output': 'mismatch'},"03 HP 146-GB 15K 3.5 SP SAS\', \'subcategory\': \'New 431943-003 SAS 5 Pack Wholesale Price 431943-003-5Pack\', \'sku\': [\'431943-003 5Pack\', \'4"
2189,{'Output': 'match'},"{""Output"": ""match""}"
2190,{'Output': 'mismatch'},"ketpost vanaf € 99,-\': \'€ 5,95\', \'description\': \'  \""Seagate Expansion Portable 1TB\""@en (STEA1000400) - 1TB Zwart - 2.5 inch - USB 3.0 - 3.5 inch - 2.5 inch - USB"
2191,{'Output': 'mismatch'},"': '{\'title\': \'Seagate Expansion 1TB 2.5"" USB 3.0 Portable Hard Drive\', \'category\': \'\', \'subcategory\': \'Hard Drive\', \'brand\': \'Seagate\', \'sku\': \'stea1000400\', \'type\': \'Hard Drive\', \'description\': \'  """
2192,{'Output': 'mismatch'},"3.2GHz 2MB Cache 512MB RAM 48x CD-ROM 1.44 MB Floppy Drive"", ""Null"" 356816-001 ML350T G4p Xeon 3.2GHz 2MB Cache 512MB RAM 48x CD-ROM 1.44"
2193,{'Output': 'match'},"SATA SSD\', \'subcategory\': \'Description:HP G8 G9 100GB 2.5-inch Small Form Factor (SFF)Pluggable Serial ATA (SATA) 6G SC Enterprise Mainstream Solid State Hard Drive (SSD)\', \'brand\': \'HP\', \'sku\': \'691862-B21\', \'"
2194,{'Output': 'mismatch'},"{""Output"": ""match""}"
2195,{'Output': 'mismatch'},"': '{\""title\"": \""Seagate 500GB Barracuda 7200RPM 3.5\"" Hard Drive\"", \""category\"": \""Hard Drives\"", \""subcategory\"": \""Hard Drives\"", \""brand\"": \""Seagate\"", \""sku\"": \""st3500630ns\"", \""type\"": \""Hard Drive\""}', 'Output': '"
2196,{'Output': 'mismatch'},".6Ghz Dual-Core Processor AD540KOKHJBOX\', \'brand\': \'AMD\', \'sku\': \'ad540kokhjbox\', \'type\': \'CPU\' }', 'Entity_2': '{\""title\"": \""AMD A6-5400K 3.6GHz Dual-Core Processor\"", \""category\"": \""Comput"
2197,{'Output': 'mismatch'},"6Ghz Dual-Core Processor AD540KOKHJBOX\', \'category\': \'Computers_and_Accessories\', \'Categorie\': \'Processors\', \'Merk\': \'AMD\', \'Product\': \'AMD A6-5400K APU 3.6Ghz Dual-Core Processor\', \'Uitvoering\': \'Box"
2198,{'Output': 'match'},"{""title"": ""Targus Essential 15-15.6\""}"
2199,{'Output': 'mismatch'},"sku\': [\'stea1000400\'], \'type\': \'Hard disk drive\', \'description\': \'  \""STEA1000400\""@en-US "" STEA1000400 - Teledata S.A.L.\""@en-US  "" Seagate HDD 1TB USB SLIM 3.0"
2200,{'Output': 'mismatch'},".5 DP SAS\', \'category\': \'Null\', \'subcategory\': \'New 430169-002 15K 2 Pack Wholesale Price 430169-002-2Pack\', \'brand\': \'HP\', \'sku\': \'430169002\', \'type\': \'"
2201,{'Output': 'mismatch'},"akketpost DPD\': \'€ 3,95\', \'description\': \'  ""Apple Smart Cover Grey iPad Pro 2017 12.9"" ""Apple Smart Cover Grey iPad Pro 2017 12.9"" ""Apple Smart Cover Grey iPad Pro 2017 12.9"" ""Apple Smart Cover Grey"
2202,{'Output': 'mismatch'},"\': \'45414100210pack\', \'description\': \'  ""454141-002-10Pack HP 7.2K 1.5TB 3.5 In 10 Pack SATA Hard Drive - 454141-002-10Pack"", ""Null"""
2203,{'Output': 'mismatch'},"', \'Category\': \'Proliant Processor\', \'Sub-Category\': \'Intel Xeon\', \'Generation\': \'G8\', \'Part Number\': \'631671-B21\', \'Products ID\': \'461002\', \'Product Type\': \'Processor\', \'Processor Type\': \'Intel Xeon\', \'Processor Core"
2204,{'Output': 'mismatch'},"': \'Monitoren\', \'description\': \'  \""HP 24\"" 1920x1080 IPS Monitor 24\"" 1920x1080 1000:1 16:9 1000:1 1000:1 1000:1 10"
2205,{'Output': 'mismatch'},"category\': \'Hard Drive Bays\', \'description\': \'  ""ST31000524NS 10000 GB 3.5"" 7200RPM 300 MB/s 512K Cache 10K 128 MB 10000 GB 3.5"" 7"
2206,{'Output': 'mismatch'},"016\', \'description\': \'  \""Asus Dual GeForce GTX 1060 6GB OC\""@en \""\u25b7 Asus (DualGTX1060O6G) | OcUK\""', \'title\': \'Asus Dual GeForce GTX 1060 6GB OC\', \'subcategory\': \'\',"
2207,{'Output': 'mismatch'},"26C15FB/4\', \'EAN\': \'0740617244373\', \'SKU\': \'HX426C15FB/4\', \'Tweakers ID\': \'457438\', \'description\': \'  \""Kingston 4GB PC4-21300"
2208,{'Output': 'mismatch'},"46-GB 15K 3.5 SP SAS 5 Pack\', \'subcategory\': \'\', \'sku\': \'432094-B21 Part# -432094-B21-5Pack\', \'type\': \'Serial Attached SCSI (SAS) 15K 3.5-inch Single Port Hot-"
2209,{'Output': 'match'},"\', \'description\': \""449363-B21 HP 1000MB 1000Base-T 1000Mbps 1000Base-T 1000Mbps 1000Base-T 1000Mbps 1000Base-T 1000Mbps 1000Base"
2210,{'Output': 'match'},"3.0 x4\', \'description\': \'  \""Kingston HyperX Predator 480GB M.2 2280 SSD\""  \""Null\""  \""Kingston HyperX Predator 480GB M.2 2280 SSD\""  \""Null\""  \""Kingston HyperX Predator 480GB M.2"
2211,{'Output': 'mismatch'},"\'description\': \'  \""325134-001 HP DL580R G2 32GB 2.4GHz 1.5TB 2.4GHz 1.5TB 2.4GHz 1.5TB 2.4GHz 1.5TB 2.4GHz 1.5TB"
2212,{'Output': 'mismatch'},"-5300 ECC DIMM\', \'sku\': \'432803b21\', \'type\': \'Memory\'}', 'Entity_2': '{\""title\"": \""432803-B21 HP 512MB PC2-5300 ECC DIMM\"", \""category\"": \""Memory\"", \""subcategory\"": \""Description"
2213,{'Output': 'mismatch'},"\'sku\': \'662078b21\', \'type\': \'Description: Intel Xeon E5-2650L 1.8GHz BL460c G8 20MB 2048KB 2MB 2048KB 2048KB 2048KB 204"
2214,{'Output': 'mismatch'},"Channel\', \'brand\': \'HP/Compaq\', \'sku\': \'359461001, 238921b21\', \'type\': \'Hard Drive Hot-Swap\', \'description\': \'  \""359461-001 HP 72.8-GB 10K FC"
2215,{'Output': 'mismatch'},"""@NL\', \'category\': \'Processors\', \'subcategory\': \'i5-6400\', \'brand\': \'Intel\', \'sku\': \'i56400\', \'type\': \'6400 Series, 6400, 6400, 6400, 6400, 6"
2216,{'Output': 'mismatch'},"GB 10K 10000 RPM 1.5"" 10000 RPM 1.5"" 1.5"" 1.5"" 1.5"" 1.5"" 1.5"" 1.5"" 1.5"" 1.5"" 1.5"" 1.5"""
2217,{'Output': 'mismatch'},"subcategory\': \'Tape Drive\', \'sku\': \'293472B22\', \'type\': \'Tape Drive - Library\' }', 'Entity_2': '{\""title\"": \""HP 293472-B22 MSL5026 160/320GB SDLT Tape Library\"", \""category\"":"
2218,{'Output': 'mismatch'},"5\', \'description\': \'  ""Intel Core i7-7700 3.6GHz 4C/8T 14nm Technology 65W 8MB Cache 4x4 14nm Technology 65W 8MB Cache 4x4 14nm Technology 65W 8MB Cache 4x4"
2219,{'Output': 'match'},"WX 4100 4 GB 100-506008 Video Cards CDWG.com  ""Con\', \'subcategory\': \'Computers\', \'brand\': \'AMD\'}', 'Entity_2': '{\'title\': \'AMD Radeon Pro WX4100 4GB 100-506008\', \'"
2220,{'Output': 'mismatch'},"03 146GB 15K 3.5 SP SAS HDD 3.5 inch 1/3H Low Profile Hot-Swap Hard Drive In HPE Hot-Plug Hard Drive tray (as pictured)\', \'title\': \'431943-003 HP 146-GB 15K 3.5 SP"
2221,{'Output': 'mismatch'},".0 SSD 2.5-inch\', \'category\': \'HP\', \'subcategory\': \'2.5-inch\', \'brand\': \'HP\', \'sku\': \'653124b21\', \'type\': \'2.5-inch Hot-Plug Midline (MDL) Serial ATA (SATA) SSD (Solid State Drive) For G"
2222,{'Output': 'mismatch'},"\'brand\': \'Crucial\', \\'category\': \'Memory\', \\'subcategory\': \'DDR3 SDRAM\', \\'description\': \'  ""Crucial - DDR3 16GB 1333MHz 2GB 2 x 8GB 288-pin DIMM 2 x 8GB 288-pin"
2223,{'Output': 'mismatch'},"\'Category\': \'Proliant Memory\', \'Sub-Category\': \'Genuine HP Memory\', \'Generation\': \'800MHz\', \'Part Number\': \'192106-B21\', \'Products ID\': \'455464\', \'Storage Capacity\': \'8GB (2 x 4GB)\', \'Technology\"
2224,{'Output': 'mismatch'},"price\': \""USD\"", \""$209.95\"" , \'description\': \'  \""ST2000NM0011 HP G8 G9 2-TB 6G 7.2K 3.5 SATA SC\"", \""Null\"" Price ST2000NM0011-10Pack\"" \""New ST20"
2225,{'Output': 'mismatch'},"{""Output"": ""mismatch""}"
2226,{'Output': 'mismatch'},"23752, 8032976033609, 2001423691002, 612236237527\', \'SKU\': \'ST31000340AS, 1TB\', \'Tweakers ID\': \'70"
2227,{'Output': 'mismatch'},"{""mpn"": ""strixz270ggaming, 90mb0s80m0eay0""}"
2228,{'Output': 'mismatch'},"agate\', \'price\': \'""$149.99"", ""USD""\', \'description\': \'  \""ST1000DM003 Seagate 1TB 7.2K 3.5 SATA HDD 600MB/s 7200 RPM 3.5-inch for Desktop Computers\"" \""Null\"" Price ST10"
2229,{'Output': 'mismatch'},"{""Output"": ""match""}"
2230,{'Output': 'mismatch'},"{""Output"": ""match""}"
2231,{'Output': 'mismatch'},"2.13GHz DL120 G5\', \'subcategory\': \'\', \'sku\': \'455035b22\', \'type\': \'Intel Xeon 2.13GHz 2MB Cache 65nm 800MHz 1.06V 125W 2.13GHz"
2232,{'Output': 'mismatch'},"\': \'129.99\', \'description\': \'  \""ST1000DM003 1TB 3.5 inch SATA Hard Drive 7200RPM 64MB Cache 8.5ms 3.5 inch x 1/3H (Internal)\""   \""Description:ST1000DM0"
2233,{'Output': 'mismatch'},"\'type\': \'PCI-e\' }"", 'Entity_2': ""{\'title\': \'PCI-E 2.0 802.11AC BLUETOOTH\', \'category\': \'BLUETOOTH\', \'subcategory\': \'BLUETOOTH\', \'brand\': \'\', \'sku\': \'\', \'type\': \'Tip"
2234,{'Output': 'mismatch'},460c G7 2.26GHz 80W 4MB L3 Cache 4-Port 1000Mbps Ethernet 1MB L2 Cache 8MB L3 Cache 4.8GT/s QPI 32nm 64-Bit 2.26GHz 80W 4MB L3 Cache 4
2235,{'Output': 'mismatch'},58071-B21 12000000000000000000000000000000000000000000000000000000000000000000000
2236,{'Output': 'mismatch'},"HP 80GB 1.5G 7.2K 3.5 SATA HDD\', \'category\': \'Hard Drive\', \'subcategory\': \'Hard Drive - Hot-Swap\', \'brand\': \'HP\', \'sku\': \'349237b21\', \'type\': \'Hard Drive - Hot-Swap\', \'description\':"
2237,{'Output': 'match'},"{""Output"": ""mismatch""}"
2238,{'Output': 'mismatch'},"408854-B21 HP 8GB (2x4GB) PC2-5300P SDRAM Kit""  ""Description:Genuine HPE 8GB (2x4GB) Registered PC2-5300P SDRAM KitPart Number(s)Option Part# 408854-B21 (2 x"
2239,{'Output': 'mismatch'},"\'[431786b21]\', \'brand\': \'HP\', \'category\': \'Null\', \'Category\': \'Proliant HardDrive\', \'Sub-Category\': \'5.4K\', \'Generation\': \'SATA\', \'Part Number\': \'431786-B21\', \'Products ID\': \'"
2240,{'Output': 'mismatch'},00000000000000000000000000000000000000000000000000000000000000000000000000000000
2241,{'Output': 'mismatch'},"1]\', \'brand\': \'HP\', \'category\': \'Storage\', \'Category\': \'Hard Drive\', \'Sub-Category\': \'Hard Drive\', \'Generation\': \'SATA\', \'Part Number\': \'500668-031\', \'Products ID\': \'470579\', \'description\': \'  \"""
2242,{'Output': 'mismatch'},"category\': \'Hard Drive\', \'subcategory\': \'10K\', \'brand\': \'HP\', \'sku\': \'430165-003-10Pack\', \'type\': \'Hard Drive\', \'description\': \'  \""430165-003 HP 146-GB 3G 1"
2243,{'Output': 'mismatch'},".5 15K 2.5 DP SAS HDD 10Pack 72GB 300MB/s 15000RPM 3.5ms 3.5\"" 15K 2.5 DP SAS HDD 10Pack 72GB 300MB/s 15000RPM 3"
2244,{'Output': 'mismatch'},"7\', \'description\': \'  \""HP ProLiant DL380 G7 2.13GHz 64-Bit Intel Xeon Processor 643778-B21 12-Core 30MB L3 Cache 2.13GHz 32nm 64-Bit 6.40GT/s 2."
2245,{'Output': 'mismatch'},"brand\': \'Corsair\', \'sku\': \'cmz8gx3m2a1866c9\', \'type\': \'RAM\'}', 'Entity_2': '{\'title\': \'Corsair - Vengeance 8GB (2 x 4GB) DDR3 1866 Memory\', \'category\': \'Memory\', \'subcategory\"
2246,{'Output': 'mismatch'},"ns5pack\', \'st31000640ns5pack\'], \'type\': \'Hard Disk Drive (HDD)\' }', 'Entity_2': '{\""title\"": \""ST31000640NS Seagate 1TB 7.2K 3.5 SATA 5 Pack\"", \""category\"": \""Hard Drive\"","
2247,{'Output': 'match'},"5-003 2Pack HP 146-GB 3G 10K 2.5 DP SAS HDD"" ""Null""   ""Description:146GB 2.5-inch Serial Attached SCSI (SAS)SFF 3G Dual Port Hot-Plug 10K Hard DriveIn HPE Drive tray (as pictured)For G"
2248,{'Output': 'mismatch'},"{""Output"": ""match""}"
2249,{'Output': 'mismatch'},"{""Output"": ""match""}"
2250,{'Output': 'mismatch'},"Retail\""@en 3.0 LN70191 - YD1400BBAEBOX | SC\' }'} -> match}

{'Entity_1': '{\""/mpn\"": \""[gbbace3000]\"", \""category\"": \""Barebones (GB-BACE-3000)\"", \""Categorie\"": \""Bare"
2251,{'Output': 'mismatch'},"Queuing\': \'Yes\', \'description\': \'  ""658071-B21 500GB 7.2K 3.5 inch SATA Hard Drive - 10 Pack"" ""Description: 658071-B21 500GB 7.2K 3.5 inch SATA Hard Drive -"
2252,{'Output': 'mismatch'},"': 'mismatch'}'

{'Entity_1': '{\""category\"": \""Computers_and_Accessories\"", \""Varenummer\"": \""218307\"", \""Type\"": \""Secure Digital\"", \""Kapacitet\"": \""64 GB\"", \""Hastighed\"": \""90 MB/sek\"", \""Klasse\"": \""Class 10\"", \""price"
2253,{'Output': 'mismatch'},"itvoering\': \'AMD A6-7400K\', \'description\': \'  \""AMD A6-7400K\""@en 4x8GB | CMU\', \'title\': \'AMD A6-7400K 3.5GHz 4MB Cache 4x8GB | CMU\', \'subcategory\':"
2254,{'Output': 'mismatch'},"\'description\': \'  \""Startech.com PEX10000SFP - PCIe x4 10GbE SFP+ NIC\""@en ""▷ Startech.com PEX10000SFP - PCIe x4 10GbE SFP+ NIC | O\', \'title\': \'Startech.com PEX10000"
2255,{'Output': 'mismatch'},"3.5 3G SATA\', \'sku\': \'st31000524ns\', \'type\': \'Hard Drive\' }', 'Entity_2': '{\""title\"": \""ST31000524NS Seagate 1TB 7.2K 3.5 3G SATA\"", \""category\"": \""Hard Drive\"","
2256,{'Output': 'mismatch'},"-GB 6G 10K 2.5 DP SAS HDD"" ""HP DG0300FARVV HDD Part# -DG0300FARVV""  ""Description:  2.5-inch Serial Attached SCSI (SAS)SFF 6G Dual Port Hot-Plug 10K Hard Drive\'}', 'Output': '"
2257,{'Output': 'mismatch'},"[4319430032]\' , \'category\': \'Storage_Hardware\', \'description\': \'  \""HP 4319430032 4319430032 4319430032 4319430032 4319"
2258,{'Output': 'mismatch'},"\'Category\': \'HardDrive\', \'Sub-Category\': \'3.5 inches\', \'Generation\': \'SATA\', \'Part Number\': \'404712001\', \'Products ID\': \'15364\', \'Capacity\': \'1.5TB\', \'Manufacturer\': \'Hewlett-Packard\', \'Interface\"
2259,{'Output': 'mismatch'},. 480GB is een grote opslagcapaciteit. 480GB is een grote opslagcapaciteit. 480GB is een grote opslagcapaciteit. 480GB is een grote opslagcapaciteit. 480GB is een grote opslagcapaciteit. 480
2260,{'Output': 'mismatch'},"K1200DPPB\', \'description\': \'  \""PNY NVIDIA Quadro K1200 for DisplayPort\"" \""PNY Quadro K1200 for DisplayPort\"" \""PNY Quadro K1200 for DisplayPort\"" \""PNY Quadro K1200 for DisplayPort\"" \""PNY Quadro K12"
2261,{'Output': 'mismatch'},"\': \'Hard Drive - Hot-Swap\', \'Capacity\': \'146GB\', \'Interface Type\': \'Serial Attached SCSI\', \'Spindle Speed\': \'10000RPM\', \'Ports\': \'Dual Port\', \'description\': \'  \""653078B21 146-GB 10K"
2262,{'Output': 'mismatch'},"Number\': \'370780-001\', \'Products ID\': \'142309\', \'description\': \'  ""370780-001 - 512MB 1x1600 1333 1333 1333 1333 1"
2263,{'Output': 'match'},"\'ST31000524NS HP 1-TB 7.2K 3.5 SATA HDD\', \'category\': \'Hard Drive\', \'subcategory\': \'Price\', \'brand\': \'HP\', \'sku\': \'st31000524ns\', \'type\': \'3.5-inch 7.2K"
2264,{'Output': 'mismatch'},"agate 1TB 3.5 inch Hard Drive 7200 RPM 64 MB Cache 3 Year Warranty - SATA III 6 Gb/s - STEA1000400\"" \"" Seagate 1TB 3.5 inch Hard Drive 7200 RPM 64 MB Cache 3 Year Warranty - SATA III 6 Gb"
2265,{'Output': 'mismatch'},"'}', 'Entity_2': '{\""title\"": \""629142-B21 HP 10Gb 2-Port 554FLR Adapter\"", \""category\"": \""Server Adapter\"", \""subcategory\"": \""Price\"", \""brand\"": \""HP\"", \""sku\"": \""629142b21\"", \""type\"": \""10Gb 2"
2266,{'Output': 'mismatch'},"'\', \'subcategory\': \'\', \'brand\': \'HP\', \'sku\': \'647897b21\', \'type\': \'Description:5 x 146GB Serial Attached SCSI (SAS) 15K 3.5-inch Single Port Hot-Plug Hard D\', \'description\': \'  ""6478"
2267,{'Output': 'mismatch'},"{""Output"": ""match""}"
2268,{'Output': 'mismatch'},"\""brand\"": \""Apple\"", \""description\"": \""  \""Apple 15.6\"" 1600x1200 1024MB 12000000000000000000000000000000000000000000"
2269,{'Output': 'mismatch'},"\'Samsung 120GB 3.5\"" SATA III 6Gb/s Internal Hard Drive\', \'subcategory\': \'SSD-MZ-750120BW\', \'brand\': \'Samsung\', \'sku\': \'SSD-MZ-750120BW\', \'type\': \'Hard Drive\'', 'Entity_2': '{"
2270,{'Output': 'mismatch'},"- 15K 3.5 inch Single Port Hot-Plug Hard Drive\' }', 'Entity_2': '{\""title\"": \""432094-B21 HP 146-GB 15K 3.5 SP SAS HDD\"", \""category\"": \""Hard Drive\"", \""subcategory\"": \""15K 3.5-inch Single Port Hot"
2271,{'Output': 'mismatch'},SAS Hard Drive 5Pack 146GB 10K 6G 5Pack 146GB 10K 6G 5Pack 146GB 10K 6G 5Pack 146GB 10K 6G 5Pack 146GB 10K 6G 5
2272,{'Output': 'mismatch'},"L3\': \'16MB\', \'TDP\': \'65W\', \'description\': \'  \""AMD Ryzen 5 1600B\""  \""AMD Ryzen 5 1600B 3.4GHz 6-Core 16MB Cache 65W\""  \""AMD Ryzen 5 1600B"
2273,{'Output': 'mismatch'},title\': \'Intel Core i3 6300 3.8GHz 4MB Cache 6th Gen LGA1151 14nm Processor - Boxed - 179.99 Euro - 100% New - 100% Genuine - 100% Original - 100% Authentic - 1
2274,{'Output': 'mismatch'},"NL 5"" Tweakers""@NL 5"" Tweakers""@NL 5"" Tweakers""@NL 5"" Tweakers""@NL 5"" Tweakers""@NL 5"" Tweakers""@NL 5"" Tweakers""@NL 5"" Tweakers""@NL 5"" Tweakers""@NL 5"" Tweakers""@NL 5"" Tweakers""@NL 5"
2275,{'Output': 'mismatch'},"HD Graphics 520 128 MB\', \'description\': \'  \""BX80662I56400 Intel I5 6400 2.7GHz 4-Core 4-Thread 14nm Technology 65W\"" \""Null\"" Price BX80662I56400-5Pack"
2276,{'Output': 'mismatch'},", 4719072467050\', \'SKU\': \'912V336001, V336001R\', \'Tweakers ID\': \'444137\', \'description\': \'  \""MSI GeForce GTX 1080 GAMING X 8G 4"
2277,{'Output': 'mismatch'},"2.13GHz 4-Core 800MHz 45nm 4MB L3 Cache 80W 1366 Socket B Processor"", \""Null\"" Price 495916-B21-5Pack\"" \""New 495916-B21 5 Pack Wholesale\"" \""495916-B2"
2278,{'Output': 'match'},"\': \'Skylake X / Basin Falls\'}'} -> match

{'Entity_1': '{\""description\"": \""Intel Core i7 6700K Unlocked OEM Skylake Desktop Processor/CPU\"", \""title\"": \""Intel Core i7 6700K Unlocked OEM Skylake Desktop Processor/CPU\"", \""category\"": \""Processor/CPU\"", \""subcategory"
2279,{'Output': 'mismatch'},10000000000000000000000000000000000000000000000000000000000000000000000000000000
2280,{'Output': 'mismatch'},12000000000000000000000000000000000000000000000000000000000000000000000000000000
2281,{'Output': 'mismatch'},"{""Answer"": ""match""}"
2282,{'Output': 'mismatch'},2 1 to 4 Processor 32GB Memory 128GB RAID 128GB RAID 128GB RAID 128GB RAID 128GB RAID 128GB RAID 128GB RAID 128GB RAID 128GB RAID 128GB RAID 128GB RAID 1
2283,{'Output': 'match'},"660b21\', \'type\': \'DRAM Memory Kit\'}', 'Entity_2': '{\'title\': \'500660-B21 HP 4GB (1x4GB) PC3-8500 RDIMM\', \'category\': \'Null\', \'subcategory\': \'New 500660-B"
2284,{'Output': 'match'},"MZ-N5E250BW) PCPartPicker\', \'subcategory\': \'\', \'sku\': \'MZ-N5E250BW\', \'type\': \'Internal Solid State Drive (SSD) 2.5 inch SATA III 6Gb/s 250GB 3 Year Warranty 3 Year Warranty 3 Year Warranty 3 Year Warranty"
2285,{'Output': 'mismatch'},"32GB DDR4 3000 Memory Kit 2x 16GB\', \'subcategory\': \'LN73403\', \'brand\': \'Corsair\', \'sku\': \'cmu32gx4m2c3000c15r\', \'type\': \'Memory Kit 2x16GB 32"
2286,{'Output': 'match'},"_1': '{\""category\"": \""Computers_and_Accessories\"", \""Mfg. Part #:\"": \""CT51264BF160BJ\"", \""Description:\"": \""4gb Ddr3 1600 Mt / S Pc3-12800 Cl11 Sodimm 204pin\"", \""Price:\"": \""$38"
2287,{'Output': 'match'},"SATA) 3.0GB/s 7200RPM 3.5-inch 32MB Hard Drive\', \'description\': \'  \""ST31000640NS Seagate 1-TB 7.2K 3.5 SATA HDD\"" \""Null\""   \""Description: 1.0TB Seagate Barracuda"
2288,{'Output': 'mismatch'},"\'2.80GHz\', \'Cache\': \'6MB\', \'description\': \'  \""Intel Xeon 2.80GHz 4-Core 6MB Cache 409159-B21 \""@en CoreAndtrade; | 409159-B21 HP/Compaq', \'title\': \'Intel Xeon"
2289,{'Output': 'mismatch'},"€ 0,-\', \'description\': \'  \""Asus ROG Strix Z270G Gaming 90MB0S80-M0EAY0\"", \""Null\"" 90MB0S80-M0EAY0 90MB0S80-M0EAY0 90MB0S80-M0EAY0"
2290,{'Output': 'mismatch'},"061-S21\', \'description\': \'  ""628061-S21 HPE Proliant 7.2K 3.5 146GB 7200 RPM SATA 300W 146GB Hard Drive 3.5 7.2K 146GB 7200"
2291,{'Output': 'mismatch'},"(SAS) 2.5 inch 10K 400GB 2 Pack\', \'description\': \'  ""456896-001 HP 400-GB 10K 3.5 DP SAS 2 Pack"", ""HP 456896-001 400GB 1"
2292,{'Output': 'match'},"\': \'Server Adapter\', \'brand\': \'HP\', \'type\': \'Server Adapter\' }', 'Entity_2': '{\""title\"": \""HP NC430T PCI-X Quad-port Gigabit server adapter - Specificaties\"", \""category\"": \""Server Adapter\"", \""subcategory\"": \""\"", \""brand\"": \""HP\"", \""sku\"": \""HP NC430T"
2293,{'Output': 'mismatch'},"\': \'Western Digital\', \'category\': \'Western Digital 1000GB 7200RPM Hard Drives (HDDs)\', \'description\': \'  \""Western Digital 1000GB 7200RPM Hard Drive\"" \"" WD 1000GB 7200RPM Hard Drive \""', \'"
2294,{'Output': 'mismatch'},"protected] 1080p\', \'Max Resolution (DisplayPort 1.2)‡\': \'[email protected] 1080p\', \'Max Resolution (DVI)‡\': \'[email protected] 1080p\', \'Max Resolution (HDMI 1.3)‡\': \'[email protected] 108"
2295,{'Output': 'mismatch'},"\': \'Hewlett-Packard Company\', \'description\': \'  \""HP 256MB 200 MHz DDR SDRAM Memory Module 249674001\""@en (249674001)\""@en', \'title\': \'HP 256MB 200 MHz DDR SDRAM"
2296,{'Output': 'mismatch'},"0GHz 125W 16Mb Cache AM3+ Socket 9\'', \'title\': \'AMD FX-8350 4.0GHz 8-Core 125W Processor - Retail\', \'subcategory\': \'AMD FX8350 Boxed\', \'sku\': \'cpafx8350\', \'type\': \'"
2297,{'Output': 'match'},"': \'GDDR5\', \'description\': \'  \""Gaming PC\""@en-gb  \""Gaming PC\""@en-gb  \""Gaming PC\""@en-gb  \""Gaming PC\""@en-gb  \""Gaming PC\""@en-gb  \""Gaming PC\""@en-gb  \""Gaming PC\""@en-g"
2298,{'Output': 'mismatch'},",-\', \'description\': \'  \""Intel Pentium G4560 BX80677G4560\""@en-US  \""Intel Pentium G4560 3.40 GHz 4 MB Cache 4 Cores 2.80 GHz 3.40 GHz 4 MB Cache 4 Cores 2.8"
2299,{'Output': 'mismatch'},"\': \'07\', \'description\': \'  \""Intel Core i7-7700 4.2GHz 8MB Cache 4.2GHz 4C/8T 8MB Cache 4.2GHz 4C/8T\""@en  Intel Core i7-7700 4.2GHz 8MB Cache"
2300,{'Output': 'mismatch'},"12045176\', \'description\': \'  \""Cooler Master Elite 130\"" \""Cooler Master Elite 130 130mm 130mm 130mm 130mm 130mm 130mm 130mm 130mm 130mm"
2301,{'Output': 'mismatch'},"uren Nederland t/m € 200,-\': \'€ 6,95\', \'description\': \'  \""M5A99FX PROR20 90MIBIT0G0EAY0VZ\"" \""M5A99FX PRO R2.0\""  \""Asus M5A99FX Pro R2.0"
2302,{'Output': 'mismatch'},"{""Output"": ""match""}"
2303,{'Output': 'mismatch'},"{""Output"": ""match""}"
2304,{'Output': 'mismatch'},"\""Corsair Flash Voyager Slider X2 32GB Blauw\""  \""Null\""  \""Corsair Flash Voyager Slider X2 32GB Blauw\""  \""Null\""  \""Corsair Flash Voyager Slider X2 32GB Blauw\""  \""Null\""  \""Corsair Flash Voyager Slider X2 32GB Blauw\"""
2305,{'Output': 'mismatch'},"\', \'Number of IDE Drives:\': \'2\', \'Number of USB Ports:\': \'2\', \'Number of Floppy Drives:\': \'1\', \'Number of Serial Ports:\': \'1\', \'Number of Parallel Ports:\': \'1\', \'Number of Audio Ports:\': \'1\', \'Number of VGA Ports:\': \'1\', \'Number of PS/2"
2306,{'Output': 'mismatch'},"'\', \'brand\': \'MSI\', \'sku\': \'geforcegtx1080gamingx8g\', \'type\': \'Videokaart\', \'description\': \'  \""MSI GeForce GTX 1080 GAMING X 8G Graphics Card\""@en | 912-V336-001,"
2307,{'Output': 'mismatch'},"9\', \'description\': \'  \""Corsair Vengeance LPX CMK32GX4M2B3200C16\""  \""Null\""  \""Description: Corsair Vengeance LPX 32GB 2x16GB 2400MHz DDR3 1.5V 240-Pin Memory Module 24"
2308,{'Output': 'mismatch'},00000000000000000000000000000000000000000000000000000000000000000000000000000000
2309,{'Output': 'mismatch'},73386 - CMU64GX4M4C3000C15R 16GB LN73386 - CMU64GX4M4C3000C15R 16GB LN73386 - CMU64GX4M4C3000C15R
2310,{'Output': 'mismatch'},"{""Output"": ""match""}"
2311,{'Output': 'mismatch'},"€ 0,-\', \'iDeal\': \'€ 0,-\', \'Totaal\': \'€ 96,80\', \'description\': \'  \""WD Green SSD 2,5\"" (WDS120G1G0A) 120GB\""@en', 'title': \'WD Green SSD 2,5"""
2312,{'Output': 'mismatch'},"\', \'type\': \'Memory Module 2GB 240-pin 667MHz PC2-5300 DDR2 SDRAM 2 x 1GB\'}', 'Entity_2': '{\""description\"": \""  \""408851-B21 HP 2GB 667MHz Memory Module\"", \""Null\"" \""40"
2313,{'Output': 'match'},"{""Output"": ""match""}"
2314,{'Output': 'mismatch'},"\', \'Generation\': \'2000\', \'Part Number\': \'358348B21\', \'Products ID\': \'463635\', \'Capacity\': \'2GB\', \'Form Factor\': \'DIMM\', \'Interface\': \'DDR2\', \'Data Transfer Rate\': \'400MB/s\', \'Cache"
2315,{'Output': 'mismatch'},"{""Output"": ""match""}"
2316,{'Output': 'mismatch'},"-TB 7.2K 3.5 3G SATA"", ""Null"" ""New ST31000524NS SATA 10 Pack Wholesale Price ST31000524NS-10Pack "" ""Seagate 1-TB 7.2K 3.5 3G SATA ""}', 'Output': 'm"
2317,{'Output': 'match'},"title\': \'691862-B21 HP G8 G9 100-GB 6G 2.5 SATA SSD\', \'category\': \'Hard Drive\', \'subcategory\': \'Hard Drive\', \'brand\': \'HP\', \'sku\': \'691862b21\', \'type\': \'2.5"
2318,{'Output': 'mismatch'},""", ""Null"" ""Asus PCE-AC55BT B1 - Prijzen ""@NL Tweakers""}', 'Entity_2': '{\""title\"": \""PCE-AC55BT B1 - Prijzen @NL Tweakers\"", \""category\"": \""Null\"", \""subcategory\"": \""PCE-AC55BT B1 - Prijzen @NL Twe"
2319,{'Output': 'mismatch'},00 1.33GHz 128MB 128MB 128MB 128MB 128MB 128MB 128MB 128MB 128MB 128MB 128MB 128MB 128MB 128MB 1
2320,{'Output': 'match'},"86111310296\', \'description\': \'  ""HP Intel Xeon E7-4820 24C 2.53GHz 12MB 128000MB 128000MB 128000MB 128000MB 128"
2321,{'Output': 'mismatch'},"\'title\': \""HP 495916-B21 Processor\""}', 'Entity_2': '{\""title\"": \""HP 495916-B21 Processor\"", \""category\"": \""\"", \""subcategory\"": \""\"", \""brand\"": \""HP\"", \""sku\"": \""495916b21\"", \""type\"": \""Processor\""}'}"
2322,{'Output': 'mismatch'},"\': \'\', \'brand\': \'Kingston\', \'sku\': \'hx318c9srk216\', \'type\': \'Memory\'}', 'Entity_2': '{\'title\': \'Kingston HyperX Savage Red 16GB (2x8GB) DDR3 PC3-14400C9 1"
2323,{'Output': 'mismatch'},"\'description\': \'  \""Intel Core i3-6100\""  \""Intel Core i3 6100 3.7GHz 4MB Cache 64-bit 3.7GHz 4MB Cache 64-bit 3.7GHz 4MB Cache 64-bit 3.7GHz 4MB Cache 64-bit"
2324,{'Output': 'match'},"\'Technology\': \'Unbuffered ECC DIMM\', \'Form Factor\': \'DIMM 240-pin\', \'Memory Speed\': \'1GB (PC1066)\', \'Rank\': \'Dual Rank\', \'Application\': \'Server Memory\', \'Server Model\': \'HP Proliant\', \'Manufacturer\': \'Hewlett-Packard\',"
2325,{'Output': 'mismatch'},"{""Output"": ""match""}"
2326,{'Output': 'match'},"\', \'description\': \'  \""249675-001\""@en 249675-001', \'title\': \'249675-001\', \'subcategory\': \'Servers\', \'sku\': [\'249675001\'], \'type\': \'Server Rack"
2327,{'Output': 'mismatch'},"{""Output"": ""match""}"
2328,{'Output': 'mismatch'},"subcategory\': \'HardDrive\', \'brand\': \'Seagate\', \'sku\': \'st31000524ns\', \'type\': \'3.5-inch 32MB Hard Drive\', \'description\': \'  ""ST31000524NS Seagate 1-TB 7.2K 3.5"
2329,{'Output': 'match'},00000000000000000000000000000000000000000000000000000000000000000000000000000000
2330,{'Output': 'mismatch'},1000000000000000000000000000000000000000000000000000000000000000000000000000000
2331,{'Output': 'mismatch'},"K2/16\', \'description\': \'  \""Kingston HyperX Fury black HX421C14FB2K2/16 16GB 2400MHz DDR4 2400MHz 2400 MHz 2400 MHz 2400 MHz 2400 MHz 240"
2332,{'Output': 'mismatch'},"595-001 HP 6-TB 6G 7.2K 3.5 SAS HDD"" ""Null""   ""Description:HP 6TB 3.5-inch LFF Serial Attached SCSI (SAS)6G 7.2K Hot-Plug Midline (MDL) Hard Drive\""  ""Description:HP 6TB"
2333,{'Output': 'mismatch'},"DP SAS 430165-003"", ""Null"" ""New 430165-003 SAS 2 Pack Wholesale Price 430165\', \'title\': \'430165-003 HP 146-GB 3G 10K 2.5 DP SAS\',"
2334,{'Output': 'match'},"sku\': \'cmk64gx4m4a2666c16\', \'type\': \'Memory - DDR4 2666 MHz 4x16GB 64GB (4x16GB) 1.2V 288 Pin UDIMM Non-ECC Black\'}', 'Entity_2': '{\'"
2335,{'Output': 'mismatch'},"': \'G2\', \'Part Number\': \'658102001\', \'Model\': \'ProLiant BL20p\', \'Hard Drive Capacity\': \'1000 GB\', \'Hard Drive Type\': \'Hot-swap\', \'Hard Drive Interface\': \'SATA\', \'Hard Drive Speed\': \'7.2K\',"
2336,{'Output': 'mismatch'},"': \'[533995-002]\', \'category\': \'Null\', \'description\': \'  \""533995-002 HP 10000RPM 2.5\"" 3.5\"" 1.5TB 7200RPM 3.5\"" 1.5TB"
2337,{'Output': 'mismatch'},"Brand\': \'Zotac\', \'Model\': \'GTX 1080 Ti AMP Edition\', \'description\': \'  \""Zotac GeForce GTX 1080 Ti AMP Edition\""  \""Null\""  \""Description: 2 x 1080 Ti AMP Edition 11GB 3520MB/s 1228"
2338,{'Output': 'mismatch'},"': \'\', \'brand\': \'Western Digital\', \'sku\': \'20GE0003US\', \'type\': \'\', \'description\': \'  \""WD60EFRX6TB Disco Duro 3.5\"" Edición RED NAS 64MB\""@es WD60EFRX Western Digital@es \""Disco duro inter"
2339,{'Output': 'mismatch'},"\': \'€ 0,-\', \'description\': \'  \""Corsair Air Series SP120 PWM High Performance Edit - Prijzen ""@NL Tweakers""@NL  \', \'title\': \'Corsair Air Series SP120 PWM High Performance Edit 120mm\', \'subcategory\': \'Cooling\', \'brand\': \'Corsair\', \'"
2340,{'Output': 'mismatch'},"6F\', \'type\': \'Hard Drive - Hot-Swap\' }', 'Entity_2': '{\'title\': \'HP 146-GB 15K 2.5 DP SAS HDD EH0146FAWJB\', \'category\': \'Null\', \'subcategory\': \'Description:146GB 15K 2."
2341,{'Output': 'mismatch'},"1.153,80\', \'description\': \'  \""AMD Ryzen Threadripper 1950X\"", \""Null\"" ""New AMD Ryzen Threadripper 1950X 16-Core 3.5GHz 125W 125W 125W 125W 125W 125"
2342,{'Output': 'mismatch'},PE 10K 3.5 400GB 10000RPM 3.5 inch 1/3H Low Profile Internal Hard Drive 3.5 inch 1/3H Low Profile Internal Hard Drive 3.5 inch 1/3H Low Profile Internal Hard Drive 3.5 inch 1/3H Low Profile Internal
2343,{'Output': 'mismatch'},".5 DP SAS HDD"" ""HP EH0146FAWJB HDD Part# -EH0146FAWJB""  ""Description of EH0146FAWJB HP 146-GB 6G 15K 2.5 DP SAS HDD""}'} -> match'}

{'Entity_1': '{\""brand\"": \""AMD\"", \"""
2344,{'Output': 'mismatch'},"ketpost > € 50,-\': \'€ 0,-\', \'Opsturen\': \'€ 0,-\', \'Pakketpost (vanaf € 44,95)\': \'€ 0,-\', \'Pakketpost (vanaf € 29,95)\': \'€ 0,-\', \'Opsturen vanaf"
2345,{'Output': 'match'},"{""Output"": ""match""}"
2346,{'Output': 'match'},288-pin LRDIMM 2133 MHz 2133 MHz ( PC4-17000 ) CL15 ( 15-15-15 ) 1.2 V 2133 MHz ( PC4-17000 ) CL15 ( 15-15-15 )
2347,{'Output': 'mismatch'},"3.5 inch 7.2K 500GB 16MB Cache 300MB/s 7200RPM 8.5ms 3.5 inch x 1/3H\', \'sku\': [\'st3500630ns2pack\', \'st3500630ns2pack"
2348,{'Output': 'mismatch'},2666MHz 1.2V 2x8GB 16GB Non-ECC Unbuffered Memory Module 16GB 2666MHz 1.2V 2x8GB 16GB Non-ECC Unbuffered Memory Module 16GB 2666MHz 1.2V 2x8GB
2349,{'Output': 'mismatch'},"akketpost (vanaf € 20)': '€ 0,-', 'Pakketpost (vanaf € 75)': '€ 0,-', 'Pakketpost (vanaf € 99)': '€ 3,95', 'Pakketpost (vanaf € 29)': '€ 0,-', 'Pakket"
2350,{'Output': 'match'},"{""Output"": ""mismatch""}"
2351,{'Output': 'mismatch'},"akketpost (100-150)\': \'€ 0,-\', \'description\': \'  \""Samsung 960 Pro 2TB M.2 2280 NVMe SSD\"", \""Samsung 960 Pro 2TB M.2 2280 NVMe SSD\"" \""Samsung 960 Pro 2TB M"
2352,{'Output': 'mismatch'},"244373\', \'SKU\': \'HX426C15FB/4\', \'description\': \'  ""Kingston HyperX Fury black HX426C15FB/4 16GB DDR4 2400MHz Memory Module 2x8GB 2400MHz 1.35V 1"
2353,{'Output': 'mismatch'},"\', \'description\': \'  ""BD1465822C-5Pack HPE 10K 2.5\"" 146GB 10K RPM 146GB 146GB 146GB 146GB 146GB 146GB 146GB 146"
2354,{'Output': 'mismatch'},x 140mm 2x 120mm 2x 110mm 2x 100mm 2x 90mm 2x 80mm 2x 70mm 2x 60mm 2x 50mm 2x 40mm 2x 30mm
2355,{'Output': 'mismatch'},"vanaf € 50,-)\': \'€ 0,-\', \'description\': \'  \""Intel Core i5-6400 3.30GHz 4Cores 8Threads 15MB Cache 64bit 3.30GHz 15MB Cache 4Cores 8Threads 3.30GHz 15"
2356,{'Output': 'mismatch'},"2': '{\'title\': \'ST1000DM003 Seagate Barracuda 1TB SATA 6.0 Gbps Hard Drive\', \'category\': \'\', \'subcategory\': \'Hard Drives\', \'brand\': \'Seagate\', \'sku\': [\'st1000dm003\'], \'type\':"
2357,{'Output': 'mismatch'},"001\', \'sku\': \'390394001\', \'type\': \'Power Supply\'}', 'Entity_2': '{\""title\"": \""390394-001 HP Proliant ML350 G4p PS\"", \""category\"": \""Proliant Power Supply\"", \""subcategory\"": \""New 39"
2358,{'Output': 'mismatch'},"1-30 kg\': \'€ 4,95\', \'Pakketpost 1-30 kg (NL)\': \'€ 4,95\', \'description\': \'  \""Asus Prime B250M-Plus 90MB0SI0M0EAY0\"" @en | Prime B250M-Plus"
2359,{'Output': 'mismatch'},"{""Output"": ""match""}"
2360,{'Output': 'mismatch'},"\""AMD Ryzen 5 1400 3.2G 8MB 65W with Wraith Stealth Cooler\""  \""Null\""  \""Description:AMD Ryzen 5 1400 Quad-Core Processor with Wraith Stealth 65W cooler Novatech\'', \'price\': \'169.80\' }', 'Output':"
2361,{'Output': 'mismatch'},"\': \'340769-001\', \'type\': \'Description:HP 340769-001 20GB Internal DLT Drive 20/40GB 20GB 20GB 20GB 20GB 20GB 20GB 20GB 20GB"
2362,{'Output': 'match'},77000455 10000000000000000000000000000000000000000000000000000000000000000000000
2363,{'Output': 'mismatch'},"4988736044002\', \'brand\': \'Seagate\', \'category\': \'Hard Drive\', \'description\': \'  \""Seagate 1TB 3.5 inch Internal Hard Drive 7200 RPM 3.5\"" SATA III 6Gb/s 7200 RPM 100000"
2364,{'Output': 'mismatch'},"632429-003 120GB 6G 2.5 SATA II 300MB/s Hard Drive\', \'category\': \'\', \'subcategory\': \'\', \'brand\': \'HP\', \'sku\': \'632429-003\', \'type\': \'Hard Drive\', \'"
2365,{'Output': 'mismatch'},"LVD)\', \'description\': \'  \""HP MSL5026 160/320GB Super DLT External Tape Drive - Reviews \""@NL Tweakers\""@NL\' }', 'Entity_2': '{\""title\"": \""HP MSL5026 160/320GB Super DLT External Tape Drive\"", \"""
2366,{'Output': 'mismatch'},1333MHz 4GB 240-pin DDR3 Memory Module 1x4GB 1333MHz 4GB 240-pin DDR3 Memory Module 1x4GB 1333MHz 4GB 240-pin DDR3 Memory Module 1x4GB 1333MHz 4GB 24
2367,{'Output': 'mismatch'},"b21\', \'type\': \'Server Blade Computer\'', 'Entity_2': '{\""title\"": \""HP 300876-B21 PROLIANT BL20P G2\"", \""category\"": \""Server\"", \""subcategory\"": \""Description:10 x HPE 200GB 2.5-inch (SFF) Serial Attached SCSI ("
2368,{'Output': 'mismatch'},"8\', \'description\': \'  \""Os 6380 WkTgGhKwOf\"" \"" Os 6380 WkTgGhKwOf - 1200000000000000000000000000000000000"
2369,{'Output': 'mismatch'},"3,95\', \'description\': \'  \""AMD FX-6300 3.5GHz 6-Core 12-Thread 125W Black Edition\"", \""Null\"" Price 129.99\"" \""New AMD FX-6300 3.5GHz 6-Core 12-Thread 125W"
2370,{'Output': 'mismatch'},"description\': \'  \""HPE Smart Array P222/512 with FBWC - storage controller (RAID) SATA 6Gb/s\"" \"" HPE 6Gb/s 631667-B21\', \'title\': \'HPE Smart Array P222/512 with FBWC - storage controller (RAID) SATA"
2371,{'Output': 'mismatch'},"\'Description: HP 120GB 1.5G SATA 5.4K 2.5-inch SFF Hot-Plug Hard Drive\' }', 'Entity_2': '{\'title\': \'  ""Null"", ""431786-B21 HP 120-GB 5.4K 2.5 1.5"
2372,{'Output': 'mismatch'},"0000000000 ]\', \'brand\': \'HP\', \'category\': \'Null\', \'description\': \'  \""HP 349514-B21 HP 9.1GB Ultra2 7.2K Drive\"", \""Null\"" Drive Wholesale 349514-B21 Price 3495"
2373,{'Output': 'mismatch'},"0Pack\', \'type\': \'10K 3.5-inch Dual Port Hot-Plug Hard Drive\', \'description\': \'  ""456896-001 HP 400-GB 10K 3.5 DP SAS 10 Pack"" ""Null""   ""Description:5 x 400GB Serial Attached SCSI"
2374,{'Output': 'mismatch'},"SCSI (SAS)SFF 3G Dual Port Hot-Plug 10K Hard DriveIn HPE Drive tray (as pictured)For G1-G7 Proliant\', \'sku\': \'dg0300bahzq\', \'type\': \'Hard Drive\'}', 'Entity_2': '{\""title\"": \""EG0300BAHZ"
2375,{'Output': 'match'},3-KR - 1060 6GB - 1200 MHz - 1200 MHz - 1200 MHz - 1200 MHz - 1200 MHz - 1200 MHz - 1200 MHz - 1200 MHz - 1200 MHz - 120
2376,{'Output': 'mismatch'},0 SCSI Controller 64MB Cache 128MB Max 128MB Cache 128MB Max 128MB Cache 128MB Max 128MB Cache 128MB Max 128MB Cache 128MB Max 128MB Cache 128MB Max 128MB Cache
2377,{'Output': 'match'},"DL140 G3"" ""Null\""  ""Description:Intel® Xeon® L5335 2.0GHz DL140 G3(2.00GHz/2-core/4MB/65W)Full Processor Option Kit\'  ""Description:1.8GHz 2.0GHz 2.0GHz 2.0GHz"
2378,{'Output': 'mismatch'},"\': \'Yes\', \'price\': \'""€ 118,58""\', \'description\': \'  \""MCY-C3P1-KWNN Cooler Master MasterCase Pro 3\"" \""Null\""   \""Description:Coole Master MasterCase Pro 3 3.5\""', \'title\': \'MCY-C3P1-KWNN"
2379,{'Output': 'mismatch'},"> € 50,-\': \'€ 0,-\', \'Pakketpost (vanaf € 50,-)\': \'€ 0,-\', \'Opsturen\': \'€ 0,-\', \'Pakketpost vanaf\': \'€ 0,-\', \'Opsturen vanaf €50,-\': \'€ 0,-\',"
2380,{'Output': 'mismatch'},"50\', \'description\': \'  \""Intel i5-4460 3.2GHz 4-Core 84W Haswell LGA1150 CPU\"", \""Null\"" Price 4460 Intel i5-4460 3.2GHz 4-Core 84W Haswell LGA1150 CPU  \"""
2381,{'Output': 'mismatch'},"rukt in MHz\', \'description\': \'  \""BX80677I77700 Intel Core i7-7700 Boxed\"" \""Null\""   \""Description: Intel Core i7-7700 Boxed - Specificaties\""  \""Null\""  \""Description: Intel Core i7-7700 Boxed - Specific"
2382,{'Output': 'match'},"mpn\': \'[500670b212]\', \'brand\': \'Dell\', \'category\': \'HardDrive\', \'subcategory\': \'HardDrive\', \'description\': \'  \""500670-B212 2 Pack 2.5\"" 1.6TB 7200RPM"
2383,{'Output': 'mismatch'},"AS) 6G SCL SC SSD\', \'brand\': \'HP\', \'sku\': \'653078001\', \'type\': \'Hard Disk Drive\', \'description\': \'  \""653078-B21 HP G8 G9 200-GB 6G 2.5 SAS SC SSD\"" \"""
2384,{'Output': 'mismatch'},")\', \'description\': \'  \""HP 430169-002 72GB 15K 15000RPM 2.5\""  \""HP 430169-002 72GB 15K 15000RPM 2.5\""  \""HP"
2385,{'Output': 'match'},"'/mpn\': \'[b018szt3bk]\', \'brand\': \'Amazon\', \'category\': \'USB 3.0 Cable\', \'description\': \'  \""USB 3.0 1.5M 3.0 Cable 3.0 1.5M 3.0 1.5M 3.0"
2386,{'Output': 'mismatch'},"NL\': \'€ 3,95\', \'description\': \'  \""Asus GeForce GT 730 2GB 128Bit 128MB 128MB 128MB 128MB 128MB 128MB 128MB 128MB 128MB"
2387,{'Output': 'match'},"': '{\""title\"": \""347786-B21 HP 64/133 2-Ports Int PCI-X HBA\"", \""category\"": \""Null\"", \""subcategory\"": \""Description:HP 64/133 2-Ports Int PCI-X HBA\"", \""brand\"": \""HP\"", \""sku\"": \""347786b"
2388,{'Output': 'match'},"Cache, 3.50 GHz) BX80646I34150\' }', 'Entity_2': '{\'title\': \'Intel Core i3-4150 Processor (3M Cache, 3.50 GHz) BX80646I34150\', \'category\': \'CPU Processors\', \'"
2389,{'Output': 'mismatch'},"'}'

{'Entity_1': '{\""description\"": \""Corsair Vengeance LED 32GB (4x 8GB) 3000MHz DDR4 \"" 4X8GB Quad Channel DIMM - CMU32GX4M4C3000C15 |\"", \""title\"": \""Corsair Vengeance LED 32GB (4"
2390,{'Output': 'mismatch'},"': \'€ 91,96\', \'description\': \'  \""WD Green 120GB 2.5\"" SATA III 6Gb/s SSD\""@en, \""WD Green 120GB 2.5\"" SATA III 6Gb/s SSD\""@en  \""WD Green 120GB 2.5\"" SATA III"
2391,{'Output': 'mismatch'},Description:HP 1Gb 4-Port 366FLR Adapter 10/100/1000Base-T 1000Mbps 4 Port 1000Base-T 1000Mbps 4 Port 1000Base-T 1000Mbps 4 Port 1000Base-T
2392,{'Output': 'mismatch'},"\'Cache\': \'16 MB\', \'Size\': \'3.5-inch\', \'description\': \'  ""ST3500630NS Seagate 500GB 7200RPM SATA 16MB Cache Barracuda Hard Drive""\', \'title\': \'ST3500630NS Seagate 5"
2393,{'Output': 'mismatch'},"3.6GHz 4 Core 8 Thread 1151 Socket 4.2GHz Turbo 125W 14nm Desktop Processor BX80677I77700K\', \'category\': \'Processors\', \'subcategory\': \'Price\', \'brand\': \'Intel\', \'sku\': \'bx8067"
2394,{'Output': 'match'},"{""price"": ""18.15""}"
2395,{'Output': 'match'},"GB 240-Pin 2666MHz SODIMM Memory Module\', \'description\': \'  \""Corsair 4GB 240-Pin 2666MHz SODIMM Memory Module\""@en  \""Corsair 4GB 240-Pin 2666MHz SODIMM Memory Module\""@"
2396,{'Output': 'mismatch'},"': \'154457-B21\', \'Products ID\': \'461048\', \'Manufacturer\': \'HP\', \'Network Processor\': \'Broadcom BCM5719 Chipset\', \'Interface Type\': \'PCIe 2.0 x4\', \'Network Technology\': \'10/100/1000"
2397,{'Output': 'mismatch'},"extra cooler is not required\', \'description\': \'  \""CMU32GX4M4C3000C15 32GB (4x8GB) DDR4 3000MHz 288-pin Desktop Memory Kit 1.35V\"", \""Null\"" \""CMU32GX4M4C3000C"
2398,{'Output': 'mismatch'},"Drive"", \""Null\"" Price WD10EFRX-2Pack\"" \""New WD10EFRX 2 Pack Wholesale Price WD10EFRX-2Pack\"" \""Western Digital WD10EFRX 1TB SATA Desktop Red 64MB Cache Bare Drive 3.5\""', \'title\': \'WD10EFRX 1TB SATA Desktop Red"
2399,{'Output': 'mismatch'},"146-GB 15K 3.5 SP SAS HDD\', \'category\': \'HardDrive\', \'subcategory\': \'15K 3.5-inch Single Port Hot-Plug Hard Drive\', \'brand\': \'HP\', \'sku\': \'432094b21\', \'type\': \'Hard Drive\', \'description\"
2400,{'Output': 'mismatch'},"240-pin"" 16GB 240-pin DDR3 16GB 240-pin 1333MHz 16GB 240-pin 1333MHz 16GB 240-pin 1333MHz 16GB 240-pin 1333MHz 16"
2401,{'Output': 'mismatch'},"{""Output"": ""match""}"
2402,{'Output': 'match'},"20,-\': \'€ 0,-\', \'Pakketpost (boven €20,-)\': \'€ 0,-\', \'Pakketpost (boven €100,-)\': \'€ 0,-\', \'Pakketpost (boven €50,-)\': \'€ 0,-\', \'Pakketpost (bo"
2403,{'Output': 'mismatch'},"{""Output"": ""match""}"
2404,{'Output': 'mismatch'},"{""Output"": ""match""}"
2405,{'Output': 'mismatch'},"HDD Size\': \'3.5\"" 300mm\', \'description\': \'  \""Corsair - 100R 100R 100R 100R 100R 100R 100R 100R 100R 100R 100R"
2406,{'Output': 'mismatch'},60 G2 8GB 133MHz ECC SDRAM Memory 8x Intel Xeon 2.5GHz Processor 1MB Cache 4x 36.4GB 10K Hot Pluggable 1.44 MB Diskette Drive CD-ROM Drive 7U Rack 2.5GHz 1MB Cache 8x Intel Xeon
2407,{'Output': 'mismatch'},"'\', \'sku\': \'HyperX Fury 4GB 2400MHZ CL15\', \'type\': \'DDR4\', \'description\': \'  \""4GB 2400MHZ DDR4 CL15 HX FUR BK\""@en-US |Tradineur.com \""@en-US  \""4GB 2400"
2408,{'Output': 'mismatch'},"120MB/s\', \'description\': \'  \""HP 417190002 2 Pack 72GB 15K 3.5\"" SAS Hard Drive 120MB/s HP 417190-002-2Pack\"" \"" HP 417190-002-2"
2409,{'Output': 'mismatch'},"DP SAS 5 Pack\', \'subcategory\': \'\', \'sku\': \'4301690022pack\', \'type\': \'3G 15K 2.5-inch SFF Hot-Plug Hard Drive\'}', 'Entity_2': '{\'title\': \'430169-002 HP 7"
2410,{'Output': 'mismatch'},"\'description\': \'  \""HP ProLiant 15K 2.5\"" 146GB 7200RPM Internal Hard Drive\"" 146GB | 432094B2110PACK | SCAN UK\""@en  \""146GB HP ProLiant 15K 2.5\"""
2411,{'Output': 'match'},"Null\', \'subcategory\': \'New 417190-002 SAS 5 Pack Wholesale 417190-002-5Pack 417190-002-2Pack 417190-002-1Pack 417190-002-3Pack"
2412,{'Output': 'mismatch'},""" Internal Hard Drive 1.54TB 1.54TB 1.54TB 1.54TB 1.54TB 1.54TB 1.54TB 1.54TB 1.54TB 1.54TB 1.54TB 1.54TB 1.5"
2413,{'Output': 'mismatch'},"': \'12 cores\', \'description\': \'  \""492131-B21 HP Proliant Processor Board\"" Processor (492131B21) PCPartPicker\""', \'title\': \'492131-B21 HP Proliant Processor Board\', \'subcategory\': \'Price\', \'sku\': \'4"
2414,{'Output': 'mismatch'},"{""Output"": ""match""}"
2415,{'Output': 'mismatch'},"{""Relation"": ""mismatch""}"
2416,{'Output': 'match'},"WD Seagate Barracuda 1TB 3.5"" 7200RPM SATA 6.0 Gbps 8.5ms 64MB Cache AcuTrac Technology OptiCache Technology 8.5ms 64MB Cache AcuTrac Technology OptiCache Technology 8.5ms 64MB Cache AcuTrac"
2417,{'Output': 'mismatch'},"1,249.00""\', \'description\': \'  ""323146-B21 HP ProLiant BL20p 3.5\"" 120GB 7.2K 3.5 SATA"", ""Null"" ""323146-B21 HP ProLiant BL20p 3.5"
2418,{'Output': 'mismatch'},"E-ATX (and below), Up to 5 HDD, Fans Included, Solid Side Panel, Water Cooler Support, Full Length GPU\', \'description\': \'  \""Corsair Carbide Series 400Q \""@en inchSilentinch Mid Tower Case | CC-9011100-WW Novatech\""@en  \""E-A\'',"
2419,{'Output': 'mismatch'},"\', \'sku\': \'308724001\', \'type\': \'Server\'', 'Entity_2': '{\'title\': \'308724-001 HP Proliant DL360R G3 512MB 2.8GHz 1024MB 1000000"
2420,{'Output': 'mismatch'},"{""Output"": ""mismatch""}"
2421,{'Output': 'mismatch'},"00RPM 3.5 HDD\', \'brand\': \'Hewlett-Packard\', \'sku\': \'ST3500630NS\', \'type\': \'Description:HP 500GB Hot-Plug Serial ATA (SATA) 1.5G 7200RPM 3.5 HDD\', \'description\':"
2422,{'Output': 'match'},"HP 431786-B21 120GB 5.4K 2.5 SATA 2 Pack ""@en  ""HP 431786-B21 120GB 5.4K 2.5 SATA 2 Pack ""@en  ""HP 431786-B21 12"
2423,{'Output': 'mismatch'},"Ethernet\', \'Network Interface\': \'10/100/1000Base-T\', \'Hard Drive Bays\': \'2\', \'Hard Drive Bays (max)\': \'2\', \'Hard Drive Type\': \'SATA\', \'Hard Drive Type (max)\': \'SATA\', \'Hard Drive Type (max)\': \'SATA\', \'Hard"
2424,{'Output': 'mismatch'},"\""title\"": \""432103-B21 HP Smart Array P600/512 Controller\"", \""category\"": \""HP Smart Array P600/512 BBWC Controller Factory Integrated Only\"", \""subcategory\"": \""HP Smart Array P600/512 BBWC Controller Factory Integrated Only\"", \""brand\"": \""HP\"", \""sku\"": \"""
2425,{'Output': 'mismatch'},"\'subcategory\': \'New 500670-B21 UDIMM 2 Pack Wholesale Price 500670-B21-2Pack\', \'brand\': \'New\', \'sku\': \'500670b212pack\', \'type\': \'2 Pack Wholesale\', \'description\': \'  ""50"
2426,{'Output': 'mismatch'},"169-002\', \'subcategory\': \'Hard Drive - Hot-Swap\', \'brand\': \'HP\', \'sku\': \'430169-002\', \'type\': \'Hard Drive - Hot-Swap\', \'description\': \'  ""430169-002 HP 72-GB 3"
2427,{'Output': 'mismatch'},LT Tape Drive 20/40GB 340743-B21 20/40-GB Int SCSI DLT 20/40GB 340743-B21 20/40-GB Int SCSI DLT 20/40GB 340743-B21 2
2428,{'Output': 'mismatch'},"title\': \'HP 432094-B21 146-GB 15K 3.5 SP SAS Hard Drive\', \'subcategory\': \'\', \'sku\': \'432094b2110pack\', \'type\': \'Hard Drive\'}', 'Entity_2': '{\'title\': \'"
2429,{'Output': 'mismatch'},"{""Output"": ""match""}"
2430,{'Output': 'mismatch'},"description\': \'  \""Hard Drive 7.2K 3.5\"" 1.5 TB 7200 RPM SATA 3.0 6 Gb/s 1.5 TB 3.5\"" 7.2K 1.5 TB 3.5\"" 7.2K 1.5 TB 3.5\"""
2431,{'Output': 'mismatch'},"{""Output"": ""mismatch""}"
2432,{'Output': 'match'},"': \'DDR4 2400 MHz\', \'description\': \'  ""Kingston - Vengeance LPX 16GB (2x8GB) DDR4 2400 MHz Memory Kit - CMK16GX4M2B3600C18R"", ""Kingston - Vengeance LPX 16GB (2x8"
2433,{'Output': 'mismatch'},"', \'description\': \'  \""430169-002 2 Pack\"" \""430169-002 2 Pack HP 15K 3.5 SAS 72GB 15000RPM\"" \""430169-002 2 Pack HP 15K 3"
2434,{'Output': 'mismatch'},"SP SATA"" ""ST2000NM0011 HP G8 G9 2-TB 6G 7.2K 3.5 SATA SC"", ""Null"" Price ST2000NM0011-2Pack"" ""New ST2000NM0011 HP G8 G9 2-TB 6G"
2435,{'Output': 'mismatch'},"\'6 Gb/s\', \'description\': \'  \""HP DL165 572071-B21 60GB 2.5\"" SATA SSD\""@en Motherboard LN66902 - 90MB0MG0-M0EAY0 | SCAN UK\""@en  ', \'title\': \'HP DL16"
2436,{'Output': 'mismatch'},"\'\', \'brand\': \'HP\', \'sku\': \'dg0300bahzq\', \'type\': \'Hard Drive - Hot-Swap\', \'description\': \'  ""DG0300BAHZQ HP 300-GB 3G 10K 2.5 DP SAS HDD""   ""Description:300"
2437,{'Output': 'mismatch'},"\'\', \'subcategory\': \'\', \'brand\': \'HP\', \'sku\': \'bd03655b28\', \'type\': \'Hard Drive\', \'description\': \'  \""BD03655B28 HP 36.4-GB 10K FC-AL HDD\""@tr  \""Null\""@"
2438,{'Output': 'mismatch'},1 HP DDR PCI-e Dual-Port HCA 4X Infiniband SFF-8470 4X Infiniband SFF-8470 4X Infiniband SFF-8470 4X Infiniband SFF-8470 4X Infiniband SFF-8470 4X Infin
2439,{'Output': 'mismatch'},"Western Digital\', \'sku\': [\'wd30efrx\'], \'description\': \'  \""WD Red 3TB 5400rpm SATA 6Gb/s 64MB Cache HDD OEM (WD30EFRX)\"", \""Null\""  \', \'type\': \'3TB WD30EFRX Black, 5400rpm"
2440,{'Output': 'mismatch'},""", ""$124.74 CAD"", ""$124.74 CAD"", ""$124.74 CAD"", ""$124.74 CAD"", ""$124.74 CAD"", ""$124.74 CAD"", ""$124.74 CAD"", ""$124.74 CAD"", ""$124.74"
2441,{'Output': 'mismatch'},"2133 2400 MHz 288-pin\', \'brand\': \'New\', \'sku\': \'CMK16GX4M2A2400C16\', \'type\': \'Description:2 x Corsair Vengeance LPX 8 GB 2400 MHz 288-pin DDR4 Memory Kit\', \'"
2442,{'Output': 'mismatch'},"{""Answer"": ""mismatch""}"
2443,{'Output': 'mismatch'},"DDR3 1600MHz Cas9 SO-DIMM Kit\', \'subcategory\': \'New Corsair Vengeance 8Gb (2x4Gb) DDR3 1600MHz Cas9 SO-DIMM Kit\'', 'Entity_2': '{\'title\': \'Corsair Vengeance 8Gb (2x4Gb) DDR3 1"
2444,{'Output': 'mismatch'},"0\', \'Processor Count\': \'1\', \'Processor Type\': \'Intel Xeon\', \'Processor Core\': \'Quad-Core\', \'Processor Speed\': \'2.13GHz\', \'QuickPath Interconnect\': \'6.40GT/s\', \'L2 Cache\': \'2MB\', \'L3 Cache\': \'24MB\', \'64"
2445,{'Output': 'match'},"2MB Server\', \'description\': \'  ""345628-B21 BL40P (1) X2.2GHz 2MB Server"" ""Null""   ""Description: BL40P (1)Xeon 2.2GHz/2MB 512MB Blade Server 345628-B21 3"
2446,{'Output': 'mismatch'},"658102002\'], \'type\': \'Hard Drive - Hot-Swap - Gen8\'}', 'Entity_2': '{\""title\"": \""ST2000NM0011-SC HP G8 G9 2-TB 6G 7.2K 3.5 SATA SC\"", \""category\"": \""Null\"","
2447,{'Output': 'mismatch'},"-9\', \'brand\': \'Antec\', \'sku\': \'761345838009\', \'type\': \'Full Tower PC Case\', \'description\': \'  \""Antec P380 Full Tower PC Case\""@en  \'}'} -> match}

{'Entity_1': '{\""brand\"": \""Samsung\"", \""category"
2448,{'Output': 'mismatch'},"\': \'Cases\', \'Merk\': \'Acer\', \'Productserie\': \'Aspire 5570Z\', \'Product\': \'Acer Aspire 5570Z 5570Z 5570Z 5570Z 5570Z 5570Z 5570Z"
2449,{'Output': 'mismatch'},"4001806371535]\', \'brand\': \'Samsung\', \'category\': \'Hard Drive\', \'description\': \'  \""Samsung 80GB 2.5\"" 3.5\"" Hard Drive 5400RPM 3.5 inch x 1 inch Plug-in Module 2.5 inch SATA III"
2450,{'Output': 'match'},"\', \'description\': \'  ""HP 500670-B21 2GB 1333MHz Unbuffered ECC DIMM 240-pin Dual Rank Server Memory 2GB (1 x 2GB)\""@en  ""HP 500670-B21 2GB 1333MHz Unbuffer"
2451,{'Output': 'mismatch'},"Pack Wholesale Price ST31000640NS-5Pack""   ""Description:Seagate Constellation ES 1TB Hot-Plug Serial ATA (SATA) NCQ 3.0GB/s 7200RPM 3.5-inch 32MB Hard DrivePart Number(s) Seagate Mode\', \'category\': \'Null\'}"
2452,{'Output': 'mismatch'},\'1000000000000000000000000000000000000000000000000000000000000000000000000000000
2453,{'Output': 'mismatch'},"MEMORY 4GB ( 2X 2GB ) PC-6400"" \', \'title\': \'4GB (2 x 2GB) 800MHz (PC2-6400) DDR II SDRAM Memory 497765-B21\', \'subcategory\': \'New 497765-B2"
2454,{'Output': 'mismatch'},"Ultra Compact Desktop PCs\', \'brand\': \'Gigabyte\', \'sku\': \'GB-BKi7HA-7500\', \'price\': \'1299.00\'', \'description\': \'  ""Gigabyte BRIX GB-BKi7HA-7500 (rev. 1.0) - Ultra Compact PC Kit Core"
2455,{'Output': 'mismatch'},"Hard disk drive\', \'description\': \'  ""Hard disk drive 3.5 inch SATA 6 Gb/s 6000 rpm 3000 MB/s 3 TB 7200 rpm 3000 MB/s 3 TB 7200 rpm 3000 MB/s 3 TB 7200 rpm"
2456,{'Output': 'mismatch'},"factor hard drive with 128MB cache\', \'sku\': \'st1000nm0033\', \'type\': \'3.5-inch Serial ATA (SATA) 7.2K Hard Drive\'}', 'Entity_2': '{\""title\"": \""ST1000NM0033 Seagate 1TB 7."
2457,{'Output': 'mismatch'},"{""Output"": ""match""}"
2458,{'Output': 'mismatch'},"77,44\', \'description\': \'  ""Seagate 500GB 3.5\"" SATA III 6Gb/s Hard Disk Drive 5400RPM 23MB/s 500GB 3.5\"" SATA III 6Gb/s Hard Disk Drive 5400RPM 23MB/s 50"
2459,{'Output': 'mismatch'},"O 2.5\"" 500GB 7200RPM 3.5\"" 500GB 7200RPM 3.5\"" 500GB 7200RPM 3.5\"" 500GB 7200RPM 3.5\"" 500GB"
2460,{'Output': 'mismatch'},"mpn\': \'strixz270ggaming, 90mb0s80m0eay0\' }', 'Entity_2': '{\""category\"": \""\"", \""subcategory\"": \""\"", \""brand\"": \""\"", \""sku\"": \""658071b21\"", \""type\"": \""Description:10 x HPE G8 G9 ("
2461,{'Output': 'mismatch'},"PC\', \'description\': \'  \""HP 15.6\"" 1920x1080 16:9 1080p FHD IPS 100% sRGB 1000:1 Contrast 1000:1 Brightness 1000:1 Dynamic Range 1000:1"
2462,{'Output': 'match'},"""HP 359623-B21 BL20p G2 X2.8GHz/1MB 512MB""  ""Description:ProLiant BL20p G2 2.8GHz 1MB 512MB 128MB 128MB 128MB 128MB 1"
2463,{'Output': 'mismatch'},"Core i3 4340 / 3.6 GHz processor Intel processor - BX80646I34340 Add-In Processors (CPUs\', \'category\': \'Intel processor\', \'subcategory\': \'BX80646I34340\', \'brand\': \'Intel\', \'sku\': \'bx806"
2464,{'Output': 'mismatch'},"Package Qty\': \'1\', \'price\': \'""$2,402.08 CAD"" ""CAD""\', \'description\': \'  ""417190-002 HP 72-GB 15K 3.5 DP SAS 10 Pack "" ""HP 417190-002-"
2465,{'Output': 'mismatch'},"{""Output"": ""match""}"
2466,{'Output': 'mismatch'},"{""Output"": ""mismatch""}"
2467,{'Output': 'mismatch'},"': \'463724\', \'Type\': \'Hard Drive\', \'Form Factor\': \'3.5 inch x 1 inch Plug-in Module\', \'Capacity\': \'1GB\', \'Interface Type\': \'FC-AL\', \'Data Transfer Rate\': \'2GB/s\', \'Rotational Speed\': \'10000RPM\', \'"
2468,{'Output': 'mismatch'},"category\': \'Null\', \'description\': \'  \""359461-001 HP 72.8-GB 10K FC-AL\"" \""Null\""   \""Description:5 x StorageWorks 72.8GB 10K Fibre Channel \""', \'subcategory\': \'72.8GB 10K Fib"
2469,{'Output': 'mismatch'},"8071-B21-10Pack"" ""New 658071-B21 \', \'title\': \'Null\', \'subcategory\': \'\', \'brand\': \'\', \'sku\': \'658071b21\', \'type\': \'Description:10 x HPE G8 G9 (Gen"
2470,{'Output': 'mismatch'},"description\': \'  ""432094-B21 HP SA 146GB 15K 3.5\"" 146GB 15K 3.5\"" 146GB 15K 3.5\"" 146GB 15K 3.5\"" 146GB 1"
2471,{'Output': 'mismatch'},"\'Data Transfer Rate\': \'6G = 6Gb/sec (750 MB/s)\', \'description\': \'  \""DG0300BAHZQ HP 300-GB 10K 1.5G SAS 6G 3.5\""@en 3.5 inch 1.5G 10K 3"
2472,{'Output': 'mismatch'},"22 - HP 500670-B21 2GB 240-pin 1333MHz PC3-10600E-9 1.5V DDR3 Memory 1x2GB 240-pin Unbuffered ECC DIMM\', \'category\': \'Computer Components\', \'subcategory\': \'Memory & Storage"
2473,{'Output': 'match'},"{""Match"": ""match""}"
2474,{'Output': 'match'},"{""Output"": ""match""}"
2475,{'Output': 'mismatch'},4GB 8x8GB 667MHz DDR2 240-pin DIMM 240-pin Memory 667MHz (PC2-5300) 8x8GB 64GB 240-pin 240-pin 240-pin 240-pin 240-pin 240-pin
2476,{'Output': 'mismatch'},"{""Output"": ""mismatch""}"
2477,{'Output': 'mismatch'},"\': \'\', \'brand\': \'HP\', \'sku\': \'287497b21\', \'type\': \'Description: HP 1GB 266MHz DDR PC2100 Memory Module 1x1GB 266MHz DDR PC2100 168-pin 1Rx8 2.5"
2478,{'Output': 'mismatch'},"description\': \'  \""658071-B21 HP 500GB 7.2K 6G 3.5 SATA SC Hard Drive\""@en Hard Drive (658071-B21)\""@en', 'title': '658071-B21 HP 500GB 7.2"
2479,{'Output': 'mismatch'},"21\'], \'type\': \'Hard Drive - Hot-Swap\', \'description\': \'  ""349237-B21 HP 80-GB 1.5G 7.2K 3.5 SATA HDD"" ""DL320 G5p 349237-B21 HDD Part# DL320"
2480,{'Output': 'mismatch'},"brand\': \'HP\', \'description\': \'  \""456896-001 HP 400-GB 10K 3.5 DP SAS HDD\"" \""HP 456896-001 HDD Part# -456896-001\""  \""Description:400GB\', \'"
2481,{'Output': 'mismatch'},"\'BX80662I36100\', \'type\': \'Processor/CPU\', \'description\': \'  ""Intel Core i3-4160 Boxed - Prijzen ""@NL Tweakers""@NL\' , \'title\': \'Intel Core i3-4160 Boxed - Prijzen ""@NL Tweakers""@NL\'"
2482,{'Output': 'mismatch'},"{""Match"": ""match""}"
2483,{'Output': 'match'},"': \'Kingston DataTraveler microDuo 3C 32GB - Prijzen\', \'category\': \'\', \'subcategory\': \'\', \'brand\': \'Kingston\', \'sku\': \'DataTraveler microDuo 3C 32GB\', \'type\': \'USB 3.1 Flash Memory Drive with Dual interface accommodate"
2484,{'Output': 'mismatch'},400 2.8GHz DL120 G5 2.8GHz 2-Core 8MB 95W 10000000000000000000000000000000000000000000000000
2485,{'Output': 'mismatch'},"K 3.5 6G SATA"", \""Null\"" Price ST1000DM003-2Pack\"" \""Seagate Barracuda (The Power of One) 1TB Hot-Plug Serial ATA (SATA) 6G NCQ 7200RPM 3.5-inch form factor 64MB Desktop Hard DriveP\' }"
2486,{'Output': 'mismatch'},"description\': \'  \""658071-B21 10Pack\"" \""New 658071-B21 10Pack\"" \""658071-B21 10Pack\"" \""658071-B21 10Pack\"" \""658071-B21 10"
2487,{'Output': 'mismatch'},"0 ms\', \'description\': \'  \""Kingston HyperX Predator 480GB M.2 2280 2.5\"" SATA III 300MB/s 64MB Cache 2.5\"" 480GB 300MB/s 64MB Cache 2.5\"" 480GB 30"
2488,{'Output': 'match'},"0,-\': \'€ 0,-\', \'description\': \'  ""EVGA GeForce GTX 1060 SC GAMING 6GB - Prijzen ""@NL Tweakers""@NL\', \'title\': \'EVGA GeForce GTX 1060 SC GAMING 6GB - Prijzen ""@NL Tweakers""@NL\', \'subcategory\': \'\"
2489,{'Output': 'mismatch'},"\', \'Opsturen vanaf € 20,-\': \'€ 0,-\', \'Opsturen vanaf € 20,- i.c.m. iDEAL\': \'€ 0,-\', \'Opsturen vanaf € 20,- i.c.m. iDEAL (tot € 200,-)\': \'€ 0,-\',"
2490,{'Output': 'mismatch'},eon 3200 Series 2.4 GHz 3200 3200 3200 3200 3200 3200 3200 3200 3200 3200 3200 3200 3200 32
2491,{'Output': 'mismatch'},"\""ST31000340AS 1TB 7200.11 3.5 SATA 3.0 Gbps 32MB 7200RPM 8.5ms 1000MB/s\"" \""Null\""   \""Description:10 x HPE 2TB 3.5-inch (LFF"
2492,{'Output': 'mismatch'},: 98.74 CAD 430169-002 10 Pack 430169-002-10Pack 430169-002-10Pack 430169-002-10Pack 430169-002-
2493,{'Output': 'mismatch'},"\'Intel\', \'sku\': \'508429001\', \'type\': \'10/100/1000Base-T PCI Express Desktop Network Adapter\', \'description\': \'  ""Intel Gigabit PRO/1000 CT Desktop Adapter PCI-express (EXPI9301CT)""  ""Intel Adapter - EXPI"
2494,{'Output': 'mismatch'},"540\', \'description\': \'  \""Startech.com PEX10000SFP - PCIe x4 10GbE SFP+ NIC\""  \""Startech.com PEX10000SFP - PCIe x4 10GbE SFP+ NIC\""  \""Startech.com PEX10000SFP -"
2495,{'Output': 'mismatch'},"3.5 inch Hard Drive - 2 Pack\', \'description\': \'  \""456896-001 HP 400-GB 10K 3.5 DP SAS 2 Pack\""  ""HP 456896-001 HDD Part# -456896-001""  """
2496,{'Output': 'mismatch'},"653078b2110pack]\', \'/mpn\': \'[653078b211]\', \'brand\': \'HP\', \'category\': \'Null\', \'Category\': \'Proliant HardDrive\', \'Sub-Category\': \'Solid State Drive\', \'Generation\': \'SAS SSD\', \'"
2497,{'Output': 'match'},"{""Output"": ""mismatch""}"
2498,{'Output': 'mismatch'},".2GHz\', \'description\': \'  \""AMD Ryzen 1800X 3.6GHz 4.2GHz 8-Core 16-Thread 14nm Desktop Processor\""  \""AMD Ryzen 1800X 3.6GHz 4.2GHz 8-Core 16-Thread 14nm Desktop Processor\"""
2499,{'Output': 'mismatch'},"20 Server\' }', 'Entity_2': '{\""title\"": \""359623-B21 BL20P G2 Xeon 2.8GHz 1M 512MB\"", \""category\"": \""Null\"", \""subcategory\"": \""359623-B21 - Filmtools\"", \""brand\"": \""HP\"", \""sku\"": ["
2500,{'Output': 'mismatch'},"G2\', \'Part Number\': \'391661-B21\', \'Products ID\': \'15400\', \'description\': \'  \""HP ProLiant 391661-B21 10/100/1000 Base-T Ethernet Adapter 1000 Mbps 1000 Mbps"
2501,{'Output': 'mismatch'},".5 inch\', \'description\': \'  \""HP 500GB 7200RPM SATA 3.5\"" 658071-B21-SC HP 500GB 7200RPM SATA 3.5\"" 658071-B21-SC | HP 500GB"
2502,{'Output': 'mismatch'},"description\': \'  ""508429-001 HP 400-GB 10K 3.5 DP NHP SAS"" ""Null""  Description:5 x 400GB Serial Attached SCSI (SAS) 3.5-inch Non-Hot-Plug 10K DP Hard Drive\' }', 'Output': '"
2503,{'Output': 'mismatch'},"{""Output"": ""match""}"
2504,{'Output': 'mismatch'},"{""Output"": ""match""}"
2505,{'Output': 'mismatch'},"6TB 3.5"" SATA 128MB 6000RPM 3.5"" 6TB 128MB 6000RPM 3.5"" 6TB 128MB 6000RPM 3.5"" 6TB 128MB 6000R"
2506,{'Output': 'mismatch'},"ijven\', \'description\': \'  \""ST3500630NS HP 500-GB 7.2K 3.5 1.5G SATA\"" \""Null\""   \""Description:10 x HPE 500GB Hot-Plug Serial ATA (SATA) 1.5G 7200RPM"
2507,{'Output': 'mismatch'},"{""Output"": ""match""}"
2508,{'Output': 'mismatch'},"GB\', \'category\': \'\', \'subcategory\': \'\', \'brand\': \'Sun\', \'sku\': \'xta351073gb10k\', \'type\': \'Description:Sun 73GB 1 10K FCAL Drive for StorEdge 3510 ArraySun Part# XTA-35"
2509,{'Output': 'mismatch'},"': \'Yes\', \'description\': \'  \""WD20PURZ 2TB WD Purple 2TB 7200RPM 32MB Cache 64MB Cache 3.5\"" Internal Hard Drive\"", \""Null\"" Price  WD20PURZ 2TB 7200RPM 32MB Cache 64MB Cache"
2510,{'Output': 'mismatch'},"\': \'€ 5,95\', \'Pakketpost (tot € 99,-)\': \'€ 5,95\', \'Pakketpost (tot € 99,-) (1)\': \'€ 5,95\', \'Pakketpost (tot € 99,-) (2)\': \'€ 5,9"
2511,{'Output': 'mismatch'},"'\', \'subcategory\': \'LN76876\', \'brand\': \'Intel\', \'sku\': [\'bx80677i77700\'], \'type\': \'1151, S, Kaby Lake, Quad Core, 8 Thread, 3.6GHz, 4.2GHz Turbo, 8MB"
2512,{'Output': 'mismatch'},"\'description\': \'  \""Cooler Master Elite 130 Case - Black\""@en  \""Cooler Master Elite 130 Case - Black\""@en  \""Cooler Master Elite 130 Case - Black\""@en  \""Cooler Master Elite 130 Case - Black\""@en  \""Cooler Master Elite 130 Case"
2513,{'Output': 'mismatch'},"\'2.5 inch\', \'description\': \'  ""238921-B21 5-Pack 2.5 In 10K Fibre Channel Hard Drive Hot-Swap 146.8GB 10K FC-AL 146.8GB 10K FC-AL 146.8GB 10"
2514,{'Output': 'mismatch'},"\'HardDrive\', \'description\': \'  \""3R-A3851-AA 3851 3851 3851 3851 3851 3851 3851 3851 3851 3851 3851 3851"
2515,{'Output': 'mismatch'},"x1GB) Module\', \'subcategory\': \'Memory\', \'type\': \'Memory Module\'}', 'Entity_2': '{\""title\"": \""358348-B21 HP 1GB PC2700 (1x1GB) Module - 358348-B21\"", \""category\"": \""Memory\"", \""subcategory\"": \"""
2516,{'Output': 'match'},"€ 0,-\', \'description\': \'  \""AMD A10-9700E 3.4GHz 4MB Cache 4GB DDR3 1024MB 1000000000000000000000000000000000000"
2517,{'Output': 'mismatch'},"/M.2 Micro ATX Motherboard\', \'category\': \'Motherboard\', \'subcategory\': \'ASUS H110M-A/M.2\', \'brand\': \'ASUS\', \'sku\': \'LN73766\', \'type\': \'Intel H110, S 1151, DDR4, SATA3 6G"
2518,{'Output': 'mismatch'},"86,78\', \'description\': \'  \"" HP Intel Xeon E7-4830 2.13 GHz 12 Core 25 MB Cache 128 GB Memory - 128 GB Memory - 128 GB Memory - 128 GB Memory - 128 GB Memory - 128 GB Memory"
2519,{'Output': 'mismatch'},"fg Part Number\': \'AD767KXBJCBOX\', \'brand\': \'Analog Devices Inc.\', \'description\': \'  \""AD767KXBJCBOX Analog Devices Inc. 24-Bit 125KSPS 16-Channel 125KSPS 24-Bit 16-"
2520,{'Output': 'mismatch'},0 UDIMM 1333MHz (PC3-10600E-9) Dual Rank 240-pin Unbuffered ECC DIMM Server Memory 1333MHz (PC3-10600E-9) Dual Rank 240-pin Unbuffered ECC DIMM Server Memory 1333MHz (PC
2521,{'Output': 'mismatch'},", 3.5 inch, 7200RPM, 3.5"" 500GB 7200RPM SATA III 3.0Gb/s\', \'description\': \'  \""Seagate 500GB 3.5 inch 7200RPM SATA III 3.0Gb/s\"" \""Null\"""
2522,{'Output': 'mismatch'},"0,-\', \'description\': \'  \""Asus Prime B250M-Plus 90MB0SI0-M0EAY0\""   \""Description:Asus Prime B250M-Plus 90MB0SI0-M0EAY0 2.5GB/s 128MB Cache 2 x M.2 22"
2523,{'Output': 'match'},"5 - 1500X\', \'brand\': \'AMD\', \'sku\': \'YD1500XBBAEBOX\', \'type\': \'AMD Ryzen 5 1500X 3.7GHz Quad-Core 4MB L2 Cache 16MB L3 Cache 65W 14nm Socket AM4 1"
2524,{'Output': 'mismatch'},"bx80635e52690v2\', \'type\': \'CPU Processors\'', \'mpn\': \'bx80635e52690v2\'}', 'Entity_2': '{\'title\': \'Intel Xeon 5500 2.4GHz 25M Cache 269"
2525,{'Output': 'mismatch'},"Hard Drive\', \'Sub-Category\': \'3.5 inch\', \'Generation\': \'Fibre Channel\', \'Part Number\': \'455035-022\', \'Products ID\': \'463762\', \'Type\': \'Hard Drive Hot-Swap\', \'Form Factor\': \'3.5 inch x 1 inch Plug"
2526,{'Output': 'mismatch'},"65-003\', \'Product ID\': \'455190_HP_HardDrives\', \'Type\': \'Hard Drive - Hot-Swap\', \'Capacity\': \'48GB\', \'Interface Type\': \'Serial Attached SCSI\', \'Spindle Speed\': \'10000RPM\', \'Ports\': \'Single\', \'Form"
2527,{'Output': 'mismatch'},"5K 2 Pack\', \'subcategory\': \'36GB 15K Ultra320 SCSI 320MB/s Hard Drive 2.5 inch\', \'sku\': \'f1372\', \'type\': \'2.5-inch Ultra320 SCSI 320MB/s Hard Drive 2.5 inch\' }', 'Entity"
2528,{'Output': 'mismatch'},"ns\', \'type\': \'Hard Drive\', \'description\': \'  \""SEAGATE BARRACUDA ES.2 ST3750330NS 750GB 3.5\"" HDD HARD DRIVE #2\""  \""                 Overview: The Seagate Barracuda ES.2 750GB 3.5\"" Hard Drive is a"
2529,{'Output': 'mismatch'},"', 'Entity_2': '{\""title\"": \""AMD A6-6400K 3.90GHz (Socket FM2) APU Richland Dual Core Processor (AD640KOKHLBOX)\"", \""category\"": \""Computers\"", \""subcategory\"": \""AMD A-Series APUs\"", \""brand\"": \""AMD\"", \""sku\"": \""ad640"
2530,{'Output': 'mismatch'},- BX80662I36100 Add-In Processors (CPUs) (1151) 3.7 GHz 3MB Cache 64-Bit 45nm 2.0000000000000004e-05W 1151 1151
2531,{'Output': 'mismatch'},2Pack 200GB 3.5 3G SATA SSD 2 Pack 3.5 inch 3.5 inch 3.5 inch 3.5 inch 3.5 inch 3.5 inch 3.5 inch 3.5 inch 3.5 inch 3.5 inch 3.5 inch 3.5 inch
2532,{'Output': 'mismatch'},"ODIMM\', \'brand\': \'Corsair\', \'sku\': \'cmso4gx3m1a1333c9\', \'type\': \'Value Select sin disipador\', \'description\': \'  \""Corsair 4096Mb DDR3 1333MHz SODIMM Memory\"" Memory (CMSO4GX3"
2533,{'Output': 'mismatch'},"adapter\' }', 'Entity_2': '{\""title\"": \""HP 394793-B21 PCI Express 1 Gbps Adapter\"", \""category\"": \""HP Adapter\"", \""subcategory\"": \""Ethernet Adapters\"", \""brand\"": \""HP\"", \""sku\"": \""394793b21\"", \""description\"": \""  \""HP NC373F"
2534,{'Output': 'mismatch'},"200RPM\', \'description\': \""  \""ST31000340AS 1TB 3.5\"" 7200RPM SATA Hard Drive\"" \""Null\""   \""Description:ST31000340AS 1TB 3.5\"" 7200RPM SATA Hard Drive\"", \""description"
2535,{'Output': 'mismatch'},430169-002 72GB 15K 2.5 HDD - 10 Pack - HP 3G 15K 2.5 DP SAS HDD - 72GB - 10 Pack - 15000RPM - 2.5 inches (SFF) - Hot-Swap - 3
2536,{'Output': 'mismatch'},"No\', \'description\': \'  ""ST31000340AS 1TB 3.5 SATA Hard Drive 7200RPM 300MB/s"", ""Null"" Price 31000340AS-2Pack"" ""New 31000340AS 2 Pack\', \'title\"
2537,{'Output': 'mismatch'},"\': \'[tlsg1024d]\', \'/gtin13\': \'[6935364020620]\', \'brand\': \'TP-LINK\', \'category\': \'TP-LINK rack-mountable Unmanaged Switches & Hubs\', \'Item Code :\': \'NHT-SG1024"
2538,{'Output': 'mismatch'},"HP Memory\': \'Yes\', \'description\': \'  \""397409-B21 HP 1GB 256MB 256MB 667MHz (PC2-5300) DDR2 SDRAM 1GB 256MB 256MB 667MHz (PC2-530"
2539,{'Output': 'mismatch'},"752,56\', \'description\': \'  \""631667-B21 HP Smart Array P222/512 FBWC 6Gb 1-port Int/1-port\""  \""Null\""   \""Description:HP Smart Array P222/512 FBWC 6Gb 1-port Int/1-port 1"
2540,{'Output': 'mismatch'},"10K Hard Drive\'}', 'Entity_2': '{\'title\': \'HP 430165-003 146GB 10K 2.5 inch SAS 10 Pack\', \'category\': \'Hard Drive\', \'subcategory\': \'10K\', \'brand\': \'HP\', \'sku\': \'"
2541,{'Output': 'mismatch'},"\'3 years\', \'description\': \'  \""Seagate Barracuda 7200.7 1TB 3.5 inch Internal Hard Drive - Black - ST1000DM003\"" - Black - 1TB - 3.5 inch - 7200.7 - 7200RPM - 8.5"
2542,{'Output': 'match'},"1000524ns10pack\'], \'type\': \'Hard Drive\', \'description\': \'  \""ST31000524NS Seagate 1-TB 7.2K 3.5 3G SATA\""@en  \""Null\""  \""Description:Seagate Barracuda 1TB Hot-Plug Serial"
2543,{'Output': 'mismatch'},"\'type\': \'Internal Hard Drive\', \'description\': \'  \""388504-B21 HP Storageworks Internal\"", \""Null\"" \""Description:HP 388504-B21 250GB Internal Hard Drive 2.5\"" 250GB 2.5\"" 10000 RPM"
2544,{'Output': 'mismatch'},"GHz BL680c G7\', \'category\': \'Processors\', \'subcategory\': \'Intel Processors\', \'brand\': \'HP\', \'sku\': \'643774b21\', \'type\': \'Intel Xeon E7-4820 BL680c G7(2.0GHz/8-core/1"
2545,{'Output': 'mismatch'},"\': \'1\', \'description\': \'  ""Kingston ValueRAM KVR21SE15D8/8 8GB DDR4 2133MHz Module"", ""Null"" ""Kingston ValueRAM KVR21SE15D8/8 8GB DDR4 2133MHz Module"", ""Null"" ""Kingston ValueRAM"
2546,{'Output': 'mismatch'},3 1.2V 15-15-15-35 Memory Kit 2133 MHz 8GB 1.2V 15-15-15-35 2133 MHz 8GB 1.2V 15-15-15-35 8GB 1.2V
2547,{'Output': 'match'},"': \'[8806088540160]\', \'category\': \'Samsung\', \'Categorie\': \'Solid state drives\', \'Merk\': \'Samsung\', \'Productserie\': \'960\', \'Product\': \'Samsung 960 Pro\', \'Uitvoering\': \'2TB\', \'EAN\"
2548,{'Output': 'mismatch'},"-001 HP 400GB 10K 3.5 DP SAS HDD 2Pack\', \'subcategory\': \'Hard Drive\', \'sku\': \'4568960012pack\', \'type\': \'Hard Drive\' }', 'Entity_2': '{\""title\"": \""HP 400GB 10K"
2549,{'Output': 'mismatch'},"2TB 7200RPM SATA 6.0 Gbps 3.5 64MB Cache Barracuda Hard Drive\""  ""Null""   ""Description:10 x HPE 2TB 3.5-inch (LFF) 7200RPM 6G 3.5 SATA SC""}', 'Output': 'mismatch"
2550,{'Output': 'mismatch'},1151 1151 1151 1151 1151 1151 1151 1151 1151 1151 1151 1151 1151 1151 1151 1151
2551,{'Output': 'mismatch'},"{""mpn"": ""bx80662i76700k""}"
2552,{'Output': 'mismatch'},"\'[730143309042]\', \'category\': \'\\u25b7 AMD TR4)\', \'Categorie\': \'Processors\', \'Merk\': \'AMD\', \'Productserie\': \'Ryzen Threadripper\', \'Product\': \'AMD Ryzen Threadripper 1900x\', \'Uit"
2553,{'Output': 'mismatch'},"\'€ 3,95\', \'description\': \'  \""AMD FX-8320E Boxed\"" \""Null\"" \""AMD FX-8320E Boxed\"" \""AMD FX-8320E Boxed\"" \""AMD FX-8320E Boxed\"" \""AMD FX-8320E Boxed\"" \""AMD FX"
2554,{'Output': 'mismatch'},"5K 3.5 SP SAS 2 Pack\', \'category\': \'Hard Drive\', \'subcategory\': \'15K\', \'brand\': \'HP\', \'sku\': \'432094-b21\', \'type\': \'SAS 15K 3.5-inch Hard Drive 146GB 2 Pack\', \'description"
2555,{'Output': 'mismatch'},"af € 25)\': \'€ 0,-\', \'description\': \'  \""TL-SG1016 TP-Link 16-port 10/100 Mbps Unmanaged Switch\""  \""TP-Link TL-SG1016 16-port 10/100 Mbps Unmanaged Switch\""  \""TP-Link TL"
2556,{'Output': 'mismatch'},"\': \'1600 MHz\', \'description\': \'  \""cmz8gx3m1a1600c10\""@en  \""Memory Module 1600 MHz 8GB 1x8GB 240-pin Unbuffered DDR3 SDRAM 1600MHz CL10 8GB 240"
2557,{'Output': 'mismatch'},"\'type\': \'Hard Drive\' }', 'Entity_2': '{\""title\"": \""ST31000640NS Seagate 1-TB 7.2K 3.5 SATA\"", \""category\"": \""Null\"", \""subcategory\"": \""Description: 2 x 1.0TB Seagate Barracuda ES.2 Hot-Plug Serial ATA"
2558,{'Output': 'mismatch'},"{""Output"": ""match""}"
2559,{'Output': 'mismatch'},"\'€ 0,-\', \'description\': \'  ""Intel Core i7-6700K 4.0GHz 14MB Cache 6-Core 64-Bit 100W 100000000000000000000000000000000"
2560,{'Output': 'match'},"\'title\': \'WD 2TB 3.5 SATA 6Gbs 64MB Hard Drive - Black - WD2003FZEX\', \'sku\': \'WD2003FZEX\', \'type\': \'Hard Drive\', \'UPC\': \'6789721342047\' }',"
2561,{'Output': 'mismatch'},"2K 3.5 1.5G SATA 5-Pack"", ""Null"" ""New ST3500630NS SATA 5 Pack Wholesale Price\', \'title\': \'ST3500630NS Seagate 500-GB 7.2K 3.5 1.5G SATA 5-Pack\', \'sku"
2562,{'Output': 'mismatch'},"{""description"": ""\""}"
2563,{'Output': 'mismatch'},"Proliant Server\', \'description\': \'  \""500668-B21 HP ProLiant DL380 G6 2.13GHz 4MB 80W Intel Xeon E5506 4-Core Processor\""  \""Null\"" 1GB Wholesale HP Price 323450-001\"""
2564,{'Output': 'mismatch'},"'\', \'category_name\': \'Computers\', \'description\': \'  \""HP 430165003 1000-GB 3.5\"" 10K 5400RPM 1000GB Hard Drive\"" \""HP 430165003 1000GB"
2565,{'Output': 'mismatch'},127005-031 256 MB 1280000000000000000000000000000000000000000000000000000000000000
2566,{'Output': 'mismatch'},"n\': \'[417772b21]\', \'brand\': \'HP\', \'category\': \'Null\', \'Category\': \'Proliant Processor\', \'Sub-Category\': \'Intel Xeon\', \'Generation\': \'G3\', \'Part Number\': \'417772-B21\', \'Products ID\':"
2567,{'Output': 'mismatch'},"{""name"": ""HP 2000GB 7.2K SATA SC Hot-Swap Gen8 3.5 inch Hard Drive""}"
2568,{'Output': 'mismatch'},"'}'} -> match}

{'Entity_1': '{\""brand\"": \""Samsung\"", \""category\"": \""HardDrive\"", \""subcategory\"": \""HardDrive\"", \""type\"": \""Hard drive - internal\"", \""description\"": \""  \""Samsung 200GB 7200 RPM 3.5\"" Internal Hard Drive\""@en \""\\u25b7 Corsair\""@"
2569,{'Output': 'mismatch'},00GB. 1TB = 1000GB = 1000000MB = 1000000000B. 1GB = 1000MB = 1000000B. 1MB = 1000000B. 1TB = 10
2570,{'Output': 'mismatch'},"072BALWL HP 72-GB 3G 15K 2.5 DP SAS HDD\', \'category\': \'Null\', \'subcategory\': \'Price\', \'brand\': \'HP\', \'sku\': \'DH0072BALWL\', \'type\': \'Hard Drive - Hot-Swap\', \'description\': \'  \""DH"
2571,{'Output': 'mismatch'},"2400 MHz\', \'description\': \'  \""Kingston 32GB (2x16GB) Memory Kit 2400 MHz DDR4 2400 MHz 2400 MHz 2400 MHz 2400 MHz 2400 MHz 2400 MHz 2400 MHz"
2572,{'Output': 'mismatch'},"{""Output"": ""mismatch""}"
2573,{'Output': 'mismatch'},"@en  ""Asus - M5A97 R2.0 ATX AM3+ Motherboard"" @en  ""Asus - M5A97 R2.0 ATX AM3+ Motherboard"" @en  ""Asus - M5A97 R2.0 ATX AM3+ Motherboard"" @en  ""Asus - M"
2574,{'Output': 'mismatch'},"solid state drive 120 GB SATA 6Gb/s\', \'subcategory\': \'SV300S37A/120G\', \'brand\': \'Kingston Technology\', \'sku\': \'SV300S37A/120G\', \'type\': \'Kingston 6Gb/s SV300S37A"
2575,{'Output': 'mismatch'},-pin DDR3 16GB 2x8GB 1600MHz CL10 Memory Kit 16GB 2x8GB 1600MHz CL10 Memory Kit 16GB 2x8GB 1600MHz CL10 Memory Kit 16GB 2x8GB 1600MHz CL1
2576,{'Output': 'mismatch'},"{""Output"": ""match""}"
2577,{'Output': 'mismatch'},"\'7200 rpm\', \'description\': \""HP 431943003 146GB 7200 rpm 3.5 inch 1/3H (Low Profile) Internal Drive\""@en, \""HP 431943003 146GB 7200 rpm 3."
2578,{'Output': 'match'},"0\', \'Productprijs\': \'€ 49,99\', \'Pakketpost (boven €20,-)\': \'€ 0,-\', \'iDeal\': \'€ 0,-\', \'Totaal\': \'€ 49,99\', \'Pakketpost (boven €30,-)\': \'€"
2579,{'Output': 'mismatch'},"124-B21 2 Pack - HP 200GB 3.5 SATA SSD\', \'category\': \'SATA SSD\', \'subcategory\': \'SATA SSD\', \'brand\': \'HP\', \'sku\': \'653124b212pack\', \'type\': \'3.5-inch (LFF) Plugg"
2580,{'Output': 'match'},"Arrivals\', \'brand\': \'New 341-1237 Dell 36-GB U320 SCSI HP 15K w/9D988\', \'sku\': [\'3411237\'], \'type\': \'Hard Drive\', \'description\': \'  \""341-1237"
2581,{'Output': 'mismatch'},"\', \'description\': \'  \""Intel Core i3-6100 3.7GHz 4-Core 8MB Cache 64-Bit 14nm 3.7GHz 4-Core 8MB Cache 64-Bit 14nm 3.7GHz 4-Core 8MB Cache 64-Bit 14nm"
2582,{'Output': 'mismatch'},"D\', \'description\': \'  \""TP-Link TL-SG1024D 24 Port Gigabit Desk / Rackmount Switch\""@en-US  \""TP-Link TL-SG1024D 24 Port Gigabit Desk / Rackmount Switch\""@en-US  \""TP-Link TL-SG1024D 24 Port"
2583,{'Output': 'mismatch'},"500630NS 500GB 3.5 inch SATA Hard Drive 7.2K 10 Pack\"" ""ST3500630NS 500GB 3.5 inch SATA Hard Drive 7.2K 10 Pack\""', \'title\': \'ST3500630NS 5"
2584,{'Output': 'mismatch'},"\'New 483403-B21 SSD Wholesale \', \'category\': \'Null\', \'Category\': \'Proliant HardDrive\', \'Sub-Category\': \'Solid State Drive\', \'Generation\': \'SATA SSD\', \'Part Number\': \'483403-B21-5Pack\', \'Products ID\': \'4"
2585,{'Output': 'mismatch'},00000000000000000000000000000000000000000000000000000000000000000000000000000000
2586,{'Output': 'mismatch'},"0,-\', \'description\': \'  \""Samsung 850 EVO 1TB M.2 2280 SATA III 6Gb/s 300MB/s 256MB Cache 256MB Cache 256MB Cache 256MB Cache 256MB Cache 256MB Cache 25"
2587,{'Output': 'mismatch'},"370,26\', \'description\': \'  \""GB-BKi3HA-7100 Gigabyte GB-BKi3HA-7100\"" \""Null\"" \""New GB-BKi3HA-7100 Wholesale Price GB-BKi3HA-7100\""', 'title': \'643772-B21"
2588,{'Output': 'mismatch'},"6Gb/s\' }', 'Entity_2': '{\""title\"": \""HPE Smart Array P222/512 with FBWC - storage controller (RAID) SATA 6Gb/s\"", \""category\"": \""Storage Controllers\"", \""brand\"": \""HPE\"", \""sku\"": \""631667-B21\"", \""type\"": \""P222"
2589,{'Output': 'mismatch'},"{""Output"": ""match""}"
2590,{'Output': 'mismatch'},"{""Output"": ""match""}"
2591,{'Output': 'mismatch'},GB 16GB 192bit 1060ixoc6gd 1060 1060ixoc6gd 1060ixoc6gd 1060ixoc6gd 1060ixoc6gd 1060ixoc6gd 1060ixoc6gd 1
2592,{'Output': 'mismatch'},"AL HDD\"" \"" HP 72.8-GB 10K FC-AL HDD 359461-005 238921b21 238921b21 238921b21 238921b21 238921b2"
2593,{'Output': 'match'},"Category\': \'Hard Drive\', \'Sub-Category\': \'10K\', \'Generation\': \'SAS\', \'Part Number\': \'CMZ8GX3M2A1600C9\', \'Products ID\': \'144304\', \'Capacity\': \'146GB\', \'Interface\': \'Serial Attached SCSI (S"
2594,{'Output': 'mismatch'},"{""Output"": ""match""}"
2595,{'Output': 'mismatch'},"\': \'cmz16gx3m2a1600c10\', \'type\': \'Memory\'}', 'Entity_2': '{\'title\': \'Corsair Vengeance 16GB (2 x 8GB) DDR3-1600 Memory CMZ16GX3M2A1600C10\', \'"
2596,{'Output': 'mismatch'},"\', \'type\': \'Processors\', \'sku\': \'ad767kxbjcbox\', \'price\': \""€ 111.95\""}', 'Entity_2': '{\""title\"": \""AMD A8-7670K 3.40GHz 4-Core 8MB Cache 32nm Socket AM3+\"", \"""
2597,{'Output': 'mismatch'},"\'€ 0,-\', \'description\': \'  ""Corsair Flash Voyager Slider X2 256GB Blue 256GB USB 3.0 Hard Drive - 256GB 3.0 USB 3.0 Hard Drive - 256GB 3.0 USB 3.0 Hard Drive - 256GB 3"
2598,{'Output': 'mismatch'},"oria\': \'2 GB DDR3 1333 MHz\', \'description\': \'  \""Intel Celeron N3000 2.08GHz 2GB DDR3 1333MHz 100x105mm 56.1mm x 107.6mm x 114.4mm"
2599,{'Output': 'mismatch'},"\'3.5""\', \'description\': \""653124-B21 HP G8 G9 200-GB 3G 3.5 SATA MLC SSD\"", \""Null\"" \""Description:5 x HPE G8 G9 200GB 3.5-inc\"", \""Null\"" \""Description:5 x HPE G8"
2600,{'Output': 'mismatch'},"{""title"": ""Zotac GeForce GTX 1080 Ti AMP Edition 11GB GDDR5X""}"
2601,{'Output': 'mismatch'},"m2a2666c16\', \'type\': \'Memory\'}', 'Entity_2': '{\""description\"": \""  \""Corsair Vengeance LPX CMK32GX4M2A2666C16 - Prijzen \""@en  \""Corsair Vengeance LPX CMK32GX4M2A266"
2602,{'Output': 'mismatch'},".5 DP NHP SAS 10 Pack Wholesale\', \'category\': \'508429-001 HP 400-GB 10K 3.5 DP NHP SAS\', \'subcategory\': \'508429-001 HP 400-GB 10K 3.5 DP NHP"
2603,{'Output': 'mismatch'},\'1000000000000000000000000000000000000000000000000000000000000000000000000000000
2604,{'Output': 'mismatch'},2133 MHz PC4-17000 14-14 2x2 2133 MHz 2400 MHz 2400 MHz 2400 MHz 2400 MHz 2400 MHz 2400 MHz 2400 MHz 2400 MHz 2
2605,{'Output': 'mismatch'},"21 SSD 2 Pack Wholesale Price \', \'sku\': \'653078b21\', \'type\': \'2.5-inch Serial Attached SCSI (SAS) SFF 6G SSD Hard Drive\'}', 'Entity_2': '{\'title\': \'456896-001 HP 400-GB"
2606,{'Output': 'mismatch'},"20,-\': \'€ 0,-\', \'Pakketpost (vanaf € 100,-)\': \'€ 0,-\', \'Pakketpost (vanaf € 50,-)\': \'€ 0,-\', \'Pakketpost (vanaf € 1000,-)\': \'€ 0,-\', \'P"
2607,{'Output': 'mismatch'},"1 G7 Wholesale Price 603608-B21\' }', 'Entity_2': '{\""title\"": \""HP Xeon X7560 2.26GHz BL620c G7 603608-B21 105W 8-Core 2.26GHz 24MB L3 Cache"
2608,{'Output': 'mismatch'},"0]\', \'category\': \'Computers_and_Accessories\', \'Category\': \'Proliant\', \'Sub-Category\': \'Hard Drive\', \'Generation\': \'10000RPM\', \'Part Number\': \'BX80673I77800X\', \'Products ID\': \'13195\', \'"
2609,{'Output': 'mismatch'},"""NZXT Caja SemiTorre S340 Black""  ""NZXT Caja SemiTorre S340 Black""  ""NZXT Caja SemiTorre S340 White""  ""NZXT Caja SemiTorre S340 Black""  ""NZXT Caja SemiTorre S340 Black""  ""NZXT Caja"
2610,{'Output': 'mismatch'},"n\': \'[192106b21]\', \'brand\': \'HP\', \'category\': \'\', \'Category\': \'Proliant\', \'Sub-Category\': \'Controller\', \'Generation\': \'Ultra3\', \'Part Number\': \'192106-B21\', \'Products ID\': \'85"
2611,{'Output': 'mismatch'},"{""Output"": ""match""}"
2612,{'Output': 'match'},"zen ""@NL Tweakers""@NL\'@en ""Corsair Vengeance LPX CMK32GX4M4A2400C14 - Prijzen ""@NL Tweakers""@NL"" @en ""Corsair Vengeance LPX CMK32GX4M4A2400C14 - Prijzen ""@NL Tweakers""@NL"""
2613,{'Output': 'mismatch'},"_2': '{\'title\': \'3R-A3851-AA 2 Pack 72.8GB 15K SCSI Ultra320 Hard Drive\', \'category\': \'Hard Drive\', \'subcategory\': \'3ra3851aa2pack\', \'brand\': \'3R-A3851-AA\', \'sku\': \'"
2614,{'Output': 'mismatch'},"5K 3.5 SAS HDD"", ""Null"" ""431943-003 146GB 15K 3.5 SAS HDD 3.5 inch 1/3H Low Profile Hot Swap Drive 3.5 inch 1/3H Low Profile Hot Swap Drive 3.5 inch 1/3H Low Profile"
2615,{'Output': 'match'},"{""Output"": ""match""}"
2616,{'Output': 'mismatch'},"72GB 15000RPM 3.5\"" Drive 3.5\"" 15K 72GB 15000RPM 3.5\"" Drive 3.5\"" 15K 72GB 15000RPM 3.5\"" Drive 3.5\"" 15"
2617,{'Output': 'mismatch'},"500-GB 7.2K 3.5 SP SATA 2 Pack\"" \""New 3.5-inch 500-GB 7.2K SATA 2 Pack W', \'title\': \'ST3500630NS Seagate 500-GB 7.2K 3.5 SP SATA 2"
2618,{'Output': 'match'},"DDR4 4 GB DIMM 288-pin\', \'category\': \'HyperX\', \'subcategory\': \'288-pin\', \'brand\': \'HyperX\', \'sku\': \'hx426c15fb4\', \'type\': \'DDR4\', \'description\': \'  \""HyperX FURY - DDR4 4 GB DIM"
2619,{'Output': 'mismatch'},"': \'HP 508429-001 400GB 10K 3.5\"" 10000RPM Internal Hard Drive Drive (508429001) PCPartPicker\', \'category\': \'Null\', \'subcategory\': \'Description:HP 400-GB 10K"
2620,{'Output': 'mismatch'},"subcategory\': \'10K\', \'brand\': \'HP\', \'sku\': \'456896001\', \'type\': \'Hard Drive\', \'description\': \'  \""456896-001 HP 400-GB 10K 3.5 DP SAS\"" \""Null\""  \""Description:"
2621,{'Output': 'mismatch'},"200\', \'subcategory\': \'2CH PCI ULTRA2 SCSI CTRL 64MB\', \'brand\': \'HP\', \'sku\': \'295643b21\', \'type\': \'Controller\', \'description\': \'  \""295643-B21 HP Smart Array 3200 Controller\"" \""Null\"""
2622,{'Output': 'mismatch'},"Type\': \'SATA\', \'description\': \'  \""628061-S21-SC HP 3000-GB 7.2K 3.5 SATA SC\""  \""Null\""  \""Description:3000GB 7.2K 3.5 SATA SC 3.5-inch Hot-Swap Hard Drive In"
2623,{'Output': 'mismatch'},"16 GB DIMM 288-pin "" Corsair 288-pin CMK32GX4M2B3200C16 \', \'brand\': \'Corsair\', \'sku\': \'cmk32gx4m2b3200c16\', \'type\': \'Memory Module\', \'subcategory\': \'"
2624,{'Output': 'mismatch'},"20,-\': \'€ 0,-\', \'description\': \'  ""Corsair Flash Voyager Slider X2 256GB - Blauw"" "" Corsair Flash Voyager Slider X2 256GB - Blue USB 3.0 Hard Drive\', \'title\': \'Corsair Flash Voyager Slider X2 256GB - Blauw"
2625,{'Output': 'mismatch'},"335 2.0GHz DL140 G3\', \'subcategory\': \'New 453475-B21 G3 Wholesale Price\', \'sku\': \'453475b21\', \'type\': \'Intel Xeon Processor 2.0GHz 453475-B21 65nm Quad"
2626,{'Output': 'mismatch'},"', \'Memory Speed (MHz)\': \'1600\', \'Color\': \'Black\', \'description\': \""  \""244444-001 8GB 2x4GB 1600MHz DDR3 SO-DIMM Memory\"", \""Null\"" \""New 244444-001 8GB"
2627,{'Output': 'mismatch'},"': \'HP\', \'category\': \'\', \'description\': \'  \""495916B21 HP 1.33GHz 3.5 SATA 750GB 15K 3.5\"" 495916B21 750GB 15K 3.5 SATA Hard Drive"
2628,{'Output': 'mismatch'},"WD Blue 1TB (3,5\"")""@es  ""Hard disk drive WD Blue 1TB (3,5\"")""@en  ""Hard disk drive WD Blue 1TB (3,5\"")""@en  ""Hard disk drive WD Blue 1TB (3,5\"")""@en  ""Hard disk drive WD Blue 1TB (3,5\"")""@en"
2629,{'Output': 'mismatch'},"12345678901234\', \'category\': \'Electronics\', \'description\': \'  \""12345678901234\""@es  \""      Marca  Samsung      Modelo  12345678901234      Tipo  Disco duro interno"
2630,{'Output': 'mismatch'},"\'subcategory\': \'\', \'brand\': \'HP\', \'sku\': \'249674001\', \'type\': \'DDR PC1600 ECC SDRAM\', \'description\': \'  \""249674-001 HP 256MB200MHz DDR PC1600 EC\"" \"""
2631,{'Output': 'mismatch'},00000000000000000000000000000000000000000000000000000000000000000000000000000000
2632,{'Output': 'mismatch'},"': \'Yes\', \'description\': \'  \""MSI Z170I Gaming Pro AC\""  \""MSI Z170I Gaming Pro AC\""  \""MSI Z170I Gaming Pro AC\""  \""MSI Z170I Gaming Pro AC\""  \""MSI Z170I Gaming Pro AC\""  \""MSI Z1"
2633,{'Output': 'mismatch'},"{""Categorie"": ""Spare Parts""}"
2634,{'Output': 'match'},"55647,  619659055648,  619659055649,  619659055650,  619659055651,  619659055652"
2635,{'Output': 'mismatch'},"ketpost (vanaf € 20,- i.c.m. iDEAL)\': \'€ 0,-\', \'description\': \'  \""Apple Smart Cover Grey iPad Pro 2017 12.9\""@es Apple Smart Cover Grey iPad Pro 2017 12.9 - 12.9 inch - 128GB"
2636,{'Output': 'mismatch'},)\': \'10000000000000000000000000000000000000000000000000000000000000000000000000000
2637,{'Output': 'mismatch'},"\'subcategory\': \'New 756601-B21 SSD Wholesale Price 756601-B21\', \'brand\': \'HP\', \'sku\': \'756601b21\', \'type\': \'Description:HP 960GB 2.5-inch (SFF) SATALight Endurance ("
2638,{'Output': 'match'},".4GB 10K 3.5 inch 10000RPM FC-AL Hard Drive Hot-Swap Drive\"" \""BD03656ABA HP 36.4GB 10K 3.5 inch 10000RPM FC-AL Hard Drive Hot-Swap Drive\""  \""BD03656"
2639,{'Output': 'mismatch'},"775\', \'description\': \'  ""462711-B21 Intel Xeon 3.0GHz Quad-Core 462711-B21""  ""Description:\', \'title\': \'462711-B21 Intel Xeon 3.0GHz Quad-Core 462711-B21"
2640,{'Output': 'mismatch'},"\'Ultra320\', \'Part Number\': \'250000-001\', \'Products ID\': \'15364\', \'Capacity\': \'72.8GB\', \'Manufacturer\': \'Hewlett-Packard\', \'Interface\': \'SCSI\', \'Enclosure\': \'Internal\', \'HDD Form Factor\':"
2641,{'Output': 'mismatch'},"\', \'description\': '  \""601248-B21 Intel Xeon E5-2650 2.4GHz BL460c G6\""  \""New 601248-B21 G6 Wholesale Price 60', \'title\': '601248-B21 Intel Xeon E5"
2642,{'Output': 'mismatch'},"0630ns5pack\'], \'type\': \'Hard Drive - Hot-Swap\', \'description\': \'  ""ST3500630NS HP 500-GB 1.5G 7.2K 3.5 SATA HDD"", ""Null"" Price ST3500630NS"" ""New ST35"
2643,{'Output': 'mismatch'},"{""Answer"": ""mismatch""}"
2644,{'Output': 'mismatch'},"21\', \'type\': \'Processor\'}', 'Entity_2': '{\'title\': \'667805-B21 HP Intel Xeon E5-2603 1.8GHz BL460c G8\', \'category\': \'HP\', \'subcategory\': \'Intel Xeon E5-2603\', \'"
2645,{'Output': 'match'},"title\': \'HP 432094-B21 146-GB 15K 3.5 SP SAS 5 Pack\', \'subcategory\': \'HP 432094-B21 146-GB 15K 3.5 SP SAS 5 Pack\', \'sku\': \'hp432"
2646,{'Output': 'mismatch'},"[647594b21]\', \'brand\': \'HPE\', \'category\': \'HPE adapter\', \'Category\': \'Server Adapter\', \'Sub-Category\': \'Ethernet Adapter\', \'Generation\': \'331T\', \'Part Number\': \'647594-B21\', \'Products ID\': \'4"
2647,{'Output': 'match'},"5 inch Hard Drive - Hot-Swap - Gen8\' }', 'Entity_2': '{\'title\': \'HP 3000GB 7.2K 3.5 SATA 6G 628061-S21\', \'category\': \'\', \'subcategory\': \'\', \'brand\': \'HP\', \'sku\"
2648,{'Output': 'mismatch'},"653124b21\', \'type\': \'Description:HP G8 G9 200GB 3.5-inch (LFF) Pluggable Serial ATA (SATA) 3G SC MLC Enterprise Mainstream Solid State Drive (SSD)'}', 'Entity_2': '{\""title\"": \""653124-B"
2649,{'Output': 'mismatch'},"9461-007-2Pack\"" \""359461-007 HP 300-GB 10K FC-AL 2.5\"" 3.5\"" 2.5\"" 2.5\"" 2.5\"" 2.5\"" 2.5\"" 2.5\"" 2."
2650,{'Output': 'mismatch'},"memory card 64GB SDXC Class 10 UHS-I U3"", ""Null"" ""New PNY Elite Performance 64GB SDXC Class 10 UHS-I U3""}', 'Entity_2': '{\""title\"": \""PNY Elite Performance 64GB SDXC Class 10 UHS-I U3\"", \""category\"": \""Computers"
2651,{'Output': 'match'},060 Dual 3GB 128-bit GDDR5 1920x1080 256-bit 128-bit 128-bit 128-bit 128-bit 128-bit 128-bit 128-bit 128-bit 128-bit 128-bit
2652,{'Output': 'mismatch'},"\'], \'type\': \'Fibre Channel 40 pin 2GB/s HotSwap FCAL Hard Drive\', \'description\': \'  ""359461-001 HP 72.8-GB 10K FC-AL"" ""Null""   ""Description:5 x StorageWorks 72.8GB 10K Fib"
2653,{'Output': 'mismatch'},"en ""Western Digital 1TB WD1003FZEX Black Hard Drive - HDD""@en ""Western Digital 1TB WD1003FZEX Black Hard Drive - HDD""@en ""Western Digital 1TB WD1003FZEX Black Hard Drive - HDD""@en ""Western Digital 1TB WD1003FZEX Black Hard"
2654,{'Output': 'mismatch'},"Max TDP\': \'15 W\', \'Socket Type\': \'LGA 1151\', \'description\': \'  \""Intel Core i3 6100 3.7GHz 4MB Cache 4C 4T 47W\"" \"" Intel i3 6100 3.7GHz 4MB Cache 4"
2655,{'Output': 'match'},"00000\', ...}', 'Entity_2': '{\""title\"": \""Corsair Vengeance LED CMU32GX4M2C3000C15R - Prijzen \""@NL Tweakers\""@NL\"", \""category\"": \""\"", \""subcategory\"": \""\"", \""brand\"": \""Corsair\"", \""sku\"": \""cmu32gx4"
2656,{'Output': 'mismatch'},"129.99\', \'description\': \'  \""Intel i5-4460 3.2GHz 4-Core 84W Haswell LGA1150 6Mb Cache 4000 Graphics\""@en ""Intel i5-4460 3.2GHz 4-Core 84W Haswell LGA"
2657,{'Output': 'mismatch'},"{""Output"": ""mismatch""}"
2658,{'Output': 'mismatch'},"9.99\', \'description\': \'  \""Kingston HyperX Predator 480GB M.2 2280 SSD\""@en-US \""Kingston HyperX Predator 480GB M.2 2280 SSD\""@nl  \""Kingston HyperX Predator 480GB M.2 2280 SSD\"""
2659,{'Output': 'mismatch'},"\'Hard Drive\', \'subcategory\': \'Hard Drives\', \'brand\': \'HP\', \'sku\': \'430169-002\', \'type\': \'Hard Drive\', \'description\': \'  ""430169-002 HP 72-GB 3G 15K 2.5 DP SAS"
2660,{'Output': 'mismatch'},"sku\': \'bx80646i34340\', \'type\': \'Add-In Processors (CPUs)\', \'description\': \'  \""Intel Core i3 4340 / 3.6 GHz processor\"" \"" Intel processor - BX80646I34340 Add-In Processors (CPUs\'}"
2661,{'Output': 'mismatch'},"': '{\'title\': \'157866-001 HP Proliant Remote Insight Board\', \'category\': \'Null\', \'subcategory\': \'Price\', \'brand\': \'157866-001\', \'sku\': \'157866-001\', \'type\': \'Description:Proli"
2662,{'Output': 'mismatch'},2683V4 - 2.1 GHz - 2.1 GHz - 2.1 GHz - 2.1 GHz - 2.1 GHz - 2.1 GHz - 2.1 GHz - 2.1 GHz - 2.1 GHz - 2.1 GHz - 2.1 GHz - 2.1 GHz -
2663,{'Output': 'mismatch'},"20GB SDLT IntPart Number(s) Option \', \'sku\': [\'192106b21\'], \'type\': \'Hard Drive - Hot-Swap\'}', 'Entity_2': '{\'title\': \'HP 192106-B21 110 200-GB SDLT Int\',"
2664,{'Output': 'mismatch'},"{""Output"": ""mismatch""}"
2665,{'Output': 'mismatch'},"': '{\'title\': \'647594-B21 HP Ethernet 1Gb 4-Port 331T Adapter\', \'category\': \'Network Adapters\', \'subcategory\': \'Adapters\', \'brand\': \'HP\', \'sku\': \'647594b21\', \'type\': \'10/1"
2666,{'Output': 'match'},"\', \'description\': \'  \""AMD 7300OKHLBOX\"" \""AMD 7300OKHLBOX - 7300OKHLBOX\""  \""Description\', \'title\': \'7300OKHLBOX AMD 7300OKHLBOX - 7300OKHLBOX\', \'category\': \'Computers"
2667,{'Output': 'mismatch'},6-Core AMD FX-6350 3.9GHz 6-Core AMD FX-6350 125W 6-Core AMD FX-6350 3.9GHz 6-Core AMD FX-6350 3.9GHz 6-Core AMD FX-6350 3.9GHz 6-Core AMD FX
2668,{'Output': 'mismatch'},"851-AA 10-Pack 15K 3.5 inch 320MB/s 3.5 inch (1/3H) 72.8GB Ultra320 SCSI Hard Drive - 10-Pack""  ""Null""   ""Description:3R-A3851-AA 10-Pack 15K 3."
2669,{'Output': 'mismatch'},"Brand\': \'Corsair\', \'Merk\': \'Corsair\', \'Product\': \'Corsair Vengeance LPX 16GB (2x8GB) DDR4 2666MHz 240Pin Memory Kit - Black\', \'Memory Color\': \'Black\', \'Memory Configuration\': \'2x8GB\', \'Memory Speed (ECC"
2670,{'Output': 'match'},",-\', \'description\': \'  \""Corsair Carbide 100R 1000000000000000000000000000000000000000000000000000000000000"
2671,{'Output': 'mismatch'},"60 SCSI\', \'Storage Controller Interface\': \'SCSI\', \'Storage Controller Type - RAID\': \'Ultra160 SCSI\', \'Storage Controller Interface - RAID\': \'SCSI\', \'Form Factor\': \'1.75 in x 1.75 in x 1.75 in\', \'Dimensions (HxWxD)\': \'1.7"
2672,{'Output': 'mismatch'},"ketpost (vanaf 50,-) - 100% verzendingskosten terug\', \'description\': \'  ""Intel Core i5-6400 3.30GHz 4MB Cache 64-Bit 65W 4x4 14000000000000000"
2673,{'Output': 'mismatch'},"1\', \'Products ID\': \'432103\', \'Type\': \'Hard Drive Hot-Swap\', \'Form Factor\': \'3.5 inch x 1 inch Plug-in Module\', \'Capacity\': \'300GB\', \'Interface Type\': \'FC-AL\', \'Data Transfer Rate\': \'2GB/s\', \'Rotational Speed\"
2674,{'Output': 'mismatch'},"akketpost\': \'€ 3,95\', \'description\': \'  \""Kingston SSDNow V300 120GB - 300MB/s - SATA III - 2.5\"" - Black (SV300S37A120G)\""@nl\', \'title\': \'Kingston SSDNow V3"
2675,{'Output': 'mismatch'},"-001\', \'type\': \'Hard Drive Hot-Swap\', \'description\': \'  ""518736-001 HP 450-GB 10K FC-AL HDD"", ""Null"" Price 518736-001"" ""New 518736-001 FC-"
2676,{'Output': 'mismatch'},"description\': \'  ""Sandisk SDHC 16GB Class 2 ""@en | 00313692 SDSDB-016G-B35 ""@en | 00313692 SDSDB-016G-B35 ""@en | 00313692 SDSDB-016G"
2677,{'Output': 'mismatch'},"\': \'HP Proliant ML110\', \'description\': \'  \""HP 354560-B21 512MB DDR400 SDRAM Memory Module\""@en\', \'title\': \'HP 354560-B21 512MB DDR400 SDRAM Memory Module\', \'subcategory\"
2678,{'Output': 'mismatch'},"3.5 DP SAS HDD\', \'subcategory\': \'456896-001 Price\', \'sku\': \'456896001\', \'type\': 'Description:HP 400 GB 10K 3.5 inch DP SAS Hard Drive'}', 'Entity_2': '{\""title\"": \""45"
2679,{'Output': 'mismatch'},"description\': \'  \""HP 110/220GB 192106B21 110/220GB 192106B21 110/220GB 192106B21 110/220GB 192106"
2680,{'Output': 'mismatch'},"\': \'Fibre Channel\'}', 'Entity_2': '{\'title\': \'364622-B23 HP 300-GB 10K FC-AL HDD\', \'category\': \'Storage\', \'subcategory\': \'Hard Drives\', \'brand\': \'HPE\', \'sku\': \'364622"
2681,{'Output': 'mismatch'},"DRAM DIMM Kit\', \'subcategory\': \'CMU16GX4M2A2666C16R\', \'brand\': \'Corsair\', \'sku\': \'cmu16gx4m2a2666c16r\', \'type\': \'Corsair Vengeance LED 16GB (2x8GB) DDR"
2682,{'Output': 'mismatch'},"MB L2, 16MB L3) 95W 4x4GB DDR4 14nm 3.6GHz 3.7GHz 4.0GHz OC 4.0+GHz 65W 1500X 4C/8T 3.6/3.7GHz 2MB L2 1"
2683,{'Output': 'match'},"undancy\': \'Redundant Power Supply\', \'description\': \'  \""325134001 HP Proliant DL580R G2 1 to 4 Processor 32GB Memory 100000000000000000000000000000"
2684,{'Output': 'mismatch'},"{""Output"": ""match""}"
2685,{'Output': 'mismatch'},"Entity_2': '{\'title\': \'287494-B21 128MB PC100 ECC DDR 184 Pin\', \'category\': \'Memory\', \'subcategory\': \'128MB\', \'brand\': \'HP\', \'sku\': \'287494b21\', \'type\': \'"
2686,{'Output': 'mismatch'},"\', \'description\': \'  \""Samsung 850 EVO 1TB M.2 2280 SATA III 600MB/s\"", \""Null\"" \""Samsung 850 EVO 1TB M.2 2280 SATA III 600MB/s\""  \""Samsung 850 EVO 1TB M."
2687,{'Output': 'mismatch'},"{""Output"": ""match""}"
2688,{'Output': 'mismatch'},"\', \'subcategory\': \'Description:HP ProLiant BL10e G2 Server - 1 x 40GB Ultra ATA\', \'sku\': \'333773b21\', \'type\': \'Server Blade\'}', 'Entity_2': '{\'title\': \'333773-B21 HP 40GB"
2689,{'Output': 'mismatch'},.4GHz 1GB RAM 1MB Cache 160GB 10/100/1000 Mbps 2x1000Mbps 2x1000Mbps 2x1000Mbps 2x1000Mbps 2x1000Mbps 2x1000Mbps 2x
2690,{'Output': 'mismatch'},"enuine HP 432806-B21 2GB PC2-5300 SDRAM Module"" ""HP 432806-B21 2GB PC2-5300 SDRAM Module"" ""HP 432806-B21 2GB PC2-5300 SDRAM Module"" ""HP"
2691,{'Output': 'mismatch'},"\'description\': \'  \""408854-B21 8GB (2 x 4GB) 667MHz (PC2-5300) DDR II SDRAM Memory Module 240-pin DIMM 240-pin 240-pin 240-pin 240-pin 240-pin 2"
2692,{'Output': 'mismatch'},"7 12.9\', \'description\': \'  \""Apple Smart Cover Grey iPad Pro 2017 12.9\"" \""Apple Smart Cover Grey iPad Pro 2017 12.9\"" \""Apple Smart Cover Grey iPad Pro 2017 12.9\"" \""Apple Smart Cover Grey iPad Pro 2017"
2693,{'Output': 'mismatch'},"324\', \'SKU\': \'672631B21\', \'Tweakers ID\': \'322585\', \'description\': \'  ""HP Proliant 672631-B21 16GB 240-pin DDR3 SDRAM Memory Module 1.3333333"
2694,{'Output': 'mismatch'},"3.5 inch 3000GB 7.2K SATA 6G 3.5 inch\', \'category\': \'Skylake LN66145\', \'subcategory\': \'628061s21 | SCAN UK\', \'brand\': \'New\', \'sku\': \'628061s21 |"
2695,{'Output': 'match'},"56896-001\', \'type\': \'Hard Drive\', \'description\': \'  \""456896-001 HP 400-GB 10K 3.5 DP SAS\""@en 456896-001 HP 400-GB 10K 3."
2696,{'Output': 'mismatch'},"5K 3.5\"" 2 Pack\'', 'Entity_2': '{\'title\': \'431943-003 HP 146-GB 15K 3.5 SP SAS 2 Pack\', \'category\': \'Hard Drive\', \'subcategory\': \'15K\', \'brand\': \'HP\', \'sku"
2697,{'Output': 'mismatch'},"4.0GHz Quad-Core Processor"" ""Intel - Core i7-6700K 4.0GHz Quad-Core Processor - CDW.com 1151 Socket 95W 4.00 GHz 4.00 GHz 8 MB Cache 8.00 GT/s 4.00 GHz 4.00 GHz 8"
2698,{'Output': 'match'},", RAID 5, RAID 6, RAID 0+1, RAID 5+1, RAID 6+1, RAID 1E, RAID 5E, RAID 6E, RAID 0+1+5, RAID 0+1+6, RAID 0+1+5+6, RAID 0+1+5+6+1,"
2699,{'Output': 'mismatch'},"\'5 Pack Wholesale\', \'description\': \'  ""359461-001 HP 72.8-GB 10K FC-AL"", ""Null"" Price 359461-001-5Pack"" ""New 359461-001 FC-AL 5 Pack Whole\'', '"
2700,{'Output': 'mismatch'},".2K 3.5 3G SATA HDD 2-Pack"", \""Null\"" Price 628061-S21-2Pack\"" \""New 628061-S21 3-TB 6G 7.2K 3.5 3G SATA HDD 2-Pack\"", \""New 628061"
2701,{'Output': 'mismatch'},"3\', \'category\': \'Null\', \'subcategory\': \'Description:Intel® Xeon® E5335 DL140 G3(2.0GHz/4-core/8MB/80W)Full Processor Option Kit\', \'brand\': \'HP\', \'sku\': \'442992-B21\', \'type\': \'"
2702,{'Output': 'mismatch'},"Printers\', \'Categorie\': \'Printers\', \'description\': \'  \""HP 500670B212 12 pack 1200 dpi black inkjet ink cartridge 1200 dpi black inkjet ink cartridge 1200 dpi black inkjet ink cartridge 1200 dpi black inkjet ink cartridge"
2703,{'Output': 'mismatch'},"1 CPU\', \'Operating System Support\': \'Windows 10, Windows 8.1, Windows 8, Windows 7, Windows Vista, Windows XP\', \'Chipset\': \'Intel HM110\', \'Max. Memory Speed\': \'2400 MHz (DDR4), 1600 MHz (DDR3L)\', \'Max. Memory"
2704,{'Output': 'mismatch'},"losure\': \'Internal\', \'Drive Dimensions\': \'3.5 inches x 1/3H (Low Profile)\', \'Spindle Speed\': \'15000RPM\', \'External Data Transfer\': \'3072MB/s\', \'Seek Time\': \'3.5ms\', \'HotSwap\': \'Yes\', \'description\': \'"
2705,{'Output': 'mismatch'},"\', \'Sub-Category\': \'10K\', \'Generation\': \'Fibre Channel\', \'Part Number\': \'238921-B21-5Pack\', \'Products ID\': \'463723\', \'Type\': \'Hard Drive Hot-Swap\', \'Form Factor\': \'3.5 inch x 1 inch Plug-in"
2706,{'Output': 'mismatch'},"{""Output"": ""match""}"
2707,{'Output': 'mismatch'},"336047-B21 Interface Wholesale Price 336047-B21\', \'brand\': \'Hewlett-Packard\', \'sku\': \'615729-B21\', \'type\': \'KVM USB Console Interface AdapterOption Part# 336047-B21\', \'description\': \'"
2708,{'Output': 'mismatch'},"': \'Corsair\', \'sku\': \'cmy16gx3m2a2133c11\', \'type\': \'Memory\'}', 'Entity_2': '{\'title\': \'Corsair Vengeance Pro 16GB 2133 MHz DDR3 Memory Kit 2x8GB CMY16GX3M2A"
2709,{'Output': 'mismatch'},125W 125W 125W 125W 125W 125W 125W 125W 125W 125W 125W 125W 125W 125W 125W 125W
2710,{'Output': 'mismatch'},"\'3ra3851aa5pack\', \'type\': \'Hard Drive 72.8GB 15K SCSI Ultra320 3.5 inches x 1/3H (Low Profile) 15000RPM 3.8ms 2ms 320MB/s 2 Pack\'}', 'Entity_2':"
2711,{'Output': 'mismatch'},"2GB DDR3 1333MHz 240Pin Unbuffered Memory Module 9-9-9-24 1.5V Heat Spreader"", ""Null"" ""Corsair XMS3 4GB 2X2GB DDR3 1333MHz 240Pin Unbuffered Memory Module 9-9-9-"
2712,{'Output': 'mismatch'},"BD03655B28-5Pack\', \'type\': \'Hard Drive Hot-Swap\', \'description\': \'  \""BD03655B28 HP 36.4-GB 10K FC-AL\""  \""Null\""  \""New BD03655B28 FC-AL 5 Pack Wholesale Price"
2713,{'Output': 'mismatch'},"': \'st1000nm003310pack\', \'type\': \'Hard Drive\'}', 'Entity_2': '{\""description\"": \""  \""ST1000NM0033 Seagate 1-TB 7.2K 3.5 6G SP SATA\""  \""Null\""  \""New ST100"
2714,{'Output': 'mismatch'},".0, USB 3.1, HDMI, DVI-D, VGA, 2 x 2.5\"" Bay, 2 x 3.5\"" Bay, 2 x 2.5\"" Bay, 2 x 3.5\"" Bay, 2 x 2.5\"" Bay, 2 x 3.5\"" Bay, 2 x"
2715,{'Output': 'mismatch'},65-235 2.0GHz 2.0GHz 2.0GHz 2.0GHz 2.0GHz 2.0GHz 2.0GHz 2.0GHz 2.0GHz 2.0GHz 2.0GHz 2.0GHz 2.0GHz 2.0GHz 2.0
2716,{'Output': 'mismatch'},"sku\': \'eh0146fawjb\', \'type\': \'Hard Drive - Hot-Swap\', \'description\': \'  ""EH0146FAWJB HP 146-GB 6G 15K 2.5 DP SAS"" ""Null""   ""Description:10 x 146GB 2.5"
2717,{'Output': 'match'},"\'497765-B21 HP 4GB (2x2GB) PC2-6400 SDRAM Kit\', \'subcategory\': \'Price\', \'sku\': [\'497765b21\'], \'type\': \'Memory Kit\'}', 'Entity_2': '{\'title\': \'4977"
2718,{'Output': 'mismatch'},W) 1200mm 1200mm 450mm 1200mm 1200mm 1200mm 1200mm 1200mm 1200mm 1200mm 1200mm 1200mm 1200mm
2719,{'Output': 'mismatch'},"64GB\', \'Brand\': \'Corsair\', \'Category\': \'Memory\', \'description\': \'  \""Corsair CM64GX4M4C3000C15R 64GB 2x32GB 2400MHz DDR4 Memory Module 3000MHz 1.5V 1.5V"
2720,{'Output': 'match'},"-ATX, ATX\', \'description\': \'  \""CA-S340W-W1 (White) CA-S340W-B1 (Black) 2.5\"" 3.5\"" 5.25\"" Hard Drive Bays 2.5\"" 3.5\"" 5.25\"" Hard Drive Bays 2.5"
2721,{'Output': 'mismatch'},"{""Output"": ""match""}"
2722,{'Output': 'mismatch'},111 1000Mbps 1000Mbps 1000Mbps 1000Mbps 1000Mbps 1000Mbps 1000Mbps 1000Mbps 1000Mbps 1000Mbps 1000Mbps 1000Mbps 1000
2723,{'Output': 'mismatch'},Product\': \'Gigabyte G1000 2GB 128Bit 128Bit 128Bit 128Bit 128Bit 128Bit 128Bit 128Bit 128Bit 128Bit 128Bit 128Bit 128Bit
2724,{'Output': 'mismatch'},"{""Output"": ""mismatch""}"
2725,{'Output': 'mismatch'},"\'type\': \'Hard Drive\'', \'description\': \'  \""ST31000524NS Seagate 1-TB 7.2K 3.5 3G SATA HDD\""  \""Description:Seagate Constellation ES 1-TB Hot-Plug Serial ATA (SATA) NCQ 3.0GB/s 72"
2726,{'Output': 'mismatch'},"description\': \'  \""MAY2073RC Fujitsu 73-GB 10K 2.5 DP SAS\"" \""Null\""   \""Description:73GB 2.5-inch Serial Attached SCSI (SAS) 10K Dual Port Hot-Plug Hard DriveFor G1-G7 Proliant SAS ServersFujitsu number\', \'"
2727,{'Output': 'mismatch'},"description\': \'  ""Intel Core i5-6400 3.30GHz 4MB Cache 64bit 6400 4x4 4Cores 8Threds 3.30GHz 13.333333333333333333333333"
2728,{'Output': 'mismatch'},")\': \'Ja\', \'description\': \'  \""404712-001 HP 146-GB U320 SCSI 15K HDD\"" \""Null\""   \""Description:404712-001 HP 146-GB U320 SCSI 15K HDD 146.8"
2729,{'Output': 'mismatch'},"{""match"": ""mismatch""}"
2730,{'Output': 'mismatch'},"4000MHz 95W 4-Core 4MB L2 6MB L3 800/1066/1333/1600MHz AM3+ Processor with Cooler (Box)\', \'category\': \'\', \'subcategory\': \'\', \'brand\': \'AMD\', \'sku\': \'fd"
2731,{'Output': 'mismatch'},"55387bl685charddrives\', \'description\': \'  \""BL685c 493083-001 10K 250GB SAS Hard Drive\"", \""BL685c 493083-001 10K 250GB SAS Hard Drive\"""
2732,{'Output': 'mismatch'},"af 100 kg\': \'€ 4,95\', \'description\': \'  \""AMD FX-4300 4-Core 3.20GHz 4MB Cache 95W 125C 1333MHz FSB\""  \""AMD FX-4300 4-Core 3.20GHz"
2733,{'Output': 'mismatch'},"{""Output"": ""mismatch""}"
2734,{'Output': 'mismatch'},"\': \'[287497b21]\', \'brand\': \'Genuine HPE\', \'category\': \'Null\', \'Category\': \'Proliant Memory\', \'Sub-Category\': \'Genuine HP Memory\', \'Generation\': \'266MHz\', \'Part Number\': \'287497-B21\',"
2735,{'Output': 'mismatch'},"{""Output"": ""match""}"
2736,{'Output': 'mismatch'},"\'Sandisk\', \'sku\': \'sdsdq016g\' }', 'Entity_2': '{\""title\"": \""SanDisk SDSDQ-016G CRG 16GB 8p MSDHC Micro Secure Digital High Capacity Card Class 4with Adapter Bul\"", \""category\"": \""SanDisk\"", \""subcategory\"": \""Memory Cards\"", \""brand\"":"
2737,{'Output': 'mismatch'},"0662i56400]\', \'brand\': \'Intel\', \'category\': \'Skylake\', \'Processor Number\': \'I5 6400\', \'description\': \'  \""6th Generation Intel\\u00ae Core\\u2122 i5 6400 2.7GHz Socket LGA"
2738,{'Output': 'mismatch'},"Channel\', \'description\': \'  ""Crucial 8GB DDR4 2400MHz UDIMM Memory Module 2x4GB 2400MHz CL17 2400MHz 8GB 1.2V 2400MHz 2400MHz 2400MHz 2400MHz"
2739,{'Output': 'mismatch'},"FX-8320E 4.0GHz 8-Core Processor""@en - AMD FX-8320E Boxed | SCAN UK""\', \'title\': \'AMD FX -8320E 4.0GHz 8-Core Processor\', \'subcategory\': \'AMD FX\', \'brand\': \'AMD\', \'sku\': \'FD83"
2740,{'Output': 'mismatch'},"DDR3\', \'Form Factor\': \'SODIMM\', \'Storage Capacity\': \'4GB\', \'Technology\': \'DDR3\', \'Memory Speed\': \'1333MHz\', \'Application\': \'Laptop Memory\', \'description\': \'  \""Crucial 4GB 1333MHz DDR3 SODIMM Memory\"" """
2741,{'Output': 'mismatch'},"\'[629142b21]\', \'brand\': \'HP\', \'category\': \'HP\', \'Category\': \'Server Adapter\', \'Sub-Category\': \'Ethernet Adapter\', \'Generation\': \'10GB 2-Port\', \'Part Number\': \'629142-B21\', \'Products ID\': \'"
2742,{'Output': 'mismatch'},"\'Part Number\': \'192106-021-2Pack\', \'Products ID\': \'192106021\', \'description\': \'  \""192106-021 HP 110/220GB 2 Pack \""  \""Description:2 x 110/22"
2743,{'Output': 'mismatch'},"071B21-2Pack\', \'Products ID\': \'463246\', \'Type\': \'Hard Drive - Hot-Swap\', \'Capacity\': \'480GB\', \'Interface Type\': \'SATA\', \'Spindle Speed\': \'7200RPM\', \'Ports\': \'Dual Port\', \'description\':"
2744,{'Output': 'match'},"boven €10,-)\': \'€ 0,-\', \'description\': \'  ""Kingston HyperX Fury blu HX316C10F/4 16GB 2400MHz DDR3 SDRAM Memory Module 1x16GB 2400MHz 1.35V 1.35V"
2745,{'Output': 'mismatch'},"': \'64-bit\', \'description\': \'  \""BX80646I34160 Novatech I3 4160 3.6GHz 4-Thread 2-Core Processor\""  \""Null\""  \""New BX80646I34160 Wholesale Price BX80646I341"
2746,{'Output': 'mismatch'},"0,-\', \'description\': \'  \""Case Logic EVA-foam sleeve 16"" - 16"" - Black - Black - 1000000000000000000000000000000000000000000000"
2747,{'Output': 'mismatch'},"2666c16\', \'type\': \'Memory\'}'} -> match

{'Entity_1': '{\""description\"": \""  \""TP-Link TL-WDR437 1000Mbps Wireless N Router\"" TL-WDR437\"", \""title\"": \""TP-Link TL-WDR437 1000Mbps Wireless N Router"
2748,{'Output': 'mismatch'},"5 inch 7200RPM SATA Hard Drive (ST1000NM0033)\""@en \""Seagate - Constellation ES.3 1TB 3.5 inch 7200RPM SATA Hard Drive (ST1000NM0033)\""@en \""Seagate - Constellation ES.3 1"
2749,{'Output': 'match'},"Pack\', \'subcategory\': \'\', \'brand\': \'HP\', \'sku\': \'hp50842900110pack\', \'type\': \'Hard Drive\' }', 'Entity_2': '{\""title\"": \""HP 508429-001 400 GB 10K 3.5"
2750,{'Output': 'mismatch'},9159-B21 HP Xeon E5345 2.33GHz DL160 G3 4-Core 8MB 80W 1333MHz 65nm Socket LGA-771 848719062854 848719062854
2751,{'Output': 'match'},"3.0 GHz)\', \'sku\': \'BX80635E52690V2\', \'type\': \'Processor\'}', 'Entity_2': '{\'title\': \'Intel Xeon Processor E5 2690 v2 BX80635E52690V2 (25M Cache,"
2752,{'Output': 'mismatch'},"3,95\', \'description\': \'  \""Transcend JetFlash 500 8GB Blue\"" \""Null\""   \""Description: Transcend JetFlash 500 8GB Blue\""  ', \'title\': \'Transcend JetFlash 500 8GB Blue USB 2.0 Flash Drive\', \'sku\': \'"
2753,{'Output': 'mismatch'},"Speed\': \'2.33GHz\', \'Bus Speed\': \'800MHz\', \'L2 Cache\': \'1MB\', \'L3 Cache\': \'12MB\', \'64-bit Processing\': \'Yes\', \'Process Technology\': \'45nm\', \'Processor Socket\': \'Socket B LGA-1366\', \'description"
2754,{'Output': 'mismatch'},"691862B21\' }', 'Entity_2': '{\""title\"": \""HP 691862-B21 100GB - Prijzen \""@nl Tweakers\""@nl\"", \""category\"": \""HardDrive\"", \""subcategory\"": \""SATA\"", \""brand\"": \""HP\"", \""sku\"": \""69186"
2755,{'Output': 'mismatch'},"{""Output"": ""mismatch""}"
2756,{'Output': 'mismatch'},"Profile 2.5\"" SATA II 300MB/s 128MB Cache 2-Port 100MB/s 1000Base-T Network Adapter\', \'description\': \'  \""452348-B21 HP Smart Array P-Series Low Profile 2.5\"" SATA II 300MB/s 128"
2757,{'Output': 'mismatch'},"ct8g4dfs8213\', \'type\': \'Description: Crucial - DDR4 8 GB DIMM 288-pin 2133 MHz 1.20v 15-15-15 Non-ECC Unbuffered Memory (8GB) 288-pin 1x8GB 1.20v"
2758,{'Output': 'match'},"\'category\': \'HP Smart Array\', \'subcategory\': \'3200 Controller\', \'brand\': \'HP\', \'sku\': \'295643b21\', \'type\': \'Ultra320 Controller with 64MB Cache 64-bit 133MHz PCI-X PC Board - Has one Internal 68-pin connector"
2759,{'Output': 'mismatch'},"{""Output"": ""mismatch""}"
2760,{'Output': 'mismatch'},"4-25600 3200MHz Dual Channel Kit\""@en 32GB (2x16GB) Corsair DDR4 Vengeance LPX Black, PC4-25600 3200MHz, Non-ECC Unb, CL16-18-18-36, 1.2V,"
2761,{'Output': 'match'},"2-5300 240-pin DDR II SDRAM Memory Module"", ""Null"" ""New 483403-B21 8GB (2x4GB) PC2-5300 240-pin DDR II SDRAM Memory Module"", \""Null\"" ""New 483403-B21 8GB ("
2762,{'Output': 'mismatch'},"\'HP\', \'sku\': \'dg0146famwl5pack\', \'type\': \'SAS\', \'description\': \'  \""DG0146FAMWL HP 146-GB 6G 10K 2.5 DP SAS HDD\"" \""Null\""   \""Description:146GB 2.5-inch"
2763,{'Output': 'mismatch'},".5 inch Hard Drive\', \'category\': \'Hard Drives\', \'subcategory\': \'Hard Drives\', \'brand\': \'Seagate\', \'sku\': \'st3500630ns10pack\', \'type\': \'SATA II\', \'description\': \'  \""Seagate Barracuda ES.2 750GB SATA"
2764,{'Output': 'match'},-S21 628061-S21 628061-S21 628061-S21 628061-S21 628061-S21 628061-S21 628061-S21 628061
2765,{'Output': 'mismatch'},"\'b018y22c2y\', \'type\': \'Tablet\'}, {\'title\': \'Amazon Fire Kids Edition - tablet OS 5 (Bellini) 16 GB 7""\', \'category\': \'Tablets\', \'brand\': \'Amazon\', \'sku\': \'b018y22c2y\', \'"
2766,{'Output': 'mismatch'},"\'title\': \'449363-B21 HP SC40Ge 3Gbps SAS/1.5Gbps SATA HBA PCI Express x8\', \'category\': \'HP\', \'subcategory\': \'HBA\', \'brand\': \'HP\', \'sku\': \'449363b21\', \'type\': \'"
2767,{'Output': 'mismatch'},"In\', \'description\': \'  ""157866-001 HP 15K 1000MBps 1000Base-T 1000Mbps 1000Base-T 1000Base-T 1000Base-T 1000Base-T 1000Base-T"
2768,{'Output': 'mismatch'},"-GB 100MBps 7.2K 3.5 SATA HDD"" ""230534-B21 HP 40-GB 100MBps 7.2K 3.5 SATA HDD""  \', \'title\': \'230534-B21 HP 40-GB 10"
2769,{'Output': 'mismatch'},"{""Output"": ""match""}"
2770,{'Output': 'mismatch'},"\', \'brand\': \'HP\', \'sku\': \'431786b21\', \'type\': \'Hard Drive\', \'description\': \'  \""431786-B21 HP 120-GB 5.4K 2.5 SATA\"", \""Null\"" Price 431786-B21\"""
2771,{'Output': 'mismatch'},"- Storage controller (RAID) SATA 6Gb/s\', \'category\': \'HPE\', \'subcategory\': \'Smart Array P421\', \'brand\': \'HPE\', \'sku\': \'631671-B21\', \'type\': \'RAID Controllers\', \'description\': \'  \""HPE Smart Array P421"
2772,{'Output': 'match'},"': \'Hard Drive - Hot-Swap\', \'Capacity\': \'72GB\', \'Interface Type\': \'Serial Attached SCSI\', \'Spindle Speed\': \'15000RPM\', \'price\': \""USD\"", \'description\': \'  \""512743-001 HP 72-GB 6G 15K"
2773,{'Output': 'mismatch'},"5-003 146-GB 3G 10K 2.5 DP SAS 2 Pack"", \""Null\"" 430165-003 HP 146-GB 3G 10K 2.5 DP SAS 2 Pack"", \""Description:146GB 3G 10K"
2774,{'Output': 'mismatch'},"\', \'sku\': \'eh0146fawjb10pack\', \'type\': \'Hard Drive - Hot-Swap\', \'description\': \'  \""EH0146FAWJB HP 146-GB 6G 15K 2.5 DP SAS\"" ""Null""   ""Description:10 x 146"
2775,{'Output': 'match'},"28061-S21 - 3TB 7.2K 3.5 SATA Hard Drive - HP G8 G9\', \'subcategory\': \'Hard Drive - 7.2K 3.5 inch\', \'sku\': \'628061s21\', \'type\': \'Hard Drive - 7.2K 3"
2776,{'Output': 'mismatch'},"': '  \""Kingston - HyperX Fury black 16GB (2 x 8GB) DDR3-1333 Memory\"" Memory (HX421C14FBK4/64) PCPartPicker', 'title': 'Kingston - HyperX Fury black 16GB (2 x 8GB) DDR3-1333"
2777,{'Output': 'mismatch'},"{""Answer"": ""mismatch""}"
2778,{'Output': 'mismatch'},"{""Output"": ""mismatch""}"
2779,{'Output': 'mismatch'},"{""Match"": ""mismatch""}"
2780,{'Output': 'mismatch'},"cartes graphiques\': \'PCI Express 3.0 x16\', \'description\': \'  \""AMD 860K 4 Core 3.7GHz 28nm 4MB L3 Cache Socket FM2+ 3.0 95W Processor Cooler\""', \'title\': \'AMD 860K 4 Core 3"
2781,{'Output': 'match'},"Accessoires\', \'brand\': \'Apple\', \'description\': \'  \""Apple 15\"" 21.5\"" 1920x1080 IPS 1080p 144Hz 1000:1 Contrast Ratio 1000:1 Brightness 1000:1 HDR 10"
2782,{'Output': 'mismatch'},"SATA\', \'Form Factor\': \'3.5 inch\', \'description\': \'  \""HP 7.2K 3.5 inch 750GB Hard Drive\""@en (ST3750330NS-5Pack)\""@en ', \'title\': \'HP 7.2K 3.5 inch 750"
2783,{'Output': 'mismatch'},"{'Entity_1': '{\""description\"": \""  \""DG0146FAMWL HP 146-GB 6G 10K 2.5 DP SAS\"", \""Null\"" \""New DG0146FAMWL SAS 2 Pack Wholesale Price DG01\"", \""Null\"" \""HP 146GB 10K 2"
2784,{'Output': 'match'},"gtx1080gaming8g\', \' gtx1080gaming8g\'], \'type\': \'\', \'price\': \'€ 671,95\' }', 'Entity_2': '{\'title\': \'MSI GeForce GTX 1080 GAMING 8G - Prijzen ""@NL Tweakers"
2785,{'Output': 'mismatch'},"{""Output"": ""match""}"
2786,{'Output': 'mismatch'},"0,-\', \'Opsturen (t/m € 200,-)\': \'€ 0,-\', \'Opsturen (t/m € 100,-)\': \'€ 0,-\', \'Opsturen (t/m € 50,-)\': \'€ 0,-\', \'Opsturen (t/m € 200)\':"
2787,{'Output': 'match'},"{'Entity_1': '{\""/sku\"": \""[ztp10600b10m]\"", \""category\"": \""ZOTAC\"", \""description\"": \""  \\\""ZOTAC GeForce GTX 1060 - AMP! Edition graphics card GF 6 GB\\\"" \\\"" ZOTAC GB ZT-P10600B-10"
2788,{'Output': 'mismatch'},"\', \'sku\': [\'359461007\'], \'type\': \'Hard Drive - Hot-Swap\'}', 'Entity_2': '{\'title\': \'359461-007 HP 300-GB 10K FC-AL HDD\', \'category\': \'Hard Drive\', \'subcategory\"
2789,{'Output': 'mismatch'},"oria Corsair Vengeance LPX Black 16GB (2x8GB) DDR4 2400MHz 288-Pin 1.2V 16-16-16-39 Unbuffered UDIMM Memory Kit"", \""Null\""  ""Corsair CMK16GX4M2A2400C1"
2790,{'Output': 'mismatch'},"{""Output"": ""mismatch""}"
2791,{'Output': 'mismatch'},"Type\': \'19"" Rack Mountable\', \'description\': \'  \""ReadyNAS 212 - Prijzen \""@NL Tweakers\""@NL', \'title\': \'ReadyNAS 212 - Prijzen \""@NL Tweakers\""@NL\', \'subcategory\': \'Network Attached Storage (NAS)\', \'brand\': \'D-"
2792,{'Output': 'mismatch'},\': \'[ 303000000000000000000000000000000000000000000000000000000000000000000000000
2793,{'Output': 'mismatch'},"2GB 15K 2.5 128MB SAS Hard Drive"", ""Null"" ""HP 430169-002 72GB 15K 2.5 128MB SAS Hard Drive"", ""Null"" ""HP 430169-002 72GB 15K"
2794,{'Output': 'mismatch'},"{""Output"": ""mismatch""}"
2795,{'Output': 'mismatch'},"82M0N00\', \'description\': \'  \""Asus EX-GTX1050-2G - Prijzen \""@NL Tweakers\""@NL', \'title\': \'Asus EX-GTX1050-2G - Prijzen \""@NL Tweakers\""@NL\', \'subcategory\': \'Gaming\', \'brand"
2796,{'Output': 'match'},"1': '{\""description\"": \""  \""TP-Link TL-SG1016 - Prijzen \""@NL Tweakers\""@NL\"", \""title\"": \""TP-Link TL-SG1016 - Prijzen \""@NL Tweakers\""@NL\"", \""category\"": \""\"", \""subcategory\"": \""\"", \""brand\"": \""TP-Link\"", \""sku\"":"
2797,{'Output': 'mismatch'},"1-005-5Pack\', \'type\': \'Fibre Channel 3.5-inch HotSwap 10K Dual Port Hot-Plug Hard Drive\'}', 'Entity_2': '{\""title\"": \""359461-005 HP 72.8-GB 10K FC-AL\"", \""category\"": \""Hard Drive"
2798,{'Output': 'match'},"512\', \'price\': \""USD\"", \""$165.95\"" , \'description\': \'  \""HP, 658071-B21, 500GB 6G SATA 7.2K rpm LFF\""@en 658071-B21 \""HP  \""HP, 658"
2799,{'Output': 'mismatch'},"{""Output"": ""mismatch""}"
2800,{'Output': 'mismatch'},"{""Output"": ""match""}"
2801,{'Output': 'mismatch'},"0GHz 8C 125W Box (FD8320FRHKBOX)\', \'category\': \'Box\', \'subcategory\': \'Processor\', \'brand\': \'AMD\', \'description\': \'  \""AMD Processor, AMD 8C FX-8320 3.5GHz 16MB 125W Box\"" \"""
2802,{'Output': 'mismatch'},"type\': \'Hard Drive\', \'description\': \'  ""Null"", ""508429-001 HP 400-GB 10K 3.5 DP NHP SAS"" ""New 508429-001 SAS 2 Pack Wholesale Price 508429-001-2Pack"
2803,{'Output': 'mismatch'},""", ""Description: 146GB 2.5-inch Serial Attached SCSI 3G 10K Hard Drive""}'} -> match:mismatch}

{'Entity_1': '{\""brand\"": \""Samsung\"", \""category\"": \""HardDrive\"", \""subcategory\"": \""HardDrive\"", \""type\"": \""Hard Drive\"", \""description\"": \""  \""Samsung 320GB 3"
2804,{'Output': 'mismatch'},"\', \'price\': \'""$185.95"", ""USD""\', \'description\': \'  ""445974-B21 HP Proliant Processor Kit"" ""Null""   ""Description:HP Proliant Processor Kit 445974-B21 2.2GHz 2MB 2MB Quad-Core Intel X"
2805,{'Output': 'mismatch'},10000000000000000000000000000000000000000000000000000000000000000000000000000000
2806,{'Output': 'mismatch'},"NL DPD\': \'€ 4,95\', \'Pakketpost DPD\': \'€ 3,95\', \'Pakketpost\': \'€ 3,95\', \'description\': \'  \""Kingston HyperX Fury HX421C14FB/8 16GB DDR4 2400MHz"
2807,{'Output': 'mismatch'},"Open Box Corsair 8GB PC3-12800 240-pin DDR3 SDRAM SODIMM Kit\', \'category\': \'Memory\', \'subcategory\': \'SODIMM\', \'brand\': \'Corsair\', \'sku\': \'8GB PC3-12800 240-pin DDR3 SDRAM S"
2808,{'Output': 'mismatch'},"-2400\', \'Size\': \'16GB (4x4GB)\', \'Memory Model\': \'Vengeance LPX Black\', \'Max. Memory Channels Provided by Kit\': \'Quad (4)\', \'Memory Type (ECC)\': \'Non-ECC\', \'Memory Type (R/U)\': \'UDIMM (Unbuffered)\',"
2809,{'Output': 'mismatch'},"sku\': [\'bd1465822c10pack\', \'bd1465822c10pack\'], \'type\': \'Hard Drive Hot-Swap\'}', 'Entity_2': '{\'title\': \'BD1465822C HP 146.8-GB 10K FC"
2810,{'Output': 'mismatch'},"ATA\', \'Part Number\': \'ST1000NM0033\', \'Products ID\': \'144298\', \'Capacity\': \'1TB\', \'Interface\': \'SATA\', \'Enclosure\': \'Internal\', \'Drive Dimensions\': \'3.5 inches\', \'Spindle Speed\': \'7200RPM"
2811,{'Output': 'mismatch'},"': \'Hard Drive\', \'Sub-Category\': \'10K\', \'Manufacturer\': \'HP\', \'Part Number\': \'HP 518736001\', \'description\': \'  \""HP 518736001 146-GB 6G 10K 2.5 DP SAS HDD\"""
2812,{'Output': 'mismatch'},"Product ID\': \'500658-B21\', \'description\': \'  \""HP Proliant 4GB (1 x 4GB) DDR3 1333MHz Memory - Prijzen \""@NL Tweakers\""@NL\', \'title\': \'HP Proliant 4GB (1 x 4GB) DDR3"
2813,{'Output': 'mismatch'},"_1': '{\""/mpn\"": \""[wds120g1g0a]\"", \""category\"": \""\"", \""Categorie\"": \""Solid state drives\"", \""Merk\"": \""WD\"", \""Productserie\"": \""Green\"", \""Product\"": \""WD Green SSD 2,5\"", \""Uitvoering\"": \""(WDS120G1G0"
2814,{'Output': 'mismatch'},"{""Output"": ""match""}"
2815,{'Output': 'mismatch'},"title\': \'122633-001 130CFM 120mm Fan 130 3BL 130CFM 120mm Fan 130 3BL\', \'category\': \'Null\', \'subcategory\': \'New 122633-001 13"
2816,{'Output': 'mismatch'},i5 6400 4-Core 4-Thread 2.7GHz 64-Bit 14nm Technology 65W 64GB DDR4-1866/2133 2.7GHz 3.3GHz 6MB Intel HD 530 350/950MHz 1.
2817,{'Output': 'mismatch'},"21]\', \'/gtin13\': \'[884962877746,  5711045879975,  8849628777466]\', \'category\': \'603608-B21 HP Xeon X75"
2818,{'Output': 'mismatch'},")\': \'€ 0,-\', \'Opsturen vanaf 20.-\': \'€ 0,-\', \'Opsturen vanaf € 50,-\': \'€ 0,-\', \'Opsturen\': \'€ 0,-\', \'Opsturen vanaf € 20,-\': \'€ 0,-\', \'Opsturen"
2819,{'Output': 'match'},"€ 152,46\', \'description\': \'  \""Kingston HyperX Fury HX424C15FB2/8 - Prijzen \""@NL Tweakers\""@NL', \'title\': \'Kingston HyperX Fury HX424C15FB2/8 - Prijzen \""@NL Tweakers\""@NL"
2820,{'Output': 'mismatch'},00000000000000000000000000000000000000000000000000000000000000000000000000000000
2821,{'Output': 'mismatch'},"': \'Hard Drive Bays\', \'Generation\': \'3000 Series\', \'Part Number\': \'359461-005\', \'Products ID\': \'458008\', \'Manufacturer\': \'HP\', \'description\': \'  \""359461-005 HP Storageworks 3"
2822,{'Output': 'mismatch'},4 2.7GHz BL685c G5 Processor Kit 45nm 6MB Cache 2.7GHz 75W 45nm 45nm 45nm 45nm 45nm 45nm 45nm 45nm 45nm 45nm 45nm 45nm
2823,{'Output': 'mismatch'},"06GHz 512k 310590-001 14296"", \'title\': \'310590-001 ML370T G3 Xeon 3.06GHz 512k\', \'sku\': \'310590-001\', \'type"
2824,{'Output': 'mismatch'},"\'15K\', \'brand\': \'HP\', \'sku\': \'432094b21\', \'type\': \'15K 3.5-inch Single Port SAS Hard Drive\', \'description\': \'  \""432094-B21 HP 146-GB 15K 3.5 SP SAS\"""
2825,{'Output': 'mismatch'},2.8 GHz 1Xeon 512MB 4GB 400MHz 1000Mbps 1000Mbps 1000Mbps 1000Mbps 1000Mbps 1000Mbps 1000Mbps 1000Mbps 1000Mbps 100
2826,{'Output': 'mismatch'},"SAS Hard Drive 146GB 10000RPM 6GB/s 2.5\"" 2 Port SATA 146GB 10000RPM 6GB/s 2.5\"" 2 Port SATA 146GB 10000RPM 6GB/s 2.5\"" 2 Port"
2827,{'Output': 'mismatch'},"A2666C16R, MU16GX4M2A2666C16R, U16GX4M2A2666C16R\', \'brand\': \'Corsair\', \'sku\': \'CMU16GX4M2A2666C16R, MU16GX4"
2828,{'Output': 'mismatch'},"'\', \'price\': \'\', \'manufacturer\': \'Corsair\' }', 'Entity_2': '{\""title\"": \""Corsair Vengeance LPX 64GB 2666MHz 4x16GB DDR4 1.2V CMK64GX4M4A2666C16 - Black - 10"
2829,{'Output': 'mismatch'},"\', \'description\': \'  ""HP 647594-B21 4-Port 1Gb Ethernet Adapter 331T"", ""Null"" ""HP 647594-B21 4-Port 1Gb Ethernet Adapter 331T"", ""Null"" ""HP 647594-B21"
2830,{'Output': 'mismatch'},"1333 MHz 200-240 MHz 204 Pin SODIMM 10666 (1333) 9-9-9-24 Non-ECC Unbuffered\', \'category\': \'\', \'subcategory\': \'\', \'brand\': \'Corsair\', \'sku\': \'ME"
2831,{'Output': 'mismatch'},"\': \'Server\' }', 'Entity_2': '{\""title\"": \""325134-001 HP DL580R G2 2.8GHz 2MB 2X 2GB 2MB 120W\"", \""category\"": \""HP\"", \""subcategory\"": \""DL580R G2\"", \""brand\"": \"""
2832,{'Output': 'mismatch'},"015WLED\', \'Tweakers ID\': \'100000000000000000000000000000000000000000000000000000000000000000"
2833,{'Output': 'mismatch'},"07\', \'Uitvoering\': \'Black\', \'EAN\': \'4719331241131\', \'SKU\': \'GB-BXBT-2807\', \'Tweakers ID\': \'377299\', \'Productprijs\': \'€ 129,95\', \'"
2834,{'Output': 'mismatch'},"{""Output"": ""match""}"
2835,{'Output': 'mismatch'},"\'No\', \'description\': \'  \""NZXT Cas340wb3 Gaming Case - Black\""@en-gb  \""NZXT CA-S340W-B3 Gaming Case - Black\""@en-gb  \""NZXT CA-S340W-B3 Gaming Case - Black\""@en-gb  \""NZXT CA-S340W-B"
2836,{'Output': 'mismatch'},"650035pack\', \'type\': \'Hard Drive 2.5 inch 10K 3G SAS 146GB 5 Pack\' }', 'Entity_2': '{\'title\': \'430165-003 HP 146-GB 3G 10K 2.5 DP SAS"
2837,{'Output': 'mismatch'},"SATA) 3.0GB/s 7200 RPM 3.5-inch form factor (LFF) Hard Drive Part Number(s) Mod\', \'brand\': \'Seagate\', \'sku\': \'st31000640ns\', \'type\': \'Hard Drive\', \'description\': \'  \""ST310006"
2838,{'Output': 'mismatch'},"{""Output"": ""mismatch""}"
2839,{'Output': 'mismatch'},"title\': \'HP Proliant BL20P G2 Xeon 3.2GHz 1GB (2P) FC MEZZ BLADE\', \'category\': \'Null\', \'subcategory\': \'Proliant Server\', \'brand\': \'Hewlett-Packard\', \'sku\': \'345021b21\', \'type\"
2840,{'Output': 'mismatch'},"title\': \'Seagate 1TB 2.5"" USB 3.0 External Hard Drive - Expansion\', \'category\': \'Hard Drives\', \'subcategory\': \'Hard Drives\', \'brand\': \'Seagate\', \'sku\': \'stea1000400\', \'type\': \'2.5"" USB 3.0"
2841,{'Output': 'mismatch'},"1 - FAN CHASSIS 120MM 130 - New 122633-001 130 Wholesale Price 122633-001 Des\', \'sku\': \'122633001\', \'type\': \'Description: 120mm Fan Chassis 1"
2842,{'Output': 'mismatch'},"K 10-Pack\', \'subcategory\': \'Price\', \'sku\': [\'3ra3851aa\'], \'type\': \'Description:HP 72.8GB 3.5-inch (1/3H) 15K 15000RPM Ultra320 SCSI Hard Drive in 10-Pack\' }"
2843,{'Output': 'mismatch'},5 CFM 120mm 25mm 7V - 12V 120mm Fan 2-Pack 120mm 25mm 7V - 12V 120mm Fan 2-Pack 120mm 25mm 7V - 12V 120mm Fan 2
2844,{'Output': 'mismatch'},"W ""@en\', \'title\': \'HP 629135-B21 1GB 4-Port 10/100/1000Base-T Ethernet Adapter\', \'subcategory\': \'\', \'sku\': \'629135b21\' }', 'Entity_2': '{\""title\"": \""HP"
2845,{'Output': 'mismatch'},"-B21 200GB 6G 2.5 SAS SC SSD 10Pack\', \'subcategory\': \'SSD\', \'sku\': \'653078b2110pack\', \'type\': \'SSD 200GB 6G 2.5 SAS SC 10Pack\'}, {\'title\"
2846,{'Output': 'mismatch'},"000\', \'Model\': \'249674001\', \'description\': \'  \""HP Proliant Memory 249674001\"" Memory - 249674001 | SCAN\', \'title\': \'Memory - 249674001 | SCAN\', \'subcategory\"
2847,{'Output': 'mismatch'},1151 95W 4C 4T 12500000000000000000000000000000000000000000000000000000000000000
2848,{'Output': 'mismatch'},"\': \'1.5 lb\', \'description\': \'  \""HP 192106-B21 110GB Super DLT 4400/5600/6000/7000/8000/9000/10000/11000/120"
2849,{'Output': 'mismatch'},"\': [\'300876b21\'], \'type\': \'Description:BL20PG2 Xeon 2.8GHz 512 1P Blade Server Processor\' }', 'Entity_2': '{\""title\"": \""300876-B21 BL20PG2 Xeon 2.8GHz 5"
2850,{'Output': 'mismatch'},"\', \'description\': \'  \""HP NC430T PCI-X Quad-port Gigabit server adapter\"" ""HP NC430T PCI-X Quad-port Gigabit server adapter"", ""HP NC430T PCI-X Quad-port Gigabit server adapter"", ""HP NC430T PCI-X Quad-port Gigabit server adapter"", ""HP NC430T PCI-X"
2851,{'Output': 'mismatch'},Corsair Vengeance LED CMU64GX4M4C3000C15R 64GB DDR4 2400MHz 2x32GB 2400MHz 2400MHz 2400MHz 2400MHz 2400MHz 2400MHz 240
2852,{'Output': 'mismatch'},"1 HP Xeon E74830 2.13GHz BL680c G7\', \'subcategory\': \'643772-B21\', \'type\': \'Processors - Intel Xeon\' }', 'Entity_2': '{\""title\"": \""HP ProLiant BL680c 643772-B"
2853,{'Output': 'mismatch'},"2 HP Xeon X3210 2.13GHz DL120 G5\', \'subcategory\': \'Proliant Processors\', \'sku\': \'455035-B22\', \'type\': \'Processors\'}', 'Entity_2': '{\""title\"": \""455035-B22 HP Xeon"
2854,{'Output': 'mismatch'},"description\': \'  \""HP 533993-B22 12000000000000000000000000000000000000000000000000000000000000"
2855,{'Output': 'mismatch'},"{""Match"": ""mismatch""}"
2856,{'Output': 'mismatch'},"{""Output"": ""match""}"
2857,{'Output': 'mismatch'},"200000000]\', \'brand\': \'Dell\', \'category\': \'Network Adapters\', \'description\': \'  \""Dell 270nwifi 10/100/1000 Mbps Ethernet Adapter 10/100/1000 Mbps 10/100/1"
2858,{'Output': 'mismatch'},"\', \'brand\': \'Western Digital\', \'sku\': [\'wd30efrx\'], \'type\': \'Hard Drive - Hot-Swap - Gen8\', \'description\': \'  \""WD Red WD30EFRX, 3TB - Prijzen \""@NL WD30EFRX Tweakers\""@NL  \""WD Red WD30EFR"
2859,{'Output': 'mismatch'},"\'Mini-Card\', \'description\': \'  \""HP 665240-B21 1GB 4-Port Ethernet Adapter\""@en \"" HP 665240-B21 1GB 4-Port Ethernet Adapter\""@en', \'title\': \'HP 665240-B21 1GB"
2860,{'Output': 'mismatch'},"B0A""  Drive (WDS100T1B0A) PCPartPicker\', \'title\': \'WD 1TB Blue 2.5"" Solid State Drive Drive (WDS100T1B0A) PCPartPicker\', \'category\': \'Null\', \'subcategory\': \'New 507825-B21"
2861,{'Output': 'mismatch'},"'{\""title\"": \""ASUS Xonar Essence STX II 7.1 90YA00NN-M0UA00\"", \""category\"": \""7.1 (90YA00NN-M0UA00)\"", \""description\"": \""  \""Placa Som Asus Xonar Essence STX II 7.1\""@pt 7.1"
2862,{'Output': 'mismatch'},"{""Output"": ""match""}"
2863,{'Output': 'mismatch'},"\'brand\': \'HP\', \'sku\': \'658102-001-5Pack\', \'type\': \'New 658102-001 SC 5 Pack Wholesale\'}'} -> match

{'Entity_1': '{\""brand\"": \""Samsung\"", \""category\"": \""HardDrive\"", \""subcategory\"": \""HardDrive\"","
2864,{'Output': 'mismatch'},"{""Output"": ""match""}"
2865,{'Output': 'mismatch'},"\'Storage Array\', \'description\': \'  \""157766-B21 HP 146-GB 50/100GB 3.5 Ultra2 SCSI Tape Drive\"" \""Null\""  \""157766-B21 HP 146-GB 50/100GB 3.5 Ultra2"
2866,{'Output': 'mismatch'},"\', \'subcategory\': \'BL680c G7\', \'brand\': \'Intel\', \'sku\': \'643778-B21\', \'type\': \'Processor\', \'description\': \'  \""643778-B21 HP Xeon E78867 2.13GHz BL680c G"
2867,{'Output': 'mismatch'},"DRAM Memory Kit 8 x 8GB 667MHz (PC2-5300) 64GB (8 x 8GB) 240-pin DIMM\', \'description\': \'  ""495605-B21 HP 64-GB (8x8GB) PC2-5300 SDRAM Kit"
2868,{'Output': 'mismatch'},"alprijs\': \'€ 632,-\', \'description\': \'  \""AMD Ryzen Threadripper 1900x\""@es  \""AMD Ryzen Threadripper 1900x 3.5GHz 16-Core 32-Thread 100W 125W 125W 125W"
2869,{'Output': 'mismatch'},":HP\', \'sku\': \'449363b21\', \'type\': \'Host Bus Adapter\'}', 'Entity_2': '{\'title\': \'449363-B21 HP 2.5Gbps 12GB/s SAS 300MB/s Host Bus Adapter\', \'category\': \'Host Bus Ad"
2870,{'Output': 'mismatch'},"{""Output"": ""mismatch""}"
2871,{'Output': 'mismatch'},"381817-001 RAM Wholesale""\', \'title\': \'381817-001 HP 512 MB PC300 DDR RAM\', \'subcategory\': \'Description:512 MB 2.5-inch Serial Attached SCSI (SAS)SFF 6G Dual Port Hot-Plug 10K"
2872,{'Output': 'match'},"{""Output"": ""match""}"
2873,{'Output': 'mismatch'},"K FC-AL HDD\', \'subcategory\': \'\', \'sku\': \'359461005\', \'type\': \'3.5-inchHot-Plug Fibre Channel Hard Drive\'}', 'Entity_2': '{\'title\': \'359461-005 HP 72.8-GB 10"
2874,{'Output': 'mismatch'},"4000 narrow Single-Ended SCSI-2 Internal Drive (Gray) - 5.25-inch form factor full-height Model TH5AA-HJ For DLT4000""}', 'Entity_2': '{\""title\"": \""HP 340769-001 20/40-GB Int SCSI DLT\"", \""category"
2875,{'Output': 'mismatch'},"124,-\', \'Opsturen Nederland vanaf € 301,-\': \'€ 0,-\', \'iDeal\': \'€ 0,-\', \'Totaal\': \'€ 124,-\', \'description\': \'  \""Corsair Vengeance LPX 32GB 2400MHz 1.5-1"
2876,{'Output': 'mismatch'},"366M Adapter"" Price 615729-B21"" ""New 615729-B21 Adapter\' }'} -> match}

{'Entity_1': '{\""brand\"": \""Samsung\"", \""category\"": \""Hard disk drive\"", \""description\"": \""Samsung 3200 250 GB 3.5 inch 72"
2877,{'Output': 'mismatch'},"10)\', \'Part Number\': \'GA-990XA-UD3\', \'description\': \'  \""Gigabyte GA-990XA-UD3 Motherboard\"" \""Null\"" Price 358349-B21\"" \""New 358349-B21 DDR Wholesale  \""Descrip', \'title\"
2878,{'Output': 'mismatch'},"{""description"": ""\""}"
2879,{'Output': 'mismatch'},"{""Output"": ""mismatch""}"
2880,{'Output': 'match'},"M2 250GB MZ-N5E250BW\', \'manufacturer\': \'Samsung\', \'type\': \'Hard Drive\', \'sku\': [\'mzn5e250bw\', \'mzn5e250bw2pack\'], \'brand\': \'Samsung\'', 'Entity_2': '{\""title\"": \""Samsung"
2881,{'Output': 'mismatch'},".70 GHz, 3.70 GHz, 3 MB Cache, 64-Bit, 14 nm, 125W, 125W, 125W, 125W, 125W, 125W, 125W, 125W, 125"
2882,{'Output': 'match'},"dB\', ""Rapport Signal sur bruit à l'entrée Line-in"": \'118 dB\', ""Rapport Signal sur bruit à l'entrée CD"": \'118 dB\', ""Rapport Signal sur bruit à l'entrée Tuner"": \'118 dB\', ""Rapport Signal sur bruit à l'entrée Phono"": \'"
2883,{'Output': 'match'},"1786-B21-5Pack\""  \""Description:120GB 2.5-inch 5.4K 1/8H SATA Hard Drive 5 Pack\""  \""Description:120GB 2.5-inch 5.4K 1/8H SATA Hard Drive 5 Pack\""  \""Description:120GB"
2884,{'Output': 'mismatch'},"8GB 2Rx4 PC3L-10600R-9 Kit"", \""Null\""   \""Description:HP 647897-B21 8GB 2Rx4 PC3L-10600R-9 Kit\""   \""Description:HP 647897-B21 8GB 2"
2885,{'Output': 'mismatch'},2-B21 HP Proliant Processor Intel Xeon 2.13GHz 8-Core 24MB Cache 32nm 105W 64-bit 2.13GHz 24MB L3 Cache 2MB L2 Cache 6.40GT/s QuickPath Interconnect 105W 32nm 8
2886,{'Output': 'mismatch'},"00 3.7 GHz 3 MB 3.7 GHz 1S Only 64-bit 14 nm Intel Core i3 6100 Processor BX80662I36100\', \'subcategory\': \'Price\', \'brand\': \'Intel\', \'sku\': \'bx80662i3610"
2887,{'Output': 'match'},"description\': \'  ""HP 726722-B21 DDR4 - 32 GB - LRDIMM 288-pin - 2133 MHz ( PC4-17000 ) - CL15 ( 15-15-15 ) - 1.2 V - Quad Rank - Load-Reduced"
2888,{'Output': 'mismatch'},"\'285 mm x 110 mm x 27 mm\', \'Tweakers ID\': \'262982\', \'description\': \'  \""Gigabyte GV-N1060IX-6GD 6 GB GDDR5 192 Bit 1666 MHz 1060 1060"
2889,{'Output': 'mismatch'},"': \'65nm\', \'description\': \'  ""533993-B22 HP 2.80GHz Intel Xeon G5 Dual-Core Processor 2.80GHz 1066MHz 3MB L2 Cache 65nm 1066MHz 3MB L2 Cache 65nm 1066"
2890,{'Output': 'match'},"\'category\': \'Null\', \'subcategory\': \'Price\', \'brand\': \'New Intel Xeon E5-2683 v4 2.1 GHz Processor BX80660E52683V4\', \'sku\': [\'bx80660e52683v4\', \'bx8066"
2891,{'Output': 'mismatch'},"1184hp\', \'Type\': \'Hard Drive - Solid State Drive\', \'description\': \'  \""HP 653078-B21 120GB 6Gbps 2.5\"" SATA III SAS SSD\"", ""Null"" Price HP 653078-B21 120GB 6Gbps"
2892,{'Output': 'mismatch'},")\': \'1.2 oz\', \'description\': \'  \""Adaptec 560K 1000 Mbps 1000Base-T 1000 Mbps 1000Base-T 1000 Mbps 1000Base-T 1000 Mbps 1000Base-T 1000"
2893,{'Output': 'mismatch'},"\': \'€ 3,95\', \'description\': \'  \""AMD Radeon Pro WX4100 4GB\""  \""AMD Radeon Pro WX 4100 4GB\""  \""AMD Radeon Pro WX 4100 4GB\""  \""AMD Radeon Pro WX 4100 4GB\""  \""AMD Radeon Pro WX"
2894,{'Output': 'mismatch'},"NL\': \'€ 2,95\', \'description\': \'  \""Corsair Vengeance LED CMU16GX4M2C3000C15\""@nl 16GB LN73385 - CMU16GX4M2C3000C15', \'title\': \'Corsair Vengeance LED"
2895,{'Output': 'mismatch'},"69-002 HP 72-GB 3G 15K 2.5 DP SAS 5 Pack\', \'subcategory\': \'Description:5 x HPE 72GB 3G 15K 2.5-inch SFF Hot-Plug Hard Drive In tray (as pictured)For G1-G7 Proliant ServersGenuine"
2896,{'Output': 'mismatch'},"description\': \'  \""358348-B21 HP 333MHz 256MB 3200MT/s 1x1GB 240-pin SDRAM\"", \""Null\"" Price 358348-B21-1Pack\"" \""New 358348-B21 1 Pack"
2897,{'Output': 'mismatch'},"{""Output"": ""match""}"
2898,{'Output': 'mismatch'},"\', \'subcategory\': \'15K\', \'sku\': \'hp417190002\', \'type\': \'Hard Drive\'', 'Entity_2': '{\'title\': \'HP 417190-002 72GB 15K 3.5 DP SAS 5 Pack\', \'category\':"
2899,{'Output': 'match'},Channel-AL 146.8-GB 146.8-GB 146.8-GB 146.8-GB 146.8-GB 146.8-GB 146.8-GB 146.8-GB 146.8-GB 146.
2900,{'Output': 'mismatch'},"{""Output"": ""match""}"
2901,{'Output': 'mismatch'},"subcategory\': \'Hard Drive - Hot-Swap - Gen8\', \'brand\': \'HP\', \'sku\': \'658102001sc\', \'type\': \'3.5-inch (LFF) Serial ATA (SATA) 6G 7.2K Hot-Plug Midline (MDL) Hard Drive in G8 G9"
2902,{'Output': 'mismatch'},"€ 25,-\': \'€ 4,99\', \'Pakketpost (tot € 29,95)\': \'€ 1,99\', \'Pakketpost (vanaf € 29,95)\': \'€ 0,-\', \'Pakketpost (vanaf € 29,95)\': \'"
2903,{'Output': 'mismatch'},"GB\', \'description\': \'  \""483403-B21 Genuine HPE 8GB 240-Pin PC2-5300 Memory Module\"" \""483403-B21 8GB 240-Pin PC2-5300 Memory Module\""  \""483403-B21"
2904,{'Output': 'mismatch'},"592978040642\', \'SKU\': \'cm8066201919901\', \'description\': \'  \""Intel Core i7-6700K 4.00GHz 6-Core 12-Thread 125W 4.40GHz Turbo 125"
2905,{'Output': 'match'},"Category\': \'Processors\', \'Generation\': \'AMD Opteron 4100 Series\', \'Part Number\': \'494267-B21\', \'description\': \'  \""494267-B21 AMD 2.0-GB 2.0-GB 2.0-GB 2.0-GB"
2906,{'Output': 'mismatch'},6G 6GB 1228MHz 358.38 1228MHz 358.38 1228MHz 358.38 1228MHz 358.38 1228MHz 358.38 1228MHz 358
2907,{'Output': 'mismatch'},"category\': \'Hard Drive Bays\', \'subcategory\': \'Hard Drive Bays\', \'brand\': \'Western Digital\', \'description\': \'  \""Western Digital 2.5\"" 3.5\"" Hard Drive Bay - 3.5\"" Hard Drive Bay - 3.5\"" Hard Drive Bay - 3.5\"" Hard Drive Bay - 3."
2908,{'Output': 'mismatch'},"\'Kingston\', \'sku\': \'dtduo3c32gb\', \'type\': \'Description: Kingston 32GB DataTraveler microDuo 3C USB 3.1 Type-C Flash Drive\' }', 'Entity_2': '{\""title\"": \""Kingston 32GB DataTraveler microDuo 3C USB 3."
2909,{'Output': 'mismatch'},"{""Output"": ""match""}"
2910,{'Output': 'match'},"3.5 SATA Hot-Swap Hard Drive"", ""Null\"" \""New 493083-001 Wholesale Price \""  \""Descrip\', \'title\': \'493083-001 HP 300GB 3G 10K 3.5 SATA Hot-Swap Hard Drive\', \'subcategory\': \'New"
2911,{'Output': 'mismatch'},:HP 242469-001 15/30-GB Ext SCSI DLT 15/30GB Tape Drive 15/30GB 15/30GB 15/30GB 15/30GB 15/30GB 15/30GB 15/
2912,{'Output': 'mismatch'},"002 - hard drive 500 GB SATA 6Gb/s\', \'sku\': \'st500dm002\', \'type\': \'Hard Drive (Internal)\' }', 'Entity_2': '{\""title\"": \""Seagate ST3000DM001 - hard drive 3000 GB SATA 6Gb/s\"","
2913,{'Output': 'mismatch'},"{""Output"": ""match""}"
2914,{'Output': 'mismatch'},"\', \'description\': \'  \""HP ProLiant Network Adapter 394793-B21\""@en 3.0 LN70191 - 394793-B21 | SC\', \'title\': \'HP ProLiant Network Adapter 394793-B21\', \'subcategory\': \'\',"
2915,{'Output': 'mismatch'},"\'[cmk64gx4m4a2666c16]\', \'category\': \'4x16GB\', \'Categorie\': \'Geheugen intern\', \'Merk\': \'Corsair\', \'Productserie\': \'Vengeance LPX\', \'Product\': \'Corsair Vengeance LPX CMK64GX4M"
2916,{'Output': 'match'},"400-GB 10K 3.5 DP NHP SAS 5 Pack\', \'category\': \'Hard Drive\', \'subcategory\': \'Hard Drive\', \'brand\': \'HP\', \'sku\': \'508429001\', \'type\': \'3.5-inch (SFF) Serial Attached SCSI (SAS)"
2917,{'Output': 'mismatch'},"70M-K Motherboard\', \'category\': \'Asus Prime H270M-K Motherboard Part# -27001001\', \'subcategory\': \'Description:27001001 2.5 inch SATA 3.0 2.5 inch SATA 3.0 2.5 inch SATA 3.0"
2918,{'Output': 'mismatch'},3P - Motherboard for Intel 4000 Series - 2x SATA III 6Gb/s 2x M.2 2280 SATA III 6Gb/s 2x USB 3.0 1x USB 2.0 1x HDMI 1.4 1x DVI-D 1x VGA 1x Ethernet 1
2919,{'Output': 'mismatch'},"3\'], \'type\': \'15K 3.5-inch Single Port Hot-Plug Hard Drive\', \'description\': \'  ""431943-003 HP 146-GB 15K 3.5 SP SAS HDD""  ""HP 431943-003 Part# -431"
2920,{'Output': 'mismatch'},"': \'4.20GHz\', \'Description\': \'  \""AMD Ryzen 5 1500X 3.6GHz 4.2GHz 6-Core 12-Thread Desktop Processor\"" \""AMD Ryzen 5 1500X 3.6GHz 4.2GHz 6-Core 12-Thread Desktop Processor\"" \""AMD"
2921,{'Output': 'mismatch'},"2gx4m2c3000c15r\'], \'type\': \'DDR4\', \'description\': \'  \""Corsair Vengeance Red LED 32GB DDR4 3000 Memory Kit 2x 16GB\""@en "" Corsair 288-pin CMU32GX4M2C300"
2922,{'Output': 'mismatch'},"\'Seagate\', \'sku\': \'st31000524ns10pack\', \'type\': \'3.5 inch SATA 3.0 1TB 7.2K 3G 3.5\"" 1000GB 3.5\"" 3.5\"" 3.5\"" 3.5\"""
2923,{'Output': 'match'},"0120bw\'], \'type\': \'Hard Drive - Solid State Drive (SSD)\'}', 'Entity_2': '{\'title\': \'Samsung 120GB 750 EVO Series 2.5 inch SATA III 3Gb/s Solid State Drive\', \'category\': \'\', \'subcategory\': \'\', \'brand\"
2924,{'Output': 'mismatch'},"\', \'sku\': \'dh0072balwl10pack\', \'type\': \'Hard Drive - Hot-Swap\'}', 'Entity_2': '{\'title\': \'HP 72-GB 3G 15K 2.5 DP SAS 10-Pack\', \'category\': \'HP Store Netherlands\', \'subcategory\': \'"
2925,{'Output': 'mismatch'},"€ 4,95\', \'Pakketpost (boven €20,-)\': \'€ 0,-\', \'Pakketpost (vanaf € 29,95)\': \'€ 0,-\', \'Pakketpost (vanaf € 29,-)\': \'€ 0,-\', \'description\': \'  \""Intel Core"
2926,{'Output': 'mismatch'},"{""Output"": ""match""}"
2927,{'Output': 'mismatch'},"31000640NS SATA\', \'brand\': \'Seagate\', \'sku\': \'ST31000640NS\', \'type\': \'SATA\', \'description\': \'  ""ST31000640NS Seagate 1-TB 7.2K 3.5 SATA"", ""Null"""
2928,{'Output': 'mismatch'},"D\', \'description\': \'  \""TP-Link TL-SG1005D 10/100 Mbps 1 Port 10/100 Mbps 1 Port 10/100 Mbps 1 Port 10/100 Mbps 1 Port 10/100 Mbps 1 Port 10/1"
2929,{'Output': 'mismatch'},"10K 2.5 DP SAS\', \'category\': \'Null\', \'subcategory\': \'New DG0146FAMWL SAS 10 Pack Wholesale Price DG0146FAMWL-10Pack\', \'brand\': \'HP\', \'sku\': [\'dg0146famwl10pack\', \'dg0"
2930,{'Output': 'mismatch'},"420/2GB Controller\' }', 'Entity_2': '{\'title\': \'Null 631671-B21 HP Smart Array P420/2GB Controller Description:HP Smart Array P420/2GB FBWC 6Gb2-Ports Internal SAS ControllerPart Number(s) Option Part# 631671"
2931,{'Output': 'match'},"\': \'Yes\', \'description\': \'  \""HP 417190002 72GB 15K 3.5 3G SAS Hard Drive\""@es \""HP 417190002 72GB 15K 3.5 3G SAS Hard Drive\""@es \""HP"
2932,{'Output': 'mismatch'},"\': \'Gen 8\', \'description\': \'  \""HP 358348B21 16GB 2400MHz 2x8GB DDR3 1.5V 2400MHz 2x8GB 1.5V 2400MHz 2x8GB 1.5V"
2933,{'Output': 'mismatch'},"\'Storage\', \'subcategory\': \'Hard Drives\', \'brand\': \'HPE\', \'sku\': \'eg0146fart\', \'type\': \'Hard Drive\', \'description\': \'  \""EG0146FARTR HP 146-GB 6G 10K 2.5 DP SAS\"" ""Null"""
2934,{'Output': 'mismatch'},"1GB) 266MHz SDRAM Kit\', \'sku\': \'300680b21\', \'type\': \'Soldered Memory\'}', 'Entity_2': '{\""title\"": \""HP 2GB 266MHz 2x1GB SDRAM Kit 300680-B21\"", \""category\"":"
2935,{'Output': 'mismatch'},x8 DDR3-1333 1.5V ECC UDIMM Retail 500670-B21 2GB 240P PC3-10600 CL9 18c 128x8 DDR3-1333 1.5V ECC UDIMM Retail 50067
2936,{'Output': 'mismatch'},"\'subcategory\': \'15K 3.5 inch Internal Hard Drive 146GB\', \'sku\': \'hp432094b212pack\', \'type\': \'Hard Drive\' }', 'Entity_2': '{\""title\"": \""HP 432094-B21 146GB 15K"
2937,{'Output': 'mismatch'},"type\': \'Hard Drive\', \'description\': \'  \""HP MSA2 1-TB 7.2K 3.5 SATA\"" \""ST31000524NS\""  \""HP MSA2 1-TB 7.2K 3.5 SATA\""  \""HP MSA2 1-TB 7.2"
2938,{'Output': 'mismatch'},"\', \'subcategory\': \'Computers\', \'brand\': \'HP\', \'sku\': \'643772b21\', \'type\': \'Processor\'}', 'Entity_2': '{\""title\"": \""HP Intel Xeon E7-4830 2.13GHz BL680c G7 64377"
2939,{'Output': 'mismatch'},"post (vanaf € 49,95)\': \'€ 0,-\', \'description\': \'  \""AMD Ryzen Threadripper 1950X 16-Core 3.5GHz 128MB Cache 128MB Cache 128MB Cache 128MB Cache 128MB Cache 128MB"
2940,{'Output': 'mismatch'},"120MB/s\', \'description\': \'  \""HP 432094-B21 2 Pack 146GB 15K SAS Hard Drive\"", \""Null\"" \""New 432094-B21 2 Pack 146GB 15K SAS Hard Drive\""  \""HP 43209"
2941,{'Output': 'mismatch'},",95\', \'Pakketpost (boven € 20,-)\': \'€ 0,-\', \'Pakketpost (boven € 20,-) via DPD\': \'€ 0,-\', \'Pakketpost (boven € 20,-) via PostNL\': \'€ 0,-\', \'Pakketpost"
2942,{'Output': 'mismatch'},"': \'HP\', \'sku\': \'632429003\', \'type\': \'Hard Drive\', \'description\': \'  ""632429-003 HP G8 G9 400-GB 6G 2.5 SAS SLC SSD"", ""Null"" ""New 632429-"
2943,{'Output': 'match'},"21-10pack\', \'type\': \'Hard Drive - Hot-Swap\', \'description\': \'  \""653078-B21 HP G8 G9 200-GB 6G 2.5 SAS SLC SSD\"" \""Null\"" \""New 653078-B21 SSD Wholesale Price 653"
2944,{'Output': 'mismatch'},"Drive\' }', 'Entity_2': '{\""title\"": \""HP 804587-B21 240GB 6G 2.5 SATA RI SC SSD\"", \""category\"": \""Null\"", \""subcategory\"": \""Description:2.5-inch 6G SC Solid State Hard Drive\"", \""brand\"": \""HP\"", \""sku\"": \""804"
2945,{'Output': 'mismatch'},"5 G5\', \'sku\': \'445974b21\', \'type\': \'Processor Kit\' }', 'Entity_2': '{\""title\"": \""445974-B21 HP 2.2GHz 445974-B21 AMD Opteron 2354 Processor Kit\"", \""category\"": \""Null"
2946,{'Output': 'mismatch'},"\': \'5120 x 2880 @ 60 Hz\', \'USB 3.0 Ports\': \'2\', \'USB 3.1 Ports\': \'2\', \'USB 3.1 Gen 2 Ports\': \'2\', \'USB 3.1 Gen 2 Max. Speed\': \'10 Gbps\', \'USB"
2947,{'Output': 'mismatch'},"\'type\': \'Description:HP Smart Array P420/2GB FBWC 6Gb2-Ports Internal SAS ControllerPart Number(s) Option Part# 631671-B21 Spare 633538-001\', \'description\': \'  ""631671-B21 HP Smart Array P42"
2948,{'Output': 'mismatch'},"2Y\', \'type\': \'Tablet\'}', 'Entity_2': '{\'title\': \'Amazon - Fire Kids Edition 16 GB 7"" Tablet - Blue\', \'category\': \'Tablets\', \'subcategory\': \'Kids Tablets\', \'brand\': \'Amazon\', \'sku\': \'b018y22c2y\', \'type"
2949,{'Output': 'mismatch'},"\', \'description\': \'  \""HP 629142-B21 10GB 2-Port 1000Base-T Ethernet Adapter\"" \""HP 629142-B21 10GB 2-Port 1000Base-T Ethernet Adapter\"" \""HP 629142-B21"
2950,{'Output': 'mismatch'},"]\', \'brand\': \'HP\', \'category\': \'Null\', \'description\': \'  \""CSRLP3226 HP 32-GB 3G 15K 2.5 DP SAS HDD\"" \""Null\""   \""Description:32GB 2.5-inch Serial Attached SCSI (SAS) SFF 3G Dual Port"
2951,{'Output': 'match'},"{""Output"": ""match""}"
2952,{'Output': 'mismatch'},': \'100000000000000000000000000000000000000000000000000000000000000000000000000000
2953,{'Output': 'mismatch'},"15K 2.5 DP SAS Hard Drive - 10 Pack - 146GB - 15K RPM - 6Gbps - 2.5 inch - Dual Port - 10 pcs - 146GB - 15K RPM - 6Gbps - 2.5 inch - Dual Port - 10 pcs\',"
2954,{'Output': 'mismatch'},"mpn\': \'[461826b21]\', \'brand\': \'HPE\', \'category\': \'\', \'Category\': \'Proliant Memory\', \'Sub-Category\': \'Genuine HP Memory\', \'Generation\': \'PC2-5300\', \'Part Number\': \'461826-B"
2955,{'Output': 'mismatch'},"': \'10/100/1000 Base-T\', \'description\': \'  ""HP ProLiant BL20p G2 359623-B21 512 MB RAM 1 MB Cache 8 GB Max 10/100/1000 Base-T ""@en-gb  ""HP ProL"
2956,{'Output': 'mismatch'},"@es  ""Memoria RAM SoDimm modulo, 1x4GB DDR3-1333, 9-9-9-24@1.50V, Value""\'}'} -> match

{'Entity_1': '{\""brand\"": \""Samsung\"", \""category\"": \""Hard Disks\"", \""subcategory\"": \""Hard Disks\"", \""type\"": \"""
2957,{'Output': 'mismatch'},"{""Output"": ""match""}"
2958,{'Output': 'mismatch'},"3.3V ECC RDIMM RFB\', \'subcategory\': \'127005-031 ACD 18c 32x4 1Rx4 3.3V ECC RDIMM RFB\', \'sku\': \'127005031\', \'type\': \'Memory - 256"
2959,{'Output': 'mismatch'},"5671011596 (Red)\', \'description\': \'  \""CA-PH530-B1 HP 530 Black Tower PC Desktop Computer\"", \""Null\""   \""Description: HP 530 Tower PC Desktop Computer\"", \""Null\""   \""Description: HP 530 Tower PC Desktop Computer\"", \""Null\""   \""Description"
2960,{'Output': 'mismatch'},"[230534b21]\', \'/mpn\': \'[230534b21]\', \'brand\': \'HP\', \'category\': \'', \'Category\': \'Proliant HardDrive\', \'Sub-Category\': \'7.2K\', \'Generation\': \'Ultra Wide\', \'Part Number\':"
2961,{'Output': 'mismatch'},"\'SDLT\', \'Generation\': \'160/320\', \'Part Number\': \'293472-B22\', \'Products ID\': \'15238\', \'Tape Type\': \'Super DLT\', \'Native Capacity\': \'160GB\', \'Interface Type\': \'SCSI\', \'Enclosure Type"
2962,{'Output': 'mismatch'},"5 DP SAS HDD"" ""HP DG0300FARVV HDD Part# -DG0300FARVV""  ""Description:10000RPM 2.5-inch Serial Attached SCSI (SAS)SFF 6G Dual Port Hot-Plug 10K Hard DriveIn HPE Drive tray (as pictured)For G1-G"
2963,{'Output': 'mismatch'},"{""Output"": ""match""}"
2964,{'Output': 'mismatch'},"{""Output"": ""match""}"
2965,{'Output': 'mismatch'},"\', \'description\': \'  \""Antec 1200 360mm 360mm 1200 360mm 1200 360mm 1200 360mm 1200 360mm 1200 360mm 1200"
2966,{'Output': 'mismatch'},"PC2-5300 LP SDRAM Kit\', \'category\': \'Product data Hewlett Controller peripheral controllers (291966-B21)\', \'subcategory\': \'Memory\', \'brand\': \'Hewlett Packard Enterprise\', \'sku\': \'291966b21\', \'type\': \'Smart Array 64"
2967,{'Output': 'mismatch'},"\'333773b21\', \'type\': \'Description:HP BL10e G2 40GB Server Blade 1 x Intel Pentium 1GHz 1 MB Cache 512 MB to 1024 MB (max.) 2 x NC3163 Fast Ethernet PCI 10/100 1 x"
2968,{'Output': 'mismatch'},"SATA HDD\', \'sku\': \'st31000640ns, 31000640ns\', \'type\': \'Hard Drive\'}', 'Entity_2': '{\'title\': \'ST31000640NS Seagate 1TB 7.2K 3.5 SATA HDD\', \'category"
2969,{'Output': 'mismatch'},"subcategory\': \'E5504\', \'sku\': \'470065235\', \'type\': \'Processor\'}', 'Entity_2': '{\'title\': \'470065-235 DL320 G6 Xeon E5504 2.0GHz\', \'category\': \'Pro"
2970,{'Output': 'match'},"\""brand\"": \""Apple\"", \""category\"": \""Apple tablet\"", \""subcategory\"": \""Tablet Cases & Covers\"", \""description\"": \""  \""Apple Smart flip cover for tablet\"" \"" Apple tablet - MQ4U2ZM/A Tablet Cases & Covers CDW.com  \""Thi\"", \""title\"": \""Apple Smart flip cover for tablet\"", \""sku\"": \""mq4u2zma"
2971,{'Output': 'match'},"\'431943003\'], \'type\': \'Hard Drive - Hot-Swap - Gen8\' }', 'Entity_2': '{\""title\"": \""431943003 HP 146GB 15K 3.5 SATA 3000MB/s Hot Swap Drive\"", \""category\"": \""Null\"","
2972,{'Output': 'mismatch'},"Type\': \'DDR3\', \'Form Factor\': \'DIMM 240-pin\', \'description\': \'  \""Hewlett Packard Enterprise 4GB 1333MHz DDR3 1333MHz Memory Module 2x2GB 2GB 2GB 2GB 2GB 2GB 2GB 2GB"
2973,{'Output': 'match'},"\', \'description\': \'  \""Pny 128GB 64GB 32GB 16GB 8GB 4GB 2GB 1GB 512MB 256MB 128MB 64MB 32MB 16MB 8MB 4MB 2MB 1MB 5"
2974,{'Output': 'mismatch'},"': \'  \""632429-003 HP 400-GB 6G 15K 2.5 DP SAS SSD\"", \""Null\"" \""New 632429-003 SSD Wholesale Price 632429-003\', \""632429-003 HP"
2975,{'Output': 'mismatch'},"{""title"": ""TP-Link TL-SG1016DE - Vraag & Aanbod \""}"
2976,{'Output': 'match'},"{""Output"": ""match""}"
2977,{'Output': 'mismatch'},"\': \'BarraCuda\', \'description\': \'  \""Seagate 1.5TB 3.5 inch 7200RPM SATA 3.0GB/s Hard Drive\"", \""Null\"" ""Seagate 1.5TB 3.5 inch 7200RPM SATA 3.0GB/s Hard Drive"", \""Null\"""
2978,{'Output': 'mismatch'},"{""Output"": ""match""}"
2979,{'Output': 'mismatch'},3.60GHz 4MB Cache 4x4 149.99 Euro 149.99 Euro 149.99 Euro 149.99 Euro 149.99 Euro 149.99 Euro 149.99 Euro 149.99 Euro 1
2980,{'Output': 'mismatch'},"{'Entity_1': '{\""/sku\"": \""[cmd16gx4m2b3000c15]\"", \""category\"": \""\"", \""Categorie\"": \""Geheugen intern\"", \""Merk\"": \""Corsair\"", \""Productserie\"": \""Dominator Platinum\"", \""Product\"": \""Corsair Dominator Platinum CMD16GX4M2B30"
2981,{'Output': 'mismatch'},"2.5 DP SAS HDD\"" \""HP DG0300BAHZQ HDD Part# -DG0300BAHZQ\""  \""Descriptio\', \'title\': \'DG0300BAHZQ HP 300-GB 3G 10K 2.5 DP SAS HDD\', \'sku\': [\'hpd"
2982,{'Output': 'mismatch'},"14\', \'SKU\': \'SSDSC2BX800G401\', \'Tweakers ID\': \'100000000000000000000000000000000000000000000000000"
2983,{'Output': 'mismatch'},"{""Output"": ""match""}"
2984,{'Output': 'mismatch'},"{""Output"": ""match""}"
2985,{'Output': 'match'},"4820 2.0GHz BL680c G7\' }', 'Entity_2': '{\""title\"": \""643774-B21 HP 2.0GHz Xeon E7-4820 BL680c G7\"", \""category\"": \""Null\"", \""subcategory\"": \""New 643774-B"
2986,{'Output': 'mismatch'},"{""Output"": ""match""}"
2987,{'Output': 'mismatch'},"2222 | SCAN  ""NZXT H440 New Edition Gaming Case - Black/White - 400mm Fan Mounts - 2x 3.5\"" Drive Bays - 2x 5.25\"" Drive Bays - 2x 3.5\"" Drive Bays - 2x 5.25\"" Drive B"
2988,{'Output': 'mismatch'},"': '{\""/sku\"": \""[533995b22]\"", \""brand\"": \""HP Enterprise\"", \""category\"": \""Computers_and_Accessories\"", \""Category\"": \""Proliant Processor\"", \""Sub-Category\"": \""Intel Xeon\"", \""Generation\"": \""G5\"", \""Part Number\"": \""533995-B22\"", \""Products"
2989,{'Output': 'mismatch'},"1000DM003\', \'brand\': \'Seagate\', \'sku\': \'ST1000DM003\', \'type\': \'3.5 inch 7200RPM SATA III 6Gb/s Hard Drive\', \'description\': \'  \""ST1000DM003 Seagate 1-TB"
2990,{'Output': 'mismatch'},"\'description\': \'  \""ST2000NM0011 - Prijzen \""@NL Tweakers\""@NL', \'title\': \""ST2000NM0011 - Prijzen \""@NL Tweakers\""@NL\"", \'subcategory\': \""Harddisk\"", \'sku\': [\""65810200"
2991,{'Output': 'mismatch'},"49197 - 90-MIBJ70-G0EAY0VZ  ""ASUS Formula-Z 990FX AM3+ ATX Motherboard with USB 3.0""  ""ASUS Formula-Z 990FX AM3+ ATX Motherboard with USB 3.0""  ""ASUS Formula-Z 99"
2992,{'Output': 'mismatch'},00 2-Port 100MB/s 1000000000000000000000000000000000000000000000000000000000000000000
2993,{'Output': 'match'},"]\', \'category\': \'4x8GB\', \'Memory Type\': \'DDR4 (PC4-25600)\', \'Capacity\': \'16GB (4 x 4GB)\', \'Tested Speed\': \'3000MHz\', \'Tested Latency\': \'15-17-17-35\',"
2994,{'Output': 'mismatch'},"title\': \'454141-002 HP 500-GB 7.2K 3.5 SATA 2 Pack Wholesale\', \'subcategory\': \'Description:2 x HP 500GB 7.2K 3.5-inch SATA Hot-Swap Hard Drive In HPE Drive Tray (as pictured)For G1-G"
2995,{'Output': 'mismatch'},"': \'Hard Drive\', \'description\': \'  \""Seagate 2TB 3.5 inch 7200 RPM SATA III 667 MB/s Internal Hard Drive - 7200 RPM - 3.5 inch - 2TB - Black - ST2000NM0011\"" \""Seagate 2TB 3.5"
2996,{'Output': 'mismatch'},1786-B21 120GB 5.4K 2.5 SATA 120GB 5.4K 2.5 SATA 120GB 5.4K 2.5 SATA 120GB 5.4K 2.5 SATA 120GB 5.4K 2.
2997,{'Output': 'mismatch'},")\""  \""WD10PURZ WD Purple 1TB 3.5\"" SATA III 5400 RPM Hard Drive\""  \""WD10PURZ WD Purple 1TB 3.5\"" SATA III 5400 RPM Hard Drive\""  \""WD10PURZ WD Purple 1TB 3.5\"" SATA III 54"
2998,{'Output': 'mismatch'},"': \'bd03656aba\', \'type\': \'Hard Drive - Hot-Swap\', \'description\': \'  \""Null\"", \""BD03656ABA HP 36.4-GB 10K FC-AL\"" \""New BD03656ABA FC-AL 5 Pack Wholesale Price BD03656ABA-"
2999,{'Output': 'match'},"i77700k\'], \'type\': \'Processor\'}', 'Entity_2': '{\'title\': \'Intel Core i7-7700K - Prijzen \""@NL Tweakers\""@NL\', \'category\': \'\', \'subcategory\': \'\', \'brand\': \'Intel\', \'sku\': \'bx8"
3000,{'Output': 'mismatch'},4GB 1333MHz 240-pin DIMM 240-pin 1x4GB 1333MHz 240-pin 240-pin 240-pin 240-pin 240-pin 240-pin 240-pin 240-pin 240-pin 24
3001,{'Output': 'mismatch'},"\'1\', \'Processor Speed\': \'2.40 GHz\', \'description\': \'  \""HP ProLiant ML350 G5 2.40 GHz 445974-B21 445974B21 445974B21 445974B21 4"
3002,{'Output': 'mismatch'},"Dual Port Hot-Plug Hard Drive\', \'description\': \'  ""417190-002 HP 72-GB 15K 3.5 DP SAS 5 Pack "" ""HP 417190-002 Part# -417190-002-5Pack""  ""Description\'',"
3003,{'Output': 'mismatch'},Enterprise 72GB 15K SAS Hard Drive - Hot-Swap - 2.5 inch - 15000RPM - 72GB - 15K SAS - 2.5 inch - 15000RPM - 72GB - 15K SAS - 2.5 inch - 1500
3004,{'Output': 'mismatch'},"': \'€ 0,-\', \'description\': \'  \""BX80646I54590 Intel Core i5-4590 3.3GHz 4-Core 8MB 9W\"" \""Null\""   \""Description:Intel Core i5-4590 3.3GHz 4-Core 8MB 9W"
3005,{'Output': 'mismatch'},"{""Output"": ""mismatch""}"
3006,{'Output': 'match'},03 146GB 3G 10K 2.5 DP SAS Hard Drive 10K RPM 3072MB/s 3.5ms 3.5ms 3.5ms 3.5ms 3.5ms 3.5ms 3.5ms 3.5ms 3.5ms
3007,{'Output': 'match'},"\', \'brand\': \'Kingston\', \'sku\': \'sv300s37a120g\', \'type\': \'SSDNow V300\'}', 'Entity_2': '{\'title\': \'Kingston - SSDNow V300 120GB SATA 3 6GBps 7mm\', \'category\"
3008,{'Output': 'mismatch'},"n\': \'[112650920g]\', \'gtin13\': \'[4895106281943]\', \'category\': \'Computers_and_Accessories\', \'Categorie\': \'Videokaarten\', \'Merk\': \'Sapphire\', \'Product\': \'Sapphire"
3009,{'Output': 'mismatch'},"': \'8569\', \'Device Type\': \'Hard drive hot-swap\', \'description\': \'  \""ST3500630NS-2Pack HP 7.2K 3.5\"" SATA 2.5\"" 3.5\"" 1/3H 1.5K 1000MBps 12"
3010,{'Output': 'mismatch'},",-\', \'Pakketpost (vanaf € 25,-)\': \'€ 0,-\', \'Pakketpost tot € 50,-\': \'€ 0,-\', \'description\': \'  \""AMD A6-9500 2.2GHz 4-Core Processor\"" Processor (AD9500AGABBOX) PCPart"
3011,{'Output': 'mismatch'},"ID\': \'457544\', \'Capacity\': \'1TB\', \'Form Factor\': \'3.5 inches x 1/3H\', \'Interface\': \'Serial ATA\', \'Data Transfer Rate\': \'300MB/s\', \'Spindle Speed\': \'7200RPM\', \'Average Seek Time\': \'8."
3012,{'Output': 'mismatch'},"{""Output"": ""match""}"
3013,{'Output': 'match'},"\': \'Unshielded Twisted Pair (UTP) Cable\', \'description\': \'  \""Null\"", \""629135-B21 HP 1GB 4-Port 1000Base-T 1000Mbps 1GB 4-Port 1000Base-T 1000Mbps 1GB 4"
3014,{'Output': 'match'},"3.5 inch SAS hard drive\'}"", 'Entity_2': '{\""title\"": \""HP 400 GB 10K 3.5 inch SAS 456896-001 2 Pack\"", \""category\"": \""\"", \""subcategory\"": \""\"", \""brand\"": \""HP\"", \""sku\"": \""456896001"
3015,{'Output': 'match'},"3\', \'type\': \'DDR4\'}'} -> match

{'Entity_1': '{\""/mpn\"": \""[cmk32gx4m2a2133c13]\"", \""category\"": \""\"", \""Size\"": \""32GB (2x16GB)\"", \""Memory Model\"": \""Vengeance LPX Black\"", \""Max."
3016,{'Output': 'mismatch'},"€ 29,95\': \'€ 0,-\', \'Pakketpost (vanaf € 29,95)\': \'€ 0,-\', \'description\': \'  \""Targus Notebook Backpack 15.4\"" Black/Gray\""@en 15.4"" Black/Gray', \'title\': \'Targus"
3017,{'Output': 'match'},Description\': \'  Intel Core i5 4460 3.2GHz 4MB Cache 4C/4T 22nm 84W 4x4 1333/1600 DDR3 22nm Technology 4600 Intel HD Graphics 350 MHz 1.1 GHz 22nm
3018,{'Output': 'mismatch'},"': \'HP\', \'type\': \'Intel Xeon X5560 2.80GHz 1333MHz FSB 12M Cache 6C 1066T 1066T 1066T 1066T 1066T 1066T 1066"
3019,{'Output': 'mismatch'},NS 500GB 7.2K 3.5 3G SATA HDD 16MB 3.5 3.5 3.5 3.5 3.5 3.5 3.5 3.5 3.5 3.5 3.5 3.5 3.5 3.5
3020,{'Output': 'mismatch'},"\'DDR3, 2666MHz, CL16, 1.5v, XMP 2.0, Lifetime Warranty\', \'description\': \'  \""Corsair Vengeance LED CMU16GX4M2A2666C16R - Prijzen \""@NL Tweakers\""@NL\'}', 'Output': 'm"
3021,{'Output': 'mismatch'},"\'SKU\': \'F42400C15D16GVR\', \'description\': \'  \""G.Skill Ripjaws V F4-2400C15D-16GVR 16GB 2400MHz DDR3 1.5V 1.5-1.5V 1.5"
3022,{'Output': 'mismatch'},"Entity_1': '{\""brand\"": \""AMD\"", \""category\"": \""Componentes PC\"", \""description\"": \""  \""AMD FX4300 Black Edition 3.80GHz 4 xCores AM3+\""@es \""Componentes PC Tu tienda online l\u00edder con pre\"", \""title\"": \""AMD FX4300 Black Edition"
3023,{'Output': 'mismatch'},"0RPM\', \'Hard Drive Type\': \'Hard Drive\', \'description\': \'  \""Seagate 750GB 3.5 inch 7200RPM SATA Hard Drive ST3750330NS-5Pack\"" \""Seagate 750GB 3.5 inch 7200RPM SATA Hard Drive ST"
3024,{'Output': 'mismatch'},"{""Output"": ""match""}"
3025,{'Output': 'mismatch'},"New 456896-001 HDD Wholesale Price 456896-001""  ""HP 456896-001 400GB 10K 3.5 DP SAS 2 Pack"", ""Null"" ""New 456896-001 HDD Wholesale Price"
3026,{'Output': 'match'},"\'subcategory\': \'Description:5 x StorageWorks 72.8GB 10K Fibre Channel 40 pin 2GB/s HotSwap FCAL Hard DriveG\', \'brand\': \'HP\', \'sku\': \'359461-001-5Pack\', \'type\': \'Hard Drive Hot-Swap\', \'description\"
3027,{'Output': 'mismatch'},"0) - Black""  Seagate Expansion 1TB Portable External Hard Drive USB 3.0 (STEA1000400) - Black  Seagate Expansion 1TB Portable External Hard Drive USB 3.0 (STEA1000400) - Black  Seagate Expansion 1TB Portable External Hard Drive USB 3.0 ("
3028,{'Output': 'mismatch'},"': '{\'title\': \'StarTech.com PCI Express 10 Gigabit Ethernet Fiber Network Card with Open SFP+ NIC\', \'category\': \'Network adapters\', \'subcategory\': \'Network adapters\', \'brand\': \'StarTech.com\', \'sku\': \'PEX10000SFP\', \'type\': \'10GbE SFP+"
3029,{'Output': 'mismatch'},"farvv10pack\'], \'type\': \'Hard Drive - Hot-Swap\'}', 'Entity_2': '{\""description\"": \""  \""DG 300GB 10K 2.5\"" 6G SAS 10000RPM Hot Swap Drive - DG0300FARVV\""@en  \""DG 3"
3030,{'Output': 'match'},"-B22\' }', 'Entity_2': '{\""title\"": \""293472-B22 HP MSL5026 SDLT RackMount Tape Library\"", \""category\"": \""Null\"", \""subcategory\"": \""Description:HP MSL5026 160/320GB SDLT RackMount Tape LibraryPart Number(s) Hewlett-Pack"
3031,{'Output': 'mismatch'},"Processor\', \'subcategory\': \'ML350 G6\', \'brand\': \'HP\', \'sku\': \'495916b21\', \'type\': \'Intel Xeon E5506 2.13GHz 4 Core 800MHz 1MB L2 4MB L3 80W 11"
3032,{'Output': 'mismatch'},"\': \'HP 400GB 10K 3.5 DP NHP SAS HDD\', \'subcategory\': \'HP 400GB 10K 3.5 DP NHP SAS HDD\', \'brand\': \'HP\', \'sku\': \'hp508429001\', \'type\': \'Hard Drive\', \'"
3033,{'Output': 'mismatch'},"Drive 15/30GB\', \'sku\': \'242469001\', \'type\': \'Description:HP 15/30GB DLT Tape Drive (Desktops)Part Number:242469-001 15/30GB DLT Tape Drive (Desktops)\' }', 'Entity"
3034,{'Output': 'match'},"10K 2.5 DP SAS HDD\', \'category\': \'Hard Drive\', \'subcategory\': \'10K 2.5 inch SAS\', \'brand\': \'HP\', \'sku\': \'hpeg0146fartr\', \'type\': \'Hard Drive - Hot-Swap\', \'description\': \'  \""EG0146F"
3035,{'Output': 'match'},"description\': \'  \""HP 456896-001 400GB 10K 2.5\"" SAS Hard Drive\""@en', \'title\': \'HP 456896-001 400GB 10K 2.5\"" SAS Hard Drive\', \'subcategory\': \'\"
3036,{'Output': 'mismatch'},",99\', \'description\': \""  \""Kingston HyperX Fury black HX426C15FB/4\""  \""New HX426C15FB/4 15-100000000000000000000000000000000"
3037,{'Output': 'mismatch'},"{""description"": ""\""}"
3038,{'Output': 'mismatch'},"-G7 Proliant SAS Servers\', \'sku\': \'hp456896001\', \'type\': \'Hard Drive - Hot-Swap\'}', 'Entity_2': '{\'title\': \'456896-001 HP 400-GB 10K 3.5 DP SAS HDD\', \'category"
3039,{'Output': 'mismatch'},"10PURZ 1TB 3.5 SATA 6Gbps 7200RPM 64MB Cache\', \'category\': \'Null\', \'subcategory\': \'New WD Purple (2017) SATA 10 Pack Wholesale Price\', \'brand\': \'Western Digital\', \'sku\': [\'wd10purz10pack"
3040,{'Output': 'mismatch'},"category\': \'Hard Drives\', \'description\': \'  \""325134001\""  \""New 325134001 HDD\""  \""New 325134001 HDD Wholesale\""  \""325134001\""  \""New 32513400"
3041,{'Output': 'mismatch'},"'}', 'Entity_2': '{\""title\"": \""Corsair Vengeance 64GB DDR4 3000 Memory Kit 4x 16GB\"", \""category\"": \""\"", \""subcategory\"": \""\"", \""brand\"": \""Corsair\"", \""sku\"": \""cmu64gx4m4c3000c15r\"", \""type\"": \"""
3042,{'Output': 'mismatch'},"': \'€ 25,-\', \'description\': \'  \""AMD A10-9700E 3.4GHz 4MB Cache 4GB 2500MHz DDR3 128Bit 128Bit 128Bit 128Bit 128Bit 128Bit 128Bit"
3043,{'Output': 'mismatch'},"'/sku\': \'[acnxgm9aa001]\', \'brand\': \'Apple\', \'category\': \'\', \'description\': \'  \""Apple 154153-001 154153-001 154153-001 154153-0"
3044,{'Output': 'mismatch'},"\'description\': \'  \""HD00931C35 HP 9-GB 10K 1.8-inch 10K 1.8\"" 10K 1.8\"" 10K 1.8\"" 10K 1.8\"" 10K 1.8\"" 10K"
3045,{'Output': 'mismatch'},16 16GB 2666MHz 2x8GB DDR4 Memory Kit for Intel Skylake 2666MHz 2x8GB 16GB 2666MHz 2x8GB 16GB 2666MHz 2x8GB 16GB 2666MHz 2x8
3046,{'Output': 'mismatch'},"\'Interface Type\': \'SAS\', \'Data Transfer Rate\': \'12G = 12Gb/sec (1.5GB/s)\', \'description\': \'  \""HP 430165-003 146GB 10K 12G SAS Hard Drive \""@HP\', \'title\': \'HP 4"
3047,{'Output': 'mismatch'},"\""632429-003 10Pack 400GB 6GB/s SAS SSD\"" \""632429-003 10Pack 400GB 6GB/s SAS SSD\""  \'}', 'Entity_2': '{\'title\': \'632429-003"
3048,{'Output': 'match'},"ms\', \'description\': \'  ""HP 430165-003 146GB 10K 2.5 inch SAS Hard Drive"", ""HP 430165-003 146GB 10K 2.5 inch SAS Hard Drive""  \'}', 'Entity_2': '{"
3049,{'Output': 'mismatch'},Digital 1TB 3.5 inch 5400 RPM 64MB Hard Drive 1000204MB 1000204MB 1000204MB 1000204MB 1000204MB 1000204MB 1000
3050,{'Output': 'mismatch'},"mpn\': \'495906b21\', \'price\': \'1299.99\' }', 'Entity_2': '{\""title\"": \""Intel Xeon 5560 2.80GHz 4-Core 8MB 95W 495906-B21\"", \""category\"": \""\"","
3051,{'Output': 'match'},- 5U 160/320GB 26 Drive 1/2 Max 110/230V 50/60Hz 15000RPM 16MB/s 4.16TB/8.32TB 15000RPM 16MB/s 4.1
3052,{'Output': 'mismatch'},"\'description\': \'  \""HP 417190002 - 72GB 15K 3.5\"" Internal Hard Drive\"" "" HP 417190002 15K 3.5\"" Internal Hard Drive"", \'title\': \'HP 417190002 - 7"
3053,{'Output': 'mismatch'},"\': \'1\', \'FRONT PANEL USB 2.0 PORTS\': \'1\', \'FRONT PANEL AUDIO INPUTS\': \'1\', \'FRONT PANEL AUDIO OUTPUTS\': \'1\', \'FRONT PANEL POWER SWITCH\': \'Yes\', \'FRONT PANEL HDD LED\': \'Yes\', \'FRONT PANEL CD/DVD LED\': \'Yes\',"
3054,{'Output': 'match'},"{""Output"": ""match""}"
3055,{'Output': 'mismatch'},"000000000000, 5053460870930, 505346087093, 5053460870930, 5053460870930, 5053460"
3056,{'Output': 'mismatch'},"BD03656ABA HP 36.4-GB 10K FC-AL HDD"", \""BD03656ABA HP 36.4-GB 10K FC-AL HDD\"" \""BD03656ABA HP 36.4-GB 10K FC-AL HDD\""  \""BD036"
3057,{'Output': 'mismatch'},"21\', \'type\': \'Ethernet Adapter\'}', 'Entity_2': '{\'title\': \'HPE 331T 4 Port 1Gb Ethernet Adapter 647594-B21\', \'category\': \'Server Adapter\', \'subcategory\': \'HPE 331T\', \'brand\': \'HPE\', \'"
3058,{'Output': 'mismatch'},"Max Resolution (HDMI 2.0)‡\': \'[email protected]\', \'Max Resolution (DisplayPort 1.4)‡\': \'[email protected]\', \'description\': \'  \""Intel Core i7 7800K 3.7GHz 6-Core 12-Thread Processor BX80684I787"
3059,{'Output': 'mismatch'},"129.99\', \'description\': \'  \""AMD FX-6300 3.5GHz 6-Core 12-Thread Black Edition\""  \""AMD FX-6300 3.5GHz 6-Core 12-Thread Black Edition\""  \""AMD FX-6300 3.5GHz 6-Core"
3060,{'Output': 'mismatch'},"{""Output"": ""match""}"
3061,{'Output': 'mismatch'},"80GB 2.5\"" 4XB0H30209 128MB 256MB 2.5\"" 180GB 2.5\"" 128MB 256MB 2.5\"" 180GB 2.5\"" 128MB 256MB 2"
3062,{'Output': 'mismatch'},".com/forums/showthread.php?t=1018406199\', \'description\': \'  \""Kingston HyperX Fury HX424C15FWK2/32 - Prijzen \""@NL Tweakers\""@NL', 'Entity_2': '{\'title\': \'Kingston HyperX Fury 8GB 24"
3063,{'Output': 'mismatch'},"\'description\': \'  \""SanDisk 32GB USB 3.0 3.0 3.0 3.0 3.0 3.0 3.0 3.0 3.0 3.0 3.0 3.0 3.0 3.0 3.0 3.0 3"
3064,{'Output': 'match'},"2.0\', \'description\': \'  \""Corsair Vengeance LED CMU64GX4M4C3000C15R - Prijzen \""@NL Tweakers\""@NL\', \'title\': \'Corsair Vengeance LED CMU64GX4M4C3000C15R - Prijzen\', \'subcategory"
3065,{'Output': 'mismatch'},"\'10000 RPM\', \'description\': \'  \""HP 430165003 146GB 10K 2.5 inch Internal Hard Drive\"" HP 430165003 146GB 10K 2.5 inch Internal Hard Drive\""', \'title\': \'HP"
3066,{'Output': 'mismatch'},"': '{\""description\"": \""  \""MATROX G55MDDE32LPDF 32MB Millenium G550 LP PCI-E Video Card with Cable\"" \""TSpire.com. MATROX\"", \""title\"": \""MATROX G55MDDE32LPDF 32MB Millenium G550 LP PCI-E Video"
3067,{'Output': 'mismatch'},"{""Output"": ""mismatch""}"
3068,{'Output': 'mismatch'},"-Failure Warranty\': \'Yes\', \'description\': \'  \""HP 417190-002 72GB 15K 3.5 3G SAS\"" \""Null\""   \""Description:HP 417190-002 72GB 15K 3.5 3G SAS"
3069,{'Output': 'mismatch'},"{""Output"": ""match""}"
3070,{'Output': 'mismatch'},"41941dl320harddrives]\', \'/sku\': \'[dl320g5p349237b21]\', \'/mpn\': \'[349237b21]\', \'brand\': \'HP\', \'category\': \'HP\', \'Manufacturer\': \'DL32"
3071,{'Output': 'mismatch'},"': 'match'} 

{'Entity_1': '{\""brand\"": \""HPE\"", \""category\"": \""StorageWorks\"", \""Category\"": \""Storageworks HDD\"", \""subcategory\"": \""72.8GB 10K Fibre Channel\"", \""Part Number\"": \""359461-001\"", \""description\"": \""  \""35946"
3072,{'Output': 'match'},"{""title"": ""Acer Aspire 5570G Notebook Computer""}"
3073,{'Output': 'match'},"{""Output"": ""match""}"
3074,{'Output': 'match'},"description\': \'  \""Seagate Barracuda 1TB 3.5\"" 7200 RPM SATA 6 Gb/s Internal Hard Drive - Black\""@en  \""Seagate Barracuda 1TB 3.5\"" 7200 RPM SATA 6 Gb/s Internal Hard Drive - Black\""@en  \""Seagate Barrac"
3075,{'Output': 'mismatch'},"Cache Size\': \'6MB\', \'Description\': \'  ""Intel i5 7500 3.4GHz 4-Core 4-Thread Desktop Processor 135W 6MB Cache 3.4GHz 3.8GHz Turbo 135W 6MB Cache 3.4GHz 3.8GHz Turbo 13"
3076,{'Output': 'mismatch'},"': \'wd20efrx\', \'type\': \'Hard Drive\' }', 'Entity_2': '{\""title\"": \""WD Red 2TB WD20EFRX\"", \""category\"": \""Hard Drive\"", \""subcategory\"": \""Hard Drive\"", \""brand\"": \""WD\"", \""sku\"": \""wd20efrx\"", \""type\"": \""Hard Drive\""}', 'Output':"
3077,{'Output': 'mismatch'},"\'Category\': \'HardDrive\', \'subcategory\': \'Hard Drive - 2.5 inch\', \'brand\': \'Western Digital\', \'description\': \'  \""WD 6001FZWX 600GB 2.5 inch 5400RPM SATA 3.0 3.5 inch Hard Drive - Retail \""@en"
3078,{'Output': 'match'},"ategorie\': \'Processors\', \'Merk\': \'Hewlett-Packard\', \'Productserie\': \'Blade\', \'Product\': \'603608-B21 HP Xeon X7560 2.26GHz BL620c G7\', \'Uitvoering\': \'Black\', \'EAN\': \'"
3079,{'Output': 'mismatch'},"\', \'type\': \'Hard Drive\', \'description\': \'  \""430169-002 HP 72-GB 3G 15K 2.5 DP SAS HDD\"", \""Null\"" Price 430169-002 HDD Wholesale 430169-002  \""Description:1"
3080,{'Output': 'match'},"VI\', \'Socket Type\': \'LGA1151\', \'Part Number\': \'BX80662I36100\', \'Products ID\': \'457310\', \'description\': \'  \""BX80662I36100 SCAN UK I3 6100 3.7GHz"
3081,{'Output': 'match'},"Series 120GB SSD MZ-750120BW Price in India\', \'subcategory\': \'\', \'type\': \'Hard Drive\', \'sku\': \'ssdmz750120bw\' }', 'Entity_2': '{\'title\': \'Samsung 120GB SSD 750 EVO Series S"
3082,{'Output': 'mismatch'},"': \'249675001\', \'description\': \'  ""HP 249675001 200 MHz 256 MB 1x1600000000000000000000000000000000000"
3083,{'Output': 'match'},"10021]\', \'brand\': \'HP\', \'category\': \'HP G8 G9\', \'Category\': \'HardDrive\', \'Sub-Category\': \'7.2K\', \'Generation\': \'SATA\', \'Part Number\': \'454141-0021-5Pack\', \'Products ID\': \'"
3084,{'Output': 'mismatch'},"ketpost (vanaf € 100,-)\': \'€ 0,-\', \'description\': \'  \""WD 1TB Purple 3.5 inch Internal Hard Drive\""@en-US \""Hard Drive - Page 1000000000000000000000000000000"
3085,{'Output': 'mismatch'},"\'brand\': \'Zotac\', \'description\': \'  \""Zotac 1080 Ti 1080p 4GB GDDR5 1080 Ti 1080p 4GB GDDR5 1080 Ti 1080p 4GB GDDR5 1080 Ti"
3086,{'Output': 'mismatch'},"Hard DriveIn HPE Drive tray (as pictured)For G1-G7 Proliant SAS Server\' }', 'Entity_2': '{\""title\"": \""432094-B21 HP 146-GB 15K 3.5 SP SAS HDD\"", \""category\"": \""New 432094-B21 HDD Wholesale Price"
3087,{'Output': 'mismatch'},"\'€ 5,95\', \'description\': \'  \""Gigabyte BRIX GB-BXBT-2807\"" \""Null\""   \""Description:Gigabyte BRIX GB-BXBT-2807 2.4GHz 1024MB 120GB 256MB 256MB 25"
3088,{'Output': 'mismatch'},"SATA Hard Drive 3.5\"" 146GB 15K RPM 3.5\"" 146GB 15K RPM 3.5\"" 146GB 15K RPM 3.5\"" 146GB 15K RPM 3.5\"" 146GB 15K RPM 3"
3089,{'Output': 'mismatch'},"{""mpn"": ""[430169002]""}"
3090,{'Output': 'mismatch'},"33MHz Dual Channel Kit (HX421C14FB2K2/16\"") ""Kingston Fury Black 16GB (2x8GB) DDR4 PC4-17000C14 2133MHz Dual Channel Kit (HX421C14FB2K2/16)""}', 'Output':"
3091,{'Output': 'match'},\'type\': \'Hard Drive 3.5 inch Internal SATA 600 Mbps 5400RPM 1TB 64MB Cache 100000000000000000000000000000000000000000000
3092,{'Output': 'mismatch'},"\': \'€ 0,50\', \'description\': \'  \""Samsung 750 EVO 500GB - Prijzen \""@NL Tweakers\""@NL', \'title\': \'Samsung 750 EVO 500GB - Prijzen \""@NL Tweakers\""@NL\', \'subcategory\': \'SSD"
3093,{'Output': 'mismatch'},"00K 3.9GHz Dual-Core Processor\', \'category\': \'Processors\', \'subcategory\': \'AMD Processors\', \'brand\': \'AMD\', \'sku\': \'AD640KOKHLBOX\', \'type\': \'Processor\', \'description\': \'  \""AMD - A6-6400K 3.9GHz Dual"
3094,{'Output': 'mismatch'},"\': \'Intel\', \'sku\': \'BX80662I56600\', \'type\': \'Add-In Processors (CPUs)\', \'description\': \'  ""6th Generation Intel® Core™ i5 6600 3.3GHz Socket LGA1151 (Skylake) Processor - Retail"" Memory"
3095,{'Output': 'mismatch'},Tower Case 215mm x 425mm x 464mm 8.2kg Black 2.5 3.5 3.5 3.5 3.5 3.5 3.5 3.5 3.5 3.5 3.5 3.5 3.5 3.
3096,{'Output': 'mismatch'},"MB\', \'description\': \'  \""ST1000DM003-2Pack Seagate 1-TB 3.5 SATA HDD\"", \""Null\"" \""New ST1000DM003-2Pack HDD Wholesale Price ST1000DM003-2Pack\""  \""', \'title\': \'ST1000"
3097,{'Output': 'mismatch'},HP 589073-B21 2.26GHz 8-Core Intel Xeon Processor G7 24MB L3 Cache 130W 6.40GT/s QPI 2MB L2 Cache 45nm Socket LGA-1567 130W 2.26GHz 8-Core Intel
3098,{'Output': 'mismatch'},"\'4.0 GHz\', \'Core Count\': \'4\', \'Cores\': \'4\', \'Description\': \'  \""AMD FX-8320 4.0 GHz 4-Core Processor 32 nm Technology\"" \""AMD FX-8320 4.0 GHz 4-Core Processor 32 nm Technology\"" \""AMD FX-83"
3099,{'Output': 'mismatch'},"\'\', \'brand\': \'Sandisk\', \'sku\': \'SDHC16G CGF 16GB SDHC Secure Digital Class 6\', \'type\': \'\', \'description\': \'  \""Sandisk SDHC16G CGF 16GB SDHC Secure Digital Class 6\""  \""Sandisk SDHC16G CG"
3100,{'Output': 'mismatch'},"\'€ 0,-\', \'description\': \'  \""Kingston HyperX Fury black 16GB 2400MHz Memory Kit 2 x 8GB 2400MHz (HX421C14FB2K2/16)\""@en 16GB 2400MHz Memory Kit 2 x 8GB"
3101,{'Output': 'mismatch'},"\'description\': \'  \""Intel 76700K 128GB 2.5\"" 3.5\"" 128GB 2.5\"" 3.5\"" 128GB 2.5\"" 3.5\"" 128GB 2.5\"" 3.5\"" 128GB"
3102,{'Output': 'mismatch'},"3000 RPM Hard Drive - 3TB SATA 3.0\"" \""Western Digital - WD 3000 RPM Hard Drive 3TB CDW.com \""Get the sp\', \'title\': \'Western Digital WD30EFRX - 3TB Hard Drive 3000 RPM SATA 3.0\', \'subcategory\': \'CDW.com"
3103,{'Output': 'mismatch'},"21284]\', \'category\': \'Hard Drive\', \'Categorie\': \'Hard Disks\', \'Merk\': \'Seagate\', \'Product\': \'Seagate Barracuda 7200.10 1TB 3.5 inch SATA III 6Gb/s Hard Drive\', \'Uitvoering\': \'Seagate Barr"
3104,{'Output': 'mismatch'},"prijs\': \'€ 51,14\', \'description\': \'  \""CO-9050004-WW Corsair AF120 Performance Edition Twin Pack\"" \""Null\""   \""Description: Corsair AF120 Performance Edition Twin Pack 120mm 2-Pack 120mm 2-Pak 120"
3105,{'Output': 'mismatch'},"€ 0,-\', \'description\': \'  \""AMD FX-8350 Black Edition 8-Core 3200 MHz 125W 95% 100% 100% 100% 100% 100% 100% 100% 100%"
3106,{'Output': 'mismatch'},"6fawjb\', \'type\': \'Hard Drive - Hot-Swap\'}', 'Entity_2': '{\'title\': \'HP 146GB 15K 2.5\"" SAS 6Gb/s Dual Port Hot Swap Hard Drive EH0146FAWJB\', \'category\': \'Null\', \'subcategory\': \'Description:1"
3107,{'Output': 'mismatch'},"]\', \'brand\': \'Hewlett-Packard\', \'category\': \'Blade\', \'Category\': \'Proliant Server\', \'Sub-Category\': \'BL40\', \'Part Number\': \'409159-B21\', \'Products ID\': \'6185\', \'Form Factor:\': \'Blade\', \'Processor"
3108,{'Output': 'mismatch'},"\', \'description\': \'  \""Intel Xeon 2.00GHz 417772-B21 Dual-Core Processor Kit \""@en  \""', \'title\': \'Intel Xeon 2.00GHz 417772-B21 Dual-Core Processor Kit\', \'subcategory\': \'Intel Xeon G3 Series\', \'type"
3109,{'Output': 'mismatch'},"€ 632,-\', \'description\': \'  \""AMD Ryzen Threadripper 1900x 3.5GHz 16-Core 32-Thread 125W 125W 125W 125W 125W 125W 125W 125W 1"
3110,{'Output': 'mismatch'},"{""Output"": ""match""}"
3111,{'Output': 'mismatch'},"type\': \'\', \'price\': \'0.000000000000001\' }', 'Entity_2': '{\""title\"": \""HP 449363-B21 SC40Ge 300MB/s 2.5GB/s 12GB/s 3Gbps SAS/1"
3112,{'Output': 'mismatch'},"{""Output"": ""match""}"
3113,{'Output': 'mismatch'},"397409-B21, 1GB FBD PC2-5300 2X512 KIT\""  \""Null\"" \""1GB FBD PC2-5300 2X512 KIT\""  \""Description:1GB FBD PC2-5300 2X512 KIT"
3114,{'Output': 'mismatch'},"\', \'description\': \'  ""658071-B21 5 Pack 7.2K SATA SC Hot-Swap Hard Drive 3.5"" 300GB 10K RPM 3.5"" 300GB 10K RPM 3.5"" 300GB 100MB/s 3"
3115,{'Output': 'match'},"description\': \'  \""Seagate Barracuda 3.5 inch 1TB 7200RPM SATA Hard Drive\""@en  \""Seagate Barracuda 3.5 inch 1TB 7200RPM SATA Hard Drive\""@it  \""Seagate Barracuda 3.5 inch 1TB 7200"
3116,{'Output': 'mismatch'},"\'brand\': \'AMD\', \'sku\': \'yd1500xbbaebox\', \'type\': \'Ryzen 5 1500X (4C/8T, 3,6/3,7GHz, 2MB L2, 16MB L3 cache, 65W, AM4, 14"
3117,{'Output': 'mismatch'},"liant HardDrive\', \'Sub-Category\': \'Solid State Drive\', \'Generation\': \'SATA SSD\', \'Part Number\': \'653078-B21\', \'Products ID\': \'463909\', \'Type\': \'Solid State Drive\', \'Large Form Factor\': \'3.5 inches\', \'Capacity\': \'"
3118,{'Output': 'mismatch'},"1]\', \'brand\': \'HP\', \'category\': \'Printer/Scanner\', \'subcategory\': \'Accessories\', \'description\': \'  \""HP 432094-b21 1000 Page Black Ink Cartridge\""@en\', \'title\': \'HP 432094-b21 1000"
3119,{'Output': 'mismatch'},"2 500GB 7.2K 3.5 SATA Hard Drive - 10 Pack@en-GB\', \'title\': \'HP 500GB 7.2K 3.5 SATA Hard Drive - 10 Pack | 45414100210pack\', \'subcategory\': \'\' , \'sku"
3120,{'Output': 'mismatch'},"Black, Blue, White\', \'description\': \'  \""Co9050004ww Corsair 120mm 25mm 1650 RPM 30 dBA 63.47 CFM 1.1 mm/H2O\"" \""Null\""   \""Description:120mm 25mm 165"
3121,{'Output': 'match'},"mpn\': \'[90yv06p0m0na00,  gt730sl2gd3brk]\', \'/gtin13\': \'[ 4716659808909, 5054629479926,  50544"
3122,{'Output': 'mismatch'},"{""Output"": ""mismatch""}"
3123,{'Output': 'mismatch'},"{""Answer"": ""match""}"
3124,{'Output': 'mismatch'},"{""match"": ""match""}"
3125,{'Output': 'mismatch'},"8gb]\', \'/gtin13\': \'[843591057059]\', \'category\': \'Usb-sticks\', \'Categorie\': \'Usb-sticks\', \'Merk\': \'Corsair\', \'Productserie\': \'Flash Voyager\', \'Product\': \'Corsair Flash Voyager Slider X2"
3126,{'Output': 'mismatch'},"\'512743-001\', \'type\': \'Hard Drive - Hot-Swap\'}'} -> match}

{'Entity_1': '{\""brand\"": \""Intel\"", \""category\"": \""Processors\"", \""description\"": \""  \""Intel Processor, Core i7-6800K 3.4GHz 15MB 140W"
3127,{'Output': 'mismatch'},080 8GB Founders Edition 256-bit 1228 MHz 3520 MHz 1228 MHz 3520 MHz 1228 MHz 3520 MHz 1228 MHz 3520 MHz 1228 MHz 3520 MHz 1228 MHz
3128,{'Output': 'mismatch'},"for $169.80.\', \'sku\': \'amdyd1400bbaebox\', \'type\': \'AMD Ryzen 5 1400 3.2g 8mb 65w With Wraith Stealth Cooler for $169.80.\'}', 'Entity_2': '{\'title\': \'"
3129,{'Output': 'mismatch'},"{""Output"": ""match""}"
3130,{'Output': 'match'},\'Products ID\': \'10000000000000000000000000000000000000000000000000000000000000000000000000
3131,{'Output': 'match'},"GB\', \'description\': \'  \""Corsair Vengeance White LED 16GB DDR4 2400 Memory Kit 2x 8GB\""@en 8GB LN73398 - CMK16GX4M2A2400C16\', \'title\': \'Corsair Vengeance White LED 16GB DDR"
3132,{'Output': 'mismatch'},"{""title"": ""Corsair 32GB Flash Voyager GO Drive (CMFVG-32GB-EU)""}"
3133,{'Output': 'mismatch'},3.20GHz - 4C - 8MB Cache - 65W - 1366/1920 - 1333/1600 - 32nm - 1366/1920 - 1333/1600 - 32nm - 1366
3134,{'Output': 'mismatch'},"€ 0,-\', \'description\': \'  \""Corsair Carbide 100R 1000mm 240mm 240mm 240mm 240mm 240mm 240mm 240mm 240mm 240mm 240mm 24"
3135,{'Output': 'match'},"HC"" 16GB 100MB/s 100MB/s 100MB/s 100MB/s 100MB/s 100MB/s 100MB/s 100MB/s 100MB/s 100MB/s 100MB/s 100MB/s 1"
3136,{'Output': 'mismatch'},"cs\': \'1\', \'description\': \'  ""Asus Prime Z270M-Plus"", ""Asus Prime Z270M-Plus"", ""Asus Prime Z270M-Plus"" Asus Prime Z270M-Plus  ""Asus Prime Z270M-Plus""  ""Asus Prime Z270M"
3137,{'Output': 'mismatch'},1000 100000000000000000000000000000000000000000000000000000000000000000000000000
3138,{'Output': 'mismatch'},"{""Output"": ""match""}"
3139,{'Output': 'mismatch'},",-\': \'€ 0,-\', \'Pakketpost (vanaf € 36,24)\': \'€ 0,-\', \'Pakketpost PostNL (vanaf € 49,95)\': \'€ 0,-\', \'iDEAL\': \'€ 0,-\', \'Pakketpost Nederland (vanaf €"
3140,{'Output': 'mismatch'},6GB 2400MHz DDR4 2400MHz 2400 MHz 2400 MHz 2400 MHz 2400 MHz 2400 MHz 2400 MHz 2400 MHz 2400 MHz 2400 MHz 2400 MHz 240
3141,{'Output': 'mismatch'},"NL Tweakers""@NL\', \'category\': \'\', \'subcategory\': \'\', \'brand\': \'Intel\', \'sku\': \'Core i7-7700\', \'type\': \'Processor\', \'description\': \'  \""Intel Core i7-7700 Boxed - Prijzen \""@NL Tweakers\""@NL\'}"
3142,{'Output': 'mismatch'},"017358582787066]\', \'brand\': \'Intel\', \'category\': \'Processors\', \'description\': \'  \""Intel Core i3 4150 3.5GHz 4MB 125W\""@en 125W (BX80646I341"
3143,{'Output': 'mismatch'},"{""Output"": ""match""}"
3144,{'Output': 'match'},"\': \'€ 3,95\', \'description\': \'  \""Sandisk Ultra SDHC Class 10 UHS-I 80MB/s\""@en  \""Sandisk Ultra SDXC Class 10 UHS-I 80MB/s 64GB\""@en  \""SDSDUNC-064G-GN6IN\""@en"
3145,{'Output': 'mismatch'},"Laptop Memory Module"" PC3-12800 (1600) 204-Pin 1.35V Non-ECC Unbuffered CAS 11 1x8GB Server Memory Module (CT102464BF160B) 1.35V 1600MT/s 204-P"
3146,{'Output': 'match'},"Boost)\', \'Cores\': \'12\', \'Cache\': \'32 MB L2 32MB L3\', \'description\': \'  \""AMD Ryzen 7 1700E Processor - 8 Core\""@en  \""AMD Ryzen 7 1700E Processor - 8 Core\""@en  \""AMD Ryzen 7"
3147,{'Output': 'mismatch'},"{""Output"": ""mismatch""}"
3148,{'Output': 'mismatch'},"\' }', 'Entity_2': '{\'title\': \'ST3500630NS Seagate 500-GB 7.2K 3.5 3G SATA\', \'category\': \'Null\', \'subcategory\': \'Description:2 x Seagate Barracuda 500GB Hot-Plug Serial ATA (SATA)"
3149,{'Output': 'mismatch'},"\': \'Tablet Cases & Covers\'}', 'Entity_2': '{\'title\': \'Apple Smart screen cover for tablet\', \'category\': \'\', \'subcategory\': \'\', \'brand\': \'Apple\', \'sku\': \'MQ092ZM/A\', \'type\': \'Tablet Cases & Covers\', \'description\': \'"
3150,{'Output': 'mismatch'},6GHz 12MB Cache 125W 4.0GHz Turbo 125W 125W 125W 125W 125W 125W 125W 125W 125W 125W 125W 125W 1
3151,{'Output': 'mismatch'},"\': \'  \""HP 512 MB DDR2 SDRAM Memory Module - 512 MB (1 x 512 MB) 400 MHz DDR2-400 PC2-3200 Unbuffered DIMM\""@en\', \'title\': \'HP 512 MB DDR2 SDRAM Memory Module - 51"
3152,{'Output': 'match'},"4.7 x 2.0 cm)\', \'description\': \'  \""Seagate Barracuda 1TB 3.5-inch 7200 RPM SATA 6 Gb/s Hard Drive\""   \""Description:Seagate Barracuda 1TB 3.5-inch 7200 RPM SATA 6 Gb/s Hard Drive\""   \"""
3153,{'Output': 'mismatch'},"K 3.5 SATA 10 Pack\', \'subcategory\': \'10Pack\', \'sku\': [\'st31000524ns10pack\', \'st31000524ns10pack\'], \'type\': \'Hard Drive\'', \'price\': \'""USD"", ""$149.99"
3154,{'Output': 'mismatch'},"'Entity_2': '{\'title\': \'249675-001 HP 512MB DDR 200MHz Memory Kit for Servers\', \'category\': \'Null\', \'subcategory\': \'Description: HP Proliant Memory 249675-001 256MB 200MHz\', \'"
3155,{'Output': 'mismatch'},"12,10\', \'iDeal\': \'€ 0,-\', \'Totaal\': \'€ 1.165,90\', \'Pakketpost DPD\': \'€ 3,95\', \'Pakketpost tot € 99,-\': \'€ 3,95\', \'iDeal (vanaf"
3156,{'Output': 'mismatch'},"', 'Entity_2': '{\""title\"": \""301044-B21 HP 2GB 266MHz SDRAM Module\"", \""category\"": \""Memory\"", \""subcategory\"": \""Description:2 x StorageWorks 300GB 10K Fibre Channel 40 pin 2GB/s HotSwap FCAL Hard Drive Part Number(s) Option"
3157,{'Output': 'mismatch'},"120GB 1.5G SATA 5.4K 2.5-inch SFF Hot-Plug Hard Drive In tray (as pictured)For G1-G7 Proliant ServersGenuine serial number and firm\'}'} -> match'}

{'Entity_1': '{\""brand\"": \""Samsung\"", \""category\"": \""HardDrive\"", \""description\"": \""  \""Samsung"
3158,{'Output': 'mismatch'},"3\', \'Spindle Speed\': \'7200RPM\', \'Average Seek Time\': \'8.5ms\', \'Ports\': \'Dual Port\', \'description\': \'  \""454141-002 HP 500-GB 7.2K 3.5 DP SATA\"", \""Null\"" \""New 45"
3159,{'Output': 'match'},"eon E5-2609v2 2.5GHz DL360p G8\', \'category\': \'New\', \'subcategory\': \'712741-B21 G8\', \'brand\': \'HP\', \'sku\': \'507825b21\', \'type\': \'Intel Xeon E5-"
3160,{'Output': 'mismatch'},"sku\': \'[1234567890]\', \'brand\': \'Dell\', \'category\': \'Network_Adapters\', \'description\': \'  ""Dell 1234567890 10/100/1000Base-T Network Adapter"", ""Null"" Price 1234"
3161,{'Output': 'mismatch'},"{""Output"": ""match""}"
3162,{'Output': 'mismatch'},"4,95\', \'Pakketpost tot € 100,-\': \'€ 5,95\', \'Pakketpost tot € 1000,-\': \'€ 5,95\', \'Pakketpost tot € 100,-\': \'€ 4,95\', \'Pakketpost tot €"
3163,{'Output': 'mismatch'},"': \'WD10EZEX 1TB 3.5"" SATA3 7200RPM 16MB 6GB/S - Inusnet.com\', \'sku\': [\'wd10ezex\'], \'type\': \'3.5"" Internal Hard Drive 1.0TB 7200RPM 6GB/s"
3164,{'Output': 'mismatch'},"', 'Entity_2': '{\'title\': \'325134-001 HP Proliant DL580R G2 (2P) Xeon 2.8GHz 2M\', \'category\': \'\', \'subcategory\': \'\', \'brand\': \'Hewlett-Packard\', \'sku\': \'32"
3165,{'Output': 'mismatch'},"Crucial 8GB PC4-17000 288-pin DDR4 SDRAM UDIMM"" ""Crucial 8GB PC4-17000 288-pin DDR4 SDRAM UDIMM  ""More specif\'', \'price\': \'""$149.99""\'', \'category\"
3166,{'Output': 'mismatch'},"2650L 1.8GHz BL460c G8\', \'subcategory\': \'New 662078-B21 G8 Wholesale Price 66\', \'sku\': \'662078b21\', \'type\': \'Processor\'', 'Entity_2': '{\'title\': \'6620"
3167,{'Output': 'mismatch'},"€ 99,-)\': \'€ 5,95\', \'description\': \'  \""Matrox G550 LP PCIe 128 MB\""@en  \""Matrox G550 LP PCIe 128 MB\""@en  \""Matrox G550 LP PCIe 128 MB\""@en  \""Matrox G5"
3168,{'Output': 'mismatch'},"50746]\', \'category\': \'Accessoires\', \'Categorie\': \'Accessoires\', \'Merk\': \'Dell\', \'Product\': \'Dell 1906 1906 1906 1906 1906 1906 1906 19"
3169,{'Output': 'mismatch'},"{""Output"": ""match""}"
3170,{'Output': 'mismatch'},"[\'601248b21\']}', 'Entity_2': '{\""title\"": \""Intel Core i7-3770K 3.50GHz (Ivybridge) Socket LGA1155 Processor (77W) - Retail\"", \""category\"": \""Computer Components\"", \""subcategory\"": \""Processors\"", \""brand\"": \""Intel"
3171,{'Output': 'mismatch'},"000dm0011]\', \'category\': \'SATA\', \'Category\': \'Seagate HardDrive\', \'Sub-Category\': \'7.2K\', \'Generation\': \'SATA\', \'Part Number\': \'ST3000DM0011\', \'Products ID\': \'1470831\', \'"
3172,{'Output': 'mismatch'},"af 1 kg\': \'€ 2,95\', \'Pakketpost vanaf 30 kg\': \'€ 4,95\', \'Pakketpost vanaf 10 kg\': \'€ 2,95\', \'Pakketpost vanaf 30 kg\': \'€ 4,95\', \'Pak"
3173,{'Output': 'mismatch'},".19ms\', \'description\': \'  ""ST3500630NS 500GB 7200rpm 32Mb SATA 6Gb/s* 3.5 inch Internal Hard Drive"", ""Null"" ""ST3500630NS 500GB 7200rpm 32Mb SATA"
3174,{'Output': 'mismatch'},"TRA2 SCSI CTRL 64MB\', \'subcategory\': \'2CH PCI ULTRA2 SCSI CTRL 64MB\', \'brand\': \'HP\', \'sku\': [\'295643b21\'], \'type\': \'Controller\'}'} -> match

{'Entity_1': '{\""brand\"": \""Samsung\"", \""category\"": \""Hard"
3175,{'Output': 'mismatch'},"{""Output"": ""match""}"
3176,{'Output': 'mismatch'},"': \'1 x USB 2.0 1 x USB 2.0 1 x RJ45 1 x DC-In 1 x Kensington\', \'description\': \'  \""GBCACE3150 HP 100 x 105 mm Intel Celeron N3150 2.08GHz 4GB 100"
3177,{'Output': 'mismatch'},"{""name"": ""ST3750330NS 5 Pack""}"
3178,{'Output': 'mismatch'},"Gbps, 2.5\"" 3.5mm\', \'capacity\': \'250GB\', \'form factor\': \'2.5 inches x 1/3H (Internal)\' }', 'Entity_2': '{\""title\"": \""Samsung 250GB 850 EVO M.2 2280 SATA 3."
3179,{'Output': 'mismatch'},"\': \'417190-002 HP 72-GB 15K 3.5 DP SAS\', \'subcategory\': \'15K 3.5-inch SAS Hard Drive In HPE Hot-Plug\', \'sku\': [\'417190-002 5Pack\', \'417190"
3180,{'Output': 'match'},AM3+ 8-Core 16-Thread 159.99 Euro 159.99 Euro 159.99 Euro 159.99 Euro 159.99 Euro 159.99 Euro 159.99 Euro 159.99 Euro 159.
3181,{'Output': 'mismatch'},"{""mpn"": ""gvn1060ixoc6gd""}"
3182,{'Output': 'mismatch'},"0K FC-AL\', \'category\': \'StorageWorks\', \'subcategory\': \'10K Fibre Channel\', \'brand\': \'HPE\', \'sku\': \'bd1465822c\', \'type\': \'Hard Drive\', \'description\': \'  \""BD1465822C HP 146.8"
3183,{'Output': 'mismatch'},"\'€ 0,-\', \'Opsturen vanaf €25,-\': \'€ 0,-\', \'Opsturen vanaf €99,-\': \'€ 3,95\', \'Opsturen vanaf € 50,-\': \'€ 0,-\', \'Opsturen vanaf € 25,-\': \'€ 0"
3184,{'Output': 'mismatch'},"64430b21\', \'type\': \'StorageWorks Enclosure\'}', 'Entity_2': '{\""title\"": \""364430-B21 HP MSA50 10-Bay 1U Enclosure\"", \""category\"": \""Enclosure\"", \""subcategory\"": \""HP MSA50\"", \""brand\"": \""HP\"", \"""
3185,{'Output': 'mismatch'},"00U 16GB 1TB HDD 10000RPM 256GB SSD 19.9"" - 1.84"" x 4.43"" x 4.7"" - 2.25kg - Black\""@en', 'name': 'Gigabyte BRIX GB-BKi7HA-7"
3186,{'Output': 'mismatch'},"C15FWRK2/64)\', \'category\': \'Memory\', \'subcategory\': \'Memory\', \'brand\': \'Kingston\', \'sku\': \'HX424C15FWRK2/64\', \'description\': \'  \""Kingston Fury Black 64GB (4x16GB) DDR4 PC4"
3187,{'Output': 'mismatch'},"title\': \'  * SEAGATE BARRACUDA ES.2 ST3750330NS 750GB 3.5\"" HDD HARD DRIVE #2 Inc.\', \'subcategory\': \'BID WITH CONFIDENCE WITH OUR MONEY BACK GUARANTEE!!!!! CALL US TODAY: 828-289-5082"
3188,{'Output': 'mismatch'},AL 3.5 HDD 10K 36.4GB 2.5 DP 10000RPM 40Pins 2.5 DP 10000RPM 40Pins 2.5 DP 10000RPM 40Pins 2.5 DP 1000
3189,{'Output': 'mismatch'},"HardDrive\', \'description\': \'  \""HP 512743001 2.5\"" 1.8\"" 3.5\"" 500GB 7200RPM SATA Hard Drive 500GB 7200RPM 3.5\"" 500GB 7200RPM"
3190,{'Output': 'mismatch'},"HP 146GB 3G 10K 2.5 DP SAS Hard Drive 10-Pack - 146GB\', \'subcategory\': \'Hard Drive\', \'sku\': \'hp43016500310pack\', \'type\': \'Hard Drive\'}', 'Entity_2': '{\""title\"": \""HP"
3191,{'Output': 'mismatch'},"type\': \'Hard Drive\'}', 'Entity_2': '{\'title\': \'Western Digital WD6002FRYZ 6TB 3.5 inch Internal Hard Drive - SATA III 6Gb/s - Red - 6TB - WD6002FRYZ\', \'category\': \'Hard Drives\', \'brand\': \'Western Digital\', \'"
3192,{'Output': 'mismatch'},"\'brand\': \'HP\', \'category\': \'Null\', \'Category\': \'Proliant\', \'Sub-Category\': \'TapeDrive\', \'Generation\': \'110/220GB\', \'Part Number\': \'495916-B21\', \'Products ID\': \'12981\', \'Tape Type"
3193,{'Output': 'mismatch'},"Category\': \'Hard Drives\', \'description\': \'  \""Seagate 2TB 3.5\"" SATA III 6Gb/s Internal Hard Drive\""@en Computer \', \'title\': \""Seagate 2TB 3.5\"" SATA III 6Gb/s Internal Hard Drive\"", \'type\': \'Hard Drive\', \'sku\': \'st2"
3194,{'Output': 'mismatch'},"description\': \'  \""647897-B21 HP Proliant Low Power kit - 8 GB - D\"" \""Null\"" Price 647897-B21\"" \""New 647897-B21 Memory Kit Whole\', \'title\': \'647897-B21 HP Proliant Low Power"
3195,{'Output': 'mismatch'},"Entity_2': '{\""title\"": \""TP-Link TL-SG1016 16-Port Unmanaged Gigabit Rackmount Switch\"", \""category\"": \""\"", \""subcategory\"": \""\"", \""brand\"": \""TP-Link\"", \""sku\"": \""tlsg1016\"", \""type\"": \""Switch\"", \""description\"": \""  \""TP-Link TL-SG1"
3196,{'Output': 'match'},"GA1151 (Kaby Lake) Processor - Retail \', \'subcategory\': \'\', \'sku\': \'BX80677I77700\', \'type\': \'CPU\' }', 'Entity_2': '{\'title\': \'Intel 7th Gen Core i7 7700 3.6GHz Kaby"
3197,{'Output': 'mismatch'},"Memory Module\'', 'Entity_2': '{\""title\"": \""408851-B21 HP 2GB (2x1GB) PC2-5300 SDRAM Kit - Prijzen @Tweakers\"", \""category\"": \""Computer Components\"", \""subcategory\"": \""Memory & Storage\"", \""brand\"": \""HP\"", \""sku\"": \""408"
3198,{'Output': 'mismatch'},"0,-\', \'Pakketpost (vanaf € 20,-)\': \'€ 0,-\', \'description\': \'  \""HP Intel Xeon E5-2603 1.8 GHz\"" \""HP Intel Xeon E5-2603 1.8 GHz  \""The HP Intel Xeon E5-2603"
3199,{'Output': 'mismatch'},"{""Output"": ""match""}"
3200,{'Output': 'mismatch'},"\'120MB/s\', \'price\': \""USD\"", \'description\': \'  \""456896-001 HP 400-GB 10K 3.5 120MB/s SAS HDD\"" \""HP 456896-001 HDD Part# -456896-0"
3201,{'Output': 'mismatch'},"\""$2,031.97 USD\""', \'description\': \'  \""ST2000NM0011-10Pack\"" \""Null\""   \""Description:10 x 2TB 7.2K 3.5 SATA Hard Drive In HPE Drive tray (as pictured)For G1-G7 Proliant SAS Server\"", \"""
3202,{'Output': 'mismatch'},"\', \'description\': \'  \""HP ProLiant ML350 G6 492131-B21 2.13GHz 4-Core 4MB L3 Cache 45nm 800MHz 64-Bit Intel Xeon Processor Board\""@en 492131-B21 | HP\', \'title"
3203,{'Output': 'match'},"237-B21\', \'Capacity\': \'250GB\', \'description\': \'  \""HP 349237-B21 250GB 7.2K 3.5\"" Hard Drive\""@en \""HP 349237-B21 250GB 7.2K 3."
3204,{'Output': 'mismatch'},"GB) PC3-10600 UDIMM 1333MHz Unbuffered ECC DIMM for HP Proliant Servers"", ""Null""  \', \'title\': \'500668-B21 HP 1GB (1x1GB) PC3-10600 UDIMM\', \'sku\': \'5"
3205,{'Output': 'mismatch'},"{""Output"": ""match""}"
3206,{'Output': 'match'},"\'DDR3\', \'brand\': \'Corsair\', \'sku\': \'cmz8gx3m2a1866c9\', \'type\': \'RAM\', \'description\': \'  \""Corsair Vengeance - DDR3 8 GB : 2 x 4 DIMM 240-pin\"" "" Corsair 240-pin CMZ"
3207,{'Output': 'mismatch'},"\""417190-002 HP 15K 72GB 3.5\"" 15000RPM 3.5mm 3.5mm 3.5mm 3.5mm 3.5mm 3.5mm 3.5mm 3.5mm 3.5mm"
3208,{'Output': 'mismatch'},"{""price"": ""$12.99""}"
3209,{'Output': 'mismatch'},"'mismatch'} 

{'Entity_1': '{\""brand\"": \""Samsung\"", \""category\"": \""Hard Drives\"", \""subcategory\"": \""Hard Drives\"", \""description\"": \""  \""Samsung 2TB 3.5-Inch Hard Drive 7200RPM SATA 6Gb/s 64MB Cache Internal Bare Drive (7330)\""@en"
3210,{'Output': 'mismatch'},"\'€ 4,95\', \'description\': \'  \""WD Green 120GB 2.5\"" SATA 6Gbps SSD - WDS120G1G0A\"" ""WD Green 120GB 2.5\"" SATA 6Gbps SSD - WDS120G1G0A""  ""WD Green"
3211,{'Output': 'mismatch'},"DL380 G7\""@en 16GB LN73385 - 587507-B21 - HP Xeon L5640 2.26GHz DL380 G7 12MB 60W 6-Core 2.26GHz 12MB 60W 6-Core"
3212,{'Output': 'mismatch'},"70780001\', \'type\': \'PC2700 ECC\', \'description\': \'  \""370780-001 HP 512MB DDR RAM PC2700\"" ""Null""  ""370780-001\\\'s detail page - \""HP GENUINE (not"
3213,{'Output': 'mismatch'},"\'title\': \'Intel - Core i7-7800X 3.5GHz 6-Core Processor (BX80673I77800X)\', \'subcategory\': \'New Intel - Core i7-7800X 3.5GHz 6-Core Processor (BX80673I77800"
3214,{'Output': 'mismatch'},"\': \'Computers\', \'description\': \'  \""HP 432094B21 1000000000000000000000000000000000000000000000000000000"
3215,{'Output': 'mismatch'},"FF\', \'subcategory\': \'500GB 6G SATA 7.2K rpm LFF\', \'sku\': \'658071b21sc\', \'type\': \'Hard Drive - Hot-Swap - Gen8 6G SATA 7.2K rpm 500GB 22-Position SATA Plug\' }', '"
3216,{'Output': 'mismatch'},"\'HP\', \'description\': \'  \""HP 507825B21 2.4GHz 2MB 1333MHz 1.35V 1.35V 1.35V 1.35V 1.35V 1.35V 1.35V 1."
3217,{'Output': 'mismatch'},"21\'], \'type\': \'Hard Drive\', \'description\': \'  ""349237-B21 HP 80-GB 1.5G 7.2K 3.5 SATA HDD"" ""DL320 G3 349237-B21 HDD Part# DL320 G3-34"
3218,{'Output': 'mismatch'},"3 HP 146-GB 3G 10K 2.5 DP SAS 2 Pack\', \'category\': \'\', \'subcategory\': \'\', \'brand\': \'HP\', \'sku\': \'430169-003\', \'type\': \'2.5-inch Serial Attached SCSI (SAS) SFF"
3219,{'Output': 'mismatch'},"0,-\': \'€ 0,-\', \'Pakketpost > € 100,-\': \'€ 0,-\', \'Pakketpost > € 100,- (niet geldig)\': \'€ 0,-\', \'Pakketpost > € 100,- (niet geldig)\': \'€ 0,-\',"
3220,{'Output': 'mismatch'},"ucial 8GB 1x8GB DDR4 2133MHz 1.2V Memory Kit CT8G4DFS8213\', \'category\': \'Memory\', \'subcategory\': \'DDR4\', \'brand\': \'Crucial\', \'sku\': \'CT8G4DFS8213\', \'type\': \'RAM"
3221,{'Output': 'mismatch'},"21 HP 120-GB 5.4K 2.5 SATA\', \'category\': \'Null\', \'subcategory\': \'New 394793-B21 SATA 10 Pack Wholesale Price 394793-B21-10Pack\', \'brand\': \'HPE\', \'sku\': [\'3"
3222,{'Output': 'mismatch'},"', \'Categorie\': \'Hard Disks\', \'Merk\': \'SanDisk\', \'Productserie\': \'Extreme\', \'Product\': \'SanDisk Extreme 16GB USB 3.0 Flash Drive - Black (SDSDB016GB35)\', \'Uitvoering\': \'SanDisk Extreme 16GB USB 3."
3223,{'Output': 'mismatch'},"\', \'Maximum HDD Size\': \'3.5\"" 300mm\', \'description\': \'  \""Corsair Carbide 100R 200mm x 471mm x 430mm 5.2kg Black Mid Tower Case with 4 2.5\"" 4 3.5\"" Drive Bays 7"
3224,{'Output': 'mismatch'},"Entity_1': '{\""brand\"": \""Samsung\"", \""category\"": \""Hard Drive\"", \""description\"": \""  \""Samsung 320GB 3.5\"" Internal Hard Drive 7200RPM 320GB 7200RPM 3.5\""@en\"", \""title\"": \""Samsung 320GB 3.5\"""
3225,{'Output': 'mismatch'},"ijdelijk een hogere snelheid bereikt, uitgedrukt in MHz of GHz (=1000MHz). \': \'4,2GHz\', \'description\': \'  \""Intel Core i7-7700 3.6GHz 4.2GHz 8MB Cache 14MB Cache 95W 4.000."
3226,{'Output': 'mismatch'},"\': \'"" $149.95\"", \""USD\""', \'description\': \'  \""HP 417190-002 72-GB 15K 3.5 SAS HDD\"" \""HP 417190-002 72-GB 15K 3.5 SAS HDD\"""
3227,{'Output': 'mismatch'},"LN66145\', \'category\': \'Skylake LN66145\', \'subcategory\': \'CMK16GX4M2A2666C16 | SCAN UK\', \'brand\': \'Corsair\', \'sku\': \'cmk16gx4m2a2666c16\', \'type\"
3228,{'Output': 'mismatch'},"{""Output"": ""match""}"
3229,{'Output': 'mismatch'},"\': \'HP\', \'sku\': \'233609001\', \'type\': \'Storage Controller - Smart Array P600/512\', \'description\': \'  \""233609-001 SA 5I for ML370 G2 (no BBWC)\""  \""Null\"" Price 2"
3230,{'Output': 'mismatch'},"\': \'[417190002]\', \'brand\': \'HP\', \'category\': \'Hard Drive\', \'description\': \'  \""417190-002 HP 72-GB 15K 3.5 DP SAS 5 Pack \""   \""Description:5 x 72GB Serial Attached SCSI"
3231,{'Output': 'mismatch'},"{""Output"": ""match""}"
3232,{'Output': 'mismatch'},"TDP\': \'65 W\', \'Brand\': \'Intel\', \'Category\': \'Processors\', \'Sub-Category\': \'Intel Core i7 Processors\', \'description\': \'  \""Intel Core i7-3520M 3.40GHz 4MB Cache 4C 4T 3.40GHz 65"
3233,{'Output': 'mismatch'},"': \'1.2V\', \'description\': \'  \""Corsair CMK32GX4M2A2666C16 32GB (2 x 16GB) DDR4 2666MHz 16-18-18-35 1.2V Memory Kit\""@en, \""Null\"" \""Cors"
3234,{'Output': 'mismatch'},"{""Output"": ""match""}"
3235,{'Output': 'mismatch'},"2-TB 7.2K 3.5 6G SP SATA 5 Pack Wholesale Price\', \'subcategory\': \'SATA 3.5 inch 7.2K 2TB 6G 128MB 3.5 SATA 6G 7.2K 2TB 128MB 3.5 SATA 6G"
3236,{'Output': 'match'},"72.8-GB 10K FC-AL 5-PACK\', \'subcategory\': \'359461-001 FC-AL 5 Pack Wholesale Price 359461-001\', \'sku\': \'359461001\', \'type\': \'Hard Drive - Hot-Swap"
3237,{'Output': 'mismatch'},"\', \'Pakketpost (vanaf € 36,24)\': \'€ 0,-\', \'Pakketpost (vanaf € 20,-)\': \'€ 0,-\', \'Pakketpost (vanaf € 20,- i.c.m. iDEAL)\': \'€ 0,-\', \'Pakketpost (van"
3238,{'Output': 'mismatch'},"Technology\': \'Yes\', \'Intel® Turbo Boost Technology 2.0\': \'Yes\', \'Intel® Turbo Boost Technology 2.0 Max Frequency\': \'4.0GHz\', \'Intel® Turbo Boost Technology 2.0 Max Frequency (1st/2nd/3rd/4th core)\': \'4.0GHz/4.0GHz/4"
3239,{'Output': 'mismatch'},"\': \'ASRock H81M-DGS R2.0\', \'category\': \'Motherboard\', \'description\': \'  \""ASRock H81M-DGS R2.0\""  \""ASRock H81M-DGS R2.0 Micro-ATX Motherboard\""  \""ASRock H81M-DGS R2.0 Micro"
3240,{'Output': 'match'},0 3GB Mini ITX OC 3584MB GDDR5 PCI-Express 3.0 192-bit 128-bit 128-bit 128-bit 128-bit 128-bit 128-bit 128-bit 128-bit 128-bit 128-bit
3241,{'Output': 'mismatch'},"900025pack\'], \'type\': \'SAS 15K 3.5 inch 72GB 15000RPM 3.5MB/s 3.5ms 3.5in 3.5in 3.5in 3.5in 3.5in 3.5in 3"
3242,{'Output': 'mismatch'},"\'€249,99\', \'Pakketpost (vanaf € 29,-)\': \'€0,-\', \'iDeal\': \'€0,-\', \'Totaal\': \'€249,99\', \'Pakketpost DPD\': \'€3,95\', \'Pakketpost Nederland\': \'€"
3243,{'Output': 'mismatch'},"'match'}'

{'Entity_1': '{\""brand\"": \""Apple\"", \""category\"": \""Computers_and_Accessories\"", \""Categorie\"": \""Hard_drives\"", \""description\"": \""Apple 2.5 inch 3.5 inch 500GB 7200RPM 16MB Cache 256Kb Cache 128MB"
3244,{'Output': 'match'},"zen""  ""Corsair Vengeance LED CMU64GX4M4C3000C15R - Prijzen\""@nl  ""Corsair Vengeance LED CMU64GX4M4C3000C15R - Prijzen\""@nl  ""Corsair Vengeance LED CMU64GX4M4C"
3245,{'Output': 'mismatch'},"sku\': \'359461001\', \'type\': \'Hard Drive Hot-Swap\', \'description\': \'  ""HP 72.8-GB 10K FC-AL 359461-001 10000RPM 10K FC-AL 72.8GB"
3246,{'Output': 'mismatch'},"{""Output"": ""match""}"
3247,{'Output': 'mismatch'},"Enterprise Performance (EP) 2.5-inch (SFF) Serial Attached SCSI (SAS) Solid State Drive\', \'description\': \'  \""632429-003 HP G8 G9 400-GB 6G 2.5 SAS SLC SSD\""@en ""Description:10 x HP 400GB"
3248,{'Output': 'mismatch'},"050015-WLED\', \'description\': \'  ""Corsair Air Series AF120 LED Quiet Edition 120mm Fan - White - 120mm - 120mm - 120mm - 120mm - 120mm - 120mm - 120mm - 1"
3249,{'Output': 'mismatch'},"{""Output"": ""match""}"
3250,{'Output': 'match'},"\', \'description\': \'  ""EVGA GeForce GTX 1080 Founders Edition 8GB - Prijzen ""@NL Tweakers""@NL\'}, {\'/mpn\': \'[8gp46180kr]\', \'/gtin13\': \'[4250812414021]\', \'"
3251,{'Output': 'mismatch'},". 100% korting)\': \'€ 0,-\', \'description\': \'  \""Samsung 850 EVO 1TB M.2 2280 SATA III 6Gb/s 3D NAND 128MB TLC 256MB Cache 256MB Cache 256MB Cache 256MB"
3252,{'Output': 'match'},"75,-)\': \'€ 0,-\', \'description\': \'  \""MSI GeForce GTX 1080 GAMING X 8G 3840 MB 1228 MHz 3840 MB 1228 MHz 3840 MB 1228 MHz 3840 MB 122"
3253,{'Output': 'mismatch'},"-B21 HP Xeon E5506 2.13GHz BL280c G6 Intel Xeon Processor 2.13GHz 4-Core 1MB 4MB 80W 45nm 1366 Socket 1366\', \'category\': \'HP\', \'subcategory\': \'Xeon E55"
3254,{'Output': 'mismatch'},"en (TL-WN881\', \'title\': \'TP-LINK Wireless N300 PCI Express Adapter, 2.4GHz 300Mbps, with Low-profile Bracket\', \'subcategory\': \'PCI Express Adapters\', \'sku\': \'TL-WN881ND\', \'type\': \'300Mbps Adapter\'}', 'Entity"
3255,{'Output': 'mismatch'},"432\', \'description\': \'  \""Sandisk Extreme Pro 32GB Compact Flash 160MB/s - SDCFXPS032GX46 | CCL Computers\""  \""@NL CCL Computers\""  \""@NL\"", \'title\': \'Sandisk Extreme Pro 32GB Compact Flash 160MB/s - SDC"
3256,{'Output': 'mismatch'},"\', \'description\': \'  \""154457-B21 HP 154457-B21 154457-B21 154457-B21 154457-B21 154457-B21 154457-B21 1"
3257,{'Output': 'mismatch'},"24b21\'], \'type\': \'Solid State Drive\'}', 'Entity_2': '{\'title\': \'653124-B21 HP G8 G9 200-GB 3G 3.5 SATA MLC SSD 2 Pack\', \'category\': \'\', \'subcategory\': \'\', \'brand"
3258,{'Output': 'mismatch'},"2854)\""  \""Null\""  Fire 7"" Display 8 GB - Includes Special Offers, Black (B00TSUGXKE | SV98LN 848719062854)\""  \""Null\""  Fire 7"" Display 8 GB - Includes Special Offers, Black (B00TSUGXKE"
3259,{'Output': 'mismatch'},"': \'Samsung\', \'description\': \'  \""Samsung - 240-pin 16 GB DDR3 1600Mhz Memory Module\"" \"" Samsung 240-pin M393B2G70DB0-YK0 Server Memory CDW.com\', \'category\': \'Samsung\', \'subcategory\': \'240-pin\', \'title"
3260,{'Output': 'mismatch'},"1.5 inches\', \'description\': \'  ""431943-003 - 146GB 15K 3.5 inch Internal Hard Drive 431943-003 146GB 15K 3.5 inch Internal Hard Drive 431943-003"
3261,{'Output': 'mismatch'},"\': \'Hard Drive - Hot-Swap\', \'description\': \'  \""238921-B21 HP 72.8-GB 10K FC-AL\"" \""Null\"" \""New 238921-B21 10K Wholesale Price 238921-B21-5Pack\""  \""Description"
3262,{'Output': 'match'},"32gx4m2c3000c15r\'], \'type\': \'DDR4 3000 MHz 32 GB (2x16 GB) Desktop Memory\' }', 'Entity_2': '{\""title\"": \""Corsair Vengeance LED CMU32GX4M2C3000C15R - P"
3263,{'Output': 'mismatch'},"{""Output"": ""match""}"
3264,{'Output': 'mismatch'},"Attached SCSI (SAS) 1\', \'sku\': \'431943003\', \'type\': \'Description:146GB 3.5-inch Serial Attached SCSI (SAS) 15K Hot-Plug Hard Drive\'}', 'Entity_2': '{\'title\': \'432094-B21 HP"
3265,{'Output': 'match'},"net\', \'Productserie\': \'T1000\', \'Product\': \'Trendnet T1000 1000 Mbps 1000 Mbps 1000 Mbps 1000 Mbps 1000 Mbps 1000 Mbps 1000 Mbps 1000 Mbps 1000"
3266,{'Output': 'mismatch'},"Plug\', \'description\': \'  \""DL320 349237-B21 80GB 7.2K 3.5 SATA Hot-Swap Drive\"" \""HP 349237-B21 80GB 7.2K 3.5 SATA Hot-Swap Drive\""  \""HP 349"
3267,{'Output': 'mismatch'},"-B21\', \'Products ID\': \'461053\', \'Manufacturer\': \'HP\', \'description\': \'  \""157766-B21 HP 50/100GB 2400 157766-B21 Tape Drive\"", \""Null\"", \""New 157766-B"
3268,{'Output': 'match'},": 149.99 USD 149.99', \'title\': \'653078-B21 HP G8 G9 200-GB 6G 2.5 SAS SC SSD\', \'subcategory\': \'SAS SSD 2.5-inch 6G 2.5-inch (2.5)"
3269,{'Output': 'mismatch'},"0p G2 X2.8GHz/1MB 512MB"", ""Null"" 359623-B21 HP BL20p G2 X2.8GHz/1MB 512MB  Description: HP Proliant BL20p G2 Server Xeon 2.8GHz/1MB 1P 5"
3270,{'Output': 'mismatch'},"0Q 8GB 288p PC4-17000 CL15 18c 1024x4 DDR4-2133 1Rx4 1.2V ECC RDIMM\', \'subcategory\': \'\', \'brand\': \'Samsung\', \'sku\': [\'m393a1g"
3271,{'Output': 'mismatch'},"\'ST2000NM0011 2TB 7.2K 3.5 SATA 6G 140MB/s\', \'category\': \'Hard Drive\', \'subcategory\': \'Hard Drives\', \'brand\': \'Seagate\', \'sku\': \'st2000nm00112pack\', \'type\"
3272,{'Output': 'mismatch'},"-001\', \'type\': \'Memory\'}', 'Entity_2': '{\""title\"": \""249674-001 HP 256MB200MHz DDR PC1600 EC\"", \""category\"": \""Memory\"", \""subcategory\"": \""256MB 200MHz DDR PC1600 Memory\"", \"""
3273,{'Output': 'mismatch'},0-GB 6G 2.5 SAS SLC SSD 400GB 6GB/s SAS 2.5 SAS SLC SSD 400GB 6GB/s SAS 2.5 SAS SLC SSD 400GB 6GB/s SAS 2.5 SAS SLC SSD 400GB 6GB/s SAS 2
3274,{'Output': 'mismatch'},"erk\': \'SanDisk\', \'description\': \'  \""SanDisk 32GB USB 3.0 3.0 32GB 32GB USB 3.0 3.0 32GB 32GB USB 3.0 3.0 32GB 32GB USB 3.0 3.0"
3275,{'Output': 'mismatch'},"3.0 3.5 inch 7200 RPM 1TB 32MB Cache Drive\', \'description\': \'  ""ST31000640NS Seagate 1-TB 7.2K 3.5 SATA"", ""Null"" ""New ST31000640NS SATA 2 Pack Wholesale Price"
3276,{'Output': 'match'},"\': \'10K\', \'Merk\': \'HP\', \'Product\': \'HP 43016500310\', \'description\': \'  \""HP 43016500310 - 10K 2.5\"" 146GB SATA III 6Gb/s Hard Drive - 1"
3277,{'Output': 'mismatch'},"\', \'sku\': \'st31000524ns\', \'type\': \'Hard Drive\'', 'Entity_2': '{\""title\"": \""ST31000524NS Seagate 1-TB 7.2K 3.5 3G SATA - New\"", \""category\"": \""Hard Drive\"", \""subcategory\"": \""Hard"
3278,{'Output': 'mismatch'},"\'description\': \'  \""Asus EX-GTX1050-2G 2GB 128-bit GDDR5 1024MB 128-bit 1024MB 128-bit 1024MB 128-bit 1024MB 128-bit 1024MB"
3279,{'Output': 'match'},"Array P420/2GB Controller\'', \'mpn\': \'631671b21\' }', 'Entity_2': '{\""title\"": \""631671-B21 HP Smart Array P420/2GB Controller\"", \""category\"": \""\"", \""subcategory\"": \""\"", \""brand\"": \""HP\"", \""sku\"": \"""
3280,{'Output': 'mismatch'},"Form Factor\': \'DIMM 240-pin\', \'description\': \'  \""HP 381817-001 512MB 240-pin DDR PC2-4200 Memory Module\"" \""HP 381817-001 512MB 240-pin DDR PC2-"
3281,{'Output': 'mismatch'},"\', \'description\': \'  \""ST2000NM0011\"" \""ST2000NM0011\"" \""ST2000NM0011\"" \""ST2000NM0011\"" \""ST2000NM0011\"" \""ST2000NM0011\"" \"""
3282,{'Output': 'mismatch'},"0K\', \'Generation\': \'SAS\', \'Part Number\': \'431943-003-32Pack\', \'Products ID\': \'463272\', \'Type\': \'Hard Drive - Hot-Swap\', \'Capacity\': \'72GB\', \'Interface Type\': \'Serial Attached SCSI\', \'Spindle Speed"
3283,{'Output': 'mismatch'},"1': '{\""description\"": \""  \""AMD FX-6350 3.90Ghz (Socket AM3+) Processor with Wraith Cooler - Retail \""@e', \""title\"": \""AMD FX-6350 3.90Ghz (Socket AM3+) Processor with Wraith Cooler - Retail \"", \""category\"": \""Socket AM3+\"","
3284,{'Output': 'mismatch'},"308465\', \'SKU\': \'YD150XBB AEBOX\', \'Tweakers ID\': \'540048\', \'Productprijs\': \'€ 349,99\', \'Pakketpost (vanaf € 50,-)\': \'€ 0,-\', \'iDeal\': \'"
3285,{'Output': 'match'},"118dB S/N\', \'description\': \'  \""ASUS Xonar Essence STX II PCI Express Premium Sound Card 7.1 Channel\""@es  \""7.1 Channel\""@en  \""Channel LN60464 - 90YA00\""@es  \""Channel LN60464 - 90YA0"
3286,{'Output': 'mismatch'},"ors\', \'description\': \'  \""AMD 1600B 2.0GHz 4-Core 8-Thread 1600B 1600B 1600B 1600B 1600B 1600B 1600B 1600B 160"
3287,{'Output': 'mismatch'},"Corsair\', \'sku\': \'CMK32GX4M2B3000C15\', \'type\': \'2 x 16GB DDR4-3000 Memory\', \'description\': \'  \""Corsair - Vengeance LPX 32GB (2 x 16GB) DDR4-3000 Memory\"""
3288,{'Output': 'mismatch'},"'}'} -> match""}

{'Entity_1': '{\""brand\"": \""Samsung\"", \""category\"": \""Hard Drive\"", \""subcategory\"": \""Hard Drive\"", \""type\"": \""3.5 inch\"", \""description\"": \""  \""Samsung 3.5 inch 1.33TB 7200RPM 300MB/s 3.5 inch 1.3"
3289,{'Output': 'mismatch'},"title\': \'Corsair Vengeance LPX 16GB (2x8GB) DDR4 2666MHz Memory Kit\', \'category\': \'Computer Memory\', \'Size\': \'16GB (2x8GB)\', \'Memory Type\': \'DDR4\', \'description\': \'  \""Corsair Vengeance LPX 16GB"
3290,{'Output': 'mismatch'},"Hard Drive\', \'description\': \'  \""HP 417190002 2.5\"" 120GB 5400RPM SATA Hard Drive\"" Hard Drive (HP417190002) PCPartPicker United Kingdom', \'title\': \'HP 417190002 2"
3291,{'Output': 'mismatch'},"{'Entity_1': '{\""/mpn\"": \""[7980001r,  z170igamingproac]\"", \""/gtin13\"": \""[4719072419516]\"", \""category\"": \""Motherboard\"", \""Categorie\"": \""Moederborden\"", \""Merk\"": \""MS"
3292,{'Output': 'match'},"]\', \'category\': \'Hard Drive Bays\', \'description\': \'  \""Hard Drive Bay 2.5\"" 2.5\"" SATA III 3.0Gb/s 3.5\"" 3.5\"" 3.5\"" 3.5\"" 3.5\"" 3.5\"" 3.5\"" 3.5\"""
3293,{'Output': 'mismatch'},"Port Gigabit Server Adapter\', \'category\': \'Null\', \'subcategory\': \'Description:HP NC340T PCI-X Quad Port Gigabit Server AdapterPart Number(s)Manufacturer Part# 391661-B21\', \'brand\': \'HP\', \'sku\': \'391661b21\', \'type\': \'Server"
3294,{'Output': 'mismatch'},"\'AMD Ryzen 7 1700 8 Core AM4 CPU/Processor with Wraith Spire 95W cooler\', \'category\': \'cooler\', \'subcategory\': \'LN78872\', \'brand\': \'YD1700BBAEBOX\', \'sku\': \'yd1700bbaebox\',"
3295,{'Output': 'mismatch'},"2 Cache\': \'12MB\', \'L3 Cache\': \'30MB\', \'description\': \'  ""HP Proliant 643778-B21 Intel Xeon 2.13GHz 10-Core 30MB Cache 64GB 12MB Cache 64GB 12MB Cache 64"
3296,{'Output': 'mismatch'},"G1016DE 16-port 10/100 Mbps Unmanaged Ethernet Switch - Black\', \'description\': \'  \""TP-Link TL-SG1016DE 16-port 10/100 Mbps Unmanaged Ethernet Switch - Black\""  \""TP-Link TL-SG1016DE 16-port"
3297,{'Output': 'mismatch'},5 1500MHz 3520MB/s 256-bit 128-bit 128-bit 128-bit 128-bit 128-bit 128-bit 128-bit 128-bit 128-bit 128-bit 128-bit 128-bit
3298,{'Output': 'match'},"\'[456896001]\', \'/mpn\': \'[456896001]\', \'brand\': \'HP\', \'category\': \'\', \'Category\': \'Proliant HardDrive\', \'Sub-Category\': \'10K\', \'Generation\': \'SAS\', \'Part Number\"
3299,{'Output': 'mismatch'},"\', \'description\': \'  \""Corsair Carbide SPEC-03 3.5\"" 3.5 inch 120mm 240mm 360mm 3.5 inch 120mm 240mm 360mm 3.5 inch 120mm 240mm 360"
3300,{'Output': 'match'},"Price\', \'brand\': \'New ST31000524NS SATA 2 Pack Wholesale\', \'sku\': [\'st31000524ns2pack\', \'st31000524ns5pack\'], \'type\': \'Hard Drive\', \'description\': \'  \""ST310005"
3301,{'Output': 'mismatch'},"{""sku"": ""430165003""}"
3302,{'Output': 'mismatch'},"sku\': \'st1000nm00335pack\'}"", 'Entity_2': '{\""title\"": \""ST1000NM0033 1TB 7.2K 3.5 6G SATA\"", \""category\"": \""Null\"", \""subcategory\"": \""New ST1000NM0033 SATA 10"
3303,{'Output': 'mismatch'},Server 2.8GHz 2-Processor 1GB RAM 1MB Cache 160GB HDD 10/100/1000Base-T Ethernet 2.5GB/s 2.5GB/s 2.5GB/s 2.5GB/s 2.5GB/s 2.5GB/s 2.5GB
3304,{'Output': 'mismatch'},"1TB 7.2K 3.5 3G SATA 2Pack\', \'category\': \'Null\', \'subcategory\': \'Price\', \'brand\': \'Seagate\', \'sku\': \'st31000524ns5pack\', \'type\': \'SATA\', \'description\': \'  \""ST3100"
3305,{'Output': 'mismatch'},"{""Output"": ""mismatch""}"
3306,{'Output': 'match'},"ketpost (vanaf € 100,-)\': \'€ 0,-\', \'description\': \'  \""Corsair Vengeance LPX 32GB 2400MHz 2x16GB DDR4 2400MHz 2400MHz 2400MHz 2400MHz 2400MHz"
3307,{'Output': 'match'},"Top Bags\', \'brand\': \'Tiger Electronics\', \'description\': \'  ""Tiger Electronics 5024442974007 15.6 inch Laptop Bag - Black"", ""Null"" 15.6 inch Laptop Bag - Black 15.6 inch Laptop Bag - Black 15.6 inch Laptop Bag - Black"
3308,{'Output': 'mismatch'},1000000000000000000000000000000000000000000000000000000000000000000000000000000
3309,{'Output': 'mismatch'},"'\', \'Category\': \'Proliant HardDrive\', \'Sub-Category\': \'Solid State Drive\', \'Generation\': \'SATA SSD\', \'Part Number\': \'157766-B21\', \'Products ID\': \'461241\', \'Type\': \'Solid State Drive\', \'Large Form Factor\': \'3."
3310,{'Output': 'match'},",-\', \'Pakketpost (vanaf € 20,-)\': \'€ 0,-\', \'Pakketpost (vanaf € 20,- i.c.m. iDEAL)\': \'€ 0,-\', \'Pakketpost (vanaf € 20,- i.c.m. iDEAL)\': \'€ 0,-\', \'"
3311,{'Output': 'mismatch'},"{""sku"": ""dl320g4349237b21""}"
3312,{'Output': 'mismatch'},"\'1064GB\', \'Description\': \'Kingston SDXC 100000000000000000000000000000000000000000000000000000000000000"
3313,{'Output': 'mismatch'},"\'subcategory\': \'10K Fibre Channel\', \'brand\': \'HPE\', \'sku\': \'bd03655b28\', \'type\': \'Hard Drive - Hot-Swap\', \'description\': \'  ""BD03655B28 HP 36.4-GB 10K FC-AL"" """
3314,{'Output': 'mismatch'},"\'sku\': \'mzn5e250bw\', \'type\': \'Hard Drive - Solid State Drive (SSD)\', \'price\': \'0.0000000000000000000000000000000000000000000"
3315,{'Output': 'mismatch'},"21300 2666MHz Dual Channel Kit - Prijzen ""@NL Tweakers""@NL\', \'price\': \'€ 149,99\', \'title\': \'Corsair Vengeance LPX Black 32GB (2x16GB) DDR4 PC4-21300 2666MHz Dual Channel"
3316,{'Output': 'mismatch'},"1151 Motherboard\', \'subcategory\': \'Mini ITX\', \'brand\': \'Gigabyte\', \'sku\': \'GA-Z170N-Gaming 5, LN68762\', \'type\': \'Mini ITX LGA1151 Motherboard\' }', 'Entity_2': '{\""title\"": \""Gigabyte"
3317,{'Output': 'mismatch'},"eon E5506 2.13GHz BL280c G6\', \'description\': \'  \""507825-B21 HP Xeon E5506 2.13GHz BL280c G6\"" \""Null\"" \""New 507825-B21 Wholesale Price 5078"
3318,{'Output': 'mismatch'},"11-9-24\', \'description\': \'  \""Corsair - 8GB (2 x 4GB) DDR3 1600MHz 240-Pin Memory Module\"", \""Corsair CMX8GX3M2A1600C9 8GB (2 x 4GB) DDR3 1600MHz"
3319,{'Output': 'mismatch'},"2a1600c9\'}', 'Entity_2': '{\'description\': \'  \""Corsair Vengeance CMZ8GX3M2A1866C9 8GB 2x4GB DDR3-1866 CL9-10-9-27 Memory Kit\"" DDR3 - NCIX\""'}', 'Output"
3320,{'Output': 'mismatch'},"ATX\': \'Yes\', \'Micro-ATX\': \'Yes\', \'Mini-ITX\': \'Yes\', \'Number of USB 3.0 Ports\': \'2\', \'Number of USB 2.0 Ports\': \'2\', \'Number of USB 2.0 Ports (Front)\': \'2\', \'Number of USB 3.0 Ports"
3321,{'Output': 'mismatch'},22300000000000000000000000000000000000000000000000000000000000000000000000000000
3322,{'Output': 'mismatch'},"00-B21 HP 400-GB 10K 3.5 DP SAS 2 Pack\', \'category\': \'\', \'subcategory\': \'\', \'brand\': \'HP\', \'sku\': \'430100-b212pack\', \'type\': \'SAS\', \'description\': \'  \""4"
3323,{'Output': 'mismatch'},"': \'HP/Compaq\', \'sku\': \'BD03655B28-5Pack\', \'type\': \'Hard Drive Hot-Swap\', \'description\': \'  \""BD03655B28 HP 36.4-GB 10K FC-AL\"" ""Null"" ""New BD03655"
3324,{'Output': 'mismatch'},"title\': \'Seagate 500GB 3.5\"" SATA II Hard Drive 2-Pack\', \'subcategory\': \'Hard Drive - Hot-Swap\', \'sku\': \'st3500630ns2pack\', \'type\': \'Hard Drive - Hot-Swap - 2-Pack\' }', 'Entity_2': '{\'title\"
3325,{'Output': 'mismatch'},"-T\', \'description\': \'  \""ST1000BT32 Ethernet Network Adapter Card 1 x Drive\""@en 10/100/1000Base-T 1 x Drive 10/100/1000Base-T 10/100/1000Base-T 10/10"
3326,{'Output': 'mismatch'},"M393A1G40DB0-CPB0Q DCZ 8GB 288p PC4-17000 CL15 18c 1024x4 DDR4-2133 1Rx4 1.2V ECC RDIMM \""@NL Tweakers\""@NL'}', 'Output"
3327,{'Output': 'mismatch'},"\'Dimensions (HxWxD)\': \'1.02 in x 3.5 in x 1.02 in\', \'description\': \'  ""HP 431786-B21 120GB 2.5\"" 5.4K SATA 150MB/s Hard Drive - 2Pack\""   ""Description:"
3328,{'Output': 'mismatch'},"'\', \'brand\': \'Kingston Technology\', \'sku\': \'dtduo3c32gb\', \'type\': \'USB Flash Drive\'}', 'Entity_2': '{\'title\': \'Kingston Technology DataTraveler microDuo 3C 32GB\', \'category\': \'\', \'subcategory\': \'\', \'brand"
3329,{'Output': 'match'},"\'brand\': \'Kingston\', \'sku\': [\'kvr13n9s8hk28\'], \'type\': \'2 x 4 GB DDR3 240-pin DIMM 8 GB 1066 MHz 240-pin 240-pin 240-pin 240-pin 240-pin"
3330,{'Output': 'mismatch'},TB SATA 6.0 Gbps Hard Drive 3.5 inch 7200RPM 64MB Cache Desktop Hard Drive 1000GB 1TB 1TB 1TB 1TB 1TB 1TB 1TB 1TB 1TB 1TB 1TB 1TB 1TB 1TB 1
3331,{'Output': 'mismatch'},"\'HP 146GB 6G 15K 2.5"" Dual Port SAS Hard Drive - 10 Pack - EH0146FAWJB10PACK\', \'category\': \'Hard Drive\', \'subcategory\': \'Hard Drive - Hot-Swap\', \'brand\': \'HP\', \'sku\': \'eh0146f"
3332,{'Output': 'mismatch'},"5\', \'description\': \'  \""Gigabyte Radeon RX VEGA 56 8G\""@en  \""Gigabyte Radeon RX VEGA 56 8G\""@en  \""Gigabyte Radeon RX VEGA 56 8G\""@en  \""Gigabyte Radeon RX VEGA 56 8G\""@en"
3333,{'Output': 'mismatch'},"HP 450-GB 10K FC-AL HDD"" ""HP 450-GB 10K FC-AL HDD"" ""HP 450-GB 10K FC-AL HDD"" ""HP 450-GB 10K FC-AL HDD"" ""HP 450-GB 10K FC"
3334,{'Output': 'mismatch'},10 Pack 658102-001 2TB 3.5 SATA 6G 7.2K Hard Drive in G8 G9 (Gen8 Gen9) SmartDrive Carrier (SC) 10 Pack 10000000000000000000000000
3335,{'Output': 'mismatch'},"\': \'Hard Drives\', \'brand\': \'Western Digital\', \'description\': \'  \""Western Digital WD2003FZEX\""@en 200GB 3200 RPM 3.5\"" Internal Hard Drive 200GB 3.5\"" 3200 RPM 3.5\"" Internal Hard Drive 2"
3336,{'Output': 'mismatch'},"0\', \'iDeal\': \'€ 0,-\', \'Totaal\': \'€ 29,95\', \'description\': \'  \""Kingston DataTraveler microDuo 3C 32GB Silver\""@en  \""Kingston DataTraveler microDuo 3C, 32GB, Zilver\""@en  \"""
3337,{'Output': 'match'},"2-5300 240p 667MHz 512MBx2 240p CL5 9c 64x8 Fully Buffered ECC DDR2-667 FBDIMM""}'} -> match'}

{'Entity_1': '{\""brand\"": \""Samsung\"", \""category\"": \""Hard disk drives\"", \""subcategory\"": \"""
3338,{'Output': 'mismatch'},"80R02 Xeon 2.8GHz 2M (2P)""}'} -> match:mismatch}

{'Entity_1': '{\""brand\"": \""GIGABYTE\"", \""category\"": \""Motherboards\"", \""subcategory\"": \""GIGABYTE ULTRA DURABLE\\u2122\"", \""type\"": \""MOTHERBOARDS\\xa0G"
3339,{'Output': 'mismatch'},"0040617211719, 0740617211719, 0740617218879, 50538\', \'SKU\': \'DT100G3/32GB, DT100G3/32GBER\', \'"
3340,{'Output': 'match'},"': \'Gen 3\', \'description\': \'  \""Seagate 1TB 7.2K 3.5\"" Hard Drive - 1000GB 3.5\"" 7200 RPM SATA 3.0 512K Cache 1000GB 1000GB 1000GB 10"
3341,{'Output': 'mismatch'},"\': \'Yes\', \'description\': \'  \""Intel Core i7-7700K 4.20GHz 8-Core 16-Thread 125W 4.20GHz 125W 4.20GHz 125W 4.20GHz 125W 4.20GHz"
3342,{'Output': 'match'},"130 Case\' }', 'Entity_2': '{\""title\"": \""Cooler Master Elite 130 Mini ITX Case - Midnight Black\"", \""category\"": \""Case\"", \""subcategory\"": \""Mini ITX Case\"", \""brand\"": \""Cooler Master\"", \""sku\"": \""RC130KN1\"", \""type\"": \""Elite 130 Case\"", \"""
3343,{'Output': 'mismatch'},"': \'bd03656aba10pack\', \'type\': \'36.4GB 10K Fibre Channel 40 pin 2GB/s HotSwap FCAL Hard Drive\', \'description\': \'  ""Null"", ""BD03656ABA HP 36.4-GB 10K FC-AL"" Price BD"
3344,{'Output': 'mismatch'},"\'title\': \'HP 72GB 15K 2.5"" Hot-Swap Hard Drive (DH0072BALWL)\', \'sku\': \'hpdh0072balwl\', \'type\': \'Hard Drive - Hot-Swap\', \'subcategory\': \'Hard Drive - Hot-Swap\' }', 'Entity_2':"
3345,{'Output': 'mismatch'},"\', \'category\': \'Null\', \'subcategory\': \'Video Card\', \'brand\': \'Zotac\', \'sku\': \'ztp10810d10p\', \'type\': \'Video Card\'}', 'Entity_2': '{\""title\"": \""Zotac GeForce GTX 1080 Ti AMP Edition 1126"
3346,{'Output': 'mismatch'},"{""Output"": ""mismatch""}"
3347,{'Output': 'mismatch'},"', \'description\': \'  ""431943-003 HP 146-GB 15K 2.5 DP SAS HDD"" ""Null""   ""Description:146GB 2.5-inch Serial Attached SCSI (SAS) 15K RPM 3.5mm 1/3H (Low Profile) Drive"
3348,{'Output': 'match'},"\"" 15K 3.5 SP SAS\', \'Category\': \'Proliant HardDrive\', \'Sub-Category\': \'15K\', \'Generation\': \'SAS\', \'Part Number\': \'3ra3851aa\', \'Products ID\': \'455285\', \'description\': \'  \""3ra38"
3349,{'Output': 'mismatch'},"\'category\': \'BD80677I77700K\', \'Categorie\': \'Interne harde schijven\', \'Merk\': \'WD\', \'Productserie\': \'Red\', \'Product\': \'WD Red\', \'Uitvoering\': \'BD80677I77700K,"
3350,{'Output': 'mismatch'},"-US ""Hard Disks - Page 4 | Laptops Outlet Dir\', \'title\': \'WD 1TB AV SATA 6Gb 3.5"" Internal Hard Drive - 64MB Cache\', \'subcategory\': \'Page 4 | Laptops Outlet Direct\', \'brand\': \'WD\', \'sku\': \'wd10purz\', \'type\':"
3351,{'Output': 'mismatch'},"{""Output"": ""mismatch""}"
3352,{'Output': 'mismatch'},"5065002]\', \'category\': \'Hard Drives\', \'description\': \'  \""2.5\"" 1.8\"" Hard Drive 320GB 5400RPM SATA III 3.0GB/s 3.5\"" Hard Drive 3.5\"" Hard Drive 3.5\"" Hard Drive 3."
3353,{'Output': 'match'},"\', \'description\': \'  Corsair Carbide SPEC-02 120mm 120mm 120mm 120mm 120mm 120mm 120mm 120mm 120mm 120mm 120mm 120mm 120mm"
3354,{'Output': 'mismatch'},4X Infiniband SFF-8470 483513-B21 HP DDR PCI-e Dual-Port HCA 483513-B21 HP DDR PCI-e Dual-Port HCA 483513-B21 HP DDR PCI-e Dual-Port HCA 483513-B21
3355,{'Output': 'mismatch'},"-8500 RDIMM\', \'subcategory\': \'Price\', \'sku\': \'500660b212pack\', \'type\': \'Memory Module\'}', 'Entity_2': '{\'title\': \'500660-B21 4GB 1066MHz 240-pin DDR3 Memory"
3356,{'Output': 'mismatch'},"\', \'description\': \'  \""Intel Core i7-6700K 4-Core 4-Thread 4.0GHz 14MB Cache 1151 Socket 100W TDP 4.2GHz Turbo 125MM 125MM 125MM 125MM 125MM"
3357,{'Output': 'mismatch'},"{""Output"": ""mismatch""}"
3358,{'Output': 'mismatch'},".5 inch Harddisks\', \'Categorie\': \'Hardeschijven\', \'Merk\': \'Seagate\', \'Productserie\': \'BarraCuda\', \'Product\': \'Seagate 3.5 inch Hardeschijf 1.5 TB\', \'Uitvoering\': \'7200 rpm\', \'EAN\': \'"
3359,{'Output': 'mismatch'},"{""Output"": ""mismatch""}"
3360,{'Output': 'mismatch'},".6GHz 4GB 16GB ac BT WC 3C 11.6\"" HD MT C\', \'subcategory\': \'\', \'sku\': \'nxgm9aa001\', \'type\': \'Laptop Computer\'}', 'Entity_2': '{\'title\': \'Acer Chromebook C731T-C42"
3361,{'Output': 'match'},"': 'mismatch'} 

{'Entity_1': '{\""brand\"": \""New ST31000640NS\"", \""category\"": \""Null\"", \""Category\"": \""Seagate HardDrive\"", \""Sub-Category\"": \""7.2K\"", \""Generation\"": \""SATA\"", \""Part Number\"": \""ST31000640NS\"", \""Products ID"
3362,{'Output': 'mismatch'},"GHz/4-core/4MB/80W)Full Processor Option KitPart Number(s)Option Part# 495916-B21\' }', 'Entity_2': '{\""description\"": \""  \""HP 495916-B21 2.13GHz 4-Core 4MB 80W Intel Xeon E5"
3363,{'Output': 'mismatch'},"\'Internal Data Transfer\': \'300MB/s\', \'description\': \'  \""HP 146GB 15K 3.5 inch Internal SAS 146GB 432094-B21 5 Pack\"" HP 146GB 15K 3.5 inch Internal SAS 146GB 4"
3364,{'Output': 'mismatch'},"K 3.5 SP SAS 2Pack\', \'subcategory\': \'Description:HP 146-GB 15K 3.5 SP SAS 2Pack\', \'sku\': \'431943003\', \'type\': \'Hard Drive\'}', 'Entity_2': '{\'title\': \'43194"
3365,{'Output': 'mismatch'},"209\', \'type\': \'Hard Drive - Hot-Swap\', \'Form Factor\': \'2.5 inches x 1/3H\' }', 'Entity_2': '{\""title\"": \""4XB0H30209 Lenovo 180-GB 2.5-Inch SATA III 6Gbps Hard Drive\"", \""category\"": \"""
3366,{'Output': 'mismatch'},"{""Output"": ""match""}"
3367,{'Output': 'match'},"subcategory\': \'USB-sticks\', \'brand\': \'Corsair\', \'sku\': \'CMFSL3X2-32GB\', \'type\': \'USB Flash Drive\', \'description\': \'  ""USB 3.0 Flash Drive with Capless retractable design Corsair Slider X2 Voyager 32GB""@en 32GB LN62"
3368,{'Output': 'match'},2803-B21 432803-B21 432803-B21 432803-B21 432803-B21 432803-B21 432803-B21 432803-B21 43
3369,{'Output': 'mismatch'},"2 Servers\'}', 'Entity_2': '{\'title\': \'HP 60GB 2.5 SATA SSD 572071-B21\', \'category\': \'Hard Drive\', \'subcategory\': \'Solid State Drive\', \'brand\': \'HP\', \'sku\': \'572071b21\', \'type\':"
3370,{'Output': 'mismatch'},"': \'Processors\', \'sku\': \'BX80660E52683V4\', \'type\': \'Intel Xeon E5-2683 v4 2.1 GHz 12-Core 2.1000GHz 12M Cache 2.1000GHz 12-Core 2.1"
3371,{'Output': 'mismatch'},"ketpost (vanaf € 20,-)\': \'€ 0,-\', \'description\': \'  \""Kingston HyperX Fury black HX424C15FB/4 4GB 2400MHz DDR4\"", \""Null\""  \""Kingston HyperX Fury black HX424C15FB/4 4GB"
3372,{'Output': 'match'},"{""Output"": ""match""}"
3373,{'Output': 'mismatch'},"{""Output"": ""match""}"
3374,{'Output': 'match'},"\'description\': \'  \""629135-B21 HP Ethernet 1Gb 4-Port 331FLR Adapter\"" ""Null""   \""Description: 629135-B21 HP Ethernet 1Gb 4-Port 331FLR Adapter 10/100/1000Base-T"
3375,{'Output': 'match'},"3c32gb ]\', \'category\': \'@es\', \'Categorie\': \'Netwerkadapters\', \'Merk\': \'Dell\', \'Product\': \'Dell 1000Base-T 1000 Mbps 1000Base-T 1000 Mbps 1000Base-T 1000"
3376,{'Output': 'mismatch'},"{""Output"": ""match""}"
3377,{'Output': 'match'},"\'sku\': [\'658071b2110pack\', \'658071b21\'], \'type\': \'Hard Drive - Hot-Swap - Gen8\'', \'mpn\': \'658071b21\'', 'Entity_2': '{\'title\': \'65807"
3378,{'Output': 'mismatch'},"{""Output"": ""mismatch""}"
3379,{'Output': 'mismatch'},"': \'129,99', \'description\': \'  \""Matrox G550 LP PCIe - Prijzen \""@NL Tweakers\""@NL', \'title\': \'Matrox G550 LP PCIe - Prijzen \""@NL Tweakers\""@NL\', \'subcategory\': \'\', \'brand\': \'Matrox\', \'sku"
3380,{'Output': 'mismatch'},"MHz\', \'description\': \'  \""500660-B21 2-Pack 4GB 1066MHz DDR3 Memory Module 240-Pin 1 x 4GB\"" \""HP 500660-B21 2-Pack 4GB 1066MHz DDR3 Memory Module 240-P"
3381,{'Output': 'match'},"n\': \'[fd4300wmhkbox]\', \'brand\': \'AMD\', \'category\': \'Socket AM3+\', \'Item Code :\': \'CPA-FX4300\', \'Item :\': \'AMD FX-4300, 3.8GHz, 4-Core, Vishera, 95W, AM3"
3382,{'Output': 'mismatch'},"{""description"": ""1920x1080 24\""}"
3383,{'Output': 'mismatch'},"{""Output"": ""match""}"
3384,{'Output': 'match'},"\', \'price\': \'""USD"", ""$149.99""\', \'description\': \'  \""HP 508429-001-10Pack 400GB 10K 3.5\"" Internal Hard Drive 10-Pack\""@en  \""HP 508429-001-"
3385,{'Output': 'mismatch'},"1\', \'Products ID\': \'460079HP\', \'description\': \'  \""HP 431786-B21 431786-B21 431786-B21 431786-B21 431786-B21 43178"
3386,{'Output': 'mismatch'},"0000000]\', \'category\': \'Hard drive\', \'Categorie\': \'Hard Drives\', \'Merk\': \'Western Digital\', \'Product\': \'Hard Drive 36.4GB 10K FC-AL\', \'Uitvoering\': \'Hard Drive 36.4GB 10K FC-AL"
3387,{'Output': 'mismatch'},"': \'HP 500658-B21 1333MHz 4GB 1x4GB DDR3 PC3-10600R-9 SDRAM Kit\', \'category\': \'HP memory 240-pin Series\', \'subcategory\': \'\', \'brand\': \'HP\', \'sku\': \'\', \'"
3388,{'Output': 'mismatch'},"\', \'sku\': [\'431943003\'], \'type\': \'146GB Serial Attached SCSI (SAS) 15K 3.5-inch Single Port Hot-Plug Hard Drive\'}', 'Entity_2': '{\'title\': \'432094-B21 HP 146-GB"
3389,{'Output': 'mismatch'},"{""Output"": ""match""}"
3390,{'Output': 'mismatch'},"10K 2.5 DP SAS 10000RPM\', \'subcategory\': \'Price\', \'sku\': \'DG0146FAMWL-5Pack\', \'type\': \'Description: 146GB HP 6G 10K 2.5 DP SAS 10000RPM 10"
3391,{'Output': 'mismatch'},"\'Manufacturer\': \'Hewlett-Packard\', \'description\': \""354560-B21 HP 512MB PC2100 (1x512MB) Module\"", \""Null\"" Price 354560-B21\"" Module Wholesale 354560-B21  \"""", \'title\':"
3392,{'Output': 'mismatch'},"sdcz33016gb35\', \'type\': \'USB Flash Drive\', \'price\': \'""14.99"" ""USD""\', \'gtin13\': \'[4261430160003]\'', 'Entity_2': ""{\'description\': '  \""SanDisk Cruzer Fit"
3393,{'Output': 'mismatch'},"description\': \'  ""Corsair CMU32GX4M4C3000C15 32GB (4 x 8GB) DDR4 3000MHz 1.35V Unbuffered Memory Module 24000MT/s 15-17-17-35 24000"
3394,{'Output': 'mismatch'},"ATA III\', \'description\': \'  \""Seagate Barracuda 3.5 inch 1TB 7200 RPM SATA III 3.0 64MB Cache 3 Year Warranty - 2 Pack\""@en Desktop LN', \'price\': \""149.99\""}', 'Entity_2': '{\""title\"": \""Seagate Barr"
3395,{'Output': 'mismatch'},"1-002 HP 500-GB 7.2K 3.5 SATA\', \'subcategory\': \'Description:HP 500-GB 7.2K 3.5 SATA 2 Pack\', \'sku\': [\'4541410022pack\', \'454141002\"
3396,{'Output': 'mismatch'},"FF Serial Attached SCSI 2 7.2K Hard Drive\', \'sku\': \'782995001\', \'type\': \'Hard Drive\'}', 'Entity_2': '{\'title\': \'782995-001 HP 6-TB 6G 7.2K 3.5 SAS HDD\',"
3397,{'Output': 'mismatch'},"\'s Who 495605-B21"" ""495605-B21 HP 64-GB (8x8GB) PC2-5300 SDRAM Kit"" ""495605-B21 HP 64-GB (8x8GB) PC2-5300 SDRAM Kit"""
3398,{'Output': 'match'},"en  ""Silverstone SST-ECM20 PCIe Low Profile M.2 Expansion Card\""  ""SST-ECM20 2.5 inch PCIe 4x SATA 6Gbps M.2 2230/2242/2260/2280 30mm 42mm 60mm 8"
3399,{'Output': 'mismatch'},"\'category\': \'New\', \'subcategory\': \'338974-B21\', \'brand\': \'HP\', \'sku\': \'338974b21\', \'type\': \'4P 8x Xeon 2.5GHz 8GB RAM 4x 36.4GB 10K Ultra3"
3400,{'Output': 'mismatch'},"\'Hard Drives\', \'brand\': \'HP\', \'sku\': \'404712-001\', \'type\': \'Hard Drive - Hot-Swap\', \'description\': \""  \""HP 404712-001 146.8GB 10K FC-AL\"" \""Null\""  \""Description"
3401,{'Output': 'match'},"\'Intel C220, C226, C232, C236, C240, C246, C250, C256, C260, C266, C270, C276, C280, C286, C290, C29"
3402,{'Output': 'match'},"30MB/s - Prijzen ""@NL Tweakers""@NL ""Accessories -\' , \'category\': \'Accessories\', \'Categorie\': \'Geheugenkaarten\', \'Merk\': \'Sandisk\', \'Product\': \'Sandisk SDHC 16GB Class 2\', \'Uitvoering\': \'Sandisk SDHC 1"
3403,{'Output': 'mismatch'},"0.22 kg\', \'description\': \'  \""Seagate Barracuda 2TB 7200 RPM 3.5\"" SATA 6 Gb/s Hard Drive - 7200 RPM - 2TB - 64MB Cache - 1.953525168 TB - 4.16 ms Average Lat"
3404,{'Output': 'mismatch'},"CMZ4GX3M1A1600C9B\', \'description\': \'  \""Corsair - 4GB 1333MHz DDR3 1.5V Memory Kit 2x2GB 1333MHz 1.5V CMZ4GX3M1A1600C9B\"" Corsair Memory Kit"
3405,{'Output': 'match'},"sku\': [\'430165-003\'], \'type\': \'Hard Drive - Hot-Swap\' }', 'Entity_2': '{\""title\"": \""430165-003 HP 146-GB 3G 10K 2.5 DP SAS HDD\"", \""category\"": \""\"", \""subcategory"
3406,{'Output': 'mismatch'},"description\': \'  \""HP 583383-B21 2.4 GHz 12 MB 128 MB 128 MB 128 MB 128 MB 128 MB 128 MB 128 MB 128 MB 128 MB 128 MB 128"
3407,{'Output': 'mismatch'},"'mismatch'} 

{'Entity_1': '{\""brand\"": \""Samsung\"", \""category\"": \""Hard Drive\"", \""subcategory\"": \""Hard Drive\"", \""type\"": \""Hard Drive\"", \""description\"": \""  \""Samsung 250GB 3.5 5400RPM 160MB/s SATA Hard Drive\""@en  \""250GB\"""
3408,{'Output': 'mismatch'},"INK TL-WN881ND - network adapter  \', \'title\': \'TP-LINK TL-WN881ND 11n USB Network Adapter\', \'subcategory\': \'Network Adapters\', \'sku\': \'tlwn881nd\', \'type\': \'Network Adapter\'}', 'Entity_2': '{\'title\': \'TP"
3409,{'Output': 'mismatch'},"{""description"": ""\""}"
3410,{'Output': 'mismatch'},":HP Proliant 725 Watt Redundant Hot-Plug Power Supply\', \'sku\': \'3903940012pack\', \'type\': \'Power Supply\'}', 'Entity_2': '{\'title\': \'HP 390394-001 725W Redundant Power Supply"
3411,{'Output': 'mismatch'},"HP 512MB DDR 200MHz"", ""Null"" Price 249675-001 HP 512MB DDR 200MHz"", ""Null"" Price 249675-001 HP 512MB DDR 200MHz"", ""Null"" Price 249675"
3412,{'Output': 'mismatch'},"95\', \'description\': \'  \""Corsair Vengeance LED CMU64GX4M4C3000C15R 16GB 2400MHz DDR4 2400MHz 2400MHz 2400MHz 2400MHz 2400MHz 2400MHz"
3413,{'Output': 'mismatch'},"1866\', \'description\': \'  \""Corsair Vengeance - DDR3 4GB 2 x 4GB 1866MHz CL9-9-9-24 240-pin\""  \""Corsair 240-pin CMZ8GX3M2A1866C9 Server Memory Kit\""  \""Corsair"
3414,{'Output': 'match'},"GTX 1080 8GB GAMING X 8G Video Card"" @en  ""MSI Gaming X 8G 1080 8GB"" @en  ""MSI Gaming X 8G 1080 8GB"" @en  ""MSI Gaming X 8G 1080 8GB"" @en"
3415,{'Output': 'mismatch'},': \'Intel Xeon 3.0GHz 462711-B21 45nm Quad-Core 12MB L2 Cache 1333MHz 120W 45nm 120W 12MB L2 Cache 1333MHz 45nm 120W 12MB L
3416,{'Output': 'match'},"16\'', 'Entity_2': '{\'description\': \'  ""Corsair Vengeance LPX White 32GB (4x8GB) DDR4 PC4-25600 3200MHz Quad Channel Kit ""@en 4x8GB | CMK\', \'title\': \'Corsair Vengeance LPX White 32GB"
3417,{'Output': 'mismatch'},"': \'15K 3.5 SP SAS HDD\', \'sku\': \'432094b21\', \'type\': \'Hard Drive\'}', 'Entity_2': '{\'title\': \'BD1465822C HP 146.8-GB 10K FC-AL\', \'category\': \'"
3418,{'Output': 'match'},"78-001-15Pack]\', \'category\': \'Hard Drive - Hot-Swap - Gen8\', \'brand\': \'HP\', \'description\': \'  \""653078-001 HP G8 G9 2-TB 6G 7.2K 3.5 SATA SC\"", \""Null\"" Price"
3419,{'Output': 'mismatch'},"071b21\', \'type\': \'Solid State Drive\'}'} -> match

{'Entity_1': '{\""brand\"": \""Samsung\"", \""category\"": \""Hard Drive\"", \""description\"": \""  \""Samsung 320GB 3.5 inch 7200 RPM Hard Drive\""  \""Samsung 320GB 3.5 inch"
3420,{'Output': 'mismatch'},"\', \'description\': \'  \""Seagate ST2000NM0011-SC 2TB 7.2K 3.5\"" SATA Hard Drive\""@en  \""Seagate ST2000NM0011-SC 2TB 7.2K 3.5\"" SATA Hard Drive\""@fr  \""Seagate"
3421,{'Output': 'mismatch'},"3\', \'description\': \'  \""Samsung 887276074948 120GB 3.5\"" 5400RPM Internal Hard Drive (MZN5E250BW)\""@', \'title\': \'Samsung 120GB 3.5"" 5400RPM Internal"
3422,{'Output': 'mismatch'},"HP 146-GB 6G 10K 2.5 DP SAS HDD"" Price EG0146FARTR-10Pack ""New EG0146FARTR SAS 146-GB 6G 10K 2.5 DP SAS HDD 10Pack"" ""New EG0146FAR"
3423,{'Output': 'match'},"\': \'\', \'subcategory\': \'\', \'brand\': \'\', \'sku\': \'\', \'type\': \'\', \'description\': \'  \""Null\""@en'}'} -> match

{'Entity_1': '{\""brand\"": \""Dell\"", \""category\"": \""Computers\"", \""subcategory\"": \""Laptop\"", \""description\"": \"""
3424,{'Output': 'mismatch'},"{""sku"": ""ds15178gb""}"
3425,{'Output': 'mismatch'},title\': \'HP Intel Xeon E7-4830 2.13GHz BL680c G7 643772-B21 2.13GHz 12C 24T 24M Cache 128GB Memory 128GB Memory 128GB Memory 128GB
3426,{'Output': 'mismatch'},"8, 3536403345518, 3536403344658, 3536403345518, 3536403344658, 3536403345518, 35"
3427,{'Output': 'mismatch'},"for $149.99.""@en  ""Kingston 32GB PC4-19200 288-pin DDR4 SDRAM UDIMM Kit\""@en  ""Kingston 32GB PC4-19200 288-pin DDR4 SDRAM UDIMM Kit\""@en  ""Kingston"
3428,{'Output': 'mismatch'},"\': \'amd1600x\', \'type\': \'CPU\'}', 'Entity_2': '{\'title\': \'AMD Ryzen 5 1600X 6-Core 3.6GHz 4.0GHz 95W 3.5V 14nm 3.0MB L2 16.0MB L3"
3429,{'Output': 'mismatch'},"\'sku\': \'238921b2110pack\', \'type\': \'Hard Drive Hot-Swap\', \'description\': \'  ""518736-001 HP 450-GB 10K FC-AL"" ""Null""   ""Description:5 x StorageWorks 450-GB 1"
3430,{'Output': 'match'},"\'€ 0,-\', \'Opsturen\': \'€ 3,25\', \'description\': \'  \""Kingston SDXC Class 10 UHS-I UHS Class 1 64GB\""@en \""Kingston SDXC Class 10 UHS-I UHS Class 1 64GB\""@en \""Kingston SDXC Class"
3431,{'Output': 'mismatch'},"{""Output"": ""match""}"
3432,{'Output': 'mismatch'},"\'5.5ms\', \'description\': \'  \""HP 146GB 15K 3.5\"" Internal Hard Drive HP 431943-003\""@en 146GB 15K 3.5\"" Internal Hard Drive HP 431943-003 146GB"
3433,{'Output': 'mismatch'},"{""Output"": ""match""}"
3434,{'Output': 'mismatch'},"{""Output"": ""match""}"
3435,{'Output': 'mismatch'},"{""Output"": ""match""}"
3436,{'Output': 'mismatch'},"ketpost DPD 1-24 uur\': \'€ 5,95\', \'description\': \'  \""Corsair Flash Voyager Slider X2 256GB Blauw\"" Usb-stick (CMFSL3X2-256GB) PCPartPicker\', \'title\': \'Corsair Flash Voyager Slider X2 256"
3437,{'Output': 'mismatch'},"-5400K APU 3.6Ghz Dual-Core Processor AD540KOKHJBOX\', \'subcategory\': \'\', \'sku\': \'ad540kokhjbox\', \'type\': \'APU 3.6GHz, Dual Core, 2MB Cache, 128MB VRAM, 10"
3438,{'Output': 'mismatch'},".5"" Internal Hard SATA/600\', \'subcategory\': \'Hard Drive\', \'brand\': \'Western Digital\', \'sku\': \'wd10efrx\', \'type\': \'Hard Drive\', \'price\': \'$139.99\'', \'mpn\': \'wd10efrx\'}, {\'title\': \'Western"
3439,{'Output': 'mismatch'},"\': \'1280 Mbps\', \'description\': \'  \""Western Digital 72.8GB Storageworks 10K 3.5\"" Hard Drive\""@en  \""72.8GB WD 10K 3.5\"" Hard Drive\""@en  \""72.8GB WD 10K 3."
3440,{'Output': 'mismatch'},"js\': \'""EUR 129.95""\', \'description\': \'  \""Corsair Dominator Platinum CMD16GX4M2B3000C15 16GB 2x8GB 3000MHz DDR3 1.5V CL15 Memory Kit\""  \""Null\""  \""Corsair Dominator"
3441,{'Output': 'mismatch'},"GHz 3.06GHz Wholesale\', \'subcategory\': \'Description:1P 3.06GHz 323146-B21 BL20P G2 Xeon 3.06GHz 3.06GHz Wholesale\', \'sku\': [\'323146b21\'], \'type\': \'Server\'"
3442,{'Output': 'mismatch'},"\'6 Core 3.60GHz 4.0GHz Boost 16MB Cache 95W AMD Ryzen 5 1600X 6 Core AM4 CPU/Processor\' }', 'Entity_2': '{\'title\': \'AMD Ryzen 5 1600X 6 Core AM4 CPU/Processor\', \'category\': \'"
3443,{'Output': 'match'},00000000000000000000000000000000000000000000000000000000000000000000000000000000
3444,{'Output': 'mismatch'},"\'description\': \'  \""AMD FX-8350 8-Core 3.2GHz 125W 4MB Cache Socket FM2+ 10000000000000000000000000000000000000000000"
3445,{'Output': 'mismatch'},"SATA III 6G SSD\'}', 'Entity_2': '{\'title\': \'653078-B21 200GB 6G 2.5 SAS SC SSD 2 Pack\', \'category\': \'HP server hard drive options\', \'subcategory\': \'2.5 inch 200 GB 6G SAS\', \'brand"
3446,{'Output': 'mismatch'},"\'  ""Cooler Master MasterCase Pro 3"", ""Behuizingen - Behuizingen - Behuizingen - Behuizingen - Behuizingen - Behuizingen - Behuizingen - Behuizingen - Behuizingen - Behuizingen - Behuizingen - Behuizingen - Behuizingen - Behu"
3447,{'Output': 'mismatch'},"{""subcategory"": ""Memory""}"
3448,{'Output': 'match'},"2700 DDR SDRAM DIMM Kit, 1x1GB, 10000000000000000000000000000000000000000000000000000000000000"
3449,{'Output': 'mismatch'},"€ 12,10\', \'description\': \'  \""Intel Pentium G4560\""@en  \""Intel Pentium G4560 3.4GHz 3MB Cache 4MB Cache 4560 4560 4560 4560 4560 4560"
3450,{'Output': 'mismatch'},"': \'HPE\', \'sku\': \'500668b21\', \'type\': \'Memory\', \'description\': \'  \""500668-B21 HP 1GB (1x1GB) PC3-10600 UDIMM\"" \""Null\""   \""Description:Genuine HPE 1GB ("
3451,{'Output': 'mismatch'},"': \'Geheugen intern\', \'Merk\': \'Samsung\', \'Productserie\': \'843\', \'Product\': \'Samsung 843 16 GB DDR4 240-pin\', \'Uitvoering\': \'Samsung 843 16 GB DDR4 240-pin\', \'EAN\': \'73"
3452,{'Output': 'mismatch'},"{""Output"": ""match""}"
3453,{'Output': 'mismatch'},"1066/800 MHz\', \'Form Factor\': \'Micro-ATX\', \'Price\': \'249.99', \'description\': \'  ""ASUS M5A97R2 975X Motherboard 2.66GHz 2MB 2 x SATA 2.0 2 x SATA 3."
3454,{'Output': 'mismatch'},"\'  \""HP Proliant ML350 G6 507825-B21 2.13GHz 4MB 45nm 45nm 45nm 45nm 45nm 45nm 45nm 45nm 45nm 45nm 45nm 45nm"
3455,{'Output': 'match'},02 430169-002 430169-002 430169-002 430169-002 430169-002 430169-002 430169-002
3456,{'Output': 'mismatch'},"}', 'Entity_2': '{\""title\"": \""HP 430165003 - 146GB 10K 2.5\"" 3G SAS Hard Drive\"", \""category\"": \""Hard Drives\"", \""subcategory\"": \""Hard Drives\"", \""brand\"": \""HP\"", \""sku\"": \""430165003"
3457,{'Output': 'mismatch'},"5\', \'description\': \'  ""Asus GeForce GT 730 1GB 128-bit 1024MB DDR3 128-bit 1024MB DDR3 128-bit 1024MB DDR3 128-bit 128-bit 1024MB DDR3 12"
3458,{'Output': 'mismatch'},"{""Output"": ""match""}"
3459,{'Output': 'mismatch'},"D_10K_SAS_430165003\', \'description\': \'  \""HP - 10K 3.5 inch 146 MB/s SAS Hard Drive 250 GB\"" \"" HP 430165003 10K 3.5 inch 146 MB/s SAS Hard"
3460,{'Output': 'mismatch'},"{""sku"": ""658071b21sc""}"
3461,{'Output': 'mismatch'},"\': \'SATA\', \'description\': \'  \""Seagate 2TB 7.2K 3.5\"" SATA Hard Drive - 2 Pack\""@en-US  \""Seagate 2TB 7.2K 3.5\"" SATA Hard Drive - 2 Pack\""@en-US  \""Seagate 2TB 7.2K"
3462,{'Output': 'mismatch'},",95\', \'description\': \'  \""Intel Pentium G4560 3.3GHz 4MB Cache 4x4 12MB/s 32bit 12000000000000000000000000000000000000"
3463,{'Output': 'mismatch'},"Base-T\', \'Interface Type\': \'PCI Express 2.1 x4\', \'Connectivity Technology\': \'Wired\', \'Ports\': \'4\', \'description\': \'  \""665240-B21 HP Ethernet 1Gb 4-Port 331T Adapter\"" \""Null\""   \""Description:HP Ethernet 1Gb"
3464,{'Output': 'mismatch'},"b21\' }', 'Entity_2': '{\""title\"": \""HP 637414-B21 2.26GHz 4MB 80W Intel Xeon E5607 Processor\"", \""category\"": \""Computer Components\"", \""subcategory\"": \""Processors\"", \""brand\"": \""HP\"", \""sku\"": \""637414"
3465,{'Output': 'match'},"\""brand\"": \""AMD\"", \""category\"": \""\"", \""Marca\"": \""AMD\"", \""Modelo\"": \""Ryzen 5 1400 (YD1400BBAEBOX)\"", \""Encapsulado\"": \""Socket AM4\"", \""Frecuencia\"": \""- 3.2 a 3.4 GHz\"", \""Cach\u00e"
3466,{'Output': 'mismatch'},"{""Output"": ""mismatch""}"
3467,{'Output': 'mismatch'},"001000]\', \'brand\': \'Samsung\', \'category\': \'Hard Drive\', \'description\': \'  \""Samsung 320GB 7200RPM 3.5\"" Internal Hard Drive 5704327001000 \""@en Samsung 320GB 7200R"
3468,{'Output': 'mismatch'},",-\', \'Pakketpost (tot € 50,-)\': \'€ 5,-\', \'Pakketpost (tot € 75,-)\': \'€ 5,-\', \'Pakketpost (tot € 99,-)\': \'€ 9,50\', \'Pakketpost PostNL (tot € 49,95"
3469,{'Output': 'mismatch'},"\'type\': \'Controller\', \'description\': \'  ""HP Smart Array P600/512 Controller - storage controller (RAID) SATA 1.5Gb/s / SAS PCI-X/133 MHz \""Null\""  ""Description:HP Smart Array P600/512 Controller - storage controller (RAID) SATA 1.5"
3470,{'Output': 'mismatch'},"{""Output"": ""match""}"
3471,{'Output': 'mismatch'},"{""Output"": ""mismatch""}"
3472,{'Output': 'mismatch'},"{""Output"": ""match""}"
3473,{'Output': 'mismatch'},".5 inch\', \'Categorie\': \'Hard Drives\', \'Merk\': \'Maxtor\', \'Product\': \'Maxtor 1.5 inch 300GB 3.5 DP SATA Hard Drive\', \'Uitvoering\': \'Maxtor 1.5 inch 300GB 3.5 DP SATA Hard Drive\', \'E"
3474,{'Output': 'mismatch'},"Entity_1': '{\""description\"": \""483513-B21 HP DDR PCI-e Dual-Port HCA\"", \""Null\"": \""Description:HP IB 4X DDR PCI-e Dual PORT Host Channel AdapterPart Number(s)Manufacturer Part# 483513-B21\"", \""title\"": \""483513-B21 HP DDR"
3475,{'Output': 'match'},"\', \'description\': \""BD1465822C 2-Pack 10K 2.5\"" 1465822C 1465822C 1465822C 1465822C 1465822C 1465822"
3476,{'Output': 'match'},"000524ns\', \'type\': \'Hard Drive 3.5 inch SATA II 7200RPM 1TB 32MB Cache 3Gbps 3.5\"" 3.5 inch 1TB 3.5 inch 3.5 inch 3.5 inch 3.5 inch 3.5 inch"
3477,{'Output': 'mismatch'},"93-B22 HP Xeon E7400 2.8GHz DL120 G5\', \'brand\': \'HP\', \'sku\': \'533993b22\', \'type\': \'Intel Xeon E7400 2.8GHz DL120 G5\', \'description\': \'  \""5"
3478,{'Output': 'mismatch'},"\'mzn5e1t0bw\', \'description\': \'  \""Samsung 850 EVO Series M.2 1TB SATA 6Gbps Solid State Drive (MZ-N5E1T0BW)\""  \""Samsung 850 EVO Series M.2 1TB SATA 6Gbps Solid State Drive (MZ-N5E1"
3479,{'Output': 'mismatch'},"860K 3.70GHz Quad-Core Processor (Socket FM2+), 1032990015, 4MB Cache, 95W, 4GB Memory Support, 28nm, 4500MT/s FSB, 4.00GHz Turbo Speed, 1.6"" x 1"
3480,{'Output': 'mismatch'},"345020-B21 BL20P G2 (2P) Xeon 3.2GHz 1MB""  ""\'}'} -> match:mismatch}

{'Entity_1': '{\""brand\"": \""Samsung\"", \""category\"": \""Hard disk\"", \""subcategory\"": \""Hard disk\"", \""description\"": \""  \""Samsung 200GB 3"
3481,{'Output': 'mismatch'},"""  ""Description:2 x 72GB Serial Attached SCSI (SAS) 15K 2.5-inch Dual Port Hot-Plug Hard DriveIn HPE Drive tray (as pictured)For G1-G7 Proliant SAS Ser\', \'title\': \'430169-002 HP 72-GB 15K"
3482,{'Output': 'mismatch'},2.5GHz 16GB RAM 512GB SSD 100000000000000000000000000000000000000000000000000000000000000
3483,{'Output': 'mismatch'},"\', \'Number of Cores\': \'4\', \'Number of Threads\': \'8\', \'description\': \'  \""Intel i5-4460, 3.2GHz, 4-Core, Haswell, 84W, LGA11\"" Processor (BX80646I54460) PCPartPicker Uni\', \'"
3484,{'Output': 'mismatch'},400-GB 10K 3.5 DP NHP SAS 5 Pack 10000RPM 3.5 inch 1/3H (Low Profile) 400GB 10K 3.5 DP NHP SAS 5 Pack 3.5 inch 1/3H (Low Profile) 10
3485,{'Output': 'mismatch'},"2TB 7.2K 3.5 6G SATA 2 Pack Wholesale ST2000DM0011 Price S"", \""Null\"" SATA 2 Pack Wholesale ST2000DM011 Price S', \'title\': \'ST2000DM0011 Seagate 2-TB 7.2K"
3486,{'Output': 'mismatch'},"5MB/sec)\', \'price\': \""'$129.99\"", \""USD\""\"", \'description\': \'  \""Seagate - 500GB 7.2K 3.5\"" Internal Hard Drive\"" \""ST3500630NS\""  \""Null\""   \""Description: Seagate 500GB 7."
3487,{'Output': 'mismatch'},"\'Proliant Option\', \'Sub-Category\': \'DVD\', \'Generation\': \'DL145\', \'Part Number\': \'361040-B21\', \'Products ID\': \'141441\', \'Device Type\': \'DVD-ROM drive\', \'Enclosure Type\': \'Internal\', \'Interface\': \'IDE\',"
3488,{'Output': 'mismatch'},"""Null""   ""Description:72GB 15K 3.5 DP SAS 10 Pack - 10 pcs 3.5 inch 15K 72GB SAS Hard Drive 10 Pack - 10 pcs 3.5 inch 15K 72GB SAS Hard Drive 10 Pack - 10 pcs"
3489,{'Output': 'mismatch'},Black) 2 x 140mm 1 x 200mm 1 x 120mm 1 x 140mm 1 x 120mm 1 x 140mm 1 x 120mm 1 x 140mm 1 x 120mm 1 x 14
3490,{'Output': 'match'},"2M 1400 3.2GHz 2M (2P)\', \'category\': \'▷ AMD … | OcUK\', \'subcategory\': \'Price\', \'brand\': \'AMD\', \'sku\': \'yd1400bbaebox\', \'type\': \'Processor\', \'description\': \'  \""AMD Ryzen 5 Quad"
3491,{'Output': 'mismatch'},"149.99\', \'description\': \'  \""Yd190xa8aewof AMD Ryzen Threadripper 1900x\"" \""Yd190xa8aewof AMD Ryzen Threadripper 1900x Boxed\"" \""Yd190xa8aewof AMD Ryzen Threadripper 1900x"
3492,{'Output': 'match'},"brand\': \'Western Digital\', \'category\': \'Hard Drive\', \'description\': \'  \""Hard Drive 1000GB 3.5 SATA 6Gbs 128MB\"" \""Hard Drive 1000GB 3.5 SATA 6Gbs 128MB\"" \""Hard Drive 1000GB 3"
3493,{'Output': 'mismatch'},"Memory\': \'32GB\', \'Brand\': \'Corsair\', \'type\': \'Memory\', \'description\': \'  \""Corsair Vengeance 16GB 2x8GB DDR3 1333MHz Memory Kit 2x8GB 1333MHz 16GB 240-Pin 1.35V"
3494,{'Output': 'match'},"{""match"": ""match""}"
3495,{'Output': 'mismatch'},"10pack\', \'type\': \'2.5 inch 10000RPM 200GB 6G 2.5 SAS SC SSD Hot-Plug 10000RPM 10000RPM 10000RPM 10000RPM 10000RPM"
3496,{'Output': 'mismatch'},"{""Output"": ""match""}"
3497,{'Output': 'mismatch'},"R 456896-001\', \'brand\': \'SATA\', \'sku\': \'10 Pack Wholesale 456896-001\', \'type\': \'Hard Drive\', \'description\': \'  \""456896-001 HP 400-GB 10K 3"
3498,{'Output': 'mismatch'},"\': \'455035b22\', \'brand\': \'Intel\', \'category\': \'HP\', \'Category\': \'Proliant Processor\', \'Sub-Category\': \'Intel Xeon\', \'Generation\': \'G5\', \'Part Number\': \'455035-B22\', \'Products ID\': \'45"
3499,{'Output': 'mismatch'},"': \'1066MHz\', \'Cache\': \'4MB\', \'description\': \'  ""492131-B21 HP Proliant G6 2.13GHz 4MB 4-Core Xeon Processor Board"" ""Null""   ""Description:HP Proliant 492131-B21 2.1"
3500,{'Output': 'mismatch'},"{""title"": ""Gigabyte GeForce GTX 1060 Mini ITX OC 6G""}"
3501,{'Output': 'mismatch'},"', \'category\': \'Hard Disks\', \'description\': \'  \""2.5\"" 1.8\"" Hard Drive 250 GB 7200 RPM SATA III 3.0 GB/s 3.5\"" 2.5\"" 1.8\"" Hard Drive 250 GB 7200 RPM SATA III 3."
3502,{'Output': 'mismatch'},"{""Output"": ""match""}"
3503,{'Output': 'mismatch'},"{""Output"": ""match""}"
3504,{'Output': 'mismatch'},"': \'Memory\', \'subcategory\': \'\', \'brand\': \'Corsair\', \'sku\': \'cmk16gx4m2a2400c16\', \'type\': \'\', \'description\': \'  \""Corsair Vengeance LPX CMK16GX4M2A2400C16 - Prij"
3505,{'Output': 'mismatch'},"Entity_2': '{\'title\': \'287497-B21 HP 1GB 266MHz DDR PC2100\', \'category\': \'\', \'subcategory\': \'\', \'brand\': \'HP\', \'sku\': \'287497b21\', \'type\': \'Registered 26"
3506,{'Output': 'mismatch'},"2': '{\'title\': \'628061-S21 HP 3TB 7.2K 3.5 SATA SC Hard Drive\', \'category\': \'7.2K 3.5 SATA SC\', \'subcategory\': \'7.2K 3.5 SATA SC\', \'brand\': \'HP\', \'sku\': \'6"
3507,{'Output': 'mismatch'},"wl\', \'type\': \'2.5-inch Hot-Swap SAS Hard Drive\'}', 'Entity_2': '{\'title\': \'HP DH0072BALWL 72-GB 3G 15K 2.5 DP SAS Hard Drive\', \'category\': \'\', \'subcategory\': \'\', \'brand\': \'HP"
3508,{'Output': 'mismatch'},HyperX Fury HX424C15FWK2/32 32GB 1600MHz DDR4 Memory Module 2x16GB 2133MHz CL15 2400MHz 2.5K 2.5K 2.5K 2.5K 2.5K 2.
3509,{'Output': 'match'},"': \'Hard Drive\', \'brand\': \'Seagate\', \'sku\': \'st31000640ns\', \'type\': \'Hard Drive\', \'description\': \'  \""ST31000640NS Seagate 1-TB 7.2K 3.5 SATA HDD \""@en-US  \""Null\"""
3510,{'Output': 'mismatch'},"0,-) 1000000000000000000000000000000000000000000000000000000000000000000000000000"
3511,{'Output': 'mismatch'},"8071-B21 \""HP  \""HP, 658071-B21, 500GB 6G SATA 7.2K rpm LFF\"" 658071-B21 \""HP  \""HP, 658071-B21, 500GB 6G SATA 7"
3512,{'Output': 'mismatch'},"100mm)\', \'description\': \'  \""400GB HP 10K 3.5 inch Internal Hard Drive 456896001\"" 400GB HP 10K 3.5 inch Internal Hard Drive | 456896001 | 456896-0"
3513,{'Output': 'mismatch'},"sku\': \'cah442wm9\', \'type\': 'Tower Case'}"", 'Entity_2': '{\""title\"": \""NZXT H440 New Edition\"", \""category\"": \""Computer Cases\"", \""subcategory\"": \""Mid Tower Cases\"", \""brand\"": \""NZXT\"", \""sku\"": \""primez270mplus\"", \""type\"": \""ATX"
3514,{'Output': 'mismatch'},"Port 10/100/1000Base-T 1GB 4-Port Adapter"" ""HP 665240-B21 1GB 4-Port 10/100/1000Base-T Adapter""  ""HP 665240-B21 1GB 4-Port"
3515,{'Output': 'match'},"{""match"": ""mismatch""}"
3516,{'Output': 'mismatch'},"{""Output"": ""match""}"
3517,{'Output': 'mismatch'},: Proliant DL580 G3 Xeon 3.16GHz 1GB 2.5-inch no HDD DVD/CD Gigabit Ethernet 4U 4-way Intel Xeon MP 3.16 GHz RAM 1 GB Hot-Swap 2.5-inch no HDD DVD/CD Gigabit Ethernet 4U 4-way Intel Xeon MP
3518,{'Output': 'mismatch'},"GB 16GB ac BT WC 3C 11.6"" HD MT Chrome\"" "" Lenovo 20GE0003US Notebooks 11.6"" Celeron N3160 4 GB RAM 16 S\"" "" Lenovo 20GE0003US Notebooks 11.6"" Celeron N"
3519,{'Output': 'mismatch'},"description\': \'  \""WD 6TB 6000MB/s 6000MB/s 6TB 2.5\"" 3.5\"" 2.5\"" 3.5\"" 2.5\"" 3.5\"" 2.5\"" 3.5\"" 2.5\"" 3.5\"" 2."
3520,{'Output': 'mismatch'},"{""Output"": ""mismatch""}"
3521,{'Output': 'mismatch'},"\'10.1 inch\', \'Title\': \'Amazon Kindle Fire HD 7 16GB 32GB 64GB 128GB 256GB 512GB 1TB 128GB 1TB 128GB 1TB 128GB 1TB 128GB 1TB"
3522,{'Output': 'mismatch'},"H (Low Profile)\', \'Spindle Speed\': \'15000RPM\', \'External Data Transfer\': \'3072MB/s\', \'Seek Time\': \'3.5ms\', \'HotSwap\': \'Yes\', \'price\': \'""CAD"", \""$219.73 CAD""\', \'description\': \'  \""4"
3523,{'Output': 'mismatch'},"{""Output"": ""match""}"
3524,{'Output': 'mismatch'},"GB 2.5-inch Serial Attached SCSI (SAS) SFF 6G Dual Port Hot-Plug 10K Hard DriveIn HPE Drive tray (as pictured)For G1-G7 Proliant\', \'sku\': [\'dg0146famwl\'], \'type\': \'Hard Drive - Hot-Swap\'}', 'Entity_"
3525,{'Output': 'mismatch'},0011 Price 2TB 3.5 6G SP SATA 7.2K 2TB 3.5 6G SP SATA 2TB 3.5 6G SP SATA 2TB 3.5 6G SP SATA 2TB 3.5 6G SP SATA 2TB 3.5 6G
3526,{'Output': 'match'},"{""Output"": ""match""}"
3527,{'Output': 'match'},"HP DL360 G5\', \'description\': \'  ""408851-B21 2GB 2x1GB 667MHz PC2-5300 DDE II SDRAM 240-pin DIMM 1.5V 168p 1Rx4 3.3V ECC SDRAM 1"
3528,{'Output': 'mismatch'},"ismatch'} 

{'Entity_1': '{\""mpn\"": \""[112650920g]\"", \""brand\"": \""Sapphire\"", \""category\"": \""Computers_and_Accessories\"", \""Official Release Date\\u00a0\"": \""Apr 18, 2017\"", \""PAX-Code\"": \""PAX000"
3529,{'Output': 'mismatch'},"3.5 inch Serial Attached SCSI (SAS) 15K 146GB 3072MB/s 3.5\"" 1/3H (Low Profile) 3.5ms 3.5ms 3.5ms 3.5ms 3.5ms 3.5ms 3.5ms 3."
3530,{'Output': 'mismatch'},"{""Output"": ""match""}"
3531,{'Output': 'mismatch'},10000NE0004 10TB 3.5 inch 6Gb/s SATA Hard Drive 24/7 3 Year Warranty 3 Year Warranty 3 Year Warranty 3 Year Warranty 3 Year Warranty 3 Year Warranty 3 Year Warranty 3 Year Warranty 3 Year Warranty 3 Year Warranty 3 Year Warranty 3 Year Warranty
3532,{'Output': 'mismatch'},"Vengeance LPX 64GB 2666MHz DDR4 1.2V 4x16GB 288Pin Unbuffered Memory Kit 4x16GB 2666MHz 1.2V\', \'subcategory\': \'Corsair Vengeance LPX 64GB 2666MHz 1.2"
3533,{'Output': 'mismatch'},"P Blade Memory\' }', 'Entity_2': '{\""description\"": \""  \""Dell - 300876-B21 BL20P G2 Xeon 2.8GHz 512 1P\"" \""Dell - 300876-B21 BL20P G2 Xeon 2.8GHz"
3534,{'Output': 'mismatch'},"\' }', 'Entity_2': '{\""title\"": \""Intel Core i7 6700 / 3.4 GHz processor\"", \""category\"": \""Intel processor\"", \""subcategory\"": \""BX80662I76700\"", \""brand\"": \""Intel\"", \""sku\"": \""bx80662i76700\"", \""type\"":"
3535,{'Output': 'mismatch'},", Black, 1250000000000000000000000000000000000000000000000000000000000000000000000000"
3536,{'Output': 'match'},"49.00\', \'description\': \'  \""PNY NVIDIA Quadro K1200 for DVI\""  \""PNY NVIDIA Quadro K1200 for DVI\""  \""PNY NVIDIA Quadro K1200 for DVI\""  \""PNY NVIDIA Quadro K1200 for DVI\""  \""PNY NVIDIA"
3537,{'Output': 'mismatch'},"st3750330ns2pack\'], \'type\': \'3.5-inch (SFF) SATA 7.2K 750GB 300MB/s 9ms 4.17ms 9000RPM 10000000000000000000"
3538,{'Output': 'mismatch'},"aal\': \'Nederlands\', \'description\': \'  \""495906-B21 HP Intel Xeon X5560\"" \""Null\""  \""495906-B21 HP Intel Xeon X5560 1333 MHz 128 Bit 12500000000"
3539,{'Output': 'mismatch'},"de processor wordt ingesloten. De socket is een belangrijke parameter die je moet controleren bij het kopen van een processor. De socket moet compatibel zijn met de motherboard."", \'Socket\': \'LGA1151\', \'description\': '  \""Intel Core i7-6700K 4GHz 4.2GHz 4 Cores"
3540,{'Output': 'mismatch'},"ant DL360 G5\', \'description\': \'  \""249674-001 HP 256MB DDR2 200MHz Memory Module 249674-001\"" ""HP 249674-001 - Server Memory - CDW.com  \""HP 2496"
3541,{'Output': 'mismatch'},"': \'Hard Drive\', \'Sub-Category\': \'15K\', \'description\': \'  \""May 2073-R 146-GB 15K 3.5 SP SAS 5 Pack\"", \""Null\""   \""Description:5 x 146GB Serial Attached SCSI (SAS) 15K 3.5-inch"
3542,{'Output': 'mismatch'},"\""HP - Intel Xeon 5339 2.80GHz 2.80GHz 2.80GHz 2.80GHz 2.80GHz 2.80GHz 2.80GHz 2.80GHz 2.80GHz 2.80GHz 2.80GHz 2"
3543,{'Output': 'match'},"GeForce GTX 1070 Windforce 2x OC 8192MB GDDR5 PCI-Express Graphics Card"" 1070 8GB 1228MHz 3520MB/s 192-bit Bus 1228MHz 3520MB/s 192-bit Bus 1228MHz"
3544,{'Output': 'mismatch'},"SP SATA\', \'subcategory\': \'2TB 7.2K SATA 6G 3.5 22-Position SATA Plug 22-Position SATA Plug 22-Position SATA Plug 22-Position SATA Plug 22-Position SATA Plug 22-Position SATA Plug 22-Position SATA Plug 22-Position SATA Plug"
3545,{'Output': 'mismatch'},"""Lenovo TopSeller N42 Celeron N3060 2GB 16GB 14"" HD Chrome""  ""Lenovo TopSeller N42 Celeron N3060 2GB 16GB 14"" HD Chrome""  ""Lenovo TopSeller N42 Celeron N3060"
3546,{'Output': 'mismatch'},"100-240 VAC, 50/60 Hz, 0.25 A, 60 W, 120 W (max), 120 W (max) 120 W (max) 120 W (max) 120 W (max) 120 W (max)"
3547,{'Output': 'mismatch'},"40AS Seagate 1-TB 7.2K 3.5 3G SATA HDD\""@es  ""ST31000340AS Seagate 1-TB 7.2K 3.5 3G SATA"", ""Null"" ""New ST31000340AS SATA 10 Pack Wholesale Price"
3548,{'Output': 'mismatch'},"13\': \'[0884200000003]\', \'brand\': \'Seagate\', \'category\': \'Hard Drive\', \'Category\': \'Hard Drive\', \'subcategory\': \'Hard Drive\', \'description\': \'  \""Seagate Barracuda 1TB 3.5 inch 7200RPM"
3549,{'Output': 'mismatch'},"0600 RegisteredCAS 9 Dual Rank x 4 DRAM Memory Kit"" ""Null"" ""500658-B21 HP 4GB (1x4GB) PC3-10600 RDIMM"" ""Null"" ""500658-B21 HP 4GB (1x4GB) PC3-1"
3550,{'Output': 'mismatch'},")\', \'description\': \'  ""456896-001 HP 400-GB 10K 3.5 DP SAS"", ""Null"" Price 456896-001-5Pack"" SAS 5 Pack Wholesale 456896-\', \'/mpn\': \'[45"
3551,{'Output': 'mismatch'},"\': \'200GB\', \'Interface Type\': \'Serial Attached SCSI\', \'Drive Interface Standard\': \'6Gb/s SAS\', \'price\': \'"" $575.95\"" \""USD\""', \'description\': \'  \""653078-B21 HP G8 G9 200-GB 6G 2"
3552,{'Output': 'mismatch'},"9,99\', \'description\': \'  \""NZXT H440 New Edition\""  \""NZXT H440 New Edition\""  \""NZXT H440 New Edition\""  \""NZXT H440 New Edition\""  \""NZXT H440 New Edition\""  \""NZXT H440 New Edition\""  \""NZXT"
3553,{'Output': 'mismatch'},"\': \'amd1600x\', \'type\': \'Processor\', \'description\': \'  \""AMD Ryzen 5 1600 3.2GHz 6-Core Processor\"" \""AMD Ryzen 5 1600 3.2GHz 6-Core Processor\""  \""AMD Ryzen 5 1600 3.2GHz"
3554,{'Output': 'mismatch'},"ven € 50,-)\': \'€ 0,-\', \'description\': \'  \""Corsair - Carbide 100R 1000mm 240mm 240mm 240mm 240mm 240mm 240mm 240mm 240mm 24"
3555,{'Output': 'mismatch'},",95\', \'Pakketpost 0-30 kg (onder €20,-)\': \'€ 2,95\', \'Pakketpost 0-30 kg (tot € 20,-)\': \'€ 2,95\', \'Pakketpost 0-30 kg (tot € 25,-)\': \'"
3556,{'Output': 'mismatch'},"\'subcategory\': \'Memory Module Kit\', \'sku\': \'f42400c15d16gvr\', \'type\': \'Memory Module Kit\'}', 'Entity_2': '{\'description\': \'  ""G.Skill - Ripjaws V Series 16GB (2 x 8GB) DDR4-2400"
3557,{'Output': 'match'},"15K 3G SAS Hard Drive - Hot-Swap Drive - HP DH0072BALWL-5Pack"", \""HP DH0072BALWL-5Pack\""  \""HP 72-GB 3G 15K 2.5 DP SAS\""  \""HP 72GB 3G 15K 2."
3558,{'Output': 'mismatch'},"0,-\', \'description\': \'  \""BenQ Zowie RL2455\"" \""BenQ Zowie RL2455\"" \""BenQ Zowie RL2455\"" \""BenQ Zowie RL2455\"" \""BenQ Zowie RL2455\"" \""BenQ Zowie RL2455\"" \""BenQ Zowie"
3559,{'Output': 'mismatch'},"{""Output"": ""match""}"
3560,{'Output': 'mismatch'},"ValueRAM 8 GB 1600 MHz 240-pin SODIMM\', \'description\': \'  \""Kingston ValueRAM - 8 GB 1600 MHz 240-pin SODIMM\"" \""Kingston ValueRAM 8 GB 1600 MHz 240-pin SODIMM\""  \""Kingston"
3561,{'Output': 'mismatch'},"{""Output"": ""mismatch""}"
3562,{'Output': 'mismatch'},"\'1\', \'Brand\': \'Samsung\', \'description\': \'  \""Samsung 16GB 1600 MHz DDR3 2GB 2x8GB 2GB 2GB 2GB 2GB 2GB 2GB 2GB 2GB 2GB 2GB 2GB 2GB 2GB 2GB"
3563,{'Output': 'mismatch'},"9H.LA9LB.QBE, 9H.LA9LB.RBE, 9H.LA9LB.TBE, 9H.LA9LB.WBE, 9H.LA9LB.XBE, 9H.LA9LB.YBE, 9H.LA9LB.ZBE, 9H.LA9LB.ABE, 9H.LA9LB.CBE,"
3564,{'Output': 'mismatch'},ne bay\'s zijn er beschikbaar op de harde schijf? 1 bay is een plek waar een harde schijf in kan worden gestoken. 1 bay is een plek waar een harde schijf in kan worden gestoken. 1 bay is een plek waar een harde schijf in kan worden gestoken. 1 bay
3565,{'Output': 'mismatch'},"inch, NAS, 7200rpm, 64MB Cache\'', 'brand': \'Western Digital\'}', 'Entity_2': '{\""title\"": \""Western Digital 2TB WD2003FZEX Black Performance Hard Drive - HDD\"", \""category\"": \""HDD\"", \""subcategory\"": \""Performance 3.5\"" HDD, \""brand\"": \"""
3566,{'Output': 'mismatch'},"\'HP\', \'sku\': \'306645-003\', \'type\': \'Hard Drive - Hot-Swap\', \'description\': \'  \""306645-003 HP 72.8-GB U320 SCSI 15K\"" \""Null\"" \""Description:HP 72.8-GB"
3567,{'Output': 'mismatch'},"0,-\', \'description\': \'  Corsair Vengeance LPX 16GB 2666 MHz DDR4 2400 MHz CL16 2x8GB 2400 MHz CL16 2400 MHz CL16 2400 MHz CL16 2400 MHz CL16 2"
3568,{'Output': 'mismatch'},"-Tower Hard Drive 3000GB 3.5\"" 3000GB 6G 7.2K 3.5 SATA SC 22-Position SATA Plug 250W 10000RPM 10000RPM 10000RPM 10000RPM"
3569,{'Output': 'match'},"', \'/mpn\': \'[449363b21]\', \'brand\': \'HP\', \'category\': \'\', \'Category\': \'Server Blade\', \'Sub-Category\': \'BL10e\', \'Generation\': \'G2\', \'Part Number\': \'449363-B21\', \'Products"
3570,{'Output': 'mismatch'},"01\', \'brand\': \'New 249675-001\', \'sku\': \'249675001\', \'type\': \'Wholesale\', \'description\': \'  ""249675-001 HP 512MB DDR 200MHz"", ""Null"" Price 2"
3571,{'Output': 'mismatch'},"'{\""brand\"": \""Samsung\"", \""category\"": \""Hard Drive\"", \""subcategory\"": \""Hard Drive\"", \""type\"": \""3.5 inch\"", \""description\"": \""  \""Samsung 3200 3200MB 3200MB 3200MB 3200MB 3200MB 3200MB 3"
3572,{'Output': 'mismatch'},"9,95)\': \'€ 0,-\', \'description\': \'  ""Kingston HyperX Fury black HX421C14FB2K2/16 Memory 16GB (2 x 8GB) DDR4-2400 Memory Kit 2 x 8GB 16GB 2400MHz 2."
3573,{'Output': 'mismatch'},"\': \'Pakketpost DPD\', \'description\': \'  \""Asus DUAL-GTX1060-3G 3GB 128-bit 1920x1080 256-bit 128-bit 1920x1080 256-bit 128-bit 1"
3574,{'Output': 'mismatch'},"\'title\': \'358348-B21 HP 1GB PC2700 (1x1GB) Module - 358348-B21\', \'category\': \'Electronics\', \'subcategory\': \'Computer Components\', \'brand\': \'HP\', \'sku\': \'358348b21\',"
3575,{'Output': 'mismatch'},"verbinding tussen de processor en de motherboard. De socket is een belangrijke parameter die je moet controleren bij het kopen van een processor. De socket moet compatibel zijn met je bestaande of nieuwe motherboard.\"": \'LGA1151\', \'description\': \'  \""Intel Core i7-7700 4 Core 3.6GHz 4"
3576,{'Output': 'mismatch'},"ial BX100 500GB SATA 2.5 Inch Internal Solid State Drive - CT500BX100SSD1\', \'category\': \'Hard Drive\', \'subcategory\': \'Hard Drive - Hard Drive\', \'brand\': \'Crucial\', \'sku\': \'ct500bx100ssd1\', \'type"
3577,{'Output': 'mismatch'},"3.5 inch\', \'Interface\': \'SATA\', \'description\': \'  \""ST31000340AS Seagate 1TB 3.5 inch SATA Hard Drive\""  \""ST31000340AS Hard Drive 1TB 3.5\""  \""ST31000340AS Hard Drive"
3578,{'Output': 'match'},"DG0300BAHZQ 300GB 10K 2.5"" 3G Dual Port Hot-Swap SAS Drive 5-Pack\', \'category\': \'Hard Drive\', \'subcategory\': \'10K 2.5"" 3G Dual Port Hot-Swap SAS Drive 5-Pack\', \'brand\': \'HP\', \'sku"
3579,{'Output': 'mismatch'},"\""CA-S340W-B3 Gaming Case with 2x 140mm Fans, 1x 140mm Fan, 1x 120mm Fan, 2x 3.5\"" Drive Bays, 3+1 2.5\"" Drive Bay, 7 Expansion Slots, 2x USB 3.0 Ports"
3580,{'Output': 'match'},"0K RPM\', \'description\': \'  \""HP 456896-001 - Prijzen ""@NL Tweakers""@NL\', \'title\': \'HP 456896-001 - Prijzen ""@NL Tweakers""@NL\', \'subcategory\': \'\', \'sku\': \'456896"
3581,{'Output': 'match'},"3000 Servers\', \'subcategory\': \'Servers\', \'description\': \'  \""Intel Xeon 5500 Series 2.0GHz 4MB Cache 1333MHz 64-bit 240000000000000000000000000000"
3582,{'Output': 'mismatch'},"{""Output"": ""match""}"
3583,{'Output': 'mismatch'},"{""Output"": ""match""}"
3584,{'Output': 'mismatch'},"{'Entity_1': '{\""description\"": \""  \""Dell 1300 - Prijzen \""@NL Tweakers\""@NL  \""1300\""@NL  \""1300\""@NL\"", \""title\"": \""Dell 1300 - Prijzen\"", \""category\"": \""\"", \""subcategory\"": \""\"", \""brand\"": \"""
3585,{'Output': 'mismatch'},"{""Output"": ""match""}"
3586,{'Output': 'mismatch'},"92666\', \'SKU\': \'TURBO-GTX1070TI-8G\', \'Tweakers ID\': \'989738\', \'description\': \'  \""Asus GeForce GTX 1070 Ti 8GB Turbo - graphics card 8 GB\"" \"" Asus TURBO-GTX1070TI"
3587,{'Output': 'mismatch'},"{""Output"": ""match""}"
3588,{'Output': 'mismatch'},-B21 120GB 5.4K 2.5 SATA 2.5 inch 1/8H 2.5 inch 1/8H 2.5 inch 1/8H 2.5 inch 1/8H 2.5 inch 1/8H 2.5 inch 1/8H 2
3589,{'Output': 'mismatch'},"post (onder €20,-)\': \'€ 4,95\', \'description\': \'  \""Corsair Vengeance LPX 32GB 2x16GB 2400MHz DDR3 15-17-15 CL9 Memory Kit\""  \""Corsair Vengeance LPX 32GB 2x16GB"
3590,{'Output': 'mismatch'},"{""Output"": ""match""}"
3591,{'Output': 'mismatch'},"{""brand"": ""Intel""}"
3592,{'Output': 'mismatch'},"\': \'Hard Drive\', \'brand\': \'Genuine HP\', \'sku\': \'456896-001\', \'type\': \'Hard Drive\', \'description\': \'  \""456896-001 HP 400-GB 10K 3.5 DP SAS HDD\""@en, \""HP"
3593,{'Output': 'match'},"pt 10/100Mbps (TL-SF1005D) - PCDIGA"", \'title\': \'Switch TP-Link 5 Portas 10/100Mbps (TL-SF1005D) - PCDIGA\', \'category\': \'\', \'subcategory\': \'\', \'brand\':"
3594,{'Output': 'mismatch'},"658071B21 500-GB 6G 7.2K 3.5 SATA SC HDD 1 Year Warranty 3 lb 4.4"" 7.3"" 1"" 3.5"" 7200RPM 6G 500GB 1 Year Warranty 3 lb 4"
3595,{'Output': 'mismatch'},"1/3H (Low Profile)\', \'Spindle Speed\': \'15000RPM\', \'External Data Transfer\': \'3072MB/s\', \'Seek Time\': \'3.5ms\', \'HotSwap\': \'Yes\', \'Pre-Failure Warranty\': \'Yes\', \'Hot Swap Tray\': \'Included/Attached\', \'"
3596,{'Output': 'mismatch'},"post (boven € 50,-)\': \'€ 0,-\'}', 'Entity_2': '{\""title\"": \""Kingston DataTraveler microDuo 3C 32GB\"", \""category\"": \""USB Drives\"", \""subcategory\"": \""Kingston\"", \""brand\"": \""Kingston\"", \""sku\"": \""dtduo3c32gb\"","
3597,{'Output': 'mismatch'},"mismatch'} 

{'Entity_1': '{\""description\"": \""400GB 10K 3.5 DP NHP SAS HDD\"", \""title\"": \""508429-001 HP 400-GB 10K 3.5 DP NHP SAS HDD\""}', 'Entity_2': '{\""description\"": \""  \"""
3598,{'Output': 'match'},"'}'

{'Entity_1': '{\""description\"": \""  \""658102-001 HP G8 G9 2-TB 6G 7.2K 3.5 SATA SC\"" \""Null\""   \""Description:5 x HPE 2TB 3.5-inch (LFF) Se\"", \""title\"": \""658"
3599,{'Output': 'mismatch'},"\'Categorie\': \'Systeem\', \'Merk\': \'Samsung\', \'Product\': \'Samsung 320GB 3.5 inch 7200 rpm Harddisk\', \'Uitvoering\': \'Samsung 320GB 3.5 inch 7200 rpm Harddisk\', \'EAN\': \'84"
3600,{'Output': 'mismatch'},"011-3, 128 GB Max, 8 x 2400/2133 Mhz, 2400/2133 Mhz, 2400/2133 Mhz, 2400/2133 Mhz, 2400/2133 Mhz"
3601,{'Output': 'mismatch'},"13\': \'740617237443\', \'Brand\': \'Kingston\', \'description\': \'  \""Kingston HyperX Predator 480GB M.2 2280 SATA 3.0 300MB/s\"" \""Null\""  \""Kingston HyperX Predator 480GB M."
3602,{'Output': 'mismatch'},")\': \'€ 0,-\', \'Pakketpost Nederland (vanaf € 50,-)\': \'€ 0,-\', \'Pakketpost Nederland (vanaf € 25,-)\': \'€ 0,-\', \'Pakketpost Nederland (vanaf € 100,-)\': \'€ 0,-\', \'Pakketpost"
3603,{'Output': 'mismatch'},"{""Output"": ""match""}"
3604,{'Output': 'mismatch'},"': \'ST31000340AS Seagate 1-TB 7.2K 3.5 3G SATA HDD\', \'subcategory\': \'\', \'sku\': \'st31000340as\'}, {\'title\': \'ST31000340AS Seagate 1-TB"
3605,{'Output': 'mismatch'},"53475-B21 HP Xeon 2.0GHz ML370 G5\"" \""Null\""   \""Description:Intel Xeon E5335 ML370 G5(2.00GHz/4-core/8MB/80W) CPQFull Processor Option KitPart Number(s)Option Part# 45347"
3606,{'Output': 'mismatch'},"{'Entity_1': '{\""brand\"": \""Apple\"", \""category\"": \""Hard Drive\"", \""description\"": \""  \""Apple 1.8-inch 250GB 5400 RPM Internal Hard Drive\""@en\"", \""title\"": \""Apple 1.8-inch 250GB 5400 RPM Internal Hard Drive\"", \""subcategory\"": \""LN4"
3607,{'Output': 'match'},"\'description\': \'  \""ST2000NM0011-SC Seagate 2TB 7.2K 3.5 SATA HDD\"" \""ST2000NM0011-SC Seagate 2TB 7.2K 3.5 SATA HDD\""  \""ST2000NM0011-SC"
3608,{'Output': 'mismatch'},"{""Answer"": ""mismatch""}"
3609,{'Output': 'mismatch'},"\'Pakketpost (vanaf € 100,-)\': \'€ 0,-\', \'Pakketpost (vanaf € 150,-)\': \'€ 0,-\', \'description\': \'  ""Cooler Master MasterCase Pro 3 - 300 mm 2x 3.5 inch bays, 2x"
3610,{'Output': 'mismatch'},"ketpost (vanaf € 10,-)\': \'€ 0,-\', \'description\': \'  ""Kingston ValueRAM KVR13N9S8HK2/8 8GB 1333MHz 240p 1.5V 1.5V 1.5V 1.5V 1.5V"
3611,{'Output': 'mismatch'},"600C18)\', \'sku\': [\'cmk16gx4m2b3600c18\'], \'type\': \'Memory - Desktop - DDR4 3600MHz 16GB (2 x 8GB) Unbuffered Non-ECC 1.35V 2.5V 28"
3612,{'Output': 'mismatch'},"-Swap\', \'Form Factor\': \'3.5 inch x 1 inch Plug-in Module\', \'Capacity\': \'450GB\', \'Interface Type\': \'FC-AL\', \'Data Transfer Rate\': \'2GB/s\', \'Rotational Speed\': \'10000RPM\', \'Pins\': \'40\', \'Manufacturer\':"
3613,{'Output': 'mismatch'},"Drive\'', 'Entity_2': '{\'title\': \'404712-001 HP 146-GB U320 SCSI 15K HDD\', \'category\': \'404712-001 HP 146-GB U320 SCSI 15K HDD\', \'subcategory\': \'"
3614,{'Output': 'mismatch'},"Memory Module\', \'category\': \'Product data Hewlett Module memory modules\', \'subcategory\': \'Long product name Hewlet\', \'brand\': \'Hewlett Packard Enterprise\', \'sku\': \'287497b21\', \'type\': \'DDR 266MHz Memory Module\', \'description\': \'  \""28749"
3615,{'Output': 'mismatch'},"\'description\': \'  \""Gigabyte Radeon RX 550 D5 2G\"" \""Gigabyte Radeon RX 550 D5 2G 2GB 128-bit 128-bit 128-bit 128-bit 128-bit 128-bit 128-bit 128-bit"
3616,{'Output': 'mismatch'},"060 3GB\'}'} -> mismatch

{'Entity_1': '{\""brand\"": \""Samsung\"", \""category\"": \""Hard Disk Drives\"", \""description\"": \""  \""Samsung 32GB 3.5\"" 3200rpm 32MB Cache Hard Drive\"", \""title\"": \""Samsung 32GB 3.5\"" 32"
3617,{'Output': 'mismatch'},Packard Enterprise 394793-B21 1000 Mbps 1 Gbps 3.5 inch 1000 Mbps 1 Gbps 1000 Mbps 1 Gbps 1000 Mbps 1 Gbps 1000 Mbps 1 Gbps 1000 Mbps 1 Gbps 1
3618,{'Output': 'mismatch'},"'{\'title\': \'432103-B21 HP Smart Array P600/512 BBWC Controller Factory Integrated Only\', \'category\': \'Computers_and_Accessories\', \'subcategory\': \'432103-B21 Price\', \'brand\': \'HP\', \'sku\': \'432103-B"
3619,{'Output': 'mismatch'},"7.2K 3.5 6G SATA Hard Drive\', \'category\': \'HardDrive\', \'subcategory\': \'ST1000NM0033 SATA 10 Pack Wholesale Price\', \'brand\': \'Seagate\', \'sku\': \'st1000nm0033, st1000nm0033"
3620,{'Output': 'mismatch'},"{""Output"": ""match""}"
3621,{'Output': 'mismatch'},"MB/s Write, 64GB, 1000000000000000000000000000000000000000000000000000000000000000000000"
3622,{'Output': 'mismatch'},"7200RPM 3.5in 300MB/s 16MB Cache ST3500630NS 10 Pack\', \'category\': \'Hard Drives\', \'subcategory\': \'Hard Drives\', \'brand\': \'Seagate\', \'sku\': \'st3500630ns10pack\',"
3623,{'Output': 'mismatch'},"sku\': \'ct8g4dfd824a\', \'type\': \'Memory - DDR4 2400MT/s 8GB 1.2V 288-pin Unbuffered Non-ECC UDIMM\' }', 'Entity_2': '{\""title\"": \""Crucial - DDR4 8 GB DIMM 288"
3624,{'Output': 'mismatch'},"-B21 333MHz 1GB 1x 1GB 168-pin SDRAM Memory Module for HP Proliant Servers"" 358348-B21 333MHz 1GB 1x 1GB 168-pin SDRAM Memory Module for HP Proliant Servers 1141251"
3625,{'Output': 'mismatch'},"Attached SCSI\', \'Spindle Speed\': \'15000RPM\', \'description\': \'  \""HP 512743-001 72-GB 3G 15K 2.5 DP SAS HDD\""   \""Description:72GB 2.5-inch Serial Attached SCSI (SAS) 15K"
3626,{'Output': 'mismatch'},"type\': \'Hard Drive 3.5\"" 1TB 5400 RPM 64MB Purple 1000204MB 1000204MB 1000204MB 1000204MB 1000204MB 1000204MB"
3627,{'Output': 'mismatch'},"410i 300MB/s 256MB 12 Drive 512MB DDR2 SDRAM Controller"", \""Null\"" \""New 578230-B21 Wholesale Price 578230-B21\' \""578230-B21 HP Smart Array P410i 300"
3628,{'Output': 'mismatch'},"', 'Entity_2': '{\""title\"": \""432803-B21 HP 512MB PC2-5300 ECC DIMM\"", \""category\"": \""Null\"", \""subcategory\"": \""Description:HP 512MB Unbuffered PC2-5300 ECC DIMM (1 x 512MB)Part Number(s"
3629,{'Output': 'match'},7/G8/G9/G10/G11/G12/G13/G14/G15/G16/G17/G18/G19/G20/G21/G22/G23/G24/G25/G26/G27/G28/G29/G30/G31/G32/G33/G34
3630,{'Output': 'mismatch'},"': \'bd03656aba5pack\', \'type\': \'Hard Drive Hot-Swap\', \'description\': \'  \""BD03655B28 HP 36.4-GB 10K FC-AL\"" \""BD03655B28 HP 36.4-GB 10K FC-AL"
3631,{'Output': 'mismatch'},"\'description\': \'  \""Asus GeForce GTX 1070 Ti 8GB Turbo - Prijzen \""@NL Tweakers\""@NL', \'title\': \'Asus TURBO-GTX1070TI-8G - Prijzen \""@NL Tweakers\""@NL\', \'subcategory\': \'90YV0BJ0-M"
3632,{'Output': 'mismatch'},"8GHz DL120 G5\', \'category\': \'Server Components\', \'subcategory\': \'Server Processors\', \'brand\': \'HP\', \'sku\': \'533993b22\', \'type\': \'Processor\', \'description\': \'  ""533993-B22 HP Xeon E7400"
3633,{'Output': 'match'},"4300WMHKBOX\', \'description\': \'  \""AMD FX-4300 3.8GHz 4-Core 95W AM3+ CPU\""@en AMD FX-4300 3.8GHz 4-Core 95W AM3+ CPU - CP-AFX4300 - CP-AFX4300"
3634,{'Output': 'mismatch'},"100 x 100 mm\', \'description\': \""  \""Dell Inspiron 13 3137 13.3\"" 1.84\"" 4.43\"" 4.7\"" 105 x 110 mm 100 x 100 mm 1.84\"" x"
3635,{'Output': 'mismatch'},HP X5560 2.80GHz ML350 G6 4-Core 8MB 95W Intel Xeon Processor 2.80GHz Socket B LGA-1366 1333MHz 45nm 4500000000000000000000
3636,{'Output': 'mismatch'},"Null"" Price 587507-B21 ""New 587507-B21 G7 Wholesale Price 587507-B21""}'} -> match:mismatch}

{'Entity_1': '{\""brand\"": \""Samsung\"", \""category\"": \""Hard disk drive\"", \""description\"": \""  \""Samsung 320GB 3"
3637,{'Output': 'mismatch'},"el™ Xeon™ Processor X3220 DL120 G5(2.40GHz/4-core/8MB/95W)Full Option Kit\', \'brand\': \'HP\', \'sku\': \'533993b22\', \'type\': \'Intel Xeon E7400 DL120 G5("
3638,{'Output': 'mismatch'},"{""Output"": ""match""}"
3639,{'Output': 'mismatch'},",-\': \'€ 0,-\', \'description\': \'  \""Intel Core i7-7700K 4.2GHz 14MB Cache 7 Series Socket 1151 3.5V 3.5V 3.5V 3.5V 3.5V 3.5V 3.5V"
3640,{'Output': 'mismatch'},"Asus Prime Z270M-Plus\', \'Productserie\': \'Prime Z270M-Plus\', \'EAN\': \'889349574225\', \'SKU\': \'primez270mplus\', \'description\': \'  \""Asus Prime Z270M-Plus 90MB0"
3641,{'Output': 'mismatch'},",-)\': \'€ 0,-\', \'description\': \'  \""Corsair Vengeance LPX CMK16GX4M4C3200C16\""  \""Null\""  \""Corsair Vengeance LPX 16GB 2400MHz 2Tb 2400MHz 1.5V 1.5"
3642,{'Output': 'mismatch'},"{""Output"": ""mismatch""}"
3643,{'Output': 'mismatch'},"]\', \'category\': \'Computers_and_Accessories\', \'Category\': \'Hard Drives\', \'Sub-Category\': \'Hard Drive Bays\', \'description\': \'  \""Hard Drive Bay Adapter 2.5\"" 3.5\"" SATA 3.0 6GB/s 120mm 130mm 130mm"
3644,{'Output': 'mismatch'},"590-001 ML370T G3 Xeon 3.06GHz 512k\', \'subcategory\': \'Servers\', \'type\': \'Server\'', 'Entity_2': '{\'title\': \'HP ProLiant ML370T G3 3.06GHz 512K 2-Processor"
3645,{'Output': 'mismatch'},"{""Output"": ""mismatch""}"
3646,{'Output': 'mismatch'},"{""Output"": ""match""}"
3647,{'Output': 'match'},"370mm\', \'description\': \'  \""Corsair Carbide 100R Silent Edition\"" ""Corsair 100R 2.5\"" Internal 4 3.5\"" Internal 4 5.25\"" External 2 7 Expansion Slots 414mm Max GPU 370mm Max PSU 2 Years Warranty"
3648,{'Output': 'mismatch'},"\'431943-003\', \'description\': \'  \""431943-003 HP 431943-003 HDD Part# -431943-003\"" \""Null\""   \""Description:431943-003 HP 43194"
3649,{'Output': 'mismatch'},"\'3M\', \'description\': \'  \""3R 72.8GB 15K 3.5in Hard Drive\"" Drive - 3RA3851-AA 10Pack NCIX\""', \'title\': \'3R 72.8GB 15K 3.5in Hard Drive - 3RA385"
3650,{'Output': 'mismatch'},"{""Output"": ""match""}"
3651,{'Output': 'match'},"Merk\': \'AMD\', \'Product\': \'AMD FX-4300 3.8GHz 4-Core 8MB Cache AM3+ 95W\', \'Categorie\': \'Processors\', \'MPN\': \'fd4300wmhkbox\', \'GTIN13\': \'730143302"
3652,{'Output': 'mismatch'},"': \'Hard Drive - Hot-Swap\' }', 'Entity_2': '{\'title\': \'BD03656ABA HP 36.4-GB 10K FC-AL HDD\', \'category\': \'HPE\', \'subcategory\': \'Drive\', \'brand\': \'HPE\', \'sku\': \'BD03656"
3653,{'Output': 'mismatch'},"e (3.0) x1 slots\': \'1x\', \'description\': \'  \""ASUS PRIME X99-A WS Motherboard\"", \""Null\"" Price 90MB0L00M0EAY0', \'title\': \'ASUS PRIME X99-A WS Motherboard 90MB0L00M0EAY"
3654,{'Output': 'mismatch'},"': \'  \""Corsair Vengeance White LED 16GB DDR4 3000 Memory Kit 2x 8GB\""  \""Corsair 16GB 2x8GB DDR4 3000 Memory Kit 2x 8GB\""  \""Corsair 16GB 2x8GB DDR4 3000 Memory"
3655,{'Output': 'mismatch'},"{""Output"": ""match""}"
3656,{'Output': 'match'},") 1TB 7.2K 3.5 6G SATA HDD\', \'sku\': \'st1000dm003\', \'type\': \'Hard Drive - Internal 3.5 inch (I) SATA III 7200 RPM 64 MB Cache 1TB 3.5\"" 6G SATA III 72"
3657,{'Output': 'mismatch'},"""Null"" ""HP ProLiant BL20p 3.06GHz 323146-B21 3.06GHz 3.06GHz 3.06GHz 3.06GHz 3.06GHz 3.06GHz 3.06GHz 3.06GHz 3.0"
3658,{'Output': 'mismatch'},"(TL-PA7020P KIT)\', \'brand\': \'TP-LINK\', \'sku\': \'tlpa7020pkit\', \'type\': \'Powerline Adapter Kit\'', 'Entity_2': '{\'title\': \'TP-LINK AV1000 2-Port Gigabit Passthrough Powerline Starter Kit (TL"
3659,{'Output': 'mismatch'},"description\': \'  \""Kingston DataTraveler SE9 G2 128GB\"", \""Null\"" 128GB USB 3.0 3.1 3.2 3.0 3.1 3.2 3.2 3.1 3.2 3.1 3.2 3.1 3"
3660,{'Output': 'mismatch'},"\': \'€ 2,50\', \'description\': \'  ""Corsair Flash Voyager Slider X2 128GB - 128GB USB 3.0 Harddisk Drive - Blauw"" "" Corsair Flash Voyager Slider X2 128GB USB 3.0 Harddisk Drive - Blauw  ""Corsair Flash Voyager Slider"
3661,{'Output': 'match'},80646I54460 | 4460 3.2GHz 4-Core 84W Haswell 4460 3.2GHz 4-Core 84W Haswell 4460 3.2GHz 4-Core 84W Haswell 4460 3.2GHz
3662,{'Output': 'mismatch'},"112pack\'], \'type\': \'SATA SC\' }', 'Entity_2': '{\""title\"": \""Null\"", \""category\"": \""658102001 HP G8 G9 2000-GB 6G 7.2K 3.5 SATA SC\"", \""subcategory\"": \""New 65810"
3663,{'Output': 'mismatch'},1070 8GB Gaming X 8GB 1070 8GB Gaming X 8GB 1070 8GB Gaming X 8GB 1070 8GB Gaming X 8GB 1070 8GB Gaming X 8GB 1070 8GB Gaming X 8GB 1
3664,{'Output': 'match'},"-In\', \'description\': \'  \""BD1465822C-2Pack BD1465822C\"" \""New BD1465822C BD1465822C-2Pack Whole"", \""Null\"" Price BD1465822C-2Pack"", \""Null\"" Price BD14"
3665,{'Output': 'mismatch'},"\', \'description\': \'  ""Intel - Celeron N3150 2.08GHz 2MB Cache 2.08GHz 45nm 1.8V 1.8V 1.8V 1.8V 1.8V 1.8V 1.8V 1.8V 1"
3666,{'Output': 'mismatch'},"0-GB 6G 2.5 SAS SC SSD 2 Pack\', \'subcategory\': \'Hard Drive\', \'sku\': \'653078-b21-2Pack\', \'type\': \'Solid State Drive 2.5-inch 6Gb/s SAS 200GB\'}', 'Entity_2': '{\'title\': \'"
3667,{'Output': 'mismatch'},"06-B21\', \'Products ID\': \'192106192106\', \'description\': \'  \""192106-B21 HP 110/220GB 4000 Series Tape Drive\"", \""Null\"" \""New 192106-B21 110/"
3668,{'Output': 'mismatch'},"{""Output"": ""match""}"
3669,{'Output': 'mismatch'},"\', \'description\': \'  \""Seagate ST1000NM0033 1TB 3.5 inch 7.2K SATA Hard Drive\""  \""Seagate ST1000NM0033 1TB 3.5 inch 7.2K SATA Hard Drive\""  \""Seagate ST1000NM00"
3670,{'Output': 'mismatch'},"\'iDeal\': \'€ 0,-\', \'Totaal\': \'€ 424,53\', \'Pakketpost DPD\': \'€ 3,95\', \'Pakketpost 0-30 kg\': \'€ 4,95\', \'iDeal (vanaf € 10,-)\': \'€"
3671,{'Output': 'mismatch'},-16GVR 16GB 2x8GB DDR4 2400MHz CL15 Desktop Memory Kit 2400MHz CL15 2x8GB 16GB 2400MHz CL15 2400MHz CL15 2400MHz CL15 2400MHz CL
3672,{'Output': 'mismatch'},"{""sku"": ""ST500DM002""}"
3673,{'Output': 'mismatch'},")\': \'€ 0,-\', \'Pakketpost (boven € 20,-)\': \'€ 0,-\', \'description\': \'  \""Intel Core i7-6700K 4.00 GHz 6 Cores 12 Threads 100W 125W 125W 125W"
3674,{'Output': 'mismatch'},"80 Windowed Full Tower PC Gaming Case - 761345838009\', \'sku\': \'761345838009\', \'type\': \'Full Tower Case\'', 'Entity_2': '{\""title\"": \""Antec P380 Windowed Full Tower PC Gaming Case - 761"
3675,{'Output': 'mismatch'},"{""Output"": ""match""}"
3676,{'Output': 'mismatch'},"{""Match"": ""match""}"
3677,{'Output': 'mismatch'},"Verkoopstatus De verkoopstatus van een product geeft aan of het product nog beschikbaar is of niet.\': \'In verkoep\', \'description\': \'  \""Intel Core i7-6700K 4GB 4.0GHz 4.2GHz 4.0GHz 4.0GHz 4.0GHz 4"
3678,{'Output': 'mismatch'},"Server\', \'description\': \'  \""500668-B21 1GB 1333MHz 1333MHz 1333MHz 1333MHz 1333MHz 1333MHz 1333MHz 1333MHz 1333MHz 1333"
3679,{'Output': 'mismatch'},"{""Output"": ""mismatch""}"
3680,{'Output': 'mismatch'},"{""Output"": ""match""}"
3681,{'Output': 'mismatch'},"\': \'HP 300GB 10K 2.5 inch 3G SAS 10K DG0300BAHZQ\', \'category\': \'Hard Drives\', \'subcategory\': \'Hard Drives\', \'brand\': \'HP\', \'sku\': [\'dg0300bahzq\'], \'type\':"
3682,{'Output': 'mismatch'},"\'description\': \'  \""WD 3TB My Passport 3TB Hard Drive - Prijzen \""@NL Tweakers\""@NL', \'title\': \'WD 3TB My Passport 3TB Hard Drive - Prijzen \""@NL Tweakers\""@NL\', \'subcategory\': \'\', \'brand\': \'Western Digital\', \'sku\': \'"
3683,{'Output': 'match'},10000000000000000000000000000000000000000000000000000000000000000000000000000000
3684,{'Output': 'mismatch'},"{""name"": ""BD03655B28""}"
3685,{'Output': 'mismatch'},"description\': \'  \""MSI GeForce GTX 1080 GAMING 8G - graphics card 8 GB\"" \""MSI GeForce GTX 1080 GAMING 8G - 8 GB\""', \'title\': \'MSI GeForce GTX 1080 GAMING 8G - graphics card 8 GB\', \'subcategory\': \'Ge"
3686,{'Output': 'mismatch'},"ns\', \'type\': \'Hard Drive\', \'description\': \'  ""ST31000524NS Seagate 1-TB 7.2K 3.5 3G SATA HDD"" ""Null"" ""New ST31000524NS SATA 5 Pack Wholesale Price ST31000524NS-"
3687,{'Output': 'mismatch'},"{""Output"": ""match""}"
3688,{'Output': 'mismatch'},"\'description\': \'  \""631671-B21 HP Smart Array P420/2GB with FBWC - Storage control\"" \""Null\""   \""Description: HP Smart Array P420/2GB with FBWC - Storage controller for 10000/10000/10000/1000"
3689,{'Output': 'mismatch'},"{""Output"": ""mismatch""}"
3690,{'Output': 'mismatch'},"\', \'description\': \'  \""ReadyNAS 2120 2 Bay Network Attached Storage (NAS) System with 2.5"" SATA Hard Drives or SSDs\""  \""ReadyNAS 2120 2 Bay Network Attached Storage (NAS) System with 2.5\"" SATA Hard Drives or SSDs\""  \""ReadyNAS 212"
3691,{'Output': 'mismatch'},"22,36\', \'description\': \'  \""Kingston DataTraveler 100 G3 32GB\"", \""Null\""  \""Description:Kingston DataTraveler 100 G3 32GB\""  \""Description:Kingston DataTraveler 100 G3 32GB\""  \""Description:Kingston DataTravel"
3692,{'Output': 'mismatch'},"\'description\': \'  \""Intel Core i7-6700K 4.00GHz 6-Core 12-Thread 125W 4.40GHz Turbo 125W 14MB Cache 10000000000000000000000000"
3693,{'Output': 'mismatch'},"\'Hard Drive\', \'Generation\': \'10000RPM\', \'Part Number\': \'238921-B21\', \'Products ID\': \'461042\', \'Manufacturer\': \'HP\', \'Form Factor\': \'3.5 inch\', \'Hard Drive Type\': \'SATA\', \'Hard Drive Capacity\':"
3694,{'Output': 'mismatch'},"'/gtin13\': \'[4719072419516]\', \'category\': \'Motherboard\', \'Categorie\': \'Moederborden\', \'Merk\': \'MSI\', \'Product\': \'MSI Z170I Gaming Pro AC\', \'Uitvoering\': \'MSI Z1"
3695,{'Output': 'match'},inch HDD 1000GB 1TB 1TB 1TB 1TB 1TB 1TB 1TB 1TB 1TB 1TB 1TB 1TB 1TB 1TB 1TB 1TB 1TB 1TB 1TB 1TB 1TB 1TB 1TB 1TB
3696,{'Output': 'match'},"HS-1 Micro Secure Digital High Capacity Card w/o \', \'category\': \'New\', \'subcategory\': \'SanDisk SDSDQM-016G-B35 16GB 8p Micro SDHC Class 4 UHS-1 Card 10000000000000000000000"
3697,{'Output': 'mismatch'},"308588\', \'brand\': \'AMD\', \'description\': \'  \""AMD A10-9700E 3.4GHz 4MB Cache 4GB 256MB DDR3 1333MHz 128MB HDMI 128MB DVI 128MB VGA 128MB"
3698,{'Output': 'match'},"\'subcategory\': \'Memory\', \'brand\': \'HPE\', \'sku\': \'500658B21\', \'type\': \'Memory\', \'description\': \'  \""HPE - DDR2 4 GB : 2 x DIMM 240-pin\""@en-US  \""HP 500658-B21"
3699,{'Output': 'mismatch'},"': \'€ 4,95\', \'description\': \'  ""Gigabyte GA-Z270N-WIFI"" Motherboard (GA-Z270N-WIFI) PCPartPicker""\'}', 'Entity_2': '{\'title\': \'Gigabyte - GA-Z270N-WIFI Motherboard\', \'category\': \'Motherboards\',"
3700,{'Output': 'mismatch'},"PAC\', \'description\': \'  \""Seagate Barracuda 1000GB 3.5\"" SATA 7200RPM Hard Drive (ST31000340AS) - Prijzen \""@NL Tweakers\""@NL\', \'title\': \'Seagate Barracuda 1000GB 3."
3701,{'Output': 'mismatch'},", dl165g6572071b21\', \'type\': \'Solid State Drive\', \'description\': \'  ""572071-B21 HP 60-GB 2.5 MDL SATA SSD"" ""DL165 G6 572071-B21 SSD Part# DL16"
3702,{'Output': 'mismatch'},"1 GB 7200 rpm Hard Drive 3.5"" 1 inch 12-bit SCSI Ultra 2 Wide (12-bit) 80 MBps (external) 7.5 ms (average) / 16.0 ms (max) 0.8 ms Track-to-track Seek Time 3.5"" x 1/3H Prop"
3703,{'Output': 'mismatch'},"\', \'type\': \'Hard Drive - Hot-Swap\'}', 'Entity_2': '{\""title\"": \""Samsung 840 Series MZ-7TD120BW 120GB SATA 6.0Gb/s 2.5\"" Internal Solid State Drive (SSD) - Micro Center\"", \""category\"": \""Computers & Accessories\"", \""subcategory"
3704,{'Output': 'mismatch'},"99""\', \'description\': \'  \""345020-B21 HP G2 2 x Intel Xeon 3.2 GHz 2 MB L3 cache 1 MB cache per processor 2 x 10/100/1000 Base-T Ethernet 2 x 10/100/1000 Base"
3705,{'Output': 'mismatch'},"\'€ 2,95\', \'description\': \'  \""Intel Core i3 4150 Unlocked\""@en Processor LN65564 - BX80646I34150 | S', \'title\': \'Intel Core i3 4150 Unlocked\', \'subcategory\': \'Desktop Processor\', \'brand\"
3706,{'Output': 'mismatch'},"DRAM DIMM\', \'category\': \'Memory\', \'subcategory\': \'Description:Smart Modular 512MB PC3200 ECC SDRAMDIMM Module Proliant ML110 DL320 G3Part Number(s) Option Part# 354560-B21\', \'brand\': \'HP\', \'sku\': \'3"
3707,{'Output': 'mismatch'},"\'5 Pack Wholesale\'}', 'Entity_2': '{\'title\': \'417190-002 HP 72-GB 15K 3.5 DP SAS HDD\', \'category\': \'HP\', \'subcategory\': \'Hard Drives\', \'brand\': \'HP\', \'sku\': [\'41719"
3708,{'Output': 'mismatch'},".4K 2.5-inch SFF Hot-Plug Hard Drive In HPE Hot-Plug Hard Drive tray (as pictured)\', \'brand\': \'HP\', \'sku\': \'431786b21\', \'type\': \'Hard Drive - Hot-Swap\', \'description\': \'  \""431786-B21 HP"
3709,{'Output': 'mismatch'},"2,95\', \'description\': \'  \""Kingston MicroSDHC 32GB Class 4 + Adapter\""  \""Kingston MicroSDHC 32GB Class 4 + Adapter\""  \""Kingston MicroSDHC 32GB Class 4 + Adapter\""  \""Kingston MicroSDHC 32GB Class 4 + Adapter\"""
3710,{'Output': 'mismatch'},"0GB\', \'Storage Capacity\': \'200GB\', \'Technology\': \'SATA III 6 Gb/s\', \'Form Factor\': \'3.5 inches\', \'description\': '  \""HP 653124-B21 200GB 3.5 inch SATA III 6 Gb/s 3600 RPM"
3711,{'Output': 'mismatch'},"1080 Ti AMP Edition 11264MB GDDR5X PCI-Express Graphics Card (ZT-P10810D-10P)\', \'category\': \'Graphics Cards\', \'subcategory\': \'Zotac Graphics Cards\', \'brand\': \'Zotac\', \'sku\': \'ztp10810d"
3712,{'Output': 'mismatch'},"famwl5pack\', \'type\': \'Hard Drive - Hot-Swap 146GB 10K 2.5 DP SAS 6G 10000RPM 146GB 2.5-inch Serial Attached SCSI (SAS)SFF 6G Dual Port Hot-Plug 10K Hard DriveIn HPE Drive"
3713,{'Output': 'mismatch'},"10 UHS-I ULTIMATE"" "" SanDisk UHS-I SDSDUNC-064G-GN6IN Flash Memory Cards 64GB 80MB/s 1000000000000000000000000000000000000000"
3714,{'Output': 'mismatch'},"{""Output"": ""mismatch""}"
3715,{'Output': 'mismatch'},"-Owned\': \'No\', \'description\': \'  \""Seagate ST3750330NS 750GB 3.5 inch 15K 15000RPM Hard Drive - 2 Pack\""@en-US \""Seagate ST3750330NS 750GB 3.5 inch 1"
3716,{'Output': 'mismatch'},"{""title"": ""Samsung 850 EVO 1TB M.2 - 2280""}"
3717,{'Output': 'mismatch'},") 3TB 5400RPM 6GB/s 64MB Cache HDD OEM\', \'subcategory\': \'Hard Drive\', \'brand\': \'Western Digital\', \'sku\': \'wd30efrx\', \'type\': \'Hard Drive - 3TB 5400RPM 6GB/s 64MB Cache HDD OEM -"
3718,{'Output': 'mismatch'},"Kingston Ultimate - flash memory card 64 GB SDXC"" "" Kingston SDXC SDA10/64GB Flash Memory Cards C\', \'category\': \'Kingston SDXC SDA10/64GB Flash Memory Cards\', \'Categorie\': \'Geheugenkaarten\', \'Merk\': \'Kingston\', \'Product\': \'Kingston"
3719,{'Output': 'mismatch'},590-001 1.5GB 1.5GB 1.5GB 1.5GB 1.5GB 1.5GB 1.5GB 1.5GB 1.5GB 1.5GB 1.5GB 1.5GB 1.5GB 1.5GB 1.
3720,{'Output': 'mismatch'},".148,29\', \'description\': \'  \""Synology DS1517+ (8GB ram)\""  \""DS1517+ (8GB)\""  \""DS1517+(8GB)\""  \""DS1517+ 8GB RAM\""  \""DS1517+ 8GB RAM"
3721,{'Output': 'mismatch'},"PE\', \'sku\': \'500668b21\', \'type\': \'1GB 1066MHz DDR3 PC3-10600 UDIMM\', \'description\': \'  ""500668-B21 HP 1GB (1x1GB) PC3-10600 UDIM"
3722,{'Output': 'match'},"15K 5.75\"" 1.0\"" 4.0\"" 15000RPM 320MB/s 4.9ms 512 Bytes/Sec 36GB 341-1237 341-1237 341-1237 34"
3723,{'Output': 'mismatch'},",-\', \'description\': \'  \""BenQ Zowie RL2455\""@NL Tweakers\""@NL', \'title\': \""BenQ Zowie RL2455 - Prijzen \""@NL Tweakers\""@NL\"", \'subcategory\': \""Monitoren\""}', 'Entity_2': '{\""title\"": \""BenQ - Zowie RL"
3724,{'Output': 'mismatch'},"\': \'[34541331]\', \'/productID\': \'[34541331]\', \'category\': \'Computers_and_Accessories\'}', 'Entity_2': '{\""title\"": \""Apple MacBook Air 11.6\"" Core i5 128 GB Flash 4 OS X 1"
3725,{'Output': 'match'},"\"" 431943-003 15K 3.5 DP NHP SAS 146GB 15K 3.5 DP NHP SAS 146GB 15K 3.5 DP NHP SAS 146GB 15K 3.5 DP NHP SAS 146GB"
3726,{'Output': 'mismatch'},"\': \'Null\', \'description\': \'  \""449363-B21 HP 2GB PC2-5300 SDRAM Kit\"" \""Null\""   \""Description:Genuine HPE 2GB FBD PC2-5300(2x1GB) SDRAM DDR2 Dual Rank Memory KitPart Number(s) Option Part#"
3727,{'Output': 'match'},"{""Output"": ""match""}"
3728,{'Output': 'mismatch'},"{""Output"": ""match""}"
3729,{'Output': 'mismatch'},PE 408854-B21 8GB 240-pin DDR2 800 1.8V 2x4 240-pin 240-pin 240-pin 240-pin 240-pin 240-pin 240-pin 240-pin 240-pin
3730,{'Output': 'mismatch'},"': \'Yes\', \'description\': \'  \""HP 430165-003-10Pack 146GB 10K 2.5 SAS Hard Drive 10-Pack\"" \""Null\""   \""Description:HP 430165-003-10Pack 146GB 10K"
3731,{'Output': 'mismatch'},"nm0011, st2000nm00112pack\', \'type\': \'Hot-Plug Serial ATA (SATA) 6\'}, {\'title\': \'ST2000NM0011 Seagate 2-TB 7.2K 3.5 6G SP SATA\', \'category\': \'New"
3732,{'Output': 'mismatch'},"4622b23\'], \'type\': \'Hard Drive Hot-Swap\'}', 'Entity_2': '{\'title\': \'364622-B23 HP 300-GB 10K FC-AL 10 Pack\', \'category\': \'New 364622-B23 FC-AL"
3733,{'Output': 'mismatch'},"/4MB/45nm/80W)\', \'brand\': \'HP\', \'sku\': \'583383b21\', \'type\': \'Processor Board\'', \'description\': \'  ""583383-B21 HP Xeon E5506 2.13GHz DL170h G"
3734,{'Output': 'mismatch'},mpn\': \'[10000000000000000000000000000000000000000000000000000000000000000000000000
3735,{'Output': 'match'},"Edition 6 Core"" 6 Core Processor (FD6300WMHKBOX)\""@en  ""AMD FX 6300 Processor - Black Edition 6 Core"" 6 Core Processor (FD6300WMHKBOX)\""@en  ""AMD FX 6300 Processor - Black Edition 6 Core"" 6 Core Processor (FD6"
3736,{'Output': 'mismatch'},"2.0, SpeedStep, Voltage Control, 1.2V\', \'Color\': \'Black\', \'description\': \'  Corsair Vengeance LPX 16GB (2 x 8GB) DDR4 2800MHz Memory Kit 1.2V 16-16-16-39 1.2V 1"
3737,{'Output': 'mismatch'},"\'description\': \'  \""340743-B22 HP 20/40GB DLT 4000 2.5\""  \""Null\""   \""Description:2 x 20/40GB DLT 4000 2.5\""\', \'title\': \'340743-B22"
3738,{'Output': 'mismatch'},1070 8GB 1228 MHz 3520 MHz 192-bit 128-bit 128-bit 128-bit 128-bit 128-bit 128-bit 128-bit 128-bit 128-bit 128-bit 128-bit
3739,{'Output': 'match'},"', \'brand\': \'Hewlett Packard Enterprise\', \'category\': \'\', \'Category\': \'Proliant Option\', \'Sub-Category\': \'Proliant Network Adapter\', \'Generation\': \'PCI-e 1 Gbps\', \'Part Number\': \'631667-B21\', \'Products ID\': \'455"
3740,{'Output': 'mismatch'},"akketpost DPD (vanaf € 50,-)\': \'€ 0,-\', \'description\': \'  \""AMD Ryzen 5 1400 3.2GHz 6-Core 12-Thread 1400 1400 1400 1400 1400 1400"
3741,{'Output': 'mismatch'},"': \'3840 x 2160 @ 60Hz\', \'Max Resolution (Intel® Clear Video)‡\': \'3840 x 2160 @ 60Hz\', \'Max Resolution (Intel® HD Graphics)‡\': \'3840 x 2160 @ 60Hz\', \'Max Resolution ("
3742,{'Output': 'mismatch'},"\'Pakketpost (boven € 20,-)\': \'€ 0,-\', \'Pakketpost (boven € 50,-)\': \'€ 0,-\', \'Pakketpost (boven € 100,-)\': \'€ 0,-\', \'Pakketpost (boven € 200,-)\':"
3743,{'Output': 'mismatch'},"\'description\': \'  \""TP-Link TL-SG1016 16-Port 10/100 Mbps Unmanaged Switch\"", \""Null\"" \""TP-Link TL-SG1016 16-Port 10/100 Mbps Unmanaged Switch\"" \""Null\""  \""TP-Link TL-SG1016"
3744,{'Output': 'mismatch'},"48032GU46R,  SDCZ48032GU46\', \'Tweakers ID\': \'572937\', \'Productprijs\': \'€ 24.95,-\', \'Pakketpost Nederland (vanaf € 75,-)\': \'€ 0,-\', \'iDeal\"
3745,{'Output': 'mismatch'},"\': \'Intel HD Graphics 520 128 MB\', \'Socket Type\': \'LGA 1151\', \'Part Number\': \'BX80662I56400\', \'Products ID\': \'1000000000000000000000000"
3746,{'Output': 'match'},3.33GHz 45nm 120W 12MB L2 Cache 256KB L1 Cache 1333MHz Bus Speed Quad-Core Socket LGA-771 45nm 120W 12MB L2 Cache 256KB L1 Cache 1333MHz Bus Speed Quad
3747,{'Output': 'mismatch'},"': \'Hard Drives\', \'brand\': \'Dell\', \'description\': \'  \""Dell 3.5 inch 1.5 TB 7200 RPM SATA Hard Drive - 32MB Cache 1.5TB 7200 RPM 3.5 inch SATA Hard Drive - 32MB Cache\""@en-US', \'title"
3748,{'Output': 'match'},00000000000000000000000000000000000000000000000000000000000000000000000000000000
3749,{'Output': 'match'},"M2B3200C16 - Prijzen\""  ""Corsair Vengeance LPX CMK32GX4M2B3200C16 - Prijzen\""  ""Corsair Vengeance LPX CMK32GX4M2B3200C16 - Prijzen\""  ""Corsair Vengeance LP"
3750,{'Output': 'mismatch'},4-Port Gigabit Desktop Switch 10/100/1000 Mbps 24 Port 1U Rack Mount Switch 10/100/1000 Mbps 24 Port 1U Rack Mount Switch 10/100/1000 Mbps 24 Port 1U Rack Mount Switch 10/
3751,{'Output': 'mismatch'},"description\': \'  ""HP ProLiant BL10e G2 333773-B21 1.0GHz 1MB 512MB-1GB 2x10/100 Ethernet 2.5\"" 2.5\"" 2.5\"" 2.5\"" 2.5\"" 2."
3752,{'Output': 'mismatch'},"G 15K 2.5 DP SAS 5 Pack\', \'category\': \'Hard Drive\', \'subcategory\': \'Hard Drive - Hot-Swap\', \'brand\': \'HP\', \'sku\': \'hp4301690025pack\', \'type\': \'2.5-inch Serial Attached SCSI (SAS) SFF3G"
3753,{'Output': 'mismatch'},"': \'2.5""\', \'description\': \'  \""HP 653124-B21 200GB 3.5\"" SATA II Internal Hard Drive\""@en', \'title\': \'HP 653124-B21 200GB 3.5\"" SATA II Internal Hard Drive\', \'subcategory\':"
3754,{'Output': 'mismatch'},"10pack\', \'type\': \'Hard Drives\' , \'description\': \'  \""ST31000340AS Seagate 1-TB 7.2K 3.5 3G SATA\"" ""Null"" ""New ST31000340AS SATA 10 Pack Wholesale Price\' }', 'Output': '"
3755,{'Output': 'mismatch'},33333333333333333333333333333333333333333333333333333333333333333333333333333333
3756,{'Output': 'mismatch'},"-TB 6G 7.2K 3.5 SAS HDD\', \'subcategory\': \'Description:HP 6TB 3.5-inch LFF Serial Attached SCSI (SAS)6G 7.2K Hot-Plug Midline (MDL) Hard Drive\', \'sku\': \'782995001\', \'type\':"
3757,{'Output': 'mismatch'},"Price 359557-B21-10Pack"", \""New 359557-B21 \""', \'title\': \'359557-B21 BL20P G2 Xeon 2.8GHz (2P) 1GB 1MB Cache 1000W PSU\', \'subcategory\':"
3758,{'Output': 'mismatch'},"': \'i7 6700K\', \'description\': \'  \""Intel - Core i7-6700K 4.00GHz 4-Core Processor\""@en ""Intel - Core i7-6700K 4.00GHz 4-Core Processor""@en ""Intel - Core i7-6700K 4"
3759,{'Output': 'match'},"akketpost DHL\': \'€ 3,95\', \'description\': \'  \""Zotac GeForce GTX 1050 Ti 4GB OC Edition\"" \""Null\""  \""Zotac GeForce GTX 1050 Ti 4GB OC Edition\""  \""Null\""  \""Zotac GeForce GTX 1050 Ti 4"
3760,{'Output': 'mismatch'},"ATA (SATA) 6G 7.2K Hot-Plug Midline (MDL) Hard Drive in G8 G9(Gen8 Gen9)\', \'description\': \'  \""628061-S21-SC HP G8 G9 3-TB 6G 7.2K 3.5 SATA SC\""  \"""
3761,{'Output': 'mismatch'},"\'sku\': \'co9050004ww\', \'type\': \'Dual Fan Pack\' }', 'Entity_2': '{\""description\"": \""  \""Corsair AF120 Fan Dual Pack - Performance Edition\"" @en Edition LN44584 CO-9050004-WW | SCAN UK\"" @en\"", \""title"
3762,{'Output': 'match'},"455697\', \'Capacity\': \'4.7GB\', \'Interface\': \'S-ATA\', \'description\': \'  \""361040-B21 HP 4.7-GB 10000RPM 3.5 DVD ROM DL145\"" \""361040-B21 4"
3763,{'Output': 'mismatch'},"€ 99,-\', \'description\': \'  \""Zotac GeForce GTX 1080 Ti AMP Edition\"", \""Null\"" 1080 Ti AMP Edition 10-Pack 1080 Ti AMP Edition 10-Pack 1080 Ti AMP Edition 10-Pack 1080 Ti AMP Edition 10-Pack 1"
3764,{'Output': 'mismatch'},"{""Output"": ""mismatch""}"
3765,{'Output': 'mismatch'},"GHz (Ivybridge-E) Socket LGA2011 Processor - Retail (BX80633I74820K)\', \'sku\': \'bx80633i74820k\', \'type\': \'Processors\'', 'Entity_2': '{\""title\"": \""Intel i7-4820K"
3766,{'Output': 'mismatch'},"93243b22]\', \'category\': \'Hard Drive - Hot-Swap\', \'brand\': \'HP\', \'description\': \'  \""493243B22 HP 146-GB 6G 15K 2.5 DP SAS HDD\""  \""Description:146GB 2.5-inch"
3767,{'Output': 'mismatch'},"Graphics 530\', \'description\': \'  \""Intel Core i7-6700K 4GHz 4.2GHz 4C/8T 1151 Socket 12MB Cache 4.2GHz Turbo 125W\""@en-gb  \""Intel Core i7-6700K 4.2"
3768,{'Output': 'mismatch'},"\': \'Hard Drive Bays\', \'description\': \'  \""417190-002 SAS 2 Pack Wholesale \"" \""Null\""   \""Description:417190-002 SAS 2 Pack Wholesale 417190-002 2-Pack 1.5\"" 1.5\"" 1"
3769,{'Output': 'match'},"72-GB 3G 15K 2.5 DP SAS 10 Pack Wholesale Price\', \'subcategory\': \'430169-002 10 Pack Wholesale Price\', \'sku\': [\'43016900210pack\', \'43016900210pack\'],"
3770,{'Output': 'mismatch'},4.20GHz 8-Core 16MB Cache 100W 4.20GHz 4.20GHz 4.20GHz 4.20GHz 4.20GHz 4.20GHz 4.20GHz 4.20GHz 4.20GHz 4.20GHz 4
3771,{'Output': 'match'},"{""Output"": ""match""}"
3772,{'Output': 'mismatch'},"': \'3 Year\', \'description\': \'  \""ST31000524NS Seagate 1TB 3.5\"" 7200RPM SATA Hard Drive 1000GB 1TB 3.5\"" 7.2K 1000GB 1TB 3.5\"" 7.2K"
3773,{'Output': 'match'},"description\': \'  \""HP 230534-B21 7.2K Ultra Wide 1.8\"" Hard Drive\"" ""HP 230534-B21 7.2K Ultra Wide 1.8\"" Hard Drive\"" ""HP 230534-B21 7.2K Ultra Wide 1"
3774,{'Output': 'mismatch'},"21 HP SA P700M Battery Option Kit"", ""HP 452348-B21 Battery Option Kit"", ""HP 452348-B21 Battery Option Kit"", ""HP 452348-B21 Battery Option Kit"", ""HP 452348-B21 Battery Option Kit"", ""HP"
3775,{'Output': 'mismatch'},"-24\', \'description\': \'  ""Corsair 4096Mb DDR3 1333MHz SODIMM Memory""@en 4096Mb DDR3 1333MHz SODIMM Memory - CMSO4GX3M1A1333C9 - 4Gb - 1333MHz -"
3776,{'Output': 'mismatch'},"': \'300876-B21 BL20PG2 Xeon 2.8GHz 512 1P\', \'subcategory\': \'Price 300876-B21\', \'sku\': \'300876b21\', \'type\': \'Server BL20PG2 1P 2."
3777,{'Output': 'mismatch'},"\', \'description\': \'  \""456896-001 10K 400GB 10000RPM 3.5\"" Internal Hard Drive - 10 Pack\""  \""456896-001 10K 400GB 10000RPM 3"
3778,{'Output': 'mismatch'},"Factor\': \'No\', \'Form Factor\': \'2.5 inch\', \'Capacity\': \'1.8TB\', \'Interface Type\': \'SATA\', \'Data Transfer Rate\': \'300MB/s\', \'Rotational Speed\': \'7200RPM\', \'Pins\': \'7\', \'description\': \'  ""HP"
3779,{'Output': 'mismatch'},"{""Output"": ""mismatch""}"
3780,{'Output': 'mismatch'},"1GB (1x1GB) PC3-10600 UDIMM\', \'sku\': \'500668b21\', \'type\': \'Memory - UDIMM\' }', 'Entity_2': '{\""title\"": \""500668-B21 HP 1GB (1x1GB) PC3-"
3781,{'Output': 'mismatch'},"F8K4/64)\', \'category\': \'Memory\', \'subcategory\': \'DDR4 SDRAM\', \'brand\': \'Kingston\', \'sku\': \'kingston-fury-black-32gb-2x16gb-ddr4-pc4-19200c15-2400mhz-dual-channel-kit"
3782,{'Output': 'mismatch'},"\': \'1 Gbps\', \'description\': \'  \""HP ProLiant Network Adapter 394793-B21 1 Gbps PCI Express x4 1000 Mbps 1000Base-T 1000 Mbps 1000Base-T 1000 Mbps 1000Base-T 10"
3783,{'Output': 'mismatch'},"\'title\': \'Samsung 850 EVO Series M.2 250GB SATA 6Gbps Solid State Drive (MZ-N5E250BW)\', \'sku\': \'mzn5e250bw\', \'type\': \'Solid State Drive (SSD)\', \'brand\': \'Samsung\'}', 'Entity_2"
3784,{'Output': 'mismatch'},SATA HDD 5.4K 2.5 inch 120GB 120GB 120GB 120GB 120GB 120GB 120GB 120GB 120GB 120GB 120GB 120GB 120GB 12
3785,{'Output': 'mismatch'},"description\': \'  \""Storageworks 300GB 10K 3.5 inch x 1 inch Plug-in Module Hard Drive Hot-Swap\"" \""HPE Storageworks 300GB 10K 3.5 inch x 1 inch Plug-in Module Hard Drive Hot-Swap\"" HPE\', \'title\':"
3786,{'Output': 'mismatch'},"Edition - Prijzen ""@NL Tweakers""@NL\' , \'category\': \'\', \'subcategory\': \'\', \'brand\': \'AMD\', \'sku\': \'amdfx6300\', \'type\': \'\', \'description\': \'  \""AMD FX-6300 Black Edition - Prijzen \""@NL Tweakers\"""
3787,{'Output': 'mismatch'},"0)\': \'€ 0,-\', \'description\': \'  \""Gigabyte GB-BKi3HA-7100 (rev. 1.0) Motherboard - 768000000000000000000000000000000000000"
3788,{'Output': 'mismatch'},"\'description\': \'  \""653078-B21 HP G8 G9 200-GB 6G 2.5 SAS SC SSD\"" \""Null\""  \""Description:10 x HPE 200GB 2.5-inch (SFF) Serial Attached SCSI (SAS)6G SCL SC Enterprise Performance (EP"
3789,{'Output': 'mismatch'},"ewlett Packard\', \'category\': \'Hard Drive\', \'Manufacturer\': \'Hewlett Packard\', \'Category\': \'Hard Drive\', \'Sub-Category\': \'15K\', \'Generation\': \'SAS\', \'Part Number\': \'HP 431786-002\', \'Product ID\': \'4600"
3790,{'Output': 'mismatch'},"{""Output"": ""mismatch""}"
3791,{'Output': 'mismatch'},"00NES\', \'sku\': \'rn21200100nes\', \'type\': \'Network Attached Storage (NAS) System\'}', 'Entity_2': '{\'title\': \'Netgear ReadyNAS 2 Bay Quad Core Desktop NAS RN21200-100NES\', \'category\': \'RN21200"
3792,{'Output': 'mismatch'},"506 DL170h G6(2\', \'sku\': \'583383b21\', \'type\': \'Intel Xeon E5506 2.13GHz 45nm Quad-Core 4.80GT/s 80W 1MB L2 4MB L3 Cache 2.13"
3793,{'Output': 'match'},"80c G6(2.13GHz/4-core/4MB/80W)Full Processor Option Kit\', \'description\': \'  \""507825-B21 HP Xeon E5506 2.13GHz BL280c G6\""  \""507825-B21 HP Xeon E"
3794,{'Output': 'mismatch'},"16-B21 HP E5506 2.13GHz ML350 G6 CPU Kit\', \'subcategory\': \'New 495916-B21 Wholesale Price 495916-B21\', \'sku\': \'495916b21\', \'type\': \'Description: Intel Xeon"
3795,{'Output': 'mismatch'},"\'Processor Board\'}', 'Entity_2': '{\'title\': \'487511-B21 HP Xeon X5470 3.33GHz DL360 G5\', \'category\': \'HP\', \'subcategory\': \'Memory\', \'brand\': \'HP\', \'sku\': \'487511b"
3796,{'Output': 'mismatch'},"€ 710,-\', \'description\': \'  \""Kingston HyperX Fury black HX421C14FBK4/64\""  \""Kingston HyperX Fury black 16GB 2400MHz DDR3 1.5V 2400MHz 1.5V 2400MHz 1."
3797,{'Output': 'match'},"00000000]\', \'brand\': \'HP\', \'category\': \'Computers_and_Accessories\', \'Category\': \'Hard Drive\', \'Sub-Category\': \'Hard Drive\', \'Part Number\': \'404712001\', \'Products ID\': \'10000000000"
3798,{'Output': 'mismatch'},".5 inch\', \'description\': \'  \""Fujitsu 73GB 10K 2.5 inch Internal Hard Drive - 5 Pack\""@en \"" Fujitsu 73GB 10K 2.5 inch Internal Hard Drive - 5 Pack \""', \'title\': \'Fujitsu 73GB 10K 2"
3799,{'Output': 'mismatch'},"': \'Hewlett-Packard Company\', \'description\': \'  ""BD1465822C-10Pack HPE Storageworks 146.8GB 10K 3.5 inch x 1 inch Plug-in Module Hot-Swap Hard Drive 2GB/s FC-AL 10000RPM"
3800,{'Output': 'mismatch'},"02 HDD Wholesale"", ""Description:10 x StorageWorks 72GB 15K SAS 3G 2.5 DP Hard Drive"", ""Description:10 x StorageWorks 72GB 15K SAS 3G 2.5 DP Hard Drive"", ""Description:10 x StorageWorks 72GB 15K SAS 3"
3801,{'Output': 'mismatch'},"\'description\': \'  \""HP 15.6 Valentine fodral\""@sv   \"" Skilj dig fr\u00e5n m\u00e4ngden med HPs 15 6 tum. Den snygga och eleganta\""}', 'Entity_2': ""{\'title\': 'HP 15.6 Valentine fodral"
3802,{'Output': 'mismatch'},"5 inch 7.2K 1.5G SATA Hard Drive - 10 Pack\""@en  ""Seagate 3.5 inch 7.2K 1.5G SATA Hard Drive - 10 Pack\""@en  ""Seagate 3.5 inch 7.2K 1.5G SATA Hard Drive - 10 Pack"
3803,{'Output': 'mismatch'},"1465822C HP 146.8-GB 10K FC-AL HDD\', \'subcategory\': \'Price\', \'sku\': [\'bd1465822c10pack\', \'bd1465822c10pack\'], \'type\': \'Description:10 x StorageWorks"
3804,{'Output': 'match'},"420000000 ]\', \'brand\': \'Stearns\', \'category\': \'Null\', \'subcategory\': \'Null\', \'description\': \'  \""Stearns 1000400 1000400 1000400 1000400 100"
3805,{'Output': 'mismatch'},"{""Output"": ""match""}"
3806,{'Output': 'match'},"el interne bays voor harde schijven zijn er aanwezig in de behuizing en/of in welk formaat.\': \'1\', \'description\': \'  \""Seagate Expansion 1TB 2.5"" External Hard Drive - Black\"" \""Null\""  \""Description:Seagate Expansion 1TB 2.5"" External Hard Drive - Black"
3807,{'Output': 'mismatch'},"{""Output"": ""match""}"
3808,{'Output': 'mismatch'},"\'16-Port Unmanaged Gigabit Rackmount Switch 10/100/1000 Mbps 1U 19"" Rackmount 16 Port 10/100/1000 Mbps 1U 19"" Rackmount 16 Port 10/100/1000 Mbps 1U"
3809,{'Output': 'mismatch'},00000000000000000000000000000000000000000000000000000000000000000000000000000000
3810,{'Output': 'mismatch'},"(240 g)\', \'description\': \'  \""Cooper 140mm 3-pin 12V DC Computer Fan 9050009WW\""@en-US  \""Cooper 140mm 3-pin 12V DC Computer Fan 9050009WW\""@en-US  \""Cooper"
3811,{'Output': 'match'},",DVI,Audio\', \'category\': \'\', \'subcategory\': \'\', \'brand\': \'BenQ Zowie\', \'sku\': \'RL2455\', \'type\': \'Gaming Monitor\', \'description\': \'  \""BenQ Zowie RL2455 Gaming 24\"" 1920x1080"
3812,{'Output': 'mismatch'},"': \'SAS\', \'Part Number\': \'691862B21\', \'Products ID\': \'459656\', \'description\': \'  \""691862B21 HP G8 G9 120-GB 6G 2.5 SAS SLC SSD\"", \""Null\"" Price 69"
3813,{'Output': 'mismatch'},"2\', \'brand\': \'New 430169-002 HP 72-GB 3G 15K 2.5 DP SAS HDD\', \'sku\': \'430169002\', \'type\': \'Hard Drive\', \'description\': \'  ""430169-002"
3814,{'Output': 'mismatch'},"price\': \'"" $1,249.99"", ""USD""\', \'description\': \'  ""HP 658102-001 2000GB - Prijzen ""@NL Tweakers""@NL\', \'title\': \'HP 658102-001 2000GB - P"
3815,{'Output': 'mismatch'},"', \'brand\': \'HP\', \'category\': \'Computers_and_Accessories\', \'Category\': \'Hard Drive\', \'Sub-Category\': \'15K\', \'Generation\': \'SAS\', \'Part Number\': \'HP 80646I34150\', \'Product ID\': \'457442_HP"
3816,{'Output': 'mismatch'},RAM KVR21N15S8K2/16 16GB 2x8GB DDR4 288-pin Desktop Memory 288-pin 288-pin 288-pin 288-pin 288-pin 288-pin 288-pin 288-pin 288-pin 2
3817,{'Output': 'mismatch'},"2.5 inch\', \'description\': \'  \""HP 456896-001 2-Pack 400GB 10K 2.5\"" SAS Hard Drive\""@en  \""HP 456896-001 2-Pack 400GB 10K 2.5\"" SAS Hard"
3818,{'Output': 'mismatch'},"6100 / 3.7 GHz processor\', \'subcategory\': \'BX80662I36100\', \'sku\': \'bx80662i36100\', \'type\': \'Add-In Processors (CPUs)\'}, {'title': 'Intel Core i5 6600 Skylake Desktop"
3819,{'Output': 'mismatch'},"5400RPM\', \'description\': \'  \""ST31000340AS 1-TB 3.5 SATA Hard Drive\"" \""Null\""  \""ST31000340AS 1TB 3.5 SATA Hard Drive 5 Pack\""  \""ST31000340AS 1TB"
3820,{'Output': 'mismatch'},"€ 0,-\', \'description\': \'  \""AMD Ryzen 5 1400 3.2GHz 6-Core 12-Thread 125W\""@nl \""Tweakers\""@nl  \""AMD Ryzen 5 1400 3.2GHz 6-Core 12-Thread 125W\""@"
3821,{'Output': 'mismatch'},"': \'[hp50842900110pack]\', \'brand\': \'HP\', \'category\': \'Hard Drive\', \'subcategory\': \'Hard Drive - Hot-Swap\', \'description\': \'  ""HP 508429001 1.8-inch 2.5-inch 3.5-inch 5"
3822,{'Output': 'mismatch'},"10K RPM Drive\'', \'type\': \'SAS 3.5-inch Non-Hot-Plug 10K RPM Drive\' }', 'Entity_2': '{\""title\"": \""HP 508429-001 400GB 10K 3.5\"" ""SAS"" ""Drive\"" ""HP 5"
3823,{'Output': 'mismatch'},"': \'AMD FX 6300 Black Edition 3.5GHz 6-Core 64-Bit Desktop Processor\', \'description\': \'  \""AMD FX-6300 Black Edition\""  \""AMD FX 6300 Black Edition 3.5GHz 6-Core 64-Bit Desktop Processor\"" \""AMD FX 6300 Black"
3824,{'Output': 'mismatch'},"430165-003-2Pack"", \""Null\"" Price 430165-003-2Pack\"" \""New 430165-003 2 Pack Wholesale\"" \""HP 430165-003 2 Pack Wholesale\"" \""HP 430165-0"
3825,{'Output': 'mismatch'},"LPX\', \'sku\': \'cmk16gx4m2a2400c16\', \'type\': \'DDR4, 2400MHz, CL16, 1.2v, XMP 2.0, Lifetime Warranty\' }', 'Entity_2': '{\""title\"": \""Corsair - Vengeance LPX"
3826,{'Output': 'mismatch'},"': [\'csraf12wsled\', \'co9050015wled\'], \'type\': \'Fan - Computer\' }', 'Entity_2': '{\""title\"": \""Corsair Air Series AF120 LED White Quiet Edition High Airflow 120mm Fan - 2 Pack\"", \""category\"": \""SATA\"", \""subcategory\"":"
3827,{'Output': 'mismatch'},00000000000000000000000000000000000000000000000000000000000000000000000000000000
3828,{'Output': 'mismatch'},"': \'6MB\', \'description\': \'  \""Intel i5 6400 2.7GHz 4C 4T 6MB Cache 3.3GHz Turbo\"" ""Intel i5 6400 2.7GHz 4C 4T 6MB Cache 3.3GHz Turbo\"" ""Intel i5 64"
3829,{'Output': 'mismatch'},"\'price\': \""USD\"", \""$295.95\"" , \'description\': \'  \""643772-B21 HP E5540 2.13GHz ML350 G7\"", \""Null\"" Price 643772-B21\"" G7 Wholesale 643772-B21"
3830,{'Output': 'mismatch'},10000000000000000000000000000000000000000000000000000000000000000000000000000000
3831,{'Output': 'mismatch'},"6 Six Core 6300 Black Edition 3.50Ghz (Socket AM3+) Processor - Retail ""@e ""AMD Piledriver FX-6 Six Core 6300 Black Edition 3.50Ghz (Socket AM3+) Processor - Retail "" AMD Piledriver FX-6 Six Core 6300 Black Edition 3.5"
3832,{'Output': 'mismatch'},MB 512MB 1GB 2GB 4GB 8GB 16GB 32GB 64GB 128GB 256GB 512GB 1TB 2TB 4TB 8TB 16TB 32TB 64TB 128TB 256TB
3833,{'Output': 'mismatch'},"': \'800MHz\', \'L2 Cache\': \'1MB\', \'L3 Cache\': \'4MB\', \'64-bit Processing\': \'Yes\', \'Process Technology\': \'45nm\', \'Processor Socket\': \'45nm\', \'Thermal Design Power\': \'65W\', \'price\': \'""USD"", ""$29"
3834,{'Output': 'mismatch'},"Type\': \'Memory\', \'description\': \'  \""Corsair 16GB 2400MHz DDR4 2400MHz 2400MHz 2400MHz 2400MHz 2400MHz 2400MHz 2400MHz 2400MHz 2400"
3835,{'Output': 'mismatch'},"\""New 667805-B21 HP Intel Xeon E5-2603 1.8GHz BL460c G8"", \""Null\"" Price 667805-B21', \'title\': \'667805-B21 HP Intel Xeon E5-2603 1.8"
3836,{'Output': 'mismatch'},"\': \'ST31000524NS Seagate 1-TB 7.2K 3.5 3G SATA 5 Pack Wholesale Price\', \'category\': \'Null\', \'subcategory\': \'ST31000524NS SATA 5 Pack Wholesale Price\', \'brand\': \'Seagate\', \'sku\': \'"
3837,{'Output': 'mismatch'},E52683V4 2.1 GHz 24M Cache 24C/24T 125W 2.1 GHz 24M Cache 24C/24T 125W 2.1 GHz 24M Cache 24C/24T 125W 2.
3838,{'Output': 'mismatch'},"description\': \'  ""430169-002 HP 72-GB 3G 15K 2.5 DP SAS HDD "" ""HP 430169-002 Part# -430169-002-1Pack""  ""Descrip\', \'category\': \'\', \'"
3839,{'Output': 'mismatch'},1TB 3.5 inch 7200RPM Hard Drive 320MB/s SATA 3.0 1TB 3.5 inch 7200RPM Hard Drive 320MB/s SATA 3.0 1TB 3.5 inch 7200RPM Hard Drive 320MB/s SATA
3840,{'Output': 'mismatch'},"\'category\': \'Hard Drive\', \'subcategory\': \'Hard Drive\', \'brand\': \'Seagate\', \'Part Number\': \'293472-000\', \'description\': \'  \""293472-000 Seagate 2.5\"" 1.8\"" 250GB 7200"
3841,{'Output': 'mismatch'},"{""Output"": ""mismatch""}"
3842,{'Output': 'mismatch'},"200RPM\', \'description\': \'  \""HP - 7200RPM 2.5\"" 120GB SATA Hard Drive 5400RPM 3.5\"" 120GB SATA Hard Drive 5400RPM 3.5\"" 250GB SATA Hard Drive 5400"
3843,{'Output': 'mismatch'},"31786b212pack\', \'description\': \'  \""HP 431786-B21 2 Pack - Prijzen ""@NL Tweakers""@NL\'', \'title\': \'HP 431786-B21 2 Pack - Prijzen ""@NL Tweakers""@NL\'', 'Entity_2':"
3844,{'Output': 'mismatch'},"7 1700 8 Core AM4 CPU/Processor with Wraith Spire 95W cooler\', \'sku\': \'yd1700bbaebox\', \'type\': \'CPU cooler\'}', 'Entity_2': '{\""title\"": \""AMD Ryzen 7 1700 8 Core AM4 CPU/Processor with Wraith"
3845,{'Output': 'mismatch'},"{""Output"": ""match""}"
3846,{'Output': 'mismatch'},00000000000000000000000000000000000000000000000000000000000000000000000000000000
3847,{'Output': 'mismatch'},/1000 MT Desktop Adapter 800-00001-01 10/100/1000Base-T Gigabit Ethernet Adapter 10/100/1000Base-T PCI Express 10/100/1000Base-T Gigabit Ethernet Adapter 10/100
3848,{'Output': 'mismatch'},"'{\'title\': \'SanDisk Standard 16GB USB 3.0 3.0\', \'category\': \'\', \'subcategory\': \'\', \'brand\': \'SanDisk\', \'sku\': [\'sdsdb016gb35\', \'sdsdb016g\'], \'type\': \'USB 3."
3849,{'Output': 'mismatch'},"Transfer\': \'3072MB/s\', \'Seek Time\': \'3.5ms\', \'description\': \'  ""456896-001 HP 400-GB 3G 10K 3.5 DP SAS HDD""   ""Description:400GB 3.5-inch Serial Attached SCSI (SAS"
3850,{'Output': 'mismatch'},"': \'0.125 kg\', \'description\': \'  \""120Gb Samsung 750 EVO Series S-ATA3 Solid State 2.5\""  \""Description:2.5 inch SATA 3 6.0 Gb/s 120GB Solid State Drive (SSD) 120GB 2.5 inch SATA"
3851,{'Output': 'mismatch'},"\'Hard Drive\', \'Brand\': \'Western Digital\', \'Color\': \'Black\', \'Description\': \'Western Digital 1TB 6G 2.5\"" SATA III 3.0 SSD 1000MB/s 128MB Cache 2.5\"" SATA III 3.0 SSD 1TB 1000MB/s"
3852,{'Output': 'match'},"4MB Cache Bare Drive 3.5"" Internal Hard SATA/600 B\', \'subcategory\': \'\', \'brand\': \'Western Digital\', \'sku\': \'wd10efrx\', \'type\': \'Hard Drive\' }', 'Entity_2': '{\""description\"": \""  \""Western Digital WD10EFRX 1TB SATA Desktop Red"
3853,{'Output': 'mismatch'},"Number: 323146-B21 3.06GHz Wholesale 323146-B21  ""D\'', 'Entity_2': '{\'title\': \'323146-B21 BL20P G2 (1P) Xeon 3.06GHz\', \'category\': \'Proli"
3854,{'Output': 'mismatch'},Number\': \'HP 25000000000000000000000000000000000000000000000000000000000000000000000000
3855,{'Output': 'mismatch'},"0,-\', \'description\': \'  ""Corsair Vengeance Pro CMY16GX3M2A2133C11 16GB 2133MHz DDR4 240p CL16 2x8 1.35V 1.35V 1.35V 1.35V"
3856,{'Output': 'mismatch'},"{""Output"": ""match""}"
3857,{'Output': 'mismatch'},"000000 ]\', \'/gtin12\': \'[406172100000]\' , \'brand\': \'Apple\', \'category\': \'Apple\', \'subcategory\': \'Apple Computer Accessories\', \'description\': \'  \""Apple 15.4\"" 128GB 128GB"
3858,{'Output': 'mismatch'},",-\', \'description\': \'  \""WD Red 3TB - Prijzen \""@NL Tweakers\""@NL', \'title\': \'WD Red 3TB - Prijzen \""@NL Tweakers\""@NL\', \'subcategory\': \'3TB\', \'brand\': \'WD\', \'sku\': [\'wd30efrx\']}', '"
3859,{'Output': 'mismatch'},"Pakketpost (vanaf € 36,24)\': \'€ 0,-\', \'Pakketpost (vanaf € 30,-)\': \'€ 0,-\', \'Pakketpost (vanaf € 100,-)\': \'€ 0,-\', \'Pakketpost (vanaf € 100)\':"
3860,{'Output': 'mismatch'},"\""HP 497765-B21 4GB (2 x 2GB) DDR2 1066MHz 240-pin DIMM\""@en 2 x 2GB 1066MHz 240-pin DIMM 497765-B21 4GB (2 x 2GB) DDR"
3861,{'Output': 'mismatch'},"{""Output"": ""match""}"
3862,{'Output': 'mismatch'},"00DM004)\', \'sku\': \'ST4000DM004\', \'type\': \'Hard Drive\' }', 'Entity_2': '{\""title\"": \""Seagate 4TB 5900RPM SATA 6Gb/s 256MB Cache HDD - OEM (ST4000DM004)\"
3863,{'Output': 'mismatch'},"NS 1TB 7.2K 3.5 SATA PS4000E\', \'category\': \'Hard Drives\', \'subcategory\': \'1-TB 7.2K RPM 3G(3Gb/s) 3.5-inch Serial ATA (SATA)Hot-Plug Hard\', \'brand\': \'Dell\', \'sku\':"
3864,{'Output': 'mismatch'},"00-GB 10K 3.5 DP SAS 2 Pack ""   ""Description:2 x 400GB Serial Attached SCSI (SAS) \', \'title\': \'456896-001 HP 400-GB 10K 3.5 DP SAS 2 Pack\', \'sku\': \'4"
3865,{'Output': 'mismatch'},EXPI9301CT) Adapter - Ethernet Adapter - 10/100/1000Base-T - 1 Port - 10/100/1000Base-T - 1 Port - 10/100/1000Base-T - 1 Port - 10/100/10
3866,{'Output': 'match'},"6ABA"", ""Null""  ""BD03656ABA HP 36.4-GB 10K FC-AL HDD"", ""Null""  ""BD03656ABA HP 36.4-GB 10K FC-AL HDD"", ""Null""  ""BD03656ABA HP 36.4-"
3867,{'Output': 'mismatch'},- 100% garantido - 100% seguro - 100% seguro - 100% seguro - 100% seguro - 100% seguro - 100% seguro - 100% seguro - 100% seguro - 100% seguro - 100% seguro -
3868,{'Output': 'mismatch'},"match'} 

{'Entity_1': '{\""brand\"": \""HP Enterprise\"", \""category\"": \""Computers_and_Accessories\"", \""Manufacturer\"": \""Hewlett Packard\"", \""Category\"": \""Hard Drive\"", \""Sub-Category\"": \""10K\"", \""Generation\"": \""SAS NHP\"", \""Part Number\"": \""HP 508429-001"
3869,{'Output': 'match'},"{""Output"": ""match""}"
3870,{'Output': 'mismatch'},"K 3.5 DP SAS 2 Pack 493083-001"", \""Null\"" \""493083-001 HP 300-GB 10K 3.5 DP SAS 2 Pack\""  \""493083-001 HP 300-GB 10K"
3871,{'Output': 'match'},"': '{\""description\"": \""  \""Asus - H81I-PLUS Mini ITX LGA1150 Motherboard\"" Motherboard (H81I-PLUS) PCPartPicker\""\"", \""title\"": \""Asus - H81I-PLUS Mini ITX LGA1150 Motherboard (H81I-PLUS) PCPartPicker\"","
3872,{'Output': 'mismatch'},"85C G5\' }', 'Entity_2': '{\'title\': \'494267-B21 AMD Opteron 8384 2.7GHz BL685c G5\', \'category\': \'HP 494267-B21 HDD Part# -494267-B21\', \'"
3873,{'Output': 'mismatch'},"Company\', \'description\': \'  \""HP 500668-B21 1GB 1333MHz Unbuffered ECC DIMM Memory Module\"" @HP\', \'title\': \'HP 500668-B21 1GB 1333MHz Unbuffered ECC DIMM Memory Module - Prijzen \""@"
3874,{'Output': 'mismatch'},"/ Unbuffered\': \'Unbuffered\', \'Error Checking\': \'Non-ECC\', \'Memory Features\': \'RED Led, XMP 2.0\', \'description\': \'  ""Corsair Vengeance Red LED 16GB (2x8GB) DDR4 PC4-21300 2666MHz Dual Channel Kit ""@"
3875,{'Output': 'mismatch'},"00NM00112pack\', \'type\': \'Hard Drives\', \'description\': \'  \""ST2000NM0011 Seagate 2-TB 7.2K 3.5 6G SP SATA\""  ""Null"" SATA 2 Pack Wholesale ST2000NM0011 Price S 1"
3876,{'Output': 'match'},"-I U3\', \'description\': \'  ""PNY Elite Performance 64GB SDXC Class 10 UHS-I U3"" Memory Card (PSDX64U395GE) PCPartPicker""\', \'title\': \'PNY Elite Performance 64GB SDXC Class 10 UHS-I U3\', \'subcategory\': \'6"
3877,{'Output': 'match'},"{""Output"": ""mismatch""}"
3878,{'Output': 'mismatch'},"\': \'Chipset\', \'description\': \'  \""495914-B21 HP 1.33GHz 128MB Cache 495914-B21 Processor\"", \""Null\"" 495914-B21  \""495914-B21 HP 1.33GHz 1"
3879,{'Output': 'mismatch'},"\'brand\': \'Asus\', \'sku\': \'90yv09p0m0na00, turbogtx10708g\', \'type\': \'Gaming Computer Components\'}, {'Entity_2': ""{\'title\': 'ASUS GeForce GTX 1070 TURBO 8GB GDDR5 Graphics Card -"
3880,{'Output': 'mismatch'},"{""Output"": ""match""}"
3881,{'Output': 'mismatch'},"\': \'USB-sticks\', \'brand\': \'Kingston\', \'type\': \'USB-stick\', \'price\': \'22.36\', \'currency\': \'€\', \'availability\': \'in stock\' }', 'Entity_2': '{\""title\"": \""Kingston DataTraveler 100 G3 32GB USB3."
3882,{'Output': 'mismatch'},"HP 1GB (2x512MB) PC2-5300 SDRAM Kit\', \'category\': \'Null\', \'subcategory\': \'New 408850-B21 Kit Wholesale Price 408850-B21\', \'brand\': \'Genuine HPE\', \'sku\': [\'4088"
3883,{'Output': 'match'},"\', \'subcategory\': \'\', \'sku\': \'456896-001-10Pack\', \'type\': \'Serial Attached SCSI (SAS) 10K 3.5-inch Dual Port Hot-Plug Hard Drive\'}', 'Entity_2': '{\'title\': \'456896-001"
3884,{'Output': 'match'},3 inch 1.8GHz Intel Core i5 ULV (third-gen) 4GB 128GB SSD 10000000000000000000000000000000000000000000000000000
3885,{'Output': 'mismatch'},"s21\', \'type\': \'Hard Drive\'}', 'Entity_2': '{\'title\': \'628061-S21 HP G8 G9 3-TB 6G 7.2K 3.5 SATA SC\', \'category\': \'628061-S21 HP G8 G9 3-T"
3886,{'Output': 'mismatch'},"\'type\': \'Hard Drive\', \'Large Form Factor\': \'2.5 inches\', \'Interface Type\': \'Serial Attached SCSI (SAS)\', \'Data Transfer Rate\': \'3G\', \'type\': \'2.5-inch (SFF) Pluggable Serial Attached SCSI (SAS) 3G Dual Port Hot-Plug 10K Hard"
3887,{'Output': 'mismatch'},"Processor Type\': \'Intel Xeon\', \'Processor Core\': \'Octa-Core\', \'Processor Qty\': \'1\', \'Clock Speed\': \'2.13GHz\', \'QuickPath Interconnect\': \'6.40GT/s\', \'L2 Cache\': \'2MB\', \'L3 Cache\': \'24MB\', \'64-bit Processing"
3888,{'Output': 'mismatch'},"\'description\': \""358348-B21 HP 333MHz 2GB 1x2GB 358348-B21\""}', 'Entity_2': '{\""title\"": \""358348-B21 HP 333MHz 2GB 1x2GB BL460c G6"
3889,{'Output': 'mismatch'},"HardDrive\', \'Sub-Category\': \'Desktop\', \'Generation\': \'SATA\', \'Part Number\': \'430165003\', \'Products ID\': \'4301650035pack\', \'description\': \'  \""430165003 3.5 3G SATA 1"
3890,{'Output': 'mismatch'},"HKBOX 3.50 GHz 6 Core 32 nm 6 MB L2 8 MB L3 95W 3.4"" 64-Bit Desktop Processor Socket AM3+ 4.10 GHz Overclocking Speed 3.50 GHz 6 Core 32 nm 6 MB L2 8 MB L3 9"
3891,{'Output': 'mismatch'},"{""category"": ""Hard Drive""}"
3892,{'Output': 'mismatch'},"\': \'HDD\'}', 'Entity_2': '{\'title\': \'HP 400GB 10K 3.5 456896001 1/2 Pack SATA 10000RPM Hard Drive\', \'category\': \'Hard Drives\', \'subcategory\': \'Hard Drive\', \'brand\':"
3893,{'Output': 'mismatch'},"K3000\', \'description\': \'  \""HP 7K3000 3.5\"" 1.5Kb 14640000000000000000000000000000000000000000000"
3894,{'Output': 'mismatch'},"00 Memory 1x8GB 1.2V Unbuffered Non-ECC\', \'category\': \'Memory\', \'subcategory\': \'Memory\', \'brand\': \'Crucial\', \'sku\': \'ct8g4dfd824a\', \'type\': \'DDR4-2400 Memory\'}', 'Output': 'mismatch"
3895,{'Output': 'match'},23-B21 10000000000000000000000000000000000000000000000000000000000000000000000000
3896,{'Output': 'mismatch'},"-Port 331T Adapter\'}, {'Entity_2': '{\'title\': \'647594-B21 HP Ethernet 1Gb 4-Port 331T Adapter\', \'category\': \'Null\', \'subcategory\': \'Adapters\', \'brand\': \'HP\', \'sku\': \'647594b"
3897,{'Output': 'mismatch'},"\', \'sku\': \'432103b21\', \'type\': \'Smart Array P600/512 Controller\'}', 'Entity_2': '{\'title\': \'432103-B21 HP Smart Array P600/512 BBWC Controller\', \'category\': \'HP Smart Array P6"
3898,{'Output': 'mismatch'},"Aantal cores Aantal cores in de processor.\': \'4\', \'Aantal threads Aantal threads Aantal threads in de processor.\': \'8\', \'description\': \'  \""Intel Core i7-6700K 4GHz 4C/8T 4200Mhz Turbo 4.2GHz 15MB Cache 4.2"
3899,{'Output': 'mismatch'},"7805-B21 HP Intel Xeon E5-2603 1.8GHz BL460c G8\', \'subcategory\': \'Intel Xeon E5-2603 1.8GHz BL460c G8\', \'sku\': \'667805b21\', \'type\': \'Processor"
3900,{'Output': 'mismatch'},"GX4M2A2666C16R\', \'EAN\': \'843591090230\', \'SKU\': \'CMU16GX4M2A2666C16R\', \'description\': \'  \""Corsair Vengeance LED CMU16GX4M2A266"
3901,{'Output': 'match'},"Pakketpost PostNL\': \'€ 4,95\', \'Pakketpost (0-30 kg)\': \'€ 4,95\', \'Pakketpost (0-30 kg) (1-24)\': \'€ 4,95\', \'Pakketpost (1-24)\': \'€ 4"
3902,{'Output': 'mismatch'},",19\', \'description\': \'  ""Asus Prime X299-Deluxe 1150 1151 1152 1160 1161 1162 1170 1171 1172 1180 1181 118"
3903,{'Output': 'match'},"01 HP StorageWorks Internal DLT SCSI\', \'subcategory\': \'\', \'sku\': \'340769001\', \'type\': \'Internal DLT SCSI Tape Drive\'}', 'Entity_2': '{\'title\': \'HP 340769-001 20/40-GB Int SCSI D"
3904,{'Output': 'mismatch'},"{""Answer"": ""match""}"
3905,{'Output': 'match'},"/CPU LN65566 - BX80662I56600K ""Intel Core i5 6600K Unlocked Skylake Desktop Processor/CPU\"" ""Intel Core i5 6600K Unlocked Skylake Desktop Processor/CPU\"" ""Intel Core i5 6600K Unlocked Skylake Desktop Processor/C"
3906,{'Output': 'mismatch'},"5\', \'Pakketpost (vanaf € 30,-)\': \'€ 0,-\', \'Pakketpost (vanaf € 20,-)\': \'€ 0,-\', \'Pakketpost (vanaf € 29,95)\': \'€ 0,-\', \'Pakketpost (boven € 20,-"
3907,{'Output': 'mismatch'},"{""Output"": ""match""}"
3908,{'Output': 'mismatch'},"[0881340545900]\', \'brand\': \'SCAN UK\', \'category\': \'Processor/CPU\', \'Processor Number\': \'i5 4590\', \'Number of Cores\': \'4\', \'Number of Threads\': \'8\', \'Clock Speed\': \'3.33GHz\', \'Architecture"
3909,{'Output': 'mismatch'},22100000000000000000000000000000000000000000000000000000000000000000000000000000
3910,{'Output': 'match'},"': \'€ 2,50\', \'description\': \'  \""Kingston HyperX Fury black HX424C15FB2/8 2GB 1333MHz 288-pin DDR2 SDRAM Memory Module - 2GB 1333MHz 288-pin DDR2 SDRAM Memory Module - 2GB"
3911,{'Output': 'mismatch'},"Geheugen intern\', \'Merk\': \'Kingston\', \'Productserie\': \'HyperX Fury black\', \'Product\': \'Kingston HyperX Fury black HX316C10F4/8\', \'Uitvoering\': \'Kingston HyperX Fury black HX316C10F4/8\', \'EAN\"
3912,{'Output': 'mismatch'},"{""Output"": ""match""}"
3913,{'Output': 'mismatch'},"\', \'description\': \'  ""Kingston ValueRAM KVR13N9S8HK2/8 8GB 1333MHz DDR3 240-pin SDRAM Memory Module 2x4GB 1333MHz 240-pin SDRAM Memory Module 2x4GB 1333MHz 240-pin"
3914,{'Output': 'match'},33993-B22 HP Xeon 2.80GHz 2.80GHz 2.80GHz 2.80GHz 2.80GHz 2.80GHz 2.80GHz 2.80GHz 2.80GHz 2.80GHz 2.80GHz 2.
3915,{'Output': 'mismatch'},"': \'665240b21\', \'type\': \'Ethernet Adapter\'}', 'Entity_2': '{\""title\"": \""665240-B21 HP Ethernet 1Gb 4-Port 366FLR Adapter\"", \""category\"": \""HP Ethernet 1Gb 4-Port 366FLR Adapter\"", \"""
3916,{'Output': 'mismatch'},"Wholesale Pr\', \'sku\': \'st2000nm001110pack\', \'type\': \'Description:2TB 3.5-inch Serial ATA (SATA) 6G 7.2K Hard Drive - 10-Pack - Hot-Swap - Gen8 - 22-Position SATA Plug - 512 Bytes/Sec"
3917,{'Output': 'match'},"ers_and_Accessories\', \'description\': \'  \""Apple 15.4\"" 128GB 128GB 128GB 128GB 128GB 128GB 128GB 128GB 128GB 128GB 128GB 128GB"
3918,{'Output': 'mismatch'},"€ 0,-\', \'description\': \'  \""ASRock H81M-DGS R2.0\""@en Edition LN72032 - 90-MXGSR0-A0UAYZ | SCAN UK\""', 'title': \'ASRock H81M-DGS R2.0 Motherboard\', \'subcategory\': \'M2\',"
3919,{'Output': 'mismatch'},"-2G"", ""Null""  ""Asus EX-GTX1050-2G 2GB 128-bit 1920x1080 1050 2GB 128-bit 1920x1080 1050 2GB 128-bit 1920"
3920,{'Output': 'match'},6GVR) 16GB 2400MT/s 1.5V 2400MHz 2400MT/s 1.5V 2400MHz 2400MT/s 1.5V 2400MHz 2400MT/s 1.5V 2400MHz
3921,{'Output': 'mismatch'},"{""title"": ""MEMORIA USB 32GB KINGSTON DATATRAVELER SE9H""}"
3922,{'Output': 'match'},"Intel\', \'sku\': \'bx80677i77700\', \'type\': \'Processor/CPU\'}', 'Entity_2': '{\'title\': \'Intel Core i7 7700 Kaby Lake Desktop Processor/CPU\', \'category\': \'Processor/CPU\', \'subcategory\': \'LN76876\', \'"
3923,{'Output': 'mismatch'},"DDR4 - 32 GB - LRDIMM 288-pin"", ""Null""  ""Description:HP - DDR4 - 32 GB - LRDIMM 288-pin"", ""Null""  ""Description:HP - DDR4 - 32 GB - LRDIMM 288-pin"", ""Null""  ""Description:HP"
3924,{'Output': 'mismatch'},SATA 10 Pack Wholesale Price 454141-002 SATA 10 Pack Wholesale Price 454141-002 SATA 10 Pack Wholesale Price 454141-002 SATA 10 Pack Wholesale Price 454141-002 SATA 10 Pack Wholesale Price
3925,{'Output': 'mismatch'},"5.4K 2.5-inch SFF Hot-Plug Hard Drive In HPE Hot-Plug\'}', 'Entity_2': '{\'title\': \'417190-002 HP 72-GB 15K 3.5 DP SAS HDD\', \'category\': \'HP\', \'subcategory\': \'Hard Drives"
3926,{'Output': 'mismatch'},"7190-002-10Pack"" ""New 417190-002 10 Pack 72-GB 15K 3.5 DP SAS 10 Pack"" ""417190-002 HP 72-GB 15K 3.5 DP SAS 10"
3927,{'Output': 'match'},"4\', \'Cache\': \'12MB\', \'description\': \'  \""AMD FX 4300 3.80GHz 4-Core 12MB Cache 32nm Technology\""  \""AMD FX 4300 3.80GHz 4-Core 12MB Cache 32nm Technology\""  \""AMD FX 4"
3928,{'Output': 'mismatch'},"CT500BX100SSD1\', \'type\': \'Hard Drive\', \'description\': \'  \""CT500BX100SSD1 Crucial 500GB 3.5-inch SATA III 6Gb/s Internal Hard Drive\""  \""New 500GB Crucial CT500BX100SSD"
3929,{'Output': 'mismatch'},"': 'mismatch'}'

{'Entity_1': '{\""/sku\"": \""[v1m69aaabb]\"", \""/gtin13\"": \""[889899005668]\"", \""category\"": \""Computers_and_Accessories\"", \""Product Merk Naam\"": \""HP\"", \""Energie-efficiëntiekl"
3930,{'Output': 'mismatch'},"\'}', 'Entity_2': '{\""title\"": \""MSI GTX 1060 6GB 1809Mhz 2xHDMI 2xDP 3.0 242x130x43mm\"", \""category\"": \""VGA\"", \""subcategory\"": \""GTX 1060 6GB\"", \"""
3931,{'Output': 'mismatch'},"{""Output"": ""match""}"
3932,{'Output': 'mismatch'},"\': \'Hard Drive\', \'Sub-Category\': \'15K\', \'Generation\': \'SAS\', \'Part Number\': \'361040-021\', \'Product ID\': \'361040_HP_HardDrives\', \'Type\': \'Hard Drive - Hot-Swap\', \'Capacity\': \'146"
3933,{'Output': 'mismatch'},"0-GB 1.5G 7.2K 3.5 SATA HDD\""  \""New 349237-B21 HDD Wholesale Price 349237-B21 HP 80-GB 1.5G 7.2K 3.5 SATA HDD\""', \'title\': \'34923"
3934,{'Output': 'match'},"\'Corsair Carbide Quiet 400Q\', \'category\': \'\', \'subcategory\': \'\', \'brand\': \'Corsair\', \'sku\': \'\', \'type\': \'Caja semitorre ATX, aislamiento ac\u00fastico, 2xUSB 3.0 frontales, 2 ventiladores AF"
3935,{'Output': 'mismatch'},"ketpost DPD vanaf\': \'€ 0,-\', \'Pakketpost DPD tot € 50,-\': \'€ 0,-\', \'description\': \'  \""EVGA GeForce GTX 1060 SC GAMING 6GB\"", \""Null\"" \""New 6GP46163KR Gaming 6GB EVGA GeForce GTX"
3936,{'Output': 'mismatch'},"\'category\': \'Graphics Cards\', \'subcategory\': \'MSI\', \'brand\': \'MSI\', \'sku\': \'msi-gtx1080-8g-p\', \'type\': \'Graphics Cards\', \'description\': \'  ""MSI GeForce GTX 1080 GAMING 8G - Prijzen ""@NL Tweakers""@"
3937,{'Output': 'match'},"ATA) 3G SC MLC Enterprise SSD\', \'description\': \'  \""653124-B21 HP G8 G9 200-GB 3G 3.5 SATA MLC SSD\"" \""New 653124-B21 SSD Wholesale Price 653124-B21-2Pack\"" """
3938,{'Output': 'mismatch'},"': \'HP\', \'sku\': \'637414b21\', \'type\': \'Description:HP Intel Xeon E5607 2.26GHz BL460c G7(2.26GHz/8-core/30MB/105W)Full Processor Option\'', 'Entity_2': '{\'title"
3939,{'Output': 'mismatch'},"{""Output"": ""match""}"
3940,{'Output': 'mismatch'},"description\': \'  \""358348-B21 HPE Compaq 333MHz 256MB 1x 333MHz 256MB 1x 333MHz 256MB 1x 333MHz 256MB 1x 333MHz 25"
3941,{'Output': 'mismatch'},".5-inch Dual Port Hot-Plug Hard DriveIn HPE Hot-Plug Hard Drive\', \'sku\': [\'456896001\', \'hp456896001\'], \'type\': \'Hard Drive\'}', 'Entity_2': '{\""description\"": \""  \""512743-001"
3942,{'Output': 'mismatch'},"4GB (1x4GB) PC3-10600 RDIMM 2-Pack\', \'category\': \'Memory\', \'description\': \'  ""500658-B21 HP 4GB (1x4GB) PC3-10600 RDIMM"", ""Null"" ""New 500658"
3943,{'Output': 'mismatch'},"PD\': \'€ 4,95\', \'Pakketpost (boven €20,-)\': \'€ 0,-\', \'Pakketpost (vanaf € 25,-)\': \'€ 0,-\', \'Pakketpost (vanaf € 29,95)\': \'€ 0,-\', \'Pakketpost"
3944,{'Output': 'mismatch'},"\'Genuine HPE\', \'category\': \'Null\', \'Category\': \'Proliant Memory\', \'Sub-Category\': \'Genuine HP Memory\', \'Generation\': \'PC2-5300\', \'Part Number\': \'432804-B21\', \'Products ID\': \'455453\', \'Storage Capacity"
3945,{'Output': 'mismatch'},"\': \'512743-001 HP 72-GB 6G 15K 2.5 DP SAS\', \'subcategory\': \'Price\', \'sku\': \'512743001\', \'type\': 'Description:HP 72-GB 6G 15K 2.5-inch"
3946,{'Output': 'match'},"\', \'category\': \'Network_Cables\', \'Category\': \'Network Cables\', \'Sub-Category\': \'Cables\', \'Type\': \'Cable\', \'Application\': \'Network Cables\', \'Description\': \'  ""HP 431786-B21 2 Pack 100M Ethernet Cat 5e 10"
3947,{'Output': 'mismatch'},"Technology\', \'Description\': \'AMD A4-7300 3.2 GHz 4-Core 4-Thread 28 nm Technology 256 KB Cache 128 MB VRAM 14400 MB/s Memory Bandwidth 10000000000000000000000"
3948,{'Output': 'match'},"': \'€ 0,-\', \'description\': \'  \""Asus Xonar Essence STX II 7.1\""@en-US \""Audio card for 7.1 surround sound system with 32-bit/96kHz support and 128MB of memory, 100% compatible with Windows 7 and Windows 8.1, 1"
3949,{'Output': 'mismatch'},"IMM 1.5V Synchronous Desktop Memory Kit - 647897-B21\', \'category\': \'Memory\', \'subcategory\': \'Desktop Memory\', \'brand\': \'HP\', \'sku\': \'647897b21\', \'type\': \'Desktop Memory Kit, 1.5V, 8GB,"
3950,{'Output': 'mismatch'},"': \'32 GB\', \'Memory Type\': \'DDR3\', \'Socket Type\': \'LGA 775\', \'description\': \'  \""735858325899 HP 3.60 GHz 4-Core 8-Thread 65W 32GB DDR3 8GT/s DMI3 4"
3951,{'Output': 'mismatch'},"eon E5506 2.13GHz BL280c G6"" ""Null""   ""Description: Intel Xeon E5506 ML350 G6(2.13GHz/4-core/4MB/80W)Full Processor Option KitPart Number(s)Option Part# 495916-B21"""
3952,{'Output': 'mismatch'},"6700k\'], \'price\': \'249.99\', \'availability\': \'In Stock\' }', 'Entity_2': '{\""title\"": \""Intel Core i7-6700K 4.10GHz 8M Cache 14nm Technology Processor - Retail\"", \""category\"": \""Processors\"", \""subcategory\"": \""Intel"
3953,{'Output': 'mismatch'},"Controller"" ""Null""   ""Description:Smart Array 641 Controller 64MB Buffer 100MB/s Data Transfer Rate 80MB/s 100MB/s 100MB/s 100MB/s 100MB/s 100MB/s 100MB/s 100MB/s 10"
3954,{'Output': 'mismatch'},"ccessories'}"", 'Entity_2': '{\""title\"": \""1at98aaabb 1.5X\"", \""category\"": \""\"", \""subcategory\"": \""\"", \""brand\"": \""\"", \""sku\"": \""1at98aaabb\"", \""type\"": \""\"", \""description\"": \""  \""1at98aaabb 1.5X\""  \""Null\"""
3955,{'Output': 'mismatch'},GB 10K 2.5 DP SAS Hard Drive - 10 x 300GB 10K 2.5 DP SAS Hard Drive - 10 x 300GB 10K 2.5 DP SAS Hard Drive - 10 x 300GB 10K 2.5 DP SAS Hard Drive -
3956,{'Output': 'mismatch'},"AN\': \'8806088540160\', \'SKU\': \'MZV6P2T0BW\', \'Tweakers ID\': \'1023423\', \'description\': \'  \""Samsung 960 Pro 2TB 3.5\""@en | MZV6P2T0"
3957,{'Output': 'mismatch'},"\'Yes\', \'Guaranteed Genuine HP\': \'Yes\', \'price\': \""CAD\"", \'description\': \'  \""500658-B21 2 Pack HP 4GB DDR3 PC3-10600R-9 1333MHz\"", \""Null\"" \""New 500658-B21"
3958,{'Output': 'match'},5Pack 10000000000000000000000000000000000000000000000000000000000000000000000000000
3959,{'Output': 'mismatch'},"\"", \""Null\"" Price 804587-B21\"" SSD Wholesale 804587-B21 \""HP 804587-B21 240-GB 6G 2.5 SATA\"", \""Null\"" 804587-B21 240-GB 6G 2."
3960,{'Output': 'mismatch'},"HP 417190-002 HDD Part# -417190-002""  ""Description:72GB \'}'} -> match'}

{'Entity_1': '{\""brand\"": \""Samsung\"", \""category\"": \""Hard Drive\"", \""description\"": \""Samsung 32GB 3.5 inch 7200RPM"
3961,{'Output': 'mismatch'},"{""Output"": ""mismatch""}"
3962,{'Output': 'match'},"\', \'Opsturen UPS Standard\': \'€ 18,83\', \'description\': \'  ""Synology DS1517+ (8GB ram) - 8 GB RAM - 4 Bay NAS - 2.5\"" Harddisk Bay - 2.5\"" Harddisk Bay - 2.5\"" Harddisk Bay - 2.5"
3963,{'Output': 'mismatch'},"7360012pack\' }', 'Entity_2': '{\""title\"": \""Netgear ReadyNAS 2 Bay Quad Core Desktop NAS RN21200-100NES\"", \""category\"": \""RN21200-100NES\"", \""subcategory\"": \""LN75834\"", \""brand\"": \""SCAN UK\"", \""sku"
3964,{'Output': 'mismatch'},"31786-B21 120GB 5.4K 2.5 SATA Drive 10 Pack"", ""Description:10 x StorageWorks 120GB 5.4K Fibre Channel Drive for Proliant Servers"", \'title\': \'431786-B21 HP 120-GB 5"
3965,{'Output': 'mismatch'},"ston\', \'sku\': \'DTDUO3-32GB\', \'type\': \'USB Flash Drive\', \'description\': \'  ""Kingston 32GB DataTraveler microDuo USB 3.1 Type-C Flash Drive""@en (DTDUO3C/32GB)""@en  ""Kingston 32GB DataTraveler micro"
3966,{'Output': 'mismatch'},"0MHz Quad Channel Kit - Red (CMK16GX4M4C3200)\', \'category\': \'Corsair 3200MHz\', \'subcategory\': \'Vengeance LPX\', \'brand\': \'Corsair\', \'sku\': \'CMK16GX4M4C3200\', \'type\': \'DDR"
3967,{'Output': 'mismatch'},",- i.c.m. iDEAL\': \'€ 0,-\', \'description\': \'  ""Intel Core i3-6300 3.80GHz 4MB Cache 6MB Cache 65W 4x4 4x4 4x4 4x4 4x4 4x4 4x4 4"
3968,{'Output': 'mismatch'},"\'€ 0,-\', \'description\': \'  \""Kingston HyperX Fury black HX426C15FB/4\""  \""Null\""  \""Description: Kingston HyperX Fury black HX426C15FB/4\""  \""Null\""  \""Kingston HyperX Fury black HX426C15FB/4\"""
3969,{'Output': 'match'},"K Sun 73-GB 10K 2.5 Fiber Channel Drive"" ""Null\""   ""Description:2.5 inch 10K Fiber Channel Hard Drive"", \'title\': \'XTA351073GB10K Sun 73-GB 10K 2.5 Fiber Channel Drive\', \'subcategory\': \'\"
3970,{'Output': 'mismatch'},"{""title"": ""TP-Link TL-WN881ND 300Mbps Wireless N Adapter""}"
3971,{'Output': 'mismatch'},"\'Hard Drive\', \'brand\': \'Western Digital\', \'description\': \'  \""Western Digital 1 TB 3.5 inch 7200 RPM Hard Drive - WD1000FZJY - 1 TB 3.5 inch 7200 RPM Hard Drive\"" \""Western Digital 1 TB 3.5 inch 720"
3972,{'Output': 'match'},"type\': \'Memory - DDR3 1333 240-pin\' }', 'Entity_2': '{\'title\': \'Corsair XMS3 - DDR3 4 GB: 2 x GB DIMM 240-pin\', \'category\': \'New\', \'subcategory\': \'Corsair XMS3 - DDR3 4 GB:"
3973,{'Output': 'match'},"{""Gemiddelde schrijftijd"": ""0,0 \u03bcs""}"
3974,{'Output': 'mismatch'},"abyte Tech\', \'description\': \'  \""Gigabyte Tech Realtek ALC255 SFF HDMI LAN SSD\""@en SSD (GB-BKI7HA-7500)\""@en', \'title\': \'Gigabyte Tech Realtek ALC255 SFF HDMI LAN SSD\', \'subcategory\': \'GIGABYTE\', \'brand"
3975,{'Output': 'mismatch'},"{""Output"": ""match""}"
3976,{'Output': 'mismatch'},"{""Output"": ""match""}"
3977,{'Output': 'match'},"0,-\', \'description\': \'  \""Corsair Vengeance LED CMU64GX4M4C3000C15 - Prijzen \""@nl Tweakers\""@nl  \""Corsair Vengeance LED 64GB (4x16GB) DDR4 PC4-24000 3000MHz Dual Channel Kit"
3978,{'Output': 'mismatch'},"': \'€ 0,-\', \'Pakketpost (vanaf € 100,-)\': \'€ 0,-\', \'Pakketpost (vanaf € 100)\': \'€ 0,-\', \'Pakketpost (vanaf € 100,-) 100,-\': \'€ 0,-\', \'P"
3979,{'Output': 'mismatch'},"4 - 32GB (4 x 8GB) DDR4 2400MHz Memory Kit\', \'subcategory\': \'Corsair Memory Kits\', \'sku\': \'cmk32gx4m4a2400c14\', \'type\': \'Memory Kit\'}, {\'title\': \'Corsair Vengeance LPX CMK3"
3980,{'Output': 'mismatch'},"voering\': \'Black\', \'EAN\': \'004712900459623\', \'SKU\': \'90YV09P0M0NA00\', \'Tweakers ID\': \'347222\', \'Productprijs\': \'€ 499,99\', \'"
3981,{'Output': 'mismatch'},"46GB 15K 3.5\"" SAS Hard Drive 3.5\"" 146GB 15K RPM 3.5\"" 146GB 15K RPM 3.5\"" 146GB 15K RPM 3.5\"" 146GB 15K RPM 3.5\"""
3982,{'Output': 'mismatch'},"HDD\', \'category\': \'\', \'subcategory\': \'\', \'brand\': \'HP\', \'sku\': \'358349b21\', \'type\': \'DDR3\', \'description\': \'  \""Hewlett Packard Enterprise 2GB DDR-333 DDR 333MHz ECC memory module\"" \""Specs"
3983,{'Output': 'match'},"{""Output"": ""match""}"
3984,{'Output': 'mismatch'},"Hard Drive\', \'subcategory\': \'\', \'brand\': \'HP\', \'sku\': [\'628061s21\', \'628061s21sc\'], \'type\': \'3.5-inch (LFF) Serial ATA (SATA) 6G7.2K Hot-Plug Midline (MDL"
3985,{'Output': 'mismatch'},"\'Samsung\', \'category\': \'Hard Drive\', \'Manufacturer\': \'Samsung\', \'Brand\': \'Samsung\', \'Color\': \'Black\', \'Model\': \'359031B21\', \'UPC\': \'6935364020255\', \'Item Weight\': \'0.25 pounds\', \'"
3986,{'Output': 'mismatch'},"': \'€ 0,-\', \'description\': \'  \""Kingston HyperX Fury black HX424C15FB2/8 16GB 288-pin DDR3 1600MHz 2x8GB 1.35V 1.35V 1.35V 1.35V 1"
3987,{'Output': 'mismatch'},"_2': '{\'title\': \'Intel Core i7-7700K 4.2Ghz Box\', \'category\': \'@es Box |PcComponentes @es\', \'subcategory\': \'\' , \'brand\': \'Intel\', \'sku\': \'Core i7-7700K\', \'type\': \'Processor\'}"
3988,{'Output': 'mismatch'},"{""Output"": ""match""}"
3989,{'Output': 'mismatch'},"{""Output"": ""match""}"
3990,{'Output': 'mismatch'},"7 FBDIMM N\' }', 'Entity_2': '{\""title\"": \""HP Original 397411-B21 2BOZ 2GB 2pcs 1GB 240p PC2-5300 CL5 18c 64x8 Fully Buffered ECC DDR2-667 FBDIMM"
3991,{'Output': 'mismatch'},256GB 128MB 128MB 128MB 128MB 128MB 128MB 128MB 128MB 128MB 128MB 128MB 128MB 128MB 128MB 128MB
3992,{'Output': 'mismatch'},"[4001802100000]\', \'brand\': \'SAMSUNG\', \'category\': \'Hard Drive\', \'Category\': \'Hard Drive\', \'description\': \'  \""Samsung 320GB 3.5 In 7200RPM 5400RPM 3.5 In 3"
3993,{'Output': 'mismatch'},"\', \'description\': \'  \""Raidsonic Icy Box IB-AC6034-U3/IB-AC6033-U3 9.5mm Aluminium 1200mm 1200mm 1200mm 1200mm 1200mm 1200mm 120"
3994,{'Output': 'mismatch'},"\': \'SAS\', \'description\': \'  \""HP 632429003 400GB 2.5\"" SAS Hard Drive 10 Pack\""@en', \'title\': \'HP 632429003 400GB 2.5\"" SAS Hard Drive 10 Pack\', \'"
3995,{'Output': 'mismatch'},"Supply\', \'description\': \'  \""390394001 HPE 390394001 1000W 12V 1000W 12V 1000W 12V 1000W 12V 1000W 12V"
3996,{'Output': 'mismatch'},"description\': \'  \""HP - 456896001 - 120000000000000000000000000000000000000000000000000000000000"
3997,{'Output': 'mismatch'},"Transfer Rate\': \'300 MB/s\', \'Internal Data Transfer Rate\': \'133 MB/s\', \'description\': \'  \""Seagate Barracuda 7200.11 3.5 inch SATA 1TB\""@en', \'title\': \'Seagate Barracuda 7200.11 3.5"
3998,{'Output': 'match'},"00 RPM\', \'Description\': \'Seagate Barracuda 7200.11 1TB 3.5 inch Internal Hard Drive 32MB Cache 7200 RPM\', \'description\': \'  \""Seagate Barracuda 7200.11 1TB 3.5 inch Internal Hard Drive 32MB"
3999,{'Output': 'mismatch'},"losure Type\': \'3.5 inch\', \'description\': \'  \""HP 508429-001 400GB 10K 3.5 DP NHP SAS Hard Drive\"", \""Null\"" Price 508429-001\"" \""New 508429-001 Hard Drive"
4000,{'Output': 'mismatch'},"""Description:HP ProLiant BL20p Xeon 3.06GHz 512MB RAM 512KB Cache 8GB Max 10/100/1000 Ethernet 2.5GB/s SATA RAID 0,1,5,10 50 lbs 2.5GB/s SATA 2.5"
4001,{'Output': 'mismatch'},"GB) Registered Memory Kit\', \'sku\': \'504351b21\' }', 'Entity_2': '{\'title\': \'HP 504351-B21 8GB (2 x 4GB) DDR2 800MHz PC2-6400 Registered Memory Kit\', \'category\': \'Memory\',"
4002,{'Output': 'mismatch'},"Transfer Rate\': \'1000 Mbps\', \'description\': \'  \""615729-B21 HP 1GB 4-Port 1000 Mbps Ethernet Adapter\"" \""New 615729-B21 Ethernet Adapter Wholesale Price 615729-B21 1GB 4-Port 10"
4003,{'Output': 'mismatch'},"LED 16GB (2 x 8GB) DDR4 3000 Memory Kit 2x 8GB\', \'brand\': \'Corsair\', \'sku\': \'CMU16GX4M2C3000C15\', \'type\': \'Memory\'}', 'Entity_2': '{\'title\': \'Corsair"
4004,{'Output': 'match'},"\'description\': \'  \""Sun XTA-3510-73GB-10K Hard Drive\""@en Hard Drive Hot-Swap 10K 3.5 inch x 1 inch Plug-in Module 73GB 2GB/s 10000RPM  FC-AL 10000RPM 10"
4005,{'Output': 'mismatch'},00000000000000000000000000000000000000000000000000000000000000000000000000000000
4006,{'Output': 'match'},"-B21 HP 1GB (1x1GB) PC2700 SDRAM Module\', \'subcategory\': \'Description:Genuine HPE 1GB (1x1GB) Registered PC2700 SDRAM Memory ModulePart Number(s) Option Part# 358348-B21 (1 x 1GB)\', \'sku\"
4007,{'Output': 'mismatch'},"L2 Cache/1333MHz Bus/256KB L1 Cache/45nm/120W/Socket J LGA-771)\', \'sku\': \'488039b21\', \'type\': \'Intel Xeon X5470 3.33GHz 4-Core 12MB L"
4008,{'Output': 'mismatch'},"1-002 10-Pack 45414100210pack\', \'title\': \'HP 500 GB 7.2K 3.5 SATA 150MB/s 10-Pack 45414100210pack\', \'subcategory\': \'7.2K\', \'sku"
4009,{'Output': 'mismatch'},"6G 10K 2.5 DP SAS\', \'category\': \'Hard Drive\', \'subcategory\': \'Hard Drive - Hot-Swap\', \'brand\': \'HP\', \'sku\': \'dg0300bahzq\', \'type\': \'Hard Drive - Hot-Swap\', \'description\': \'  \""DG0300BA"
4010,{'Output': 'mismatch'},PMForm Factor: 3.5-inch 3.5-inch 3.5-inch 3.5-inch 3.5-inch 3.5-inch 3.5-inch 3.5-inch 3.5-inch 3.5-inch 3.5-inch 3.5-inch 3.5-inch 3.5-inch 3.5-inch
4011,{'Output': 'mismatch'},"'{\'title\': \'HP Intel Xeon E7-4830 2.13GHz BL680c G7\', \'category\': \'Processors\', \'subcategory\': \'New 643772-B21 Wholesale Price 643772-B21\', \'brand\': \'HP\', \'sku\': \'"
4012,{'Output': 'mismatch'},"494267-B21\"" \""New 494267-B21 G5 Wholesal"", \'title\': \'494267-B21 HP AMD Opteron 8384 2.7GHz BL685c G5\', \'subcategory\': \'AMD Opteron 8384\', \'sku"
4013,{'Output': 'mismatch'},"\'/mpn\': \'[397409b21]\', \'brand\': \'HP\', \'category\': \'Null\', \'Category\': \'Proliant HardDrive\', \'Sub-Category\': \'10K\', \'Generation\': \'SAS\', \'Part Number\': \'DG0146FAMWL-5Pack"
4014,{'Output': 'match'},"0,-\', \'iDeal (vanaf € 10,-)\': \'€ 0,-\', \'description\': \'  \""Asus Xonar Essence STX II 7.1\""@en', 'title': 'Asus Xonar Essence STX II 7.1 7.1 (90YA00NN-M0UA00)"
4015,{'Output': 'mismatch'},"SI LVD\', \'Data Transfer Rate\': \'16MB/s\', \'Media Type\': \'Super DLT\', \'Recording Standard\': \'Super DLT\', \'Removable MEdia Capacity\': \'26\', \'Power\': \'AC 110/230 V (50/60Hz)\', \'description\': \'  \"""
4016,{'Output': 'mismatch'},"(4x4GB)\', \'Memory Model\': \'Vengeance LPX Black\', \'Max. Memory Channels Provided by Kit\': \'Quad (4)\', \'Memory Type\': \'DDR4\', \'Memory Type (ECC)\': \'Non-ECC\', \'Memory Type (R/U)\': \'UDIMM (Unbuffered)\', \'Memory Speed\':"
4017,{'Output': 'mismatch'},"041\', \'type\': \'New 331561-041 PC2700 Wholesale Price 331561-041\' }', 'Entity_2': '{\""title\"": \""331561-041 HP 512MB DDR RAM PC2700\"", \""category\"": \"""
4018,{'Output': 'mismatch'},"3.6GHz Boost, 65W, 1600BBAEBOX, 14nm Technology, 3.4GHz, 3.6GHz max. 4,0 GHz (Precision Boost) OC: 4,0+ GHz, 3.40GHz, 3.6GHz max. 4,0 GHz (Precision Boost"
4019,{'Output': 'mismatch'},"{""Output"": ""mismatch""}"
4020,{'Output': 'mismatch'},"2GB 2400MHz DDR3 1.5V SDRAM Memory Module 2400MHz 2GB 1.5V\', \'Part Number\': \'KTHZD8000C62G\', \'Products ID\': \'142625\', \'description\': \'  \""Kingston 2GB"
4021,{'Output': 'mismatch'},0 1.33GHz 2MB 256MB 128MB 128MB 128MB 128MB 128MB 128MB 128MB 128MB 128MB 128MB 128MB 128MB 128MB
4022,{'Output': 'mismatch'},"\'subcategory\': \'Hard Drive - Internal\', \'brand\': \'HP\', \'sku\': \'658071-B21-SC\', \'type\': \'Hard Drive - Internal\'', 'Entity_2': '{\'title\': \'HP 500GB 7200 RPM SATA 3.5"" Internal Hard Drive - 6"
4023,{'Output': 'mismatch'},"653078-B21 HP G8 G9 200-GB 6G 2.5 SAS SC SSD\', \'category\': \'SSD\', \'subcategory\': \'Enterprise Performance\', \'brand\': \'HP\', \'sku\': \'653078b21\', \'type\': \'2.5-inch (S"
4024,{'Output': 'mismatch'},"': \'Computer Memory\', \'Size\': \'4GB (2x2GB)\', \'description\': \'  \""Corsair 4GB 2X2GB DDR3 1066MHz CL9 Dual Channel Memory Kit\"" Kit - CM3X4GSD1066 NCIX\""', \'title\': \'Corsair 4GB 2X"
4025,{'Output': 'mismatch'},"GB 10K Fibre Channel 40 pin 2GB/s HotSwap FCAL Hard Drive Part Number(s) Option Part# 364622-B22 Spare 366023-001or 366023-001\', \'category\': \'Null\' }', 'Entity_2': '{\'"
4026,{'Output': 'mismatch'},"{""match"": ""match""}"
4027,{'Output': 'mismatch'},"01 ML306T G3 Xeon 3.06GHz 512k"" ""Null""   ""Description: Proliant ML370T G3 Xeon3.06/512k-5\', \'category\': \'Null\', \'subcategory\': \'Description: Proliant ML370T G3 Xeon"
4028,{'Output': 'mismatch'},"\': \'741000-B28-2Pack\', \'Products ID\': \'1000000000000000000000000000000000000000000000000000000000"
4029,{'Output': 'match'},0NM0011 2TB 7.2K 3.5 6G SP SATA 3.5 inch 2TB 7.2K 6G SATA Hard Drive 3.5 inch 2TB 7.2K 6G SATA Hard Drive 3.5 inch 2TB 7.2K 6G SATA Hard Drive
4030,{'Output': 'mismatch'},"{""Output"": ""mismatch""}"
4031,{'Output': 'mismatch'},""" Price 432804-B21  ""Descri\', \'subcategory\': \'\', \'sku\': \'432804b21\', \'type\': \'Memory\'}', 'Entity_2': '{\'title\': \'HP 432804-B21 1GB PC2-5300 ECC"
4032,{'Output': 'mismatch'},"\': \'Intel Xeon X3330 2.66GHz 4-Core 6MB L2 Cache 45nm 95W\', \'subcategory\': \'Enterprise Performance\', \'sku\': \'493243b22\', \'type\': \'Processor\'}', 'Entity_2': '{\""title\"": \""Intel Xeon"
4033,{'Output': 'mismatch'},"\', \'description\': \'  ""Corsair Vengeance 16GB 2x8GB 4GB 4GB 2400MHz DDR3 1.5V Memory Kit 2400MHz 2400MHz 2400MHz 2400MHz 2400MHz 2400MHz 2"
4034,{'Output': 'mismatch'},"ketpost DPD 24 uur\': \'€ 4,95\', \'description\': \'  \""TP-Link TL-WN781N 11n 802.11b/g 150Mbps 2.4GHz USB 2.0 Wireless Network Adapter\"", \""Null\"" Price TL-WN781N', \'"
4035,{'Output': 'match'},GB 2x16GB 2400MHz DDR4 Memory Kit 2400MHz 32GB 2400MHz 2400MHz 2400MHz 2400MHz 2400MHz 2400MHz 2400MHz 2400MHz 2400
4036,{'Output': 'match'},"\', \'Type\': \'Hard Drive Hot-Swap\', \'Form Factor\': \'3.5 inches x 1 plug-in module\', \'Capacity\': \'146GB\', \'Interface Type\': \'SAS\', \'Data Transfer Rate\': \'1GB/s\', \'Rotational Speed\': \'15000RPM\', \'Pins\': \'"
4037,{'Output': 'mismatch'},"00RPM SATA III Desktop Hard Drive - ST1000DM003 - Black - 1000GB - 7200RPM - 3.5"" - 3.5 inch - 3.5 inch - 3.5 inch - 3.5 inch - 3.5 inch - 3.5 inch -"
4038,{'Output': 'mismatch'},"20 15K SCSI 3.5\"" 1/3H 80Pin HDDs\', \'description\': \'  ""306645-003 HP 72.8-GB U320 SCSI 15K 10 Pack Wholesale \""  ""306645-003 HP 72"
4039,{'Output': 'mismatch'},"D Micro ATX PC Gaming Case\""@en  ""Corsair Obsidian 350D Micro ATX PC Gaming Case\""@en  ""Corsair Obsidian 350D Micro ATX PC Gaming Case\""@en  ""Corsair Obsidian 350D Micro ATX PC Gaming Case\""@en  ""Corsair Obsidian 350"
4040,{'Output': 'mismatch'},"title\': \'349514-B21 HP 9.1GB Ultra2 7.2K Drive\', \'subcategory\': \'349514-B21\', \'sku\': \'349514b21\', \'type\': \'Hard drive hot-swap 3.5"" x 1/3H"
4041,{'Output': 'mismatch'},"': \'[4171900022]\', \'/gtin13\': \'[ 0000000000000, 0000000000000, 0000000000000, 000000000"
4042,{'Output': 'match'},"{""Answer"": ""match""}"
4043,{'Output': 'mismatch'},"00000, 7301433000001]\', \'category\': \'\', \'description\': \'  \""YD1400BB AE Box - 120000000000000000000000000000000"
4044,{'Output': 'mismatch'},"\', \'description\': \'  \""HP 3R-A3851-AA 2 Pack - 72.8GB Ultra320 15K SCSI Hard Drive\""@en Card LN75997 - 3RA3851AA2PACK | SCAN UK\', \'title\': \'HP 3R-A3851-AA"
4045,{'Output': 'mismatch'},"{""price"": ""87.41""}"
4046,{'Output': 'mismatch'},"': \'€ 4,95\', \'description\': \'  \""CO9050013WW Corsair Air Series SP120 PWM High Performance 120mm Fan\"" \""Corsair Air Series SP120 120mm Fan\""  \""Description: Corsair Air Series SP120 120mm Fan\""  \"""
4047,{'Output': 'mismatch'},"{""Output"": ""mismatch""}"
4048,{'Output': 'mismatch'},34-B21 HP 40-GB Ultra ATA 100 7.2K Drive 7.2K 40GB 100MBps 7200RPM 40Pin 1.54Inch 1.54Inch 40Pin 1.54Inch 40Pin 1
4049,{'Output': 'mismatch'},"V\', \'description\': \'  \""Corsair 120mm 25mm LED Fan - 7V-12V\""@en Fan LN83443 - CSRAF12WS\', \'subcategory\': \'FAN\', \'Merk\': \'Corsair\', \'Product\': \'Corsair 120mm 25"
4050,{'Output': 'mismatch'},4x USB 3.0 2x USB 2.0 1x USB 2.0 1x USB 3.0 1x USB 2.0 1x USB 2.0 1x USB 2.0 1x USB 2.0 1x USB 2.0 1x USB 2.0
4051,{'Output': 'mismatch'},"1GHz\', \'description\': \'  \""Intel NUC 7i3H5K 2.5GHz 1.84"" 105 x 110 mm 1.84\"" 105 x 110 mm 1.84\"" 105 x 110 mm 1.84\"""
4052,{'Output': 'mismatch'},"0 512MB DDR RAM 184-Pin DIMM 1/2/4/8/16/32GB 100% Genuine HP Memory for HP Proliant Servers ""@en ""HP 331561-041 512MB DDR RAM PC2700 184-Pin DIMM"
4053,{'Output': 'mismatch'},"brand\': \'Corsair\', \'sku\': \'tw3x4g1333c9a\', \'type\': \'Memory Kit\'}', 'Entity_2': '{\""title\"": \""Corsair XMS3 4GB (2x2GB) DDR3 PC3-10666C9 1333MHz Dual Channel Kit"
4054,{'Output': 'mismatch'},"SATA SC\', \'subcategory\': \'Description: 2 x 2.0TB HP G8 G9 7.2K 3.5 SATA SC Hard Drive Part Number(s) Mod\', \'sku\': \'st2000nm0011\', \'type\': \'Hard Drive - Hot-Swap - Gen8\'}', 'Entity_2':"
4055,{'Output': 'match'},"{""Processor Speed"": ""2.8GHz""}"
4056,{'Output': 'mismatch'},"\': \'SanDisk\', \'Product\': \'SanDisk 4GB SDHC Memory Card\', \'Uitvoering\': \'SanDisk 4GB SDHC Memory Card\', \'EAN\': \'0740617180404, 0740617175011, 07406"
4057,{'Output': 'mismatch'},"{""Output"": ""mismatch""}"
4058,{'Output': 'mismatch'},"{""Output"": ""match""}"
4059,{'Output': 'mismatch'},"J-45) Ports\': \'4\', \'Description\': \'HP 331t 1Gb Ethernet Adapter 4 Port 10/100/1000 Mbps - Black - 10/100/1000 Mbps - 4 Port - 1Gb - 4 Port - 10/100/"
4060,{'Output': 'mismatch'},"\', \'subcategory\': \'Proliant Option\', \'description\': \'  \""157866001 HP Proliant 157866001 157866001\"", \""Null\"" Price 157866001\"" \""New 157866001 Wholesale"
4061,{'Output': 'mismatch'},.5 inch SATA III 6Gb/s SAS 6000RPM 200GB 200GB 200GB 200GB 200GB 200GB 200GB 200GB 200GB 200GB 200GB 200GB 20
4062,{'Output': 'mismatch'},"{""sku"": ""hp431786b21""}"
4063,{'Output': 'match'},"Merk\': \'Corsair\', \'Product\': \'Corsair 32GB DDR3 1333 Memory Kit 2x16GB\', \'Productserie\': \'Corsair 32GB DDR3 1333 Memory Kit 2x16GB\', \'SKU\': \'TW3X4G1333C9A"
4064,{'Output': 'mismatch'},"3772b21\' , \'type\': \'Processor\'}', 'Entity_2': '{\'title\': \'HP Proliant BL680c 643772-B21 2.13GHz Intel Xeon E74830 2.13GHz 24MB L3 Cache 105"
4065,{'Output': 'mismatch'},"\': \'470065-235 HP 470065-235 2.0GHz 3GB 1066MHz Memory Kit\', \'subcategory\': \'\', \'sku\': \'470065235\', \'type\': \'Memory Kit\'}', 'Entity_2': '{"
4066,{'Output': 'mismatch'},"\""Null\"", \""Gaming PC Components - 1060 6GB 192-bit 1771MHz 16nm 3000000000000000000000000000000000000000000000"
4067,{'Output': 'mismatch'},"': \'HP Proliant DL360 G5, HP Proliant DL380 G5, HP Proliant DL380 G6, HP Proliant DL380 G7, HP Proliant DL380 G8, HP Proliant DL380 G9, HP Proliant DL380 G10,"
4068,{'Output': 'mismatch'},"-B21\"" \""New 432094-B21 SSD Who\', \'title\': \'432094-B21 HP 146-GB 15K 3.5 SP SAS\', \'subcategory\': \'Price\', \'sku\': \'hp432094b212pack\', \'type\':"
4069,{'Output': 'mismatch'},""", ""Description:ST31000340AS 1TB 7.2K 3.5 3G SATA Hard Drive 3.5 inch 3.5 inch 1/3H 3.5 inch 3.5 inch 3.5 inch 3.5 inch 3.5 inch 3.5 inch 3."
4070,{'Output': 'match'},0mhz 3.5ghz 3.5ghz 3.5ghz 3.5ghz 3.5ghz 3.5ghz 3.5ghz 3.5ghz 3.5ghz 3.5ghz 3.5ghz 3.5ghz 3.5gh
4071,{'Output': 'mismatch'},"dg0300bahzq\', \'dg0300bahzq5pack\', \'493083001\'], \'type\': \'2.5-inch Serial Attached SCSI (SAS) SFF 3G Dual Port Hot-Plug\', \'description\': \'  \""DG0300BAHZQ HP 300"
4072,{'Output': 'mismatch'},"{""sku"": ""hp508429001""}"
4073,{'Output': 'mismatch'},"896001\', \'type\': \'Hard Drive - Hot-Swap\', \'description\': \'  ""456896-001 HP 400-GB 10K 3.5 DP SAS 2 Pack"" ""HP 456896-001 HDD Part# -456896"
4074,{'Output': 'mismatch'},"630NS HP 500-GB 7.2K 3.5 1.5G SATA\', \'subcategory\': \'500-GB 1.5G 3.5 SATA 7.2K\', \'sku\': \'st3500630ns\', \'type\': \'3.5-inch (LFF"
4075,{'Output': 'mismatch'},"'  \""Fujitsu 10K 10000RPM 73GB 2.5\"" SAS Hard Drive (MAY2073RC)\""@en \""\u25b7 Fujitsu | OcUK\""@en  \""1', 'title': 'Fujitsu 10K 10000RPM"
4076,{'Output': 'mismatch'},2.50GHz 115W 16MB Cache 1600MHz FSB 128Bit 128Bit 128Bit 128Bit 128Bit 128Bit 128Bit 128Bit 128Bit 128Bit 128Bit 1
4077,{'Output': 'mismatch'},"HP 157766-B21 Part# -157766-B21"", ""Null""  ""Description:157766-B21 HP 50-GB Internal Tape Drive"", ""Null""  ""Description:157766-B21 HP 50-GB Internal Tape Drive"", ""Null"""
4078,{'Output': 'mismatch'},",-\': \'€ 0,-\', \'Pakketpost vanaf € 100,-\': \'€ 0,-\', \'Pakketpost vanaf € 50,-\': \'€ 0,-\', \'Pakketpost vanaf € 20,-\': \'€ 0,-\', \'Pakketpost vanaf € 1"
4079,{'Output': 'mismatch'},T 15/30GB External SCSI Tape Drive - 15/30GB - 15GB - 15/30GB - 15GB - 15/30GB - 15GB - 15/30GB - 15GB - 15/30GB - 15GB - 1
4080,{'Output': 'match'},"ID\': \'456520\', \'Capacity\': \'73GB\', \'Interface\': \'Serial Attached SCSI (SAS)\', \'Enclosure\': \'Internal\', \'Drive Dimensions\': \'2.5 inches x 1/3H (Low Profile)\', \'Spindle Speed\': \'10000RPM\', \'Data Transfer"
4081,{'Output': 'mismatch'},"{""Output"": ""match""}"
4082,{'Output': 'mismatch'},44444444444444444444444444444444444444444444444444444444444444444444444444444444
4083,{'Output': 'mismatch'},"1-s21-sc\', \'628061s21sc\'], \'type\': \'Description:1 x HPE 3TB 3.5-inch (LFF) Serial ATA (SATA) 6G 7.2K Hot-Plug\', \'description\': \'  ""628061-S21-SC HP G"
4084,{'Output': 'mismatch'},"\': \'Memory\', \'subcategory\': \'Memory\', \'brand\': \'HP\', \'sku\': \'408854B21\', \'type\': \'Memory Kit\', \'description\': \'  \""408854-B21 HP 8GB (2x4GB) PC2-5300P SDRAM Kit\"""
4085,{'Output': 'mismatch'},"5K 3.5 DP SAS 2 Pack Wholesale\', \'subcategory\': \'Price\', \'sku\': \'417190-002-2Pack\', \'type\': \'New 417190-002 SAS 2 Pack Wholesale 15K 3.5 DP SAS 2 Pack Wholesale 72GB"
4086,{'Output': 'mismatch'},"TB 3 5 SATA3 128MB 7200"", ""Null"" ""Hard Drive 3.5 7200 RPM 6TB 3.5 SATA3 128MB 7200 RPM 6TB 3.5 SATA3 128MB 7200 RPM 6TB 3."
4087,{'Output': 'mismatch'},00000000000000000000000000000000000000000000000000000000000000000000000000000000
4088,{'Output': 'mismatch'},"NS Seagate 1-TB 7.2K 3.5 SATA"", ""Null"" ""New ST31000640NS SATA 5 Pack Wholesale Price S\'}'} -> match:mismatch}

{'Entity_1': '{\""brand\"": \""Samsung\"", \""category\"": \""HardDrive\"", \""subcategory\"": \""HardDrive\"", \""description\"": \""  \"""
4089,{'Output': 'mismatch'},"{""Output"": ""match""}"
4090,{'Output': 'mismatch'},"\', \'brand\': \'TRENDnet\', \'sku\': \'tew818dru\', \'description\': '  \""TRENDnet 300Mbps 802.11n Wireless Router\"" \""Null\""  \""TRENDnet 300Mbps 802.11n Wireless Router\""  \""TRE"
4091,{'Output': 'match'},"3000C15\', \'title\': \'Corsair 16GB 3000 Vengeance LPX Red DDR4 Memory/RAM 4x4GB\', \'subcategory\': \'DDR4 Memory\', \'brand\': \'Corsair\', \'sku\': [\'cmk16gx4m4b3000c15r"
4092,{'Output': 'mismatch'},"2120 2TB NAS Drive 2.5"" SATA Hard Drive 2TB 21200100NES 21200100NES 21200100NES 21200100NES 21200100NES 21200100NES"
4093,{'Output': 'mismatch'},"0/100/1000\', \'description\': \'  ""391661-B21 HP Proliant NC340T 10/100/1000 Base-T Network Adapter"", ""HP 391661-B21 Proliant Network Adapter"", ""HP 391661"
4094,{'Output': 'match'},"8700M\', \'description\': \'  \""AMD A8-5500 3.60 GHz Quad-Core Processor\"" AMD A8-5500 3.60 GHz Quad-Core Processor PCPartPicker Australia""\', \'title\': \""AMD A8-5500 3.60 GHz Quad-Core Processor\"", \'subcategory"
4095,{'Output': 'match'},"af € 100,-)\': \'€ 0,-\', \'Pakketpost (boven € 100,-)\': \'€ 0,-\', \'Pakketpost (boven € 20,-)\': \'€ 0,-\', \'Pakketpost (boven € 50,-)\': \'€ 0,-\', \'"
4096,{'Output': 'mismatch'},"akketpost (vanaf € 29,95)\': \'€ 0,-\', \'Pakketpost (vanaf € 25,-)\': \'€ 0,-\', \'Pakketpost (vanaf € 36,24)\': \'€ 0,-\', \'Pakketpost (vanaf € 20,-)\':"
4097,{'Output': 'match'},"sku\': \'CC-9011082-WW\', \'type\': \'Computer Case\'}', 'Entity_2': '{\'title\': \'Corsair Carbide 400Q Quiet Desktop PC Computer Case Black\', \'category\': \'Black LN69313\', \'subcategory\': \'Carbide\', \'brand\': \'Cors"
4098,{'Output': 'mismatch'},"Spindle Speed\': \'5400RPM\', \'Average Seek Time\': \'8.5ms\', \'Hot Swap Tray\': \'Not Included\', \'Manufacturer\': \'Seagate\', \'description\': \'  \""ST1000DM003 HP G8 G9 1-TB 6G 5.4K 3.5"
4099,{'Output': 'mismatch'},"abyte N280 Deskto\', \'category\': \'Gigabyte N280 Desktop Computers\', \'Categorie\': \'Barebones\', \'Merk\': \'Gigabyte\', \'Productserie\': \'BRIX\', \'Product\': \'Gigabyte BRIX GB-BXBT-2807\', \'Uitvoering\': \'"
4100,{'Output': 'mismatch'},"0, RAID 5, RAID 6, RAID 1E, RAID 5E, RAID 6E, RAID 0+1, RAID 0+5, RAID 0+6, RAID 0+1E, RAID 0+5E, RAID 0+6E\', \'price\': \'""1499.99""@us,"
4101,{'Output': 'mismatch'},"-GB 10K FC-AL HDD\', \'subcategory\': \'72.8GB 10K Fibre Channel 40 pin 2GB/s HotSwap FCAL Hard Drive\', \'sku\': [\'359461001\', \'359461-001\'], \'type\': \'Hard Drive Hot"
4102,{'Output': 'match'},GB 1600MHz 1.2V 1.2V 1.2V 1.2V 1.2V 1.2V 1.2V 1.2V 1.2V 1.2V 1.2V 1.2V 1.2V 1.2V 1.
4103,{'Output': 'mismatch'},".5"" 10K\', \'description\': \'  ""238921-B21 10K 3.5\"" Hard Drive Hot-Swap 10K 3.5\"" 10K 3.5\"" 10K 3.5\"" 10K 3.5\"" 10K 3"
4104,{'Output': 'mismatch'},"5\', \'description\': \'  \""AMD A8-7670K 3.4GHz 4MB Cache 4x4 45W 12500000000000000000000000000000000000000000"
4105,{'Output': 'match'},"3770K 3.5 GHz 8 MB Cache LGA 1155 - BX80637I73770K\', \'brand\': \'Intel\', \'type\': \'Intel Core i7 3770K 3.5 GHz 8 MB Cache LGA 1155 - BX8063"
4106,{'Output': 'mismatch'},"000]\', \'category\': \'Hard Drive\', \'Categorie\': \'Hard schijf\', \'Merk\': \'Western Digital\', \'Productserie\': \'WD Blue\', \'Product\': \'Western Digital WD Blue 1TB 3.5\"" Hard Drive 7200RPM 64MB SATA III 6Gb/s (TL"
4107,{'Output': 'mismatch'},"\'431786-B2110pack\'], \'type\': \'Hard Drive\', \'description\': \'  ""431786-B21 HP 120-GB 5.4K 2.5 SATA"" ""Null"" ""New 431786-B21 SATA 10 Pack Wholesale Price"
4108,{'Output': 'mismatch'},"': \'Hard Drive\', \'Merk\': \'Western Digital\', \'Product\': \'Hard Drive 3.5 inch 10000 RPM 1.5 TB 7406172303766\', \'Uitvoering\': \'Hard Drive 3.5 inch 10000 RPM 1.5 TB"
4109,{'Output': 'mismatch'},"Gaming Case\', \'sku\': \'761345838009\', \'type\': \'Full Tower Case\' }', 'Entity_2': '{\""title\"": \""Antec P380 Windowed Full Tower PC Gaming Case\"", \""category\"": \""Case\"", \""subcategory\"": \""Full Tower Case\"", \""brand\"": \""Antec\"", \""sku\"":"
4110,{'Output': 'mismatch'},"2fryz\', \'type\': \'Hard Drive\', \'description\': \'  \""HDD Gold RE 6TB SATA 128MB 3.5\""@en  \""6TB WD Go\""@en  \""WD 6TB Gold Datacenter HDD/Hard Drive WD6002FRYZ\""@en  \""WD 6TB Gold Data"
4111,{'Output': 'mismatch'},"10K 2.5 DP SAS HDD\', \'subcategory\': \'Description:146GB 2.5-inch Serial Attached SCSI (SAS) 10K 2.5-inch Single Port Hot-Plug Hard DriveIn HPE Drive tray (as pictured)For G1-G7 Proliant SAS Ser\', \'sku\': \'4301"
4112,{'Output': 'mismatch'},"\""title\"": \""HP 430169-002 72GB 3G 15K 2.5 DP SAS 5 Pack\"", \""category\"": \""Hard Drives\"", \""subcategory\"": \""Hard Drives\"", \""brand\"": \""HP\"", \""sku\"": \""4301690025pack\"", \""type\"": \""Hard"
4113,{'Output': 'mismatch'},"'{\'title\': \'HP 358348-B21 1GB 184p PC2700 CL2.5 18c 128x4 Registered ECC DDR DIMM T027\', \'category\': \'Memory\', \'subcategory\': \'Registered ECC\', \'brand\': \'HP\', \'sku\':"
4114,{'Output': 'mismatch'},"': \'628061-S21-SC HP G8 G9 3-TB 6G 7.2K 3.5 SATA SC\', \'category\': \'Null\', \'subcategory\': \'Price\', \'brand\': \'New Wholesale\', \'sku\': [\'628061s21\', \'6280"
4115,{'Output': 'mismatch'},"0,-\', \'description\': \'  \""MCY-C3P1-KWNN Cooler Master MasterCase Pro 3\"" \""Null\""   \""Description:Coole Master MasterCase Pro 3  \""', \'title\': \'MCY-C3P1-KWNN Cooler Master MasterCase Pro 3\', \'sku\': \'mcyc3p1kwn"
4116,{'Output': 'mismatch'},1000 12+1 3000000000000000000000000000000000000000000000000000000000000000000000
4117,{'Output': 'mismatch'},"0,-\': \'€ 4,50\', \'Pakketpost (vanaf € 29,95)\': \'€ 0,-\', \'Pakketpost (vanaf € 29,-)\': \'€ 0,-\'}', 'Entity_2': '{\""title\"": \""TP-Link TL-WDN4800\"", \"""
4118,{'Output': 'mismatch'},"'match'}'

{'Entity_1': '{\""description\"": \""Intel Core i5-3570 \""Comprar Intel i5-3570 - PowerPlanetOnline\""""}', 'Entity_2': '{\""description\"": \""  \""Intel Core i5-3570\"" \""Comprar Intel i5-3570 - PowerPlanetOnline\""""}"
4119,{'Output': 'mismatch'},"(WD10PURZ)\', \'subcategory\': \'New WD10PURZ Wholesale Price\', \'brand\': \'Western Digital\', \'sku\': [\'wd10purz\'], \'type\': \'Hard Drive - 3.5 inch - 1TB - 5400RPM - SATA III - Purple - Surveillance - 64 MB"
4120,{'Output': 'mismatch'},"': \'  ""Intel Core i7-6700 6-Core 14MB Cache 4.00GHz 3M Cache 3.00GHz 100W 4.00GHz Turbo 3.00GHz Base 4.00GHz Turbo 3.00GHz Base 4.00GHz Turbo 3."
4121,{'Output': 'match'},"GHz. 1000 MHz = 1 GHz\', \'description\': '  \""Intel Core i7-6700K 4.00 GHz 64-Bit 8-Core 16-Thread 100000000000000000000000000000"
4122,{'Output': 'mismatch'},"01\', \'sku\': \'249675001\', \'type\': \'FBD DDR 200MHz Memory Module\'}', 'Entity_2': '{\'title\': \'249675-001 HP 512MB DDR 200MHz\', \'category\': \'\', \'subcategory\"
4123,{'Output': 'mismatch'},"\', \'sku\': \'4568960012pack\', \'type\': \'SAS 10K 3.5 inch 2 Pack 400GB 3GB/s HotSwap Hard Drive\'}', 'Entity_2': '{\'title\': \'456896-001 HP 400-"
4124,{'Output': 'mismatch'},"': \'SAS 12Gb/s 2.5\"" 3.5\"" 1.8\"" 3.5\"" 2.5\"" 3.5\"" 2.5\"" 3.5\"" 2.5\"" 3.5\"" 2.5\"" 3.5\"" 2.5\"" 3.5\"""
4125,{'Output': 'mismatch'},"{""Output"": ""match""}"
4126,{'Output': 'match'},"{""Output"": ""match""}"
4127,{'Output': 'mismatch'},"': \'7.5 ms (average) / 16.0 ms (max)\', \'Track-to-track Seek Time\': \'0.8 ms\', \'Spindle Speed\': \'7200 rpm\', \'Data Storage Device Type\': \'SAS (Server attached Storage)\', \'Hard Drive Device Type\': \'Hard drive for server/storage unit (HP)\"
4128,{'Output': 'mismatch'},"15K 2.5 DP SAS HDD 3G 430169-002\', \'description\': \'  \""430169-002 HP 72-GB 3G 15K 2.5 DP SAS HDD\""@en  \""New 430169-002"
4129,{'Output': 'mismatch'},"pack\'], \'type\': \'Serial Attached SCSI (SAS) 3.5-inch Non-Hot-Plug 10K DP Hard Dr\', \'description\': \'  ""508429-001 HP 400-GB 10K 3.5 DP NHP SAS 5 Pack\"" ""New 5084"
4130,{'Output': 'mismatch'},"{""Output"": ""match""}"
4131,{'Output': 'mismatch'},"{""Output"": ""mismatch""}"
4132,{'Output': 'mismatch'},"': \'HP\', \'sku\': \'507825b21\', \'type\': \'Processor - Xeon E5506 2.13GHz BL280c G6 Boxed\' }', 'Entity_2': '{\'title\': \'507825B21 HP Xeon E5506"
4133,{'Output': 'mismatch'},1-B21 - HP Proliant Memory 8GB (2 x 4GB) 800MHz (PC2-6400) DDR II SDRAM 240-pin DIMM 240-pin Memory 8GB (2 x 4GB) 800MHz (PC2-6400) DDR II SDRAM
4134,{'Output': 'mismatch'},"10,-\', \'description\': \'  \""Corsair Vengeance LED CMU64GX4M4C3000C15R\""  \""Corsair Vengeance LED 64 GB 2x32 GB DDR4 2933 MHz 15-15-15-35 2400 MT/s"
4135,{'Output': 'mismatch'},"\'subcategory\': \'36.4GB 10K Fibre Channel 40 pin 2GB/s HotSwap FCAL Hard Drive\', \'brand\': \'HPE\', \'sku\': \'bd03655b28\', \'type\': \'Hard Drive Hot-Swap\', \'description\': \'  \""BD03655B"
4136,{'Output': 'mismatch'},"{""Output"": ""match""}"
4137,{'Output': 'mismatch'},"Price 1024d-5Pack\' , \'sku\': [\'tlsg1024d\', \'tlsg1024d5pack\'], \'type\': \'Unmanaged Switch 24 Port Gigabit Ethernet Desk / Rackmount 10/100/1000 Mbps\' }', 'Entity_2': '{\'"
4138,{'Output': 'mismatch'},"post DPD (vanaf € 50,-)\': \'€ 0,-\', \'description\': \'  \""YD1400BBAEBOX AMD Ryzen 5 1400 Boxed Wraith Stealth koeler\"" \""Null\""   \""Description:AMD Ryzen 5 1400 Boxed Wraith Stealth koeler\"", \""Null\"""
4139,{'Output': 'mismatch'},"\', \'description\': \'  \""359461-005-2Pack\""@en  \""359461-005-2Pack\""@en  \""359461-005-2Pack\""@en  \""359461-005-2Pack\""@en  \"""
4140,{'Output': 'mismatch'},"16GX4M4C3200)""@en Memory/RAM 16GB (4x4GB) Corsair Vengeance LPX Red PC4-25600C16 3200MHz Quad Channel Kit - Red (CMK16GX4M4C3200) 1.2V 288"
4141,{'Output': 'mismatch'},"\', \'description\': \'  \""HP ProLiant Insight Management Board 157866001\""@en ""HP ProLiant Insight Management Board 157866001"" ""HP ProLiant Insight Management Board 157866001"" ""HP ProLiant Insight Management Board 15786"
4142,{'Output': 'match'},"5 SATA SC\', \'category\': \'Null\', \'subcategory\': \'New 628102-001 SC 5 Pack Wholesale Price 628102-001-5Pack\', \'brand\': \'HP\', \'sku\': [\'628102-001-SC\', \'6281"
4143,{'Output': 'mismatch'},"'Entity_2': '{\""title\"": \""BD03655B28 HP 36.4-GB 10K FC-AL\"", \""category\"": \""StorageWorks\"", \""subcategory\"": \""36.4GB 10K Fibre Channel 40 pin 2GB/s HotSwap FCAL Hard Drive\"", \""brand\"": \""HPE\"","
4144,{'Output': 'mismatch'},"10K\', \'Manufacturer\': \'HP\', \'Part Number\': \'359461005\', \'description\': \'  ""HP 359461005 10K 2.5"" 146GB SATA II Hard Drive 3.5"" 146GB 10K RPM 2"
4145,{'Output': 'mismatch'},\': \'[0000000000000000000000000000000000000000000000000000000000000000000000000000
4146,{'Output': 'mismatch'},"/CPU\', \'subcategory\': \'Price\', \'sku\': [\'bx80677i37350k\', \'bx80677i37350k-001\'], \'type\': \'Intel Core i3 7350K Unlocked Kaby Lake Desktop Processor/CPU\' }', 'Entity_"
4147,{'Output': 'mismatch'},"Category\': \'HardDrive\', \'Sub-Category\': \'SATA\', \'Generation\': \'SATA\', \'Part Number\': \'364622-B23\', \'Products ID\': \'463636\', \'Capacity\': \'1TB\', \'Form Factor\': \'3.5 inches x 1/3H\', \'"
4148,{'Output': 'mismatch'},"56aba10pack\'], \'type\': \'Hard Drive Hot-Swap\'}', 'Entity_2': '{\'title\': \'BD03656ABA 10K 3.5 10000RPM 36.4GB FC-AL 10000RPM 10000RPM"
4149,{'Output': 'mismatch'},"1]\', \'brand\': \'HP\', \'category\': \'\', \'Category\': \'Proliant Memory\', \'Sub-Category\': \'Genuine HP Memory\', \'Generation\': \'667MHz\', \'Part Number\': \'637414-B21\', \'Products ID\': \'143236\', \'Technology"
4150,{'Output': 'mismatch'},"2I76700K Core I7-6700k Processor Fc-Lga14c 4.10g 8m Cache Skylake / Boxed Version\"" @en Intel BX80662I76700K Core I7-6700k Processor Fc-Lga14c 4.10"
4151,{'Output': 'match'},10K RPM 73 GB Sun Hard Drive 10000 RPM 10000 RPM 10000 RPM 10000 RPM 10000 RPM 10000 RPM 10000 RPM 10000 RPM 10000 RPM 1000
4152,{'Output': 'match'},"0,-\': \'€ 0,-\', \'description\': \'  ""Gigabyte BRIX GB-BXBT-2807""  ""Gigabyte BRIX GB-BXBT-2807 2807 2807 2807 2807 2807 2807 2"
4153,{'Output': 'mismatch'},"Drive\', \'Sub-Category\': \'Hard Drive\', \'description\': \'  \""HP 456896001 1.5 TB 3.5 inch Internal Hard Drive\"", \""Null\"" \""HP 456896001 1.5 TB 3.5 inch Internal Hard Drive\"" \""Null\"" \""HP 4"
4154,{'Output': 'mismatch'},"{""Output"": ""match""}"
4155,{'Output': 'mismatch'},"\': \'HP\', \'sku\': \'454141-002\', \'type\': \'3.5-inch (SFF) 1.5G 7.2K Solid State Hard Drive\', \'description\': \'  \""454141-002 HP 500-GB 1.5G 7"
4156,{'Output': 'mismatch'},"- 3TB 3.5"" SATA III 64MB Cache Hard Drive 7200RPM 3.5"" 3TB 3.5"" 3.5"" 3.5"" 3.5"" 3.5"" 3.5"" 3.5"" 3.5"" 3.5"" 3"
4157,{'Output': 'mismatch'},"{""Output"": ""mismatch""}"
4158,{'Output': 'mismatch'},"\': \'[483513b21]\', \'/mpn\': \'[483513b21]\', \'brand\': \'HP\', \'category\': \'HP\', \'Category\': \'Proliant Controller\', \'Sub-Category\': \'HCA\', \'Generation\': \'DL585 G2\',"
4159,{'Output': 'mismatch'},"\'Hard Drives\', \'subcategory\': \'Hard Drives\', \'description\': \'  \""Seagate 3.5 inch 10000 RPM 524MB/s 1TB 7200RPM 3.5 In 10K 524MB/s 1TB 7200RPM 3.5"
4160,{'Output': 'mismatch'},"{""mpn"": ""9hlf4lbdbe""}"
4161,{'Output': 'match'},"description\': \'  \""HPE 508429001 400GB 10K 3.5 inch SAS Hard Drive\"" \"" HPE 508429001 400GB 10K 3.5 inch SAS Hard Drive CDW.com  \""The HPE 50842"
4162,{'Output': 'mismatch'},"': \'\', \'subcategory\': \'\', \'brand\': \'AMD\', \'sku\': \'\', \'type\': \'AMD Processor\', \'description\': \'  \""AMD FX-4 4300 3.80Ghz (Socket AM3+) Processor - Retail\""  ""@US\""@US \""AMD FX-4 430"
4163,{'Output': 'mismatch'},"{""Output"": ""match""}"
4164,{'Output': 'mismatch'},2.8GHz 325134-001 32GB with 16 x 2 GB DIMMs PC2-3200 DDR2 Memory 2.8GHz 2.8GHz 2.8GHz 2.8GHz 2.8GHz 2.8GHz 2.8GHz 2.8GHz
4165,{'Output': 'mismatch'},\'description\': \'  Corsair Flash Voyager Slider X2 128GB USB 3.0 128GB 1.33MB/s 1.33MB/s 1.33MB/s 1.33MB/s 1.33MB/s 1.33MB/s 1.33MB/s 1.
4166,{'Output': 'mismatch'},uggedized 3.5 SATA Hard Drive 1000GB 1TB 3.5 SATA 7.2K 3.5 SATA 7.2K 3.5 SATA 7.2K 3.5 SATA 7.2K 3.5 SATA 7.2K 3.5 SATA 7.2K 3
4167,{'Output': 'mismatch'},"': [\'mecs38gdv169\', \'cmsx8gx3m2a1600c9\'], \'type\': \'Memory - SODIMM\'}', 'Entity_2': '{\'title\': \'Corsair Vengeance 8GB (2x4Gb) DDR3 1600MHz Cas9 SO\',"
4168,{'Output': 'mismatch'},"\'HP\', \'sku\': \'333773b21\', \'type\': \'Server Blade\', \'description\': \'  \""Null\"", \""333773-B21 HP BL10e G2 40GB Server Blade\"" Price 333773-B21 \"" Blade Wholesale  \""Descriptio\'}"
4169,{'Output': 'mismatch'},"description\': \'  \""Intel - Core i3-6300 3.8GHz Dual-Core Processor\"" Processor (BX80662I36300) PCPartPicker\""  Intel - Core i3-6300 3.8GHz Dual-Core Processor\', \'category\': \'Processors\', \'subcategory\': \'Processors\',"
4170,{'Output': 'mismatch'},"15.6"" 15.6"" 15.6"" 15.6"" 15.6"" 15.6"" 15.6"" 15.6"" 15.6"" 15.6"" 15.6"" 15.6"" 15.6"" 1"
4171,{'Output': 'mismatch'},"DDR3-1333 CL9 1.5V, Value Select"", \""Null\"" 240-pin Unbuffered DDR3 SDRAM 1333 MHz 4 GB 2 x 2 GB 1.5V 240-pin DIMM 240-pin Unbuffered DDR3 SDRAM 1333 MHz 4"
4172,{'Output': 'mismatch'},643-B21 HP 295643-B21 295643-B21 295643-B21 295643-B21 295643-B21 295643-B21 295643-B21 29
4173,{'Output': 'mismatch'},"1 HP 2.2GHz 4-Core AMD Opteron Processor 2354 G5\', \'description\': \'  \""445974-B21 HP 2.2GHz 4-Core AMD Opteron Processor 2354 G5\""  ""Null"" Price 445974-B21 ""New 445"
4174,{'Output': 'match'},"': \'  \""77000455 Digi 10000000000000000000000000000000000000000000000000000000000000000"
4175,{'Output': 'mismatch'},"K 2.5-Inch SATA Hard Drive ""@en |  ""431786-B21 HP 120-GB 5.4K 2.5-Inch SATA Hard Drive ""@en  ""431786-B21 HP 120-GB 5.4K 2.5-Inch SATA Hard Drive ""@"
4176,{'Output': 'mismatch'},"\'Category\': \'Proliant HardDrive\', \'Sub-Category\': \'Hard Drive\', \'Generation\': \'SAS\', \'Part Number\': \'603608-B21\', \'Products ID\': \'461184\', \'Type\': \'Hard Drive\', \'Capacity\': \'200GB\', \'Interface Type\"
4177,{'Output': 'mismatch'},"{""Gemiddelde schrijftijd"": ""0,0 \u03bcs""}"
4178,{'Output': 'mismatch'},"mpn\': \'[ad560kwohjbox]\', \'category\': \'\', \'Process Technology\': \'32 nm\', \'Weight\': \'3.36 oz\', \'Clock Speed\': \'3.60 GHz\', \'Processor Socket\': \'Socket FM2\', \'L2 Cache\': \'4 MB\', \'Width\"
