,output,predict
0,{'Output': 'mismatch'},{'Output': 'mismatch'}
1,{'Output': 'mismatch'},{'Output': 'mismatch'}
2,{'Output': 'mismatch'},{'Output': 'mismatch'}
3,{'Output': 'mismatch'},{'Output': 'mismatch'}
4,{'Output': 'mismatch'},{'Output': 'mismatch'}
5,{'Output': 'mismatch'},{'Output': 'mismatch'}
6,{'Output': 'mismatch'},{'Output': 'mismatch'}
7,{'Output': 'match'},{'Output': 'mismatch'}
8,{'Output': 'mismatch'},{'Output': 'mismatch'}
9,{'Output': 'match'},{'Output': 'match'}
10,{'Output': 'mismatch'},{'Output': 'mismatch'}
11,{'Output': 'mismatch'},{'Output': 'mismatch'}
12,{'Output': 'mismatch'},{'Output': 'mismatch'}
13,{'Output': 'match'},{'Output': 'match'}
14,{'Output': 'mismatch'},{'Output': 'mismatch'}
15,{'Output': 'mismatch'},{'Output': 'mismatch'}
16,{'Output': 'mismatch'},{'Output': 'mismatch'}
17,{'Output': 'mismatch'},{'Output': 'mismatch'}
18,{'Output': 'mismatch'},{'Output': 'mismatch'}
19,{'Output': 'mismatch'},{'Output': 'mismatch'}
20,{'Output': 'mismatch'},{'Output': 'mismatch'}
21,{'Output': 'mismatch'},{'Output': 'match'}
22,{'Output': 'match'},{'Output': 'match'}
23,{'Output': 'mismatch'},{'Output': 'mismatch'}
24,{'Output': 'mismatch'},{'Output': 'mismatch'}
25,{'Output': 'mismatch'},{'Output': 'mismatch'}
26,{'Output': 'mismatch'},{'Output': 'mismatch'}
27,{'Output': 'mismatch'},{'Output': 'mismatch'}
28,{'Output': 'mismatch'},{'Output': 'mismatch'}
29,{'Output': 'mismatch'},{'Output': 'mismatch'}
30,{'Output': 'mismatch'},{'Output': 'mismatch'}
31,{'Output': 'mismatch'},{'Output': 'mismatch'}
32,{'Output': 'mismatch'},{'Output': 'mismatch'}
33,{'Output': 'mismatch'},{'Output': 'mismatch'}
34,{'Output': 'mismatch'},{'Output': 'mismatch'}
35,{'Output': 'mismatch'},{'Output': 'match'}
36,{'Output': 'mismatch'},{'Output': 'mismatch'}
37,{'Output': 'mismatch'},{'Output': 'mismatch'}
38,{'Output': 'mismatch'},{'Output': 'mismatch'}
39,{'Output': 'mismatch'},{'Output': 'mismatch'}
40,{'Output': 'mismatch'},{'Output': 'mismatch'}
41,{'Output': 'mismatch'},{'Output': 'mismatch'}
42,{'Output': 'match'},{'Output': 'match'}
43,{'Output': 'mismatch'},{'Output': 'mismatch'}
44,{'Output': 'mismatch'},{'Output': 'mismatch'}
45,{'Output': 'mismatch'},{'Output': 'match'}
46,{'Output': 'mismatch'},{'Output': 'mismatch'}
47,{'Output': 'mismatch'},{'Output': 'mismatch'}
48,{'Output': 'mismatch'},{'Output': 'mismatch'}
49,{'Output': 'mismatch'},{'Output': 'mismatch'}
50,{'Output': 'mismatch'},{'Output': 'mismatch'}
51,{'Output': 'mismatch'},{'Output': 'mismatch'}
52,{'Output': 'mismatch'},{'Output': 'mismatch'}
53,{'Output': 'mismatch'},{'Output': 'mismatch'}
54,{'Output': 'mismatch'},{'Output': 'mismatch'}
55,{'Output': 'mismatch'},{'Output': 'mismatch'}
56,{'Output': 'mismatch'},{'Output': 'mismatch'}
57,{'Output': 'mismatch'},{'Output': 'mismatch'}
58,{'Output': 'mismatch'},{'Output': 'mismatch'}
59,{'Output': 'mismatch'},{'Output': 'mismatch'}
60,{'Output': 'mismatch'},{'Output': 'mismatch'}
61,{'Output': 'mismatch'},{'Output': 'mismatch'}
62,{'Output': 'mismatch'},{'Output': 'mismatch'}
63,{'Output': 'mismatch'},{'Output': 'mismatch'}
64,{'Output': 'mismatch'},{'Output': 'mismatch'}
65,{'Output': 'mismatch'},{'Output': 'mismatch'}
66,{'Output': 'mismatch'},{'Output': 'mismatch'}
67,{'Output': 'mismatch'},{'Output': 'mismatch'}
68,{'Output': 'mismatch'},{'Output': 'match'}
69,{'Output': 'mismatch'},{'Output': 'mismatch'}
70,{'Output': 'mismatch'},{'Output': 'mismatch'}
71,{'Output': 'mismatch'},{'Output': 'mismatch'}
72,{'Output': 'mismatch'},{'Output': 'mismatch'}
73,{'Output': 'mismatch'},{'Output': 'mismatch'}
74,{'Output': 'mismatch'},{'Output': 'mismatch'}
75,{'Output': 'mismatch'},{'Output': 'mismatch'}
76,{'Output': 'mismatch'},{'Output': 'mismatch'}
77,{'Output': 'mismatch'},{'Output': 'mismatch'}
78,{'Output': 'mismatch'},{'Output': 'mismatch'}
79,{'Output': 'mismatch'},{'Output': 'mismatch'}
80,{'Output': 'mismatch'},{'Output': 'mismatch'}
81,{'Output': 'mismatch'},{'Output': 'mismatch'}
82,{'Output': 'mismatch'},{'Output': 'match'}
83,{'Output': 'mismatch'},{'Output': 'mismatch'}
84,{'Output': 'mismatch'},{'Output': 'mismatch'}
85,{'Output': 'mismatch'},{'Output': 'mismatch'}
86,{'Output': 'match'},{'Output': 'match'}
87,{'Output': 'mismatch'},{'Output': 'mismatch'}
88,{'Output': 'mismatch'},{'Output': 'mismatch'}
89,{'Output': 'mismatch'},{'Output': 'mismatch'}
90,{'Output': 'mismatch'},{'Output': 'mismatch'}
91,{'Output': 'match'},{'Output': 'match'}
92,{'Output': 'mismatch'},{'Output': 'mismatch'}
93,{'Output': 'mismatch'},{'Output': 'mismatch'}
94,{'Output': 'mismatch'},{'Output': 'mismatch'}
95,{'Output': 'mismatch'},{'Output': 'mismatch'}
96,{'Output': 'mismatch'},{'Output': 'mismatch'}
97,{'Output': 'mismatch'},{'Output': 'mismatch'}
98,{'Output': 'mismatch'},{'Output': 'mismatch'}
99,{'Output': 'mismatch'},{'Output': 'mismatch'}
100,{'Output': 'mismatch'},{'Output': 'mismatch'}
101,{'Output': 'mismatch'},{'Output': 'mismatch'}
102,{'Output': 'mismatch'},{'Output': 'mismatch'}
103,{'Output': 'mismatch'},{'Output': 'mismatch'}
104,{'Output': 'mismatch'},{'Output': 'mismatch'}
105,{'Output': 'mismatch'},{'Output': 'mismatch'}
106,{'Output': 'mismatch'},{'Output': 'mismatch'}
107,{'Output': 'mismatch'},{'Output': 'mismatch'}
108,{'Output': 'mismatch'},{'Output': 'mismatch'}
109,{'Output': 'mismatch'},{'Output': 'mismatch'}
110,{'Output': 'mismatch'},{'Output': 'mismatch'}
111,{'Output': 'mismatch'},{'Output': 'mismatch'}
112,{'Output': 'mismatch'},{'Output': 'mismatch'}
113,{'Output': 'mismatch'},{'Output': 'mismatch'}
114,{'Output': 'mismatch'},{'Output': 'mismatch'}
115,{'Output': 'mismatch'},{'Output': 'mismatch'}
116,{'Output': 'mismatch'},{'Output': 'mismatch'}
117,{'Output': 'match'},{'Output': 'match'}
118,{'Output': 'mismatch'},{'Output': 'mismatch'}
119,{'Output': 'match'},{'Output': 'match'}
120,{'Output': 'mismatch'},{'Output': 'mismatch'}
121,{'Output': 'mismatch'},{'Output': 'match'}
122,{'Output': 'mismatch'},{'Output': 'mismatch'}
123,{'Output': 'mismatch'},{'Output': 'mismatch'}
124,{'Output': 'mismatch'},{'Output': 'mismatch'}
125,{'Output': 'mismatch'},{'Output': 'mismatch'}
126,{'Output': 'match'},{'Output': 'match'}
127,{'Output': 'mismatch'},{'Output': 'mismatch'}
128,{'Output': 'mismatch'},{'Output': 'mismatch'}
129,{'Output': 'mismatch'},{'Output': 'mismatch'}
130,{'Output': 'mismatch'},{'Output': 'mismatch'}
131,{'Output': 'mismatch'},{'Output': 'mismatch'}
132,{'Output': 'mismatch'},{'Output': 'mismatch'}
133,{'Output': 'mismatch'},{'Output': 'mismatch'}
134,{'Output': 'mismatch'},{'Output': 'mismatch'}
135,{'Output': 'mismatch'},{'Output': 'match'}
136,{'Output': 'mismatch'},{'Output': 'mismatch'}
137,{'Output': 'mismatch'},{'Output': 'mismatch'}
138,{'Output': 'match'},{'Output': 'match'}
139,{'Output': 'mismatch'},{'Output': 'mismatch'}
140,{'Output': 'mismatch'},{'Output': 'mismatch'}
141,{'Output': 'mismatch'},{'Output': 'mismatch'}
142,{'Output': 'mismatch'},{'Output': 'mismatch'}
143,{'Output': 'mismatch'},{'Output': 'mismatch'}
144,{'Output': 'mismatch'},{'Output': 'mismatch'}
145,{'Output': 'mismatch'},{'Output': 'mismatch'}
146,{'Output': 'match'},{'Output': 'match'}
147,{'Output': 'mismatch'},{'Output': 'mismatch'}
148,{'Output': 'mismatch'},{'Output': 'mismatch'}
149,{'Output': 'mismatch'},{'Output': 'mismatch'}
150,{'Output': 'mismatch'},{'Output': 'mismatch'}
151,{'Output': 'mismatch'},{'Output': 'mismatch'}
152,{'Output': 'mismatch'},{'Output': 'mismatch'}
153,{'Output': 'mismatch'},{'Output': 'mismatch'}
154,{'Output': 'mismatch'},{'Output': 'mismatch'}
155,{'Output': 'mismatch'},{'Output': 'mismatch'}
156,{'Output': 'mismatch'},{'Output': 'mismatch'}
157,{'Output': 'mismatch'},{'Output': 'mismatch'}
158,{'Output': 'match'},{'Output': 'match'}
159,{'Output': 'mismatch'},{'Output': 'match'}
160,{'Output': 'mismatch'},{'Output': 'mismatch'}
161,{'Output': 'mismatch'},{'Output': 'mismatch'}
162,{'Output': 'mismatch'},{'Output': 'mismatch'}
163,{'Output': 'mismatch'},{'Output': 'mismatch'}
164,{'Output': 'mismatch'},{'Output': 'mismatch'}
165,{'Output': 'match'},{'Output': 'match'}
166,{'Output': 'match'},{'Output': 'match'}
167,{'Output': 'mismatch'},{'Output': 'mismatch'}
168,{'Output': 'match'},{'Output': 'match'}
169,{'Output': 'mismatch'},{'Output': 'mismatch'}
170,{'Output': 'mismatch'},{'Output': 'mismatch'}
171,{'Output': 'mismatch'},{'Output': 'mismatch'}
172,{'Output': 'mismatch'},{'Output': 'mismatch'}
173,{'Output': 'mismatch'},{'Output': 'mismatch'}
174,{'Output': 'mismatch'},{'Output': 'mismatch'}
175,{'Output': 'mismatch'},{'Output': 'mismatch'}
176,{'Output': 'mismatch'},{'Output': 'mismatch'}
177,{'Output': 'mismatch'},{'Output': 'mismatch'}
178,{'Output': 'mismatch'},{'Output': 'mismatch'}
179,{'Output': 'mismatch'},{'Output': 'mismatch'}
180,{'Output': 'mismatch'},{'Output': 'mismatch'}
181,{'Output': 'mismatch'},{'Output': 'mismatch'}
182,{'Output': 'mismatch'},{'Output': 'mismatch'}
183,{'Output': 'mismatch'},{'Output': 'mismatch'}
184,{'Output': 'mismatch'},{'Output': 'mismatch'}
185,{'Output': 'mismatch'},{'Output': 'mismatch'}
186,{'Output': 'match'},{'Output': 'match'}
187,{'Output': 'mismatch'},{'Output': 'mismatch'}
188,{'Output': 'mismatch'},{'Output': 'mismatch'}
189,{'Output': 'mismatch'},{'Output': 'mismatch'}
190,{'Output': 'match'},{'Output': 'match'}
191,{'Output': 'mismatch'},{'Output': 'mismatch'}
192,{'Output': 'match'},{'Output': 'match'}
193,{'Output': 'mismatch'},{'Output': 'mismatch'}
194,{'Output': 'mismatch'},{'Output': 'mismatch'}
195,{'Output': 'mismatch'},{'Output': 'mismatch'}
196,{'Output': 'mismatch'},{'Output': 'mismatch'}
197,{'Output': 'mismatch'},{'Output': 'mismatch'}
198,{'Output': 'mismatch'},{'Output': 'mismatch'}
199,{'Output': 'match'},{'Output': 'match'}
200,{'Output': 'mismatch'},{'Output': 'mismatch'}
201,{'Output': 'mismatch'},{'Output': 'mismatch'}
202,{'Output': 'mismatch'},{'Output': 'mismatch'}
203,{'Output': 'mismatch'},{'Output': 'mismatch'}
204,{'Output': 'mismatch'},{'Output': 'mismatch'}
205,{'Output': 'mismatch'},{'Output': 'mismatch'}
206,{'Output': 'mismatch'},{'Output': 'mismatch'}
207,{'Output': 'mismatch'},{'Output': 'mismatch'}
208,{'Output': 'mismatch'},{'Output': 'mismatch'}
209,{'Output': 'mismatch'},{'Output': 'mismatch'}
210,{'Output': 'mismatch'},{'Output': 'mismatch'}
211,{'Output': 'mismatch'},{'Output': 'mismatch'}
212,{'Output': 'mismatch'},{'Output': 'mismatch'}
213,{'Output': 'mismatch'},{'Output': 'mismatch'}
214,{'Output': 'mismatch'},{'Output': 'mismatch'}
215,{'Output': 'mismatch'},{'Output': 'mismatch'}
216,{'Output': 'mismatch'},{'Output': 'mismatch'}
217,{'Output': 'mismatch'},{'Output': 'mismatch'}
218,{'Output': 'mismatch'},{'Output': 'mismatch'}
219,{'Output': 'match'},{'Output': 'match'}
220,{'Output': 'mismatch'},{'Output': 'mismatch'}
221,{'Output': 'mismatch'},{'Output': 'mismatch'}
222,{'Output': 'mismatch'},{'Output': 'mismatch'}
223,{'Output': 'mismatch'},{'Output': 'mismatch'}
224,{'Output': 'mismatch'},{'Output': 'mismatch'}
225,{'Output': 'match'},{'Output': 'match'}
226,{'Output': 'mismatch'},{'Output': 'mismatch'}
227,{'Output': 'mismatch'},{'Output': 'mismatch'}
228,{'Output': 'mismatch'},{'Output': 'match'}
229,{'Output': 'mismatch'},{'Output': 'mismatch'}
230,{'Output': 'mismatch'},{'Output': 'mismatch'}
231,{'Output': 'mismatch'},{'Output': 'mismatch'}
232,{'Output': 'mismatch'},{'Output': 'mismatch'}
233,{'Output': 'mismatch'},{'Output': 'mismatch'}
234,{'Output': 'mismatch'},{'Output': 'mismatch'}
235,{'Output': 'mismatch'},{'Output': 'mismatch'}
236,{'Output': 'mismatch'},{'Output': 'mismatch'}
237,{'Output': 'mismatch'},{'Output': 'mismatch'}
238,{'Output': 'mismatch'},{'Output': 'mismatch'}
239,{'Output': 'mismatch'},{'Output': 'mismatch'}
240,{'Output': 'mismatch'},{'Output': 'mismatch'}
241,{'Output': 'mismatch'},{'Output': 'mismatch'}
242,{'Output': 'mismatch'},{'Output': 'mismatch'}
243,{'Output': 'mismatch'},{'Output': 'mismatch'}
244,{'Output': 'match'},{'Output': 'match'}
245,{'Output': 'mismatch'},{'Output': 'mismatch'}
246,{'Output': 'match'},{'Output': 'mismatch'}
247,{'Output': 'mismatch'},{'Output': 'mismatch'}
248,{'Output': 'mismatch'},{'Output': 'mismatch'}
249,{'Output': 'mismatch'},{'Output': 'mismatch'}
250,{'Output': 'mismatch'},{'Output': 'mismatch'}
251,{'Output': 'mismatch'},{'Output': 'mismatch'}
252,{'Output': 'mismatch'},{'Output': 'mismatch'}
253,{'Output': 'mismatch'},{'Output': 'mismatch'}
254,{'Output': 'mismatch'},{'Output': 'match'}
255,{'Output': 'mismatch'},{'Output': 'mismatch'}
256,{'Output': 'mismatch'},{'Output': 'mismatch'}
257,{'Output': 'mismatch'},{'Output': 'mismatch'}
258,{'Output': 'match'},{'Output': 'match'}
259,{'Output': 'mismatch'},{'Output': 'mismatch'}
260,{'Output': 'mismatch'},{'Output': 'mismatch'}
261,{'Output': 'mismatch'},{'Output': 'mismatch'}
262,{'Output': 'mismatch'},{'Output': 'mismatch'}
263,{'Output': 'mismatch'},{'Output': 'mismatch'}
264,{'Output': 'mismatch'},{'Output': 'mismatch'}
265,{'Output': 'mismatch'},{'Output': 'mismatch'}
266,{'Output': 'mismatch'},{'Output': 'mismatch'}
267,{'Output': 'mismatch'},{'Output': 'mismatch'}
268,{'Output': 'mismatch'},{'Output': 'mismatch'}
269,{'Output': 'match'},{'Output': 'match'}
270,{'Output': 'mismatch'},{'Output': 'mismatch'}
271,{'Output': 'mismatch'},{'Output': 'mismatch'}
272,{'Output': 'mismatch'},{'Output': 'mismatch'}
273,{'Output': 'mismatch'},{'Output': 'mismatch'}
274,{'Output': 'mismatch'},{'Output': 'mismatch'}
275,{'Output': 'mismatch'},{'Output': 'mismatch'}
276,{'Output': 'mismatch'},{'Output': 'mismatch'}
277,{'Output': 'mismatch'},{'Output': 'mismatch'}
278,{'Output': 'match'},{'Output': 'match'}
279,{'Output': 'mismatch'},{'Output': 'mismatch'}
280,{'Output': 'mismatch'},{'Output': 'mismatch'}
281,{'Output': 'mismatch'},{'Output': 'mismatch'}
282,{'Output': 'mismatch'},{'Output': 'mismatch'}
283,{'Output': 'mismatch'},{'Output': 'mismatch'}
284,{'Output': 'mismatch'},{'Output': 'mismatch'}
285,{'Output': 'mismatch'},{'Output': 'mismatch'}
286,{'Output': 'mismatch'},{'Output': 'mismatch'}
287,{'Output': 'mismatch'},{'Output': 'mismatch'}
288,{'Output': 'mismatch'},{'Output': 'match'}
289,{'Output': 'mismatch'},{'Output': 'mismatch'}
290,{'Output': 'mismatch'},{'Output': 'mismatch'}
291,{'Output': 'match'},{'Output': 'match'}
292,{'Output': 'mismatch'},{'Output': 'mismatch'}
293,{'Output': 'mismatch'},{'Output': 'mismatch'}
294,{'Output': 'mismatch'},{'Output': 'mismatch'}
295,{'Output': 'mismatch'},{'Output': 'mismatch'}
296,{'Output': 'mismatch'},{'Output': 'mismatch'}
297,{'Output': 'mismatch'},{'Output': 'mismatch'}
298,{'Output': 'mismatch'},{'Output': 'mismatch'}
299,{'Output': 'mismatch'},{'Output': 'mismatch'}
300,{'Output': 'mismatch'},{'Output': 'match'}
301,{'Output': 'match'},{'Output': 'match'}
302,{'Output': 'mismatch'},{'Output': 'mismatch'}
303,{'Output': 'mismatch'},{'Output': 'mismatch'}
304,{'Output': 'mismatch'},{'Output': 'mismatch'}
305,{'Output': 'mismatch'},{'Output': 'mismatch'}
306,{'Output': 'mismatch'},{'Output': 'mismatch'}
307,{'Output': 'mismatch'},{'Output': 'mismatch'}
308,{'Output': 'mismatch'},{'Output': 'mismatch'}
309,{'Output': 'mismatch'},{'Output': 'mismatch'}
310,{'Output': 'mismatch'},{'Output': 'mismatch'}
311,{'Output': 'mismatch'},{'Output': 'mismatch'}
312,{'Output': 'mismatch'},{'Output': 'mismatch'}
313,{'Output': 'mismatch'},{'Output': 'mismatch'}
314,{'Output': 'mismatch'},{'Output': 'mismatch'}
315,{'Output': 'mismatch'},{'Output': 'mismatch'}
316,{'Output': 'mismatch'},{'Output': 'mismatch'}
317,{'Output': 'mismatch'},{'Output': 'mismatch'}
318,{'Output': 'mismatch'},{'Output': 'mismatch'}
319,{'Output': 'mismatch'},{'Output': 'mismatch'}
320,{'Output': 'mismatch'},{'Output': 'mismatch'}
321,{'Output': 'mismatch'},{'Output': 'mismatch'}
322,{'Output': 'mismatch'},{'Output': 'mismatch'}
323,{'Output': 'mismatch'},{'Output': 'mismatch'}
324,{'Output': 'match'},{'Output': 'match'}
325,{'Output': 'mismatch'},{'Output': 'mismatch'}
326,{'Output': 'mismatch'},{'Output': 'mismatch'}
327,{'Output': 'mismatch'},{'Output': 'match'}
328,{'Output': 'mismatch'},{'Output': 'mismatch'}
329,{'Output': 'match'},{'Output': 'match'}
330,{'Output': 'mismatch'},{'Output': 'mismatch'}
331,{'Output': 'mismatch'},{'Output': 'mismatch'}
332,{'Output': 'match'},{'Output': 'match'}
333,{'Output': 'mismatch'},{'Output': 'mismatch'}
334,{'Output': 'mismatch'},{'Output': 'mismatch'}
335,{'Output': 'mismatch'},{'Output': 'mismatch'}
336,{'Output': 'mismatch'},{'Output': 'mismatch'}
337,{'Output': 'mismatch'},{'Output': 'mismatch'}
338,{'Output': 'mismatch'},{'Output': 'mismatch'}
339,{'Output': 'mismatch'},{'Output': 'mismatch'}
340,{'Output': 'mismatch'},{'Output': 'mismatch'}
341,{'Output': 'mismatch'},{'Output': 'mismatch'}
342,{'Output': 'mismatch'},{'Output': 'mismatch'}
343,{'Output': 'mismatch'},{'Output': 'mismatch'}
344,{'Output': 'mismatch'},{'Output': 'mismatch'}
345,{'Output': 'mismatch'},{'Output': 'mismatch'}
346,{'Output': 'mismatch'},{'Output': 'mismatch'}
347,{'Output': 'mismatch'},{'Output': 'mismatch'}
348,{'Output': 'mismatch'},{'Output': 'mismatch'}
349,{'Output': 'mismatch'},{'Output': 'mismatch'}
350,{'Output': 'mismatch'},{'Output': 'mismatch'}
351,{'Output': 'mismatch'},{'Output': 'mismatch'}
352,{'Output': 'mismatch'},{'Output': 'mismatch'}
353,{'Output': 'mismatch'},{'Output': 'mismatch'}
354,{'Output': 'mismatch'},{'Output': 'mismatch'}
355,{'Output': 'mismatch'},{'Output': 'mismatch'}
356,{'Output': 'mismatch'},{'Output': 'mismatch'}
357,{'Output': 'mismatch'},{'Output': 'mismatch'}
358,{'Output': 'mismatch'},{'Output': 'mismatch'}
359,{'Output': 'mismatch'},{'Output': 'mismatch'}
360,{'Output': 'mismatch'},{'Output': 'mismatch'}
361,{'Output': 'mismatch'},{'Output': 'mismatch'}
362,{'Output': 'mismatch'},{'Output': 'mismatch'}
363,{'Output': 'mismatch'},{'Output': 'mismatch'}
364,{'Output': 'mismatch'},{'Output': 'mismatch'}
365,{'Output': 'mismatch'},{'Output': 'mismatch'}
366,{'Output': 'mismatch'},{'Output': 'mismatch'}
367,{'Output': 'mismatch'},{'Output': 'mismatch'}
368,{'Output': 'mismatch'},{'Output': 'mismatch'}
369,{'Output': 'mismatch'},{'Output': 'mismatch'}
370,{'Output': 'mismatch'},{'Output': 'mismatch'}
371,{'Output': 'mismatch'},{'Output': 'mismatch'}
372,{'Output': 'mismatch'},{'Output': 'mismatch'}
373,{'Output': 'mismatch'},{'Output': 'mismatch'}
374,{'Output': 'mismatch'},{'Output': 'match'}
375,{'Output': 'mismatch'},{'Output': 'mismatch'}
376,{'Output': 'mismatch'},{'Output': 'mismatch'}
377,{'Output': 'mismatch'},{'Output': 'mismatch'}
378,{'Output': 'mismatch'},{'Output': 'mismatch'}
379,{'Output': 'mismatch'},{'Output': 'mismatch'}
380,{'Output': 'mismatch'},{'Output': 'mismatch'}
381,{'Output': 'mismatch'},{'Output': 'mismatch'}
382,{'Output': 'mismatch'},{'Output': 'mismatch'}
383,{'Output': 'mismatch'},{'Output': 'mismatch'}
384,{'Output': 'mismatch'},{'Output': 'mismatch'}
385,{'Output': 'mismatch'},{'Output': 'mismatch'}
386,{'Output': 'mismatch'},{'Output': 'mismatch'}
387,{'Output': 'mismatch'},{'Output': 'mismatch'}
388,{'Output': 'mismatch'},{'Output': 'mismatch'}
389,{'Output': 'mismatch'},{'Output': 'mismatch'}
390,{'Output': 'mismatch'},{'Output': 'mismatch'}
391,{'Output': 'mismatch'},{'Output': 'mismatch'}
392,{'Output': 'match'},{'Output': 'match'}
393,{'Output': 'mismatch'},{'Output': 'mismatch'}
394,{'Output': 'mismatch'},{'Output': 'mismatch'}
395,{'Output': 'mismatch'},{'Output': 'match'}
396,{'Output': 'mismatch'},{'Output': 'mismatch'}
397,{'Output': 'mismatch'},{'Output': 'mismatch'}
398,{'Output': 'mismatch'},{'Output': 'match'}
399,{'Output': 'mismatch'},{'Output': 'mismatch'}
400,{'Output': 'match'},{'Output': 'match'}
401,{'Output': 'mismatch'},{'Output': 'match'}
402,{'Output': 'mismatch'},{'Output': 'mismatch'}
403,{'Output': 'mismatch'},{'Output': 'mismatch'}
404,{'Output': 'mismatch'},{'Output': 'mismatch'}
405,{'Output': 'mismatch'},{'Output': 'mismatch'}
406,{'Output': 'mismatch'},{'Output': 'mismatch'}
407,{'Output': 'match'},{'Output': 'match'}
408,{'Output': 'mismatch'},{'Output': 'mismatch'}
409,{'Output': 'mismatch'},{'Output': 'mismatch'}
410,{'Output': 'mismatch'},{'Output': 'mismatch'}
411,{'Output': 'mismatch'},{'Output': 'mismatch'}
412,{'Output': 'mismatch'},{'Output': 'mismatch'}
413,{'Output': 'mismatch'},{'Output': 'match'}
414,{'Output': 'mismatch'},{'Output': 'mismatch'}
415,{'Output': 'mismatch'},{'Output': 'mismatch'}
416,{'Output': 'mismatch'},{'Output': 'mismatch'}
417,{'Output': 'mismatch'},{'Output': 'mismatch'}
418,{'Output': 'mismatch'},{'Output': 'mismatch'}
419,{'Output': 'mismatch'},{'Output': 'mismatch'}
420,{'Output': 'match'},{'Output': 'match'}
421,{'Output': 'mismatch'},{'Output': 'mismatch'}
422,{'Output': 'match'},{'Output': 'match'}
423,{'Output': 'mismatch'},{'Output': 'mismatch'}
424,{'Output': 'match'},{'Output': 'match'}
425,{'Output': 'mismatch'},{'Output': 'mismatch'}
426,{'Output': 'mismatch'},{'Output': 'mismatch'}
427,{'Output': 'mismatch'},{'Output': 'mismatch'}
428,{'Output': 'mismatch'},{'Output': 'mismatch'}
429,{'Output': 'match'},{'Output': 'match'}
430,{'Output': 'mismatch'},{'Output': 'mismatch'}
431,{'Output': 'mismatch'},{'Output': 'mismatch'}
432,{'Output': 'match'},{'Output': 'match'}
433,{'Output': 'mismatch'},{'Output': 'mismatch'}
434,{'Output': 'mismatch'},{'Output': 'mismatch'}
435,{'Output': 'mismatch'},{'Output': 'mismatch'}
436,{'Output': 'mismatch'},{'Output': 'mismatch'}
437,{'Output': 'mismatch'},{'Output': 'mismatch'}
438,{'Output': 'mismatch'},{'Output': 'mismatch'}
439,{'Output': 'match'},{'Output': 'match'}
440,{'Output': 'mismatch'},{'Output': 'match'}
441,{'Output': 'mismatch'},{'Output': 'mismatch'}
442,{'Output': 'mismatch'},{'Output': 'match'}
443,{'Output': 'mismatch'},{'Output': 'mismatch'}
444,{'Output': 'match'},{'Output': 'mismatch'}
445,{'Output': 'mismatch'},{'Output': 'mismatch'}
446,{'Output': 'mismatch'},{'Output': 'mismatch'}
447,{'Output': 'mismatch'},{'Output': 'mismatch'}
448,{'Output': 'mismatch'},{'Output': 'mismatch'}
449,{'Output': 'mismatch'},{'Output': 'mismatch'}
450,{'Output': 'mismatch'},{'Output': 'mismatch'}
451,{'Output': 'mismatch'},{'Output': 'mismatch'}
452,{'Output': 'mismatch'},{'Output': 'mismatch'}
453,{'Output': 'mismatch'},{'Output': 'mismatch'}
454,{'Output': 'mismatch'},{'Output': 'mismatch'}
455,{'Output': 'mismatch'},{'Output': 'mismatch'}
456,{'Output': 'mismatch'},{'Output': 'mismatch'}
457,{'Output': 'mismatch'},{'Output': 'mismatch'}
458,{'Output': 'mismatch'},{'Output': 'mismatch'}
459,{'Output': 'mismatch'},{'Output': 'mismatch'}
460,{'Output': 'mismatch'},{'Output': 'mismatch'}
461,{'Output': 'mismatch'},{'Output': 'match'}
462,{'Output': 'mismatch'},{'Output': 'mismatch'}
463,{'Output': 'mismatch'},{'Output': 'mismatch'}
464,{'Output': 'match'},{'Output': 'match'}
465,{'Output': 'mismatch'},{'Output': 'mismatch'}
466,{'Output': 'mismatch'},{'Output': 'mismatch'}
467,{'Output': 'match'},{'Output': 'match'}
468,{'Output': 'mismatch'},{'Output': 'mismatch'}
469,{'Output': 'mismatch'},{'Output': 'mismatch'}
470,{'Output': 'mismatch'},{'Output': 'mismatch'}
471,{'Output': 'mismatch'},{'Output': 'mismatch'}
472,{'Output': 'mismatch'},{'Output': 'mismatch'}
473,{'Output': 'mismatch'},{'Output': 'mismatch'}
474,{'Output': 'mismatch'},{'Output': 'mismatch'}
475,{'Output': 'mismatch'},{'Output': 'mismatch'}
476,{'Output': 'mismatch'},{'Output': 'mismatch'}
477,{'Output': 'mismatch'},{'Output': 'mismatch'}
478,{'Output': 'mismatch'},{'Output': 'mismatch'}
479,{'Output': 'mismatch'},{'Output': 'mismatch'}
480,{'Output': 'mismatch'},{'Output': 'mismatch'}
481,{'Output': 'mismatch'},{'Output': 'mismatch'}
482,{'Output': 'mismatch'},{'Output': 'mismatch'}
483,{'Output': 'match'},{'Output': 'match'}
484,{'Output': 'mismatch'},{'Output': 'mismatch'}
485,{'Output': 'mismatch'},{'Output': 'mismatch'}
486,{'Output': 'match'},{'Output': 'match'}
487,{'Output': 'mismatch'},{'Output': 'mismatch'}
488,{'Output': 'match'},{'Output': 'match'}
489,{'Output': 'mismatch'},{'Output': 'mismatch'}
490,{'Output': 'mismatch'},{'Output': 'mismatch'}
491,{'Output': 'match'},{'Output': 'match'}
492,{'Output': 'mismatch'},{'Output': 'mismatch'}
493,{'Output': 'mismatch'},{'Output': 'mismatch'}
494,{'Output': 'mismatch'},{'Output': 'mismatch'}
495,{'Output': 'mismatch'},{'Output': 'mismatch'}
496,{'Output': 'mismatch'},{'Output': 'mismatch'}
497,{'Output': 'mismatch'},{'Output': 'mismatch'}
498,{'Output': 'mismatch'},{'Output': 'match'}
499,{'Output': 'mismatch'},{'Output': 'mismatch'}
500,{'Output': 'mismatch'},{'Output': 'mismatch'}
501,{'Output': 'mismatch'},{'Output': 'mismatch'}
502,{'Output': 'mismatch'},{'Output': 'mismatch'}
503,{'Output': 'mismatch'},{'Output': 'mismatch'}
504,{'Output': 'mismatch'},{'Output': 'mismatch'}
505,{'Output': 'mismatch'},{'Output': 'match'}
506,{'Output': 'mismatch'},{'Output': 'mismatch'}
507,{'Output': 'mismatch'},{'Output': 'mismatch'}
508,{'Output': 'mismatch'},{'Output': 'mismatch'}
509,{'Output': 'mismatch'},{'Output': 'mismatch'}
510,{'Output': 'match'},{'Output': 'match'}
511,{'Output': 'mismatch'},{'Output': 'mismatch'}
512,{'Output': 'mismatch'},{'Output': 'mismatch'}
513,{'Output': 'mismatch'},{'Output': 'mismatch'}
514,{'Output': 'mismatch'},{'Output': 'mismatch'}
515,{'Output': 'mismatch'},{'Output': 'mismatch'}
516,{'Output': 'mismatch'},{'Output': 'mismatch'}
517,{'Output': 'mismatch'},{'Output': 'mismatch'}
518,{'Output': 'mismatch'},{'Output': 'match'}
519,{'Output': 'match'},{'Output': 'match'}
520,{'Output': 'mismatch'},{'Output': 'mismatch'}
521,{'Output': 'mismatch'},{'Output': 'mismatch'}
522,{'Output': 'mismatch'},{'Output': 'mismatch'}
523,{'Output': 'mismatch'},{'Output': 'mismatch'}
524,{'Output': 'mismatch'},{'Output': 'mismatch'}
525,{'Output': 'match'},{'Output': 'match'}
526,{'Output': 'mismatch'},{'Output': 'mismatch'}
527,{'Output': 'mismatch'},{'Output': 'mismatch'}
528,{'Output': 'mismatch'},{'Output': 'mismatch'}
529,{'Output': 'mismatch'},{'Output': 'mismatch'}
530,{'Output': 'mismatch'},{'Output': 'mismatch'}
531,{'Output': 'mismatch'},{'Output': 'mismatch'}
532,{'Output': 'mismatch'},{'Output': 'mismatch'}
533,{'Output': 'mismatch'},{'Output': 'mismatch'}
534,{'Output': 'match'},{'Output': 'match'}
535,{'Output': 'mismatch'},{'Output': 'mismatch'}
536,{'Output': 'mismatch'},{'Output': 'mismatch'}
537,{'Output': 'mismatch'},{'Output': 'mismatch'}
538,{'Output': 'mismatch'},{'Output': 'mismatch'}
539,{'Output': 'mismatch'},{'Output': 'mismatch'}
540,{'Output': 'mismatch'},{'Output': 'match'}
541,{'Output': 'mismatch'},{'Output': 'mismatch'}
542,{'Output': 'mismatch'},{'Output': 'mismatch'}
543,{'Output': 'mismatch'},{'Output': 'mismatch'}
544,{'Output': 'mismatch'},{'Output': 'mismatch'}
545,{'Output': 'mismatch'},{'Output': 'mismatch'}
546,{'Output': 'mismatch'},{'Output': 'mismatch'}
547,{'Output': 'mismatch'},{'Output': 'mismatch'}
548,{'Output': 'mismatch'},{'Output': 'mismatch'}
549,{'Output': 'mismatch'},{'Output': 'mismatch'}
550,{'Output': 'mismatch'},{'Output': 'mismatch'}
551,{'Output': 'mismatch'},{'Output': 'mismatch'}
552,{'Output': 'mismatch'},{'Output': 'mismatch'}
553,{'Output': 'mismatch'},{'Output': 'mismatch'}
554,{'Output': 'mismatch'},{'Output': 'mismatch'}
555,{'Output': 'mismatch'},{'Output': 'mismatch'}
556,{'Output': 'mismatch'},{'Output': 'mismatch'}
557,{'Output': 'mismatch'},{'Output': 'mismatch'}
558,{'Output': 'match'},{'Output': 'match'}
559,{'Output': 'match'},{'Output': 'match'}
560,{'Output': 'mismatch'},{'Output': 'mismatch'}
561,{'Output': 'mismatch'},{'Output': 'mismatch'}
562,{'Output': 'mismatch'},{'Output': 'mismatch'}
563,{'Output': 'mismatch'},{'Output': 'mismatch'}
564,{'Output': 'mismatch'},{'Output': 'mismatch'}
565,{'Output': 'mismatch'},{'Output': 'mismatch'}
566,{'Output': 'mismatch'},{'Output': 'mismatch'}
567,{'Output': 'mismatch'},{'Output': 'mismatch'}
568,{'Output': 'mismatch'},{'Output': 'mismatch'}
569,{'Output': 'mismatch'},{'Output': 'mismatch'}
570,{'Output': 'mismatch'},{'Output': 'mismatch'}
571,{'Output': 'match'},{'Output': 'match'}
572,{'Output': 'mismatch'},{'Output': 'mismatch'}
573,{'Output': 'mismatch'},{'Output': 'mismatch'}
574,{'Output': 'mismatch'},{'Output': 'mismatch'}
575,{'Output': 'mismatch'},{'Output': 'mismatch'}
576,{'Output': 'mismatch'},{'Output': 'mismatch'}
577,{'Output': 'mismatch'},{'Output': 'mismatch'}
578,{'Output': 'mismatch'},{'Output': 'mismatch'}
579,{'Output': 'mismatch'},{'Output': 'match'}
580,{'Output': 'mismatch'},{'Output': 'mismatch'}
581,{'Output': 'match'},{'Output': 'match'}
582,{'Output': 'mismatch'},{'Output': 'mismatch'}
583,{'Output': 'match'},{'Output': 'match'}
584,{'Output': 'mismatch'},{'Output': 'mismatch'}
585,{'Output': 'mismatch'},{'Output': 'mismatch'}
586,{'Output': 'mismatch'},{'Output': 'mismatch'}
587,{'Output': 'mismatch'},{'Output': 'mismatch'}
588,{'Output': 'mismatch'},{'Output': 'mismatch'}
589,{'Output': 'match'},{'Output': 'match'}
590,{'Output': 'mismatch'},{'Output': 'mismatch'}
591,{'Output': 'mismatch'},{'Output': 'mismatch'}
592,{'Output': 'match'},{'Output': 'mismatch'}
593,{'Output': 'mismatch'},{'Output': 'mismatch'}
594,{'Output': 'mismatch'},{'Output': 'mismatch'}
595,{'Output': 'mismatch'},{'Output': 'mismatch'}
596,{'Output': 'mismatch'},{'Output': 'mismatch'}
597,{'Output': 'mismatch'},{'Output': 'mismatch'}
598,{'Output': 'mismatch'},{'Output': 'mismatch'}
599,{'Output': 'mismatch'},{'Output': 'mismatch'}
600,{'Output': 'mismatch'},{'Output': 'mismatch'}
601,{'Output': 'match'},{'Output': 'match'}
602,{'Output': 'mismatch'},{'Output': 'mismatch'}
603,{'Output': 'mismatch'},{'Output': 'mismatch'}
604,{'Output': 'mismatch'},{'Output': 'mismatch'}
605,{'Output': 'mismatch'},{'Output': 'mismatch'}
606,{'Output': 'mismatch'},{'Output': 'mismatch'}
607,{'Output': 'mismatch'},{'Output': 'mismatch'}
608,{'Output': 'match'},{'Output': 'match'}
609,{'Output': 'mismatch'},{'Output': 'mismatch'}
610,{'Output': 'mismatch'},{'Output': 'mismatch'}
611,{'Output': 'mismatch'},{'Output': 'match'}
612,{'Output': 'match'},{'Output': 'match'}
613,{'Output': 'mismatch'},{'Output': 'match'}
614,{'Output': 'mismatch'},{'Output': 'mismatch'}
615,{'Output': 'mismatch'},{'Output': 'mismatch'}
616,{'Output': 'mismatch'},{'Output': 'mismatch'}
617,{'Output': 'mismatch'},{'Output': 'mismatch'}
618,{'Output': 'mismatch'},{'Output': 'mismatch'}
619,{'Output': 'mismatch'},{'Output': 'mismatch'}
620,{'Output': 'mismatch'},{'Output': 'mismatch'}
621,{'Output': 'mismatch'},{'Output': 'mismatch'}
622,{'Output': 'mismatch'},{'Output': 'mismatch'}
623,{'Output': 'mismatch'},{'Output': 'match'}
624,{'Output': 'mismatch'},{'Output': 'mismatch'}
625,{'Output': 'mismatch'},{'Output': 'mismatch'}
626,{'Output': 'mismatch'},{'Output': 'mismatch'}
627,{'Output': 'mismatch'},{'Output': 'mismatch'}
628,{'Output': 'mismatch'},{'Output': 'mismatch'}
629,{'Output': 'mismatch'},{'Output': 'mismatch'}
630,{'Output': 'mismatch'},{'Output': 'mismatch'}
631,{'Output': 'mismatch'},{'Output': 'mismatch'}
632,{'Output': 'match'},{'Output': 'match'}
633,{'Output': 'mismatch'},{'Output': 'mismatch'}
634,{'Output': 'mismatch'},{'Output': 'mismatch'}
635,{'Output': 'mismatch'},{'Output': 'mismatch'}
636,{'Output': 'mismatch'},{'Output': 'mismatch'}
637,{'Output': 'mismatch'},{'Output': 'mismatch'}
638,{'Output': 'mismatch'},{'Output': 'mismatch'}
639,{'Output': 'mismatch'},{'Output': 'mismatch'}
640,{'Output': 'mismatch'},{'Output': 'mismatch'}
641,{'Output': 'match'},{'Output': 'match'}
642,{'Output': 'mismatch'},{'Output': 'mismatch'}
643,{'Output': 'mismatch'},{'Output': 'mismatch'}
644,{'Output': 'mismatch'},{'Output': 'mismatch'}
645,{'Output': 'mismatch'},{'Output': 'mismatch'}
646,{'Output': 'mismatch'},{'Output': 'mismatch'}
647,{'Output': 'mismatch'},{'Output': 'mismatch'}
648,{'Output': 'mismatch'},{'Output': 'mismatch'}
649,{'Output': 'mismatch'},{'Output': 'mismatch'}
650,{'Output': 'match'},{'Output': 'mismatch'}
651,{'Output': 'mismatch'},{'Output': 'mismatch'}
652,{'Output': 'mismatch'},{'Output': 'mismatch'}
653,{'Output': 'mismatch'},{'Output': 'mismatch'}
654,{'Output': 'mismatch'},{'Output': 'mismatch'}
655,{'Output': 'match'},{'Output': 'match'}
656,{'Output': 'mismatch'},{'Output': 'mismatch'}
657,{'Output': 'match'},{'Output': 'match'}
658,{'Output': 'mismatch'},{'Output': 'mismatch'}
659,{'Output': 'mismatch'},{'Output': 'mismatch'}
660,{'Output': 'mismatch'},{'Output': 'mismatch'}
661,{'Output': 'mismatch'},{'Output': 'mismatch'}
662,{'Output': 'mismatch'},{'Output': 'mismatch'}
663,{'Output': 'mismatch'},{'Output': 'mismatch'}
664,{'Output': 'match'},{'Output': 'match'}
665,{'Output': 'mismatch'},{'Output': 'mismatch'}
666,{'Output': 'mismatch'},{'Output': 'mismatch'}
667,{'Output': 'mismatch'},{'Output': 'mismatch'}
668,{'Output': 'mismatch'},{'Output': 'mismatch'}
669,{'Output': 'mismatch'},{'Output': 'mismatch'}
670,{'Output': 'mismatch'},{'Output': 'mismatch'}
671,{'Output': 'mismatch'},{'Output': 'mismatch'}
672,{'Output': 'mismatch'},{'Output': 'mismatch'}
673,{'Output': 'mismatch'},{'Output': 'mismatch'}
674,{'Output': 'mismatch'},{'Output': 'mismatch'}
675,{'Output': 'mismatch'},{'Output': 'mismatch'}
676,{'Output': 'mismatch'},{'Output': 'mismatch'}
677,{'Output': 'mismatch'},{'Output': 'mismatch'}
678,{'Output': 'match'},{'Output': 'match'}
679,{'Output': 'mismatch'},{'Output': 'match'}
680,{'Output': 'mismatch'},{'Output': 'mismatch'}
681,{'Output': 'mismatch'},{'Output': 'mismatch'}
682,{'Output': 'mismatch'},{'Output': 'mismatch'}
683,{'Output': 'mismatch'},{'Output': 'mismatch'}
684,{'Output': 'mismatch'},{'Output': 'mismatch'}
685,{'Output': 'mismatch'},{'Output': 'mismatch'}
686,{'Output': 'mismatch'},{'Output': 'mismatch'}
687,{'Output': 'mismatch'},{'Output': 'mismatch'}
688,{'Output': 'mismatch'},{'Output': 'mismatch'}
689,{'Output': 'mismatch'},{'Output': 'mismatch'}
690,{'Output': 'mismatch'},{'Output': 'mismatch'}
691,{'Output': 'mismatch'},{'Output': 'mismatch'}
692,{'Output': 'mismatch'},{'Output': 'mismatch'}
693,{'Output': 'mismatch'},{'Output': 'match'}
694,{'Output': 'mismatch'},{'Output': 'mismatch'}
695,{'Output': 'mismatch'},{'Output': 'match'}
696,{'Output': 'match'},{'Output': 'match'}
697,{'Output': 'mismatch'},{'Output': 'mismatch'}
698,{'Output': 'mismatch'},{'Output': 'mismatch'}
699,{'Output': 'mismatch'},{'Output': 'mismatch'}
700,{'Output': 'match'},{'Output': 'match'}
701,{'Output': 'match'},{'Output': 'match'}
702,{'Output': 'mismatch'},{'Output': 'match'}
703,{'Output': 'mismatch'},{'Output': 'mismatch'}
704,{'Output': 'mismatch'},{'Output': 'mismatch'}
705,{'Output': 'mismatch'},{'Output': 'mismatch'}
706,{'Output': 'mismatch'},{'Output': 'mismatch'}
707,{'Output': 'mismatch'},{'Output': 'mismatch'}
708,{'Output': 'mismatch'},{'Output': 'mismatch'}
709,{'Output': 'mismatch'},{'Output': 'mismatch'}
710,{'Output': 'mismatch'},{'Output': 'mismatch'}
711,{'Output': 'mismatch'},{'Output': 'mismatch'}
712,{'Output': 'mismatch'},{'Output': 'mismatch'}
713,{'Output': 'mismatch'},{'Output': 'mismatch'}
714,{'Output': 'mismatch'},{'Output': 'mismatch'}
715,{'Output': 'mismatch'},{'Output': 'mismatch'}
716,{'Output': 'mismatch'},{'Output': 'mismatch'}
717,{'Output': 'mismatch'},{'Output': 'mismatch'}
718,{'Output': 'mismatch'},{'Output': 'mismatch'}
719,{'Output': 'match'},{'Output': 'match'}
720,{'Output': 'mismatch'},{'Output': 'mismatch'}
721,{'Output': 'mismatch'},{'Output': 'mismatch'}
722,{'Output': 'mismatch'},{'Output': 'mismatch'}
723,{'Output': 'mismatch'},{'Output': 'mismatch'}
724,{'Output': 'mismatch'},{'Output': 'mismatch'}
725,{'Output': 'mismatch'},{'Output': 'mismatch'}
726,{'Output': 'mismatch'},{'Output': 'mismatch'}
727,{'Output': 'mismatch'},{'Output': 'mismatch'}
728,{'Output': 'mismatch'},{'Output': 'mismatch'}
729,{'Output': 'match'},{'Output': 'match'}
730,{'Output': 'mismatch'},{'Output': 'mismatch'}
731,{'Output': 'mismatch'},{'Output': 'mismatch'}
732,{'Output': 'match'},{'Output': 'match'}
733,{'Output': 'mismatch'},{'Output': 'mismatch'}
734,{'Output': 'mismatch'},{'Output': 'mismatch'}
735,{'Output': 'mismatch'},{'Output': 'mismatch'}
736,{'Output': 'mismatch'},{'Output': 'mismatch'}
737,{'Output': 'mismatch'},{'Output': 'mismatch'}
738,{'Output': 'match'},{'Output': 'match'}
739,{'Output': 'mismatch'},{'Output': 'mismatch'}
740,{'Output': 'mismatch'},{'Output': 'mismatch'}
741,{'Output': 'mismatch'},{'Output': 'mismatch'}
742,{'Output': 'mismatch'},{'Output': 'mismatch'}
743,{'Output': 'mismatch'},{'Output': 'mismatch'}
744,{'Output': 'mismatch'},{'Output': 'mismatch'}
745,{'Output': 'mismatch'},{'Output': 'mismatch'}
746,{'Output': 'mismatch'},{'Output': 'mismatch'}
747,{'Output': 'mismatch'},{'Output': 'mismatch'}
748,{'Output': 'mismatch'},{'Output': 'mismatch'}
749,{'Output': 'mismatch'},{'Output': 'mismatch'}
750,{'Output': 'mismatch'},{'Output': 'mismatch'}
751,{'Output': 'mismatch'},{'Output': 'mismatch'}
752,{'Output': 'mismatch'},{'Output': 'mismatch'}
753,{'Output': 'mismatch'},{'Output': 'mismatch'}
754,{'Output': 'mismatch'},{'Output': 'mismatch'}
755,{'Output': 'mismatch'},{'Output': 'mismatch'}
756,{'Output': 'mismatch'},{'Output': 'mismatch'}
757,{'Output': 'mismatch'},{'Output': 'mismatch'}
758,{'Output': 'mismatch'},{'Output': 'mismatch'}
759,{'Output': 'mismatch'},{'Output': 'mismatch'}
760,{'Output': 'match'},{'Output': 'match'}
761,{'Output': 'mismatch'},{'Output': 'mismatch'}
762,{'Output': 'mismatch'},{'Output': 'mismatch'}
763,{'Output': 'mismatch'},{'Output': 'mismatch'}
764,{'Output': 'mismatch'},{'Output': 'mismatch'}
765,{'Output': 'mismatch'},{'Output': 'mismatch'}
766,{'Output': 'mismatch'},{'Output': 'mismatch'}
767,{'Output': 'mismatch'},{'Output': 'mismatch'}
768,{'Output': 'mismatch'},{'Output': 'mismatch'}
769,{'Output': 'mismatch'},{'Output': 'mismatch'}
770,{'Output': 'mismatch'},{'Output': 'mismatch'}
771,{'Output': 'mismatch'},{'Output': 'mismatch'}
772,{'Output': 'mismatch'},{'Output': 'match'}
773,{'Output': 'match'},{'Output': 'match'}
774,{'Output': 'mismatch'},{'Output': 'mismatch'}
775,{'Output': 'mismatch'},{'Output': 'mismatch'}
776,{'Output': 'mismatch'},{'Output': 'match'}
777,{'Output': 'mismatch'},{'Output': 'mismatch'}
778,{'Output': 'mismatch'},{'Output': 'mismatch'}
779,{'Output': 'mismatch'},{'Output': 'mismatch'}
780,{'Output': 'mismatch'},{'Output': 'mismatch'}
781,{'Output': 'mismatch'},{'Output': 'mismatch'}
782,{'Output': 'mismatch'},{'Output': 'mismatch'}
783,{'Output': 'match'},{'Output': 'match'}
784,{'Output': 'mismatch'},{'Output': 'mismatch'}
785,{'Output': 'mismatch'},{'Output': 'mismatch'}
786,{'Output': 'mismatch'},{'Output': 'match'}
787,{'Output': 'mismatch'},{'Output': 'mismatch'}
788,{'Output': 'mismatch'},{'Output': 'mismatch'}
789,{'Output': 'mismatch'},{'Output': 'mismatch'}
790,{'Output': 'mismatch'},{'Output': 'mismatch'}
791,{'Output': 'mismatch'},{'Output': 'mismatch'}
792,{'Output': 'mismatch'},{'Output': 'mismatch'}
793,{'Output': 'mismatch'},{'Output': 'mismatch'}
794,{'Output': 'mismatch'},{'Output': 'mismatch'}
795,{'Output': 'match'},{'Output': 'mismatch'}
796,{'Output': 'mismatch'},{'Output': 'mismatch'}
797,{'Output': 'mismatch'},{'Output': 'match'}
798,{'Output': 'mismatch'},{'Output': 'mismatch'}
799,{'Output': 'mismatch'},{'Output': 'mismatch'}
800,{'Output': 'mismatch'},{'Output': 'mismatch'}
801,{'Output': 'mismatch'},{'Output': 'mismatch'}
802,{'Output': 'mismatch'},{'Output': 'mismatch'}
803,{'Output': 'match'},{'Output': 'match'}
804,{'Output': 'mismatch'},{'Output': 'mismatch'}
805,{'Output': 'match'},{'Output': 'match'}
806,{'Output': 'mismatch'},{'Output': 'mismatch'}
807,{'Output': 'mismatch'},{'Output': 'mismatch'}
808,{'Output': 'mismatch'},{'Output': 'match'}
809,{'Output': 'mismatch'},{'Output': 'mismatch'}
810,{'Output': 'mismatch'},{'Output': 'mismatch'}
811,{'Output': 'mismatch'},{'Output': 'mismatch'}
812,{'Output': 'mismatch'},{'Output': 'mismatch'}
813,{'Output': 'mismatch'},{'Output': 'mismatch'}
814,{'Output': 'match'},{'Output': 'match'}
815,{'Output': 'mismatch'},{'Output': 'mismatch'}
816,{'Output': 'match'},{'Output': 'match'}
817,{'Output': 'mismatch'},{'Output': 'mismatch'}
818,{'Output': 'mismatch'},{'Output': 'mismatch'}
819,{'Output': 'mismatch'},{'Output': 'mismatch'}
820,{'Output': 'mismatch'},{'Output': 'mismatch'}
821,{'Output': 'mismatch'},{'Output': 'mismatch'}
822,{'Output': 'mismatch'},{'Output': 'mismatch'}
823,{'Output': 'mismatch'},{'Output': 'mismatch'}
824,{'Output': 'mismatch'},{'Output': 'mismatch'}
825,{'Output': 'mismatch'},{'Output': 'mismatch'}
826,{'Output': 'mismatch'},{'Output': 'mismatch'}
827,{'Output': 'mismatch'},{'Output': 'mismatch'}
828,{'Output': 'mismatch'},{'Output': 'mismatch'}
829,{'Output': 'mismatch'},{'Output': 'mismatch'}
830,{'Output': 'mismatch'},{'Output': 'mismatch'}
831,{'Output': 'mismatch'},{'Output': 'mismatch'}
832,{'Output': 'mismatch'},{'Output': 'mismatch'}
833,{'Output': 'mismatch'},{'Output': 'mismatch'}
834,{'Output': 'mismatch'},{'Output': 'mismatch'}
835,{'Output': 'mismatch'},{'Output': 'mismatch'}
836,{'Output': 'mismatch'},{'Output': 'mismatch'}
837,{'Output': 'match'},{'Output': 'match'}
838,{'Output': 'mismatch'},{'Output': 'mismatch'}
839,{'Output': 'mismatch'},{'Output': 'mismatch'}
840,{'Output': 'mismatch'},{'Output': 'mismatch'}
841,{'Output': 'mismatch'},{'Output': 'mismatch'}
842,{'Output': 'match'},{'Output': 'match'}
843,{'Output': 'mismatch'},{'Output': 'mismatch'}
844,{'Output': 'mismatch'},{'Output': 'mismatch'}
845,{'Output': 'mismatch'},{'Output': 'mismatch'}
846,{'Output': 'mismatch'},{'Output': 'mismatch'}
847,{'Output': 'mismatch'},{'Output': 'mismatch'}
848,{'Output': 'mismatch'},{'Output': 'mismatch'}
849,{'Output': 'match'},{'Output': 'match'}
850,{'Output': 'mismatch'},{'Output': 'match'}
851,{'Output': 'mismatch'},{'Output': 'mismatch'}
852,{'Output': 'mismatch'},{'Output': 'mismatch'}
853,{'Output': 'mismatch'},{'Output': 'mismatch'}
854,{'Output': 'mismatch'},{'Output': 'mismatch'}
855,{'Output': 'mismatch'},{'Output': 'mismatch'}
856,{'Output': 'mismatch'},{'Output': 'mismatch'}
857,{'Output': 'mismatch'},{'Output': 'mismatch'}
858,{'Output': 'mismatch'},{'Output': 'mismatch'}
859,{'Output': 'match'},{'Output': 'match'}
860,{'Output': 'mismatch'},{'Output': 'mismatch'}
861,{'Output': 'mismatch'},{'Output': 'mismatch'}
862,{'Output': 'mismatch'},{'Output': 'mismatch'}
863,{'Output': 'mismatch'},{'Output': 'mismatch'}
864,{'Output': 'mismatch'},{'Output': 'mismatch'}
865,{'Output': 'mismatch'},{'Output': 'mismatch'}
866,{'Output': 'mismatch'},{'Output': 'mismatch'}
867,{'Output': 'mismatch'},{'Output': 'mismatch'}
868,{'Output': 'mismatch'},{'Output': 'mismatch'}
869,{'Output': 'mismatch'},{'Output': 'mismatch'}
870,{'Output': 'mismatch'},{'Output': 'mismatch'}
871,{'Output': 'mismatch'},{'Output': 'mismatch'}
872,{'Output': 'mismatch'},{'Output': 'match'}
873,{'Output': 'mismatch'},{'Output': 'mismatch'}
874,{'Output': 'match'},{'Output': 'match'}
875,{'Output': 'mismatch'},{'Output': 'mismatch'}
876,{'Output': 'mismatch'},{'Output': 'mismatch'}
877,{'Output': 'mismatch'},{'Output': 'mismatch'}
878,{'Output': 'match'},{'Output': 'match'}
879,{'Output': 'mismatch'},{'Output': 'mismatch'}
880,{'Output': 'mismatch'},{'Output': 'mismatch'}
881,{'Output': 'mismatch'},{'Output': 'mismatch'}
882,{'Output': 'mismatch'},{'Output': 'mismatch'}
883,{'Output': 'mismatch'},{'Output': 'mismatch'}
884,{'Output': 'match'},{'Output': 'match'}
885,{'Output': 'match'},{'Output': 'match'}
886,{'Output': 'mismatch'},{'Output': 'mismatch'}
887,{'Output': 'mismatch'},{'Output': 'mismatch'}
888,{'Output': 'mismatch'},{'Output': 'mismatch'}
889,{'Output': 'mismatch'},{'Output': 'mismatch'}
890,{'Output': 'mismatch'},{'Output': 'mismatch'}
891,{'Output': 'mismatch'},{'Output': 'mismatch'}
892,{'Output': 'mismatch'},{'Output': 'mismatch'}
893,{'Output': 'mismatch'},{'Output': 'mismatch'}
894,{'Output': 'mismatch'},{'Output': 'mismatch'}
895,{'Output': 'mismatch'},{'Output': 'mismatch'}
896,{'Output': 'mismatch'},{'Output': 'mismatch'}
897,{'Output': 'mismatch'},{'Output': 'mismatch'}
898,{'Output': 'mismatch'},{'Output': 'mismatch'}
899,{'Output': 'mismatch'},{'Output': 'mismatch'}
900,{'Output': 'mismatch'},{'Output': 'mismatch'}
901,{'Output': 'mismatch'},{'Output': 'mismatch'}
902,{'Output': 'mismatch'},{'Output': 'mismatch'}
903,{'Output': 'mismatch'},{'Output': 'mismatch'}
904,{'Output': 'mismatch'},{'Output': 'mismatch'}
905,{'Output': 'mismatch'},{'Output': 'mismatch'}
906,{'Output': 'mismatch'},{'Output': 'mismatch'}
907,{'Output': 'mismatch'},{'Output': 'mismatch'}
908,{'Output': 'mismatch'},{'Output': 'mismatch'}
909,{'Output': 'mismatch'},{'Output': 'mismatch'}
910,{'Output': 'mismatch'},{'Output': 'mismatch'}
911,{'Output': 'mismatch'},{'Output': 'mismatch'}
912,{'Output': 'match'},{'Output': 'match'}
913,{'Output': 'match'},{'Output': 'match'}
914,{'Output': 'mismatch'},{'Output': 'mismatch'}
915,{'Output': 'mismatch'},{'Output': 'mismatch'}
916,{'Output': 'mismatch'},{'Output': 'mismatch'}
917,{'Output': 'mismatch'},{'Output': 'mismatch'}
918,{'Output': 'mismatch'},{'Output': 'mismatch'}
919,{'Output': 'mismatch'},{'Output': 'mismatch'}
920,{'Output': 'mismatch'},{'Output': 'mismatch'}
921,{'Output': 'mismatch'},{'Output': 'mismatch'}
922,{'Output': 'mismatch'},{'Output': 'mismatch'}
923,{'Output': 'mismatch'},{'Output': 'mismatch'}
924,{'Output': 'mismatch'},{'Output': 'mismatch'}
925,{'Output': 'mismatch'},{'Output': 'mismatch'}
926,{'Output': 'mismatch'},{'Output': 'mismatch'}
927,{'Output': 'mismatch'},{'Output': 'mismatch'}
928,{'Output': 'mismatch'},{'Output': 'mismatch'}
929,{'Output': 'mismatch'},{'Output': 'mismatch'}
930,{'Output': 'mismatch'},{'Output': 'mismatch'}
931,{'Output': 'mismatch'},{'Output': 'mismatch'}
932,{'Output': 'mismatch'},{'Output': 'mismatch'}
933,{'Output': 'match'},{'Output': 'match'}
934,{'Output': 'mismatch'},{'Output': 'mismatch'}
935,{'Output': 'mismatch'},{'Output': 'mismatch'}
936,{'Output': 'mismatch'},{'Output': 'mismatch'}
937,{'Output': 'mismatch'},{'Output': 'mismatch'}
938,{'Output': 'mismatch'},{'Output': 'mismatch'}
939,{'Output': 'mismatch'},{'Output': 'mismatch'}
940,{'Output': 'mismatch'},{'Output': 'mismatch'}
941,{'Output': 'mismatch'},{'Output': 'mismatch'}
942,{'Output': 'mismatch'},{'Output': 'mismatch'}
943,{'Output': 'mismatch'},{'Output': 'mismatch'}
944,{'Output': 'mismatch'},{'Output': 'mismatch'}
945,{'Output': 'mismatch'},{'Output': 'mismatch'}
946,{'Output': 'mismatch'},{'Output': 'mismatch'}
947,{'Output': 'mismatch'},{'Output': 'mismatch'}
948,{'Output': 'mismatch'},{'Output': 'mismatch'}
949,{'Output': 'mismatch'},{'Output': 'mismatch'}
950,{'Output': 'mismatch'},{'Output': 'mismatch'}
951,{'Output': 'mismatch'},{'Output': 'mismatch'}
952,{'Output': 'mismatch'},{'Output': 'mismatch'}
953,{'Output': 'mismatch'},{'Output': 'mismatch'}
954,{'Output': 'mismatch'},{'Output': 'mismatch'}
955,{'Output': 'mismatch'},{'Output': 'mismatch'}
956,{'Output': 'mismatch'},{'Output': 'mismatch'}
957,{'Output': 'mismatch'},{'Output': 'mismatch'}
958,{'Output': 'mismatch'},{'Output': 'mismatch'}
959,{'Output': 'mismatch'},{'Output': 'mismatch'}
960,{'Output': 'mismatch'},{'Output': 'mismatch'}
961,{'Output': 'mismatch'},{'Output': 'mismatch'}
962,{'Output': 'mismatch'},{'Output': 'mismatch'}
963,{'Output': 'mismatch'},{'Output': 'mismatch'}
964,{'Output': 'mismatch'},{'Output': 'mismatch'}
965,{'Output': 'match'},{'Output': 'match'}
966,{'Output': 'mismatch'},{'Output': 'mismatch'}
967,{'Output': 'mismatch'},{'Output': 'mismatch'}
968,{'Output': 'mismatch'},{'Output': 'mismatch'}
969,{'Output': 'mismatch'},{'Output': 'mismatch'}
970,{'Output': 'mismatch'},{'Output': 'mismatch'}
971,{'Output': 'mismatch'},{'Output': 'mismatch'}
972,{'Output': 'mismatch'},{'Output': 'match'}
973,{'Output': 'mismatch'},{'Output': 'mismatch'}
974,{'Output': 'mismatch'},{'Output': 'mismatch'}
975,{'Output': 'mismatch'},{'Output': 'mismatch'}
976,{'Output': 'mismatch'},{'Output': 'mismatch'}
977,{'Output': 'mismatch'},{'Output': 'mismatch'}
978,{'Output': 'match'},{'Output': 'match'}
979,{'Output': 'mismatch'},{'Output': 'match'}
980,{'Output': 'mismatch'},{'Output': 'mismatch'}
981,{'Output': 'mismatch'},{'Output': 'match'}
982,{'Output': 'mismatch'},{'Output': 'mismatch'}
983,{'Output': 'match'},{'Output': 'match'}
984,{'Output': 'match'},{'Output': 'match'}
985,{'Output': 'mismatch'},{'Output': 'mismatch'}
986,{'Output': 'mismatch'},{'Output': 'mismatch'}
987,{'Output': 'match'},{'Output': 'match'}
988,{'Output': 'mismatch'},{'Output': 'mismatch'}
989,{'Output': 'match'},{'Output': 'match'}
990,{'Output': 'mismatch'},{'Output': 'mismatch'}
991,{'Output': 'mismatch'},{'Output': 'mismatch'}
992,{'Output': 'mismatch'},{'Output': 'mismatch'}
993,{'Output': 'mismatch'},{'Output': 'mismatch'}
994,{'Output': 'mismatch'},{'Output': 'mismatch'}
995,{'Output': 'mismatch'},{'Output': 'mismatch'}
996,{'Output': 'mismatch'},{'Output': 'mismatch'}
997,{'Output': 'mismatch'},{'Output': 'mismatch'}
998,{'Output': 'mismatch'},{'Output': 'mismatch'}
999,{'Output': 'mismatch'},{'Output': 'mismatch'}
1000,{'Output': 'mismatch'},{'Output': 'mismatch'}
1001,{'Output': 'mismatch'},{'Output': 'mismatch'}
1002,{'Output': 'mismatch'},{'Output': 'mismatch'}
1003,{'Output': 'match'},{'Output': 'match'}
1004,{'Output': 'mismatch'},{'Output': 'mismatch'}
1005,{'Output': 'mismatch'},{'Output': 'mismatch'}
1006,{'Output': 'mismatch'},{'Output': 'mismatch'}
1007,{'Output': 'mismatch'},{'Output': 'mismatch'}
1008,{'Output': 'mismatch'},{'Output': 'mismatch'}
1009,{'Output': 'mismatch'},{'Output': 'mismatch'}
1010,{'Output': 'mismatch'},{'Output': 'mismatch'}
1011,{'Output': 'mismatch'},{'Output': 'mismatch'}
1012,{'Output': 'mismatch'},{'Output': 'mismatch'}
1013,{'Output': 'mismatch'},{'Output': 'mismatch'}
1014,{'Output': 'mismatch'},{'Output': 'mismatch'}
1015,{'Output': 'mismatch'},{'Output': 'mismatch'}
1016,{'Output': 'match'},{'Output': 'match'}
1017,{'Output': 'mismatch'},{'Output': 'mismatch'}
1018,{'Output': 'mismatch'},{'Output': 'mismatch'}
1019,{'Output': 'mismatch'},{'Output': 'mismatch'}
1020,{'Output': 'match'},{'Output': 'match'}
1021,{'Output': 'match'},{'Output': 'match'}
1022,{'Output': 'mismatch'},{'Output': 'mismatch'}
1023,{'Output': 'mismatch'},{'Output': 'mismatch'}
1024,{'Output': 'mismatch'},{'Output': 'mismatch'}
1025,{'Output': 'mismatch'},{'Output': 'mismatch'}
1026,{'Output': 'mismatch'},{'Output': 'mismatch'}
1027,{'Output': 'mismatch'},{'Output': 'mismatch'}
1028,{'Output': 'mismatch'},{'Output': 'mismatch'}
1029,{'Output': 'mismatch'},{'Output': 'mismatch'}
1030,{'Output': 'mismatch'},{'Output': 'mismatch'}
1031,{'Output': 'mismatch'},{'Output': 'mismatch'}
1032,{'Output': 'mismatch'},{'Output': 'mismatch'}
1033,{'Output': 'mismatch'},{'Output': 'mismatch'}
1034,{'Output': 'mismatch'},{'Output': 'mismatch'}
1035,{'Output': 'mismatch'},{'Output': 'mismatch'}
1036,{'Output': 'mismatch'},{'Output': 'mismatch'}
1037,{'Output': 'mismatch'},{'Output': 'mismatch'}
1038,{'Output': 'mismatch'},{'Output': 'mismatch'}
1039,{'Output': 'mismatch'},{'Output': 'mismatch'}
1040,{'Output': 'mismatch'},{'Output': 'match'}
1041,{'Output': 'mismatch'},{'Output': 'mismatch'}
1042,{'Output': 'mismatch'},{'Output': 'mismatch'}
1043,{'Output': 'match'},{'Output': 'match'}
1044,{'Output': 'mismatch'},{'Output': 'mismatch'}
1045,{'Output': 'mismatch'},{'Output': 'mismatch'}
1046,{'Output': 'match'},{'Output': 'match'}
1047,{'Output': 'mismatch'},{'Output': 'mismatch'}
1048,{'Output': 'mismatch'},{'Output': 'mismatch'}
1049,{'Output': 'mismatch'},{'Output': 'mismatch'}
1050,{'Output': 'mismatch'},{'Output': 'match'}
1051,{'Output': 'mismatch'},{'Output': 'mismatch'}
1052,{'Output': 'mismatch'},{'Output': 'mismatch'}
1053,{'Output': 'mismatch'},{'Output': 'mismatch'}
1054,{'Output': 'mismatch'},{'Output': 'mismatch'}
1055,{'Output': 'mismatch'},{'Output': 'mismatch'}
1056,{'Output': 'mismatch'},{'Output': 'mismatch'}
1057,{'Output': 'match'},{'Output': 'match'}
1058,{'Output': 'mismatch'},{'Output': 'mismatch'}
1059,{'Output': 'mismatch'},{'Output': 'mismatch'}
1060,{'Output': 'mismatch'},{'Output': 'mismatch'}
1061,{'Output': 'mismatch'},{'Output': 'mismatch'}
1062,{'Output': 'mismatch'},{'Output': 'mismatch'}
1063,{'Output': 'mismatch'},{'Output': 'mismatch'}
1064,{'Output': 'mismatch'},{'Output': 'match'}
1065,{'Output': 'mismatch'},{'Output': 'mismatch'}
1066,{'Output': 'match'},{'Output': 'match'}
1067,{'Output': 'mismatch'},{'Output': 'mismatch'}
1068,{'Output': 'mismatch'},{'Output': 'mismatch'}
1069,{'Output': 'mismatch'},{'Output': 'mismatch'}
1070,{'Output': 'mismatch'},{'Output': 'mismatch'}
1071,{'Output': 'mismatch'},{'Output': 'mismatch'}
1072,{'Output': 'mismatch'},{'Output': 'match'}
1073,{'Output': 'mismatch'},{'Output': 'mismatch'}
1074,{'Output': 'mismatch'},{'Output': 'mismatch'}
1075,{'Output': 'mismatch'},{'Output': 'mismatch'}
1076,{'Output': 'mismatch'},{'Output': 'mismatch'}
1077,{'Output': 'mismatch'},{'Output': 'mismatch'}
1078,{'Output': 'mismatch'},{'Output': 'mismatch'}
1079,{'Output': 'mismatch'},{'Output': 'mismatch'}
1080,{'Output': 'mismatch'},{'Output': 'mismatch'}
1081,{'Output': 'mismatch'},{'Output': 'mismatch'}
1082,{'Output': 'mismatch'},{'Output': 'mismatch'}
1083,{'Output': 'mismatch'},{'Output': 'mismatch'}
1084,{'Output': 'mismatch'},{'Output': 'match'}
1085,{'Output': 'mismatch'},{'Output': 'mismatch'}
1086,{'Output': 'mismatch'},{'Output': 'mismatch'}
1087,{'Output': 'mismatch'},{'Output': 'match'}
1088,{'Output': 'mismatch'},{'Output': 'mismatch'}
1089,{'Output': 'mismatch'},{'Output': 'mismatch'}
1090,{'Output': 'mismatch'},{'Output': 'mismatch'}
1091,{'Output': 'mismatch'},{'Output': 'mismatch'}
1092,{'Output': 'mismatch'},{'Output': 'mismatch'}
1093,{'Output': 'mismatch'},{'Output': 'mismatch'}
1094,{'Output': 'mismatch'},{'Output': 'mismatch'}
1095,{'Output': 'mismatch'},{'Output': 'mismatch'}
1096,{'Output': 'mismatch'},{'Output': 'mismatch'}
1097,{'Output': 'mismatch'},{'Output': 'match'}
1098,{'Output': 'mismatch'},{'Output': 'mismatch'}
1099,{'Output': 'mismatch'},{'Output': 'mismatch'}
1100,{'Output': 'mismatch'},{'Output': 'mismatch'}
1101,{'Output': 'mismatch'},{'Output': 'mismatch'}
1102,{'Output': 'mismatch'},{'Output': 'mismatch'}
1103,{'Output': 'mismatch'},{'Output': 'mismatch'}
1104,{'Output': 'mismatch'},{'Output': 'mismatch'}
1105,{'Output': 'mismatch'},{'Output': 'mismatch'}
1106,{'Output': 'mismatch'},{'Output': 'mismatch'}
1107,{'Output': 'mismatch'},{'Output': 'mismatch'}
1108,{'Output': 'mismatch'},{'Output': 'mismatch'}
1109,{'Output': 'match'},{'Output': 'match'}
1110,{'Output': 'mismatch'},{'Output': 'mismatch'}
1111,{'Output': 'mismatch'},{'Output': 'mismatch'}
1112,{'Output': 'mismatch'},{'Output': 'mismatch'}
1113,{'Output': 'mismatch'},{'Output': 'mismatch'}
1114,{'Output': 'mismatch'},{'Output': 'mismatch'}
1115,{'Output': 'mismatch'},{'Output': 'mismatch'}
1116,{'Output': 'mismatch'},{'Output': 'mismatch'}
1117,{'Output': 'mismatch'},{'Output': 'mismatch'}
1118,{'Output': 'mismatch'},{'Output': 'mismatch'}
1119,{'Output': 'mismatch'},{'Output': 'mismatch'}
1120,{'Output': 'mismatch'},{'Output': 'mismatch'}
1121,{'Output': 'mismatch'},{'Output': 'mismatch'}
1122,{'Output': 'mismatch'},{'Output': 'mismatch'}
1123,{'Output': 'mismatch'},{'Output': 'match'}
1124,{'Output': 'mismatch'},{'Output': 'mismatch'}
1125,{'Output': 'mismatch'},{'Output': 'mismatch'}
1126,{'Output': 'mismatch'},{'Output': 'mismatch'}
1127,{'Output': 'mismatch'},{'Output': 'mismatch'}
1128,{'Output': 'mismatch'},{'Output': 'mismatch'}
1129,{'Output': 'mismatch'},{'Output': 'mismatch'}
1130,{'Output': 'mismatch'},{'Output': 'mismatch'}
1131,{'Output': 'mismatch'},{'Output': 'mismatch'}
1132,{'Output': 'mismatch'},{'Output': 'mismatch'}
1133,{'Output': 'mismatch'},{'Output': 'mismatch'}
1134,{'Output': 'match'},{'Output': 'match'}
1135,{'Output': 'mismatch'},{'Output': 'mismatch'}
1136,{'Output': 'mismatch'},{'Output': 'mismatch'}
1137,{'Output': 'mismatch'},{'Output': 'match'}
1138,{'Output': 'mismatch'},{'Output': 'mismatch'}
1139,{'Output': 'mismatch'},{'Output': 'mismatch'}
1140,{'Output': 'mismatch'},{'Output': 'mismatch'}
1141,{'Output': 'mismatch'},{'Output': 'mismatch'}
1142,{'Output': 'mismatch'},{'Output': 'mismatch'}
1143,{'Output': 'mismatch'},{'Output': 'mismatch'}
1144,{'Output': 'mismatch'},{'Output': 'mismatch'}
1145,{'Output': 'match'},{'Output': 'match'}
1146,{'Output': 'mismatch'},{'Output': 'mismatch'}
1147,{'Output': 'mismatch'},{'Output': 'mismatch'}
1148,{'Output': 'mismatch'},{'Output': 'mismatch'}
1149,{'Output': 'mismatch'},{'Output': 'mismatch'}
1150,{'Output': 'mismatch'},{'Output': 'mismatch'}
1151,{'Output': 'mismatch'},{'Output': 'mismatch'}
1152,{'Output': 'mismatch'},{'Output': 'mismatch'}
1153,{'Output': 'mismatch'},{'Output': 'mismatch'}
1154,{'Output': 'mismatch'},{'Output': 'mismatch'}
1155,{'Output': 'match'},{'Output': 'match'}
1156,{'Output': 'mismatch'},{'Output': 'mismatch'}
1157,{'Output': 'mismatch'},{'Output': 'mismatch'}
1158,{'Output': 'match'},{'Output': 'match'}
1159,{'Output': 'mismatch'},{'Output': 'mismatch'}
1160,{'Output': 'match'},{'Output': 'match'}
1161,{'Output': 'match'},{'Output': 'match'}
1162,{'Output': 'mismatch'},{'Output': 'mismatch'}
1163,{'Output': 'mismatch'},{'Output': 'match'}
1164,{'Output': 'mismatch'},{'Output': 'mismatch'}
1165,{'Output': 'mismatch'},{'Output': 'mismatch'}
1166,{'Output': 'mismatch'},{'Output': 'mismatch'}
1167,{'Output': 'mismatch'},{'Output': 'mismatch'}
1168,{'Output': 'mismatch'},{'Output': 'mismatch'}
1169,{'Output': 'mismatch'},{'Output': 'mismatch'}
1170,{'Output': 'mismatch'},{'Output': 'mismatch'}
1171,{'Output': 'mismatch'},{'Output': 'match'}
1172,{'Output': 'mismatch'},{'Output': 'mismatch'}
1173,{'Output': 'mismatch'},{'Output': 'match'}
1174,{'Output': 'mismatch'},{'Output': 'mismatch'}
1175,{'Output': 'match'},{'Output': 'match'}
1176,{'Output': 'mismatch'},{'Output': 'mismatch'}
1177,{'Output': 'mismatch'},{'Output': 'mismatch'}
1178,{'Output': 'mismatch'},{'Output': 'mismatch'}
1179,{'Output': 'mismatch'},{'Output': 'mismatch'}
1180,{'Output': 'mismatch'},{'Output': 'mismatch'}
1181,{'Output': 'mismatch'},{'Output': 'mismatch'}
1182,{'Output': 'mismatch'},{'Output': 'mismatch'}
1183,{'Output': 'match'},{'Output': 'match'}
1184,{'Output': 'match'},{'Output': 'match'}
1185,{'Output': 'mismatch'},{'Output': 'mismatch'}
1186,{'Output': 'mismatch'},{'Output': 'mismatch'}
1187,{'Output': 'mismatch'},{'Output': 'mismatch'}
1188,{'Output': 'mismatch'},{'Output': 'mismatch'}
1189,{'Output': 'mismatch'},{'Output': 'mismatch'}
1190,{'Output': 'mismatch'},{'Output': 'mismatch'}
1191,{'Output': 'mismatch'},{'Output': 'mismatch'}
1192,{'Output': 'mismatch'},{'Output': 'mismatch'}
1193,{'Output': 'match'},{'Output': 'match'}
1194,{'Output': 'mismatch'},{'Output': 'mismatch'}
1195,{'Output': 'mismatch'},{'Output': 'mismatch'}
1196,{'Output': 'mismatch'},{'Output': 'mismatch'}
1197,{'Output': 'mismatch'},{'Output': 'mismatch'}
1198,{'Output': 'mismatch'},{'Output': 'mismatch'}
1199,{'Output': 'mismatch'},{'Output': 'mismatch'}
1200,{'Output': 'mismatch'},{'Output': 'mismatch'}
1201,{'Output': 'mismatch'},{'Output': 'mismatch'}
1202,{'Output': 'mismatch'},{'Output': 'mismatch'}
1203,{'Output': 'mismatch'},{'Output': 'mismatch'}
1204,{'Output': 'mismatch'},{'Output': 'mismatch'}
1205,{'Output': 'mismatch'},{'Output': 'mismatch'}
1206,{'Output': 'mismatch'},{'Output': 'mismatch'}
1207,{'Output': 'mismatch'},{'Output': 'mismatch'}
1208,{'Output': 'mismatch'},{'Output': 'mismatch'}
1209,{'Output': 'mismatch'},{'Output': 'mismatch'}
1210,{'Output': 'mismatch'},{'Output': 'mismatch'}
1211,{'Output': 'mismatch'},{'Output': 'mismatch'}
1212,{'Output': 'match'},{'Output': 'match'}
1213,{'Output': 'mismatch'},{'Output': 'mismatch'}
1214,{'Output': 'mismatch'},{'Output': 'mismatch'}
1215,{'Output': 'mismatch'},{'Output': 'mismatch'}
1216,{'Output': 'mismatch'},{'Output': 'mismatch'}
1217,{'Output': 'mismatch'},{'Output': 'mismatch'}
1218,{'Output': 'mismatch'},{'Output': 'mismatch'}
1219,{'Output': 'mismatch'},{'Output': 'mismatch'}
1220,{'Output': 'mismatch'},{'Output': 'mismatch'}
1221,{'Output': 'mismatch'},{'Output': 'mismatch'}
1222,{'Output': 'mismatch'},{'Output': 'mismatch'}
1223,{'Output': 'mismatch'},{'Output': 'mismatch'}
1224,{'Output': 'mismatch'},{'Output': 'mismatch'}
1225,{'Output': 'mismatch'},{'Output': 'mismatch'}
1226,{'Output': 'mismatch'},{'Output': 'mismatch'}
1227,{'Output': 'mismatch'},{'Output': 'mismatch'}
1228,{'Output': 'mismatch'},{'Output': 'mismatch'}
1229,{'Output': 'mismatch'},{'Output': 'mismatch'}
1230,{'Output': 'mismatch'},{'Output': 'mismatch'}
1231,{'Output': 'match'},{'Output': 'match'}
1232,{'Output': 'mismatch'},{'Output': 'mismatch'}
1233,{'Output': 'mismatch'},{'Output': 'mismatch'}
1234,{'Output': 'mismatch'},{'Output': 'mismatch'}
1235,{'Output': 'mismatch'},{'Output': 'mismatch'}
1236,{'Output': 'mismatch'},{'Output': 'mismatch'}
1237,{'Output': 'match'},{'Output': 'match'}
1238,{'Output': 'mismatch'},{'Output': 'mismatch'}
1239,{'Output': 'mismatch'},{'Output': 'match'}
1240,{'Output': 'mismatch'},{'Output': 'mismatch'}
1241,{'Output': 'mismatch'},{'Output': 'mismatch'}
1242,{'Output': 'mismatch'},{'Output': 'mismatch'}
1243,{'Output': 'mismatch'},{'Output': 'mismatch'}
1244,{'Output': 'mismatch'},{'Output': 'mismatch'}
1245,{'Output': 'mismatch'},{'Output': 'mismatch'}
1246,{'Output': 'mismatch'},{'Output': 'mismatch'}
1247,{'Output': 'mismatch'},{'Output': 'mismatch'}
1248,{'Output': 'mismatch'},{'Output': 'mismatch'}
1249,{'Output': 'mismatch'},{'Output': 'mismatch'}
1250,{'Output': 'mismatch'},{'Output': 'mismatch'}
1251,{'Output': 'mismatch'},{'Output': 'mismatch'}
1252,{'Output': 'mismatch'},{'Output': 'mismatch'}
1253,{'Output': 'mismatch'},{'Output': 'mismatch'}
1254,{'Output': 'mismatch'},{'Output': 'mismatch'}
1255,{'Output': 'mismatch'},{'Output': 'mismatch'}
1256,{'Output': 'match'},{'Output': 'match'}
1257,{'Output': 'mismatch'},{'Output': 'mismatch'}
1258,{'Output': 'mismatch'},{'Output': 'mismatch'}
1259,{'Output': 'mismatch'},{'Output': 'mismatch'}
1260,{'Output': 'mismatch'},{'Output': 'mismatch'}
1261,{'Output': 'mismatch'},{'Output': 'mismatch'}
1262,{'Output': 'mismatch'},{'Output': 'mismatch'}
1263,{'Output': 'mismatch'},{'Output': 'mismatch'}
1264,{'Output': 'mismatch'},{'Output': 'mismatch'}
1265,{'Output': 'mismatch'},{'Output': 'mismatch'}
1266,{'Output': 'mismatch'},{'Output': 'mismatch'}
1267,{'Output': 'mismatch'},{'Output': 'mismatch'}
1268,{'Output': 'mismatch'},{'Output': 'mismatch'}
1269,{'Output': 'mismatch'},{'Output': 'mismatch'}
1270,{'Output': 'mismatch'},{'Output': 'mismatch'}
1271,{'Output': 'mismatch'},{'Output': 'mismatch'}
1272,{'Output': 'mismatch'},{'Output': 'mismatch'}
1273,{'Output': 'mismatch'},{'Output': 'mismatch'}
1274,{'Output': 'mismatch'},{'Output': 'mismatch'}
1275,{'Output': 'mismatch'},{'Output': 'mismatch'}
1276,{'Output': 'mismatch'},{'Output': 'mismatch'}
1277,{'Output': 'match'},{'Output': 'match'}
1278,{'Output': 'mismatch'},{'Output': 'mismatch'}
1279,{'Output': 'mismatch'},{'Output': 'mismatch'}
1280,{'Output': 'mismatch'},{'Output': 'mismatch'}
1281,{'Output': 'mismatch'},{'Output': 'mismatch'}
1282,{'Output': 'mismatch'},{'Output': 'mismatch'}
1283,{'Output': 'mismatch'},{'Output': 'mismatch'}
1284,{'Output': 'mismatch'},{'Output': 'mismatch'}
1285,{'Output': 'mismatch'},{'Output': 'mismatch'}
1286,{'Output': 'mismatch'},{'Output': 'mismatch'}
1287,{'Output': 'mismatch'},{'Output': 'mismatch'}
1288,{'Output': 'mismatch'},{'Output': 'mismatch'}
1289,{'Output': 'mismatch'},{'Output': 'mismatch'}
1290,{'Output': 'mismatch'},{'Output': 'mismatch'}
1291,{'Output': 'mismatch'},{'Output': 'mismatch'}
1292,{'Output': 'mismatch'},{'Output': 'mismatch'}
1293,{'Output': 'match'},{'Output': 'match'}
1294,{'Output': 'mismatch'},{'Output': 'mismatch'}
1295,{'Output': 'mismatch'},{'Output': 'mismatch'}
1296,{'Output': 'mismatch'},{'Output': 'mismatch'}
1297,{'Output': 'match'},{'Output': 'match'}
1298,{'Output': 'mismatch'},{'Output': 'mismatch'}
1299,{'Output': 'mismatch'},{'Output': 'mismatch'}
1300,{'Output': 'mismatch'},{'Output': 'mismatch'}
1301,{'Output': 'mismatch'},{'Output': 'mismatch'}
1302,{'Output': 'mismatch'},{'Output': 'mismatch'}
1303,{'Output': 'mismatch'},{'Output': 'mismatch'}
1304,{'Output': 'match'},{'Output': 'match'}
1305,{'Output': 'mismatch'},{'Output': 'mismatch'}
1306,{'Output': 'mismatch'},{'Output': 'mismatch'}
1307,{'Output': 'match'},{'Output': 'match'}
1308,{'Output': 'mismatch'},{'Output': 'mismatch'}
1309,{'Output': 'mismatch'},{'Output': 'mismatch'}
1310,{'Output': 'mismatch'},{'Output': 'mismatch'}
1311,{'Output': 'mismatch'},{'Output': 'mismatch'}
1312,{'Output': 'mismatch'},{'Output': 'mismatch'}
1313,{'Output': 'mismatch'},{'Output': 'mismatch'}
1314,{'Output': 'mismatch'},{'Output': 'mismatch'}
1315,{'Output': 'mismatch'},{'Output': 'mismatch'}
1316,{'Output': 'mismatch'},{'Output': 'mismatch'}
1317,{'Output': 'mismatch'},{'Output': 'mismatch'}
1318,{'Output': 'mismatch'},{'Output': 'mismatch'}
1319,{'Output': 'mismatch'},{'Output': 'mismatch'}
1320,{'Output': 'mismatch'},{'Output': 'mismatch'}
1321,{'Output': 'mismatch'},{'Output': 'mismatch'}
1322,{'Output': 'mismatch'},{'Output': 'mismatch'}
1323,{'Output': 'mismatch'},{'Output': 'mismatch'}
1324,{'Output': 'mismatch'},{'Output': 'mismatch'}
1325,{'Output': 'mismatch'},{'Output': 'mismatch'}
1326,{'Output': 'mismatch'},{'Output': 'mismatch'}
1327,{'Output': 'mismatch'},{'Output': 'mismatch'}
1328,{'Output': 'mismatch'},{'Output': 'mismatch'}
1329,{'Output': 'mismatch'},{'Output': 'mismatch'}
1330,{'Output': 'mismatch'},{'Output': 'mismatch'}
1331,{'Output': 'mismatch'},{'Output': 'mismatch'}
1332,{'Output': 'mismatch'},{'Output': 'mismatch'}
1333,{'Output': 'mismatch'},{'Output': 'mismatch'}
1334,{'Output': 'mismatch'},{'Output': 'mismatch'}
1335,{'Output': 'mismatch'},{'Output': 'mismatch'}
1336,{'Output': 'mismatch'},{'Output': 'mismatch'}
1337,{'Output': 'mismatch'},{'Output': 'mismatch'}
1338,{'Output': 'mismatch'},{'Output': 'mismatch'}
1339,{'Output': 'mismatch'},{'Output': 'mismatch'}
1340,{'Output': 'mismatch'},{'Output': 'mismatch'}
1341,{'Output': 'mismatch'},{'Output': 'mismatch'}
1342,{'Output': 'mismatch'},{'Output': 'mismatch'}
1343,{'Output': 'mismatch'},{'Output': 'mismatch'}
1344,{'Output': 'mismatch'},{'Output': 'mismatch'}
1345,{'Output': 'mismatch'},{'Output': 'mismatch'}
1346,{'Output': 'mismatch'},{'Output': 'mismatch'}
1347,{'Output': 'mismatch'},{'Output': 'mismatch'}
1348,{'Output': 'match'},{'Output': 'mismatch'}
1349,{'Output': 'mismatch'},{'Output': 'match'}
1350,{'Output': 'mismatch'},{'Output': 'mismatch'}
1351,{'Output': 'mismatch'},{'Output': 'mismatch'}
1352,{'Output': 'mismatch'},{'Output': 'mismatch'}
1353,{'Output': 'mismatch'},{'Output': 'mismatch'}
1354,{'Output': 'mismatch'},{'Output': 'mismatch'}
1355,{'Output': 'mismatch'},{'Output': 'mismatch'}
1356,{'Output': 'mismatch'},{'Output': 'mismatch'}
1357,{'Output': 'mismatch'},{'Output': 'mismatch'}
1358,{'Output': 'mismatch'},{'Output': 'mismatch'}
1359,{'Output': 'mismatch'},{'Output': 'mismatch'}
1360,{'Output': 'mismatch'},{'Output': 'mismatch'}
1361,{'Output': 'mismatch'},{'Output': 'mismatch'}
1362,{'Output': 'mismatch'},{'Output': 'mismatch'}
1363,{'Output': 'mismatch'},{'Output': 'mismatch'}
1364,{'Output': 'mismatch'},{'Output': 'mismatch'}
1365,{'Output': 'match'},{'Output': 'match'}
1366,{'Output': 'mismatch'},{'Output': 'mismatch'}
1367,{'Output': 'mismatch'},{'Output': 'mismatch'}
1368,{'Output': 'mismatch'},{'Output': 'mismatch'}
1369,{'Output': 'mismatch'},{'Output': 'mismatch'}
1370,{'Output': 'mismatch'},{'Output': 'mismatch'}
1371,{'Output': 'mismatch'},{'Output': 'mismatch'}
1372,{'Output': 'mismatch'},{'Output': 'mismatch'}
1373,{'Output': 'mismatch'},{'Output': 'mismatch'}
1374,{'Output': 'match'},{'Output': 'match'}
1375,{'Output': 'mismatch'},{'Output': 'mismatch'}
1376,{'Output': 'mismatch'},{'Output': 'mismatch'}
1377,{'Output': 'mismatch'},{'Output': 'mismatch'}
1378,{'Output': 'mismatch'},{'Output': 'mismatch'}
1379,{'Output': 'mismatch'},{'Output': 'mismatch'}
1380,{'Output': 'mismatch'},{'Output': 'mismatch'}
1381,{'Output': 'mismatch'},{'Output': 'mismatch'}
1382,{'Output': 'mismatch'},{'Output': 'mismatch'}
1383,{'Output': 'mismatch'},{'Output': 'mismatch'}
1384,{'Output': 'mismatch'},{'Output': 'mismatch'}
1385,{'Output': 'mismatch'},{'Output': 'mismatch'}
1386,{'Output': 'match'},{'Output': 'match'}
1387,{'Output': 'match'},{'Output': 'match'}
1388,{'Output': 'match'},{'Output': 'match'}
1389,{'Output': 'mismatch'},{'Output': 'mismatch'}
1390,{'Output': 'mismatch'},{'Output': 'mismatch'}
1391,{'Output': 'mismatch'},{'Output': 'mismatch'}
1392,{'Output': 'mismatch'},{'Output': 'mismatch'}
1393,{'Output': 'mismatch'},{'Output': 'mismatch'}
1394,{'Output': 'mismatch'},{'Output': 'mismatch'}
1395,{'Output': 'mismatch'},{'Output': 'mismatch'}
1396,{'Output': 'mismatch'},{'Output': 'mismatch'}
1397,{'Output': 'mismatch'},{'Output': 'mismatch'}
1398,{'Output': 'mismatch'},{'Output': 'mismatch'}
1399,{'Output': 'mismatch'},{'Output': 'mismatch'}
1400,{'Output': 'mismatch'},{'Output': 'mismatch'}
1401,{'Output': 'mismatch'},{'Output': 'mismatch'}
1402,{'Output': 'match'},{'Output': 'match'}
1403,{'Output': 'mismatch'},{'Output': 'mismatch'}
1404,{'Output': 'mismatch'},{'Output': 'mismatch'}
1405,{'Output': 'mismatch'},{'Output': 'mismatch'}
1406,{'Output': 'mismatch'},{'Output': 'mismatch'}
1407,{'Output': 'mismatch'},{'Output': 'mismatch'}
1408,{'Output': 'mismatch'},{'Output': 'mismatch'}
1409,{'Output': 'mismatch'},{'Output': 'mismatch'}
1410,{'Output': 'mismatch'},{'Output': 'mismatch'}
1411,{'Output': 'mismatch'},{'Output': 'mismatch'}
1412,{'Output': 'mismatch'},{'Output': 'mismatch'}
1413,{'Output': 'mismatch'},{'Output': 'mismatch'}
1414,{'Output': 'mismatch'},{'Output': 'mismatch'}
1415,{'Output': 'mismatch'},{'Output': 'mismatch'}
1416,{'Output': 'mismatch'},{'Output': 'mismatch'}
1417,{'Output': 'mismatch'},{'Output': 'mismatch'}
1418,{'Output': 'match'},{'Output': 'match'}
1419,{'Output': 'mismatch'},{'Output': 'mismatch'}
1420,{'Output': 'mismatch'},{'Output': 'mismatch'}
1421,{'Output': 'mismatch'},{'Output': 'mismatch'}
1422,{'Output': 'mismatch'},{'Output': 'mismatch'}
1423,{'Output': 'mismatch'},{'Output': 'mismatch'}
1424,{'Output': 'mismatch'},{'Output': 'mismatch'}
1425,{'Output': 'mismatch'},{'Output': 'mismatch'}
1426,{'Output': 'match'},{'Output': 'match'}
1427,{'Output': 'mismatch'},{'Output': 'mismatch'}
1428,{'Output': 'mismatch'},{'Output': 'mismatch'}
1429,{'Output': 'mismatch'},{'Output': 'mismatch'}
1430,{'Output': 'mismatch'},{'Output': 'mismatch'}
1431,{'Output': 'mismatch'},{'Output': 'mismatch'}
1432,{'Output': 'mismatch'},{'Output': 'mismatch'}
1433,{'Output': 'mismatch'},{'Output': 'mismatch'}
1434,{'Output': 'mismatch'},{'Output': 'mismatch'}
1435,{'Output': 'mismatch'},{'Output': 'mismatch'}
1436,{'Output': 'mismatch'},{'Output': 'mismatch'}
1437,{'Output': 'mismatch'},{'Output': 'mismatch'}
1438,{'Output': 'mismatch'},{'Output': 'mismatch'}
1439,{'Output': 'mismatch'},{'Output': 'match'}
1440,{'Output': 'mismatch'},{'Output': 'mismatch'}
1441,{'Output': 'mismatch'},{'Output': 'mismatch'}
1442,{'Output': 'mismatch'},{'Output': 'mismatch'}
1443,{'Output': 'mismatch'},{'Output': 'mismatch'}
1444,{'Output': 'mismatch'},{'Output': 'mismatch'}
1445,{'Output': 'mismatch'},{'Output': 'mismatch'}
1446,{'Output': 'mismatch'},{'Output': 'mismatch'}
1447,{'Output': 'match'},{'Output': 'match'}
1448,{'Output': 'mismatch'},{'Output': 'mismatch'}
1449,{'Output': 'mismatch'},{'Output': 'mismatch'}
1450,{'Output': 'mismatch'},{'Output': 'mismatch'}
1451,{'Output': 'mismatch'},{'Output': 'mismatch'}
1452,{'Output': 'mismatch'},{'Output': 'mismatch'}
1453,{'Output': 'mismatch'},{'Output': 'mismatch'}
1454,{'Output': 'mismatch'},{'Output': 'mismatch'}
1455,{'Output': 'mismatch'},{'Output': 'mismatch'}
1456,{'Output': 'mismatch'},{'Output': 'mismatch'}
1457,{'Output': 'mismatch'},{'Output': 'mismatch'}
1458,{'Output': 'mismatch'},{'Output': 'mismatch'}
1459,{'Output': 'mismatch'},{'Output': 'match'}
1460,{'Output': 'mismatch'},{'Output': 'mismatch'}
1461,{'Output': 'mismatch'},{'Output': 'mismatch'}
1462,{'Output': 'mismatch'},{'Output': 'mismatch'}
1463,{'Output': 'mismatch'},{'Output': 'mismatch'}
1464,{'Output': 'match'},{'Output': 'match'}
1465,{'Output': 'match'},{'Output': 'mismatch'}
1466,{'Output': 'mismatch'},{'Output': 'mismatch'}
1467,{'Output': 'mismatch'},{'Output': 'mismatch'}
1468,{'Output': 'mismatch'},{'Output': 'mismatch'}
1469,{'Output': 'mismatch'},{'Output': 'mismatch'}
1470,{'Output': 'mismatch'},{'Output': 'mismatch'}
1471,{'Output': 'mismatch'},{'Output': 'mismatch'}
1472,{'Output': 'mismatch'},{'Output': 'mismatch'}
1473,{'Output': 'match'},{'Output': 'match'}
1474,{'Output': 'mismatch'},{'Output': 'mismatch'}
1475,{'Output': 'mismatch'},{'Output': 'mismatch'}
1476,{'Output': 'mismatch'},{'Output': 'mismatch'}
1477,{'Output': 'mismatch'},{'Output': 'mismatch'}
1478,{'Output': 'mismatch'},{'Output': 'mismatch'}
1479,{'Output': 'mismatch'},{'Output': 'mismatch'}
1480,{'Output': 'mismatch'},{'Output': 'mismatch'}
1481,{'Output': 'mismatch'},{'Output': 'mismatch'}
1482,{'Output': 'mismatch'},{'Output': 'mismatch'}
1483,{'Output': 'mismatch'},{'Output': 'mismatch'}
1484,{'Output': 'mismatch'},{'Output': 'mismatch'}
1485,{'Output': 'mismatch'},{'Output': 'mismatch'}
1486,{'Output': 'mismatch'},{'Output': 'mismatch'}
1487,{'Output': 'mismatch'},{'Output': 'mismatch'}
1488,{'Output': 'mismatch'},{'Output': 'mismatch'}
1489,{'Output': 'mismatch'},{'Output': 'mismatch'}
1490,{'Output': 'mismatch'},{'Output': 'mismatch'}
1491,{'Output': 'mismatch'},{'Output': 'mismatch'}
1492,{'Output': 'mismatch'},{'Output': 'mismatch'}
1493,{'Output': 'mismatch'},{'Output': 'mismatch'}
1494,{'Output': 'match'},{'Output': 'match'}
1495,{'Output': 'mismatch'},{'Output': 'match'}
1496,{'Output': 'mismatch'},{'Output': 'mismatch'}
1497,{'Output': 'mismatch'},{'Output': 'mismatch'}
1498,{'Output': 'mismatch'},{'Output': 'mismatch'}
1499,{'Output': 'mismatch'},{'Output': 'mismatch'}
1500,{'Output': 'mismatch'},{'Output': 'mismatch'}
1501,{'Output': 'mismatch'},{'Output': 'mismatch'}
1502,{'Output': 'mismatch'},{'Output': 'match'}
1503,{'Output': 'match'},{'Output': 'match'}
1504,{'Output': 'mismatch'},{'Output': 'mismatch'}
1505,{'Output': 'mismatch'},{'Output': 'mismatch'}
1506,{'Output': 'mismatch'},{'Output': 'mismatch'}
1507,{'Output': 'mismatch'},{'Output': 'mismatch'}
1508,{'Output': 'mismatch'},{'Output': 'mismatch'}
1509,{'Output': 'mismatch'},{'Output': 'mismatch'}
1510,{'Output': 'mismatch'},{'Output': 'mismatch'}
1511,{'Output': 'mismatch'},{'Output': 'mismatch'}
1512,{'Output': 'mismatch'},{'Output': 'mismatch'}
1513,{'Output': 'mismatch'},{'Output': 'mismatch'}
1514,{'Output': 'mismatch'},{'Output': 'mismatch'}
1515,{'Output': 'mismatch'},{'Output': 'match'}
1516,{'Output': 'mismatch'},{'Output': 'mismatch'}
1517,{'Output': 'mismatch'},{'Output': 'mismatch'}
1518,{'Output': 'mismatch'},{'Output': 'mismatch'}
1519,{'Output': 'mismatch'},{'Output': 'mismatch'}
1520,{'Output': 'mismatch'},{'Output': 'mismatch'}
1521,{'Output': 'mismatch'},{'Output': 'mismatch'}
1522,{'Output': 'mismatch'},{'Output': 'mismatch'}
1523,{'Output': 'mismatch'},{'Output': 'mismatch'}
1524,{'Output': 'mismatch'},{'Output': 'mismatch'}
1525,{'Output': 'match'},{'Output': 'match'}
1526,{'Output': 'mismatch'},{'Output': 'mismatch'}
1527,{'Output': 'mismatch'},{'Output': 'mismatch'}
1528,{'Output': 'mismatch'},{'Output': 'mismatch'}
1529,{'Output': 'mismatch'},{'Output': 'mismatch'}
1530,{'Output': 'mismatch'},{'Output': 'mismatch'}
1531,{'Output': 'mismatch'},{'Output': 'mismatch'}
1532,{'Output': 'mismatch'},{'Output': 'mismatch'}
1533,{'Output': 'mismatch'},{'Output': 'mismatch'}
1534,{'Output': 'mismatch'},{'Output': 'mismatch'}
1535,{'Output': 'mismatch'},{'Output': 'mismatch'}
1536,{'Output': 'mismatch'},{'Output': 'match'}
1537,{'Output': 'mismatch'},{'Output': 'mismatch'}
1538,{'Output': 'mismatch'},{'Output': 'mismatch'}
1539,{'Output': 'mismatch'},{'Output': 'mismatch'}
1540,{'Output': 'match'},{'Output': 'match'}
1541,{'Output': 'mismatch'},{'Output': 'mismatch'}
1542,{'Output': 'mismatch'},{'Output': 'mismatch'}
1543,{'Output': 'match'},{'Output': 'mismatch'}
1544,{'Output': 'mismatch'},{'Output': 'mismatch'}
1545,{'Output': 'mismatch'},{'Output': 'match'}
1546,{'Output': 'mismatch'},{'Output': 'mismatch'}
1547,{'Output': 'mismatch'},{'Output': 'mismatch'}
1548,{'Output': 'mismatch'},{'Output': 'mismatch'}
1549,{'Output': 'mismatch'},{'Output': 'mismatch'}
1550,{'Output': 'mismatch'},{'Output': 'mismatch'}
1551,{'Output': 'mismatch'},{'Output': 'mismatch'}
1552,{'Output': 'mismatch'},{'Output': 'mismatch'}
1553,{'Output': 'mismatch'},{'Output': 'mismatch'}
1554,{'Output': 'mismatch'},{'Output': 'mismatch'}
1555,{'Output': 'mismatch'},{'Output': 'mismatch'}
1556,{'Output': 'mismatch'},{'Output': 'mismatch'}
1557,{'Output': 'mismatch'},{'Output': 'mismatch'}
1558,{'Output': 'mismatch'},{'Output': 'mismatch'}
1559,{'Output': 'mismatch'},{'Output': 'mismatch'}
1560,{'Output': 'mismatch'},{'Output': 'mismatch'}
1561,{'Output': 'mismatch'},{'Output': 'mismatch'}
1562,{'Output': 'mismatch'},{'Output': 'match'}
1563,{'Output': 'mismatch'},{'Output': 'mismatch'}
1564,{'Output': 'mismatch'},{'Output': 'mismatch'}
1565,{'Output': 'mismatch'},{'Output': 'mismatch'}
1566,{'Output': 'mismatch'},{'Output': 'mismatch'}
1567,{'Output': 'mismatch'},{'Output': 'mismatch'}
1568,{'Output': 'match'},{'Output': 'match'}
1569,{'Output': 'mismatch'},{'Output': 'mismatch'}
1570,{'Output': 'mismatch'},{'Output': 'mismatch'}
1571,{'Output': 'match'},{'Output': 'match'}
1572,{'Output': 'mismatch'},{'Output': 'mismatch'}
1573,{'Output': 'mismatch'},{'Output': 'mismatch'}
1574,{'Output': 'mismatch'},{'Output': 'mismatch'}
1575,{'Output': 'mismatch'},{'Output': 'mismatch'}
1576,{'Output': 'mismatch'},{'Output': 'mismatch'}
1577,{'Output': 'mismatch'},{'Output': 'mismatch'}
1578,{'Output': 'match'},{'Output': 'match'}
1579,{'Output': 'mismatch'},{'Output': 'match'}
1580,{'Output': 'mismatch'},{'Output': 'mismatch'}
1581,{'Output': 'mismatch'},{'Output': 'mismatch'}
1582,{'Output': 'mismatch'},{'Output': 'mismatch'}
1583,{'Output': 'mismatch'},{'Output': 'mismatch'}
1584,{'Output': 'mismatch'},{'Output': 'mismatch'}
1585,{'Output': 'mismatch'},{'Output': 'mismatch'}
1586,{'Output': 'mismatch'},{'Output': 'mismatch'}
1587,{'Output': 'mismatch'},{'Output': 'mismatch'}
1588,{'Output': 'mismatch'},{'Output': 'mismatch'}
1589,{'Output': 'mismatch'},{'Output': 'mismatch'}
1590,{'Output': 'mismatch'},{'Output': 'mismatch'}
1591,{'Output': 'mismatch'},{'Output': 'mismatch'}
1592,{'Output': 'mismatch'},{'Output': 'mismatch'}
1593,{'Output': 'mismatch'},{'Output': 'mismatch'}
1594,{'Output': 'mismatch'},{'Output': 'mismatch'}
1595,{'Output': 'mismatch'},{'Output': 'mismatch'}
1596,{'Output': 'mismatch'},{'Output': 'mismatch'}
1597,{'Output': 'mismatch'},{'Output': 'mismatch'}
1598,{'Output': 'mismatch'},{'Output': 'mismatch'}
1599,{'Output': 'mismatch'},{'Output': 'mismatch'}
1600,{'Output': 'mismatch'},{'Output': 'mismatch'}
1601,{'Output': 'mismatch'},{'Output': 'mismatch'}
1602,{'Output': 'mismatch'},{'Output': 'mismatch'}
1603,{'Output': 'mismatch'},{'Output': 'mismatch'}
1604,{'Output': 'mismatch'},{'Output': 'mismatch'}
1605,{'Output': 'mismatch'},{'Output': 'mismatch'}
1606,{'Output': 'mismatch'},{'Output': 'mismatch'}
1607,{'Output': 'mismatch'},{'Output': 'mismatch'}
1608,{'Output': 'mismatch'},{'Output': 'mismatch'}
1609,{'Output': 'mismatch'},{'Output': 'mismatch'}
1610,{'Output': 'match'},{'Output': 'match'}
1611,{'Output': 'mismatch'},{'Output': 'mismatch'}
1612,{'Output': 'mismatch'},{'Output': 'mismatch'}
1613,{'Output': 'mismatch'},{'Output': 'mismatch'}
1614,{'Output': 'mismatch'},{'Output': 'mismatch'}
1615,{'Output': 'mismatch'},{'Output': 'mismatch'}
1616,{'Output': 'mismatch'},{'Output': 'mismatch'}
1617,{'Output': 'mismatch'},{'Output': 'mismatch'}
1618,{'Output': 'mismatch'},{'Output': 'mismatch'}
1619,{'Output': 'mismatch'},{'Output': 'mismatch'}
1620,{'Output': 'mismatch'},{'Output': 'mismatch'}
1621,{'Output': 'mismatch'},{'Output': 'mismatch'}
1622,{'Output': 'mismatch'},{'Output': 'mismatch'}
1623,{'Output': 'mismatch'},{'Output': 'mismatch'}
1624,{'Output': 'mismatch'},{'Output': 'mismatch'}
1625,{'Output': 'mismatch'},{'Output': 'mismatch'}
1626,{'Output': 'match'},{'Output': 'match'}
1627,{'Output': 'mismatch'},{'Output': 'mismatch'}
1628,{'Output': 'mismatch'},{'Output': 'mismatch'}
1629,{'Output': 'mismatch'},{'Output': 'mismatch'}
1630,{'Output': 'mismatch'},{'Output': 'mismatch'}
1631,{'Output': 'mismatch'},{'Output': 'mismatch'}
1632,{'Output': 'mismatch'},{'Output': 'mismatch'}
1633,{'Output': 'mismatch'},{'Output': 'mismatch'}
1634,{'Output': 'mismatch'},{'Output': 'mismatch'}
1635,{'Output': 'mismatch'},{'Output': 'mismatch'}
1636,{'Output': 'mismatch'},{'Output': 'mismatch'}
1637,{'Output': 'match'},{'Output': 'match'}
1638,{'Output': 'mismatch'},{'Output': 'mismatch'}
1639,{'Output': 'mismatch'},{'Output': 'mismatch'}
1640,{'Output': 'mismatch'},{'Output': 'mismatch'}
1641,{'Output': 'mismatch'},{'Output': 'mismatch'}
1642,{'Output': 'mismatch'},{'Output': 'mismatch'}
1643,{'Output': 'mismatch'},{'Output': 'mismatch'}
1644,{'Output': 'mismatch'},{'Output': 'mismatch'}
1645,{'Output': 'mismatch'},{'Output': 'mismatch'}
1646,{'Output': 'mismatch'},{'Output': 'mismatch'}
1647,{'Output': 'mismatch'},{'Output': 'mismatch'}
1648,{'Output': 'match'},{'Output': 'match'}
1649,{'Output': 'mismatch'},{'Output': 'mismatch'}
1650,{'Output': 'mismatch'},{'Output': 'mismatch'}
1651,{'Output': 'match'},{'Output': 'match'}
1652,{'Output': 'mismatch'},{'Output': 'mismatch'}
1653,{'Output': 'mismatch'},{'Output': 'mismatch'}
1654,{'Output': 'mismatch'},{'Output': 'mismatch'}
1655,{'Output': 'mismatch'},{'Output': 'mismatch'}
1656,{'Output': 'mismatch'},{'Output': 'mismatch'}
1657,{'Output': 'mismatch'},{'Output': 'mismatch'}
1658,{'Output': 'mismatch'},{'Output': 'mismatch'}
1659,{'Output': 'mismatch'},{'Output': 'mismatch'}
1660,{'Output': 'mismatch'},{'Output': 'mismatch'}
1661,{'Output': 'mismatch'},{'Output': 'mismatch'}
1662,{'Output': 'mismatch'},{'Output': 'mismatch'}
1663,{'Output': 'match'},{'Output': 'match'}
1664,{'Output': 'mismatch'},{'Output': 'mismatch'}
1665,{'Output': 'mismatch'},{'Output': 'mismatch'}
1666,{'Output': 'mismatch'},{'Output': 'mismatch'}
1667,{'Output': 'mismatch'},{'Output': 'mismatch'}
1668,{'Output': 'match'},{'Output': 'match'}
1669,{'Output': 'mismatch'},{'Output': 'mismatch'}
1670,{'Output': 'mismatch'},{'Output': 'mismatch'}
1671,{'Output': 'mismatch'},{'Output': 'mismatch'}
1672,{'Output': 'mismatch'},{'Output': 'mismatch'}
1673,{'Output': 'mismatch'},{'Output': 'mismatch'}
1674,{'Output': 'mismatch'},{'Output': 'mismatch'}
1675,{'Output': 'mismatch'},{'Output': 'mismatch'}
1676,{'Output': 'mismatch'},{'Output': 'mismatch'}
1677,{'Output': 'mismatch'},{'Output': 'mismatch'}
1678,{'Output': 'mismatch'},{'Output': 'mismatch'}
1679,{'Output': 'mismatch'},{'Output': 'mismatch'}
1680,{'Output': 'mismatch'},{'Output': 'mismatch'}
1681,{'Output': 'mismatch'},{'Output': 'mismatch'}
1682,{'Output': 'mismatch'},{'Output': 'match'}
1683,{'Output': 'mismatch'},{'Output': 'mismatch'}
1684,{'Output': 'mismatch'},{'Output': 'mismatch'}
1685,{'Output': 'mismatch'},{'Output': 'mismatch'}
1686,{'Output': 'mismatch'},{'Output': 'mismatch'}
1687,{'Output': 'mismatch'},{'Output': 'mismatch'}
1688,{'Output': 'mismatch'},{'Output': 'mismatch'}
1689,{'Output': 'mismatch'},{'Output': 'mismatch'}
1690,{'Output': 'mismatch'},{'Output': 'match'}
1691,{'Output': 'mismatch'},{'Output': 'mismatch'}
1692,{'Output': 'mismatch'},{'Output': 'mismatch'}
1693,{'Output': 'match'},{'Output': 'match'}
1694,{'Output': 'mismatch'},{'Output': 'mismatch'}
1695,{'Output': 'mismatch'},{'Output': 'mismatch'}
1696,{'Output': 'mismatch'},{'Output': 'mismatch'}
1697,{'Output': 'mismatch'},{'Output': 'mismatch'}
1698,{'Output': 'mismatch'},{'Output': 'mismatch'}
1699,{'Output': 'mismatch'},{'Output': 'match'}
1700,{'Output': 'mismatch'},{'Output': 'mismatch'}
1701,{'Output': 'mismatch'},{'Output': 'mismatch'}
1702,{'Output': 'mismatch'},{'Output': 'mismatch'}
1703,{'Output': 'mismatch'},{'Output': 'mismatch'}
1704,{'Output': 'mismatch'},{'Output': 'mismatch'}
1705,{'Output': 'mismatch'},{'Output': 'mismatch'}
1706,{'Output': 'mismatch'},{'Output': 'mismatch'}
1707,{'Output': 'match'},{'Output': 'match'}
1708,{'Output': 'mismatch'},{'Output': 'mismatch'}
1709,{'Output': 'mismatch'},{'Output': 'mismatch'}
1710,{'Output': 'mismatch'},{'Output': 'mismatch'}
1711,{'Output': 'match'},{'Output': 'match'}
1712,{'Output': 'mismatch'},{'Output': 'mismatch'}
1713,{'Output': 'mismatch'},{'Output': 'mismatch'}
1714,{'Output': 'mismatch'},{'Output': 'mismatch'}
1715,{'Output': 'mismatch'},{'Output': 'mismatch'}
1716,{'Output': 'mismatch'},{'Output': 'mismatch'}
1717,{'Output': 'mismatch'},{'Output': 'mismatch'}
1718,{'Output': 'mismatch'},{'Output': 'mismatch'}
1719,{'Output': 'mismatch'},{'Output': 'mismatch'}
1720,{'Output': 'mismatch'},{'Output': 'mismatch'}
1721,{'Output': 'match'},{'Output': 'mismatch'}
1722,{'Output': 'mismatch'},{'Output': 'mismatch'}
1723,{'Output': 'mismatch'},{'Output': 'mismatch'}
1724,{'Output': 'mismatch'},{'Output': 'mismatch'}
1725,{'Output': 'mismatch'},{'Output': 'match'}
1726,{'Output': 'mismatch'},{'Output': 'mismatch'}
1727,{'Output': 'mismatch'},{'Output': 'mismatch'}
1728,{'Output': 'mismatch'},{'Output': 'mismatch'}
1729,{'Output': 'mismatch'},{'Output': 'mismatch'}
1730,{'Output': 'mismatch'},{'Output': 'mismatch'}
1731,{'Output': 'mismatch'},{'Output': 'mismatch'}
1732,{'Output': 'mismatch'},{'Output': 'mismatch'}
1733,{'Output': 'mismatch'},{'Output': 'mismatch'}
1734,{'Output': 'mismatch'},{'Output': 'mismatch'}
1735,{'Output': 'mismatch'},{'Output': 'mismatch'}
1736,{'Output': 'mismatch'},{'Output': 'mismatch'}
1737,{'Output': 'match'},{'Output': 'match'}
1738,{'Output': 'match'},{'Output': 'match'}
1739,{'Output': 'mismatch'},{'Output': 'mismatch'}
1740,{'Output': 'mismatch'},{'Output': 'mismatch'}
1741,{'Output': 'mismatch'},{'Output': 'mismatch'}
1742,{'Output': 'mismatch'},{'Output': 'mismatch'}
1743,{'Output': 'mismatch'},{'Output': 'mismatch'}
1744,{'Output': 'mismatch'},{'Output': 'mismatch'}
1745,{'Output': 'mismatch'},{'Output': 'mismatch'}
1746,{'Output': 'mismatch'},{'Output': 'mismatch'}
1747,{'Output': 'mismatch'},{'Output': 'mismatch'}
1748,{'Output': 'mismatch'},{'Output': 'mismatch'}
1749,{'Output': 'mismatch'},{'Output': 'mismatch'}
1750,{'Output': 'mismatch'},{'Output': 'mismatch'}
1751,{'Output': 'mismatch'},{'Output': 'mismatch'}
1752,{'Output': 'mismatch'},{'Output': 'mismatch'}
1753,{'Output': 'mismatch'},{'Output': 'mismatch'}
1754,{'Output': 'mismatch'},{'Output': 'mismatch'}
1755,{'Output': 'mismatch'},{'Output': 'mismatch'}
1756,{'Output': 'mismatch'},{'Output': 'mismatch'}
1757,{'Output': 'mismatch'},{'Output': 'mismatch'}
1758,{'Output': 'mismatch'},{'Output': 'mismatch'}
1759,{'Output': 'mismatch'},{'Output': 'mismatch'}
1760,{'Output': 'mismatch'},{'Output': 'mismatch'}
1761,{'Output': 'mismatch'},{'Output': 'mismatch'}
1762,{'Output': 'mismatch'},{'Output': 'mismatch'}
1763,{'Output': 'mismatch'},{'Output': 'mismatch'}
1764,{'Output': 'mismatch'},{'Output': 'mismatch'}
1765,{'Output': 'match'},{'Output': 'match'}
1766,{'Output': 'mismatch'},{'Output': 'mismatch'}
1767,{'Output': 'mismatch'},{'Output': 'mismatch'}
1768,{'Output': 'mismatch'},{'Output': 'mismatch'}
1769,{'Output': 'mismatch'},{'Output': 'match'}
1770,{'Output': 'mismatch'},{'Output': 'mismatch'}
1771,{'Output': 'mismatch'},{'Output': 'mismatch'}
1772,{'Output': 'mismatch'},{'Output': 'mismatch'}
1773,{'Output': 'mismatch'},{'Output': 'mismatch'}
1774,{'Output': 'mismatch'},{'Output': 'mismatch'}
1775,{'Output': 'mismatch'},{'Output': 'mismatch'}
1776,{'Output': 'mismatch'},{'Output': 'mismatch'}
1777,{'Output': 'mismatch'},{'Output': 'mismatch'}
1778,{'Output': 'mismatch'},{'Output': 'match'}
1779,{'Output': 'mismatch'},{'Output': 'mismatch'}
1780,{'Output': 'mismatch'},{'Output': 'mismatch'}
1781,{'Output': 'mismatch'},{'Output': 'mismatch'}
1782,{'Output': 'mismatch'},{'Output': 'mismatch'}
1783,{'Output': 'mismatch'},{'Output': 'mismatch'}
1784,{'Output': 'mismatch'},{'Output': 'mismatch'}
1785,{'Output': 'mismatch'},{'Output': 'mismatch'}
1786,{'Output': 'mismatch'},{'Output': 'mismatch'}
1787,{'Output': 'mismatch'},{'Output': 'mismatch'}
1788,{'Output': 'mismatch'},{'Output': 'mismatch'}
1789,{'Output': 'mismatch'},{'Output': 'mismatch'}
1790,{'Output': 'mismatch'},{'Output': 'mismatch'}
1791,{'Output': 'mismatch'},{'Output': 'mismatch'}
1792,{'Output': 'mismatch'},{'Output': 'mismatch'}
1793,{'Output': 'mismatch'},{'Output': 'mismatch'}
1794,{'Output': 'mismatch'},{'Output': 'mismatch'}
1795,{'Output': 'match'},{'Output': 'match'}
1796,{'Output': 'mismatch'},{'Output': 'mismatch'}
1797,{'Output': 'match'},{'Output': 'match'}
1798,{'Output': 'mismatch'},{'Output': 'mismatch'}
1799,{'Output': 'mismatch'},{'Output': 'mismatch'}
1800,{'Output': 'mismatch'},{'Output': 'mismatch'}
1801,{'Output': 'mismatch'},{'Output': 'mismatch'}
1802,{'Output': 'match'},{'Output': 'match'}
1803,{'Output': 'mismatch'},{'Output': 'mismatch'}
1804,{'Output': 'mismatch'},{'Output': 'mismatch'}
1805,{'Output': 'mismatch'},{'Output': 'mismatch'}
1806,{'Output': 'mismatch'},{'Output': 'match'}
1807,{'Output': 'mismatch'},{'Output': 'mismatch'}
1808,{'Output': 'mismatch'},{'Output': 'mismatch'}
1809,{'Output': 'mismatch'},{'Output': 'mismatch'}
1810,{'Output': 'mismatch'},{'Output': 'mismatch'}
1811,{'Output': 'mismatch'},{'Output': 'mismatch'}
1812,{'Output': 'match'},{'Output': 'match'}
1813,{'Output': 'mismatch'},{'Output': 'mismatch'}
1814,{'Output': 'mismatch'},{'Output': 'mismatch'}
1815,{'Output': 'mismatch'},{'Output': 'match'}
1816,{'Output': 'mismatch'},{'Output': 'mismatch'}
1817,{'Output': 'match'},{'Output': 'match'}
1818,{'Output': 'match'},{'Output': 'match'}
1819,{'Output': 'mismatch'},{'Output': 'mismatch'}
1820,{'Output': 'mismatch'},{'Output': 'mismatch'}
1821,{'Output': 'mismatch'},{'Output': 'mismatch'}
1822,{'Output': 'mismatch'},{'Output': 'mismatch'}
1823,{'Output': 'match'},{'Output': 'match'}
1824,{'Output': 'mismatch'},{'Output': 'mismatch'}
1825,{'Output': 'mismatch'},{'Output': 'mismatch'}
1826,{'Output': 'mismatch'},{'Output': 'mismatch'}
1827,{'Output': 'mismatch'},{'Output': 'mismatch'}
1828,{'Output': 'mismatch'},{'Output': 'mismatch'}
1829,{'Output': 'match'},{'Output': 'match'}
1830,{'Output': 'mismatch'},{'Output': 'mismatch'}
1831,{'Output': 'mismatch'},{'Output': 'mismatch'}
1832,{'Output': 'match'},{'Output': 'match'}
1833,{'Output': 'mismatch'},{'Output': 'mismatch'}
1834,{'Output': 'mismatch'},{'Output': 'mismatch'}
1835,{'Output': 'mismatch'},{'Output': 'mismatch'}
1836,{'Output': 'mismatch'},{'Output': 'mismatch'}
1837,{'Output': 'match'},{'Output': 'match'}
1838,{'Output': 'mismatch'},{'Output': 'mismatch'}
1839,{'Output': 'match'},{'Output': 'match'}
1840,{'Output': 'mismatch'},{'Output': 'mismatch'}
1841,{'Output': 'mismatch'},{'Output': 'mismatch'}
1842,{'Output': 'mismatch'},{'Output': 'mismatch'}
1843,{'Output': 'mismatch'},{'Output': 'mismatch'}
1844,{'Output': 'mismatch'},{'Output': 'mismatch'}
1845,{'Output': 'mismatch'},{'Output': 'mismatch'}
1846,{'Output': 'mismatch'},{'Output': 'mismatch'}
1847,{'Output': 'mismatch'},{'Output': 'mismatch'}
1848,{'Output': 'mismatch'},{'Output': 'mismatch'}
1849,{'Output': 'mismatch'},{'Output': 'mismatch'}
1850,{'Output': 'mismatch'},{'Output': 'mismatch'}
1851,{'Output': 'mismatch'},{'Output': 'mismatch'}
1852,{'Output': 'mismatch'},{'Output': 'mismatch'}
1853,{'Output': 'mismatch'},{'Output': 'mismatch'}
1854,{'Output': 'mismatch'},{'Output': 'mismatch'}
1855,{'Output': 'mismatch'},{'Output': 'mismatch'}
1856,{'Output': 'mismatch'},{'Output': 'mismatch'}
1857,{'Output': 'mismatch'},{'Output': 'mismatch'}
1858,{'Output': 'mismatch'},{'Output': 'mismatch'}
1859,{'Output': 'mismatch'},{'Output': 'mismatch'}
1860,{'Output': 'mismatch'},{'Output': 'mismatch'}
1861,{'Output': 'mismatch'},{'Output': 'mismatch'}
1862,{'Output': 'mismatch'},{'Output': 'mismatch'}
1863,{'Output': 'mismatch'},{'Output': 'mismatch'}
1864,{'Output': 'match'},{'Output': 'match'}
1865,{'Output': 'mismatch'},{'Output': 'mismatch'}
1866,{'Output': 'mismatch'},{'Output': 'mismatch'}
1867,{'Output': 'mismatch'},{'Output': 'mismatch'}
1868,{'Output': 'match'},{'Output': 'match'}
1869,{'Output': 'mismatch'},{'Output': 'mismatch'}
1870,{'Output': 'mismatch'},{'Output': 'mismatch'}
1871,{'Output': 'mismatch'},{'Output': 'mismatch'}
1872,{'Output': 'mismatch'},{'Output': 'mismatch'}
1873,{'Output': 'mismatch'},{'Output': 'mismatch'}
1874,{'Output': 'mismatch'},{'Output': 'mismatch'}
1875,{'Output': 'mismatch'},{'Output': 'mismatch'}
1876,{'Output': 'mismatch'},{'Output': 'mismatch'}
1877,{'Output': 'mismatch'},{'Output': 'mismatch'}
1878,{'Output': 'mismatch'},{'Output': 'mismatch'}
1879,{'Output': 'mismatch'},{'Output': 'mismatch'}
1880,{'Output': 'mismatch'},{'Output': 'mismatch'}
1881,{'Output': 'mismatch'},{'Output': 'mismatch'}
1882,{'Output': 'mismatch'},{'Output': 'mismatch'}
1883,{'Output': 'match'},{'Output': 'match'}
1884,{'Output': 'mismatch'},{'Output': 'mismatch'}
1885,{'Output': 'mismatch'},{'Output': 'mismatch'}
1886,{'Output': 'mismatch'},{'Output': 'mismatch'}
1887,{'Output': 'mismatch'},{'Output': 'mismatch'}
1888,{'Output': 'mismatch'},{'Output': 'mismatch'}
1889,{'Output': 'mismatch'},{'Output': 'mismatch'}
1890,{'Output': 'mismatch'},{'Output': 'mismatch'}
1891,{'Output': 'mismatch'},{'Output': 'mismatch'}
1892,{'Output': 'mismatch'},{'Output': 'mismatch'}
1893,{'Output': 'mismatch'},{'Output': 'mismatch'}
1894,{'Output': 'mismatch'},{'Output': 'mismatch'}
1895,{'Output': 'mismatch'},{'Output': 'mismatch'}
1896,{'Output': 'match'},{'Output': 'match'}
1897,{'Output': 'mismatch'},{'Output': 'mismatch'}
1898,{'Output': 'mismatch'},{'Output': 'mismatch'}
1899,{'Output': 'mismatch'},{'Output': 'mismatch'}
1900,{'Output': 'mismatch'},{'Output': 'mismatch'}
1901,{'Output': 'mismatch'},{'Output': 'mismatch'}
1902,{'Output': 'mismatch'},{'Output': 'mismatch'}
1903,{'Output': 'mismatch'},{'Output': 'mismatch'}
1904,{'Output': 'mismatch'},{'Output': 'mismatch'}
1905,{'Output': 'mismatch'},{'Output': 'mismatch'}
1906,{'Output': 'mismatch'},{'Output': 'match'}
1907,{'Output': 'mismatch'},{'Output': 'mismatch'}
1908,{'Output': 'mismatch'},{'Output': 'mismatch'}
1909,{'Output': 'mismatch'},{'Output': 'mismatch'}
1910,{'Output': 'match'},{'Output': 'match'}
1911,{'Output': 'mismatch'},{'Output': 'mismatch'}
1912,{'Output': 'mismatch'},{'Output': 'mismatch'}
1913,{'Output': 'mismatch'},{'Output': 'mismatch'}
1914,{'Output': 'mismatch'},{'Output': 'mismatch'}
1915,{'Output': 'mismatch'},{'Output': 'mismatch'}
1916,{'Output': 'mismatch'},{'Output': 'mismatch'}
1917,{'Output': 'match'},{'Output': 'match'}
1918,{'Output': 'mismatch'},{'Output': 'mismatch'}
1919,{'Output': 'mismatch'},{'Output': 'mismatch'}
1920,{'Output': 'match'},{'Output': 'match'}
1921,{'Output': 'mismatch'},{'Output': 'mismatch'}
1922,{'Output': 'mismatch'},{'Output': 'match'}
1923,{'Output': 'mismatch'},{'Output': 'mismatch'}
1924,{'Output': 'mismatch'},{'Output': 'mismatch'}
1925,{'Output': 'mismatch'},{'Output': 'mismatch'}
1926,{'Output': 'mismatch'},{'Output': 'mismatch'}
1927,{'Output': 'mismatch'},{'Output': 'mismatch'}
1928,{'Output': 'mismatch'},{'Output': 'mismatch'}
1929,{'Output': 'mismatch'},{'Output': 'mismatch'}
1930,{'Output': 'mismatch'},{'Output': 'mismatch'}
1931,{'Output': 'mismatch'},{'Output': 'mismatch'}
1932,{'Output': 'mismatch'},{'Output': 'match'}
1933,{'Output': 'mismatch'},{'Output': 'mismatch'}
1934,{'Output': 'mismatch'},{'Output': 'mismatch'}
1935,{'Output': 'mismatch'},{'Output': 'match'}
1936,{'Output': 'mismatch'},{'Output': 'mismatch'}
1937,{'Output': 'mismatch'},{'Output': 'mismatch'}
1938,{'Output': 'mismatch'},{'Output': 'mismatch'}
1939,{'Output': 'mismatch'},{'Output': 'mismatch'}
1940,{'Output': 'match'},{'Output': 'mismatch'}
1941,{'Output': 'mismatch'},{'Output': 'mismatch'}
1942,{'Output': 'mismatch'},{'Output': 'mismatch'}
1943,{'Output': 'mismatch'},{'Output': 'mismatch'}
1944,{'Output': 'mismatch'},{'Output': 'mismatch'}
1945,{'Output': 'mismatch'},{'Output': 'mismatch'}
1946,{'Output': 'mismatch'},{'Output': 'mismatch'}
1947,{'Output': 'mismatch'},{'Output': 'mismatch'}
1948,{'Output': 'match'},{'Output': 'match'}
1949,{'Output': 'mismatch'},{'Output': 'mismatch'}
1950,{'Output': 'mismatch'},{'Output': 'mismatch'}
1951,{'Output': 'mismatch'},{'Output': 'mismatch'}
1952,{'Output': 'mismatch'},{'Output': 'mismatch'}
1953,{'Output': 'mismatch'},{'Output': 'mismatch'}
1954,{'Output': 'mismatch'},{'Output': 'mismatch'}
1955,{'Output': 'match'},{'Output': 'match'}
1956,{'Output': 'mismatch'},{'Output': 'mismatch'}
1957,{'Output': 'mismatch'},{'Output': 'mismatch'}
1958,{'Output': 'mismatch'},{'Output': 'mismatch'}
1959,{'Output': 'mismatch'},{'Output': 'mismatch'}
1960,{'Output': 'mismatch'},{'Output': 'mismatch'}
1961,{'Output': 'mismatch'},{'Output': 'mismatch'}
1962,{'Output': 'mismatch'},{'Output': 'mismatch'}
1963,{'Output': 'mismatch'},{'Output': 'mismatch'}
1964,{'Output': 'match'},{'Output': 'match'}
1965,{'Output': 'mismatch'},{'Output': 'mismatch'}
1966,{'Output': 'mismatch'},{'Output': 'mismatch'}
1967,{'Output': 'mismatch'},{'Output': 'mismatch'}
1968,{'Output': 'mismatch'},{'Output': 'mismatch'}
1969,{'Output': 'mismatch'},{'Output': 'mismatch'}
1970,{'Output': 'match'},{'Output': 'match'}
1971,{'Output': 'match'},{'Output': 'match'}
1972,{'Output': 'mismatch'},{'Output': 'mismatch'}
1973,{'Output': 'mismatch'},{'Output': 'mismatch'}
1974,{'Output': 'mismatch'},{'Output': 'match'}
1975,{'Output': 'mismatch'},{'Output': 'mismatch'}
1976,{'Output': 'mismatch'},{'Output': 'mismatch'}
1977,{'Output': 'mismatch'},{'Output': 'mismatch'}
1978,{'Output': 'mismatch'},{'Output': 'mismatch'}
1979,{'Output': 'mismatch'},{'Output': 'mismatch'}
1980,{'Output': 'mismatch'},{'Output': 'mismatch'}
1981,{'Output': 'mismatch'},{'Output': 'mismatch'}
1982,{'Output': 'mismatch'},{'Output': 'mismatch'}
1983,{'Output': 'mismatch'},{'Output': 'mismatch'}
1984,{'Output': 'mismatch'},{'Output': 'mismatch'}
1985,{'Output': 'mismatch'},{'Output': 'mismatch'}
1986,{'Output': 'mismatch'},{'Output': 'mismatch'}
1987,{'Output': 'mismatch'},{'Output': 'mismatch'}
1988,{'Output': 'mismatch'},{'Output': 'mismatch'}
1989,{'Output': 'mismatch'},{'Output': 'mismatch'}
1990,{'Output': 'mismatch'},{'Output': 'mismatch'}
1991,{'Output': 'mismatch'},{'Output': 'mismatch'}
1992,{'Output': 'mismatch'},{'Output': 'mismatch'}
1993,{'Output': 'mismatch'},{'Output': 'mismatch'}
1994,{'Output': 'mismatch'},{'Output': 'mismatch'}
1995,{'Output': 'mismatch'},{'Output': 'mismatch'}
1996,{'Output': 'mismatch'},{'Output': 'match'}
1997,{'Output': 'mismatch'},{'Output': 'mismatch'}
1998,{'Output': 'mismatch'},{'Output': 'mismatch'}
1999,{'Output': 'match'},{'Output': 'match'}
2000,{'Output': 'mismatch'},{'Output': 'mismatch'}
2001,{'Output': 'mismatch'},{'Output': 'mismatch'}
2002,{'Output': 'mismatch'},{'Output': 'mismatch'}
2003,{'Output': 'mismatch'},{'Output': 'mismatch'}
2004,{'Output': 'mismatch'},{'Output': 'mismatch'}
2005,{'Output': 'mismatch'},{'Output': 'mismatch'}
2006,{'Output': 'match'},{'Output': 'match'}
2007,{'Output': 'mismatch'},{'Output': 'mismatch'}
2008,{'Output': 'mismatch'},{'Output': 'mismatch'}
2009,{'Output': 'mismatch'},{'Output': 'mismatch'}
2010,{'Output': 'mismatch'},{'Output': 'mismatch'}
2011,{'Output': 'mismatch'},{'Output': 'mismatch'}
2012,{'Output': 'mismatch'},{'Output': 'mismatch'}
2013,{'Output': 'mismatch'},{'Output': 'mismatch'}
2014,{'Output': 'mismatch'},{'Output': 'mismatch'}
2015,{'Output': 'mismatch'},{'Output': 'match'}
2016,{'Output': 'match'},{'Output': 'match'}
2017,{'Output': 'mismatch'},{'Output': 'mismatch'}
2018,{'Output': 'mismatch'},{'Output': 'mismatch'}
2019,{'Output': 'mismatch'},{'Output': 'mismatch'}
2020,{'Output': 'mismatch'},{'Output': 'mismatch'}
2021,{'Output': 'mismatch'},{'Output': 'mismatch'}
2022,{'Output': 'mismatch'},{'Output': 'mismatch'}
2023,{'Output': 'mismatch'},{'Output': 'mismatch'}
2024,{'Output': 'mismatch'},{'Output': 'mismatch'}
2025,{'Output': 'mismatch'},{'Output': 'mismatch'}
2026,{'Output': 'mismatch'},{'Output': 'mismatch'}
2027,{'Output': 'mismatch'},{'Output': 'mismatch'}
2028,{'Output': 'mismatch'},{'Output': 'match'}
2029,{'Output': 'mismatch'},{'Output': 'mismatch'}
2030,{'Output': 'mismatch'},{'Output': 'mismatch'}
2031,{'Output': 'mismatch'},{'Output': 'mismatch'}
2032,{'Output': 'mismatch'},{'Output': 'mismatch'}
2033,{'Output': 'mismatch'},{'Output': 'mismatch'}
2034,{'Output': 'mismatch'},{'Output': 'mismatch'}
2035,{'Output': 'mismatch'},{'Output': 'mismatch'}
2036,{'Output': 'mismatch'},{'Output': 'mismatch'}
2037,{'Output': 'mismatch'},{'Output': 'mismatch'}
2038,{'Output': 'mismatch'},{'Output': 'mismatch'}
2039,{'Output': 'mismatch'},{'Output': 'mismatch'}
2040,{'Output': 'mismatch'},{'Output': 'match'}
2041,{'Output': 'mismatch'},{'Output': 'mismatch'}
2042,{'Output': 'match'},{'Output': 'match'}
2043,{'Output': 'mismatch'},{'Output': 'mismatch'}
2044,{'Output': 'mismatch'},{'Output': 'mismatch'}
2045,{'Output': 'mismatch'},{'Output': 'mismatch'}
2046,{'Output': 'mismatch'},{'Output': 'mismatch'}
2047,{'Output': 'mismatch'},{'Output': 'mismatch'}
2048,{'Output': 'match'},{'Output': 'match'}
