{
    "epoch": 3.0,
    "total_flos": 5.20837670771884e+17,
    "train_loss": 0.10085546051684235,
    "train_runtime": 1617.7938,
    "train_samples_per_second": 7.252,
    "train_steps_per_second": 0.454
}