{
    "epoch": 3.0,
    "total_flos": 1.5518836753170432e+17,
    "train_loss": 0.11232582898172613,
    "train_runtime": 488.479,
    "train_samples_per_second": 7.087,
    "train_steps_per_second": 0.448
}