{
    "epoch": 3.0,
    "total_flos": 1.2542621448667136e+17,
    "train_loss": 0.1018331405301552,
    "train_runtime": 390.5785,
    "train_samples_per_second": 7.189,
    "train_steps_per_second": 0.453
}