,output,predict
0,{'Output': 'mismatch'},"\'description\': \'  ""643778-B21 HP Xeon E78867 2.13GHz BL680c G7"" ""Null""   ""Description:HP Intel™ Xeon™ E7-8867L BL680c G7(2.13GHz/10-core/30MB/105W)Full"
1,{'Output': 'mismatch'},"\', \'sku\': \'ST3750330NS\', \'type\': \'\', \'description\': \'  ""Seagate Barracuda ES.2 750GB SATA-II 32MB Cache - OEM (ST3750330NS)"" ""Seagate Barracuda ES.2 750GB SATA-II 3"
2,{'Output': 'match'},"562\', \'Product Type\': \'Memory Module\', \'Memory Type\': \'DDR2\', \'Memory Size\': \'8GB\', \'description\': \'  ""487364-001 8GB DDR2 ECC Registered Memory Module for HP DL580 G5"", ""Null"" ""New 487364-0"
3,{'Output': 'match'},"\', \'description\': \'  ""518736-001-2Pack HP 2 x 450GB 10K 3.5 inch Plug-in Module"" ""Null"" Description:2 x 450GB Fibre Channel 10K 3.5 inch Plug-in Module\', \'title\': \'518736-00"
4,{'Output': 'mismatch'},"\'[295643b21]\', \'brand\': \'HP\', \'category\': \'DLT\', \'Category\': \'Tape Drive\', \'Sub-Category\': \'SDLT\', \'Generation\': \'160/320\', \'Part Number\': \'295643-B21\',"
5,{'Output': 'mismatch'},"', \'category\': \'Intel Processors\', \'Category\': \'Processors\', \'Sub-Category\': \'Socket 1156\', \'Generation\': \'Core i5\', \'Part Number\': \'IL56600K\', \'Products ID\': \'111111\', \'Socket\': \'1"
6,{'Output': 'mismatch'},"Corsair\', \'sku\': \'CMK16GX4M2A2400C14\', \'type\': \'Vengeance LPX\', \'description\': \'  \""Corsair Vengeance LPX Black 16GB (2x8GB) DDR4 PC4-19200 2400MHz Dual Channel Kit"
7,{'Output': 'mismatch'},"', \'brand\': \'345020-B21 Price\', \'category\': \'Proliant BL20p G2 - Blade 2 x Xeon 3.2 GHz RAM 1 GB HD: none LAN EN Fast Gigabit\', \'description\': \'  ""345020-B21 BL20P G2 (2"
8,{'Output': 'mismatch'},"3000c15r\'], \'type\': \'Quad Channel Memory Kit\'}', 'Entity_2': '{\'title\': \'Corsair Vengeance LPX 16GB (2 x 8GB) DDR4 DRAM 2400MHz\', \'category\': \'Memory\', \'subcategory\': \'Memory\', \'brand\':"
9,{'Output': 'mismatch'},"MN2LL/A\', \'type\': \'Accessories\', \'description\': \'  \""Apple Smart screen cover for tablet\""@en "" Apple Smart screen cover for tablet""@en  "" Apple Smart screen cover for tablet""@en  "" Apple Smart screen cover for tablet""@en  "" Apple Smart screen cover for tablet""@en  "" Apple Smart screen cover for tablet""@en  "" Apple Smart"
10,{'Output': 'mismatch'},"D\', \'EAN\': \'99802023379, 5053460569506, 6935364020620, 807113531224\', \'SKU\': \'TL-SG1024D\', \'Tweakers ID\': \'"
11,{'Output': 'mismatch'},"RPMCache: 16MBDescription:Seagate Barracuda ES 500GB Hot-Plug Serial ATA (SATA) 3.0Gb/s 7200RPM 3.5-inch form factor 16MB Hard Drive\', \'sku\': \'st3500630ns\', \'type\': \'Hard Drive\', \'"
12,{'Output': 'mismatch'},"{""Output"": ""match""}"
13,{'Output': 'mismatch'},"\'3500630ns\', \'type\': \'Description:10 x HPE 500GB Hot-Plug Serial ATA (SATA) 1.5G 7200RPM 3.5-inch LFF NCQ (Native Command Queing)In HPE Drive tray (as pictured)For G1-G7 Proliant SATA\', \'description"
14,{'Output': 'mismatch'},"5ms\', \'description\': \'  ""432094-B21 HP 146GB 15K SAS Internal Hard Drive"" ""Null""   ""Description:15K 146GB HP 15K 146GB 15K 146GB 15K 146GB 15K 146GB 15K"
15,{'Output': 'mismatch'},"'brand\': \'HP\', \'category\': \'Null\', \'Category\': \'Proliant HardDrive\', \'Sub-Category\': \'3.5-inch (Full Height) 7200RPM SATA Hard Drive\', \'Generation\': \'7200RPM SATA\', \'Part Number\': \'DP0072"
16,{'Output': 'mismatch'},"655B28 HP 36.4-GB 10K FC-AL"" ""Null"" ""New BD03655B28 FC-AL 5 Pack Wholesale Price BD03655B28-5Pack\', \'description\': \'  ""BD03655B28 HP 36.4-GB 10K FC-AL"""
17,{'Output': 'mismatch'},"', \'description\': \'  ""340769-001 HP 20GB DLT7000 SCSI Tape Drive"" ""StorageWorks | Tape Drives\', \'title\': \'340769-001 HP 20GB DLT7000 SCSI Tape Drive\', \'sku\': \'3407"
18,{'Output': 'match'},"7907502089165]\', \'brand\': \'Dell\', \'category\': \'\', \'Category\': \'Hard Drive\', \'Sub-Category\': \'10K\', \'Generation\': \'SAS\', \'Part Number\': \'G55MDD-E32LPDF\', \'Products ID"
19,{'Output': 'mismatch'},"'category\': \'Memory\', \'Category\': \'Geheugen intern\', \'Productserie\': \'Kingston ValueRAM\', \'Product\': \'Kingston ValueRAM 2GB (2 x 1GB) PC3-10600 DDR3 1333MHz Unbuffered ECC SDRAM Memory Module KVR1333D3"
20,{'Output': 'mismatch'},"001\', \'type\': \'Description:487364-001 DL580 G5 4-Core E7440 2.4 GHz/16MB 4P 8GB\'}', 'Entity_2': '{\'title\': \'487364-001 DL580 G5 4-Core E7440"
21,{'Output': 'mismatch'},"Category\': \'Proliant HardDrive\', \'Sub-Category\': \'7.2K\', \'Generation\': \'SATA SC\', \'Part Number\': \'235065-002\', \'Products ID\': \'466758\', \'Type\': \'Hard Drive - Hot-Swap - Gen8\',"
22,{'Output': 'mismatch'},"Hard Drive Catalogs\', \'sku\': \'hpdg0300bahzq\', \'type\': \'2.5-inch Serial Attached SCSI (SAS) SFF 3G Dual Port Hot-Plug 10K Hard Drive\', \'description_en\': \'  ""DG0300BAHZQ HP 300-"
23,{'Output': 'mismatch'},"W 32GB 50p CF CompactFlash Card""@en ""                     COMPACT FLASH CARD 32GB""@en CompactFlash Card 32GB\', \'description\': \'  ""CompactFlash Card 32GB""@en CompactFlash Card 32GB\', \'title\': \'CompactFlash Card 32GB\', \"
24,{'Output': 'mismatch'},"'type\': \'Video Cards\'}', 'Entity_2': '{\'title\': \'PNY NVIDIA Quadro K1200 for DVI - Prijzen ""@NL Tweakers""@NL\', \'category\': \'\', \'subcategory\': \'\', \'brand\': \'PNY\', \'sku\': \'RVCQK1"
25,{'Output': 'mismatch'},"{""Output"": ""match""}"
26,{'Output': 'mismatch'},"n\': \'[647897b21]\', \'/gtin13\': \'[ 5711045296741,  3226801808677,  8861114394308, 4\', \'category\': \'\', \'Categorie\': \'Ge"
27,{'Output': 'match'},"\', \'Sub-Category\': \'7200RPM\', \'Generation\': \'7200RPM\', \'Part Number\': \'ST31000340AS\', \'Products ID\': \'15398\', \'Type\': \'Hard Drive\', \'Form Factor\': \'3.5 inch x"
28,{'Output': 'mismatch'},"€ 139,95\', \'Pakketpost\': \'€ 0,-\', \'iDeal\': \'€ 0,-\', \'Totaal\': \'€ 146,90\', \'Pakketpost Nederland\': \'€ 0,-\', \'description\': \'  ""Corsair Vengeance LPX 3"
29,{'Output': 'mismatch'},"'Card\', \'subcategory\': \'Graphics Card\', \'brand\': \'Zotac\', \'sku\': \'ZT-P10600B-10M\', \'type\': \'GeForce GTX 1060 3GB GDDR5 Graphics Card\', \'description\': \'  \""Zotac NVIDIA GeForce"
30,{'Output': 'mismatch'},"Server Processor""', \'title\': \'601248-B21 HP E5507 2.26GHz ML350 G6\', \'subcategory\': \'32GB 45nm Xeon G6 Processor\', \'sku\': [\'601248b21\'], \'type\': \'Processor\',"
31,{'Output': 'mismatch'},"Turbo 3.3GHz 6MB Skt1151"" ""Processador Intel Core i5-6400 Quad-Core 2.7GHz c/ Turbo 3.3GHz 6MB Skt1151""   ""Processador Intel Core i5-6400 Quad-Core 2.7GHz c/ Turbo 3.3GHz 6MB"
32,{'Output': 'mismatch'},"ual Port Hot-Plug Hard Drive\'}', 'Entity_2': '{\'title\': \'456896-001 HP 400-GB 10K 3.5 DP SAS HDD\', \'category\': \'Hard Drives\', \'subcategory\': \'Description:5 x 400GB Serial Attached SCSI (SAS)"
33,{'Output': 'mismatch'},"af 5,-)\': \'€ 0,-\', \'Pakketpost (vanaf 2,-)\': \'€ 0,-\', \'Pakketpost (vanaf 1,-)\': \'€ 0,-\', \'Pakketpost (vanaf 0,5,-)\': \'€ 0,-\', \'Pakketpost (vanaf 0,-)\':"
34,{'Output': 'mismatch'},"70 3.33GHz ML370 G5""  ""Description:Intel Xeon X5470 ML370 G5 (3.33GHz/4-core/12MB/120W) CPQFull Processor Option KitPart Number(s)Option Part# 488039-B21""  ""New 488039-B"
35,{'Output': 'mismatch'},"Z 2GB 2pcs 1GB 240p PC2-5300 CL5 18c 64x8 Fully Buffered ECC DDR2-667 Fully Buffered Memory Module\', \'sku\': \'397411b21\', \'type\': \'Memory Module\', \'description\': \'  ""HP Original"
36,{'Output': 'mismatch'},"Low Profile M.2 Expansion Card\', \'category\': \'Card\', \'subcategory\': \'M.2 Expansion Card\', \'brand\': \'Silverstone\', \'sku\': \'SST-ECM20\', \'type\': \'2 Port M.2 Expansion Card, Low profile\', \'description\': \'  ""Silver"
37,{'Output': 'mismatch'},"\': \'Box\', \'brand\': \'AMD\', \'sku\': \'FD8350FRHKBOX\', \'type\': \'Processor\', \'description\': \'  ""AMD Processor, AMD 8C FX-8350 4.0GHz 8MB 125W Box""@en Processor Box (FD8"
38,{'Output': 'mismatch'},"{""Output"": ""match""}"
39,{'Output': 'match'},"{""Output"": ""match""}"
40,{'Output': 'mismatch'},"Plug Hard Drive\', \'brand\': \'HP\', \'sku\': \'456896-001\', \'type\': \'Hard Drive\', \'description\': \'  ""456896-001 HP 400-GB 10K 3.5 DP SAS HDD"" ""HP 45689"
41,{'Output': 'mismatch'},", 3MB Cache\', \'description_en\': \'  ""4th Generation Intel® Core™ i3 4160 3.6GHz Socket LGA1150 ""@en CoreAndtrade; | BX80646I34160 New\', \'description_de\': \'  ""4. Generation Intel® Core™ i3 4160"
42,{'Output': 'mismatch'},"}', 'Entity_2': '{\'title\': \'487364-001 DL580 G5 4-Core E7440 2.4GHz/16MB 4P 8GB\', \'category\': \'8GB Wholesale\', \'subcategory\': \'rack-mountable - 4U - 4-way - 4"
43,{'Output': 'mismatch'},"@en Processor\', \'title\': \'Intel Processor, Core i7-6800K 3.4GHz 15MB 140W\', \'subcategory\': \'\', \'brand\': \'Intel\', \'sku\': \'BX80671I76800K\', \'type\': \'Core"
44,{'Output': 'mismatch'},"\'ST2000NM0011 Seagate 2-TB 7.2K 3.5 6G SP SATA\', \'subcategory\': \'Description:2TB 3.5-inch 6Gb/s SATA 7.2K 10 Pack Hard DriveIn HPE Drive tray (as pictured)For G1-G7 Proliant SAS"
45,{'Output': 'mismatch'},"/mpn\': \'[230534b21]\', \'brand\': \'HP\', \'category\': \'Null\', \'Category\': \'Proliant HardDrive\', \'Sub-Category\': \'7.2K\', \'Generation\': \'Ultra Wide\', \'Part Number\': \'23053"
46,{'Output': 'mismatch'},"'Hot Swap Tray\': \'Not Included\', \'Capacity\': \'1TB\', \'Form Factor\': \'3.5 inches x 1/3H\', \'Interface\': \'Serial ATA\', \'Data Transfer Rate\': \'320MB/s\', \'Average Seek Time\': \'8.5ms\', \'"
47,{'Output': 'match'},"8B21\', \'Product ID\': \'463245\', \'Type\': \'Processor\', \'description\': \'  ""662078B21 HP Intel Xeon Processor L3 12MB 2.33GHz 1366MHz FSB 1366MHz Quad-Core"" ""Null""   """
48,{'Output': 'mismatch'},"""@sv-SE, ""179.99 ""@sv-SE\', \'description\': \'  ""359461-001 HPE 72.8GB 10K 3.5 inch x 1 inch Plug-in Module Hot-Swap Hard Drive"" ""359461-001 HPE 72.8GB 10K 3"
49,{'Output': 'mismatch'},"\', \'description\': \'  \""432804-B21 HP 1GB DDR SDRAM Unbuffered Memory Module\"" ""Null""   ""Description: 1GB DDR SDRAM Unbuffered Memory Module\', \'title\': \'432804-B21 HP 1GB DDR SDRAM Unbuffered Memory Module\', \'sku\"
50,{'Output': 'mismatch'},"{""Output"": ""mismatch""}"
51,{'Output': 'match'},"G7 Wholesale Price 589073-B21""\'}', 'Entity_2': '{\'title\': \'589073-B21 HP Intel Xeon X7560 2.26GHz BL680c G7\', \'category\': \'Null\', \'subcategory\': \'New 589073-"
52,{'Output': 'mismatch'},"', \'Hot-Plug\': \'Yes\', \'description\': \'  ""658102-001-10Pack HP 2000GB 7.2K 3.5 SP SATA HDD"", ""Null"" Price 658102-001"" ""New 658102-001 HDD Wholesale 65"
53,{'Output': 'mismatch'},"{""Output"": ""mismatch""}"
54,{'Output': 'mismatch'},"(70°C)\', \'description\': \'  ""AMD FX 3.80GHz 2-Core Processor - 64-bit Socket FM2"" Core LN7300OKHLBOX | SCAN UK\', \'title\': \'AMD FX 3.80GHz 2-Core Processor - 64-bit Socket FM2\',"
55,{'Output': 'mismatch'},"0,- (vanaf € 5,-)\': \'€ 5,-\', \'Pakketpost (vanaf € 25,-)\': \'€ 0,-\', \'Pakketpost (vanaf € 15,-)\': \'€ 0,-\', \'Pakketpost (vanaf € 10,-)\': \'€ 0,-\', \'Pakket"
56,{'Output': 'mismatch'},"'256 KB\', \'description\': \'  \""Intel Core i7-76700K 4.0GHz 256KB LGA1151 Boxed Without Heatsink and Fan\""@en Intel Core i7-76700K 4.0GHz 256KB LGA1151 Boxed Without Heatsink and F"
57,{'Output': 'mismatch'},"12MB) PC2-5300 SDRAM Kit\', \'category\': \'Memory\', \'subcategory\': \'Price\', \'brand\': \'Hewlett-Packard\', \'sku\': \'408850b21\', \'type\': \'Memory Kit\', \'description\': \'  ""4088"
58,{'Output': 'mismatch'},"CÓDIGO DE PRODUCTO\': \'AD740KYBJABOX\', \'DESCRIPCIÓN\': \'Procesador AMD A10-9720E 4-Core 3,7 GHz Socket FM2+ 95W con Refrigerador\', \'PRECIO\': \'€ 119,90\', \'"
59,{'Output': 'mismatch'},"Hard Drive - Hot-Swap - Gen8\', \'description\': \'  ""ST2000NM0011 HP G8 G9 2-TB 6G 7.2K 3.5 SATA SC"" ""New ST2000NM0011-2Pack"" ""ST2000NM0011 SC"" ""ST2000NM001"
60,{'Output': 'mismatch'},"Midline 3.5-inch (LFF) SATA 7.2K Hard Drive\', \'description2\': \'  ""ST31000640NS Seagate 1-TB 7.2K 3.5 SATA"" ""New ST31000640NS SATA 5 Pack Wholesale Price ST31000640NS-5"
61,{'Output': 'mismatch'},"': \'element46\', \'type\': \'Thunderbolt Audio Interface\'}', 'Entity_2': '{\'title\': \'Apogee Element 46 Thunderbolt Audio Interface (Mac only)\', \'category\': \'\', \'subcategory\': \'\', \'brand\': \'Apogee\', \'sku\': \'element46"
62,{'Output': 'mismatch'},"', \'category\': \'Computers_and_Accessories'}"", 'Entity_2': '{\'title\': \'HP ProBook 450 G6 - Prijzen ""@NL Tweakers""@NL\', \'category\': \'\', \'subcategory\': \'\', \'brand\': \'HP\', \'sku\': \'450 g6\', \"
63,{'Output': 'mismatch'},"\': \'\', \'brand\': \'HP\', \'sku\': \'st31000524ns\', \'type\': \'Hard Drive\', \'description\': \'  ""ST31000524NS HP MSA2 1-TB 7.2K 3.5 SATA"" ""Computers and Networking | Prices"""
64,{'Output': 'mismatch'},"ards\', \'Sub-Category\': \'SDXC\', \'brand\': \'Kingston\', \'Part Number\': \'SDA1064GB\', \'Products ID\': \'111111\', \'description\': \'  ""Kingston SDA1064GB 64GB SDXC Flash Memory Card"", ""Null"" ""New"
65,{'Output': 'mismatch'},"3 USB 3.0 Flash Drive (DT100G3/32GB)"" ""Null""   ""Description:Kingston 32GB DataTraveler 100 G3 USB 3.0 Flash Drive (DT100G3/32GB)""  ""Description:Kingston 32GB DataTraveler 100 G3 USB 3.0 Flash Drive (DT100G3"
66,{'Output': 'mismatch'},"{""Output"": ""mismatch""}"
67,{'Output': 'mismatch'},"\'Category\': \'HP SSD\', \'Sub-Category\': \'Intel X25M\', \'Generation\': \'Intel X25M\', \'Part Number\': \'653078-B21\', \'Products ID\': \'461184\', \'Product Type\': \'Solid State Drive\', \"
68,{'Output': 'mismatch'},"', \'title\': \'AMD Ryzen 5 1600 6 Core AM4 CPU/Processor with Wraith Spire 95W cooler\', \'subcategory\': \'Description:AMD Ryzen 5 1600 6 Core AM4 CPU/Processor with Wraith Spire 95W cooler\', \'sku\': \'yd160"
69,{'Output': 'mismatch'},"'Entity_2': '{\'title\': \'583383-B21 HP Intel Xeon E5506 2.13GHz DL170h G6\', \'category\': \'Null\', \'subcategory\': \'Description:HP Intel Xeon E5506 DL170h G6(2.13GHz/4-"
70,{'Output': 'mismatch'},"\', \'category\': \'Netwerkadapters\', \'subcategory\': \'\', \'brand\': \'StarTech.com\', \'sku\': \'PEX10000SFP\', \'type\': \'1 Port PCI Express 10G SFP+ Network Adapter Card\', \'description\': \'  \""1 Port PCI Express"
71,{'Output': 'match'},"\': \'2\', \'Number of PCI Express x1 Slots\': \'1\', \'Number of PCI Slots\': \'1\', \'Number of Ethernet Ports\': \'2\', \'Number of USB 2.0 Ports\': \'4\', \'description\': \'  ""487364-001 DL580 G"
72,{'Output': 'match'},"', \'Pakketpost PostNL (tot € 99,95)\': \'€ 6,95\', \'description\': \'  ""Cooler Master Elite 130 RC-130-KKN1"" ""Null"" Price RC-130-KKN1"" ""New Cooler Master Elite 130 RC-130-KKN1""  """
73,{'Output': 'mismatch'},"0NM0011\', \'category\': \'Hard Drive\', \'description\': \'  \""ST2000NM0011 2TB 3.5\"" (SATA III)\"" ""Hard Drive""   ""Description:2TB 3.5\"" (SATA III) 6Gb/s 3.5\"" Internal Hard DriveST2000NM00"
74,{'Output': 'match'},"1600X 4.00GHz (Socket AM4) Processor - Retail""@en\', \'title\': \'AMD Ryzen 5 Six Core 1600X 4.00GHz (Socket AM4) Processor - Retail\', \'subcategory\': \'Retail\', \'sku\': \'yd160xbcaewo"
75,{'Output': 'mismatch'},"js\': \'€ 111,99\', \'Pakketpost 0-30 kg\': \'€ 4,95\', \'iDeal (vanaf € 10,-)\': \'€ 0,-\', \'Totaal\': \'€ 111,99\', \'Pakketpost NL DPD\': \'€"
76,{'Output': 'mismatch'},"6G 10K 2.5 DP SAS HDD\', \'category\': \'Hard Drive\', \'subcategory\': \'Hard Drive\', \'brand\': \'HP\', \'sku\': \'EG0146FARTR\', \'type\': \'Hard Drive - Hot-Swap\', \'description\': \'  """
77,{'Output': 'mismatch'},"2': '{\'title\': \'430169-002 HP 72-GB 3G 15K 2.5 DP SAS\', \'category\': \'Null\', \'subcategory\': \'Price 430169-002\', \'brand\': \'New 430169-002 HDD"
78,{'Output': 'mismatch'},"WD 1TB AV SATA 6Gb s 3.5"" Internal Hard Drive - 64MB Cache\', \'subcategory\': \'\', \'brand\': \'WD\', \'sku\': \'wd10purz\', \'type\': \'Hard Drives\'}', 'Entity_2': '{\'title\': \'WD 1TB AV S"
79,{'Output': 'mismatch'},"GB Dual Channel Memory Kit 2x4GB DDR3 1333MHz 4GB x 2 @en 4GB x 2 DDR3 1333MHz Dual Channel Kit ""@en\', \'title\': \'Kingston DTDUO3/64GB Dual Channel Memory Kit 2x4GB DDR3 1333MHz 4GB x 2"
80,{'Output': 'mismatch'},"': \'Crucial - DDR4 4 GB DIMM 288-pin\', \'subcategory\': \'288-pin\', \'sku\': \'CT4G4RFS8213\', \'type\': \'Server Memory\'}', 'Entity_2': '{\'title\': \'HP - DDR4 32 GB LRDIMM"
81,{'Output': 'mismatch'},"5,95\', \'Pakketpost vanaf € 25,-\': \'€ 0,-\', \'Pakketpost vanaf € 19,95\': \'€ 0,-\', \'Pakketpost vanaf € 15,95\': \'€ 0,-\', \'Pakketpost vanaf € 12,95\':"
82,{'Output': 'mismatch'},"6GB SSC GAMING ACX 3.0 Black Edition\', \'description\': \'  ""EVGA GeForce GTX 1060 SC 6GB SSC GAMING ACX 3.0 Black Edition"" ""Null""   ""Description:EVGA GeForce GTX 1060 SC 6GB SSC GAMING ACX 3.0 Black Edition""', \'title"
83,{'Output': 'match'},"NM0011 Seagate 2-TB 7.2K 3.5 6G SP SATA\', \'subcategory\': \'\', \'sku\': \'st2000nm0011\', \'type\': \'Hard Drive - 7.2K\', \'brand\': \'Seagate\', \'sku\': \'"
84,{'Output': 'mismatch'},"\': \'Seagate\', \'sku\': \'ST4000DM004\', \'type\': \'Hard Drive\', \'description\': \'  ""Seagate BarraCuda 4TB 5900RPM SATA 6Gb/s 256MB Cache HDD - OEM (ST4000DM004)"""
85,{'Output': 'mismatch'},"': \'New\', \'Category\': \'Proliant Processor\', \'Sub-Category\': \'Intel Xeon\', \'Generation\': \'G8\', \'Part Number\': \'238921-B21\', \'Products ID\': \'458226\', \'Product Type\': \'Processor\', \"
86,{'Output': 'match'},Intel Z170 Chipset 4 DDR4 DIMM slots 1 PCI Express 3.0 x16 slot 1 PCI Express 2.0 x1 slot 1 M.2 SATA III slot 1 SATA III 6Gb/s slot 1 USB 3.1 Type-A + Type-C header 1 USB 2.0/1.1 header 1 HDMI 1.4
87,{'Output': 'mismatch'},"3603223742242\', \'description\': \'  ""Corsair Vengeance LPX 16GB (2 x 8GB) DDR4 DRAM 2400MHz Memory Module CMK16GX4M2A2400C10\', \'title\': \'Corsair Vengeance LPX 16GB"
88,{'Output': 'mismatch'},"\'€ 0,-\', \'description\': \'  ""MSI Z170I Gaming Pro AC - Prijzen ""@NL Tweakers""@NL\', \'title\': \'MSI Z170I Gaming Pro AC - Prijzen\', \'subcategory\': \'\', \'brand\': \'MSI\', \'sku\': \'79"
89,{'Output': 'mismatch'},"'{\'title\': \'658071-B21 HP 500-GB 6G 7.2K 3.5 SATA SCSI 5 Pack\', \'category\': \'Proliant HardDrive\', \'subcategory\': \'7.2K\', \'brand\': \'HP\', \'sku\': \'658"
90,{'Output': 'mismatch'},"{""Output"": ""mismatch""}"
91,{'Output': 'mismatch'},"', \'brand\': \'Intel\', \'sku\': \'bx80637i53570\', \'type\': \'Intel Core i5-3570\', \'description\': \'  ""Intel - Core i5-3570 3.4GHz Quad-Core Processor"" Processor (BX8063"
92,{'Output': 'mismatch'},"3656ABA HP 36.4-GB 10K FC-AL HDD\', \'subcategory\': \'\', \'sku\': \'238590b21\', \'type\': \'Description:StorageWorks 36.4GB 10K Fibre Channel HDD\'}', 'Entity_2': '{\'title\': \"
93,{'Output': 'mismatch'},"{""Output"": ""mismatch""}"
94,{'Output': 'mismatch'},"{""Output"": ""match""}"
95,{'Output': 'mismatch'},"{""Output"": ""match""}"
96,{'Output': 'mismatch'},"\'\', \'brand\': \'HP\', \'sku\': \'hpnc373f\', \'type\': \'PCI Express Multifunction Gigabit Server Adapter\', \'description\': \'  ""HP NC373F PCI Express Multifunction Gigabit Server Adapter"" HP NC373F PCI-E GB Server Adapter"" New  HP NC"
97,{'Output': 'match'},"', \'sku\': \'500668-B21\', \'type\': \'Description:500668-B21 HP 1GB (1x1GB) PC3-10600 UDIMM 1 Pack Wholesale Price 500668-B21\', \'description\': \'  ""500668"
98,{'Output': 'mismatch'},"'description\': \'  ""Seagate Barracuda 1TB 3.5\"" Internal Hard Drive ST1000DM003"" "" Hard Drive (Internal) - Seagate Barracuda 1TB 3.5\"" Internal Hard Drive ST1000DM003\', \'title\': \'Seagate Barracuda 1TB 3.5\"" Internal Hard"
99,{'Output': 'match'},"80 GB M.2 Card\', \'subcategory\': \'M.2 Card\', \'brand\': \'Lenovo\', \'sku\': \'4xb0h30209\', \'type\': \'Solid State Drive\'}', 'Entity_2': '{\'title\': \'Lenovo - solid state drive 180 GB M.2 Card\"
100,{'Output': 'mismatch'},"600""  ""Description:Intel Core i5 6600 / 3.3 GHz processor""  ""Description:Intel Core i5 6600 / 3.3 GHz processor""  ""Description:Intel Core i5 6600 / 3.3 GHz processor""  ""Description:Intel Core i5 6600 / 3.3 GHz processor"""
101,{'Output': 'mismatch'},"IA GeForce GTX 1060 6GB AMP Edition Graphics Card\', \'subcategory\': \'LN73721 - ZT-P10600B-10M | SCAN UK\', \'brand\': \'Zotac\', \'sku\': \'ZT-P10600B-10M\', \'type"
102,{'Output': 'mismatch'},"Pakketpost (tot € 20,-)\': \'€ 0,-\', \'iDeal\': \'€ 0,-\', \'Totaal\': \'€ 399,-\', \'description\': \'  ""EVGA GeForce GTX 1060 SC GAMING 6GB 192-bit GDDR5 PCI Express 3.0 S"
103,{'Output': 'mismatch'},"{""Output"": ""mismatch""}"
104,{'Output': 'mismatch'},"{""Output"": ""mismatch""}"
105,{'Output': 'mismatch'},"\'Categorie\': \'Processors\', \'Merk\': \'AMD\', \'Productserie\': \'Ryzen\', \'Product\': \'AMD Ryzen 5 1600\', \'Uitvoering\': \'Boxed\', \'EAN\': \'113633945201, 50"
106,{'Output': 'mismatch'},"{""Output"": ""match""}"
107,{'Output': 'mismatch'},"""@NL\', \'category\': \'\', \'subcategory\': \'\', \'brand\': \'AMD\', \'sku\': \'AMD Ryzen Threadripper 1900x\', \'type\': \'Processor\', \'description\': \'  ""AMD Ryzen Threadripper 1900x Boxed - Prijzen ""@NL"
108,{'Output': 'mismatch'},"\': \'Intel Core i7-7800X\', \'Uitvoering\': \'Intel Core i7-7800X\', \'EAN\': \'5032037105095\', \'SKU\': \'BX80673I77800X\', \'Tweakers ID\': \"
109,{'Output': 'mismatch'},"{""Output"": ""match""}"
110,{'Output': 'mismatch'},"Warranty\': \'3 Years\', \'description\': \'  ""512 GB Kingston ValueRAM 512MB DDR3 SODIMM DDR3L 1600MHz Non-ECC Unbuffered Memory Module (240-Pin) KVR16N11D3/512""  ""New Kingston ValueRAM 512MB"
111,{'Output': 'mismatch'},"'Part Number\': \'658071-B21\', \'Products ID\': \'658071\', \'Product Type\': \'Hard Drive\', \'description\': \'  ""658071-B21 HP 7200RPM 16MB Cache 320GB SATA SCSI Hard Drive""@en ""New"
112,{'Output': 'mismatch'},"': \'Host Bus Adapter\', \'price\': \'""USD"", ""$1,199.95""\'}', 'Entity_2': '{\'title\': \'449363-B21 HP SC40Ge Host Bus Adapter\', \'category\': \'Null\', \'subcategory\': \'Description:HP SC40Ge Host Bus Adapter FIO"
113,{'Output': 'mismatch'},"D"", ""USD"", ""USD""\', \'description\': \'  ""HP EH0146FAWJB 146GB 15K 3.5 DP SAS HDD""   ""Description:146GB 15K 3.5 DP SAS HDD""   ""Description:146GB 15K 3.5 DP SAS HDD"
114,{'Output': 'mismatch'},"subcategory\': \'\', \'brand\': \'HP\', \'sku\': \'394793b21\', \'type\': \'Server Adapter\', \'description\': \'  ""394793-B21 PCI-E GB Server Adapter""   ""Description:394793-B21 PCI-E GB Server Adapter"
115,{'Output': 'mismatch'},"{""Output"": ""mismatch""}"
116,{'Output': 'match'},"Pack Wholesale Price 431786-B21-10Pack\', \'brand\': \'SATA\', \'sku\': \'10 Pack Wholesale 431786-B21\', \'type\': \'Hard Drive - Hot-Swap\', \'description\': \'  ""431786-B21 HP"
117,{'Output': 'mismatch'},"22 HP MSL5026 SDLT RackMount Tape Library\', \'category\': \'HP MSL5026\', \'subcategory\': \'SDLT RackMount Tape Library\', \'brand\': \'HP\', \'sku\': \'293472b22\', \'type\': \'Tape Library\', \'"
118,{'Output': 'mismatch'},"2': '{\'title\': \'456896-001 HP 400-GB 10K 3.5 DP SAS\', \'category\': \'Null\', \'subcategory\': \'Description:5 x 400GB Serial Attached SCSI (SAS) 10K 3.5-inch Dual Port Hot-Plug Hard Drive"
119,{'Output': 'match'},"€ 0,-\', \'description\': \'  ""Gigabyte GB-BKi3HA-7100 (rev. 1.0) Barebones"" "" GB-BKi3HA-7100 (rev. 1.0) Barebones""  ""\', \'title\': \'Gigabyte GB-BKi3HA-7100"
120,{'Output': 'mismatch'},"w]\', \'brand\': \'HP\', \'category\': \'Null\', \'Category\': \'Proliant HardDrive\', \'Sub-Category\': \'15K\', \'Generation\': \'SAS\', \'Part Number\': \'dh0072-BALW-10Pack\', \'Products ID\': \'4"
121,{'Output': 'mismatch'},"DDR3 1333MHz 240-pin SDRAM\', \'category\': \'\', \'subcategory\': \'\', \'brand\': \'HP\', \'sku\': \'647897b21\', \'type\': \'Memory\', \'description\': \'  ""Null 647897-B"
122,{'Output': 'mismatch'},"55035-B22 HP Xeon X3210 2.13GHz DL120 G5\', \'sku\': \'455035b22\', \'type\': \'Intel Xeon Processor\', \'description_full\': \'  ""455035-B22 HP Xeon X32"
123,{'Output': 'mismatch'},"Us)\'}', 'Entity_2': '{\'title\': \'Intel Core i5 6600K Skylake 3.5GHz Quad-Core LGA1151 Processor\', \'category\': \'Intel processor\', \'subcategory\': \'Intel Core i5 6600K\', \'brand\': \'Intel\', \"
124,{'Output': 'mismatch'},"20mm\', \'Fan Height\': \'25mm\', \'Fan Width\': \'152mm\', \'Fan Blade Count\': \'11\', \'Fan Frame Color\': \'Black\', \'Fan Frame Material\': \'Steel\', \'Fan Frame Size\': \'250mm x 15"
125,{'Output': 'mismatch'},"151 4-Core Processor BX80677I77700\', \'title\': \'7th Generation Intel® Core™ i7 7700 3.6GHz Socket LGA1151 4-Core Processor BX80677I77700\', \'sku\': \'bx80677i"
126,{'Output': 'mismatch'},"', \'description\': \'  ""804587-B21 HP 240-GB 2.5 SATA SSD""   ""Description:240GB Hot-Plug Serial ATA (SATA) 2.5 SSD"" ""New 804587-B21 SSD Wholesale Price 804587-B21"" ""Description:"
127,{'Output': 'match'},"4c15fbk464\', \'type\': \'DDR4\', \'description\': \'  ""HyperX FURY - DDR4 64 GB: 4 x 16 GB DIMM 288-pin"" "" HyperX 288-pin HX424C15FBK4/64 System Memory \', \'Output\"
128,{'Output': 'mismatch'},"'Type\': \'RAID Controller\', \'description\': \'  ""578230-B21 HP P410/512 1-Port 6Gb/s Fibre Channel RAID Controller"" ""HP 578230-B21""  ""Descr\""', \'title\': \'578230-B21 HP"
129,{'Output': 'mismatch'},"0\', \'Description\': \'  ""356816-001 ML350T G4p (1P) Xeon 3.2GHz 512MB 2MB L2 cache 1 x 512MB RAM 1 x 1GB RAM 1 x 2GB RAM 1 x 4GB RAM 1 x 8GB RAM 1 x 1"
130,{'Output': 'mismatch'},"Part Number\': \'ST3500630NS\', \'Products ID\': \'142988\', \'Type\': \'Hard Drive - Hot-Swap\', \'Form Factor\': \'3.5 inches x 1 inch Plug-in Module\', \'Capacity\': \'350GB\', \'Interface Type\': \'Serial"
131,{'Output': 'match'},"IA Quadro K1200 for DisplayPort"" ""PNY NVIDIA Quadro K1200 for DisplayPort"" ""PNY NVIDIA Quadro K1200 for DisplayPort""   ""Description:PNY NVIDIA Quadro K1200 for DisplayPort"" ""PNY NVIDIA Quadro K1200 for DisplayPort"" ""PNY NVIDIA Quad"
132,{'Output': 'mismatch'},"': \'11.2 lbs\', \'description\': \'  ""388504-B21 HP 35GB 3Mbps SCSI Internal Tape Drive"" ""Proliant - TapeDrive\', \'title\': \'388504-B21 HP 35GB 3Mbps SCSI Internal Tape Drive\', \'sub"
133,{'Output': 'mismatch'},"ale Price 643778-B21\', \'sku\': \'643778b21\', \'type\': \'Intel Xeon E78867 BL680c G7 (2.13GHz/10-core/2.50MB/105W)Full Processor Option KitP\', \'description\':"
134,{'Output': 'mismatch'},".6GHz Socket LGA1151 (Kaby Lake) Processor - Retail ""@en Kaby Lake\', \'sku\': \'bx80677i77700\', \'type\': \'CPU\', \'manufacturer\': \'Intel\', \'description_full\': \'  ""7th Generation Intel® Core™ i7"
135,{'Output': 'mismatch'},"B21 BL20P G2 Xeon 3.2GHz 1GB (2P) Null Description: Proliant BL20P G2 XEON3.2G 1M (2P) FC MEZZ BLADEHewlett-Packard Part# 345021-B21""  ""345021-B21 BL20P G2 X"
136,{'Output': 'match'},"camera\', \'description2\': \'  ""Sandisk Ultra SDXC Class 10 UHS-I 80MB/s 64GB""  "" Sandisk Ultra SDHC Class 10 UHS-I 80MB/s\', \'title2\': \'Sandisk Ultra SDHC Class 10 UHS-I 80MB/s 32"
137,{'Output': 'mismatch'},"Description:5 x 146GB 2.5-inch Serial Attached SCSI (SAS)SFF 6G Dual Port Hot-Plug 10K Hard DriveIn HPE Drive tray (as pictured)For G1-G7 Proliant\', \'description\': \'  ""EG0146FARTR HP 146-GB 6G 10K"
138,{'Output': 'mismatch'},"{""Output"": ""mismatch""}"
139,{'Output': 'mismatch'},"2': '{\'title\': \'192106-B21 HP Storageworks 110/220GB DriveSDLT Intern\', \'category\': \'\', \'subcategory\': \'Drives\', \'brand\': \'HP\', \'sku\': \'192106b21\', \'type\': \'Internal"
140,{'Output': 'match'},"408851-B21 HP 2GB DDR2 667MHz memory module""  ""Specs 408851-B21 HP 2GB DDR2 667MHz memory module""  ""Specs 408851-B21 HP 2GB DDR2 667MHz memory module""  ""Specs 408"
141,{'Output': 'mismatch'},"': \'Processors\', \'brand\': \'AMD\', \'sku\': \'FD832EWMHKBOX\', \'type\': \'Processor\', \'description\': \'  ""AMD FX-8320E 3.2GHz (4.0GHz Turbo) Socket AM3+ Desktop Processor""  ""AMD F"
142,{'Output': 'mismatch'},"{""Output"": ""match""}"
143,{'Output': 'mismatch'},"-6400\', \'sku\': \'bx80662i56400\', \'type\': \'Intel Core i5-6400 2.7GHz Quad-Core Processor\', \'description_full\': \'Intel - Core i5-6400 2.7GHz Quad-Core Processor (BX"
144,{'Output': 'mismatch'},"'Yes\', \'description\': \'  \""359461-007 HP 300-GB 10K FC-AL HDD\"" \""Null\""   \""Description:Storageworks 300GB 10K Fibre Channel40 \', \'title\': \'359461-007 HP 300-GB 10K FC-"
145,{'Output': 'mismatch'},"'type\': \'DDR3 DIMM\'}', 'Entity_2': '{\'title\': \'Corsair 16GB Vengeance Pro DDR3 1600MHz 2x8GB\', \'category\': \'Computer Memory\', \'subcategory\': \'DDR3 RAM\', \'brand\': \'Corsair\', \'sk"
146,{'Output': 'match'},"', \'description\': \'  ""238921-B21-10Pack 72.8GB 10000RPM 40-pin FC-AL Hot-Swap HDD\', \'title\': \'238921-B21-10Pack 72.8GB 10000RPM 40-pin FC-"
147,{'Output': 'mismatch'},"{""Output"": ""match""}"
148,{'Output': 'mismatch'},"7497b21\', \'type\': \'New 287497-B21 PC2100 Wholesale Price 287497-B21\', \'description\': \'  ""287497-B21 HP 1GB 266MHz DDR PC2100"" ""Null""   ""Description:New"
149,{'Output': 'mismatch'},"{""category"": ""Computers_and_Accessories""}"
150,{'Output': 'mismatch'},"\': \'Energy Star\', \'description\': \'  ""WD20EFRX 2TB Internal Hard Drive""@en Drive (WD20EFRX) "" WD20EFRX 2TB Internal Hard Drive""@en\', \'title\': \'WD20EFRX 2TB Internal Hard Drive\', \'subcategory\': \'\', \'"
151,{'Output': 'mismatch'},"\'description\': \'  ""Intel Pentium G4560 2.30GHz 2MB L2 Cache 64-bit Processor - Boxed"" "" Intel Pentium G4560 2.30GHz 2MB L2 Cache 64-bit Processor - Boxed""@en Intel Pentium G4560 2.30GHz 2MB L"
152,{'Output': 'mismatch'},")\': \'€ 0,-\', \'iDeal (vanaf € 25,-)\': \'€ 0,-\', \'iDeal (vanaf € 50,-)\': \'€ 0,-\', \'iDeal (vanaf € 75,-)\': \'€ 0,-\', \'iDeal (vanaf € 100,-)\': \"
153,{'Output': 'mismatch'},"3.5 SATA MLC SSD"" ""New 653124-B21 SSD 2 Pack Wholesale Price 653124-B21-2Pack""  ""New 653124-B21 SSD 2 Pack Wholesale Price 653124-B21-2Pack""  ""New 653124-"
154,{'Output': 'mismatch'},"'description\': \'  ""Intel Core i7-7700 4.20 GHz Quad-Core 8 MB L3 Cache 91W Processor - Intel H110 Chipset - 2 DDR4 DIMM Slots - 4 USB 3.0 - 1 USB 2.0 - 1 HDMI - 1 DP - 1 eDP - 1 R"
155,{'Output': 'mismatch'},"000RPM 1-TB 3.5 3G Hard Drive\', \'brand\': \'Seagate\', \'sku\': \'ST31000524NS\', \'type\': \'Hard Drive\', \'description\': \'  ""ST31000524NS Seagate 1-TB 7.2K"
156,{'Output': 'match'},"id\': \'1234567890123456789012345678901234567890\', \'/mpn\': \'[123456789012345678901234567890123456789"
157,{'Output': 'mismatch'},"6GB Vengeance LPX DDR4 2400MHz RAM/Memory Kit 4x 4GB\', \'subcategory\': \'Memory\', \'sku\': \'4GB LN69019\', \'type\': \'Memory Kit\'}', 'Entity_2': '{\'title\': \'Corsair 16GB Vengeance LPX"
158,{'Output': 'mismatch'},"{""Output"": ""mismatch""}"
159,{'Output': 'mismatch'},"""Western Digital 1TB WD1003FZEX Black Hard Drive - HDD"" HDD LN53872 | SCAN UK\', \'description\': \'  ""Western Digital 1TB WD1003FZEX Black Hard Drive - HDD""@en HDD LN53872 | SCAN UK\', \'description\': \'"
160,{'Output': 'match'},"': \'2.5-inch Serial Attached SCSI (SAS) SFF3G Dual Port Hot-Plug 15K Hard Disk Drive\', \'description\': \'  ""430169-002 HP 72-GB 3G 15K 2.5 DP SAS HDD"" ""Null""   ""Description:72GB 2.5-"
161,{'Output': 'mismatch'},"5W\', \'Fan Size\': \'120mm\', \'Fan Speed\': \'1500RPM\', \'Fan Type\': \'120mm\', \'description\': \'  ""CO9050012WW Corsair 75W 120mm Fan"" ""CO9050012WW Cors"
162,{'Output': 'mismatch'},"B21 HP 512MB DDR Unbuffered ECC SDRAM DIMM 677MHz"" ""Null""   ""Description:Genuine HP 512MB DDR Unbuffered ECC SDRAM DIMM 677MHz\', \'title\': \'432803-B21 HP 512MB DDR Unbuffered ECC"
163,{'Output': 'mismatch'},") Registered DIMM Memory KitPart Number(s) Option Part# 408850-B21 (2 x 512MB)\', \'brand\': \'HP\', \'sku\': \'408850b21\', \'type\': \'PC2-5300 DDR2 (2x512MB) Registered DIMM"
164,{'Output': 'mismatch'},"{""Output"": ""mismatch""}"
165,{'Output': 'mismatch'},"2-TB 7.2K 3.5 6G SP SATA\', \'subcategory\': \'SATA 5 Pack Wholesale ST2000NM0011 Price ST2000NM0011\', \'sku\': \'st2000nm0011sc\', \'type\': \'Seagate 2TB"
166,{'Output': 'mismatch'},"', \'Spindle Speed\': \'10000RPM\', \'description\': \'  ""XTA-3510-73GB-10K Sun 73GB FC-AL 3.5 inch x 1 inch Plug-in Module\', \'title\': \'XTA-3510-73GB-10K Sun 73GB FC"
167,{'Output': 'mismatch'},"\'subcategory\': \'Price\', \'brand\': \'HP\', \'sku\': \'454141-002-2Pack\', \'type\': \'SATA\', \'description\': \'  ""454141-002 HP 500-GB 7.2K 3.5 SATA"" ""Null"""
168,{'Output': 'mismatch'},"'Description:ST1000DM003 1TB 7200RPM 15K 3.5-inch SAS Hard Drive\', \'Generation\': \'15K\', \'Part Number\': \'ST1000DM003\', \'Products ID\': \'142988\', \'Type\': \'Hard Drive"
169,{'Output': 'match'},"'Pakketpost NL boven €50\': \'€ 4,95\', \'Verzendkosten\': \'€ 0,-\', \'description\': \'  ""Intel Core i7-7700K 4.2GHz Quad-Core Boxed Processor"" ""Null""   ""Description:Intel Core i7-7700K 4."
170,{'Output': 'mismatch'},"{""Output"": ""match""}"
171,{'Output': 'mismatch'},"020000000000000000]\', \'/mpn\': \'[192020000000000000000]\', \'brand\': \'Cisco\', \'category\': \'Cisco 1920 Series\', \'Model\': \'Cisco 1920 Series"
172,{'Output': 'mismatch'},"{""Output"": ""mismatch""}"
173,{'Output': 'mismatch'},"\'249674-001 HP 256MB200MHz DDR PC1600 EC\', \'category\': \'Null\', \'subcategory\': \'New 249674-001 EC Wholesale Price 249674-001\', \'brand\': \'HP\', \'sku\"
174,{'Output': 'mismatch'},"': \'  ""Corsair Vengeance LPX Black 32GB (2x16GB) DDR4 PC4-17000 2133MHz Dual Channel Kit""@en 16GB LN69135 - CMK32GX4M2A2133C13\', \'description\': \'  ""Corsair 32"
175,{'Output': 'mismatch'},"Speed\': \'1333MHz\', \'description\': \'  ""495906-B21 HP G8 G9 Quad-Core Intel Xeon Processor L3 1333MHz 2.8GHz"" ""Null""   ""Description:HP Quad-Core Intel Xeon Processor L3 1333MHz 2.8GHz"
176,{'Output': 'mismatch'},"\'Sub-Category\': \'15K\', \'Generation\': \'SAS\', \'Part Number\': \'HP 430165-003\', \'Product ID\': \'459457_HP_HardDrives\', \'Type\': \'Hard Drive - Hot-Swap - Gen8\', \'Capacity\': \'"
177,{'Output': 'mismatch'},"{""Output"": ""mismatch""}"
178,{'Output': 'mismatch'},"'Pre-Failure Warranty\': \'Yes\', \'description\': \'  ""Null"" ""BD1465822C HP 146.8-GB 10K FC-AL HDD""   ""Description:StorageWorks 146.8GB 10K Fibre Channel 40 pin 2GB/s HotSwap FCAL Hard DriveGenuine"
179,{'Output': 'mismatch'},"'/mpn\': \'[735858301619]\', \'brand\': \'Intel\', \'category\': \'Processor\', \'Processor Number\': \'Intel Core i7-7700K\', \'Architecture\': \'22nm technology\', \'Clock Speed\': \'4.2GHz\', \"
180,{'Output': 'mismatch'},"12 Controller - storage controller (RAID) SATA 1.5Gb/s / SAS PCI-X/133 MHz \', \'description\': \'  "" HP Smart Array P600/512 Controller - storage controller (RAID) SATA 1.5Gb/s / SAS PCI-X/133 MHz \', \'sku\': \'\', \"
181,{'Output': 'mismatch'},"\'cmk32gx4m4a2400c14\', \'type\': \'Memory Module\', \'Manufacturer Part #\': \'CMK32GX4M4A2400C14\', \'Manufacturer\': \'Corsair\', \'Price\': \'€ 159,99\', \'description"
182,{'Output': 'mismatch'},"', \'Spindle Speed\': \'7200RPM\', \'description\': \'  ""ST31000640NS 1TB 7.2K 3.5 SATA 320MB/s 7200RPM"" ""Null"" ""New ST31000640NS 1TB 7.2K 3.5"
183,{'Output': 'mismatch'},"': \'6935364050344\', \'SKU\': \'tlwn951n\', \'description\': \'  ""tlwn951n TP-Link TL-WN951N 2.4GHz Wireless N Nano USB Adapter"" ""Null""   ""Description:TP-Link TL-WN951N 2.4"
184,{'Output': 'mismatch'},"Integrated Intel HD Graphics 530\', \'description\': \'  ""Intel Core i5 6400 2.7GHz Quad-Core Processor BX80662I56400""@en  ""Intel Core i5 6400 2.7GHz Quad-Core Processor BX80662I56400"
185,{'Output': 'mismatch'},"(a\', \'brand\': \'HP\', \'sku\': \'dg0300bahzq\', \'type\': \'Description:300GB 2.5-inch Serial Attached SCSI (SAS)SFF 3G Dual Port Hot-Plug 10K Hard DriveIn HPE Drive tray (a\', \'description\': \'"
186,{'Output': 'match'},"{""Output"": ""mismatch""}"
187,{'Output': 'mismatch'},"{""Output"": ""match""}"
188,{'Output': 'mismatch'},".2K 3.5 3G SATA HDD"", ""Null"" Price ST3500630NS"" ""New ST3500630NS HDD Wholesale""  ""Seagate HardDrive - ST3500630NS SATA 2 Pack Wholesale Price ST3500630NS-2Pack\', \'title\': \'ST3"
189,{'Output': 'mismatch'},"10K 3.5 DP SAS 2 Pack\', \'subcategory\': \'Price\', \'sku\': \'4568960015pack\', \'type\': \'2 x 400GB Serial Attached SCSI (SAS) 10K 3.5-inch Dual Port Hot-Plug Hard DriveIn HPE Drive tray"
190,{'Output': 'mismatch'},"{""Output"": ""mismatch""}"
191,{'Output': 'mismatch'},"': \'10Mbps\', \'description\': \'  \""Null\"" \""388504-B21 HP 35/70GB SCSI Internal Tape Drive\"" Price 388504-B21\"" ""New 388504-B21 HP 35/70GB SCSI Internal Tape Drive\""', \'title\': \'"
192,{'Output': 'mismatch'},"', \'description\': \'  ""CA-PH530-B1 Black CA-PH530-R1 Red CA-PH530-W1 White CA-PH530-B1 Black CA-PH530-R1 Red CA-PH530-W1 White""@en CA-PH530-B1 Black""@en  ""CA-PH530-B"
193,{'Output': 'mismatch'},"\': \'1U\', \'description\': \'  \""221275-B21 HP DL740R 1U Server 1 x 10/100/1000BASE-T Ethernet, 1 x Console Port, 1 x VGA, 1 x Serial, 1 x USB 2.0, 1 x Power Entry, 1 x Power Entry"
194,{'Output': 'mismatch'},"liant Server\', \'Sub-Category\': \'BL20\', \'Generation\': \'G2\', \'Part Number\': \'323146-B21\', \'Products ID\': \'15416\', \'Form Factor\': \'Blade\', \'Processor\': \'Xeon 3.2 GHz\"
195,{'Output': 'mismatch'},"\'Products ID\': \'15421\', \'Type\': \'Hard Drive Hot-Swap\', \'Form Factor\': \'3.5 inch x 1 inch Plug-in Module\', \'Capacity\': \'400GB\', \'Interface Type\': \'SAS NHP\', \'Data Transfer Rate\': \'10000"
196,{'Output': 'mismatch'},"0,-\', \'description\': \'  ""Corsair Carbide SPEC-02 Red LED Mid Tower Case"" "" Corsair Carbide SPEC-02 Red LED Mid Tower Case CDWG.com \', \'title\': \'Corsair Carbide SPEC-02 Red LED Mid Tower Case\', \'subcategory\': \'Description:Corsair Carbide SPE"
197,{'Output': 'mismatch'},"12345]\', \'/mpn\': \'[12345]\', \'category\': \'\', \'Categorie\': \'Geheugen intern\', \'Merk\': \'Corsair\', \'Product\': \'Corsair Vengeance LPX 16GB (2x8GB) DDR4 2400MHz"
198,{'Output': 'match'},"Description\': \'  ""HP, 340769-001, TAPE DRIVE 20GB SCSI""@en 340769-001 ""HP  ""HP, 340769-001, TAPE DRIVE 20GB SCSI\', \'title\': \'HP, 340769-00"
199,{'Output': 'mismatch'},"03656ABA\', \'type\': \'Hard Drive - Hot-Swap\', \'description2\': \'  ""HP 36.4GB 10K FC-AL HDD""   ""Description:36.4GB 3.5 inch x 1 inch Plug-in Module FC-AL HDD""@en  ""Description:36.4GB 3.5"
200,{'Output': 'mismatch'},"1': '{\'/mpn\': \'[192106b21]\', \'/gtin13\': \'[5215511122623]\', \'category\': \'\', \'Category\': \'Proliant\', \'Sub-Category\': \'TapeDrive\', \'Generation\': \'110"
201,{'Output': 'match'},"{""Output"": ""match""}"
202,{'Output': 'mismatch'},"7500\', \'brand\': \'Intel\', \'sku\': \'bx80677i57500\', \'type\': \'Processor\'}', 'Entity_2': '{\'title\': \'7th Generation Intel® Core™ i5 7500 3.4GHz Socket LGA1151 (Kaby Lake)"
203,{'Output': 'match'},"Socket 2011) 8-Core Processor - Retail ""@en Socket 2011 | BX80633I74820K \', \'title\': \'Intel i7-4820K 3.70GHz (Socket 2011) 8-Core Processor - Retail\', \'subcategory\': \'\', \'"
204,{'Output': 'mismatch'},"Supports 75 x 75 and 100 x 100 mm\', \'Support OS\': \'WIN7 64bit * Please download the \""Windows USB Inst\', \'Environment\': \'System Environment Operating Temperature: 0°C to +\', \'description\': \'  \""Gigabyte GB-BACE-3150 PC/estaci\"
205,{'Output': 'mismatch'},"Memory Cards CDW.com""@en ""▷ Kingston … | CDW.com\', \'description\': \'  ""Kingston Ultimate - flash memory card 64 GB SDXC"" "" Kingston SDXC SDA10/64GB Flash Memory Cards CDW.com""@en ""▷ Kingston … | CDW.com\', \'description\': \'"
206,{'Output': 'mismatch'},"actor\': \'2.5 inches x 1/3H (Internal)\', \'Interface\': \'Serial ATA\', \'Data Transfer Rate\': \'600MB/s\', \'Spindle Speed\': \'7200RPM\', \'Average Seek Time\': \'4.16ms\', \'Hot Swap Tray\': \'In"
207,{'Output': 'match'},"', \'description\': \'  \""ST1000DM003 Seagate 1TB 7200RPM 3.5 6G SATA\"", \""Null\"" ""New ST1000DM003 SATA Wholesale Price ST1000DM003"" Wholesale Price ST1000DM003"" Wholesale Price ST1000"
208,{'Output': 'mismatch'},"{""Output"": ""mismatch""}"
209,{'Output': 'mismatch'},"inch Serial Attached SCSI (SAS) 10K Hot-Plug Hard DriveIn HPE Drive tray (as pictured)For G1-G7 Proliant SAS Ser\', \'title\': \'DG0300BAHZQ HP 300-GB 3G 10K 2.5 DP SAS HDD\', \'subcategory\': \'Description"
210,{'Output': 'mismatch'},"01]\', \'brand\': \'HP\', \'category\': \'Null\', \'Category\': \'Proliant HardDrive\', \'Sub-Category\': \'15K\', \'Generation\': \'SAS\', \'Part Number\': \'512743-001\', \'Products ID\': \'455"
211,{'Output': 'mismatch'},"\': \'10000 RPM\', \'description\': \'  \""430165-003 HP 146GB SAS 10K\"" \""Null\""   \""Description:5 x Proliant 146GB SAS 10K Hard Drive\', \'title\': \'430165-003 HP 146GB S"
212,{'Output': 'mismatch'},"21\', \'Productprijs\': \'€159,99\', \'Pakketpost Nederland\': \'€12,04\', \'iDeal\': \'€0,-', \'Totaal\': \'€159,99\', \'Pakketpost NL DPD\': \'€4,95\', \'P"
213,{'Output': 'mismatch'},"Product Type\': \'Hard Drive\', \'description\': \'  \""DG0300FARVV HP 146GB 10K 3.5 SAS HDD\"" ""Null""   ""Description:HP 146GB 10K 3.5 SAS HDD"" ""DG0300FARVV HP 146GB 10K"
214,{'Output': 'mismatch'},"category\': \'Networking Products\', \'subcategory\': \'Network Adapters\', \'brand\': \'Intel\', \'sku\': \'EXPI9301CT\', \'type\': \'Description:Intel Gigabit PRO/1000 CT Desktop Adapter PCI-express\', \'description\': \'  ""Intel Gig"
215,{'Output': 'mismatch'},"38\', \'description\': \'  ""Corsair Vengeance LPX 16GB (2 x 8GB) DDR4 DRAM 3200MHz CL16 - CS16G4M2B3200C16\"", ""csrl3232b"" ""Corsair Vengeance LPX 32GB (2 x 16GB) D"
216,{'Output': 'mismatch'},"\'300MB/s\', \'Spindle Speed\': \'7200RPM\', \'Average Seek Time\': \'8.5ms\', \'Hot Swap Tray\': \'Not Included\', \'Manufacturer\': \'Seagate\', \'Pre-Failure Warranty\': \'Yes\', \'Cache\':"
217,{'Output': 'mismatch'},"001 HP 450-GB 10K FC-AL"" ""Null"" Price 518736-001-10Pack"" ""New 518736-001 10 Pack Wholesale Price 518736-001-10Pack"" ""New 518736-001 10 Pack Wholesale Price"
218,{'Output': 'mismatch'},"GB SATA 6Gb/s\', \'sku\': \'sv300s37a120g\', \'type\': \'Solid State Drive (SSD)\'}', 'Entity_2': '{\'title\': \'Kingston SSDNow V300 120GB SATA 6Gb/s Solid State Drive\', \'category\':"
219,{'Output': 'mismatch'},"price\': \'€ 119,99\', \'description\': \'  ""431786-B21-5Pack HP 120-GB 5.4K 2.5 SATA 150MB/s""@en New 431786-B21-5Pack HDD Wholesale Price 431786-B2"
220,{'Output': 'mismatch'},"Sub-Category\': \'10K\', \'Generation\': \'Fibre Channel\', \'Part Number\': \'dh0072b-alwl10Pack\', \'Products ID\': \'457312\', \'Type\': \'Hard Drive Hot-Swap\', \'Form Factor\': \'3.5 inch x 1 inch"
221,{'Output': 'match'},"{""Output"": ""match""}"
222,{'Output': 'mismatch'},"af € 20,-)\': \'€ 0,-\', \'description\': \'  \""Asus - Prime B250M-Plus\"" Moederbord Prime B250M-Plus\', \'title\': \'Asus - Prime B250M-Plus\', \'subcategory\': \'Moederborden\', \'brand\': \'Asus\',"
223,{'Output': 'mismatch'},"ale Price 628061-S21-5Pack""  ""\', \'title\': \'628061-S21 HP G8 G9 3-TB 6G 7.2K 3.5 SATA SC\', \'sku\': \'628061s215pack\', \'type\': \'Hard Drive\'}',"
224,{'Output': 'mismatch'},"4MB\', \'description\': \'  \""WD 64MB 16x DVD+/-R WD5000AZLX\"" ""Null""   ""Description: WD 64MB 16x DVD+/-R WD5000AZLX"" ""Null""   ""Description: WD 64MB 16x DVD+/-R WD5"
225,{'Output': 'mismatch'},"\'subcategory\': \'Zotac GeForce GTX 1060 6GB AMP! Edition Video Card\', \'brand\': \'Zotac\', \'sku\': \'ztp10600b10m\', \'type\': \'Computers & Accessories\', \'description\': \'  ""Zotac - GeForce GTX"
226,{'Output': 'mismatch'},"6-18-18-39-', \'brand\': \'Corsair\', \'sku\': \'cmk16gx4m2a2400c16\', \'type\': \'DDR4-2400Mhz\', \'description\': \'  \""Memoria RAM Dual Kit, 2x8GB PC4-1"
227,{'Output': 'mismatch'},"': \'\', \'brand\': \'Corsair\', \'sku\': \'CMU64GX4M4C3000C15R\', \'type\': \'DDR4, 3000MHz, CL15, 1.35v, XMP 2.0, Lifetime Warranty\'}', 'Output': 'mism"
228,{'Output': 'mismatch'},"\', \'sku\': \'st2000nm0011\', \'type\': \'Hard Drive\'}', 'Entity_2': '{\'title\': \'ST2000NM0011 Seagate 2-TB 7.2K 3.5 6G SP SATA\', \'category\': \'New\', \'subcategory\"
229,{'Output': 'mismatch'},"category\': \'Memory\', \'brand\': \'HPE\', \'sku\': \'408854b21\', \'type\': \'Memory\', \'description\': \'  ""HPE - DDR2 8 GB : 2 x 4 DIMM 240-pin"" Memory (408854-B21) P"
230,{'Output': 'mismatch'},"': \'3.60GHz\', \'description\': \'  ""YD180XBCAEWOF AMD Phenom II X4 955 Processor""@en Processor (YD180XBCAEWOF) PCPartPicker Deutsch\', \'title\': \'YD180XBCAEWOF AMD Phenom II X4 955 Process"
231,{'Output': 'mismatch'},".A.L.""@en-US "" Seagate HDD 1TB USB SLIM 3.0""@en-US "" 1TB External Hard Drive""@en-US "" Seagate Expansion 1TB External Hard Drive""@en-US "" Seagate Expansion 1TB External Hard Drive""@en-US "" Seagate Expansion 1TB External Hard"
232,{'Output': 'mismatch'},"{""Output"": ""match""}"
233,{'Output': 'mismatch'},"'Pakketpost tot 2 kg\': \'€ 3,95\', \'Pakketpost (vanaf € 15,-)\': \'€ 1,95\', \'Pakketpost tot 5 kg\': \'€ 5,95\', \'Pakketpost (vanaf € 25,-)\': \'€ 2,95\', \"
234,{'Output': 'mismatch'},"WJB HP 146-GB 6G 15K 2.5 DP SAS HDD\', \'subcategory\': \'Description:146GB 2.5-inch Serial Attached SCSI (SAS)SFF 6G Dual Port Hot-Plug 15K Hard DriveIn HPE Drive tray (as pictured)For G1-G7 Proliant\"
235,{'Output': 'mismatch'},"HP DG0300FARVV 300GB 6G 10K 2.5 DP SAS HDD\', \'description\': \'  ""DG0300FARVV HP 300-GB 6G 10K 2.5 DP SAS HDD"" ""New DG0300FARVV SAS 5 Pack"
236,{'Output': 'match'},",-\', \'description\': \'  \""Kingston HyperX Fury black HX421C14FB2K2/16\""@NL Tweakers\""@NL', \'title\': \'Kingston HyperX Fury black HX421C14FB2K2/16\""@NL Tweakers\""@NL', \'subcategory\': \'\', \'"
237,{'Output': 'mismatch'},"id State Drive\', \'description\': \'  ""120Gb Samsung 840 Series S-ATA Solid State Drive""@en ""New 120Gb Samsung 840 Series S-ATA Solid State Drive""@en ""120Gb Samsung 840 Series S-ATA Solid State Drive""@en ""120Gb Samsung 840 Series S-ATA"
238,{'Output': 'mismatch'},"GB 10K 3.5-inch Plug-in Module Hard Drive"" ""BD03655B28 Part# -BD03655B28""  ""Description:36.4GB StorageWorks 10K 3.5-inch Plug-in Module Hard DriveIn HPE Hot-Plug Hard Drive\', \'title\': \'BD03655B"
239,{'Output': 'mismatch'},"\'type\': \'Hard Drive\', \'description_full\': \'  ""ST2000NM0011 Seagate 2-TB 7.2K 3.5 6G SP SATA""@en ""Seagate HardDrive | OcUK""@en \'}', 'Entity_2': '{\'title\': \'Seagate 2TB"
240,{'Output': 'match'},"{""Output"": ""match""}"
241,{'Output': 'mismatch'},"\', \'type\': \'Description:2TB Capacity, 3.5 inch, SATA-III HDD (WD20PURZ)\', \'description\': \'  ""WD Purple Surveillance 2TB 64 MB Cache 3.5"" SATA-III HDD (WD20PURZ)"" "" 2TB Capacity, 3.5 inch, S"
242,{'Output': 'mismatch'},"x8GB)\', \'Memory Model\': \'Vengeance LPX Black\', \'Max. Memory Channels Provided by Kit\': \'Quad (4)\', \'Memory Type\': \'DDR4\', \'Memory Type (ECC)\': \'Non-ECC\', \'Memory Type (R/U)\': \'UDIMM (Unbuffered)\', \'Memory"
243,{'Output': 'mismatch'},"'15K\', \'Generation\': \'Ultra320\', \'Part Number\': \'F137-2Pack\', \'Products ID\': \'458821\', \'Capacity\': \'73GB\', \'Interface\': \'Ultra320 SCSI\', \'Enclosure\': \'Internal\', \"
244,{'Output': 'mismatch'},"{""Output"": ""match""}"
245,{'Output': 'mismatch'},"1005\', \'type\': \'Hard Drive\', \'Categorie\': \'Storageworks HDD\', \'brand\': \'New\', \'sku\': \'359461005\', \'type\': \'Hard Drive\', \'description\': \'  ""359461-005 HP 72."
246,{'Output': 'match'},"Swap\': \'No\', \'description\': \'  ""Seagate ST3500630NS 500GB 3.5 inches x 1/3H (LFF) SATA 7200RPM 8.5ms Hot-Plug Hard Drive"" "" Seagate 500GB 3.5 inches x 1/3H (LFF) S"
247,{'Output': 'mismatch'},"'subcategory\': \'TP-LINK rack-mountable Unmanaged Switches & Hubs\', \'sku\': \'TL-SG1024D\', \'type\': \'TP-LINK TL-SG1024D 24-Port Gigabit Desktop Switch\', \'brand\': \'TP-Link\', \'description_short\': \'TP-"
248,{'Output': 'match'},"3-2Pack\', \'sku\': \'hp4301650032\', \'type\': \'Hard Drive\'}', 'Entity_2': '{\'title\': \'430165-003 HP 146-GB 3G 10K 2.5 DP SAS\', \'category\': \'Null\',"
249,{'Output': 'mismatch'},"4-001 DL580 G5 8GB Quad-Core Intel Xeon 2.4GHz 1P 8GB Memory FB-DIMM 240-pin DDR2 SDRAM 128GB Maximum System Memory 1066MHz Bus Speed 4 PCI Express x8 Slots Ethernet, Fast Ethernet,Gigabit Ethernet RA"
250,{'Output': 'mismatch'},"bit\', \'Description\': \'  \""GeForce® GTX 1060 6GB GDDR5 PCI Express 3.0 Graphics Card - Gigabyte\"", ""Null"" Price 11999999999999999999999999999999999999999999999"
251,{'Output': 'mismatch'},"\'Brand\': \'Kingston\', \'Color\': \'Silver\', \'Description\': \'  ""Kingston ValueRAM 8GB (2 x 4GB) 240-Pin DDR2 SDRAM DDR2 800MHz (PC2 6400) Non-ECC Unbuffered Memory Module KVR21SE15D8/"
252,{'Output': 'mismatch'},"', \'Type\': \'Memory Module\', \'Form Factor\': \'DIMM\', \'Capacity\': \'2GB\', \'Interface Type\': \'DDR3\', \'Manufacturer\': \'HP/Compaq\', \'Pre-Failure Warranty\': \'Yes\', \'description\': \'  \""310590"
253,{'Output': 'mismatch'},"{""Output"": ""mismatch""}"
254,{'Output': 'mismatch'},"{""Output"": ""mismatch""}"
255,{'Output': 'mismatch'},"00 ECC SDRAM\', \'description\': \'  ""249674-001 HP 256MB200MHz DDR PC1600 EC"" ""Null""   ""Description: Proliant Memory 249674-001 HP 256MB200MHz DDR PC1600 EC\', \'price\':"
256,{'Output': 'mismatch'},"\'description\': \'  ""Intel Core i7-6700 4-Core 3.4GHz LGA1151 115W Processor BX80662I76700\"", ""Null"" ""Intel Core i7-6700 4-Core 3.4GHz LGA1151 115W Processor"" Wh"
257,{'Output': 'mismatch'},"Hz Boost, 8GB GDDR5 HBM2, 4096 CUDA Cores, 2304 Shaders, 1440 MHz Memory Clock, 768-bit Memory Interface, HDMI, DP, DVI, DisplayPort, 3 Fan Headers, 1 PCIe Power Connector, 1 x HDMI, 1 x DisplayPort, 1 x"
258,{'Output': 'mismatch'},"49237-B21 80GB 3.5 SATA HDD""@en Hard Drive - Hot-Swap - 80GB 3.5 SATA HDD\', \'title\': \'349237-B21 HP 80-GB 1.5G 7.2K 3.5 SATA HDD\', \'sku\': \"
259,{'Output': 'mismatch'},"\'subcategory\': \'\', \'sku\': \'462711b21\', \'type\': \'Description:Intel Xeon X5450 ML370 G5 CPQ(3.00GHz/\', \'description\': \'  ""462711-B21 HP X5450 3.0GHz ML"
260,{'Output': 'mismatch'},"2GB GDDR5 VRAM, 128-bit interface, 768 CUDA cores, 1290 MHz core clock, 1701 MHz boost clock, 7010 MHz memory clock, HDMI, DVI, DP, PCI Express 3.0 x16 interface, 1920 x 1080 resolution, 3D Vision Surround"
261,{'Output': 'mismatch'},"'subcategory\': \'Description:rack-mountable - 4U - 4-way - 4 x Xeon E7440 2.4 GHz - RAM 8 GB SAS Hot-Swap 2\', \'brand\': \'HP\', \'sku\': \'487364001\', \'type\': \'Description:rack"
262,{'Output': 'mismatch'},"{""Output"": ""mismatch""}"
263,{'Output': 'mismatch'},"att Redundant Hot-Plug Power Supply\', \'sku\': \'390394001\', \'type\': \'Power Supply\', \'description\': \'  ""390394-001 HP Proliant ML350 G4p PS"" ""Null""   ""Description:HP Proliant 725 Watt Redundant"
264,{'Output': 'mismatch'},"ant HardDrive\', \'Sub-Category\': \'10K\', \'Generation\': \'SAS\', \'Part Number\': \'628061-S21\', \'Product ID\': \'457402\', \'Type\': \'Hard Drive - Hot-Swap\', \'Capacity\': \'300GB\',"
265,{'Output': 'match'},"apeDrive\', \'Generation\': \'110/220GB\', \'Part Number\': \'242469-001\', \'Products ID\': \'12981\', \'Tape Type\': \'Super DLT\', \'Native Capacity\': \'110GB\', \'Interface Type\': \'SC"
266,{'Output': 'mismatch'},"2 HP 500-GB 7.2K 3.5 SATA""@en ""New 454141-002 SATA 10 Pack Wholesale Price 454141-002-10Pack""@en ""454141-002 HP 500-GB 7.2K 3.5 SATA""@en """
267,{'Output': 'mismatch'},"{""Output"": ""match""}"
268,{'Output': 'mismatch'},"\': \'Vengeance LPX Black\', \'Max. Memory Channels Provided by Kit\': \'Quad (4)\', \'Memory Type\': \'DDR4\', \'Memory Type (ECC)\': \'Non-ECC\', \'Memory Type (R/U)\': \'UDIMM (Unbuffered)\', \'Memory Speed\': \'PC4-3"
269,{'Output': 'mismatch'},"\'description\': \'  ""Corsair Vengeance LED 32GB (2x16GB) DDR4 PC4-24000 3000MHz Dual Channel Kit ""@en 2x16GB | CMU32GX4M2C3000C15R\', \'description\': \'  ""Corsair Vengeance LED 3"
270,{'Output': 'mismatch'},"\': \'SATA\', \'Manufacturer\': \'HP\', \'description\': \'  \""454141-002-2Pack HP 500GB 7.2K SATA NHP Internal Hard Drive\"" ""Null""   ""Description:HP 500GB 7.2K SATA NHP Internal Hard DriveFor the ML350 G4pPart"
271,{'Output': 'match'},"01619\', \'Description:\': \'Intel Core i7-6700K 4.0GHz Quad-Core Processor\', \'description\': \'  ""Intel Core i7-6700K 4.0GHz Quad-Core Processor"" Processor (BX80662I76700K) PCPartPicker Deutsch\"
272,{'Output': 'mismatch'},"DIMM Kit (HX318C9SRK2/16)\', \'sku\': \'hx318c9srk216\', \'type\': \'Memory Kit\', \'brand\': \'Kingston\', \'numberOfModules\': \'2\', \'numberOfMemoryChipsPerModule\': \'8\', \'totalMemory"
273,{'Output': 'mismatch'},"2\', \'Capacity\': \'120GB\', \'Interface\': \'Serial ATA\', \'Enclosure\': \'Internal\', \'price\': \'""USD"", ""$129.95""\', \'description\': \'  ""756601-B21 HP 120GB 2.5 SATA SSD""@en ""Null"
274,{'Output': 'mismatch'},"line Hard Drive\', \'description2\': \'  ""HP 658102-001 SC Part# -658102-001""  ""Description:\', \'sku2\': \'658102001\', \'type2\': \'2TB 3.5-inch (LFF) Serial ATA (SATA)"
275,{'Output': 'mismatch'},"Type\': \'Hard Drive - Hot-Swap - Gen8\', \'Capacity\': \'359GB\', \'Interface Type\': \'Fibre Channel\', \'description\': \'  ""359461-007 HP 359GB 10K 2.5-inch Fibre Channel Hot-Plug"", ""Null"" ""Description:2 x"
276,{'Output': 'mismatch'},"01R MSI Z170I Gaming Pro AC\', \'title\': \'MSI Z170I Gaming Pro AC Skylake WiFi Mini ITX Motherboard\', \'sku\': \'7980-001R, z170igamingproac\', \'type\': \'Description:MSI Z170I Gaming Pro AC Skyl"
277,{'Output': 'mismatch'},"{""Output"": ""mismatch""}"
278,{'Output': 'mismatch'},"Microsystems\', \'Pre-Failure Warranty\': \'Yes\', \'price\': \'""USD"", ""$129.99 USD""\', \'description\': \'  ""XTA-3510-73GB-10K Sun 73 GB 10K Fibre Channel HDD"" ""XTA-3510-73GB-1"
279,{'Output': 'mismatch'},"3 MHz\', \'description\': \'  \""500668-B21 HPE 1GB DDR3 1333MHz ECC SDRAM Memory Module\"" ""New 500668-B21 Module Wholesale Price 500668-B21""\', \'title\': \'500668-B21 H"
280,{'Output': 'mismatch'},"2743-001 HDD Wholesale Price 512743-001""  ""Description:HP 72-GB 2.5-inch SFF 6G 15K Hot-Plug 15K Hard Drive\', \'sku\': \'512743001\', \'type\': \'Hard Drive\', \'price"
281,{'Output': 'mismatch'},"', \'Processors Qty\': \'1\', \'description\': \'  ""345628-B21 Proliant BL40 2M 1GB 1U Blade Server"" ""Null"" Price 345628-B21"" ""New 345628-B21 Wholesale 345628-B21"""
282,{'Output': 'mismatch'},"TB 6G 7.2K 3.5 SATA SC\', \'category\': \'Null\', \'subcategory\': \'Price\', \'brand\': \'ST2000NM0011\', \'sku\': \'st2000nm0011\', \'type\': \'Description:Seagate 2TB"
283,{'Output': 'mismatch'},"1\'], \'type\': \'15K 3.5-inch Single Port Hot-Plug Hard Drive\', \'description\': \'  ""432094-B21 HP 146-GB 15K 3.5 SP SAS HDD"" ""Null"" Price 432094-B21"" ""New 432094-B"
284,{'Output': 'match'},"{""Output"": ""match""}"
285,{'Output': 'mismatch'},"{""Output"": ""mismatch""}"
286,{'Output': 'mismatch'},"\', \'Pakketpost vanaf € 99,-\': \'€ 3,95\', \'Pakketpost vanaf\': \'€ 0,-\', \'Pakketpost (boven €20,-)\': \'€ 0,-\', \'Pakketpost Nederland (vanaf € 50,-)\': \'€ 0,-\', \'i"
287,{'Output': 'mismatch'},"H0072BALWL-10Pack\', \'Products ID\': \'455283\', \'Capacity\': \'146GB\', \'Interface\': \'Serial Attached SCSI (SAS)\', \'Enclosure\': \'Internal\', \'Drive Dimensions\': \'3.5 inches x 1/3H (Low Profile)\"
288,{'Output': 'mismatch'},".2K Hot-Plug Midline (MDL) Hard Drive in HPE Drive tray (as pictured)For G8 G9(Gen8 Gen9) SmartDrive Carrier (SC)\'}', 'Entity_2': '{\'title\': \'ST2000NM0011 HP G8 G9 2-TB 6G 7.2K 3.5 SATA SC\',"
289,{'Output': 'mismatch'},"arranty\': \'3 Years\', \'description\': \'  \""4XB0K48502 HP 512GB 2.5-inch SAS 10K Hard Drive\"" ""Null""   ""Description:512GB 2.5-inch SAS 10K Hard DriveIn HPE Drive tray (as pictured)For G1-G7 Proliant S"
290,{'Output': 'match'},"\', \'price\': \'""CAD"", ""$189.99 CAD""\', \'description\': \'  ""ST1000NM0033-10Pack Seagate 1TB 7200RPM 3.5 inches x 1/3H SATA Hard Drive"" Seagate 1TB 7200RPM 3.5 inches x"
291,{'Output': 'mismatch'},"2.5-inch Serial Attached SCSI (SAS)SFF 6G Dual Port Hot-Plug 15K Hard DriveIn HPE Drive tray (as pictured)For G1-G7 Proliant Servers""  ""New EH0146FAWJB SAS 10 Pack Wholesale Price EH0146FAWJB""  ""New EH014"
292,{'Output': 'mismatch'},"'Pakketpost Nederland vanaf € 25,-\': \'€ 0,-\', \'iDeal\': \'€ 0,-\', \'Totaal\': \'€ 623,99\', \'Pakketpost\': \'€ 12,10\', \'Pakketpost tot € 99,-\': \'€ 3,"
293,{'Output': 'match'},"36.4GB 15K\', \'Generation\': \'15K\', \'Part Number\': \'3ra3851-aa-10Pack\', \'Products ID\': \'457311\', \'Type\': \'Hard Drive Hot-Swap\', \'Form Factor\': \'3.5 inch x 1 inch Plug"
294,{'Output': 'match'},"9659145867,  619659145868,  619659145869,  619659145870,  619659145871,  619659145872,  619659145873,"
295,{'Output': 'mismatch'},"\'Memory Type\': \'SDR Synchronous\', \'Memory Technology\': \'DDR2\', \'description\': \'  \""408850-B21 HP 1GB ( 2 x 512MB ) SDR Synchronous DDR2 SDRAM Memory Module\""   \""Description:1GB ( 2 x 512MB ) SDR Synchronous"
296,{'Output': 'mismatch'},"\'subcategory\': \'\', \'brand\': \'Seagate\', \'sku\': \'ST3750330NS\', \'type\': \'Hard Drive\', \'description\': \'  \""Seagate Barracuda ES.2 750GB SATA-II 32MB Cache - OEM (ST3750330NS"
297,{'Output': 'mismatch'},"6 2.13GHz DL170h G6\"" \""Null\""   ""Description:HP Intel Xeon E5506 DL170h G6(2.13GHz/4-core/4MB/80W)Full Processor Option KitPart Number(s)Option Part# 583383-B21\', \'title\': \'5833"
298,{'Output': 'mismatch'},"Socket 1151\', \'Frecuencia de reloj\': \'3.7 GHz\', \'TDP\': \'65W\', \'description\': \'  \""i3-6100 Intel® Core™ i3-6100 Processor 3.7 GHz 65W LGA1151 14 nm 3 MB Cache"
299,{'Output': 'mismatch'},"'RAID 1\', \'description\': \'  ""323146-B21 HP ProLiant BL20p G7 Blade Server 512MB 512KB 1GB Ethernet 2x1Gb 2x10Gb 2x100Mb 2x1000Mb 2x1000Mb"
300,{'Output': 'mismatch'},"{""Output"": ""mismatch""}"
301,{'Output': 'mismatch'},"description\': \'  ""NZXT H440 New Edition CA-H442W-M9""@en ""▷ NZXT (CA-H442W-M9) | OcUK""\', \'title\': \'NZXT H440 New Edition CA-H442W-M9\', \'subcategory\': \'\', \'brand\':"
302,{'Output': 'match'},"508524153, 4053162421752, 7612392248545, 7612392248545, 7612392248545, 7612392248545, 7612392248"
303,{'Output': 'mismatch'},"al\': \'€ 293,99\', \'Verzendkosten\': \'€ 4,95\', \'Verzendkosten iDeal\': \'€ 4,95\', \'description\': \'  ""Intel Core i5-4570 3.4GHz Quad-Core 64-bit Processor Boxed"" """
304,{'Output': 'mismatch'},"3112-B21 HP 1GB (2x512MB) PC2-5300 SDRAM Kit\', \'category\': \'Null\', \'subcategory\': \'Description:Genuine HPE 1GB PC2-5300DDR2 (2x512MB) Memory KitPart Number(s) Option Part# 393112"
305,{'Output': 'mismatch'},".5 inches\', \'Spindle Speed\': \'10000RPM\', \'Data Transfer Rate\': \'10Gb/sec\', \'price\': \'""CAD"", ""$319.99 CAD""\', \'description\': \'  ""HP 508429-001-10Pack HP 400GB 3."
306,{'Output': 'mismatch'},"re Channel Hard Drive Hot-Swap\'}', 'Entity_2': '{\'title\': \'BD1465822C HP 146.8-GB 10K FC-AL\', \'category\': \'Null\', \'subcategory\': \'New BD1465822C FC-AL 2 Pack Wholesale Price BD1465"
307,{'Output': 'mismatch'},"[495942b21]\', \'brand\': \'HP\', \'category\': '', \'Category\': 'Proliant Processor\', \'Sub-Category\': 'Intel Xeon\', \'Generation\': 'G6\', \'Part Number\': '495942-B21\', \'Products ID\': '455"
308,{'Output': 'mismatch'},"\'125mm\', \'Breedte\': \'79mm\', \'Diepte\': \'181mm\', \'description\': \'  ""Seagate Expansion 1TB Portable External Hard Drive STEA1000400""@en Drive ST1000400 - Seagate Expansion Portable 1TB External Hard"
309,{'Output': 'mismatch'},",-\', \'description\': \'  ""Kingston HyperX Fury black 4GB (2 x 2GB) DDR3 1600MHz CL9 Dual Channel Kit (HX426C15FB/4)\""@en ""Kingston HyperX Fury black 4GB (2 x 2GB) DDR3 1600MHz CL9 Dual Channel"
310,{'Output': 'mismatch'},".6\"" Lightning to USB 2.0 Cable"" "" Apple Cable - MD819AM/A Cables CDW.com  ""This 2-meter USB to Lightning cable is compatible with the latest iPhones and iPads."", \'sku\': \'md819ama\', \'type\': \'Cables Interconnects\', \'subcategory\': \'\'}"
311,{'Output': 'match'},"ww\', \'type\': \'Case\'}', 'Entity_2': '{\'title\': \'Corsair Carbide 100R Silent Edition ATX Mid Tower Case (CC-9011077-WW) PCPartPicker\', \'category\': \'\', \'subcategory\': \'\', \'brand\': \'Corsair\', \'sk"
312,{'Output': 'mismatch'},"SMT\': \'Ja\', \'Virtualisatie\': \'Ja\', \'Virtualisatie type\': \'Intel VT-d, Intel VT-x\', \'CPU Multiplier\': \'40\', \'CPU stepping\': \'R0\', \'CPU Instructieset\': \'AES, AVX, AVX2, EM64T,"
313,{'Output': 'mismatch'},"\'category\': \'Memoria RAM Quad Kit\', \'subcategory\': \'4x16GB PC4-21300 DDR4-2666Mhz, 14-16-16-31-2N@1.20V XMP, DDR4 Vengeance LPX\', \'brand\': \'Corsair\', \'"
314,{'Output': 'mismatch'},"': \'Processor\', \'description\': \'  ""AMD Ryzen 5 1400 Quad Core AM4 CPU/Processor with Wraith Stealth 65W cooler"" ""Null""   ""Description:AMD Ryzen 5 1400 Quad Core AM4 CPU/Processor with Wraith Stealth 65W cooler"" ""Scan UK"" '}', 'Output': '"
315,{'Output': 'mismatch'},"'Type\': \'Processor\', \'description\': \'  ""AMD FX-4300 3.20GHz 4-Core Processor - Retail ""@en ""AMD FX-4300 3.20GHz 4-Core Processor - Retail ""@en ""AMD FX-4300 3.20GHz 4-Core Processor"
316,{'Output': 'mismatch'},"512]\', \'/mpn\': \'[4512]\', \'category\': \'StorageWorks\', \'Category\': \'Storageworks HDD\', \'Sub-Category\': \'10K\', \'Generation\': \'Fibre Channel\', \'Part Number\': \'4512\', \'Products ID\': \'"
317,{'Output': 'mismatch'},"'[88661501110]\', \'/mpn\': \'[886615011]\', \'brand\': \'New 886615-001 11 Pack Wholesale \', \'category\': \'886615-001 HP 400-GB 10K 3.5"
318,{'Output': 'mismatch'},"', \'Pakketpost DPD (vanaf € 19,95)\': \'€ 0,-\', \'Pakketpost DPD (vanaf € 29,95)\': \'€ 0,-\', \'Pakketpost DPD (vanaf € 39,95)\': \'€ 0,-\', \'Pakketpost DPD (vanaf"
319,{'Output': 'mismatch'},"', \'Type\\xa0\': \'Processor\', \'Model\': \'AMD A10-6800K\', \'Architecture\': \'Kaveri\', \'Socket\': \'FM2+ AMD\', \'Wattage\': \'95W\', \'description\': \'  \""AMD A10-6800K"
320,{'Output': 'mismatch'},"5\', \'Pakketpost <30\': \'€ 3,95\', \'description\': \'  ""Kingston HyperX Fury black HX421C14FBK4/64 16GB (2 x 8GB) DDR4 2133MHz CL15 SDRAM Memory Module 288-Pin SODIMM 2"
321,{'Output': 'mismatch'},"': \'Hard Drive\', \'subcategory\': \'7.2K\', \'brand\': \'HP\', \'sku\': \'st3500630ns\', \'type\': \'Description:HP 500-GB 1.5G 7.2K 3.5 SATA HDD\', \'description\': \'  ""ST"
322,{'Output': 'mismatch'},"{""Output"": ""mismatch""}"
323,{'Output': 'mismatch'},"GB 10K 3.5 DP NHP SAS"" ""New 508429-001 SAS 10 Pack Wholesale Price 508429-001-10Pack\', \'manufacturer\': \'HP\', \'partnumber\': \'508429-001\', \'productid\': \'"
324,{'Output': 'mismatch'},"{""Title"": "":""}"
325,{'Output': 'mismatch'},"DR3L 1x2.5"" Bay In\', \'subcategory\': \'\', \'sku\': \'gbbace3000\', \'type\': \'Description:Gigabyte Tech Barebones, BRIX Ultra Compact PC Celeron N3000 2.08GHz Max. 8GB DDR3L 1x2.5"
326,{'Output': 'mismatch'},"{""Output"": ""mismatch""}"
327,{'Output': 'mismatch'},"SAS 2 Pack Wholesale Price DG0300FARVV-2Pack""  ""Description:2 x 300GB 2.5-inch Serial Attached SCSI (SAS)SFF 6G Dual Port Hot-Plug \', \'description\': \'  ""DG0300FARVV HP 300-GB 6G 10K"
328,{'Output': 'mismatch'},"SCSI 15K\', \'description\': \'  ""306645-003 HP 72.8-GB U320 SCSI 15K""  ""New 306645-003 15K 2 Pack Wholesale""  ""Description:2 x 72.8GB Ultra320 3.5-inch SCSI"
329,{'Output': 'mismatch'},"Yes\', \'description\': \'  ""432804-B21 HP 1GB 667MHz Unbuffered DDR SDRAM Memory Module"" ""Null""   ""Description: 1GB 667MHz Unbuffered DDR SDRAM Memory Module\', \'title\': \'432804-B21 HP 1GB 667"
330,{'Output': 'mismatch'},"3C/32GB\', \'type\': \'USB Flash Drive\', \'description\': \'  ""Kingston USB 3.1 Type A+C microDuo 3C Flash Drive 32GB""@en-GB 32GB | DTDUO3C/32GB""@en-GB\', \'description\': \'  ""Kingston USB 3.1 Type A"
331,{'Output': 'mismatch'},"w/ Radeon R5 Graphics Dual Core Processor (AD740K)\'}', 'Entity_2': '{\'title\': \'AMD A6-7400K Black Edition 3.50GHz (Socket FM2+) w/ Radeon R5 Graphics Dual Core Processor (AD740K)\', \'category\': \'▷ AMD Ryzen"
332,{'Output': 'match'},"\'417190-002\', \'Products ID\': \'417190\', \'Hot Swap Tray\': \'Included/Attached\', \'Capacity\': \'146GB\', \'Form Factor\': \'3.5 inches x 1 inch (LFF)\', \'Interface\': \'Serial Attached SCSI"
333,{'Output': 'mismatch'},"line (MDL) Hard Drive in Internal Enclosure\', \'sku\': \'782995001\', \'type\': \'Description:HP 6TB 3.5-inch LFF Serial Attached SCSI (SAS)6G 7.2K Hot-Plug Midline (MDL) Hard Drive in Internal Enclosure\', \'description\': \'"
334,{'Output': 'mismatch'},"thernet Adapters\', \'subcategory\': \'\', \'brand\': \'HP\', \'sku\': \'647594b21\', \'type\': \'Ethernet Adapter\', \'description\': \'  ""HP Ethernet 1Gb 4-Port 366FLR Adapter""@en ""6652"
335,{'Output': 'mismatch'},"""ST500DM002 Seagate Desktop HDD 500GB"" ""Null""   ""Description:Seagate Desktop HDD 500GB""  ""\'}', 'Entity_2': '{\'title\': \'ST500DM002 Seagate Desktop HDD 500GB\', \'category\': \'Inside-Pc\', \"
336,{'Output': 'mismatch'},"4 Cores, 8 Threads, 3.4GHz Base Clock, 4.2GHz Turbo Boost, 8MB L3 Cache, 14nm Technology, 65W TDP, Intel HD 530 Graphics, 1431 MHz Max Turbo Frequency, 3.4GHz Base Frequency, 4.2GHz Max Turbo Frequency,"
337,{'Output': 'mismatch'},"508429-001\', \'sku\': \'hp508429001\', \'type\': \'Hard Drive\', \'description\': \'  ""Null"", ""508429-001 HP 400-GB 10K 3.5 DP NHP SAS"" ""New 50842"
338,{'Output': 'mismatch'},"0,-\', \'description\': \'  ""Targus Notebook Backpack 15.4\"" (Zwart/Grijs) - laptop bag 15.4\"" TSB023EU""@en, ""Targus Notebook Backpack 15.4\"" (Zwart/Grijs) - laptop bag 15.4\"" TSB023EU""@en,"
339,{'Output': 'mismatch'},"G SATA HDD\', \'sku\': \'st31000524ns10pack\', \'type\': \'Description:7.2K 1TB 3.5 3G SATA HDD\', \'description_full\': \'  ""ST31000524NS Seagate 1-TB 7.2K 3"
340,{'Output': 'mismatch'},"1 HP 120-GB 5.4K 2.5 SATA 1.5G"" ""431786-B21 HP 120-GB 5.4K 2.5 SATA 1.5G""  ""Description: HPE 120GB 1.5G SATA 5.4K 2.5-inch SFF Hot-Plug Hard"
341,{'Output': 'mismatch'},"'Description:3000GB 3.5-inch SATA SCSI Hot-Plug 7.2K Hard DriveIn HPE Drive tray (as pictured)For G8/G9 Proliant\', \'description_full\': \'  ""628061-S21 HP G8 G9 3-TB 6G 7.2K 3.5 SATA SC"
342,{'Output': 'mismatch'},"RPM\', \'Generation\': \'ST31000524NS\', \'Part Number\': \'ST31000524NS\', \'Products ID\': \'458225\', \'Product Type\': \'Hard Drive\', \'description\': \'  ""ST31000524NS HP 720"
343,{'Output': 'mismatch'},"i76700k\'], \'type\': \'Intel Core i7-6700K Processor\', \'description_full\': \'  ""Intel Core i7-6700K Processor - 4 Cores (8 Threads) - 4.00 GHz - 14 nm - LGA1151 - 8 MB L3 Cache - 9"
344,{'Output': 'mismatch'},"23-B21\', \'brand\': \'HP\', \'sku\': \'500658b21\', \'type\': \'Memory\', \'description\': \'  ""359623-B21 HP BL20p G2 X2.8GHz/1MB 512MB"" ""HP KI - 50"
345,{'Output': 'mismatch'},"AM4 Socket""  ""AMD Ryzen 7 1800X 3.6GHz 4.0GHz Turbo 16MB Total L3 Cache DDR4 95W AM4 Socket\', \'title\': \'AMD Processor, Ryzen 7 8C 1800X 3.6GHz 4.0GHz Turbo 16"
346,{'Output': 'match'},"'Western\', \'Storage Capacity\': \'1 TB\', \'Drive Interface\': \'SATA\', \'Drive Interface Standard\': \'SATA/600\', \'Spindle Speed (rpm)\': \'5400\', \'Buffer\': \'64 MB\', \'Wireless LAN\': \'No\"
347,{'Output': 'mismatch'},"500658-B21\', \'category\': \'Memory\', \'subcategory\': \'4GB 2RX4 PC3-10600R-9 KI HP KI\', \'brand\': \'HP\', \'sku\': \'500658b21\', \'type\': \'4GB 2RX4"
348,{'Output': 'match'},"\'323146-B21 BL20p Xeon 3.06GHz\', \'subcategory\': \'\', \'sku\': \'323146b21\', \'type\': \'Blade Server\'}', 'Entity_2': '{\'title\': \'323146-B21 HP ProLiant BL"
349,{'Output': 'mismatch'},"PCIe 3.0 x16, 1 x PCIe 3.0 x1, 1 x PCIe 2.0 x16, 1 x M.2 SATA, 1 x M.2 NVMe, 1 x Thunderbolt 3, 1 x USB 3.1 Gen 2 Type-C, 1 x USB 3.1 Gen 2 Type-A, 1 x"
350,{'Output': 'mismatch'},"3 HP 146-GB 15K 3.5 SP SAS\', \'sku\': \'431943003\', \'type\': \'15K 3.5-inch SAS Hard Drive\', \'description_en\': \'  ""431943-003 HP 146-GB 15K 3"
351,{'Output': 'mismatch'},"ewlett Packard\', \'sku\': \'431786b21\', \'type\': \'Hard Drive - Hot-Swap\', \'description\': \'  ""431786-B21 HP 120-GB 5.4K 2.5 SATA "" ""HP 431786-B21 Part# -4"
352,{'Output': 'mismatch'},"', \'Generation\': \'P410i/2GB\', \'Part Number\': \'347786-B21\', \'Products ID\': \'461058\', \'Manufacturer\': \'HP\', \'Product Type\': \'Host Bus Adapter\', \'Host Interface\': \'PCI Express 2.0"
353,{'Output': 'mismatch'},"subcategory\': \'\', \'brand\': \'Kingston\', \'sku\': \'kvr16n11s8k28\', \'type\': \'Memory\', \'description\': \'  ""Kingston ValueRAM KVR16N11S8K28 16GB (2 x 8GB) DDR3 1333M"
354,{'Output': 'mismatch'},"\', \'description\': \'  ""388504-B21 HP Tape Drive 35GB/70GB SCSI Internal\"", ""Null"" ""New 388504-B21 Wholesale Price 388504-B21""\', \'title\': \'388504-B21 HP Tape Drive 35GB"
355,{'Output': 'mismatch'},"10K\', \'Generation\': \'Fibre Channel\', \'Part Number\': \'EG0146FARTR\', \'Products ID\': \'458262\', \'Type\': \'Hard Drive Hot-Swap\', \'Form Factor\': \'3.5 inches x 1 inch Plug-in Module\', \'Capacity"
356,{'Output': 'mismatch'},".5-inch Hot-Plug Midline (MDL) Serial ATA (SATA) SSD\', \'brand\': \'HP\', \'sku\': \'572071b21\', \'type\': \'Description: 60GB 2.5-inch Hot-Plug Midline (MDL) Serial ATA (SATA) SSD\', \'"
357,{'Output': 'mismatch'},"Category\': \'Processor\', \'Sub-Category\': \'AMD\', \'Generation\': \'FX\', \'Part Number\': \'FD8350FRHKBOX\', \'Products ID\': \'461341\', \'Product Type\': \'Processor Kit\', \'Processor Type\': \'AMD FX\', \'"
358,{'Output': 'match'},"0Mbps Wireless N 450Mbps\', \'category\': \'\', \'subcategory\': \'\', \'brand\': \'TP-Link\', \'sku\': \'tlwd4800\', \'type\': \'Wireless N 450Mbps\', \'description\': \'  ""TP-LINK TL-WD"
359,{'Output': 'mismatch'},"\', \'Category\': \'Proliant Processor\', \'Sub-Category\': \'Intel Xeon\', \'Generation\': \'G8\', \'Part Number\': \'BD1465822C\', \'Products ID\': \'473151\', \'Product Type\': \'Processor Kit\', \'Processor Type\"
360,{'Output': 'match'},"Internal SSD CT750MX300SSD1""  ""CT750MX300SSD1 Crucial MX300 750GB SATA 2.5\"" Internal SSD""  ""CT750MX300SSD1 Crucial MX300 750GB SATA 2.5\"" Internal SSD""  ""CT750MX30"
361,{'Output': 'mismatch'},"\', \'Sub-Category\': \'Intel SATA SSDSC2BX800G401\', \'brand\': \'Intel\', \'sku\': \'ssdsc2bx800g401\', \'type\': \'Intel SATA SSDSC2BX800G401\', \'description\': \"
362,{'Output': 'mismatch'},"'300GB\', \'description\': \'  \""430165-003 HP 300GB SAS 10K\"" \""New 430165-003 HP 300GB SAS 10K\"" ', \'title\': \'430165-003 HP 300GB SAS 10K\"
363,{'Output': 'match'},"{""Output"": ""match""}"
364,{'Output': 'mismatch'},"', \'description\': \'  ""Asus Prime H270-Pro - Prijzen ""@NL Tweakers""@NL""  ""Asus Prime H270-Pro - Prijzen ""@NL Tweakers""@NL""  ""Asus Prime H270-Pro - Prijzen ""@NL Tweakers""@NL""  ""Asus Prime H270-Pro - Prijzen ""@"
365,{'Output': 'mismatch'},"installed)\': \'256 MB\', \'Video RAM (maximum)\': \'1 GB\', \'Video Card (installed)\': \'NVIDIA Quadro FX 1700\', \'Video Card (maximum)\': \'4 GB\', \'description\': \'  \""359557-B21 HP ProLiant BL20p G"
366,{'Output': 'mismatch'},"€ 3,95\', \'Pakketpost NL PostNL\': \'€ 0,-\', \'Pakketpost NL TNT\': \'€ 3,95\', \'Pakketpost NL UPS\': \'€ 12,95\', \'Pakketpost NL UPS Standard\': \'€ 12,95\', \'P"
367,{'Output': 'match'},"{""Output"": ""match""}"
368,{'Output': 'mismatch'},"'€ 0,00\', \'iDeal\': \'€ 0,00\', \'Totaal\': \'€ 42,23\', \'description\': \'  ""Sandisk Ultra SDHC Class 10 UHS-I 80MB/s 32GB"" "" Sandisk Ultra SDHC Class 10 UHS-I 8"
369,{'Output': 'mismatch'},"3.5 SATA Hard Drive\', \'category\': \'Computers_and_Accessories\', \'Sub-Category\': \'7.2K\', \'brand\': \'""HP Enterprise""\', \'sku\': \'ST3500630NS\', \'type\': \'Hard Drive\', \'description\': \'  ""ST35006"
370,{'Output': 'mismatch'},"03-2Pack"" ""Description: HP 146GB 3G 10K 2.5 SAS 2 Pack Wholesale Price 430165-003-10Pack"" ', \'title\': \'430165-003 HP 146-GB 3G 10K 2.5 SAS\', \'sku\"
371,{'Output': 'mismatch'},",000 rpm\', \'description\': \'  \""HP - 518736-001 5 x 450GB Fibre Channel Hard Drive Hot-Swap\"" StorageWorks (518736-001 5 x 450GB) PCPartPicker\', \'title\': \'HP - 518736-0"
372,{'Output': 'mismatch'},"103656aba\', \'bd03656aba\'], \'type\': \'3.5 inch 10K Fibre Channel Hot-Swap Hard Drive\', \'description_en\': \'  ""BD03656ABA HP 36.4-GB 10K Fibre Channel Hot-Swap Hard Drive\', \'description_fr\"
373,{'Output': 'mismatch'},"9,95)\': \'€ 1,99\', \'description\': \'  ""TP-Link TL-WN781N 2.4GHz Wireless N 150Mbps Mini PCI Adapter - Indoor - 100mW - 2dBi - 5V - 128MB - 100% Compatible with Windows XP, Vista"
374,{'Output': 'mismatch'},"'462709\', \'Type\': \'Hard Drive - Hot-Swap - Gen8\', \'Large Form Factor\': \'3.5 inches\', \'Capacity\': \'1000GB\', \'Interface Type\': \'Fibre Channel\', \'description\': \'  ""518736-001 HP G8 1"
375,{'Output': 'mismatch'},"HC150\', \'subcategory\': \'\', \'brand\': \'Transcend\', \'sku\': \'TS16GSDHC150\', \'type\': \'SDHC Secure Digital Card High Capacity\', \'description\': \'  ""Transcend - flash memory card 16 GB SDHC""@en Transcend SDHC TS"
376,{'Output': 'mismatch'},"{""Output"": ""match""}"
377,{'Output': 'mismatch'},"PE Hot-Plug Hard Drive\', \'sku\': \'dg0146famwl\', \'type\': \'Hard Drive\', \'description\': \'  ""DG0146FAMWL HP 146-GB 6G 10K 2.5 DP SAS HDD"" ""Null""   ""Description:146GB 2."
378,{'Output': 'mismatch'},"{""Output"": ""mismatch""}"
379,{'Output': 'mismatch'},":Hard Drive: 359461-001 HP 72.8-GB 10K FC-AL""   ""Description:Hard Drive: 238921-B21 HP 72.8-GB 10K FC-AL""   ""Description:Hard Drive: 238921-B21 HP 72.8-GB 10K FC"
380,{'Output': 'mismatch'},"21\', \'type\': \'Storage Controller\', \'description\': \'  ""HPE Smart Array P222/512 with FBWC - storage controller (RAID) SATA 6Gb/s"" ""Null"" HPE Smart Array P222/512 with FBWC - storage controller (RAID) SATA 6Gb/s\', \'description\"
381,{'Output': 'mismatch'},"\'SATA III\', \'description\': \'  ""WD10EZEX 1TB SATA III 64MB Cache 3.5-inch Hard Drive"" ""Null""   ""Description:1TB 3.5-inch SATA III 64MB Cache Hard Drive"" ""Null""   ""Description:1TB 3.5-inch SATA III 64MB Cache Hard Drive"
382,{'Output': 'mismatch'},"le Speed\': \'7200RPM\', \'Native Command Queuing\': \'Supported\', \'Bytes/Sector\': \'512\', \'description\': \'  ""HP 2TB 3.5-inch (LFF) Serial ATA (SATA) 6G7.2K Hot-Plug Midline (MDL) Hard Drive""@en """
383,{'Output': 'match'},"'[100001111]\', \'/mpn\': \'[100001111]\', \'brand\': \'Corsair\', \'category\': \'Computers_and_Accessories\', \'Category\': \'Corsair\', \'Sub-Category\': \'Corsair\', \'Generation\': \'D"
384,{'Output': 'mismatch'},"{""Output"": ""match""}"
385,{'Output': 'match'},"', \'category\': \'\', \'subcategory\': \'\', \'brand\': \'HP\', \'sku\': \'508429-001\', \'type\': \'Hard Drive - 10K RPM\', \'description\': \'  ""HP 400-GB 10K 3.5 DP NHP SAS"
386,{'Output': 'mismatch'},"Verzending Nederland\': \'€ 0,-\', \'Verzending tot 1 kg\': \'€ 1,95\', \'Verzending tot 3 kg\': \'€ 2,95\', \'Verzending tot 5 kg\': \'€ 3,95\', \'Verzending tot 10 kg\': \'€ 5,9"
387,{'Output': 'mismatch'},"Serial Attached SCSI (SAS) SFF 6G Dual Port Hot-Plug 10K Hard Drive""  ""New EG0146FARTR SAS 5 Pack Wholesale""  ""New EG0146FARTR SAS 5 Pack Wholesale""  ""New EG0146FARTR SAS 5 Pack Wholesale""  ""New EG"
388,{'Output': 'mismatch'},"8-B21""', 'Entity_2': '{\'title\': \'500668-B21 HP 1GB (1x1GB) PC3-10600 UDIMM\', \'category\': \'Null\', \'subcategory\': \'Price\', \'brand\': \'New 500668-B21\', \"
389,{'Output': 'mismatch'},"21-5Pack""  ""New 653124-B21 SSD 5Pack Wholesale Price 653124-B21-5Pack""  ""New 653124-B21 SSD 5Pack Wholesale Price 653124-B21-5Pack""  ""New 653124-B21"
390,{'Output': 'mismatch'},"{""Output"": ""match""}"
391,{'Output': 'mismatch'},"2\', \'Product Type\': \'Hard Drive\', \'description\': \'  ""430169-002-5Pack HP Proliant 15K SAS Hard Drive"" ""Null""   ""Description:HP Proliant 15K SAS Hard Drive\', \'title\': \'430169-002-5Pack HP Proliant"
392,{'Output': 'mismatch'},"'BL20\', \'Part Number\': \'359623-B21\', \'Products ID\': \'15411\', \'Form Factor\': \'Blade\', \'Processor Type\': \'Xeon 2.8 GHz\', \'Processors Qty\': \'1\', \'Installed Memory\': \'"
393,{'Output': 'match'},"prijs\': \'€ 399,99\', \'Pakketpost DPD\': \'€ 3,95\', \'iDeal\': \'€ 0,-\', \'Totaal\': \'€ 406,94\', \'Pakketpost (tot 10 kg)\': \'€ 0,-\', \'P"
394,{'Output': 'mismatch'},"1\', \'subcategory\': \'\', \'brand\': \'HP\', \'sku\': \'647897b21\', \'type\': \'Memory Module\', \'description2\': \'  ""HP Proliant Low Power kit 647897-B21 - Prijzen ""@NL Tweakers""@NL\', \'"
395,{'Output': 'mismatch'},"', \'Generation\': \'SSD\', \'Part Number\': \'804587-B21\', \'Products ID\': \'456458\', \'Capacity\': \'120GB\', \'Interface\': \'SATA III\', \'Enclosure\': \'Internal\', \'Drive Dimensions\': \'2"
396,{'Output': 'mismatch'},"B21""  ""Description:HP 9.1GB Ultra2 7.2K Drive"" ""HP 9.1GB Ultra2 7.2K Drive"" ""Description:HP 9.1GB Ultra2 7.2K Drive"" ""Description:HP 9.1GB Ultra2 7.2K Drive"" ""Description:HP 9.1GB Ultra2 7.2K"
397,{'Output': 'mismatch'},"9.99\', \'Verkoopprijs\': \'€ 209.99\', \'Verkoopdatum\': \'2017-09-25\', \'Omschrijving\': \'  ""AMD Ryzen 5 1400 3.2GHz 6-Core Boxed Wraith Stealth Cooler""@en"
398,{'Output': 'mismatch'},".0 x8\', \'Controller Interface Type\': \'Serial Attached SCSI (SAS)\', \'Data Transfer Rate\': \'600MB/s\', \'Buffer Size\': \'2GB\', \'RAID Level\': \'0 1 5 6 10 50 60 1+0\', \'Drive Support\': \'6"
399,{'Output': 'mismatch'},"ID\': \'141941_DL320_HardDrives\', \'Type\': \'Hard Drive - Hot-Swap\', \'Capacity\': \'4349237-B21GB\', \'Interface Type\': \'SATA\', \'Spindle Speed\': \'7200RPM\', \'price\': \"
400,{'Output': 'mismatch'},"061-S21-SC HP G8 G9 3-TB 6G 7.2K 3.5 SATA SC\', \'category\': \'\', \'subcategory\': \'Price\', \'brand\': \'HPE\', \'sku\': [\'628061-S21-SC\', \'628061"
401,{'Output': 'mismatch'},"\'description\': \'  ""TP-Link TL-SG1005D 5-Port Gigabit Desktop Switch"" TP-LINK ports Unmanaged Switches & Hubs - TL-SG 1005 D | TPL TP-Link\', \'title\': \'TP-Link TL-SG1005D 5-Port Gigabit Desktop Switch\', \'"
402,{'Output': 'mismatch'},"Sector\': \'512 bytes\', \'description\': \'  \""628061-S21 HP 3000-GB 7.2K 3.5-inch SATA Hot-Plug Hard Drive\"", ""Null"" Price 628061-S21\"" 7.2K 3.5-inch SATA Hot-Plug Hard Drive Blade"
403,{'Output': 'mismatch'},",-\': \'€ 0,-\', \'description\': \'  ""Seagate Desktop HDD, 1TB"" "" Seagate Desktop HDD 1TB"" "" Seagate Desktop HDD 1TB"" "" Seagate Desktop HDD 1TB"" "" Seagate Desktop HDD 1TB"" "" Seagate Desktop HDD 1T"
404,{'Output': 'match'},"': \'100MB/s\', \'Spindle Speed\': \'10000RPM\', \'description\': \'  ""359461-007 HP 300GB 3.5 inch x 1 inch Plug-in Module Fibre Channel Hard Drive"" ""Null""   ""Description:HP 300GB 3.5 inch x"
405,{'Output': 'mismatch'},"': \'Null\', \'subcategory\': \'New EF0600FARNA SC 2 Pack Wholesale\', \'sku\': \'ef0600farna2pack\', \'type\': \'2 Pack Hard Drive\', \'description\': \'  ""Null"" Price EF0600FARNA-2Pack"" ""New EF06"
406,{'Output': 'mismatch'},"': '{\'/mpn\': \'[4465281]\', \'brand\': \'Intel\', \'category\': \'Computers_and_Accessories\', \'Category\': \'Processors\', \'Sub-Category\': \'Desktop Processors\', \'Generation\': \'Intel Core i7\', \'Part Number\': \'"
407,{'Output': 'mismatch'},"B 3.5-inch SATA 7200RPM 6Gb/sec 256MB Cache""   ""Description:2000GB 3.5-inch SATA 7200RPM 6Gb/sec 256MB Cache""@en 3.5-inch SATA 7200RPM 6Gb/sec 256MB Cache\"
408,{'Output': 'mismatch'},"3ms\', \'HotSwap\': \'Yes\', \'Manufacturer\': \'New EF0600FARNA SC 2 Pack Wholesale \', \'description\': \'  ""EF0600FARNA-2Pack New EF0600FARNA SC 2 Pack Wholesale Price EF0600FARNA SC""  ""\',"
409,{'Output': 'mismatch'},"post Nederland\': \'€ 3,99\', \'description\': \'  ""Gigabyte GA-H110M-S2HP - Micro ATX - Intel H110 - 2 DDR4 DIMM Slots - 1 PCI Express 2.0 x16 - 1 PCI Express 2.0 x1 - 1 PCI - 1 M.2 Socket 3"
410,{'Output': 'mismatch'},"{""Output"": ""mismatch""}"
411,{'Output': 'mismatch'},"-001 HP 16GB DDR3 SDRAM Memory Module - 16 GB (1 x GB) 1600 MHz DDR3-1600 PC3-12800 RegisteredDIMM\', \'category\': \'Memory\', \'subcategory\': \'\', \'brand\': \'HP\', \'sku\': \'249"
412,{'Output': 'mismatch'},"brand\': \'Samsung\', \'category\': \'Computers_and_Accessories\', \'Category\': \'Samsung HardDrive\', \'Sub-Category\': \'Desktop\', \'Generation\': \'SATA\', \'Part Number\': \'192106B21\', \'Products ID\': \'470"
413,{'Output': 'mismatch'},"\'140MB/s\', \'Spindle Speed\': \'7200RPM\', \'Average Seek Time\': \'8.5ms\', \'description\': \'  ""ST1000NM0033 Seagate 1TB 7200RPM 3.5 64MB Cache SATA 6Gb/s"
414,{'Output': 'mismatch'},"air Vengeance LPX Black 64GB (4x16GB) DDR4 PC4-21300 2666MHz Quad Channel Kit""@en-gb ""Corsair Vengeance LPX Black 64GB (4x16GB) DDR4 PC4-21300 2666MHz Quad Channel Kit""@en-gb ""Cors"
415,{'Output': 'mismatch'},"\'brand\': \'Asus\', \'sku\': \'M5A99FXPRO2R20\', \'type\': \'Mainboard\', \'description\': \'  ""Asus M5A99FX Pro R2.0 - Prijzen ""@NL Tweakers""@NL""  ""M5A99FXPRO2R20"" ""Mainboard"""
416,{'Output': 'match'},"Display\': \'Yes\', \'Intel® Clear Video HD Technology\': \'Yes\', \'Intel® Clear Video Technology\': \'Yes\', \'# of Displays Supported ‡\': \'3\', \'description\': \'  \""SCAN - Core i7-7700 3.6GHz Quad-Core Processor\"" Processor (BX80"
417,{'Output': 'match'},"agate 1TB 7.2K SATA 3.5-inch Enterprise Class Hard Drive"" ""ST31000524NS Part# -ST31000524NS""  ""Description:1 x Seagate 1TB 7.2K SATA 3.5-inch Enterprise Class Hard DriveIn tray (as pictured)For Dell PowerEdge ServersGenuine"
418,{'Output': 'mismatch'},"UK""@, \'title\': \'DS1517+ 5 Bay Synology Desktop NAS Enclosure with 8GB\', \'subcategory\': \'DS1517+ (8GB)\', \'brand\': \'SCAN UK\', \'sku\': \'ds15178gb\', \'type\': \'5 Bay Synology DS1517"
419,{'Output': 'mismatch'},"-\', \'description\': \'  ""Intel Core i7-7700K 4.2 GHz Quad-Core Processor (Boxed) - Prijzen \""@NL Tweakers\""@NL"" ""Intel Core i7-7700K 4.2 GHz Quad-Core Processor (Boxed) - Prijzen \""@NL Tweakers\""@NL"" ""Int"
420,{'Output': 'mismatch'},"""\', \'description\': \'  ""ST2000NM0011-SC 2TB 7200RPM SATA 6Gb/s 64MB Cache Hard Drive - OEM (ST2000NM0011-SC)""@en ""▷ ST2000NM0011-SC 2TB 7200RPM S"
421,{'Output': 'mismatch'},"adro K1200 Graphics card - 4GB DDR5 512 Cores"" ""PNY Nvidia Quadro K1200 Graphics card - 4GB DDR5 512 Cores"" ""PNY Nvidia Quadro K1200 Graphics card - 4GB DDR5 512 Cores"" ""PNY Nvidia Quadro K"
422,{'Output': 'mismatch'},"Description :\': \'  ""AMD FX-6350, 3.9GHz, 6-Core, Vishera, 125W, AM3+\', \'title\': \'AMD FX-6350, 3.9GHz, 6-Core, Vishera, 125W, AM3+\', \'sku\': \'cp"
423,{'Output': 'match'},"\'type\': \'Server\', \'description\': \'  ""345020-B21 BL20P G2 (2P) Xeon 3.2GHz 1MB"", ""Null"" Price 345020-B21"" 1MB Wholesale 345020-B21 \', \'manufacturer\': \'"
424,{'Output': 'mismatch'},"K32GX4M4B3200C16W""@en\', \'description\': \'  ""Corsair Vengeance LPX White 32GB (4x8GB) DDR4 PC4-25600 3200MHz Quad Channel Kit ""@en 4x8GB | CMK32GX4M4B3200C1"
425,{'Output': 'mismatch'},"12MB Memory M1 Part#359623-B21"" ""Null""   ""Description: HP Proliant BL20p G2 Server Xeon 2.8GHz/1MB 1P 512MB Memory M1 Part#359623-B21"" ""Price:USD, ""$129.95""\'}', 'Output': 'mismatch"
426,{'Output': 'mismatch'},"al Core\', \'Socket Type\': \'LGA1366\', \'Manufacturer\': \'HP\', \'description\': \'  \""643772-B21 HP Proliant X7950 DA Processor\"", \""Null\"" ""New 643772-B21 Processor Wholesale Price""', \'title\': \'6"
427,{'Output': 'mismatch'},"33 MHz\', \'description\': \'  ""AMD FX 4300 Quad Core Processor"" "" Componentes PC - AMD FX 4300 Quad Core Processor\', \'title\': \'AMD FX 4300 Quad Core Processor\', \'subcategory\': \'AMDFX4300\', \'sku\':"
428,{'Output': 'mismatch'},"Drive\', \'sku\': \'417190002\', \'type\': \'Hard Drive\', \'description\': \'  ""417190-002 HP 72-GB 15K 3.5 DP SAS"" ""Null""   ""Description:5 x 72GB Serial Attached SCSI (SAS) 3."
429,{'Output': 'mismatch'},"00658-B21\', \'Products ID\': \'142302\', \'Capacity\': \'2GB\', \'Form Factor\': \'DIMM\', \'Description\': \'  ""2GB 1333MHz DDR2 DIMM Memory Module (DIMM) HP 500658-B21"" """
430,{'Output': 'mismatch'},"HP 80-GB 1.5G 7.2K 3.5 SATA HDD\', \'sku\': \'dl320g5p349237b21\', \'type\': \'Hard Drive - Hot-Swap\', \'price\': \'""$129.99"", ""USD""\', \'description\': \'"
431,{'Output': 'mismatch'},"33 MHz\', \'Memory Type\': \'SDRAM\', \'Memory Size\': \'1GB\', \'Memory Slots\': \'1\', \'description\': \'  \""323450-001 HP Proliant Server 8500 1GB\"" ""Null""   ""Description: Proliant Server 8500 1GB\"
432,{'Output': 'mismatch'},"PCIe\', \'Controller Type\': \'RAID Controller\', \'Cache Memory\': \'128MB\', \'Cache Memory Type\': \'DRAM\', \'Cache Memory Size\': \'128MB\', \'Cache Memory Speed\': \'133MHz\', \'Controller RAID Level\': \'RAID 0, RAID 1"
433,{'Output': 'mismatch'},"Nederland (vanaf € 50,-)\': \'€ 0,-\', \'Pakketpost (vanaf € 25,-)\': \'€ 0,-\', \'Pakketpost (vanaf € 20,-)\': \'€ 0,-\', \'Pakketpost (vanaf € 20,-)\': \'€ 0,-\', \'Pakket"
434,{'Output': 'mismatch'},"'description\': \'  ""432094-B21 HP 146-GB 15K 3.5 SP SAS 2 Pack "" ""HP 432094-B21 Part# -432094-B21-2Pack""  ""Descriptio\', \'price\': \'""USD""\', \'subcategory\': \'"
435,{'Output': 'mismatch'},"6G 10K 2.5-inch 146GB 10K SAS Hard Drive""  ""Descriptio\', \'title\': \'Null\', \'subcategory\': \'\', \'sku\': \'DG0146FAMWL\', \'type\': \'Description:5 x 146GB 2.5-inch 6"
436,{'Output': 'mismatch'},"8 GB - KVR21N15S8K2/16"" ""Null""   ""Description:Kingston ValueRAM - DDR4 16 GB: 2 x 8 GB - KVR21N15S8K2/16""@en-US ""RAM - Kingston ValueRAM - DDR4 16 GB: 2 x 8 GB - KVR21N"
437,{'Output': 'mismatch'},"'7200RPM\', \'Cache\': \'None\', \'description\': \'  ""ST3500630NS Seagate 500GB 7200RPM 3.5 inches x 1/3H (LFF) SATA 300MB/s Hard Drive"", ""Null"" ""New ST3500630NS 5Pack"
438,{'Output': 'match'},"', \'brand\': \'Seagate\', \'sku\': \'STEA1000400\', \'type\': \'Hard Drive\', \'description_short\': \'1TB Zwart\', \'title_short\': \'1TB Zwart\', \'sku_short\': \'STEA1000400\',"
439,{'Output': 'mismatch'},"\'495916-B21 HP E5506 2.13GHz ML350 G6 CPU Kit\', \'category\': \'\', \'subcategory\': \'\', \'brand\': \'HP\', \'sku\': \'495916b21\', \'type\': \'Description: Intel Xeon E5"
440,{'Output': 'match'},"u\': \'CMK32GX4M4A2400C14\', \'type\': \'Memory\'}', 'Entity_2': '{\'title\': \'Corsair Vengeance LPX 16GB (2 x 8GB) DDR4 DRAM 2400MHz CMK32GX4M2B2400C14\"
441,{'Output': 'mismatch'},"ATA) Connector\', \'description\': \'  ""658071-B21 HP 500GB 7.2K 3.5 1.5G SATA"" ""New 658071-B21 Kit Wholesale Price ST3500630NS SATA 5 Pack Wholesale Price ST3500630NS SATA"
442,{'Output': 'match'},"{""Output"": ""match""}"
443,{'Output': 'match'},"Speed\': \'2.4 GHz\', \'Maximum RAM\': \'32 GB\', \'Price\': \'USD"", ""$1129.00""\', \'description\': \'  ""495916-B21 Intel Xeon Quad-Core 2.4 GHz 32GB Server Processor Upgrade"" ""Description: Intel Xeon"
444,{'Output': 'match'},"""$11999.95 CAD""\', \'description\': \'  ""338974-B21 HP DL760 G2 8GB 133MHz ECC SDRAM Memory, 4x 36.4GB 10K Hot Pluggable, 1.44 MB Diskette Drive, Integrated HP NC7170 Dual-Port"
445,{'Output': 'mismatch'},"', \'Pakketpost (vanaf € 15,-)\': \'€ 0,-\', \'Pakketpost (vanaf € 10,-)\': \'€ 0,-\', \'Pakketpost (vanaf € 5,-)\': \'€ 0,-\', \'Pakketpost (vanaf € 2,-)\': \'€ 0,-\', \"
446,{'Output': 'mismatch'},"Speed\': \'15000 RPM\', \'Cache\': \'None\', \'description\': \'  ""HP 36GB 10K SAS Internal Hard Drive"" ""HP Proliant HardDrive 36GB 10K SAS Internal Hard Drive""', \'title\': \'HP 36GB 10K SAS Internal Hard Drive\', \'"
447,{'Output': 'mismatch'},"sku\': \'430169-002\', \'type\': \'2.5-inch Serial Attached SCSI (SAS) SFF3G Dual Port Hot-Plug 15K Hard Disk Drive\', \'description\': \'  ""430169-002 HP 72-GB 3G 15K 2.5"
448,{'Output': 'mismatch'},"11\', \'Type\': \'Hard Drive\', \'Form Factor\': \'3.5 inch x 1 inch Plug-in Module\', \'Capacity\': \'100GB\', \'Interface Type\': \'SAS\', \'Data Transfer Rate\': \'10GB/s\', \'Rotational Speed\': \'10000RPM"
449,{'Output': 'match'},"2.13GHz Quad Core Processor Kit""@en ""▷ HP\', \'title\': \'637414-B21 HP Xeon E5607 2.13GHz Quad Core Processor Kit\', \'subcategory\': \'Description: HP BL460c G7 Intel Xeon E5607 Processor Kit\', \"
450,{'Output': 'mismatch'},"""   ""Description: Seagate 1-TB 7.2K 3.5 6G SP SATA ST1000NM0033""  ""Descrip\', \'title\': \'Seagate 1-TB 7.2K 3.5 6G SP SATA ST1000NM0033\', \'subcategory\': \'\"
451,{'Output': 'mismatch'},"dm00310pack\']', \'type\': \'Hard Drive\', \'description\': \'  ""ST1000DM003 Seagate 1-TB 7.2K 3.5 6G SATA"" ""New ST1000DM003 SATA 5 Pack Wholesale""   ""Price:USD, ""$119.99"
452,{'Output': 'mismatch'},"'title\': \'4th Generation Intel® Core™ i3 3.6GHz Socket LGA1150 ""@en CoreAndtrade; | BX80646I34160 Novatech\', \'subcategory\': \'Intel Core i3\', \'sku\': \'bx80646i34160\', \'type"
453,{'Output': 'mismatch'},"', \'brand\': \'AMD\', \'sku\': \'yd180xbcaewof\', \'type\': \'Processor\', \'mpn\': \'[yd180xbcae]\'}', 'Entity_2': '{\'title\': \'AMD Ryzen 7 1800X 8 Core (Socket AM4) Processor -"
454,{'Output': 'mismatch'},"'description\': \'  \""mz7ke512bw 512MB DDR3 SDRAM 2Rx8 1.35V ECC SODIMM RDIMM R\""  ""Description: 512MB DDR3 SDRAM 2Rx8 1.35V ECC SODIMM RDIMM R"", \'title\': \'mz7ke5"
455,{'Output': 'mismatch'},"{""Output"": ""mismatch""}"
456,{'Output': 'mismatch'},"22b22]\', \'category\': \'Memory\', \'Sub-Category\': \'DDR3 SODIMM\', \'brand\': \'Kingston\', \'Part Number\': \'BLS822B22/128\', \'Products ID\': \'111211\', \'Type\': \'2GB DDR"
457,{'Output': 'mismatch'},"': \'€ 0,-\', \'description\': \'  ""Corsair Flash Voyager Slider X2 256GB Blauw""@en USB-sticks LN111100 - CMFSL3X2-256GB | SCAN UK""@en  ""5\', \'title\': \'Corsair Flash Voyager Slider X2 2"
458,{'Output': 'mismatch'},"SC SC Wholesale 658102-001sc"" ""New 658102-001-SC SC Wholesale 658102-001sc"" ""New 658102-001-SC SC Wholesale 658102-001sc"" ""New 658102-001-"
459,{'Output': 'mismatch'},"{""Output"": ""match""}"
460,{'Output': 'mismatch'},"{""Output"": ""mismatch""}"
461,{'Output': 'mismatch'},"', \'description\': \'  ""HP 430165-003 146GB 10K 2.5-inch SAS Hard Drive""@en ""HP 430165-003 146GB 10K 2.5-inch SAS Hard Drive""@en Hard Drive - Hot-Swap\', \'title\': \'HP"
462,{'Output': 'mismatch'},"00 2133MHz Dual Channel Kit""  ""Corsair Vengeance LPX Black 32GB (2x16GB) DDR4 PC4-17000 2133MHz Dual Channel Kit""@en ""Corsair Vengeance LPX Black 32GB (2x16GB) DDR4 PC4-17000 21"
463,{'Output': 'mismatch'},"Part Number\': \'397411-B21\', \'description\': \'  ""397411-B21 Genuine HP Memory 2GB (2 x 1GB) PC2-5300 DDR II SDRAM"" ""Null""   ""Description:2GB (2 x 1GB) PC2-5300 DDR II SDRAM"""
464,{'Output': 'mismatch'},"{""Output"": ""mismatch""}"
465,{'Output': 'mismatch'},"description\': \'  ""Asus GeForce GT 730 1GB GDDR5 128-bit PCI Express 2.0 x16 DVI-I HDMI DP VGA Passive LP\', \'title\': \'Asus GeForce GT 730 1GB GDDR5 128-bit PCI Express 2.0 x16 DVI-I HDMI D"
466,{'Output': 'mismatch'},"orie\': \'Computers & Peripherals\', \'Sub-Category\': \'Computers\', \'Manufacturer\': \'Zotac International\', \'Product ID\': \'458409\', \'description\': \'  ""Zotac - GeForce GTX 1050 Ti 4GB GDDR5 PCI Express 16X Video Card ZT"
467,{'Output': 'match'},"\'5032037062763\', \'description\': \'  \""Intel i5-4460, 3.2GHz, 4-Core, Haswell, 84W, LGA1150\"", ""Null""   ""Description:Intel i5-4460 3.2GHz 4-Core Haswell 84W"
468,{'Output': 'mismatch'},".2K 3.5 SATA SC\', \'category\': \'Hard Drive\', \'subcategory\': \'7.2K\', \'brand\': \'HP\', \'sku\': \'658102001\', \'type\': \'Hard Drive - Hot-Swap - Gen8\', \'description\': \'  ""65"
469,{'Output': 'mismatch'},"sku\': \'CMZ4GX3M1A1600C9B\', \'type\': \'4GB DDR3 1600MHz CL9 DIMM Module\', \'memory_size\': \'4GB\', \'memory_speed\': \'1600MHz\', \'memory_type\': \'DDR3 SDRAM"
470,{'Output': 'match'},"'Sandisk\', \'sku\': \'sdcz33032gb35\', \'type\': \'USB flash drive\', \'description\': \'  ""Sandisk Cruzer Ultra 32GB USB 3.0""@en ""USB flash drive 32GB""@en  ""                     Sandisk Cruzer Ultra 32GB USB 3.0"
471,{'Output': 'mismatch'},"category\': \'Description:ST31000524NS Seagate 1-TB 7.2K 3.5 3G SATAPart Number(s) Hewlett-Packard Part# st31000524ns\', \'sku\': \'st31000524ns\', \'type\': \'Hard Drive\', \"
472,{'Output': 'mismatch'},"{""Output"": ""mismatch""}"
473,{'Output': 'mismatch'},"\'description\': \'  ""508429-001 HP 400-GB 10K 3.5 DP NHP SAS HDD"" ""New 508429-001 SAS 2 Pack Wholesale Price 508429-001-2Pack"" ""Null"" Price 508429-001-"
474,{'Output': 'mismatch'},"description\': \'  ""456896-001-5Pack HP 400-GB 10K 3.5 DP SAS HDD""   ""Description:400GB Serial Attached SCSI (SAS) 3.5-inch HDD""   ""456896-001-5Pack HP 400-GB 10K 3"
475,{'Output': 'mismatch'},"{""Output"": ""mismatch""}"
476,{'Output': 'mismatch'},"\'subcategory\': \'Price\', \'brand\': \'BD\', \'sku\': \'BD03655B28\', \'type\': \'Hard Drive Hot-Swap\', \'description\': \'  ""BD03655B28 HP 36.4-GB 10K FC-AL"" ""Null"" Price BD0"
477,{'Output': 'mismatch'},"'/sku\': \'[90ya00nnm0ua00]\', \'/mpn\': \'[90YA00NN-M0UA00]\', \'brand\': \'Asus\', \'category\': \'7.1 (90YA00NN-M0UA00)\', \'Taux de distorsion harmonique en sort"
478,{'Output': 'mismatch'},"'7.2ms\', \'description\': \'  ""ST31000640NS Seagate 1TB 7.2K 3.5 SATA HDD"" ""Null""   ""Description:Seagate 1TB 7.2K 3.5-inch SATA HDD"" ""Null""   ""Description:Seagate 1TB 7.2K"
479,{'Output': 'mismatch'},"'sku\': \'cmr16gx4m2a2666c16\', \'type\': \'Description: Corsair Vengeance LED CMU64GX4M4C3000C15R - Prijzen ""@NL Tweakers""@NL\', \'description\': \'  ""Corsair Vengeance LED CMU64GX"
480,{'Output': 'mismatch'},"000340AS, 1TB - Prijzen ""@NL ST31000340AS Tweakers""@NL\', \'subcategory\': \'Price\', \'sku\': \'st31000340as\', \'type\': \'Hard Drive - Desktop\', \'description\': \'  ""Seagate Barracuda"
481,{'Output': 'mismatch'},"'/mpn\': \'[653078b]\', \'brand\': \'Intel\', \'category\': \'HP\', \'Category\': \'Proliant Processor\', \'Sub-Category\': \'Intel Xeon\', \'Generation\': \'G3\', \'Part Number\': \'653078-B"
482,{'Output': 'mismatch'},"0K 2.5 DP SAS 2 Pack ""   ""Description:2 x 146GB Serial Attached SCSI (SAS) 2 Pack\', \'price\': \'""USD""\', \'description\': \'  ""430165-003 HP 146-GB 3G 10K 2.5 DP SAS 2 Pack """
483,{'Output': 'mismatch'},"\'description\': \'  ""430169-002 HP 72-GB 15K 2.5 DP SAS HDD"", ""Null"" ""New HP 430169-002 HDD Wholesale Price 430169-002""  ""Description:\'}', 'Entity_2': '{\'title\': \'43"
484,{'Output': 'mismatch'},"119,99\', \'Pakketpost DPD\': \'€ 3,95\', \'iDeal\': \'€ 0,-\', \'Totaal\': \'€ 119,99\', \'Pakketpost vanaf € 99,-\': \'€ 3,95\', \'Pakketpost Nederland\"
485,{'Output': 'mismatch'},"7.2K 3.5 SATA SC Hard Drive\', \'subcategory\': \'Hard Drives\', \'sku\': \'st2000nm0011\', \'type\': \'Hard Drive\', \'description\': \'  ""ST2000NM0011 HP G8 G9 2-TB 6G 7.2"
486,{'Output': 'match'},"57110 4MB\', \'Uitvoering\': \'HP Proliant 57110 4MB\', \'EAN\': \'05711045296741\', \'SKU\': \'5711045296741, 3226801808677"
487,{'Output': 'match'},"05-B21 HP 64-GB (8x8GB) PC2-5300 SDRAM Kit\', \'category\': \'Memory & Storage\', \'subcategory\': \'Memory & Storage\', \'brand\': \'HP\', \'sku\': \'495605b21\', \'type\': \'RAM\',"
488,{'Output': 'mismatch'},"{""Output"": ""mismatch""}"
489,{'Output': 'mismatch'},"46-GB 15K 3.5 SP SAS HDD"" ""HP 431943-003 HDD Part# -431943-003""  ""Description:146GB""\', \'price\': \'""$169.02"" ""USD""\', \'description\': \'  ""431943-003"
490,{'Output': 'mismatch'},"\', \'Form Factor\': \'3.5 inches x 1/3H\', \'Interface\': \'Serial Attachment SCSI (SAS)\', \'Spindle Speed\': \'15000RPM\', \'price\': \'""USD"", ""$1299.95""\', \'description\': \'  ""430165-0"
491,{'Output': 'mismatch'},"'146GB\', \'description\': \'  ""359461-005 HP 146-GB 10K 3.5 Fibre Channel HDD 5 Pack"", ""Null"" ""New 359461-005 10K 3.5 Fibre Channel HDD 5 Pack Wholesale Price 359461-"
492,{'Output': 'mismatch'},"135b21\', \'type\': \'Ethernet Adapter\'}', 'Entity_2': '{\'title\': \'HP 1GB 4-Port 331FLR Ethernet Adapter\', \'category\': \'\', \'subcategory\': \'\', \'brand\': \'HP\', \'sku\': \'62913"
493,{'Output': 'match'},"description\': \'  ""WD Purple 1TB - Prijzen ""@NL 5"" Tweakers""@NL 2"" WD10PURZ 1TB\', \'title\': \'WD Purple 1TB - Prijzen ""@NL 5"" Tweakers""@NL 2\', \'subcategory\': \'\', \'brand\': \'WD\"
494,{'Output': 'mismatch'},"ABA HP 36.4GB 10K FC-AL\', \'category\': \'Computers_and_Accessories\', \'Sub-Category\': \'10K\', \'Generation\': \'Fibre Channel\', \'Part Number\': \'BD03655BABA\', \'Products ID\': \'463707\"
495,{'Output': 'mismatch'},"'359461-005 HP 72.8-GB 10K FC-AL\', \'category\': \'Null\', \'subcategory\': \'Price\', \'brand\': \'New 359461-005 FC-AL 5 Pack Wholesale\', \'sku\': \'359461-00"
496,{'Output': 'mismatch'},"'Sub-Category\': \'ILC\', \'Generation\': \'ILC\', \'Part Number\': \'483513-B21\', \'Products ID\': \'455283\', \'Capacity\': \'146GB\', \'Interface\': \'Serial Attached SCSI (SAS)\', \'Enclosure\':"
497,{'Output': 'mismatch'},"{""Output"": ""match""}"
498,{'Output': 'mismatch'},"category\': \'Computers_and_Accessories\', \'description\': \'  ""3R Appliance - 3RA3851AA 5 Pack""@en ""3R Appliance - 3RA3851AA 5 Pack""@en \', \'title\': \'3R Appliance - 3RA3851AA 5 Pack\', \'subcategory"
499,{'Output': 'mismatch'},"\', \'category\': \'Hard Drive\', \'subcategory\': \'Hard Drive\', \'brand\': \'HP\', \'sku\': \'430165-003\', \'type\': \'2.5-inch Serial Attached SCSI (SAS) SFF 3G Dual Port Hot-Plug 10K Hard Drive\',"
500,{'Output': 'mismatch'},"\'SAS\', \'Part Number\': \'782995-001\', \'Products ID\': \'461241\', \'Type\': \'Hard Drive - Hot-Swap\', \'Capacity\': \'146GB\', \'Interface Type\': \'Serial Attached SCSI\', \'Spindle Speed\': \"
501,{'Output': 'mismatch'},"{""description"": ""\""}"
502,{'Output': 'mismatch'},"1g0a\', \'type\': \'Solid State Drive\', \'description_long\': \'  ""Western Digital WDS120G1G0A 120gb Green Sata Ssd 2.5in 7mm Cased""@en Cased for $52.10.""@en  ""Western Digital WDS120G1G0A 12"
503,{'Output': 'mismatch'},"(SAS) Solid State Drive\'}', 'Entity_2': '{\'title\': \'632429-003 HP G8 G9 400-GB 6G 2.5 SAS SLC SSD\', \'category\': \'Null\', \'subcategory\': \'Description:10 x HP 400GB 6G SLC (Single Level"
504,{'Output': 'mismatch'},"{\'/mpn\': \'[323146b21]\', \'brand\': \'\', \'category\': \'\', \'Category\': \'Proliant Server\', \'Sub-Category\': \'BL20\', \'Part Number\': \'323146-B21\', \'Products ID\': \'618"
505,{'Output': 'mismatch'},"\'Description:110/220-GB StdAlone SDLT IntPart Number(s)Option Part# 192106-B21\', \'description\': \'  ""Null HP 192106-B21 110/220-GB StdAlone SDLT IntPart Number(s)Option Part# 192106-"
506,{'Output': 'mismatch'},"001\', \'type\': \'10K\', \'formfactor\': \'3.5 inches x 1/3H (Low Profile)\'}', 'Entity_2': '{\'title\': \'456896-001 HP 400-GB 10K 3.5 DP SAS 10 Pack\', \'category\': \'\"
507,{'Output': 'mismatch'},"""@e  ""325134-001 DL580R G2 (2P) Xeon 2.8GHz"" ""Description:32GB with 16 x 2GB DIMMs"" ""Description:32GB with 16 x 2GB DIMMs"" ""Description:32GB with 16 x 2GB DIMMs"" ""Description:32GB"
508,{'Output': 'mismatch'},"\'Caterpillar\', \'category\': \'StorageWorks\', \'Sub-Category\': \'Hard Drive\', \'Part Number\': \'CT102464BF160B\', \'Products ID\': \'12980\', \'description\': \'  ""CT102464BF160B Caterp"
509,{'Output': 'mismatch'},"{""Output"": ""mismatch""}"
510,{'Output': 'mismatch'},"HP\', \'Sub-Category\': \'Description:HP 628061s 21-inch 1024x768 Monitor\', \'Generation\': \'Null\', \'Part Number\': \'628061-S21\', \'Products ID\': \'11111\', \'Description\': \'HP 6"
511,{'Output': 'mismatch'},"\', \'sku\': \'b018szt3bk\', \'type\': \'Amazon Fire HD 8 16GB Tablet - 8\"" HD Display - Wi-Fi - Black\', \'progid\': \'B018SZT3BK\', \'progname\': \'Amazon Fire HD 8 16GB Tablet"
512,{'Output': 'mismatch'},"(SAS)\', \'Form Factor\': \'3.5 inches x 1/3H (Internal)\', \'description\': \'  ""EG0146FARTR-2Pack HP 146GB 10K 3.5 1/3H (Internal) SAS HDD"" ""New 146GB 10K 3.5 1/3H"
513,{'Output': 'mismatch'},"'{\'title\': \'Seagate Exos 14TB 7200RPM SATA 6Gb/s 256MB Cache HDD - OEM (ST10000VN0004)\', \'category\': \'Seagate HDD\', \'subcategory\': \'Exos Range\', \'brand\': \'Seagate"
514,{'Output': 'mismatch'},"{""Output"": ""match""}"
515,{'Output': 'mismatch'},"Part Number\': \'242469-001\', \'Products ID\': \'458224\', \'Product Type\': \'Tape Drive\', \'description\': \'  ""Null"", ""242469-001 HP Tape Drive 15/30GB"" HP 242469-001 Price"
516,{'Output': 'mismatch'},"21\', \'type\': \'Description:Intel® Xeon® L5335 DL140 G3(2.0GHz/4-core/8MB/80W)Full Processor Option KitPa\', \'description\': \'  ""453475-B21 HP Xeon L5335 2.0GHz DL140"
517,{'Output': 'match'},"'Model\': \'GeForce GTX 730\', \'Type\': \'GTX 730\', \'Subtype\': \'2GB GDDR5\', \'Aantal\': \'1\', \'description\': \'  ""Asus GeForce GTX 730 2GB GDDR5 1920x1080 PCI Express 3"
518,{'Output': 'mismatch'},"ID\': \'15406\', \'Capacity\': \'93GB\', \'Manufacturer\': \'Hewlett-Packard\', \'Interface\': \'SCSI\', \'Enclosure\': \'Internal\', \'HDD Form Factor\': \'3.5 inches x 1/3H (Low Profile)\', \'Spindle Speed\"
519,{'Output': 'mismatch'},"G 7.2K 3.5 SATA SC\', \'subcategory\': \'Price\', \'sku\': \'658102-001-2Pack\', \'type\': \'Description:2 x HP Proliant 2-TB 6G 7.2K 3.5 SATA SCSI Hard DriveG\', \'description\': \"
520,{'Output': 'mismatch'},"-1333/1600\', \'description\': \'  ""I3 6100 2-core processor 3.7GHz 14nm technology 6MB Intel Smart Cache 64 GB memory support DDR4-1866/2133 or DDR3L-1333/1600"" ""Intel I3 6100"
521,{'Output': 'mismatch'},"{""Output"": ""mismatch""}"
522,{'Output': 'mismatch'},"\'Omschrijving\': \'  \""WD Blue 100TB 2.5\"" SATA 3 5 7200RPM 64MB SSD (WDS100T1B0A | 718037852904)\""@en SSD 2.5\"" SATA 3 5 7200RPM 6"
523,{'Output': 'mismatch'},"{""Output"": ""mismatch""}"
524,{'Output': 'mismatch'},"vanaf € 36,24)\': \'€ 0,-\', \'Pakketpost PostNL (vanaf € 49,95)\': \'€ 0,-\', \'Opsturen\': \'€ 0,-\', \'Pakketpost tot 1 kg\': \'€ 2,95\', \'Pakketpost (vanaf € 5"
525,{'Output': 'mismatch'},"{""Output"": ""mismatch""}"
526,{'Output': 'mismatch'},"4M2A2400C16 16GB (2 x 8GB) DDR4 2400MHz, 16-16-16-39-2N@1.20V XMP, DDR4 Vengeance LPX"" Memoria RAM Dual Kit (CMK16GX4M2A2400C16)""@en\', \"
527,{'Output': 'mismatch'},", 750GB, controladora Marvell 88SS1074, memoria flash 16nm Micron TLC NAND""@en ""▷ Crucial \', \'description\': \'  ""Crucial MX300 750GB SATA CT750MX300SSD1""@en  ""Disco Solido SSD, 2.5"
528,{'Output': 'mismatch'},"HP\', \'category\': \'\', \'Category\': \'Proliant HardDrive\', \'Sub-Category\': \'10K\', \'Generation\': \'SAS\', \'Part Number\': \'238921-B21\', \'Products ID\': \'456519\', \'Capacity\': \'2"
529,{'Output': 'mismatch'},"032037076692, 5032037076692\', \'SKU\': \'bx80662i76700k\', \'Tweakers ID\': \'111111\', \'Productprijs\': \'€ 399,95\', \'Pakket"
530,{'Output': 'mismatch'},"agate\', \'sku\': \'st31000340as\', \'type\': \'Hard Drive\', \'description\': \'  ""ST31000340AS Seagate Barracuda 1TB SATA 3.0 Gbps Hard Drive""\', \'sku\': \'st31000340as\"
531,{'Output': 'mismatch'},"17.1 in\', \'Weight (Approximate)\': \'11.2 lbs\', \'description\': \'  ""233609-001 HP Proliant Ultra320 SCSI Controller"" ""Null"" Price 233609-001"" ""New HP Proliant Ultra320 SCSI Controller Wholesale  ""De\',"
532,{'Output': 'mismatch'},"Drive WD10PURX""@en WD10PURX LN56217 | SCAN UK""@en  ""1TB WD Purple WD10PURX, 3.5"" AV Surveillance HDD, SATA III - 6Gb/s, 5400rpm, 64MB Cache, NCQ \', \'description\': \"
533,{'Output': 'mismatch'},"{""description"": ""\""}"
534,{'Output': 'mismatch'},"7000 (3000MHz) Memory Kit - Corsair\', \'category\': \'Memory/RAM\', \'subcategory\': \'Corsair\', \'brand\': \'Corsair\', \'sku\': \'cmk16gx4m4b3000c15r\', \'type\': \'16GB"
535,{'Output': 'mismatch'},"description\': \'  ""AMD FX-6300 6-Core Black Edition Processor""@en ""▷ AMD FX-6300 6-Core Black Edition Processor""@en\', \'title\': \'AMD FX-6300 6-Core Black Edition Processor\', \'subcategory\': \'\', \'sku\': \'FD"
536,{'Output': 'match'},"\': \'New 359623-B21 Server Wholesale\', \'sku\': \'359623-B21\', \'type\': \'Description:2 x 512MB 2.8GHz/1MB Server Wholesale\', \'description\': \'  ""359623-B21 HP BL20"
537,{'Output': 'mismatch'},"0]\', \'brand\': \'Corsair\', \'category\': \'Corsair\', \'Subcategory\': \'Corsair Vengeance\', \'Generation\': \'DDR3\', \'Part Number\': \'FD8350\', \'Product ID\': \'1021322346\', \'Product Type\':"
538,{'Output': 'mismatch'},"'15K\', \'sku\': \'4319430032pack\', \'type\': \'15K Midline MSA 2 SAS Hard Drive for StorageWorks systems\'}', 'Entity_2': '{\'title\': \'431943-003 HP 146-GB 15K 3.5 SP SAS"
539,{'Output': 'mismatch'},"ale Price\', \'brand\': \'HPE\', \'sku\': \'615729b21\', \'type\': \'1Gb 4-port\', \'description\': \'  ""New 615729-B21 Adapter Wholesale Price 615729-B21""@en Adapter (61"
540,{'Output': 'mismatch'},"\', \'Manufacturer\': \'Crucial\', \'description\': \'  ""Null"", ""2 x 2GB 4GB (1333MHz) DDR3 Non-ECC UDIMM Memory Module Value Select"" Price 2 x 2GB 4GB (1333MHz) DDR3 Non-ECC UDIMM Memory Module Value Select\', \'title"
541,{'Output': 'mismatch'},"000640NS""  ""Description:1-TB 7.2K 3.5 SATA HDD""\'}', 'Entity_2': '{\'title\': \'ST31000640NS Seagate 1-TB 7.2K 3.5 SATA HDD\', \'category\': \'Null\', \'subcategory\': \'"
542,{'Output': 'match'},"8348b21\', \'type\': \'Memory\'}', 'Entity_2': '{\'title\': \'HP, 358348-B21, 1GB PC2700 DDR SDRAM DIMM Kit\', \'category\': \'\', \'subcategory\': \'\', \'brand\': \'HP\', \'sku"
543,{'Output': 'mismatch'},"apters\', \'brand\': \'HP\', \'sku\': \'665240b21\', \'type\': \'1Gb 4-Port 366FLR\', \'description\': \'  ""665240-B21 HP Ethernet 1Gb 4-Port 366FLR Adapter"", """
544,{'Output': 'mismatch'},"'/mpn\': \'[361040b21]\', \'brand\': \'HP\', \'category\': \'\', \'Category\': \'Proliant Option\', \'Sub-Category\': \'DVD\', \'Generation\': \'DL145\', \'Part Number\': \'361040-B21\"
545,{'Output': 'mismatch'},"{""Output"": ""mismatch""}"
546,{'Output': 'mismatch'},"80662i36100\', \'type\': \'Intel Core i3\'}', 'Entity_2': '{\'title\': \'Intel Core i3 6100 / 3.7 GHz processor\', \'category\': \'Intel processor\', \'subcategory\': \'BX80662I36100\', \"
547,{'Output': 'mismatch'},"894884979, 0889894884980, 0889894884981, 0889894884982, 0889894884983, 0889894884984, 0889894884"
548,{'Output': 'match'},"\': \'Printers\', \'Merk\': \'HP\', \'Product\': \'HP Turbojet 10708G Printer\', \'Uitvoering\': \'HP Turbojet 10708G Printer\', \'EAN\': \'4712900459623\', \'SKU\': \"
549,{'Output': 'match'},"{""Output"": ""mismatch""}"
550,{'Output': 'mismatch'},"{""Output"": ""mismatch""}"
551,{'Output': 'mismatch'},"90mb0s50m0eay0]\', \'category\': \'Null\', \'Categorie\': \'Memory\', \'Merk\': \'Kingston\', \'Product\': \'Kingston 90MB0S50M0EAY0\', \'Uitvoering\': \'2GB\', \'EAN\': \'00"
552,{'Output': 'mismatch'},"title\': \'BD03656ABA HP 36.4-GB 10K FC-AL HDD\', \'category\': \'StorageWorks\', \'subcategory\': \'36.4GB 10K Fibre Channel 40 pin 2GB/s HotSwap FCAL Hard Drive\', \'brand\': \'HPE\', \'"
553,{'Output': 'mismatch'},"19,95\': \'€ 0,-\', \'Pakketpost (vanaf € 25,-)\': \'€ 0,-\', \'Pakketpost (vanaf € 29,95)\': \'€ 0,-\', \'Pakketpost (vanaf € 36,24)\': \'€ 0,-\', \'Pak"
554,{'Output': 'mismatch'},"', \'Category\': \'Hard Drive\', \'Sub-Category\': \'7.2K\', \'Generation\': \'SATA\', \'Part Number\': \'DL320 349237-B21\', \'Product ID\': \'141941_DL320_HardDrives\', \'Type\': \'"
555,{'Output': 'mismatch'},"-24000 3000MHz Dual Channel Kit\', \'category\': \'\', \'subcategory\': \'\', \'brand\': \'Corsair\', \'sku\': \'cmd16gx4m2b3000c15\', \'type\': \'DDR4, 3000MHz, CL15"
556,{'Output': 'mismatch'},"', \'sku\': \'20gf0003us\', \'type\': \'ThinkPad 11e Chromebook\'}', 'Entity_2': '{\'title\': \'Lenovo ThinkPad 11e Chromebook - 11.6"" Celeron N3160 4 GB RAM 16 SSD\', \'category\': \"
557,{'Output': 'mismatch'},"'Timings :\': \'Cas9\', \'Type :\': \'Memory Module\', \'description\': \'  \""Corsair Vengeance 8Gb (2x4Gb) DDR3 1600MHz Cas9 SO-DIMM Memory Module\"" ""Corsair Vengeance 8Gb (2x4Gb) DDR3 1600"
558,{'Output': 'mismatch'},"-GTX1070-8G\', \'Uitvoering\': \'Asus TURBO-GTX1070-8G\', \'EAN\': \'04712900459623\', \'SKU\': \'90yv09p0m0na00\', \'Tweakers ID\': \'"
559,{'Output': 'mismatch'},"AY2073RC 73.5GB SAS internal hard drive""@en ""Fujitsu MAY2073RC 73.5GB SAS internal hard drive""@en  ""Fujitsu MAY2073RC 73.5GB SAS internal hard drive""@en  ""Fujitsu MAY2073RC 73.5GB SAS internal hard"
560,{'Output': 'mismatch'},"Series - solid state drive 1.6 TB PCIe 3.0 x4\', \'subcategory\': \'\', \'sku\': \'SSDPEDME016T401\', \'type\': \'Intel SSD DC P3600 Series\', \'description_nl\': \'  ""Intel Solid-State Drive DC P3600"
561,{'Output': 'match'},"ID\': \'459975_HP_HardDrives\', \'Type\': \'Hard Drive - Hot-Swap - Gen8\', \'description\': \'  \""ST2000NM0011-SC HP G8 G9 3-TB 6G 7.2K 3.5 SATA SC \"" \""HP ST2000NM00"
562,{'Output': 'mismatch'},"{""Output"": ""mismatch""}"
563,{'Output': 'mismatch'},"{""Output"": ""match""}"
564,{'Output': 'match'},"', \'description\': \'  ""Intel Core i5 4460 Quad Core 3.2GHz 22nm Processor (BX80646I54460) - Novatech"" ""New Intel Core i5 4460 Quad Core 3.2GHz 22nm Processor (BX80646I54460)"
565,{'Output': 'mismatch'},"-\', \'Pakketpost (boven €50,-)\': \'€ 0,-\', \'Pakketpost (boven €100,-)\': \'€ 0,-\', \'Pakketpost (boven €200,-)\': \'€ 0,-\', \'Pakketpost (boven €500,-)\': \'€ 0,-\"
566,{'Output': 'mismatch'},".5 DP SAS\', \'category\': \'Null\', \'subcategory\': \'Price\', \'brand\': \'HP\', \'sku\': \'512743-001-2Pack\', \'type\': \'New 512743-001 SAS 2 Pack Wholesale Price 51274"
567,{'Output': 'mismatch'},"{""Output"": ""match""}"
568,{'Output': 'match'},"\'af140', \'type\': \'Air Cooler\', \'description\': \'  \""Corsair Air Series AF140 Quiet Edition High Airflow Single Fan\"" ""Null""   ""Description:Corsair Air Series AF140 Quiet Edition High Airflow Single Fan"" ""Null""   ""Description:Corsair Air Series AF140 Quiet Edition High Airflow Single"
569,{'Output': 'match'},"description\': \'  \""3R-A3851-AA 15K 72.8GB 3.5 SCSI Internal Hard Drive in 2Pack\"" ""3R-A3851-AA 15K 72.8GB 3.5 SCSI Internal Hard Drive in 2Pack"" Description:3R-A3851-AA 15K 72."
570,{'Output': 'mismatch'},"\': \'SATA\', \'description\': \'  ""ST2000DM001 Seagate 2 TB 7200 RPM 3.5 SATA"" ""Null""   ""Description:2 TB Seagate Barracuda 7200 RPM 3.5-inch SATA hard drive\', \'title\': \'ST2000DM0"
571,{'Output': 'mismatch'},"{""Output"": ""mismatch""}"
572,{'Output': 'mismatch'},"111111]\', \'category\': \'\', \'Categorie\': \'Processors\', \'Merk\': \'AMD\', \'Product\': \'AMD Phenom II X4 955 Black Edition\', \'Uitvoering\': \'AMD Phenom II X4 955 Black Edition\', \'EAN\':"
573,{'Output': 'mismatch'},"D)\'}', 'Entity_2': '{\'title\': \'Samsung 850 EVO Series M.2 1TB SATA 6Gbps Solid State Drive (MZ-N5E1T0BW)\', \'category\': \'Computers/Electronics\', \'subcategory\': \'Storage/Memory\', \'brand\': \'S"
574,{'Output': 'mismatch'},"': '{\'title\': \'417190-002 HP 72-GB 15K 3.5 DP SAS 5 Pack \', \'category\': \'\', \'subcategory\': \'\', \'brand\': \'HP\', \'sku\': \'417190002\', \'type\': \'Serial"
575,{'Output': 'mismatch'},"_2': '{\'title\': \'Gigabyte Radeon RX 550 D5 2GB GDDR5 PCI-Express Graphics Card\', \'category\': \'Computers_and_Accessories\', \'subcategory\': \'\', \'brand\': \'Gigabyte\', \'sku\': \'GV-RX550D5-"
576,{'Output': 'mismatch'},"HP Xeon 5130 2.0GHz DL140 G3""   ""Null""   ""Description:Intel\u00ef\u00bf\u00bd Xeon\u00ef\u00bf\u00bd 5130 DL140 G3(2.0\', \'title\': \'417772-"
577,{'Output': 'mismatch'},"': \'""CAD"", ""$1199.99 CAD""\', \'description\': \'  ""340769-001 HP StorageWorks DLT4000 Tape Drive"" New 340769-001 Tape Drive Wholesale Price\', \'title\': \'340769-001 HP StorageWorks DLT4"
578,{'Output': 'mismatch'},", ATX, E-ATX, 1366, 1200, 1100, 941, 939, 945, 750, 768, 760, 775, 785, 790, 795, 845, 1354, 1366, 1"
579,{'Output': 'mismatch'},"{""Output"": ""mismatch""}"
580,{'Output': 'mismatch'},"Internal)\', \'Interface\': \'Serial ATA\', \'Maximum Sustained Transfer Rate\': \'140MB/s\', \'Spindle Speed\': \'7200RPM\', \'Average Seek Time\': \'8.5ms\', \'Hot Swap Tray\': \'Not Included\', \'Manufacturer\': \'"
581,{'Output': 'mismatch'},"{""Output"": ""mismatch""}"
582,{'Output': 'mismatch'},"\'455035-B22 HP Xeon X3210 2.13GHz DL120 G5\', \'subcategory\': \'Intel Xeon\', \'sku\': \'455035b22\', \'type\': \'Processor\'}', 'Entity_2': '{\'title\': \'45"
583,{'Output': 'mismatch'},"\': \'Hard Drive\', \'Sub-Category\': \'15K\', \'Generation\': \'SAS\', \'Part Number\': \'HP 432094-B21\', \'Product ID\': \'455287_HP_HardDrives\', \'Capacity\': \'146GB\', \'Interface\':"
584,{'Output': 'mismatch'},"\'7200 RPM\', \'description\': \'  ""HP, 628061-S21, 3000GB, 7.2K, 3.5 inches, 6G = 6Gb/sec (750 MB/s), 7200 RPM, SATA SCSI, Hot-Swap, Gen8, 22-Position"
585,{'Output': 'match'},"00 4-Core 3.4GHz LGA 1151 Processor - 65W""@en Processor/CPU (ili76700)""@en\', \'title\': \'Intel Core i7 6700 4-Core 3.4GHz LGA 1151 Processor - 65W\', \'subcategory\': \'"
586,{'Output': 'mismatch'},"{""Output"": ""match""}"
587,{'Output': 'mismatch'},"ard\', \'category\': \'Hard Drive\', \'Sub-Category\': \'10K\', \'Generation\': \'SAS NHP\', \'Part Number\': \'HP 293461-B21\', \'Product ID\': \'455693_HP_HardDrives\', \'Capacity\': \'400"
588,{'Output': 'mismatch'},"ability\': \'1S Only\', \'description\': \'  \""Intel Core i7 6700 4.20GHz Quad Core Processor with Intel HD Graphics 630 - 91W\"" "" Intel Core i7 6700 4.20GHz Quad Core Processor with Intel HD Graphics 630 - 91W\""@en Intel"
589,{'Output': 'match'},"{""Output"": ""match""}"
590,{'Output': 'mismatch'},"': \'Dell\', \'Product\': \'Dell UltraSharp U2711 27 inch Widescreen LED Backlit Monitor\', \'Uitvoering\': \'Dell UltraSharp U2711 27 inch Widescreen LED Backlit Monitor\', \'EAN\': \'4718755065736\', \"
591,{'Output': 'mismatch'},"W\', \'type\': \'Internal Solid State Drive (SSD)\', \'description\': \'  ""Samsung 840 EVO Series 250GB SATA III 6Gb/s 2.5"" Internal Solid State Drive (SSD) MZ-7TE250BW"" ""Null""   ""Description:Samsung 840 EVO Series"
592,{'Output': 'mismatch'},"'sku\': \'458418b21\', \'type\': \'Intel Xeon E5410 ML370 G5\', \'description\': \'  ""458418-B21 HP E5410 2.33GHz ML370 G5"", ""Null"" Price 458418-B2"
593,{'Output': 'mismatch'},"]\', \'brand\': \'ADATA\', \'category\': \'\', \'Category\': \'Memory\', \'Sub-Category\': \'DDR3 SODIMM\', \'Generation\': \'DDR3\', \'Part Number\': \'AD860KX2B-256MB\', \'Products ID\': \'111"
594,{'Output': 'mismatch'},"', \'description\': \'  ""Gigabyte BRIX GB-BXBT-2807\', \'title\': \'Gigabyte BRIX GB-BXBT-2807\', \'sku\': \'gb-bxbt-2807\', \'type\': \'Barebones PC\', \'brand\': \'Gig"
595,{'Output': 'mismatch'},"atech""@en  ""Ryzen 5 1600X Six-Core Processor without cooler ""@en | YD160XBCAEWOF Novatech""@en  \""AMD Ryzen 5 1600X Six-Core Processor without cooler \""@en | YD160XBCAEWOF Novatech\""@en  \""Ryzen 5 1"
596,{'Output': 'mismatch'},"s Data Traveler G4 White/Blue Retail\', \'type\': \'USB Flash Drive\'}', 'Entity_2': '{\'title\': \'Kingston DTIG4/16GB CUK 16GB USB 3.1 Flash Drive r40MB/s w10MB/s Data Traveler G4 White/Blue Retail\', \'category\': \'\', \'subcategory"
597,{'Output': 'match'},"1]\', \'brand\': \'HP\', \'category\': \'Memory\', \'Sub-Category\': \'4GB\', \'Generation\': \'DDR3\', \'Part Number\': \'HP 4GB DDR3 SDRAM 1333MHz 2Rx8 PC3-12800 Non-ECC Unbuffered Memory Module (BD"
598,{'Output': 'mismatch'},"{""Output"": ""mismatch""}"
599,{'Output': 'mismatch'},"25MHz, 11b: -80dBm@1MHz, 11g: -72dBm@20MHz, 11n: -68dBm@20MHz\', \'description\': \'  \""TL-WN881ND 2.4GHz Wireless N Nano USB Adapter - 150Mbps -"
600,{'Output': 'match'},"2x4GB) PC6400 SDRAM Kit"" ""New 504351-B21 Kit Wholesale Price 504351-B21"" ""504351-B21 HP 8GB (2x4GB) PC6400 SDRAM Kit"" ""504351-B21 HP 8GB (2x4GB"
601,{'Output': 'mismatch'},"\', \'title\': \'Antec P380 - Stylish and High End Performance Case (ORDERED AS BYZ3777)\', \'sku\': \'P380\', \'type\': \'Full Tower Case\', \'description\': \'  \""STYLISH AND HIGH END PERFORMANCE CASE (ORDERED AS BYZ3777)\"
602,{'Output': 'match'},"10K FC-AL\', \'category\': \'Storageworks HDD\', \'subcategory\': \'Description:2 x StorageWorks 72.8GB 10K Fibre Channel 40 pin 2GB/s HotSwap FCAL Hard Drive\', \'brand\': \'HP\', \'sku\': \'359461-00"
603,{'Output': 'mismatch'},"{""Output"": ""match""}"
604,{'Output': 'mismatch'},"3.5 6G SP SATA\', \'category\': \'SATA\', \'subcategory\': \'7.2K\', \'brand\': \'Seagate\', \'sku\': \'ST2000NM0011\', \'type\': \'Hard Drive\', \'description\': \'  ""ST2000NM0"
605,{'Output': 'mismatch'},"z 4-Core 128MB L3 Cache Socket AM3+ Boxed (AD870KXBI44JC, AD870KXBJCSBX) \"", \""Null\"" ""AMD Athlon X4 870K Black Edition 3.90GHz 4-Core 128MB L3 Cache Socket AM3+"" \'}', 'Entity_2':"
606,{'Output': 'mismatch'},"93472-B22 MSL5026 SDLT RackMount Tape Library\', \'category\': \'HP\', \'subcategory\': \'Description:HP MSL5026 160/320GB SDLT RackMount Tape LibraryPart Number(s) Hewlett-Packard Part# 293472-B22\', \"
607,{'Output': 'mismatch'},"""CA-S340W-B3 NZXT CA-S340W-B3 ATX Mid Tower Case"" ""Null""   ""Description:CA-S340W-B3 NZXT CA-S340W-B3 ATX Mid Tower Case""', 'title\': \'CA-S340W-B3 NZXT CA-S340W-B"
608,{'Output': 'mismatch'},"{\'/sku\': \'[mz750120bw]\', \'category\': \'\', \'description\': \'  ""120Gb Samsung 750 EVO Series S-ATA3 Solid State 2.5In Drive"" Drive | SSD-MZ-750120BW""  ""120Gb Sam\', \'title\"
609,{'Output': 'match'},"3.5-inch SATA Hot-Plug Hard DriveIn HPE Hot-Plug Hard Drive Enclosure"" Price 658102-001 "" 2-TB 6G 3.5-inch SATA Hot-Plug Hard DriveIn HPE Hot-Plug Hard Drive Enclosure"" ""Null"" Price 658102-001 "" 2-TB 6G"
610,{'Output': 'mismatch'},")\': \'€ 0,-\', \'Pakketpost (vanaf € 25,-)\': \'€ 0,-\', \'Pakketpost (vanaf € 25,- i.c.m. iDEAL)\': \'€ 0,-\', \'Pakketpost (vanaf € 25,- i.c.m. iDEAL)\': \'€"
611,{'Output': 'mismatch'},"\'description\': \'  ""518736-001-2Pack HP StorageWorks 10K Fibre Channel 3.5 inch x 1 inch Plug-in Module 2 Pack"", ""Null"" ""New 518736-001-2Pack HP StorageWorks 10K Fibre Channel 3.5 inch x 1 inch Plug-in"
612,{'Output': 'mismatch'},"': '{\'/mpn\': \'[653124b21]\', \'brand\': \'HP\', \'category\': \'Null\', \'Category\': \'Proliant HardDrive\', \'Sub-Category\': \'Solid State Drive\', \'Generation\': \'SATA SSD\', \'Part Number\': \'65"
613,{'Output': 'mismatch'},"'Kingston\', \'sku\': \'SD10VG2/64GB, SD10VG264GB\', \'type\': \'Flash Memory Card\', \'description_long\': \'Kingston Class 10 UHS-I U1 Class 10 Flash Memory Card (SD10VG2/64GB)\'}', 'Entity_2': '"
614,{'Output': 'mismatch'},Output: mismatch
615,{'Output': 'match'},"600MB/s\', \'Cache Policy\': \'Write Back\', \'Cache Size\': \'128MB\', \'description\': \'  ""631667-B21 HP P222/512 128MB 6Gb/s 8-Port RAID Controller""  ""631667-B21 HP P"
616,{'Output': 'mismatch'},"', \'brand\': \'3.06GHz Wholesale\', \'category\': \'Null\', \'Category\': \'Proliant Server\', \'Sub-Category\': \'BL20\', \'Part Number\': \'323146-B21\', \'Products ID\': \'6184\', \'Chassis"
617,{'Output': 'mismatch'},"akketpost (vanaf € 59,95)\': \'€ 0,-\', \'Pakketpost (vanaf € 69,95)\': \'€ 0,-\', \'Pakketpost (vanaf € 79,95)\': \'€ 0,-\', \'Pakketpost (vanaf € 89,95)\': \'€"
618,{'Output': 'mismatch'},"21\', \'Products ID\': \'141941\', \'Type\': \'Hard Drive\', \'Capacity\': \'300GB\', \'Interface Type\': \'SATA\', \'Spindle Speed\': \'7200RPM\', \'Form Factor\': \'3.5 inches (3.5\"")\', \"
619,{'Output': 'mismatch'},"ABBOX"" ""AMD A6-9500 APU""@en ""AMD A6-9500 APU""@en ""AMD A6-9500 APU""@en ""AMD A6-9500 APU""@en ""AMD A6-9500 APU""@en ""AMD A6-9500 APU""@en ""AMD"
620,{'Output': 'mismatch'},"'category\': \'Computers_and_Accessories\', \'subcategory\': \'Computers_and_Accessories\', \'brand\': \'Corsair\', \'sku\': \'csrair240\', \'type\': \'Description:Corsair Carbide Air 240 Cube Case - Black\', \'description\': \'  """
621,{'Output': 'mismatch'},"0 Add-In Processors (CPUs\', \'brand\': \'Intel\', \'sku\': \'bx80646i54570\', \'type\': \'Processor\', \'description\': \'  ""Intel Core i5 4570 / 3.2 GHz processor"" "" Intel processor - BX80646I5"
622,{'Output': 'mismatch'},"21 SAS 1 Pack Wholesale Price 432094-B21-1Pack"" ""New 432094-B21 SAS 1 Pack Wholesale Price 432094-B21-1Pack"" ""New 432094-B21 SAS 1 Pack Wholesale Price 432094-B21"
623,{'Output': 'mismatch'},"yd1500bbaebox\', \'type\': \'Processor\', \'description\': \'  ""AMD Ryzen 5 1500X Quad-Core Processor with Wraith Spire 95W cooler Novatech""@en | YD1500BBAEBOX Novatech\', \'description\': \'  ""AMD Ryzen"
624,{'Output': 'mismatch'},"{""Output"": ""mismatch""}"
625,{'Output': 'mismatch'},"{""Output"": ""match""}"
626,{'Output': 'mismatch'},"description\': \'  ""323450-001 HP Proliant DL360 G1 550MHz 1GB"" ""Null"" Price 323450-001"" 1GB Wholesale 323450-001""  ""\', \'title\': \'323450-001 HP Proliant DL"
627,{'Output': 'mismatch'},"\'[192106b21]\', \'brand\': \'""HP Enterprise""\', \'category\': \'Computers_and_Accessories\', \'Category\': \'Proliant\', \'Sub-Category\': \'TapeDrive\', \'Generation\': \'110/220GB\', \'Part Number\': \'192"
628,{'Output': 'match'},"\'Generation\': \'M2073R\', \'Part Number\': \'MAY2073R-001-10Pack\', \'Products ID\': \'463285\', \'Type\': \'Hard Drive - Hot-Swap\', \'Capacity\': \'72GB\', \'Interface Type\': \'Serial Attached"
629,{'Output': 'mismatch'},"{""Output"": ""mismatch""}"
630,{'Output': 'match'},"\': \'Seagate\', \'Description :\': \'1Tb Seagate Barracuda 7200rpm SATA3 64Mb HardDrive\', \'Type :\': \'Hard Drive\', \'SKU\': \'hds1000dm3\', \'Title :\': \'1Tb Seagate Barracuda 72"
631,{'Output': 'mismatch'},"\': \'288\', \'Voltage\': \'1.5V\', \'description\': \'  ""Corsair Vengeance LPX 32GB (2x16GB) DDR4 3000MHz (PC4-24000) UDIMM 1.5V"" Corsair Vengeance LPX 32GB (2x"
632,{'Output': 'mismatch'},"{""Output"": ""match""}"
633,{'Output': 'mismatch'},"title\': \'TP-LINK TL-SF1008D Switch de sobremesa con 8 puertos a 10/100 Mbps\', \'subcategory\': \'8 Ports\', \'brand\': \'TP-Link\', \'sku\': \'tlsf1008d\', \'type\': \'Switch\'}', 'Entity_"
634,{'Output': 'mismatch'},"Speed\': \'15000 rpm\', \'description\': \'  ""HPE 782995-001 6TB 15K 3.5 Internal Serial Attached SCSI 2"" ""Description:HPE 782995-001 6TB 15K 3.5 Internal Serial Attached SCSI 2""   """
635,{'Output': 'mismatch'},"300GB 6G 10K 2.5 DP SAS HDD\', \'formFactor\': \'2.5-inch\', \'description2\': \'  ""DG0300FARVV HP 300-GB 6G 10K 2.5 DP SAS HDD""@en Drive LN31111 - D"
636,{'Output': 'mismatch'},"\': \'1 x Intel Xeon MP 2.2 GHz\', \'Type\': \'Server\', \'Dimensions (WxDxH)': \'7 in x 28.9 in x 10.5 in\', \'price\': \'\""USD\"", \""$2,032.25\""\', \'description\': \'  \""Hewlett"
637,{'Output': 'match'},"\', \'Merk\': \'Intel\', \'Product\': \'Intel Core i7-7800X\', \'Uitvoering\': \'Intel Core i7-7800X\', \'EAN\': \'5032037105095\', \'SKU\': \'bx80673i"
638,{'Output': 'match'},"DR4 SDRAM DDR4 2133MHz CL15 8GB (2 x 4GB) Memory Module - HX424C15FWK2/32 ""@en ""Kingston HyperX Fury 8GB (2 x 4GB) DDR4 2133MHz CL15 Memory Module - HX424C15FWK2/32"""
639,{'Output': 'mismatch'},"K\', \'Generation\': \'SATA SC\', \'Part Number\': \'430165-003\', \'Products ID\': \'462705\', \'Type\': \'Hard Drive - Hot-Swap - Gen8\', \'Large Form Factor\': \'3.5 inches\', \'Capacity\': \'16"
640,{'Output': 'match'},"{""Output"": ""match""}"
641,{'Output': 'match'},"\'Description:Crucial MX300 750GB SSD SATA 6Gbps 3D Nand 7mm Solid State Drive (CT750MX300SSD1)\', \'brand\': \'Crucial\', \'sku\': \'CT750MX300SSD1\', \'type\': \'Solid State Drive"
642,{'Output': 'mismatch'},"{""Output"": ""match""}"
643,{'Output': 'mismatch'},"_Accessories\', \'Category\': \'Computers and Accessories\', \'Sub-Category\': \'Computers\', \'Generation\': \'Intel Core i7\', \'Part Number\': \'HP41719-0002\', \'Products ID\': \'111111\', \'Capacity\': \'8GB\', \"
644,{'Output': 'mismatch'},"6G 10K 2.5 DP SAS\', \'subcategory\': \'10K\', \'sku\': \'eg0146fartr\', \'type\': \'Hard Drive - Hot-Swap\', \'description_short\': \'146GB 10K SAS Drive\', \'description_long\': \'EG0"
645,{'Output': 'mismatch'},"'Yes\', \'description\': \'  ""Intel Core i7-7800X Processor 3.5GHz 6-Core LGA2011-3""@en  ""Intel Core i7-7800X Processor 3.5GHz 6-Core LGA2011-3""@en\', \'title\': \'Intel Core i"
646,{'Output': 'mismatch'},"\', \'sku\': \'461826b21\', \'type\': \'Memory Module\'}', 'Entity_2': '{\'title\': \'461826-B21 HP 2GB PC5300 (2x1GB) Kit\', \'category\': \'\', \'subcategory\': \'Price 4618"
647,{'Output': 'mismatch'},"11\', \'Capacity\': \'300GB\', \'Form Factor\': \'3.5 inches x 1/3H\', \'Interface\': \'Serial ATA\', \'External Data Transfer Rate\': \'300MB/s\', \'Spindle Speed\': \'10000RPM\', \'Average Latency\': \"
648,{'Output': 'match'},"aveler SE9 G2 128GB Zilver""@en 128GB Zilver | Kingston DataTraveler SE9 G2 128GB\', \'title\': \'Kingston DataTraveler SE9 G2 128GB Zilver\', \'subcategory\': \'\', \'brand\': \'Kingston\', \'sku\':"
649,{'Output': 'mismatch'},"Hewlett Packard\', \'category\': \'Memory\', \'Categorie\': \'Memory\', \'Sub-Category\': \'SDRAM\', \'Generation\': \'DDR3\', \'Type\': \'SDRAM\', \'Part Number\': \'508429001-455694hp\', \'"
650,{'Output': 'mismatch'},"Dominator Platinum 16GB (2x8GB) DDR4 PC4-24000 3000MHz Dual Channel Kit\', \'category\': \'DDR4\', \'subcategory\': \'3000MHz\', \'brand\': \'Corsair\', \'sku\': \'CMD16GX4M2B3"
651,{'Output': 'mismatch'},"{""Output"": ""mismatch""}"
652,{'Output': 'mismatch'},"ray\': \'Yes\', \'description\': \'  ""430165-003-10Pack HP 146GB 6G 10K 2.5 DP SAS HDD"", ""Null"" Price 430165-003-10Pack"" ""430165-003-10Pack HP 146GB"
653,{'Output': 'mismatch'},"\'Sub-Category\': \'7.2K\', \'Generation\': \'SATA SC\', \'Part Number\': \'651160-001\', \'Products ID\': \'451160-001\', \'Type\': \'Hard Drive - Hot-Swap - Gen8\', \'Large Form Factor\': \"
654,{'Output': 'mismatch'},"146GB\', \'Interface Type\': \'Serial Attached SCSI (SAS)\', \'description\': \'  \""430165-003 HP 146GB 10K 2.5 15K SAS\"", \""Null\"" Price 430165-003\"" \""New 430165-003 HP 1"
655,{'Output': 'mismatch'},"\'Corsair Vengeance LED 32GB (4x 8GB) 3000MHz DDR4 ""4X8GB Quad Channel DIMM - CMU32GX4M4C3000C15 | CCL Computers"" <br> Stunning LED lighting and superior overclocking,\', \'category\': \'\', \'subcategory\': \'\',"
656,{'Output': 'mismatch'},"""Synology DS1517+ (8GB), 5-bay NAS server with 2.13GHz dual-core Intel Atom CPU, 8GB DDR3 RAM, 2 x Gigabit Ethernet ports, 2 x USB 3.0, 2 x USB 2.0, 1 x eSATA, 1 x HDMI, 1 x audio jack, 1"
657,{'Output': 'mismatch'},"'sku\': \'cmz8gx3m1a1600c10\', \'type\': \'8GB DDR3 1600MHz CL10 Unbuffered DIMM\', \'description_es\': \'  ""Memoria RAM Modulo, 1x8GB DDR3-1600Mhz, 10-10-"
658,{'Output': 'mismatch'},"\': \'  ""653078-B21 HP G8 G9 200-GB 6G 2.5 SAS SC SSD"" ""HP 653078-B21 SSD Part# -653078-B21""  ""Description\', \'price\': \'€ 119,99\', \'description\':"
659,{'Output': 'mismatch'},"sku\': \'ST3500630NS\', \'type\': \'Description:1.5G 7200RPM 3.5-inch (LFF) Serial ATA(SATA) 500GB Hard Drive\', \'description\': \'  ""ST3500630NS HP 500-GB 1.5G 7."
660,{'Output': 'mismatch'},"{""Output"": ""mismatch""}"
661,{'Output': 'match'},"349237b21]\', \'brand\': \'HP\', \'category\': \'Hard Drive\', \'Sub-Category\': \'15K\', \'Generation\': \'SAS\', \'Part Number\': \'349237-B21\', \'Product ID\': \'141941dl320hard"
662,{'Output': 'mismatch'},"ape Drive"" ""Null""   ""Description:HP 15/30GB DLT Tape Drive"" ""Null""   ""Description:HP 15/30GB DLT Tape Drive"" ""Null""   ""Description:HP 15/30GB DLT Tape Drive"" ""Null""   ""Description:HP 15/30GB DLT Tape Drive"" ""Null""   ""Description:HP"
663,{'Output': 'mismatch'},"'€ 0,-\', \'Verzendkosten\': \'€ 0,-\', \'Verzendkosten (> € 100,-)\': \'€ 0,-\', \'Verzendkosten Nederland\': \'€ 5,95\', \'description\': \'  ""Synology DS1517+ (8GB) 8-bay"
664,{'Output': 'mismatch'},"619659102432\', \'SKU\': \'sdcfxps032gx46\', \'Tweakers ID\': \'457396\', \'description\': \'  \""Sandisk Extreme Pro Compact Flash 160MB/s\""@en CompactFlash LN659102432"
665,{'Output': 'mismatch'},"1333MHz Dual Channel Kit (TW3X4G1333C9A)\', \'category\': \'Corsair\', \'subcategory\': \'Memory\', \'brand\': \'Corsair\', \'sku\': \'tw3x4g1333c9a\', \'type\': \'Memory Kit\', \"
666,{'Output': 'mismatch'},"DR4 32GB (4 x 8GB) Unbuffered Non-ECC Memory Kit\', \'sku\': \'cmu32gx4m4c3000c15\', \'type\': \'Memory Kit\'}', 'Entity_2': '{\'title\': \'Corsair Vengeance White LED 32GB DDR4 3000"
667,{'Output': 'match'},"', \'Product\': \'Corsair Vengeance LPX 16GB (2 x 8GB) DDR4 3200MHz C16\', \'Uitvoering\': \'Corsair Vengeance LPX 16GB (2 x 8GB) DDR4 3200MHz C16\', \'EAN\': \'84"
668,{'Output': 'mismatch'},"', \'description\': \'  ""HP 508429-001-5Pack 400GB SAS 10K 3.5 inches x 1/3H (Low Profile) 10000RPM 3.5ms HotSwap: No""@en Hard Drive HP\', \'title\': \'HP 508429-001"
669,{'Output': 'mismatch'},"D FX-8350, 4.0GHz, 8-Core, Vishera, 125W, AM3+\""@en  ""Description:AMD FX-8350 8-Core Processor 4.0GHz AM3+\""@en  ""Description:AMD FX-8350 8-Core Processor 4.0GHz AM3+\"
670,{'Output': 'mismatch'},"46FAWJB-10Pack\', \'sku\': \'eh0146fawjb\', \'type\': \'Hard Drive\'}', 'Entity_2': '{\'title\': \'456896-001 HP 400-GB 10K 3.5 DP SAS HDD\', \'category\': \'\',"
671,{'Output': 'mismatch'},"Manufacturer\': \'Hewlett-Packard\', \'HP Serial Number\': \'Yes\', \'HP Logo\': \'Yes\', \'description\': \'  \""338974-B21 HP DL760 G2 7U Rack Server\"" \""Null\""   \""Description:HP DL760 G2 7U Rack Server\', \'"
672,{'Output': 'mismatch'},"title\': \'ST3500630NS Seagate 500GB 7.2K 3.5 1.5G SATA II\', \'category\': \'New\', \'subcategory\': \'ST3500630NS SATA II 10 Pack Wholesale Price\', \'brand\': \'Seagate\', \'sk"
673,{'Output': 'match'},"\': \'[518736001]\', \'/mpn\': \'[518736001]\', \'brand\': \'HP\', \'category\': \'Null\', \'Category\': \'Storageworks HDD\', \'Sub-Category\': \'10K\', \'Generation\': \'Fibre Channel\"
674,{'Output': 'mismatch'},"8\', \'Generation\': \'DDR2\', \'Part Number\': \'500660-B21\', \'Products ID\': \'111111\', \'Type\': \'2GB DDR2 SDRAM Memory Module\', \'Capacity\': \'2GB\', \'description\': \'  \""50066"
675,{'Output': 'mismatch'},"State Drive with 256bit AES encryption"", ""Null"" Price Intel 540s 240GB M.2 SATA SSD/Solid State Drive with 256bit AES encryption"" ""New Intel 540s 240GB M.2 SATA SSD/Solid State Drive with 256bit AES encryption\', \'type\': \'Solid State Drive"
676,{'Output': 'mismatch'},"1.5 1MB 1P Blade"" ""Null""   ""Description: BL40P Xeon 1.5 1MB 1P BladeHewlett\', \'description\': \'  ""293461-B21 BL40P Xeon 1.5 1MB 1P Blade"" ""Null""   ""Description: BL40P Xe"
677,{'Output': 'mismatch'},"\'description\': \'  \""287497-B21 HP 1GB 266MHz DDR PC2100\"", \""Null\"" \""New 287497-B21 PC2100 Wholesale Price 287497-B21\""  ', \'title\': \'287497-B21 HP 1"
678,{'Output': 'mismatch'},"{""Output"": ""mismatch""}"
679,{'Output': 'mismatch'},"Plug Hard Drive\', \'description\': \'  ""456896-001 HP 400-GB 10K 3.5 DP SAS HDD""@en  ""New 456896-001 HP 400GB 10K 3.5-inch Dual Port SAS HDD""@en  ""Description:1 x"
680,{'Output': 'mismatch'},"\', \'type\': \'Intel Xeon E7400 DL120 G5\', \'description\': \'  ""533993-B22 HP Xeon E7400 2.8GHz DL120 G5"" ""Null""   ""Description:Intel Xeon E7400 DL120 G5(2.80"
681,{'Output': 'mismatch'},"title\': \'Corsair CMSO4GX3M1A1333C9 4gb Ddr3 1333mhz Sodimm Unbuff Cl9 For Laptops\', \'sku\': \'cmso4gx3m1a1333c9\', \'type\': \'Memory\', \'manufacturer\': \'C"
682,{'Output': 'mismatch'},"1060 3GB Gaming 3G\', \'Uitvoering\': \'Gigabyte GeForce GTX 1060 3GB Gaming 3G\', \'EAN\': \'4719331331283\', \'SKU\': \'gvn1060g1gaming3gd\', \'"
683,{'Output': 'mismatch'},"\', \'Base Clock Speed\': \'3.4 GHz\', \'Turbo Clock Speed\': \'3.8 GHz\', \'description\': \'  ""Intel Core i5-7500 4-Core 3.4 GHz LGA1151 Processor"", ""Null"" ""Intel Core i5-7500 4-Core 3."
684,{'Output': 'mismatch'},"5B28 HP 36.4-GB 10K FC-AL HDD"" ""Null""   ""Description:StorageWorks 36.4GB 10K Fibre Channel 40 pin 2GB/s HotSwap FCAL Hard Drive""@en ""BD03655B28 HP 36.4-GB 10K FC-AL HDD"" ""Null"""
685,{'Output': 'mismatch'},"{""Output"": ""mismatch""}"
686,{'Output': 'mismatch'},"0C16 16GB (2 x 8GB) DDR4 288-pin SODIMM\', \'category\': \'Memory\', \'subcategory\': \'Corsair\', \'brand\': \'Corsair\', \'sku\': \'cmk16gx4m2a2400c16\', \'type\"
687,{'Output': 'mismatch'},"\'8.5ms\', \'Hot Swap Tray\': \'Not Included\', \'Manufacturer\': \'Seagate\', \'Pre-Failure Warranty\': \'Yes\', \'Cache\': \'32MB\', \'description\': \'  ""* SEAGATE BARRACUDA ES.2 ST31000524"
688,{'Output': 'mismatch'},"\', \'description\': \'  ""409159-B21 HP Xeon E5345 2.33GHz DL160 G3"" ""Null""   ""Description:Intel Xeon E5345 DL140 G3(2.33GHz/4-core/8MB/80W)Full Processor Option Kit\', \'title"
689,{'Output': 'match'},"\'1.7GB\', \'Graphics Output\': \'eDP/DP/HDMI/DVI\', \'4K Support\': \'Yes, at 60Hz\', \'Max Resolution (Intel WiDi)': \'1080p\', \'Max Resolution (HDMI 1.4)': \'[email protected]\', \'Max Resolution (DP)"
690,{'Output': 'mismatch'},"30165-003 HP 146-GB 3G 10K 2.5 DP SAS 2 Pack\', \'sku\': \'43016500310pack\', \'type\': \'2.5-inch Hot-Plug Midline (MDL) Serial Attached SCSI (SAS) Hard Drive\', \'Price"
691,{'Output': 'match'},"ketpost DPD Max\': \'€ 12,95\', \'description\': \'  ""Intel Core i7-6700K 4-Core 4.0 GHz LGA 1151 Boxed Processor"" ""Null""   ""Description:Intel Core i7-6700K 4-Core 4.0 GHz LGA 1151 Box"
692,{'Output': 'mismatch'},"\': \'  ""Corsair Vengeance LPX 32GB (2x16GB) DDR4 2133MHz Memory Kit - Black (CMK32GX4M2A2133C13) - 288-Pin DIMM - 1.2V - Dual Channel - Non-ECC Unbuffered - 13-15-15"
693,{'Output': 'mismatch'},"3m2a1600c9\', \'type\': \'DDR3\', \'description\': \'  \""Corsair Vengeance - DDR3 8 GB : 2 x 4 DIMM 240-pin\"" ""Corsair Vengeance 8GB (2x4GB) DDR3 1600MHz CAS 9\""'}'}"
694,{'Output': 'mismatch'},"', \'subcategory\': \'\', \'sku\': \'tlsg1024d\', \'type\': \'Desktop Switch\'}', 'Entity_2': '{\'title\': \'TP-Link TL-SG1024D 24-Port Gigabit Switch - Prijzen @NL Tweakers @NL\', \'category\': \'Netwerkapp"
695,{'Output': 'mismatch'},"6)\', \'sku\': \'hx318c9srk216\', \'type\': \'Memory Module\', \'brand\': \'Kingston\', \'description\': \'  ""Kingston HyperX Savage Red 16GB (2x8GB) DDR3 PC3-14400C9 1866MHz Dual"
696,{'Output': 'mismatch'},"80662i36100\', \'type\': \'Intel Core i3 6100\', \'description\': \'  ""Intel Core i3 6100 / 3.7 GHz processor"" "" Intel processor - BX80662I36100 Add-In Processors (CPUs\', \'title\': \'Intel"
697,{'Output': 'mismatch'},"{""Output"": ""match""}"
698,{'Output': 'mismatch'},"{""Output"": ""match""}"
699,{'Output': 'match'},"{""Output"": ""mismatch""}"
700,{'Output': 'mismatch'},"'  ""359623-B21 1P Blade ProLiant BL20p G2 512 MB 1 MB DDR SDRAM 1 GB Cache Memory 1 GB RAM 0 GB Hard Drive 1 GB Hot-Swap Hard Drive Carrier 0 GB Hot-Swap Hard Drive 1 GB Hot-Swap Hard Drive Carrier 1 GB Hot-Swap Hard Drive Carrier"
701,{'Output': 'mismatch'},"'description\': \'  ""431786-B21-5Pack HP 120GB 5.4K 2.5 150 SATA-150"", ""Null"" Price 431786-B21-5Pack "" ""New 431786-B21-5Pack \', \'title\': \'43178"
702,{'Output': 'mismatch'},"hp\', \'Type\': \'Hard Drive - Hot-Swap\', \'Capacity\': \'146GB\', \'Interface Type\': \'Serial Attached SCSI\', \'Spindle Speed\': \'15000RPM\', \'description\': \'  ""HP 417190-002-5Pack HP 146-"
703,{'Output': 'mismatch'},"', \'description\': \'  \""603608-B21 HP Xeon X7560 2.26GHz BL620c G7\"" ""Null""   ""Description:Intel\u00ef\u00bf\u00bd Xeon\u00ef\u00bf\u00bd X7560 2.26"
704,{'Output': 'mismatch'},"Hard Drive (Internal)\'}', 'Entity_2': '{\'title\': \'ST500DM002 500GB 3.5"" SATA 3 7200RPM 16MB CACHE - Inside-Pc\', \'category\': \'Inside-Pc\', \'subcategory\': \'Inside-Pc\', \'brand\':"
705,{'Output': 'mismatch'},"5]\', \'brand\': \'HP\', \'category\': \'Hard Drive\', \'Category\': \'Hard Drive\', \'Manufacturer\': \'Hitachi\', \'Product Type\': \'3.5-inch Internal Hard Drive\', \'Interface\': \'SATA\', \'Capacity\': \'1TB\', \'Description\': \'"
706,{'Output': 'mismatch'},"HP\', \'category\': \'Proliant Server\', \'Sub-Category\': \'DL360p\', \'Generation\': \'G5\', \'Part Number\': \'518736-001\', \'Products ID\': \'14094\', \'Processor Capacity\': \'1 to 4\', \'"
707,{'Output': 'mismatch'},"en ""Computer Recording""@en  ""2-channel USB audio interface with\', \'description\': \'  ""UR22mkII""@en ""Computer Recording""@en  ""2-channel USB audio interface with\', \'title\': \'UR22mkII\', \'subcategory\': \'Computers > Computer Recording > Audio Interfaces > USB Audio Interfaces > USB"
708,{'Output': 'mismatch'},"50,-\': \'€ 0,-\', \'Opsturen vanaf € 25,-': \'€ 0,-\', \'description\': \'  ""AMD FX-6300 Black Edition 3.5GHz 6-Core Processor (FD6300WMHKBOX) - AMD FX-Series Processor""@en AMD FX-6300"
709,{'Output': 'mismatch'},"0,-\', \'description\': \'  ""Asus Prime H270-Pro Motherboard - Retail ""@en Asus Prime H270-Pro\', \'title\': \'Asus Prime H270-Pro Motherboard - Retail\', \'subcategory\': \'\', \'brand\': \'Asus\', \'sku\': \'90mb0"
710,{'Output': 'mismatch'},"\': \'120mm Fan\', \'Motherboard Support\': \'ATX, Micro-ATX, Mini-ITX\', \'Power Supply Compatibility\': \'Top Mounted\', \'Sub-Category\': \'CA-PH530-B1 Black CA-PH530-R1 Red CA-PH530-W1 White\', \'"
711,{'Output': 'mismatch'},"\': \'Hard Drives\', \'Sub-Category\': \'15K\', \'Generation\': \'SAS\', \'Part Number\': \'647897-002\', \'Products ID\': \'455191\', \'Capacity\': \'72GB\', \'Interface Type\': \'Serial Attached SC"
712,{'Output': 'mismatch'},"{""Output"": ""mismatch""}"
713,{'Output': 'mismatch'},"s 110/220 GB Tape Drive (192106-B21) New 192106-B21 Controller Wholesale Price\', \'title\': \'192106-B21 HP Storageworks 110/220 GB Tape Drive\', \'subcategory\': \'TapeDrive\', \'sku"
714,{'Output': 'match'},"PM\', \'Manufacturer\': \'Sun\', \'Pre-Failure Warranty\': \'Yes\', \'price\': \'""CAD"", ""$127.34 CAD""\', \'description\': \'  ""XTA-3510-73-GB-10K (540-5629) Sun 73-GB"" ""Null"
715,{'Output': 'match'},"': \'Enterprise\', \'Generation\': \'146GB\', \'Part Number\': \'HP43016-5003\', \'Products ID\': \'12001\', \'Type\': \'Hard Drive\', \'Form Factor\': \'3.5 inches x 1 inch (Internal)\', \'Interface\': \'"
716,{'Output': 'match'},"', \'SCSI Signaling Type\': \'Low Voltage Differential (LVD)\', \'Platform\': \'PC, Unix\', \'Dimensions (HxWxD)': \'3.39 in x 5.83 in x 8.35 in\', \'Wieght\': \'14lbs\', \'price\': \'""$31"
717,{'Output': 'mismatch'},"GHz DL120 G5"", ""Null"" G5 Wholesale 533993-B22 Price 533993-B22""  ""Des\', \'description\': \'  ""533993-B22 HP Xeon E7400 2.8GHz DL120 G5"", ""Null"" G5 Wholesale"
718,{'Output': 'mismatch'},"n\': \'[bx80677i77700]\', \'category\': \'Processor/CPU\', \'Processor Number\': \'i7-7700\', \'Status\': \'Launched\', \'Launch Date\': ""Q1\'17"", \'Lithography\': \'14 nm\', \'# of Cores\"
719,{'Output': 'mismatch'},"16 GB 8\""\', \'sku\': \'b018szt3bk\', \'type\': \'Tablets\', \'subcategory\': \'Amazon Tablets\'}', 'Entity_2': '{\'title\': \'All-New Fire HD 8 Tablet, 8"" HD Display, Wi-Fi, 16 GB 8\"" HD Display,"
720,{'Output': 'mismatch'},"': \'CA-S340W-B3\', \'type\': \'Mid Tower Case\', \'description_nl\': \'  ""NZXT S340 Elite Zwart Gaming Case met HDMI VR Ondersteuning""@en Ondersteuning LN73808 - CA-S340W-B3 | SCAN U\', \'description"
721,{'Output': 'mismatch'},"', \'sku\': \'495916b21\', \'type\': \'Description:HP Intel Xeon E5506 4 Core 2.13GHz LGA1366 MB L3 Processor\', \'description2\': \'  ""495916-B21 HP Xeon E5506 4 Core 2"
722,{'Output': 'mismatch'},",-\', \'description\': \'  ""Kingston Class 10 UHS-I SDXC 64GB SD10VG264GB""   ""Description:Kingston Class 10 UHS-I SDXC 64GB SD10VG264GB""  ""Description:Kingston Class 10 UHS-I SDXC 64GB SD10VG"
723,{'Output': 'mismatch'},"': \'New\', \'subcategory\': \'New 662078-B21 G8 Wholesale Price 662078-B21\', \'brand\': \'HP\', \'sku\': \'662078b21\', \'type\': \'Intel Xeon E5-2650L BL4"
724,{'Output': 'mismatch'},"01197212221]\', \'category\': \'Computers\', \'Categorie\': \'Borden\', \'Merk\': \'Epson\', \'Product\': \'Epson 90MB0L00M0EAY0\', \'Uitvoering\': \'Epson 90MB0L00M0E"
725,{'Output': 'mismatch'},".0GHz BL680c G7\', \'subcategory\': \'\', \'brand\': \'HP\', \'sku\': \'643774b21\', \'type\': \'Processor\', \'description\': \'  ""643774-B21 HP Xeon E74820 2.0GHz"
726,{'Output': 'mismatch'},"SD\', \'Part Number\': \'DL165 572071-B21\', \'Products ID\': \'459587_DL165_HardDrives\', \'Capacity\': \'165GB\', \'Interface\': \'SATA\', \'Enclosure\': \'Internal\', \'Drive Dimensions"
727,{'Output': 'mismatch'},"""@NL\', \'category\': \'\', \'subcategory\': \'\', \'brand\': \'Gigabyte\', \'sku\': \'gbbki3ha7100\', \'type\': \'\', \'description\': \'  ""Gigabyte GB-BKi3HA-7100 (rev. 1.0) -"
728,{'Output': 'mismatch'},"{""Output"": ""match""}"
729,{'Output': 'mismatch'},"': \'Steel\', \'Color\': \'Black\', \'description\': \'  \""761345838009 ANTEC NINE HUNDRED II BLACK STEEL CASE\"" ""ANTEC NINE HUNDRED II BLACK STEEL CASE""  ""Description:ANTEC NINE HUNDRED II BLACK STEEL CASE""  ""Description:AN"
730,{'Output': 'mismatch'},"', \'description\': \'  ""Kingston DataTraveler SE9 G2 128GB USB 2.0 Flash Drive"" DataTraveler SE9 G2 128GB USB 2.0 Flash Drive\', \'title\': \'Kingston DataTraveler SE9 G2 128GB USB 2.0 Flash Drive\', \'subcategory\': \'Kingston"
731,{'Output': 'mismatch'},"title\': \'ST3750330NS HP MSA2 750-GB 7.2K 3.5 SATA\', \'subcategory\': \'New ST3750330NS 7.2K 3.5 SATA MSA2 Hard Drive\', \'sku\': \'st3750330ns\', \'type\"
732,{'Output': 'mismatch'},"', \'type\': \'Processor\'}', 'Entity_2': '{\'title\': \'AMD Processor, AMD 8C Ryzen Threadripper 1920X 3.5GHz 3.7GHz Turbo 19MB L3 Cache 180W 2667MHz DDR4\', \'category\': \'\', \'subcategory\':"
733,{'Output': 'match'},"{""description"": ""\""}"
734,{'Output': 'mismatch'},"-2Pack"" ""Description:2 x IBM 146GB 2.5 SFF SAS 10K 2.5-inch Internal Hard Drive In tray (as pictured)For PCServer\', \'title\': \'42D0421 IBM 146-GB 2.5 SFF SAS 10K 2.5-inch Internal Hard Drive In tray (as pictured"
735,{'Output': 'mismatch'},"', \'Type\': \'Server\', \'description\': \'  \""293461-B21 Proliant BL40c Server\"", ""Null"" ""New 293461-B21 Proliant BL40c Server""  ', \'title\': \'293461-B21 Proliant BL40c Server\', \'"
736,{'Output': 'mismatch'},"{""Output"": ""match""}"
737,{'Output': 'mismatch'},"\': \'Hard Drive\', \'description_5pack\': \'7829950015pack\', \'description_10pack\': \'78299500110pack\', \'description_25pack\': \'78299500125pack\', \'description_50pack\': \'7829"
738,{'Output': 'mismatch'},"{""Output"": ""match""}"
739,{'Output': 'mismatch'},"8071-B21 HP 500-GB 7.2K SATA 22-Position Serial ATA (SATA) Hot-Swap Hard Drive"" ""Null""   ""New 658071-B21 5 Pack Wholesale Price 658071-B21-5Pack"" ""Description:5 x 500GB SATA 3.5"
740,{'Output': 'mismatch'},"{""Output"": ""mismatch""}"
741,{'Output': 'mismatch'},"00-GB 10K 3.5 DP SAS NHP 10 Pack "" ""508429-001 Part# -508429-001-10Pack""  ""Description:HP Smart Array NHP 10 Pack""  ""HP 508429-001 400GB 10K 3.5 DP S"
742,{'Output': 'mismatch'},"akketpost (boven €20,-)\': \'€ 0,-\', \'description\': \'  ""WD30EFRX 3TB Internal Hard Drive"" "" WD Red 3TB Internal Hard Drive - WD30EFRX"" ""Description:3TB Internal Hard Drive - WD Red - WD30EFRX"" ', \'title\': \'WD30"
743,{'Output': 'mismatch'},"{""Output"": ""match""}"
744,{'Output': 'mismatch'},"heugen\', \'Productserie\': \'Vengeance LPX\', \'Product\': \'Corsair Vengeance LPX\', \'Uitvoering\': \'Corsair 288-pin CMK16GX4M2B3000C15 SODIMM 16GB\', \'EAN\': \'08435"
745,{'Output': 'mismatch'},"0Mbps Desktop Switch\', \'sku\': \'TL-SF1008D\', \'type\': \'Switcher\', \'description_long\': \'TP-Link TL-SF1008D 8-Port 10/100Mbps Desktop Switch\', \'description_short\': \'8-Port 10/100"
746,{'Output': 'mismatch'},"-\', \'description\': \'  ""Corsair Vengeance LPX CMK32GX4M2B3000C15 - Prijzen ""@NL Tweakers""@NL"" \', \'description\': \'  ""Corsair Vengeance LPX CMK32GX4M2B3000C15 - Prijzen ""@NL Tweakers""@"
747,{'Output': 'mismatch'},"300MB/s\', \'description\': \'  ""MZN5E250BW Samsung 500GB 7200RPM 3.5-inch SATA 256MB Cache Hard Drive"" ""Null""   ""Description:500GB 3.5-inch SATA 7200RPM 256MB Cache Hard DriveIn HPE Drive tray"
748,{'Output': 'mismatch'},"\'1 x PCIe 3.0 x16, 1 x PCIe 2.0 x16, 1 x PCIe 2.0 x1, 1 x PCI\', \'Description\': \'  ""Intel® CoreTM i5-7200U 2.5GHz / 3.1GHz Processor, 2 x SO-DIMM DDR4 slots 2"
749,{'Output': 'match'},"': \'€ 4,99\', \'description\': \'  ""Kingston Class 10 UHS-I SDXC 64GB SD10VG264GB""  ""Kingston Class 10 UHS-I SDXC 64GB SD10VG2/64GB"" "" Kingston Class 10 UHS-I SDXC 64GB SD"
750,{'Output': 'mismatch'},"'BD1465822C-2Pack\', \'type\': \'Hard Drive Hot-Swap\', \'description\': \'  ""BD1465822C HP 146.8-GB 10K FC-AL"", ""Null"" Price BD1465822C-2Pack"" ""New BD1465822C FC"
751,{'Output': 'mismatch'},"{""Output"": ""mismatch""}"
752,{'Output': 'mismatch'},"{""Output"": ""match""}"
753,{'Output': 'mismatch'},"\'[431786b21]\', \'brand\': \'HPE\', \'category\': \'\', \'Category\': \'Hard Drive Enclosures\', \'Sub-Category\': \'4500 Series\', \'Generation\': \'G2\', \'Part Number\': \'431786-B21\', \'"
754,{'Output': 'mismatch'},"': \'Gratis\', \'description\': \'  \""FD8350FRHKBOX AMD FX-8350 4.0GHz 8-Core Black Edition\"", \""Null\"" ""New FD8350FRHKBOX AMD FX-8350 4.0GHz 8-Core Black Edition"" \'}', 'Entity_2': '{\'title\"
755,{'Output': 'mismatch'},"'/sku\': \'[4301690022pack]\', \'/mpn\': \'[430169002]\', \'brand\': \'HP\', \'category\': \'\', \'Category\': \'Proliant HardDrive\', \'Sub-Category\': \'15K\', \'Generation\': \"
756,{'Output': 'mismatch'},"\'title\': \'417190-002 HP 72-GB 15K 3.5 DP SAS 5 Pack\', \'subcategory\': \'\', \'sku\': \'417190002\', \'type\': \'15K 3.5-inch (LFF) SAS Hot-Plug Internal Hard"
757,{'Output': 'mismatch'},"0NM0033 Seagate 1-TB 7.2K 3.5 SATA"" ""Null""   ""Description: 1 x 1.0TB Seagate Barracuda ES.2 ""  ""ST1000NM0033 Seagate 1-TB 7.2K 3.5 SATA"" ""Null""   ""Description: 1 x 1"
758,{'Output': 'mismatch'},"\'391661-B21\', \'Products ID\': \'458231\', \'Product Type\': \'Adapter\', \'description\': \'  \""Null\"" \""391661-B21 HP NC340T 4-Port PCI-X Fibre Channel Adapter\""   \""Description:4 x HP NC340T"
759,{'Output': 'mismatch'},"1400 CFM\', \'Description\': \'  ""Corsair AF140 Quad Pack - High Performance Edition""@en Edition LN44578 CO-9050009-WW | SCAN U\', \'title\': \'Corsair AF140 Quad Pack - High Performance Edition\', \'subcategory\': \'140mm Cors"
760,{'Output': 'mismatch'},"322]\', \'brand\': \'Dell\', \'category\': \'Computers\', \'Category\': \'Desktops\', \'Sub-Category\': \'Towers\', \'Generation\': \'Intel Core i5-2400S\', \'Part Number\': \'fd6300wmhkbox\', \'Products"
761,{'Output': 'mismatch'},".2K 3.5-inch SATA SCSI Hard Drive"" ""New ST2000NM0011 Seagate 2-TB 7.2K 3.5-inch SATA SCSI Hard Drive\', \'title\': \'ST2000NM0011 Seagate 2-TB 7.2K 3.5-inch SATA SCSI Hard"
762,{'Output': 'mismatch'},"{""Type"": ""Monitoren""}"
763,{'Output': 'match'},"'340743-B22 HP 20/40-GB Int SCSI DLT\', \'subcategory\': \'TapeDrives\', \'sku\': \'340743b22\', \'type\': \'DLT 4000 Tape Drive\', \'description_fr\': \'  ""34074"
764,{'Output': 'match'},"ine HP 4GB\', \'Generation\': \'DDR3\', \'Part Number\': \'381817-001\', \'Products ID\': \'381817\', \'Capacity\': \'4GB\', \'description\': \'  \""381817-001 HP 4GB DDR3 SDRAM"
765,{'Output': 'match'},"u\': \'TBB013EU\', \'type\': \'Laptop Backpack\', \'description\': \'  ""Targus Eco Spruce 15-15.6"" Laptop Backpack Black\""@en-gb Bac... | TBB013EU £31.99 Insight UK""@en-g\', \'title\"
766,{'Output': 'mismatch'},"72-GB 3G 15K 2.5 DP SAS HDD"", ""Null"" ""New DH0072BALWL HDD Wholesale Price DH0072BALWL HDD Wholesale Price DH0072BALWL HDD Wholesale Price DH0072BALWL HDD Wholesale Price DH0072BALWL"
767,{'Output': 'mismatch'},"Hard Drive\', \'description\': \'  \""WD 2TB Black 3,5\"" SATA III 6Gbit/s 7200 RPM 64MB Cache (WD2003FZEX)\', \'Output': \'match\'}

Output: mismatch"
768,{'Output': 'mismatch'},"': \'647897b21\', \'type\': \'Memory Module\'}', 'Entity_2': '{\'title\': \'HP 8GB (1x8GB) Dual Rank x4 PC3L-10600R (DDR3-1333) Registered CAS-9 Low Voltage Memory Kit\', \'category\': \'\',"
769,{'Output': 'mismatch'},"{""Output"": ""mismatch""}"
770,{'Output': 'mismatch'},"ufacturer\': \'Seagate\', \'description\': \'  ""ST2000NM0011 2TB 3.5 inches x 1/3H (Internal) SATA HDD"" ""Null"" ""ST2000NM0011 2TB 3.5 inches x 1/3H (Internal) SATA HDD"" ""Null"" ""ST2"
771,{'Output': 'match'},"s 7.2K 3.5-inch Internal Hard Drive\', \'description_2pack\': \'  ""ST2000NM0011 Seagate 2-TB 7.2K 3.5 6G SP SATA 2 Pack Wholesale ST2000NM0011 Price S\', \'title_2pack\': \'ST200"
772,{'Output': 'match'},"\': \'\', \'brand\': \'New EG0146FARTR SAS 2 Pack Wholesale \', \'sku\': \'eg0146fartr2pack\', \'type\': \'Description:2 x 146GB 2.5-inch Serial Attached SCSI (SAS)SFF 6G Dual Port Hot-Plug \'}"
773,{'Output': 'mismatch'},"12\', \'title\': \'Corsair AF120 Fan Dual Pack - Performance Edition\', \'subcategory\': \'\', \'sku\': \'co9050004ww\', \'type\': \'Performance Edition Fan\', \'Units in Package\': \'2\', \'Package Weight\': \'1.5 pounds\',"
774,{'Output': 'mismatch'},"\': \'Switch\'}', 'Entity_2': '{\'title\': \'TP-LINK TL-SF1008D 8-Port 10/100Mbps Desktop Switch - switch 8 ports\', \'category\': \'TP-LINK ports Fixed (Managed) Switches\', \'subcategory\': \'CDW.com\', \'brand\': \'"
775,{'Output': 'mismatch'},"\', \'description\': \'  ""BD03656ABA HP 36.4-GB 10K FC-AL HDD""@en BD03656ABA HP 36.4-GB 10K FC-AL HDD""@en  ""New BD03656ABA HDD Wholesale  ""De\', \'Part Number\':"
776,{'Output': 'mismatch'},"', \'subcategory\': \'\', \'brand\': \'Seagate\', \'sku\': \'ST3750330NS\', \'type\': \'Hard Drive\', \'description\': \'  ""Seagate Barracuda ES.2 750GB SATA-II 32MB Cache - OEM (ST3750330"
777,{'Output': 'match'},"{""Output"": ""mismatch""}"
778,{'Output': 'mismatch'},"{""Output"": ""mismatch""}"
779,{'Output': 'mismatch'},"AMD Ryzen 5 1600\', \'brand\': \'AMD\', \'sku\': \'amd ryzen 5 1600\', \'type\': \'Processor\', \'description\': \'  ""AMD Ryzen 5 1600 3.2GHz 6-Core Processor""@en ""AMD Ryzen 5"
780,{'Output': 'match'},"Form Factor\': \'3.5 inches\', \'Interface\': \'SATA III\', \'description\': \'  \""MZ7TE1T0BW 1 TB 3.5 inches SATA III 6Gb/s 7200RPM Hard Drive\"" ""Null""   ""Description:1 x MZ7TE1T0BW 1 TB 3."
781,{'Output': 'mismatch'},"00MB/s\', \'description\': \'  ""508429-001 HP 400-GB 10K 3.5 SP SAS NHP"", ""Null"" ""New 508429-001 SAS 10 Pack Wholesale Price 508429-001-5Pack""  ""Description:\'}', 'Entity"
782,{'Output': 'mismatch'},"0120BW Price in India\', \'sku\': \'mz750120bw\', \'type\': \'Solid State Drive\', \'brand\': \'Samsung\', \'description\': \'  ""Buy Online | Samsung 750 EVO Series 120GB SSD MZ-750120BW Price in"
783,{'Output': 'mismatch'},"\'€ 3,95\', \'Pakketpost NL (vanaf € 29,95)\': \'€ 0,-\', \'Pakketpost NL (tot 10 kg)\': \'€ 0,-\', \'Pakketpost NL (tot 25 kg)\': \'€ 0,-\', \'Pakketpost NL (tot 50 kg"
784,{'Output': 'match'},"\': \'95W\', \'description\': \'  ""AMD FX-6300 3.5GHz 6-Core Processor""@en Processor (FD6300WMHKBOX) PCPartPicker\""@en\', \'title\': \'AMD FX-6300 3.5GHz 6-Core Processor\', \'"
785,{'Output': 'mismatch'},"1000340as10pack\', \'type\': \'Hard Drive\'}', 'Entity_2': '{\'title\': \'ST31000341AS Seagate 1-TB 7.2K 3.5 3G SATA\', \'category\': \'Hard Drive\', \'subcategory\': \'Seagate 1T"
786,{'Output': 'mismatch'},"6-Port 10/100Mbps 1U Rackmount Switch with 8-Port PoE+, 16-Port 10/100Mbps Switch, 1U Rackmount Switch, 16-Port Switch, 10/100Mbps Switch, 1U Rackmount, 16-Port Switch, Switch, 10/100"
787,{'Output': 'mismatch'},"""\'', \'title\': \'340-9807 Dell 73-GB U320 NHP 15K\', \'subcategory\': \'Description:340-9807 Dell 73-GB U320 NHP 15K(73GB/15K/320MB/s/15000RPM/"
788,{'Output': 'mismatch'},"X2.8GHz/1MB 512MB\', \'brand\': \'Hewlett-Packard\', \'sku\': \'359623b21\', \'type\': \'BL20PG2 X2.8GHz/1MB 512MB Blade\', \'description\': \'  ""359623-"
789,{'Output': 'mismatch'},"Precision Boost\', \'sku\': \'yd1400bbaebox, yd1400xbbaebox\', \'type\': \'Processor\', \'description_full\': \'  ""AMD Ryzen 5 Quad Core 1400 3.40GHz (Socket AM4) Processor - Retail\n\nAMD Ry"
790,{'Output': 'mismatch'},"9523006122, 4719331323363\', \'SKU\': \'GVN1070WF2OC8GD\', \'Tweakers ID\': \'461771\', \'Productprijs\': \'€ 499,00\', \'Pakketpost (vanaf"
791,{'Output': 'mismatch'},"ost Clock Speed\': \'4.21GHz\', \'L3 Cache\': \'16MB\', \'description\': \'  \""AMD Ryzen 5 1500X 4-Core 3.60GHz Socket AM4 14 nm Processor\""@en 4-Core 3.60GHz Socket AM4 14 nm"
792,{'Output': 'mismatch'},"Totaal\': \'€ 133,99\', \'description\': \'  ""AMD Athlon X4 870K (3.1GHz) Boxed - Prijzen ""@NL Tweakers""@NL"" 3.1GHz 4-Core AMD Athlon X4 870K Processor - Boxed | CCL Components\', \'title\':"
793,{'Output': 'mismatch'},"B21 HP 146-GB 15K 3.5 SP SAS\', \'subcategory\': \'New 432094-B21 SAS 5 Pack Wholesale Price 432094-B21-5Pack\', \'sku\': [\'432094-B21\', \'431943"
794,{'Output': 'mismatch'},"590B21\', \'Products ID\': \'144448\', \'Type\': \'Hard Drive Hot-Swap\', \'Form Factor\': \'3.5 inch x 1 inch Plug-in Module\', \'Capacity\': \'36.4GB\', \'Interface Type\': \'FC-AL\', \'Data Transfer Rate"
795,{'Output': 'mismatch'},"'/mpn\': \'[293461b21]\', \'/sku\': \'293461b21\', \'brand\': \'Hewlett-Packard\', \'category\': \'Blade\', \'Category\': \'Proliant Server\', \'Sub-Category\': \'BL40\', \'Part"
796,{'Output': 'mismatch'},"{""Output"": ""match""}"
797,{'Output': 'mismatch'},"\': \'[456896001]\', \'/mpn\': \'[456896001]\', \'brand\': \'HP\', \'category\': '', \'Category\': 'Proliant HardDrive\', \'Sub-Category\': '10K\', \'Generation\': 'SAS\', \'Part Number\':"
798,{'Output': 'mismatch'},"\', \'description\': \'  ""HP 242469-001 15/30-GB Ext SCSI DLT"" ""Null""   ""Description:HP 15/30GB DLT Tape Drive (Desktops)Pa\', \'description\': \'  ""HP 242469-001 15/30-GB Ext"
799,{'Output': 'mismatch'},"Entity_2': '{\'description\': \'  ""628061-S21 HP G8 G9 3-TB 6G 7.2K 3.5 SATA SC "" ""HP 628061-S21 Part# -628061-S21  ""Description:HP 628061-S21 3-T"
800,{'Output': 'mismatch'},"{""Output"": ""mismatch""}"
801,{'Output': 'mismatch'},"post vanaf 50,- (DPD)\': \'€ 0,-\', \'description\': \'  ""AMD Ryzen 5 1400 / 3.4 GHz processor"" "" AMD processor - YD1400BBAEBOX, YD1400XBBAEBOX Add-In Processors (CPUs\', \'title\': \'AMD Ryzen"
802,{'Output': 'mismatch'},"DR4 16 GB: 2 x 8 GB DIMM 288-pin\', \'subcategory\': \'DDR4 Memory\', \'brand\': \'Corsair\', \'sku\': \'CMK16GX4M2A2400C16\', \'type\': \'Non-ECC Unbuffered, CAS 1"
803,{'Output': 'mismatch'},"DEAL)\': \'€ 0,-\', \'description\': \'  ""AMD Ryzen 7 1700 Boxed Wraith Spire koeler""@en Processors for $423.99.""\', \'title\': \'AMD Ryzen 7 1700 Boxed Wraith Spire koeler\', \'subcategory\': \'Processors"
804,{'Output': 'mismatch'},"I 32GB Memory Card (SDSDUNC064GGN6IN)\', \'Uitvoering\': \'Class 10 UHS-I\', \'EAN\': \'0619659137175\', \'SKU\': \'SD-SDSDUNC064GGN6IN\', \'Productprijs\': '\"
805,{'Output': 'mismatch'},"2211\', \'description\': \'  ""Asus DUAL-GTX1060-3G 3GB GDDR5 GeForce GTX 1060 6GB Graphics Card""@en ""▷ Asus DUAL-GTX1060-3G 3GB GDDR5 GeForce GTX 1060 6GB Graphics Card""@en """
806,{'Output': 'mismatch'},"8GB)\', \'Tested Speed\': \'3000MHz\', \'Tested Latency\': \'15-17-17-35\', \'Tested Voltage\': \'1.35V\', \'Registered / Unbuffered\': \'Unbuffered\', \'Error Checking\': \'Non-ECC\', \'"
807,{'Output': 'mismatch'},"State Drive\', \'subcategory\': \'M.2 SSDs\', \'sku\': \'MZ-N5E250BW\', \'type\': \'Solid State Drive\', \'capacity\': \'250GB\', \'interface\': \'M.2-2280\', \'formfactor\': \'M.2\"
808,{'Output': 'mismatch'},"\'Hard Drive Hot-Swap\', \'description\': \'  ""Null"", ""BD03656ABA HP 36.4-GB 10K FC-AL"" Price BD03656ABA-2Pack\', \'sku\': \'bd03656aba2pack\', \'price\': \'""CAD"", ""$1360."
809,{'Output': 'mismatch'},"Ethernet Adapter\', \'description\': \'  \""310590-001 ML370T G3 Xeon 3.06GHz 512k\"" \""Null\""   \""Description:Proliant ML370T G3 Xeon3.06/512k-533fsb 1GB Manufacturer Part# 3105"
810,{'Output': 'mismatch'},"404712-001 HP 146-GB 6G 15K 2.5 DP SCSI HDD"" ""Null""   ""Description:146GB 2.5-inch SCSI (SCSI) SFF 6G Dual Port Hot-Plug 15K Hard Disk DriveFor G1-G7 Proliant SCSI ServersGenuine HPE"
811,{'Output': 'mismatch'},"0Mhz, 15-17-17-35-2N@1.35V XMP, Vengeance LED-Blanco""@es  """
812,{'Output': 'mismatch'},"'1.5V\', \'description\': \'  \""CMK32GX4M2A2666C16 32GB (2x16GB) DDR4 Non-ECC UDIMM Memory Module\"" ""Null""   ""Description:32GB (2x16GB) DDR4 Non-ECC UDIMM Memory Module\""  ""Description:32GB (2"
813,{'Output': 'mismatch'},"5ms\', \'Spindle Speed\': \'7200RPM\', \'Cache\': \'128MB\', \'description\': \'  ""ST31000640NS 1TB 7.2K 3.5 SATA"", ""Null"" Price  ST31000640NS-2Pack"" ""New ST3100"
814,{'Output': 'mismatch'},"{""Output"": ""mismatch""}"
815,{'Output': 'match'},"Graphics 620\', \'description\': \'  ""Intel® NUC 7i7BNH Mini PC Kit - 7th Generation Intel® CoreTM i5-7200U Processor - 4GB DDR4 Memory - 128GB SSD - Windows 10 Home 64-bit - Black (GBBKI5HA7200)\', \'title\"
816,{'Output': 'mismatch'},"{""Output"": ""mismatch""}"
817,{'Output': 'mismatch'},"0DM003-10Pack\', \'Products ID\': \'466118\', \'Capacity\': \'1-TB\', \'Form Factor\': \'3.5 inches x 1/3H\', \'Interface\': \'Serial ATA\', \'Data Transfer Rate\': \'300MB/s\', \'Spindle"
818,{'Output': 'mismatch'},"'SAS\', \'Part Number\': \'691862B21\', \'Products ID\': \'455192\', \'Type\': \'Hard Drive - Hot-Swap\', \'Capacity\': \'210GB\', \'Interface Type\': \'Serial Attached SCSI\', \'description\': \'  ""69"
819,{'Output': 'mismatch'},"Pack\', \'type\': \'Hard Drive - Hot-Swap\', \'description_en\': \'  ""431786-B21 HP 120-GB 5.4K 2.5 SATA 5 Pack"" \'}', 'Entity_2': '{\'title\': \'431786-B21 HP 120-GB"
820,{'Output': 'mismatch'},"\'2x16GB DDR4 PC4-21300 2666MHz Dual Channel Kit\', \'description\': \'  \""Corsair Vengeance LPX Black 32GB (2x16GB) DDR4 PC4-21300 2666MHz Dual Channel Kit\""@nl\', \'description\': \'  \"""
821,{'Output': 'match'},"\'Part Number\': \'417190-002\', \'Products ID\': \'415698\', \'Capacity\': \'146GB\', \'Interface\': \'Serial Attached SCSI (SAS)\', \'Enclosure\': \'Internal\', \'Drive Dimensions\': \'3.5 inches x 1/"
822,{'Output': 'mismatch'},"brand\': \'Corsair\', \'sku\': \'CMK16GX4M4C3200C16\', \'type\': \'DDR4\', \'description\': \'  ""Corsair 16GB Red Vengeance LPX DDR4 3200MHz Memory Kit 4x 4GB""@en 4GB L"
823,{'Output': 'mismatch'},"/gtin13\': \'[735858317627,  8809481926593,  5032037087131,  735858317634,  735858317635,  735858317636,"
824,{'Output': 'mismatch'},"{""Output"": ""mismatch""}"
825,{'Output': 'mismatch'},"{""Output"": ""match""}"
826,{'Output': 'mismatch'},"', \'subcategory\': \'\', \'brand\': \'Intel\', \'sku\': \'bx80635e52690v2\', \'type\': \'Intel Xeon Processor E5 2690 v2\', \'description\': \'  ""Intel Xeon Processor E5 2690 v2"
827,{'Output': 'mismatch'},"{""Output"": ""mismatch""}"
828,{'Output': 'mismatch'},"'description\': \'  ""MAY2073RC-2Pack Fujitsu 73-GB 10K 2.5 SAS HDD"" ""Fujitsu MAY2073RC 73GB 10K 2.5 SAS HDD""  ""Description:Fujitsu MAY2073RC 73GB 10K 2.5"
829,{'Output': 'mismatch'},"40 pin 2GB/s HotSwap FCAL Hard Drive\', \'description\': \'  ""359461-001 HP 72.8-GB 10K FC-AL"", ""Null"" ""New 359461-001 FC-AL 5 Pack Wholesale Price 359461-001-\'}', 'Output': '"
830,{'Output': 'mismatch'},"601-B21 SSD Wholesale Price 756601-B21"" ""Description:HP 960GB 2.5-inch (SFF) SATA Light Endurance (LE) 6G SC Solid State Enterprise Light (EL) Hard DriveIn HPE Hot-Plug Drive tray (as pictured)For G1-G7 Proliant SAS Ser\', \'"
831,{'Output': 'mismatch'},"80677i57500\', \'type\': \'Quad Core Technology, 3.40GHz clock speed, 6MB L3 Cache, Dual \', \'description\': \'  ""7th Generation Intel® Core™ i5 7500 3.4GHz Socket LGA1151 (Kaby Lake) Processor - Retail ""@en Kab"
832,{'Output': 'mismatch'},"\'RAM Slots\': \'2\', \'Memory Type\': \'DDR SDRAM\', \'Memory Size\': \'1 GB\', \'Memory Speed\': \'200MHz\', \'Memory Channels\': \'1\', \'Memory Rank\': \'1\', \'Memory Bus Width\': \'32-bit\', \'"
833,{'Output': 'match'},"'brand\': \'HP\', \'category\': \'Hard Drive\', \'Sub-Category\': \'10K\', \'Generation\': \'SAS\', \'Part Number\': \'HP 457424-001\', \'Products ID\': \'457424_HP_HardDrives\', \'Capacity\':"
834,{'Output': 'mismatch'},"{""Output"": ""mismatch""}"
835,{'Output': 'mismatch'},"\'€ 5,95\', \'description\': \'  ""TP-Link TL-SG1024D 24-Port Gigabit Switch - switch 24 ports unmanaged desktop"" "" TP-Link TL-SG1024D 24-Port Gigabit Switch - switch 24 ports unmanaged desktop""  ""Description:\'}', 'Entity_2': '{\"
836,{'Output': 'mismatch'},"mpn\': \'[451121b101]\', \'brand\': \'HP\', \'category\': \'Null\', \'Category\': \'Proliant Processor\', \'Sub-Category\': \'Itanium\', \'Generation\': \'G2\', \'Part Number\': \'451121-B10"
837,{'Output': 'mismatch'},"', \'subcategory\': \'Controllers\', \'sku\': \'154457b21\', \'type\': \'Description:154457-B21 HP Wide Ultra3 SCSI Adapter\', \'description_en\': \'  ""154457-B21 HP Wide Ultra3 SCSI Adapter""@"
838,{'Output': 'mismatch'},"\""Seagate Desktop HDD, 500GB\""@en hard drive ST500DM002 - ', \'title\': \'Seagate Desktop HDD, 500GB\', \'subcategory\': \'\', \'brand\': \'Seagate\', \'sku\': \'ST500DM002\', \'type\': \"
839,{'Output': 'mismatch'},"\': \'CA-PHN-530B-B1\', \'type\': \'Desktop Computer Chassis\', \'description\': \'  \""NZXT Phantom 530 Full Tower Gaming Case - Black\"" ""Null""   ""Description:NZXT Phantom 530 Full Tower Gaming Case - Black""'}

Output: mismatch
}"
840,{'Output': 'match'},"{""Output"": ""match""}"
841,{'Output': 'match'},"'Tape Drive\'}', 'Entity_2': '{\'title\': \'HP 20/40GB INT OPAL DLT 340743-B21\', \'category\': \'Tape Drive\', \'subcategory\': \'Internal Opal Tape Drive\', \'brand\': \'HP\', \'sku\': \'34074"
842,{'Output': 'match'},"'sku\': \'653078b212pack\', \'type\': \'SAS SSD\'}', 'Entity_2': '{\'title\': \'653078-B21 HP 200GB 6G 2.5 SAS SC SSD\', \'category\': \'Sisteme de supraveghere\', \'"
843,{'Output': 'mismatch'},"\'type\': \'Description:HP Ethernet 1Gb 4-Port 331FLR Adapter\', \'description\': \'  ""629135-B21 HP Ethernet 1Gb 4-Port 331FLR Adapter"" ""Null""   ""Description:HP Ethernet 1Gb 4-Port 331FLR"
844,{'Output': 'mismatch'},"': \'165mm\', \'description\': \'  \""Antec Three Hundred Two - Mid Tower Case\"" "" Three Hundred Two - Mid Tower Case\', \'title\': \'Antec Three Hundred Two - Mid Tower Case\', \'subcategory\': \'Mid Tower Cases\', \'sku\': \'antec three hundred two\', \'type\':"
845,{'Output': 'mismatch'},"{""Output"": ""match""}"
846,{'Output': 'mismatch'},"acity\': \'220GB\', \'description\': \'  ""192106-B21 HP 110GB SCSI Internal Tape Drive"" "" 192106-B21 HP 110GB SCSI Internal Tape Drive""@en Proliant TapeDrive 192106-B21 HP 110GB SCSI"
847,{'Output': 'mismatch'},"', \'description\': \'  ""HP 432094-B21 146GB 15K SAS Hard Drive 10Pack"" ""Null""   ""Description: HP 432094-B21 146GB 15K SAS Hard Drive 10Pack\', \'title\': \'HP 432094-B2"
848,{'Output': 'mismatch'},"{""Output"": ""mismatch""}"
849,{'Output': 'mismatch'},"agate\', \'Sub-Category\': \'Externe harde schijven\', \'Generation\': \'7200RPM\', \'Part Number\': \'ST31000400AS\', \'Products ID\': \'143242\', \'Type\': \'Externe harde schijven\', \'Capacity\"
850,{'Output': 'mismatch'},"post (vanaf € 39,95)\': \'€ 0,-\', \'description\': \'  ""Corsair Flash Voyager Slider X2 128GB""@en-nl Corsair Flash Voyager Slider X2 128GB\', \'title\': \'Corsair Flash Voyager Slider X2 128GB\', \'"
851,{'Output': 'mismatch'},"{""Output"": ""mismatch""}"
852,{'Output': 'mismatch'},"title\': \'Antec Three Hundred Two\', \'subcategory\': \'Desktop Cases\', \'sku\': \'761345838009\', \'type\': \'Desktop Case\'}', 'Entity_2': '{\'title\': \'Antec Three Hundred Two\', \'category\': \'Case\', \'"
853,{'Output': 'mismatch'},"""Kingston 1064GB SSD Now 110GBW read/write, 550MB/s read, 520MB/s write, 100,000 hour MTBF, 2.5 inch, SATA 6Gb/s, 7mm, 2.5 inch, 2.5 inch, 2.5 inch, 2.5 inch,"
854,{'Output': 'mismatch'},"\'Manufacturer\': \'Seagate\', \'Pre-Failure Warranty\': \'Yes\', \'price\': \'""CAD"", ""$139.99 CAD""\', \'description\': \'  ""ST1000NM0033 Seagate 1TB 7.2K 3.5 DP SATA HDD"", ""Null"""
855,{'Output': 'mismatch'},"55-B28\', \'Products ID\': \'111111\', \'description\': \'  \""BD03655-B28 HPE 10K Fibre Channel Drive\"" ""Null""   ""Description:10K Fibre Channel DrivePart Number(s) Hewlett-Packard Part# BD03655-B28\"
856,{'Output': 'match'},"'description\': \'  \""Corsair Vengeance LPX 16GB (2 x 8GB) DDR4 DRAM 2400MHz Memory Module CMK32GX4M2B3200C16\""@en  ""Corsair Vengeance LPX 16GB (2 x 8GB) DDR4 DRAM 2400MHz Memory"
857,{'Output': 'mismatch'},"16GB (4x4GB) DDR4 3200MHz\', \'description_long\': \'  ""Corsair 16GB Red Vengeance LPX DDR4 3200MHz Memory Kit 4x 4GB""@en 4GB LN69133 - CMK16GX4M4C3200C16R"
858,{'Output': 'mismatch'},"': \'Kingston\', \'Type\': \'DDR3 SODIMM\', \'Soort\': \'DDR3 SODIMM 1600MHz\', \'Capaciteit\': \'8GB\', \'Breedte\': \'64-bit\', \'Lengte\': \'260-pin\', \'Volt"
859,{'Output': 'mismatch'},"3.5-inch SATA Hot-Swap Hard Drive"" ""Hard Drive - Hot-Swap - Gen8"" ""Description:500GB 3.5-inch 6G SATA Hot-Swap Hard DriveIn HPE Drive tray (as pictured)For G8 and G9 Proliant Ser\', \'title\': \'658071-B21 HP G8 G9 5"
860,{'Output': 'mismatch'},"post tot 2 kg\': \'€ 5,95\', \'Pakketpost tot 5 kg\': \'€ 7,95\', \'Pakketpost tot 10 kg\': \'€ 9,95\', \'Pakketpost tot 20 kg\': \'€ 12,95\', \'Pakketpost tot 30"
861,{'Output': 'mismatch'},"16GB) SDRAM DIMM"" ', \'title\': \'HP 16GB (1x16GB) SDRAM DIMM\', \'subcategory\': \'\', \'sku\': \'672631b21\', \'type\': \'Memory\'}', 'Entity_2': '{\'title\': \'HP 16GB ("
862,{'Output': 'match'},"{""Output"": ""match""}"
863,{'Output': 'mismatch'},"7700]\', \'brand\': \'Intel\', \'category\': \'Motherboard\', \'description\': \'  \""Intel Core i7 7700 Quad Core LGA 1151 100 Series Motherboard\""@en Motherboard LN22632 - BX80677I7700 | SCAN UK\',"
864,{'Output': 'mismatch'},"': \'151,0 μs\', \'Desktop Workload - Gemiddelde responstijd\': \'161,0 μs\', \'description\': \'  ""Kingston HyperX Predator SSD M.2 480GB"" ""Kingston HyperX Predator SSD M.2 480GB"" ""Kingston HyperX Predator SSD"
865,{'Output': 'mismatch'},"1]\', \'category\': \'\', \'Categorie\': \'Videokaarten\', \'Merk\': \'MSI\', \'Product\': \'MSI VEGA 56 8GB GDRR6 HIGH PERFORMANCE GRAPHICS CARD\', \'Uitvoering\': \'MSI VEGA 56 8GB GDR"
866,{'Output': 'mismatch'},"{""brand"": ""HP""}"
867,{'Output': 'mismatch'},"'description\': \'  ""154457-B21 HP SCSI Controller (Ultra160 SCSI)\"", ""Null"" ""New 154457-B21 SCSI Controller Wholesale Price 154457-B21\', \'title\': \'154457-B21 HP SCSI Controller (Ultra16"
868,{'Output': 'mismatch'},"2.8GHz/1MB 512MB\', \'brand\': \'Hewlett-Packard\', \'sku\': \'359623-b21\', \'type\': \'Description: HP Proliant BL20p G2 Server X2.8GHz/1MB 512MB\', \'description\': \'  ""3"
869,{'Output': 'mismatch'},"{""Output"": ""mismatch""}"
870,{'Output': 'match'},"58071b21\'], \'type\': \'Hard Drive\', \'description\': \'  ""HP, 658071-B21, 500GB 6G SATA 7.2K rpm LFF""@en 658071-B21 ""HP  ""HP, 658071-B21,"
871,{'Output': 'match'},"{""Output"": ""match""}"
872,{'Output': 'mismatch'},"\'}', 'Entity_2': '{\'title\': \'Matrox Millennium G550 LP PCIe Video Card\', \'category\': \'Matrox Card\', \'subcategory\': \'G55-MDDE32LPDF\', \'brand\': \'Matrox\', \'sku\': \'g55mdde32lpdf\',"
873,{'Output': 'mismatch'},"Virtualization Technology, Intel® Hyper-Threading Technology, Intel® Turbo Boost Technology 2.0, Intel® Thermal Monitoring Technology, Intel® Thermal Velocity Boost Technology, Intel® SpeedStep® Technology, Intel® PowerNow® Technology, Intel® SSE4.1 Instructions, Intel® SSE4.2 Instructions, Intel® AVX Instructions, Intel® AVX2 Instructions, Intel® F"
874,{'Output': 'mismatch'},"583383-B21\', \'Products ID\': \'473034\', \'Product Type\': \'Processor Board\', \'Processor Type\': \'Intel Xeon\', \'Processor Core\': \'Quad-Core\', \'Processor Qty\': \'1\', \'Clock Speed\': \'2.13GHz"
875,{'Output': 'mismatch'},"ors\', \'sku\': \'bx80677i57600k\', \'type\': \'Intel Core i5 7600K 3.80GHz (Kaby Lake) Socket LGA1151 Processor - Retail\', \'description_full\': \'  ""Intel Core i5-7600K 3"
876,{'Output': 'match'},"GHz\', \'L3 Cache\': \'16MB\', \'description\': \'  ""AMD Ryzen 5 1400 3.2GHz 6-Core Processor (YD1400BBAEBOX) - AMD Store\', \'title\': \'AMD Ryzen 5 1400 3.2GHz 6-Core Processor"
877,{'Output': 'match'},"\', \'description\': \'  \""Null\"" \""ST2000NM0011 2TB 6G 7200RPM SATA Hard Disk Drive\""   \""Description:2 x 2TB 3.5-inch 6G 7200RPM SATA Hard Disk Drive\""   \""Description:2 x 2TB 3.5-inch 6"
878,{'Output': 'mismatch'},"PD (vanaf € 15,-)\': \'€ 3,95\', \'Pakketpost NL DPD (vanaf € 25,-)\': \'€ 3,95\', \'Pakketpost NL DPD (vanaf € 35,-)\': \'€ 3,95\', \'Pakketpost NL DPD (vanaf € 45,-"
879,{'Output': 'mismatch'},".5 SATA SC "" ""Description:HP 2TB 3.5-inch (LFF) Serial ATA (SATA) 6G7.2K Hot-Plug Midline (MDL) Hard Drive in G8 G9(Gen8 Gen9) SmartDrive Carrier (SC)\', \'price\': \'""CAD"", ""$345.74 CAD""\'}', 'Output': '"
880,{'Output': 'mismatch'},"vanaf € 29,95)\': \'€ 0,-\', \'description\': \'  ""AMD Ryzen 5 1500X Boxed Wraith Spire koeler""@en "" AMD Ryzen 5 1500X Boxed Wraith Spire cooler""@en\', \'title\': \'AMD Ryzen 5 1500"
881,{'Output': 'match'},"55125\', \'Capacity\': \'146GB\', \'Interface\': \'Serial Attached SCSI (SAS)\', \'Enclosure\': \'Internal\', \'Drive Dimensions\': \'2.5 inches x 1/3H (Low Profile)\', \'Spindle Speed\': \'10000RPM\', \'External Data"
882,{'Output': 'mismatch'},"': \'Ultra320 SC\', \'Part Number\': \'HP456896-001\', \'Products ID\': \'111111\', \'Type\': \'Hard Drive - Hot-Swap - Gen8\', \'Form Factor\': \'3.5 inches\', \'Capacity\': \'450GB\"
883,{'Output': 'mismatch'},"description\': \'  \""(WDS120G1G0A) 120GB WD Green SSD 2,5\"" \""Description:120GB WD Green SSD 2,5\""   \""Description:120GB WD Green SSD 2,5\""   \""Description:120GB WD Green SSD 2,5\""   \""Description:120GB W"
884,{'Output': 'mismatch'},"129.99"", ""US$\', \'description\': \'  ""HP 456896-001 HDD Part# -456896-001\', \'title\': \'HP 456896-001 HDD Part# -456896-001\', \'sku\': \'hp45"
885,{'Output': 'match'},"7.2K 3.5 SATA HDD\', \'sku\': \'dl320g4349237b21\', \'type\': \'3.5 inches x 1/3H\', \'price\': \'€ 119,95\', \'description2\': \'  ""349237-B21"
886,{'Output': 'mismatch'},"el\', \'sku\': \'ssdpedme016t401\', \'type\': \'Card\', \'description_en\': \'  ""1.6TB Data Centre SSD HHHL (CEM2.0) Intel PCIe Card""@en Card LN58550 - SSDPEDME016T401 | SCAN UK"
887,{'Output': 'mismatch'},"x200ssd1\', \'type\': \'Solid State Drive\', \'description\': \'  ""Crucial BX200 240GB SSD SATA 6Gbps Solid State Drive (CT240BX200SSD1)""@en ""▷ Crucial (CT240B… | Offer Up to 10% Off"
888,{'Output': 'mismatch'},"{""Output"": ""match""}"
889,{'Output': 'mismatch'},"0 6 core AM3+ CPU with Wraith Fan Cooler\', \'subcategory\': \'AMD FX-Series Processors\', \'sku\': \'amd6350w\', \'type\': \'Processor\', \'manufacturer\': \'AMD\', \'manufacturerPartNumber\': \'FD6350FRHKHB"
890,{'Output': 'mismatch'},"MB Cache 3.5-Inch Internal Bare Drive (ST1000DM003)\', \'subcategory\': \'Desktop\', \'sku\': \'st1000dm003\', \'type\': \'1TB Desktop Hard Drive\', \'price\': \'""CAD"", ""$129.99 CAD""\', \'description"
891,{'Output': 'mismatch'},"\'583383-B21\', \'Products ID\': \'8591\', \'Board/Module Type\': \'Processor\', \'Channels\': \'1\', \'Description\': \'Intel Xeon Processor 5154 @ 3.33 GHz 2M Cache 1066MHz FSB\', \"
892,{'Output': 'mismatch'},",99\', \'description\': \'  ""WD Purple (2017) 1TB 3.5\"" Internal Hard Drive WD10PURX""@en 3606508524153 - WD10PURX | SCAN UK\', \'title\': \'WD Purple (2017) 1TB 3."
893,{'Output': 'mismatch'},"{""Output"": ""match""}"
894,{'Output': 'mismatch'},"GHz 1M 512MB\', \'category\': \'\', \'subcategory\': \'\', \'brand\': \'1P Blade\', \'sku\': \'345020b21\', \'type\': \'BL20P G2 Xeon 3.2GHz 1M 512MB\', \'description"
895,{'Output': 'mismatch'},"'type\': \'3.5-inch Hot-Plug Fibre Channel Hard Drive\', \'description\': \'  ""XTA-3510-300-GB-10K Sun 300-GB 10K HP FC-AL HDD"" ""Null""   ""Description:Sun 300GB 10K RPM 3.5-inch\', \'"
896,{'Output': 'mismatch'},"ATA 2 Pack Wholesale Price 431786-B21-2Pack"" ""Description: HP 120GB 1.5G SATA 5.4K 2.5-inch SFF Hot-Plug Hard Drive In HPE Hot-Plug Hard Drive tray (a\', \'description\': \'  ""431786-B21 HP 120"
897,{'Output': 'mismatch'},"1GB/s\', \'RAM\': \'92KB\', \'price\': \'\""CAD\"", \""$214.44 CAD\""', \'description\': \'  \""394793-B21 PCI-E GB Server Adapter\"", \""Null\"" Price 394793-B21\"" \""New 394793-"
898,{'Output': 'mismatch'},"(Type A)\': \'2x\', \'USB 2.0 external\': \'6x\', \'description\': \'  ""ASUS X99-E WS ENHANCED 2011-V3 Intel X99 Motherboard (90MB0L00M0EAY0)\', \'title\': \'ASUS X99-E WS EN"
899,{'Output': 'mismatch'},"'Seagate\', \'Type\': \'Interne harde schijven\', \'Omschrijving\': \'  ""ST10000N-E0004 Seagate 1TB 6Gb/s Enterprise Hard Drive"" "" Seagate 1TB 6Gb/s Enterprise Hard Drive - ST10000N-E0004"
900,{'Output': 'mismatch'},"\', \'Pakketpost tot 5 kg\': \'€ 3,95\', \'Pakketpost tot 10 kg\': \'€ 4,95\', \'Pakketpost tot 20 kg\': \'€ 5,95\', \'Pakketpost tot 30 kg\': \'€ 6,95\', \'P"
901,{'Output': 'mismatch'},"{""Output"": ""mismatch""}"
902,{'Output': 'mismatch'},"5,000 RPM\', \'description\': \'  \""Dell PowerEdge 143K 10Pack 146GB SAS SFF 15000RPM Internal Hard Drive\"" Dell PowerEdge 143K 10Pack 146GB SAS SFF 15000RPM Internal Hard Drive\', \'title\': \'Dell"
903,{'Output': 'mismatch'},"W\', \'description\': \'  ""409159-B21 HP Intel Xeon E5504 2.33GHz Quad-Core LGA771 Processor Kit"", ""Null"" ""New 409159-B21 Wholesale Price 409159-B21"" \', \'title\': \'409"
904,{'Output': 'mismatch'},"': \'Yes\', \'Intel® Hyper-Threading Technology\': \'Yes\', \'Intel® Turbo Boost Technology\': \'Yes\', \'Intel® Virtualization Technology\': \'Yes\', \'Intel® 64-bit Architecture\': \'Yes\', \'Intel® Smart Cache\': \'Yes\', \'Intel® Thermal"
905,{'Output': 'mismatch'},"4x PCIe 3.0 x16 (1 x x16, 2 x x8, 1 x x4)\', \'description\': \'  ""Gigabyte BW-I7G4520M-G i7-7500U 2.7GHz/3.7GHz 105 x 110 mm Intel Core i7-750"
906,{'Output': 'mismatch'},"al\': \'€ 0,-\', \'Verzending\': \'€ 0,-\', \'Verzending (vanaf € 15,-)\': \'€ 0,-\', \'Verzending (vanaf € 19,-)\': \'€ 0,-\', \'Verzending (vanaf € 25,-)\': \'€ 0,-\', \"
907,{'Output': 'match'},"Category\': \'7.2K\', \'Generation\': \'SAS\', \'Part Number\': \'DH0072BALWL\', \'Products ID\': \'1263\', \'Type\': \'Hard Drive - Hot-Swap\', \'Form Factor\': \'3.5 inches\', \'Capacity\': \'14"
908,{'Output': 'mismatch'},"{""Output"": ""mismatch""}"
909,{'Output': 'mismatch'},"'Intel Core i5-4460\', \'description\': \'  ""Intel Core i5-4460 3.1GHz Quad-Core Processor (Socket 1150) - 6MB Cache - 115W - BX80646I54460"" ""Null""   ""Description:Intel Core i5-4460"
910,{'Output': 'mismatch'},"'Pakketpost tot € 36,24\': \'€ 0,-\', \'Verzendkosten\': \'€ 0,-\', \'Verzendkosten (vanaf € 25,-)\': \'€ 0,-\', \'Verzendkosten (vanaf € 15,-)\': \'€ 0,-\', \'Verzendk"
911,{'Output': 'mismatch'},"860KXBJASBX)\', \'title\': \'AMD - Athlon X4 860K 3.7GHz Quad-Core Processor (AD860KXBJASBX)\', \'sku\': \'ad860kxbjasbx\', \'type\': \'Processor\', \'brand\': \'AMD\"
912,{'Output': 'mismatch'},"'Socket Type\': \'LGA771\', \'Manufacturer\': \'Intel\', \'description\': \'  ""533993-B22 HP Proliant Xeon 5110/5120 2.26GHz 1MB L2 Cache 1066MHz FSB Intel Xeon Processor"" Price 53"
913,{'Output': 'mismatch'},"{""description"": ""\""}"
914,{'Output': 'mismatch'},"Memory\', \'Category\': \'Processor/Memory\', \'Sub-Category\': \'Memory\', \'Generation\': \'DDR3\', \'Part Number\': \'BX80677I77700\', \'Product ID\': \'458311\', \'Product Type\': \'Memory Module\', \'Memory Type\':"
915,{'Output': 'match'},"{""Output"": ""mismatch""}"
916,{'Output': 'mismatch'},"\', \'sku\': \'43016900210pack\', \'type\': \'Hard Drive - Hot-Swap 72GB 15K SAS 2.5 inches (SFF)\'}', 'Entity_2': '{\'title\': \'430169-002 HP 72-GB 3G 15K"
917,{'Output': 'mismatch'},"', \'Pakketpost (tot € 20,-)\': \'€ 0,-\', \'description\': \'  ""Gigabyte BRIX GB-BACE-3000 - Prijzen ""@NL Tweakers""@NL\', \'title\': \'Gigabyte BRIX GB-BACE-3000 - Prijzen\', \'subcategory\':"
918,{'Output': 'mismatch'},"[518736001]\', \'brand\': \'HP\', \'category\': \'StorageWorks\', \'Category\': \'Storageworks HDD\', \'Sub-Category\': \'10K\', \'Generation\': \'Fibre Channel\', \'Part Number\': \'518736-001\', \'"
919,{'Output': 'mismatch'},"faw]\', \'brand\': \'HP\', \'category\': \'Networking Products\', \'description\': \'  ""HP 24-Port 10/100 Ethernet Switch - 24 Ports, 10/100 Base-T, 24 IEEE 802.3af PoE+, 1 Gigabit Uplink,"
920,{'Output': 'mismatch'},"'Hot Swap Tray\': \'Included\', \'Capacity\': \'146GB\', \'Form Factor\': \'3.5 inches\', \'Interface\': \'SAS\', \'Manufacturer\': \'HP\', \'Pre-Failure Warranty\': \'Yes\', \'Cache\': \'12MB\', \'price"
921,{'Output': 'match'},"{""Output"": ""match""}"
922,{'Output': 'mismatch'},"': \'€ 0,-\', \'description\': \'  ""MSI Z170I Gaming Pro AC Mini ITX LGA1151 Intel Z170 Socket Motherboard""@en Motherboard (7980-001R, Z170I Gaming Pro AC, Z170I GAMING PROAC) ""MSI Z170I Gaming Pro AC"
923,{'Output': 'mismatch'},"21001]\', \'/mpn\': \'[430121001]\', \'brand\': \'HP\', \'category\': \'Hard Drive\', \'Manufacturer\': \'HP\', \'Category\': \'Hard Drive\', \'Sub-Category\': \'10K\', \'Generation\': \'SAS N"
924,{'Output': 'mismatch'},"3.2 lbs\', \'Product Dimensions\': \'12.2 x 9.6 x 3 inches\', \'description\': \'  \""Intel Core i3-4150 Processor 3.51GHz LGA1150 65W Intel HD Graphics 4460 2MB Cache Boxed\""@en \""Intel Core i3-41"
925,{'Output': 'mismatch'},"s\', \'Filecopy on Disk - Small - Gemiddelde leestijd\': \'11,0 μs\', \'Filecopy on Disk - Small - Gemiddelde schrijftijd\': \'0,0 μs\', \'Filecopy on Disk - Small - Gemiddelde opentijd\': \'111,0 μs\', \'Filecopy on"
926,{'Output': 'mismatch'},"': \'110 dB\', \'description\': \'  \""UAD Apollo Twin MkII 2x6 Thunderbolt Audio Interface\"" ""UAD Apollo Twin MkII 2x6 Thunderbolt Audio Interface\', \'title\': \'UAD Apollo Twin MkII 2x6 Thunderbolt Audio Interface\', \"
927,{'Output': 'mismatch'},"{""Output"": ""mismatch""}"
928,{'Output': 'mismatch'},"4\', \'Cache\': \'8MB L3 Cache\', \'Socket Type\': \'LGA 1151\', \'Memory Supported\': \'DDR4 2133MHz\', \'TDP\': \'91W\', \'price\': \'""USD"", ""$279.99""\', \'description\': \'  """
929,{'Output': 'mismatch'},"3\', \'brand\': \'Corsair\', \'sku\': \'cmso4gx3m1a1333c9\', \'type\': \'DDR3\'}', 'Entity_2': '{\'title\': \'Corsair 4GB (1x4GB) DDR3 1333 MHz (PC3 10666"
930,{'Output': 'mismatch'},"abit Ethernet Adapter Card\', \'category\': \'Netwerkadapters\', \'subcategory\': \'StarTech.com LN71270\', \'brand\': \'StarTech.com\', \'sku\': \'PEX10000SFP\', \'type\': \'Network Adapter Card\', \'description\"
931,{'Output': 'mismatch'},"{""Category"": ""Fiber Optic Transceivers\""}"
932,{'Output': 'mismatch'},"\'True\', \'description\': \'  \""WD20PURZ 2TB\""   \""Description: WD20PURZ 2TB\""   ""Description: WD20PURZ 2TB""   ""Description: WD20PURZ 2TB""   ""Description: WD20PURZ 2TB""   ""Description: WD2"
933,{'Output': 'mismatch'},"'Core i7\', \'Product\': \'Intel Core i7 4820K\', \'Uitvoering\': \'Intel Core i7-4820K Boxed\', \'EAN\': \'0079531899643, 0675901246637, 0735858"
934,{'Output': 'match'},"0,- i.c.m. iDEAL)\': \'€ 0,-\', \'description\': \'  ""WD Purple WD10PURZ 1TB Internal Hard Drive""  ""WD10PURZ 1TB Internal Hard Drive - Prijzen ""@NL Tweakers""@NL\', \'title\': \'WD Purple WD10PURZ 1"
935,{'Output': 'match'},"ure\': \'FX\', \'description\': \'  \""AMD FX 6350 4.0GHz 8-Core FX-Series Processor\""@en, \'title\': \'AMD FX 6350 4.0GHz 8-Core FX-Series Processor\', \'sku\': \'amdfx6350\"
936,{'Output': 'mismatch'},"HP 72GB 3G 15K 2.5 DP SAS 2 Pack\', \'category\': \'\', \'subcategory\': \'\', \'brand\': \'HP\', \'sku\': \'dg0300bahz\', \'type\': \'2 x 72GB 2.5-inch Serial Attached SCSI ("
937,{'Output': 'mismatch'},"68-B21\', \'type\': \'1GB (1x1GB) PC3-10600 Unbuffered CAS-9 Single Rank x 8 Memory Kit\', \'price\': \'""CAD"", ""$119.99 CAD""\', \'Weight (Approximate)\': \'0.03 lb\', \'Warranty\': \'"
938,{'Output': 'mismatch'},"\'category\': \'Null\', \'subcategory\': \'\', \'brand\': \'New ST3500630NS HDD Wholesale\', \'sku\': \'st3500630ns\', \'type\': \'Seagate Constellation ES 500GB Hot-Plug Serial ATA (SATA) NCQ 3"
939,{'Output': 'mismatch'},"O\': \'2 x USB 3.1 Gen 1 Type-A, 2 x USB 2.0, 1 x RJ-45 LAN, 1 x HDMI, 1 x Mini DP, 1 x 3.5mm audio jack, 1 x 3.5mm microphone jack\', \'description\': \'  ""Intel Core i5-7200U"
940,{'Output': 'mismatch'},"\'description\': \'  \""AMD Phenom II X4 965 Processor 3.4GHz Quad-Core Socket AM3+\"", ""Null""   ""Description:AMD Phenom II X4 965 Processor 3.4GHz Quad-Core Socket AM3+""  \'}', 'Entity_2': '{\'title\': \'AMD Phen"
941,{'Output': 'mismatch'},"\'€ 129,99\', \'iDeal verzendkosten\': \'€ 2,99\', \'iDeal verzendtijd\': \'1-2 werkdagen\', \'description\': \'  ""AMD FX-6300 6-Core 3.5GHz Socket AM3+ Black Edition Processor"", """
942,{'Output': 'mismatch'},"{""Output"": ""mismatch""}"
943,{'Output': 'mismatch'},"mpn\': \'[dg0300farvv5pack]\', \'brand\': \'Dell\', \'category\': \'\', \'Category\': \'Computers\', \'Sub-Category\': \'Desktop PCs\', \'Generation\': \'Intel Core i5-2400S\', \'Part Number\': \'DG03"
944,{'Output': 'mismatch'},"apter"" ""Null""   ""Description:HP PCI-E GB Server AdapterPart Number(s)Manufacturer Part# 394793-B21\', \'description\': \'  ""394793-B21 PCI-E GB Server Adapter"" ""Null""   ""Description:HP PCI-E GB Server AdapterPart Number(s)Manufacturer Part# 394"
945,{'Output': 'mismatch'},"-002 HP 72-GB 15K 3.5 DP SAS"", ""Null"" Price 417190-002 SAS 2 Pack Wholesale Price 417190-002 SAS 2 Pack Wholesale Price 417190-002 SAS 2 Pack Wholesale Price 417190-0"
946,{'Output': 'mismatch'},"en 1TB Seagate Expansion Portable External Hard Drive USB 3.0, 1TB Seagate Expansion Portable External Hard Drive USB 3.0""  ""Description:Seagate Expansion 1TB Portable External Hard Drive USB 3.0"" ""New Seagate Expansion 1TB Portable External Hard Drive USB 3.0 Price Seagate Expansion"
947,{'Output': 'mismatch'},"40012pack\', \'type\': \'Proliant Power Supply\', \'formfactor\': \'ML350 G4p\', \'powerprovided\': \'725W\', \'redundant\': \'Yes\', \'autoswitching\': \'Yes\', \'cooling\': \'Active Fan\', \"
948,{'Output': 'mismatch'},"'Itanium 2\', \'Generation\': \'Itanium 2\', \'Part Number\': \'HP 662078-B21\', \'Product ID\': \'455232_HP_Processors\', \'Capacity\': \'1.33GHz\', \'Interface\': \'Itanium 2\', \'"
949,{'Output': 'mismatch'},"{""Output"": ""mismatch""}"
950,{'Output': 'mismatch'},"Iometer - Gemiddelde leestijd\': \'111,0 μs\', \'Iometer - Gemiddelde schrijftijd\': \'111,0 μs\', \'Iometer - Gemiddelde opentijd\': \'111,0 μs\', \'Iometer - Gemiddelde responstijd\': \'111,0 μ"
951,{'Output': 'match'},"Core i7-6700K 4.0GHz Quad-Core LGA1151 Processor 8MB Cache Boxed\', \'category\': \'Processors\', \'subcategory\': \'Intel Core i7-6700K 4.0GHz Quad-Core LGA1151 Processor 8MB Cache Boxed\', \'brand\':"
952,{'Output': 'mismatch'},"Link TL-WN881ND 2.4GHz Wireless N 150Mbps Mini PCI Adapter\', \'Uitvoering\': \'2.4GHz\', \'EAN\': \'06935364050573\', \'SKU\': \'TLWN881ND\', \'Tweakers ID\': \"
953,{'Output': 'mismatch'},".1GHz\', \'TDP TDP De totale vermogen die de processor verbruikt.\': \'91W\', \'Description\': \'  \""Intel Core i7-6700K 4.2GHz Quad-Core Processor 1151 Socket 91W Boxed\"" - Tweakers\""', \'title\': \'Intel Core i"
954,{'Output': 'mismatch'},"'brand\': \'HP\', \'category\': \'Proliant Option\', \'Category\': \'Proliant Option\', \'Sub-Category\': \'Memory\', \'Generation\': \'DDR3\', \'Part Number\': \'756601-B21\', \'Products ID\': \'457965\',"
955,{'Output': 'mismatch'},"2133MHz\', \'description\': \'  ""Corsair Vengeance LPX 32GB (2x16GB) DDR4 3200MHz 16-18-18-36 1.35V Black PCB XMP 2133MHz"", ""Null"" Price 1631999999999"
956,{'Output': 'mismatch'},"100-111111]\', \'/gtin13\': \'[376012345678]\', \'category\': \'Cooling\', \'Categorie\': \'Cooling\', \'Merk\': \'Corsair\', \'Productserie\': \'Hydro Series\', \'Product\': \"
957,{'Output': 'mismatch'},"ARVV HP 10K SAS 300GB Hot-Swap Hard Drive""@en ""▷ HP DG0300FARVV 10K SAS 300GB Hot-Swap Hard Drive""@en  ""HP DG0300FARVV 10K SAS 300GB Hot-Swap Hard Drive""@en  ""HP D"
958,{'Output': 'mismatch'},"\', \'type\': \'Computers_and_Accessories\', \'description\': \'  \""MSI GTX 1080 GAMING X 8G - graphics card GF 8 GB\"" ""Description:MSI GTX 1080 GAMING X 8G - graphics card GF 8 GB"" ""Manufacturer:MSI Computer"" MSI GTX 1080"
959,{'Output': 'match'},"\', \'sku\': \'KTH-ZD8000C6/2G\', \'type\': \'2GB DDR2 SODIMM\', \'description_en\': \'  ""Kingston KTH-ZD8000C6/2G - Prices ""@NL Tweakers""@NL\', \'sku_en\': \'KTH"
960,{'Output': 'mismatch'},"Registered DDR SDRAM 512MB\', \'price\': \'USD 119.99\', \'description\': \'  ""HP GENUINE (not third party or generic) 512MB PC2700 ECC -NEW BULK- ""370780-001\\\'s detail page - Server Nexus LLC""\', \'"
961,{'Output': 'mismatch'},"275-B21"" \'}', 'Entity_2': '{\'title\': \'221275-B21 DL740R (4P) Xeon Hz 1MB\', \'category\': \'Null\', \'subcategory\': \'New 221275-B21 Wholesale Price 221275-B"
962,{'Output': 'mismatch'},"ant pour\': \'PC\', \'description\': \'  ""Crucial CT102464BF160B 8gb Pc3-12800 1600mhz Ddr3 204pin Sodimm Non-Ecc Cl11 1.35v""@en 1.35v for ', \'title\': \'C"
963,{'Output': 'mismatch'},"\', \'Categorie\': \'Borden\', \'Merk\': \'Microsoft\', \'Product\': \'Microsoft Windows 10 Pro N\', \'Uitvoering\': \'Microsoft Windows 10 Pro N\', \'EAN\': \'6731509121114\', \'SKU\': \'OS638"
964,{'Output': 'mismatch'},"Memory\'}', 'Entity_2': '{\'title\': \'Crucial 8GB DDR3L SODIMM 1600MHz Low Voltage Memory Module CT102464BF160B\', \'category\': \'Memory\', \'subcategory\': \'DDR3L\', \'brand\': \'Crucial\', \'sk"
965,{'Output': 'match'},"sku\': \'csr32324\', \'type\': \'4x8GB DDR4 Quad Channel Memory Kit\', \'manufacturer\': \'Corsair\', \'price\': \'""US$"", ""219.99 US$\', \'description_full\': \'  ""Corsair Vengeance LPX Black 32GB (4"
966,{'Output': 'mismatch'},"3.4GHz Quad-Core Processor\', \'subcategory\': \'BX80677I57500\', \'sku\': \'ili57500\', \'type\': \'Processors\'}', 'Entity_2': '{\'title\': \'Intel - Core i5-7500 3.4GHz Qu"
967,{'Output': 'mismatch'},"{""Output"": ""mismatch""}"
968,{'Output': 'mismatch'},"'Entity_2': '{\'title\': \'Seagate IronWolf 10TB NAS 7200RPM SATA 6Gb/s 256MB Cache HDD - OEM (ST10000VN0004)\', \'category\': \'Hard Drive\', \'subcategory\': \'IronWolf Guardian Range\', \'"
969,{'Output': 'match'},"1000640NS Seagate 1-TB 7.2K 3.5 SATA\', \'subcategory\': \'New ST31000640NS SATA 2 Pack Wholesale Price ST31000640NS-2Pack\', \'sku\': [\'st31000640ns\', \'st3"
970,{'Output': 'match'},"358349-B21""  ""New 358349-B21 Module Wholesale Price 358349-B21""  ""New 358349-B21 Module Wholesale Price 358349-B21""  ""New 358349-B21 Module Wholesale Price 35"
971,{'Output': 'mismatch'},"'subcategory\': \'Description:10 x HPE 146GB 2.5-inch (SFF) Serial Attached SCSI (SAS)6G 10K 2.5-inch SFF Hot-Plug Hard DriveIn tray (as pictured)For G1-G7 Proliant ServersGenuine serial number and firmware\'', \'brand\': \'HP\',"
972,{'Output': 'mismatch'},"'Hard Drive - Hot-Swap\', \'description\': \'  ""EG0146FARTR HP 146-GB 6G 10K 2.5 DP SAS"", ""Null"" ""Description:5 x 146GB 2.5-inch Serial Attached SCSI (SAS)SFF 6G Dual Port Hot-Plug 10K Hard"
973,{'Output': 'mismatch'},"42469-001 15/30-GB Ext SCSI DLT\', \'category\': \'\', \'subcategory\': \'\', \'brand\': \'HP\', \'sku\': \'242469001\', \'type\': \'DLT Tape Drive (Desktops)\', \'description\': \'"
974,{'Output': 'mismatch'},"{""Output"": ""mismatch""}"
975,{'Output': 'mismatch'},"GB 7200RPM SATA 6Gb/s 3.5 inches"" "" WD Blue WD5000AZLX 500GB 7200RPM SATA 6Gb/s 3.5 inches""', \'title\': \'WD Blue WD5000AZLX 500GB 7200RPM SATA"
976,{'Output': 'mismatch'},"{""Output"": ""mismatch""}"
977,{'Output': 'mismatch'},"s\': \'2\', \'description\': \'  ""HP 456896-001 HP 400-GB 3G 10K 3.5 DP SAS 10 Pack "" ""HP 456896-001 Part# -456896-001""  ""Description:HP 400-GB 3"
978,{'Output': 'mismatch'},"\'300GB\', \'Interface Type\': \'Serial Attached SCSI\', \'description\': \'  \""HP 508429-001 HP 300GB 10K SAS NHP\"" ""New HP 508429-001 300GB 10K SAS NHP Hard Drive Wholesale  \""', \'"
979,{'Output': 'mismatch'},"'description\': \'  \""691862-B21 HP G8 G9 100GB 6G 2.5 SATA SLC SSD\"" \""Server Case UK\""   ""Description:10 x HP 100GB 6G SLC (Single Level Cell) Enterprise Mainstream 2.5-inch (SFF) SATA 6Gb/s Solid State Drive\"
980,{'Output': 'mismatch'},"/CPU\', \'description\': \'  ""Intel Core i7-7700K 4.2GHz Quad-Core LGA1151 Processor""@en Processor/CPU LN76876 - BX80677I77700 | SCAN UK""@en  ""Intel Core i7-7700K""@en Processor/"
981,{'Output': 'mismatch'},"{""Output"": ""match""}"
982,{'Output': 'mismatch'},") :\': \'0.045\', \'description\': \'  ""120Gb Samsung 750 EVO Series S-ATA3 Solid State 2.5-inch 295GB/s Hard Drive - HPS-120750E"" "" 120Gb Samsung 750 EVO Series S-ATA3 Solid State 2.5-"
983,{'Output': 'mismatch'},"', \'description_long\': \'HP 242469-001 15/30-GB Ext SCSI DLT Tape Drive (Desktops) - 15GB Native Capacity - SCSI Interface - External Enclosure - 10MB/s Data Transfer Rate - Compressed Capacity: 30GB - 15GB Native Capacity - 10MB/s"
984,{'Output': 'mismatch'},"\'Proliant Memory\', \'subcategory\': \'2GB (2x1GB) PC2-5300 667MHzDDR2 ECC Registered SDRAM Memory Kit\', \'brand\': \'HPE\', \'sku\': \'408851b21\', \'type\': \'DDR2 ECC Registered S"
985,{'Output': 'mismatch'},"', \'Width\': \'3.5""\', \'Depth\': \'2.5""\', \'description\': \'  ""XTA-3510-73GB-10K Sun 73GB Fibre Channel 10K Hard Drive"" ""Null""   ""Description: XTA-3510-73GB-10K Sun 73GB Fibre Channel"
986,{'Output': 'mismatch'},"\'subcategory\': \'Description:Intel - Core i7-7800X 3.5GHz 6-Core Processor\', \'sku\': \'bx80673i77800x\', \'type\': \'Intel Core i7-7800X 6-Core Processor\', \'price\': \'""CAD"","
987,{'Output': 'match'},"{""Output"": ""match""}"
988,{'Output': 'mismatch'},"description\': \'  ""ST3500630NS-10Pack Seagate 500GB 7200RPM SATA 150 3.5 inches\', \'title\': \'ST3500630NS-10Pack Seagate 500GB 7200RPM SATA 150 3.5 inches\',"
989,{'Output': 'mismatch'},"'title\': \'512743-001 HP 72-GB 6G 15K 2.5 DP SAS\', \'category\': \'Null\', \'subcategory\': \'Price\', \'brand\': \'HP\', \'sku\': \'512743-001-2Pack\', \'type"
990,{'Output': 'mismatch'},"\': \'HardDrive\', \'subcategory\': \'Internal Hard Drives\', \'brand\': \'WD\', \'sku\': \'wd1003fzex\', \'type\': \'Internal Hard Drive\', \'description\': \'  \""WD 1TB WD Red SATA 6Gb/s 3.5\"" Internal NAS"
991,{'Output': 'mismatch'},"', \'description\': \'  ""MSI GeForce GTX 1080 GAMING X 8G - Prijzen ""@NL Tweakers""@NL\', \'title\': \'MSI GeForce GTX 1080 GAMING X 8G - Prijzen ""@NL Tweakers""@NL\', \'subcategory\': \'\', \'brand\': \"
992,{'Output': 'mismatch'},"{""Output"": ""mismatch""}"
993,{'Output': 'mismatch'},""" - 32GB (2x16GB) DDR4 3000MHz Non-ECC UDIMM (Unbuffered) Memory Module - Dual (2) Channel Kit - Black PCB Red LED Lighting XMP 2.0 - CAS Latency 15-17-17-35 - Voltage 1.35 V - Anodised Aluminium Heatspreader"
994,{'Output': 'mismatch'},"2A2133C13\', \'type\': \'Memory Kit\'}', 'Entity_2': '{\'title\': \'Corsair 32GB Vengeance LPX DDR4 2133MHz RAM/Memory Kit 2x 16GB\', \'category\': \'Computer Components\', \'subcategory\': \'Memory & Storage\"
995,{'Output': 'mismatch'},"€25,-)\': \'€ 0,-\', \'description\': \'  ""Gigabyte GB-BKi3HA-7100 (rev. 1.0) - Barebones PC - LN76132"" ""Gigabyte GB-BKi3HA-7100 (rev. 1.0) - Barebones PC - LN"
996,{'Output': 'mismatch'},"{""Output"": ""mismatch""}"
997,{'Output': 'match'},"\': \'  \""200SSD1 CT240BX-200 1TB SAS 10K 3.5-inch Dual Port Hot-Plug Hard Drive\""  \""Description:1TB Serial Attached SCSI (SAS) 10K 3.5-inch Dual Port Hot-Plug Hard Drive\"" ', \'title\': \'200SS"
998,{'Output': 'match'},"1/3H (Low Profile)\', \'Capacity\': \'146GB\', \'Interface\': \'Fibre Channel\', \'description\': \'  ""518736-001 HP 146-GB 10K 3.5 Fibre Channel Hot-Plug Hard Drive"" ""StorageWorks 518736-001"
999,{'Output': 'mismatch'},"'Intel\', \'Processor Number\': \'i5 7600K\', \'Number of Cores\': \'4\', \'Number of Threads\': \'4\', \'Clock Speed\': \'3.8GHz\', \'Max Turbo Frequency\': \'4.2GHz\', \'Architecture\': \'14nm technology\"
1000,{'Output': 'mismatch'},"€ 0,-\', \'description\': \'  ""Sandisk Ultra SDXC Class 10 UHS-I 80MB/s 64GB""@en-nl Sandisk Ultra SDXC Class 10 UHS-I 80MB/s 64GB\', \'title\': \'Sandisk Ultra SDXC Class 10 UHS-I"
1001,{'Output': 'mismatch'},"{""Output"": ""match""}"
1002,{'Output': 'mismatch'},"ED\', \'category\': \'\', \'subcategory\': \'\', \'brand\': \'AMD\', \'sku\': \'amd1500x\', \'type\': \'Processor\', \'description\': \'  ""AMD RYZEN 5 1400 3.4GHz 10MB 4 CORE 65"
1003,{'Output': 'mismatch'},"', \'Form Factor\': \'3.5 inch x 1 inch Plug-in Module\', \'Capacity\': \'146.8GB\', \'Interface Type\': \'FC-AL\', \'Data Transfer Rate\': \'2GB/s\', \'Rotational Speed\': \'10000RPM\', \'Pins\': \'40"
1004,{'Output': 'mismatch'},"': \'Seagate\', \'sku\': \'st1000dm003\', \'type\': \'Hard Drive\', \'description\': \'  ""ST1000DM003 Seagate 1-TB 7.2K 3.5 6G SATA""@en ""Hard Drive - 1TB - 7200R"
1005,{'Output': 'mismatch'},"Intel Xeon Processor 5507 2.26GHz 800MHz 1MB 4MB 64-bit 45nm 45nm Socket\', \'title\': \'601248-B21 HP E5507 2.26GHz ML350 G6\', \'subcategory\': \'Price"
1006,{'Output': 'mismatch'},"{""Output"": ""mismatch""}"
1007,{'Output': 'match'},"{""Output"": ""match""}"
1008,{'Output': 'mismatch'},"{""Output"": ""mismatch""}"
1009,{'Output': 'mismatch'},"{""brand"": ""Intel""}"
1010,{'Output': 'mismatch'},"€ 0,-\', \'description\': \'  ""Corsair Vengeance LPX 16GB (2 x 8GB) DDR4 3000MHz C15 Memory Module - Black (CMK32GX4M2B3000C15) - Prijzen ""@en Socket 3\', \'title\': \'Corsair Vengeance LP"
1011,{'Output': 'match'},"{""Output"": ""match""}"
1012,{'Output': 'mismatch'},"'  ""Null"" ""3R-A3851-AA HP 15K Ultra320 SCSI Internal Hard Drive""   ""Description:HP 15K Ultra320 SCSI Internal Hard Drive""   ""Description:HP 15K Ultra320 SCSI Internal Hard Drive""   ""Description:HP 15K Ultra320 SCSI Internal Hard Drive""   ""Description:"
1013,{'Output': 'match'},"3.5\"" HDD WD30EFRX"" ""WD Red 3TB 3.5\"" HDD WD30EFRX""  ""Description:3TB 3.5\"" HDD WD30EFRX""  ""Description:3TB 3.5\"" HDD WD30EFRX""  ""Description:3TB 3.5\"" HDD WD"
1014,{'Output': 'mismatch'},"': '{\'/mpn\': \'[bx80677i77700]\', \'/gtin13\': \'[735858325899]\', \'brand\': \'Intel\', \'category\': \'Kaby Lake\', \'Official Release Date\\xa0\': \'Dec 20, 2"
1015,{'Output': 'mismatch'},"Yes\', \'description\': \'  \""I5 6600 Intel Core i5-6600 Quad-Core 3.3GHz LGA1151 65W Processor Intel\', \'title\': \'I5 6600 Intel Core i5-6600 Quad-Core 3.3GHz LGA1151 65W"
1016,{'Output': 'mismatch'},"\', \'Description\': \'HP 157766-B21 50/100GB Half-Height Tape Drive\', \'title\': \'HP 157766-B21 50/100GB Half-Height Tape Drive\', \'sku\': \'157766b21\', \'type\':"
1017,{'Output': 'mismatch'},"'WD Purple 1TB 3.5 3G SATA HDD\', \'category\': \'Hard Drives\', \'subcategory\': \'\', \'brand\': \'WD\', \'sku\': \'wd10purx\', \'type\': \'Hard Drive\', \'description\': \'  ""WD Purple 1TB"
1018,{'Output': 'match'},"430165003\', \'Products ID\': \'141263\', \'Capacity\': \'300GB\', \'Interface Type\': \'SAS\', \'Connector\': \'45 pin IDC\', \'Data Transfer Rate\': \'150MB/s\', \'Spindle Speed\': \'15"
1019,{'Output': 'mismatch'},"10K FC-AL"" Price 238921-B21 ""New 238921-B21 FC-AL 10 Pack W\', \'description\': \'  ""238921-B21 HP 72.8-GB 10K FC-AL"" Price 238921-B21 ""New 238"
1020,{'Output': 'mismatch'},"1-B21 HP Xeon E5-2609v2 2.5GHz DL360p G8\', \'subcategory\': \'Price\', \'sku\': \'712741-B21-1Pack\', \'type\': \'Description:1 x HP Xeon E5-2609v2 2.5G"
1021,{'Output': 'mismatch'},".5 SAS SLC SSD\', \'category\': \'Null\', \'subcategory\': \'Price\', \'brand\': \'HP\', \'sku\': \'632429-003-10Pack\', \'type\': \'Description:10 x HP 400-GB 6G 2.5 SAS SLC S"
1022,{'Output': 'mismatch'},"Category\': \'Proliant Processor\', \'Sub-Category\': \'Intel Xeon\', \'Generation\': \'G7\', \'Part Number\': \'631671-B21\', \'Products ID\': \'458159\', \'Product Type\': \'Processor\', \'Processor Type\': \'Int"
1023,{'Output': 'mismatch'},"674-001 HP 256MB200MHz DDR PC1600 EC"", ""Null"" ""New 249674-001 EC Wholesale Price 249674-001""  \', \'description\': \'  ""249674-001 HP 256MB200MHz DDR PC"
1024,{'Output': 'mismatch'},"-2133 1Rx4 1.2V ECC RDIMM\', \'subcategory\': \'\', \'brand\': \'Hynix\', \'sku\': \'hma41gr7mfr4ntf\', \'type\': \'ECC Registered DDR4 Memory\', \'description_en\': \'Hynix HMA41"
1025,{'Output': 'mismatch'},"{""Output"": ""match""}"
1026,{'Output': 'mismatch'},"\'brand\': \'HP\', \'sku\': \'452348b21\', \'type\': \'Description:HP Smart Array P700M Low Profile Battery Option KitPart Number(s) Option Part# 452348-B21\', \'description\': \'  ""452348-B21 HP SA P7"
1027,{'Output': 'mismatch'},"'[3457235497641]\', \'category\': \'Computers_and_Accessories\', \'Categorie\': \'Processors\', \'Merk\': \'Intel\', \'Product\': \'Intel Core i7-7700\', \'Uitvoering\': \'Boxed\', \'EAN\"
1028,{'Output': 'mismatch'},"ATA 6G 7.2K Hard Drive\', \'description\': \'  ""658102-001-SC HP G8 G9 2-TB 6G 7.2K 3.5 SATA SC"" ""Null""   ""Description:HP 2TB 3.5-inch (LFF) Serial ATA 6G 7.2K Hard Drive"
1029,{'Output': 'mismatch'},"', \'brand\': \'Asus\', \'sku\': \'M5A99FXPRO20-M3/32G\', \'type\': \'Motherboard\', \'description\': \'  ""Asus M5A99FX Pro R2.0 - Prijzen ""@NL Tweakers""@NL""@en  ""Asus M5A99"
1030,{'Output': 'mismatch'},"0,-)\': \'€ 0,-\', \'Pakketpost (vanaf € 15,-)\': \'€ 0,-\', \'Pakketpost (vanaf € 10,-)\': \'€ 0,-\', \'Pakketpost (vanaf € 150,-)\': \'€ 0,-\', \'Pakketpost (vanaf €"
1031,{'Output': 'mismatch'},"6ABA HP 36.4-GB 10K FC-AL"" Price BD03656ABA-10Pack"" ""New BD03656ABA FC-AL 10 Pack Wholesale"" Description:10 x 36.4GB 3.5 inch x 1 inch Plug-in Module Fibre Channel (FC-AL) HP/Compaq B"
1032,{'Output': 'mismatch'},"{""Output"": ""mismatch""}"
1033,{'Output': 'mismatch'},"'142198\', \'Storage Capacity\': \'146GB\', \'Upgrade Type\': \'System Specific\', \'Technology\': \'10000 RPM\', \'Description\': \'  ""146GB 10000 RPM 359461-001-5Pack""@en 14"
1034,{'Output': 'match'},"arebone Systems\', \'subcategory\': \'Processors\', \'brand\': \'Intel\', \'sku\': \'bx80635e52690v2\', \'type\': \'Processor\', \'description\': \'  ""Intel Xeon E5-2690 V2 Processor Ivy Bridge 3.0 G"
1035,{'Output': 'mismatch'},"', \'brand\': \'HP\', \'category\': \'HP\', \'Category\': \'Proliant Option\', \'Sub-Category\': \'Memory\', \'Generation\': \'4GB\', \'Part Number\': \'615729-B21\', \'Products ID\': \'457965\', \'"
1036,{'Output': 'mismatch'},"subcategory\': \'\', \'brand\': \'HP\', \'sku\': \'340743b22\', \'type\': \'Int SCSI DLT Tape Drive\', \'description\': \'  ""340743-B22 HP 20/40 DLT Int Tape Drive""   ""Description:20/40GB"
1037,{'Output': 'mismatch'},"2MB 512MB"" ""Null""   ""Description:Proliant ML350 G4p 4U Tower Server 3.2GHz Xeon 512MB DDR2Hewlett-Packard Part# 356816-001\', \'description\': \'  ""356816-001 ML350T G4p X"
1038,{'Output': 'mismatch'},"': \'10K\', \'Generation\': \'SAS\', \'Part Number\': \'653124B21-2Pack\', \'Product ID\': \'457490\', \'Type\': \'Hard Drive - Hot-Swap\', \'Capacity\': \'120GB\', \'Interface Type\': \'Serial Att"
1039,{'Output': 'mismatch'},"Channel Memory Support, Intel HD Graphics 630, 65W TDP, 1151 socket, 14nm Process Technology\', \'description\': \'  ""7th Generation Intel® Core™ i5 7500 3.4GHz Socket LGA1151 (Kaby Lake) Processor - Retail""@en ""▷ 7th Generation Intel® Core"
1040,{'Output': 'match'},"-Plug Capable\': \'Yes\', \'description\': \'  ""ST2000NM0011 2TB 3.5-inch (Internal) 7200RPM 140MB/s SATA 3.5-inch Hard Drive"" ""Null"" Price ST2000NM0011"" ""Seagate 2TB 3.5"
1041,{'Output': 'mismatch'},".5ms\', \'HotSwap\': \'Yes\', \'description\': \'  ""417190-002 HP 72-GB 6G 15K 3.5 DP SAS HDD"" ""New 417190-002 HP 72-GB 6G 15K 3.5 DP SAS HDD"
1042,{'Output': 'mismatch'},"SAS) 6Gb/s 7.2K RPM Hard Drive\'}', 'Entity_2': '{\'title\': \'628061-S21-SC HP G8 G9 3-TB 6G 7.2K 3.5 SATA SC\', \'category\': \'Price\', \'subcategory\': \'Price\', \'"
1043,{'Output': 'match'},"': \'Hard Drive - Hot-Swap\', \'Capacity\': \'300GB\', \'Interface Type\': \'Serial Attached SCSI\', \'Spindle Speed\': \'10000RPM\', \'description\': \'  \""DG0300FARVV HP 300-GB 10K 2.5 DP S"
1044,{'Output': 'mismatch'},"3344658, 3536403345518\', \'SKU\': \'vcqk1200dppb,  rvcqk1200dppb\', \'Tweakers ID\': \'166483\', \'Productprijs\': \'€ 1199,-\', \'"
1045,{'Output': 'mismatch'},"\', \'Category\': \'Proliant Server\', \'Sub-Category\': \'Memory\', \'Generation\': \'DDR3\', \'Part Number\': \'647594-B21\', \'Products ID\': \'455562\', \'Product Type\': \'Memory Module\', \'Memory Type\': \'"
1046,{'Output': 'mismatch'},"', \'description\': \'  ""518736-001 HP 450-GB 10K 3.5 DP FC-AL 5 Pack "" ""HP 518736-001 Part# -518736-001-5Pack""  ""Descriptio\'', \'title\': \'518736-0"
1047,{'Output': 'mismatch'},"33MHz\', \'description\': \'  ""338974-B21 HP DL760 G2 8x Intel Xeon 2.5GHz Processor 1MB Cache 8GB 133MHz ECC SDRAM Memory Smart Array 5i Controller Integrated HP NC7170 Dual-Port PCI-X 133MHz"" ""New"
1048,{'Output': 'mismatch'},"GHz (Socket FM2) APU Richland Processor - Retail ""@en Socket FM2 | AD640KOKHLBOX \', \'subcategory\': \'\', \'brand\': \'AMD\', \'sku\': \'ad640kokhlbox\', \'type\': \'Processor\'}', 'Entity_2': '{\'title\': \'AMD"
1049,{'Output': 'mismatch'},"250U\', \'subcategory\': \'Desktop Computers\', \'brand\': \'Intel\', \'sku\': \'boxnuc5i5ryh\', \'type\': \'Intel NUC Kit i5-5250U\'}', 'Entity_2': '{\'title\': \'Intel NUC Kit NUC5i5RY"
1050,{'Output': 'mismatch'},"': '{\'title\': \'Corsair Vengeance LP 16GB (2 x 8GB) DDR4 2400MHz C15 Memory Kit\', \'category\': \'Kit\', \'subcategory\': \'Corsair Vengeance LP 16GB (2 x 8GB) DDR4 2400MHz C15 Memory Kit\"
1051,{'Output': 'mismatch'},"64-bit Processing\': \'Yes\', \'Process Technology\': \'32nm\', \'Processor Socket\': \'Socket R\', \'Thermal Design Power\': \'130W\', \'description\': \'  ""662078-B21 Intel Xeon Processor L3 1.8GHz 8GT/s 5"
1052,{'Output': 'mismatch'},"\'  ""Flash Memory Card, Ultra Series, SDHC, UHS-1, Class 10, 16 GB ""@en SDHC ""SDSDU-016G-U46 - SANDISK\', \'title\': \'Flash Memory Card, Ultra Series, SDHC, UHS-1, Class 10, 16 GB @en SDHC ""SDSDU-"
1053,{'Output': 'mismatch'},"6Gb/sec (750 MB/s)\', \'Spindle Speed\': \'7200RPM\', \'Native Command Queuing\': \'Supported\', \'Bytes/Sector\': \'512\', \'description\': \'  ""Null"", ""ST2000NM0011 10Pack"" ""New 2TB 3"
1054,{'Output': 'mismatch'},"280\', \'description\': \'  \""Samsung 860 EVO 1TB 2.5\"" ""Null""   ""Description:Samsung 860 EVO 1TB 2.5\"" ""Null""   ""Description:Samsung 860 EVO 1TB 2.5\"" ""Null""   ""Description:Samsung 860"
1055,{'Output': 'mismatch'},"U64GX4M4C3000C15\', \'EAN\': \'843591090742\', \'SKU\': \'cmu64gx4m4c3000c15\', \'Tweakers ID\': \'545522\', \'Productprijs\': \'€"
1056,{'Output': 'mismatch'},"{""Output"": ""match""}"
1057,{'Output': 'mismatch'},"C9)\', \'category\': \'\', \'subcategory\': \'\', \'brand\': \'Corsair\', \'sku\': \'cmz8gx3m2a1866c9\', \'type\': \'Server Memory\', \'description\': \'  ""Corsair Vengeance 8GB (2x4GB) DDR3"
1058,{'Output': 'mismatch'},"Verzending\': \'€ 0,-\', \'Pakketpost (vanaf € 20,-)\': \'€ 0,-\', \'description\': \'  ""ASRock Fatal1ty 990FX Killer\', \'title\': \'ASRock Fatal1ty 990FX Killer\', \'subcategory\': \'\', \'"
1059,{'Output': 'mismatch'},"1111\', \'Manufacturer\': \'Quantum\', \'Product Type\': \'Tape Drive\', \'Description\': \'Quantum ATL1600 Tape Drive\', \'description\': \'  ""242469-001 HP Quantum ATL1600 Tape Drive"" ""Description:Quantum ATL1600 T"
1060,{'Output': 'mismatch'},"', \'/mpn\': \'[157766b21]\', \'brand\': \'Hewlett Packard Enterprise\', \'category\': \'\', \'Category\': \'Proliant Memory\', \'Sub-Category\': \'Genuine HP Memory\', \'Generation\': \'512 MB\', \'Part Number\': \'1"
1061,{'Output': 'match'},"3.5-inch LFF Serial Attached SCSI (SAS)6G 7.2K Hot-Plug Midline (MDL) Hard Drive\', \'brand\': \'HPE\', \'sku\': \'782995001\', \'type\': \'Genuine HPE serial attached scsi (sas) 6g 7.2k"
1062,{'Output': 'mismatch'},"RAM)\', \'description\': \'  ""Crucial - DDR3L 4 GB SO-DIMM 204-pin""@en 4GB SO-DIMM 204-pin | CT4G3S186DJM\', \'description\': \'  ""Crucial - DDR3L 4 GB SO-DIMM 204-pin""@"
1063,{'Output': 'mismatch'},""" Price 653124-B21"" ""New 653124-B21 SSD""  ""Description: HP G8 G9 200-GB 3G 3.5 SATA MLC SSD""  ""New 653124-B21 SSD""  ""Description: HP G8 G9 200-GB 3G 3"
1064,{'Output': 'mismatch'},"', \'type\': \'Processor\', \'description\': \'  ""601248-B21 HP E5507 2.26GHz ML350 G6""  ""New 601248-B21 G6 Wholesale Price 601248-B21""  ""Description:601248-B21"
1065,{'Output': 'mismatch'},"\'Processor\'}', 'Entity_2': '{\'title\': \'495906-B21 HP X5560 2.80GHz ML350 G6\', \'category\': \'Null\', \'subcategory\': \'Description:Intel Xeon X5560 ML350 G6(2.80GHz/4-core"
1066,{'Output': 'mismatch'},"2-B21 HP Intel Xeon Processor L2820 2.0GHz 1M Cache 65nm 64-bit Server Processor"", ""Null"" Price 442992-B21"" Processor Wholesale 442992-B21  ""Description: HP Intel Xeon Processor L2820 2.0GHz 1"
1067,{'Output': 'mismatch'},"'Intel\', \'category\': \'HP\', \'Category\': \'Proliant Memory\', \'Sub-Category\': \'Intel Memory\', \'Generation\': \'5300MHz\', \'Part Number\': \'291966-B21\', \'Products ID\': \'458275\', \'"
1068,{'Output': 'match'},"-GB U320 SCSI 15K HDD\', \'subcategory\': \'Price 404712-001\', \'brand\': \'New 404712-001 HDD Wholesale \', \'sku\': \'404712001\', \'type\': \'Description:146GB"
1069,{'Output': 'mismatch'},"{""Output"": ""mismatch""}"
1070,{'Output': 'mismatch'},"- Retail""@en ""▷ Intel … | OcUK""@en  ""I5 6600K""@en  ""I5 6600K""@en  ""I5 6600K""@en  ""I5 6600K""@en  ""I5 6600K""@en  ""I5 6600K""@"
1071,{'Output': 'mismatch'},"BX80677I77700 | CCL Computers\', \'title\': \'Intel Core i7-7700 3.6GHz 8MB Smart Cache Box\', \'subcategory\': \'\', \'sku\': \'bx80677i77700\', \'type\': \'Retail\', \'"
1072,{'Output': 'mismatch'},"{""Output"": ""mismatch""}"
1073,{'Output': 'mismatch'},"': \'PY276AA-2Pack\', \'type\': \'SATA\', \'description\': \'  ""PY276AA HP 80-GB 7.2K 3.5 NHP SATA"" ""Null"" Price PY276AA-2Pack"" ""New PY276AA SATA 2 Pack Wholesale  PY276AA-"
1074,{'Output': 'mismatch'},"Product Type\': \'Hard Drive\', \'description\': \'  \""ST31000524NS Seagate 146GB 7.2K 3.5 SATA\"" ""New 146GB 7.2K 3.5 SATA Seagate ST31000524NS Hard Drive"" ', \'title\': \'ST3100"
1075,{'Output': 'mismatch'},"': \'  ""WD Purple 1TB 3.5"" SATA3 HD CCTV HDD/Hard Drive WD10PURZ"" ""New WD10PURZ 1TB 3.5"" SATA3 HD CCTV HDD/Hard Drive WD10PURZ"" ""New WD10PURZ 1TB 3.5"" SATA3"
1076,{'Output': 'mismatch'},"\'  ""4th Generation Intel® Core™ i3 4160 3.6GHz Socket LGA1150 ""@en CoreAndtrade; | BX80646I34160 Novatech\', \'description\': \'  ""4th Generation Intel® Core™ i3 4160 3.6GHz Socket LGA1150 ""@"
1077,{'Output': 'mismatch'},"BD03655B28 HP 36.4-GB 10K FC-AL HDD\', \'sku\': \'bd03655b28\', \'type\': \'Description:StorageWorks 36.4GB 10K Fibre Channel HDD in StorageWorks\', \'description_full\': \'  ""BD036"
1078,{'Output': 'mismatch'},"{""Output"": ""match""}"
1079,{'Output': 'mismatch'},"Drive\', \'price\': \'""USD"", ""$1,401.55""\', \'description\': \'  ""BD1465822C HP 146.8-GB 10K FC-AL"", ""Null"" ""New BD1465822C FC-AL 2 Pack Wholesale Price BD1465822C\',"
1080,{'Output': 'mismatch'},"akketpost vanaf € 99,-\': \'€ 5,95\', \'description\': \'  ""AMD - Ryzen Threadripper 1900x 3.8GHz 12-Core Processor"" Processor (YD190XA8AEWOF) PCPartPicker""\', \'title\': \'AMD - Ryzen Threadripper"
1081,{'Output': 'match'},"FF 6G Dual Port 10K Hard Drive\', \'description\': \'  ""Null"" ""EG0146FARTR HP 146-GB 6G 10K 2.5 DP SAS HDD""   ""Description:146GB 2.5-inch Serial Attached\', \'description\': \'  ""Null"" ""EG01"
1082,{'Output': 'mismatch'},"'description\': \'  ""192106-B21 HP 110GB Super DLT Tape Drive"" ""HP 192106-B21 110GB Super DLT Tape Drive""@en (192106-B21 | HP\', \'title\': \'192106-B21 HP 110GB"
1083,{'Output': 'mismatch'},"GB\', \'Interface\': \'SATA III\', \'description\': \'  \""500GB 7200RPM 3.5\""@en 500GB 7200RPM 3.5 SATA III\', \'title\': \'500GB 7200RPM 3.5 SATA III\', \'sku\':"
1084,{'Output': 'mismatch'},"TB 6G 7.2K 3.5 SATA SC\', \'subcategory\': \'New 658102-001 SC Wholesale Price 658102-001-SCPack\', \'sku\': [\'658102001\', \'658102001-SCPack\'], \"
1085,{'Output': 'mismatch'},"or - Retail""@en CPU/Processor LN78869 - YD1700BBAEBOX | SCAN UK""@e  ""AMD Ryzen 7 1700 8 Core (Socket AM4) Processor - Retail""@en CPU/Processor LN78869 - YD1700BBAEBOX | SCAN UK""@e  ""AMD"
1086,{'Output': 'mismatch'},"{""Output"": ""mismatch""}"
1087,{'Output': 'mismatch'},"[3232552122221]\', \'category\': \'Computers_and_Accessories\', \'description\': \'  ""Intel Core i7-7700K 4.20GHz (Kaby Lake) Socket LGA1151 Processor - Retail""@en ""▷ Intel Core i7-7700K 4"
1088,{'Output': 'mismatch'},"BL20p G2 Server\', \'sku\': \'359623b21\', \'type\': \'Blade Server\'}', 'Entity_2': '{\'title\': \'359623-B21 HP BL20p G2 X2.8GHz/1MB 512MB\', \'category\': \'Null\"
1089,{'Output': 'mismatch'},het verwerken van alle beeldinformatie die van de computer komt. De videochip bevat ook de geheugenbuffer waarin de beelden worden opgeslagen voordat ze worden weergegeven op het scherm. De videochip is een belangrijk onderdeel van een computer en is verantwoordelijk voor het weergeven van beelden op het scherm. De videochip is ook
1090,{'Output': 'mismatch'},"'cmz16gx3m2a1600c10\', \'type\': \'Memory\', \'description\': \'  ""Corsair Memory Vengeance Jet Black 16GB DDR3 1600 MHz CAS 10 XMP Dual Channel Desktop"" "" Corsair 240-pin CMZ16GX3M2A1"
1091,{'Output': 'mismatch'},"15001]\', \'brand\': \'Hitachi\', \'category\': \'HardDrives\', \'Sub-Category\': \'7.2K\', \'Generation\': \'SATA SC\', \'Part Number\': \'HX42115001-10Pack\', \'Products ID\': \'46271"
1092,{'Output': 'mismatch'},"\', \'brand\': \'Intel\', \'sku\': \'i7-7700\', \'type\': \'Processor\', \'description\': \'  ""Intel Core i7-7700 Boxed - Specificaties"" Intel Core i7-7700 Processor 2.9 GHz 8 MB L3 Cache 4 Cores LGA1"
1093,{'Output': 'mismatch'},"{""Output"": ""match""}"
1094,{'Output': 'mismatch'},"sku\': \'323146b21, 323146-b21\', \'type\': \'Blade Server\', \'formFactor\': \'Blade\', \'memorySize\': \'512 MB\', \'memoryType\': \'DDR SDRAM\', \'memorySpeed\': \'N/A\', \"
1095,{'Output': 'mismatch'},"': \'HPE\', \'category\': \'StorageWorks\', \'Category\': \'Storageworks HDD\', \'Sub-Category\': \'146GB\', \'Generation\': \'Fibre Channel\', \'Part Number\': \'295643-B21\', \'Products ID\': \'1616\', \"
1096,{'Output': 'mismatch'},"{""Output"": ""mismatch""}"
1097,{'Output': 'mismatch'},"\', \'subcategory\': \'StorageWorks\', \'brand\': \'HP\', \'sku\': \'BD1465822C\', \'type\': \'StorageWorks\', \'description\': \'  ""HP 146.8-GB 10K FC-AL""@en ""HP 146.8-GB 1"
1098,{'Output': 'mismatch'},"\': \'AMDFX6300\', \'type\': \'Processor\', \'description\': \'  ""AMD FD6300WMHKBOX Fx 6300 6c Processor Am3+ 14mb 95w 3500 Mhz Box""@en AMD FX 6300 6c Processor Am3+"
1099,{'Output': 'match'},"-8500R-7 LP KIT, 1 x 4GB DDR3 SDRAM 1066MHz Unbuffered ECC SODIMM 240-pin\', \'category\': \'Memory & Storage\', \'subcategory\': \'Memory & Storage\', \'brand\': \'HP\', \'sku\': \'50066"
1100,{'Output': 'mismatch'},"89899005712, 0889899005743, 0889899005743, 0889899005743', 'SKU': 'V1M69AAABB, V1M69AAABB, V1M69AAABB, V1M69AAAB"
1101,{'Output': 'mismatch'},"32mm Cooler Included\', \'description\': \'  \""AMD RyzenTM 5 1400 3.20GHz 4-Core Processor AM4 Socket 65W TDP Wraith Stealth 32mm Cooler Included\""@en ""AMD RyzenTM 5 1400 3.20GHz 4-Core Processor AM"
1102,{'Output': 'mismatch'},"ers_and_Accessories\', \'subcategory\': \'Memory & Storage\', \'brand\': \'Corsair\', \'sku\': \'CMK32GX4M2A2133C13\', \'type\': \'Memory Kit\', \'description\': \'  ""Corsair Vengeance LPX Black 32GB (2x"
1103,{'Output': 'mismatch'},".5 inches x 1/3H\', \'Interface\': \'Serial ATA\', \'Data Transfer Rate\': \'300MB/s\', \'Spindle Speed\': \'7200RPM\', \'Average Seek Time\': \'8.5ms\', \'Hot Swap Tray\': \'Not Included\', \'Manufacturer"
1104,{'Output': 'mismatch'},"02Q1MM0R10\', \'Omschrijving\': \'  ""Asus PCE-AC55BT B1 802.11ac Dual-Band Wi-Fi USB Adapter\"", \'title\': \'Asus PCE-AC55BT B1 802.11ac Dual-Band Wi-Fi USB Adapter\', \'description"
1105,{'Output': 'mismatch'},"15K 3G SAS HDDs\', \'brand\': \'HP\', \'sku\': \'dh0072balwl\', \'type\': \'Hard Drive\', \'description\': \'  ""DH0072BALWL HP 72-GB 3G 15K 2.5 DP SAS HDD"", ""Null"
1106,{'Output': 'match'},"3.0, 115dB SNR HD Audio, 12+1+2 Power Phases, 2-Way CrossFireX, 2-Way SLI, 100% Solid Capacitors, 24-hour On-line Support, ASRock All Solid Capacitors Design, ASRock Dual-Channel DDR3 2400MHz Memory Support, AS"
1107,{'Output': 'mismatch'},"0RPM\', \'Pins\': \'40\', \'Manufacturer\': \'HP/Compaq\', \'Pre-Failure Warranty\': \'Yes\', \'description\': \'  \""364622-B23 HP 300-GB 10K FC-AL HDD\"" \""Null\""   \""Description:StorageWorks"
1108,{'Output': 'mismatch'},"'Product Type\': \'Network Adapter\', \'Description\': \'  ""331T 10/100BASE-TX PCI Network Adapter"" ""Null""   ""Description:331T 10/100BASE-TX PCI Network Adapter FIO Part Number(s) Manufacturer Part# 647594-B21\', \'description\': \'"
1109,{'Output': 'mismatch'},"(vanaf € 29,-)\': \'€ 0,-\', \'iDeal\': \'€ 0,-\', \'Totaal\': \'€ 128,75\', \'description\': \'  ""NZXT S340 Elite CA-S340W-B3"" "" NZXT S340 Elite CA-S34"
1110,{'Output': 'mismatch'},"29,95)\': \'€ 1,99\', \'description\': \'  ""AMD FX-4300 Quad-Core Processor FD4300WMHKBOX""@en-US ""Socket AM3+ | 10 Free Hosting\', \'title\': \'AMD FX-4300 Quad-Core Processor FD4"
1111,{'Output': 'mismatch'},"HP 146GB 6G 10K 2.5 DP SAS HDD"" ""Description:146GB Serial Attached SCSI (SAS) 2.5-inch Dual Port Hot-Plug Hard DriveIn HPE Hot-Plug Hard Drive\', \'title\': \'EG0146FARTR HP 146-GB 6G 10K"
1112,{'Output': 'mismatch'},"111,0 μs\', \'Video Data Workload - Gemiddelde doorvoersnelheid\': \'1.07 GB/s\', \'Video Workload - Gemiddelde leestijd\': \'1.111,0 μs\', \'Video Workload - Gemiddelde schrijftijd\': \'29,0 μs\', \'Video Work"
1113,{'Output': 'mismatch'},"{""Output"": ""match""}"
1114,{'Output': 'mismatch'},"'[632429003]\', \'/mpn\': \'[632429003]\', \'brand\': \'HP\', \'category\': \'Null\', \'Category\': \'Proliant HardDrive\', \'Sub-Category\': \'Solid State Drive\', \'Generation\': \'SAS SSD\"
1115,{'Output': 'mismatch'},"': \'[8865246111]\', \'/sku\': \'[8865246111]\', \'brand\': \'HP\', \'category\': \'HP\', \'Category\': \'Memory\', \'Sub-Category\': \'RAM\', \'Generation\': \'DDR3\', \'Part"
1116,{'Output': 'mismatch'},",-': \'€ 0,-\', \'description\': \'  ""Gigabyte GA-Z270M-D3H Skylake Micro ATX Motherboard""@en Motherboards GA-Z270M-D3H - | SCAN UK""@en\', \'title\': \'Gigabyte GA-Z270M-D3H Skylake Micro ATX"
1117,{'Output': 'mismatch'},"000 Series Enclosure\', \'price\': \'""USD"", ""$299.99""\', \'description_en\': \'5 x Dell EqualLogic 1-TB 7.2K RPM 3G(3Gb/s) 3.5-inch Serial ATA (SATA)Hot-Plug Hard Drive in EqualLogic PS4000 /"
1118,{'Output': 'mismatch'},"': \'308724001\', \'type\': \'Server\', \'description\': \'  ""308724-001 DL360R G3 X2.8GHz 512K 1GB"" ""Null""   ""Description: Proliant DL360R G3 Xeon 2.8GHz/512K"
1119,{'Output': 'mismatch'},"5694\', \'Capacity\': \'146GB\', \'Interface\': \'Serial Attached SCSI (SAS)\', \'Enclosure\': \'Internal\', \'Drive Dimensions\': \'3.5 inches x 1/3H (Low Profile)\', \'Spindle Speed\': \'10000RPM\', \'External Data Transfer"
1120,{'Output': 'mismatch'},") PC2-5300P SDRAM Kit"" ""HP""   ""Description:Genuine HPE 8GB (2x4GB) Registered PC2-5300P SDRAM KitPart Number(s)Option Part# 408854-B21 (2 x 4GB)Spare 432670-001 (1 4GB)\', \"
1121,{'Output': 'mismatch'},"306645-003-2Pack"" ""New 306645-003 15K 2 Pack Wholesale Price 306645-003-2Pack\', \'price\': \'""USD"" ""New 306645-003 15K 2 Pack Wholesale Price 306645"
1122,{'Output': 'mismatch'},"1': '{\'/sku\': \'[287497b21]\', \'brand\': \'HP\', \'category\': \'HP\', \'Category\': \'Proliant Memory\', \'Sub-Category\': \'Genuine HP Memory\', \'Generation\': \'266MHz\', \'Part Number\': \'2"
1123,{'Output': 'mismatch'},": 300MB/sHot Swap: No\', \'sku\': \'st3500630ns2pack\', \'type\': \'Hard Drive\', \'description\': \'  ""ST3500630NS Seagate 500-GB 7.2K 3.5 3G SATA"" ""Null""   ""Description:"
1124,{'Output': 'mismatch'},"AMD\', \'Product\': \'AMD Ryzen 5 3600 6-Core Processor\', \'Uitvoering\': \'Boxed\', \'EAN\': \'00444112211645\', \'SKU\': \'ad740kybjabox\', \'Tweakers ID\': \"
1125,{'Output': 'mismatch'},"21\', \'Products ID\': \'15401\', \'Cache Memory\': \'2 MB L3 cache\', \'Cache Per Processor\': \'1 MB\', \'Form Factor\': \'Blade\', \'Hard Drive\': \'None\', \'Monitor\': \'None\', \'Networking\': \'Ethernet, Fast"
1126,{'Output': 'mismatch'},"': \'456896-001 HP 400-GB 10K 3.5 SAS\', \'category\': \'Null\', \'subcategory\': \'New 456896-001 SAS 10 Pack Wholesale Price 456896-001-10Pack\', \'brand\': \'"
1127,{'Output': 'mismatch'},"ketpost NL DPD\': \'€ 4,95\', \'Opsturen\': \'€ 0,-\', \'Pakketpost tot 1 kg\': \'€ 4,95\', \'Pakketpost tot € 50,-\': \'€ 0,-\', \'Pakketpost (vanaf € 36,24)\': \'"
1128,{'Output': 'mismatch'},"'New 287497-B21 PC2100 Wholesale Price 287497-B21\', \'sku\': \'287497b21\', \'type\': \'1GB DDR PC2100 Memory Module\'}', 'Entity_2': '{\'title\': \'287497-B"
1129,{'Output': 'mismatch'},"title\': \'AMD - Athlon X4 860K 3.7GHz Quad-Core Processor\', \'category\': \'Processors\', \'subcategory\': \'AMD Processors\', \'brand\': \'AMD\', \'sku\': \'AD860KXBJASBX\', \'type\': \'Processor"
1130,{'Output': 'mismatch'},"K16GX4M2A2400C16 Vengeance LPX DDR4 16GB (2 x 8GB) DIMM 288-pin""@en 288-pin DIMM 2400MHz DDR4 16GB (2 x 8GB) DIMM 288-pin ""Corsair 288-pin"
1131,{'Output': 'match'},"6.8-GB 10K Fibre Channel Hard Drive"" ""Description:2 x StorageWorks 146.8-GB 10K Fibre Channel Hard Drive"" ""Description:2 x StorageWorks 146.8-GB 10K Fibre Channel Hard Drive"" ""Description:2 x StorageWorks 146.8-GB 10K Fibre Channel Hard Drive"
1132,{'Output': 'mismatch'},"\'15W\', \'description\': \'  ""Corsair Air Series AF120 Quiet Edition 1150 RPM 67.8 CFM 140mm Fan""@en CO-9050009-WW \', \'title\': \'Corsair Air Series AF120 Quiet Edition 1150 RPM 67.8"
1133,{'Output': 'mismatch'},"{""Output"": ""mismatch""}"
1134,{'Output': 'match'},"128GB DT100 DataTraveler G3 USB 3.0 Storage Flash drive""@en drive LN77011 - DT100G3/128G\', \'description\': \'  ""Kingston 128GB DT100 DataTraveler G3 USB 3.0 Storage Flash drive""@en drive LN77011 - DT10"
1135,{'Output': 'match'},"5V\', \'description\': \'  ""Corsair Vengeance Performance 8GB (2x4GB) DDR3 SO-DIMM 1600MHz 9-9-9-24 CL9 DDR3 SDRAM Unbuffered Memory Module - CMSX8GX3M2A1600C9""@es  ""Memory Module - CMSX8GX"
1136,{'Output': 'mismatch'},"-\', \'description\': \'  ""Asus Prime H270-Pro""@en Prime H270-Pro""@en  ""Asus Prime H270-Pro""@en  ""Asus Prime H270-Pro""@en  ""Asus Prime H270-Pro""@en  ""Asus Prime H270-Pro""@en  ""Asus Prime H2"
1137,{'Output': 'mismatch'},"{""Output"": ""match""}"
1138,{'Output': 'mismatch'},"\'16GB\', \'Part Number\': \'497765-B21\', \'Products ID\': \'461047\', \'Manufacturer\': \'HP\', \'Memory Type\': \'SDR Synchronous\', \'Memory Technology\': \'DDR3\', \'Memory Size\': \'16GB\"
1139,{'Output': 'mismatch'},"Graphics Card (GV-N1060IXOC-3GD) - PCPartPicker""\', \'description\': \'  ""Gigabyte GeForce GTX 1060 ITX Edition 3072MB GDDR5 PCI-Express Graphics Card (GV-N1060IXOC-3GD) - PCPartPicker""\', \'sku\': \'g"
1140,{'Output': 'mismatch'},"1': '{\'title\': \'Cisco Catalyst 2960 Switch 24-Port 10/100 Base-TX Switch\', \'category\': \'Cisco\', \'subcategory\': \'2960\', \'brand\': \'Cisco\', \'sku\': \'cc2960-24t\', \'type"
1141,{'Output': 'mismatch'},"5 DDR SDRAM DIMM Module\', \'category\': \'HP\', \'subcategory\': \'1GB 184pin PC2700 DDR SDRAM DIMM Module\', \'brand\': \'HP\', \'sku\': \'358348b21\', \'type\': \'Description:HP 1GB"
1142,{'Output': 'match'},"\'category\': \'HP\', \'subcategory\': \'15K 3.5-inch Single Port Hot-Plug Hard Drive\', \'brand\': \'HPE\', \'sku\': [\'432094b21\'], \'type\': \'Serial Attached SCSI (SAS) Hard Drive\', \'description\': \'  """
1143,{'Output': 'mismatch'},"{""Output"": ""match""}"
1144,{'Output': 'mismatch'},""" Price 658102-001-SC SC Wholesale ""Description:HP 2TB 3.5-inch (LFF) Serial ATA (SATA) 6G7.2K Hot-Plug Midline (MDL) Hard Drive\', \'description\': \'  ""658102-001-SC HP G8 G9 2-TB"
1145,{'Output': 'mismatch'},"[\'417190-002\', \'417190002\'], \'type\': \'72GB Serial Attached SCSI (SAS) 15K 3.5-inch Single Port Hot-Plug Hard Drive\'}', 'Entity_2': '{\'title\': \'417190-002 HP 72-GB"
1146,{'Output': 'mismatch'},"title\': \'Intel Core i7-4790K Haswell 4.0 GHz LGA 1150 Boxed Processor\', \'category\': '', \'subcategory\': '', \'brand\': 'Intel', \'sku\': 'BX80646I74790k', \'type\': 'Processor', \'description\': '"
1147,{'Output': 'mismatch'},"', \'description\': \'  ""ST1000DM003 1TB 3.5 inches x 1/3H (Internal) SATA 7200RPM 6Gb/s 32MB Cache Hard Drive"", ""Null"" ""New ST1000DM003-2Pack 1TB 3.5 inches x 1/3H (Internal) S"
1148,{'Output': 'mismatch'},"in\', \'Interface\': \'Fibre Channel\', \'Capacity\': \'146GB\', \'description\': \'  \""BD1465822C HPE 146-GB 10K 3.5-inch Plug-in Fibre Channel\""@en-US ""Storage - Storageworks HDD - 10K - 3.5 inch"
1149,{'Output': 'mismatch'},"5 SATA 1.5G 5 Pack Wholesale\"", ""Null"" Description:ST3500630NS Seagate 500-GB 7.2K 3.5 SATA 1.5G 5 Pack Wholesale\', \'title\': \'ST3500630NS Seagate 500-GB 7.2K 3."
1150,{'Output': 'mismatch'},"', \'sku\': \'508429-001\', \'type\': \'Serial Attached SCSI (SAS) 3.5-inch Non-Hot-Plug 10K DP Hard Drive\'}', 'Entity_2': '{\'title\': \'508429-001 HP 400-GB 10K 3."
1151,{'Output': 'mismatch'},"{""Output"": ""mismatch""}"
1152,{'Output': 'mismatch'},"Hot-Plug Hard DriveIn HPE Hot-Plug Hard Drive\', \'brand\': \'HP\', \'sku\': \'456896001\', \'type\': \'Hard Drive\', \'description\': \'  ""456896-001 HP 400-GB 10K 3.5 DP SAS H"
1153,{'Output': 'match'},"{""Output"": ""match""}"
1154,{'Output': 'mismatch'},"\'type\': \'1-TB 7.2K RPM 3Gb/s 3.5-inch Serial ATA (SATA) Hot-Plug Hard Drive\', \'price\': \'""USD""\', \'description\': \'  ""ST31000524NS EQL 1TB 7.2K 3.5 SATA PS400"
1155,{'Output': 'mismatch'},"': \'BX80677I77700K\', \'Tweakers ID\': \'444138\', \'Videochip Videochip De videochip is verantwoordelijk voor het produceren van het beeldsignaal. Een snelle chip zorgt ervoor dat je complexere beelden kunt tonen zonder stotterende weergave.\"
1156,{'Output': 'mismatch'},"'2GB/s\', \'description\': \'  ""HP 430165-003 146GB SAS 10000RPM Internal Hard Drive"" ""144338_HP_HardDrives"" Price 430165-003-146GB SAS 10000RPM Internal Hard Drive\', \'"
1157,{'Output': 'mismatch'},"': \'€ 0,-\', \'Pakketpost tot €200,-\': \'€ 0,-\', \'Pakketpost tot €300,-\': \'€ 0,-\', \'Pakketpost tot €500,-\': \'€ 0,-\', \'Pakketpost tot €1000,-\': \'€ 0,"
1158,{'Output': 'mismatch'},"{""Output"": ""mismatch""}"
1159,{'Output': 'mismatch'},"59.99\', \'description\': \'  ""Seagate Desktop HDD, 1TB"" Seagate Desktop HDD 1TB\', \'title\': \'Seagate Desktop HDD, 1TB\', \'subcategory\': \'Interne harde schijven\', \'brand\': \'Seagate\', \'sk"
1160,{'Output': 'mismatch'},"\'Type\': \'Hard Drive - Hot-Swap\', \'Capacity\': \'146GB\', \'Interface Type\': \'SATA\', \'Spindle Speed\': \'7200RPM\', \'price\': \'""CAD"", ""$119.99 CAD""\', \'description\': \'  ""ST310006"
1161,{'Output': 'mismatch'},"'brand\': \'\', \'category\': \'\', \'Category\': \'Proliant Server\', \'Sub-Category\': \'DL360p\', \'Generation\': \'G7\', \'Part Number\': \'456896-001\', \'Products ID\': \'14094\', \'Processor Capacity"
1162,{'Output': 'mismatch'},"ID Controller\', \'Description\': \'  ""432103-B21 HP P600/512 BBWC Controller"" ""Null""   ""Description:HP P600/512 BBWC Controller"" Price 432103-B21"" P600/512 BBWC Controller\', \'title\': \'432103-"
1163,{'Output': 'mismatch'},"00]\', \'/mpn\': \'[st310005]\', \'brand\': \'Seagate\', \'category\': \'Computers_and_Accessories\', \'Productserie\': \'Backup Plus Desk\', \'Product\': \'Seagate Backup Plus Desk Drive 3TB\', \'Uitvoering\':"
1164,{'Output': 'mismatch'},"Entity_2': '{\'title\': \'782995-001 HP 6-TB 6G 7.2K 3.5 SAS HDD\', \'category\': \'New 782995-001 HDD Wholesale Price 782995-001\', \'subcategory\': \'\', \'brand"
1165,{'Output': 'match'},"+ 125W FD832EWMHKBOX"" "" Boxed Processor AMD FX-8320E 3.2GHz (4.0GHz Turbo) Socket AM3+ 125W FD832EWMHKBOX"" "" Boxed Processor AMD FX-8320E 3.2GHz (4.0GHz Turbo)"
1166,{'Output': 'mismatch'},"{""Output"": ""match""}"
1167,{'Output': 'match'},"serie\': \'SSD SC2BX\', \'Product\': \'Intel SSD SC2BX800G4 400GB\', \'Uitvoering\': \'Intel SSD SC2BX800G4 400GB\', \'EAN\': \'7358582937928\', \'SK"
1168,{'Output': 'match'},"{""Output"": ""match""}"
1169,{'Output': 'mismatch'},"\'Pakketpost vanaf € 99,-\': \'€ 3,95\', \'Pakketpost (vanaf € 49,95)\': \'€ 0,-\', \'Pakketpost NL DPD\': \'€ 4,95\', \'Pakketpost vanaf € 99,-\': \'€ 3,95\"
1170,{'Output': 'mismatch'},"n\': \'[st31000640ns]\', \'brand\': \'Seagate\', \'category\': \'New\', \'Category\': \'Seagate HardDrive\', \'Sub-Category\': \'7.2K\', \'Generation\': \'SATA\', \'Part Number\': \'ST310006"
1171,{'Output': 'mismatch'},"\'458231\', \'Product Type\': \'Server\', \'Server Type\': \'Proliant DL360R G3\', \'Processor Type\': \'Intel Xeon\', \'Processor Core\': \'Dual-Core\', \'Processor Qty\': \'1\', \'Clock Speed\': \'2.40GHz"
1172,{'Output': 'mismatch'},"\', \'Product\': \'Seagate ST500DM002 500GB 7200RPM SATA II 3.5-inch Internal Hard Drive\', \'Uitvoering\': \'Seagate ST500DM002 500GB 7200RPM SATA II 3.5-inch Internal Hard Drive\', \'E"
1173,{'Output': 'mismatch'},"03655B28 FC-AL 5 Pack Wholesale Price BD03655B28-5Pack\', \'brand\': \'HP\', \'sku\': \'bd03655b28\', \'type\': \'Description:10 x HPE 36.4GB 10K FC-AL\', \'description\':"
1174,{'Output': 'mismatch'},"\'], \'type\': \'Hard Drive - Hot-Swap - Gen8\'}', 'Entity_2': '{\'title\': \'658071-B21 HP G8 G9 500-GB 6G 7.2K 3.5 SATA SC\', \'category\': \'Hard Drive\', \'subcategory\': \'\', \'brand"
1175,{'Output': 'mismatch'},"{""Output"": ""match""}"
1176,{'Output': 'mismatch'},"Mini Adapter TL-WN951N"" "" Wireless Network Adapters - TP-Link TL-WN951N 300Mbps Wireless N Mini Adapter"" "" Description:TP-Link 300Mbps Wireless N Mini Adapter TL-WN951N 300Mbps Wireless N Mini Adapter"" "" Description:TP-Link 300Mb"
1177,{'Output': 'mismatch'},"Pack\', \'sku\': \'430165-003-2Pack\', \'type\': \'Description:HP 146GB 3G 10K 2.5-inch (LP) SAS 2 Pack Wholesale Price 430165-003\', \'subcategory\': \'Description:HP 146GB"
1178,{'Output': 'mismatch'},"': \'Proliant HardDrive\', \'Sub-Category\': \'15K\', \'Generation\': \'SAS\', \'Part Number\': \'456896-001\', \'Products ID\': \'458660\', \'Capacity\': \'400GB\', \'Interface\': \'Serial Attached"
1179,{'Output': 'mismatch'},"AS"" Seagate 1-TB 7.2K 3.5 3G SATA Hard Drive""@en Hard Drive - Hot-Swap - Gen8\', \'title\': \'ST31000340AS Seagate 1-TB 7.2K 3.5 3G SATA Hard Drive\', \'subcategory\': \'New ST31"
1180,{'Output': 'mismatch'},"64gx4m4a2666c16\', \'type\': \'\', \'description\': \'  ""Corsair Vengeance LPX CMK64GX4M4A2666C16 - Prijzen ""@NL Tweakers""@NL\', \'title\': \'Corsair Vengeance LPX CMK64GX4M"
1181,{'Output': 'mismatch'},"': \'  ""HP 300GB 3.5-inch (LFF) Fibre Channel (FC-AL) Hot-Swap Hard Drive in SC Carrier (SC)\', \'title\': \'HP 300GB 3.5-inch (LFF) Fibre Channel (FC-AL) Hot-Swap Hard Drive in SC Carrier (SC)\', \'sku\':"
1182,{'Output': 'match'},"ketpost\': \'€ 5,95\', \'description\': \'  ""Kingston HyperX Predator SSD M.2 480GB""@en SHPM2280P2/480G - SSD M.2 480GB - Kingston HyperX Predator SSD M.2 480GB - 2280 x 480"
1183,{'Output': 'mismatch'},"category\': \'New 512743-001 SAS 5 Pack Wholesale Price 512743-001-5Pack\', \'sku\': \'5127430015pack,5127430015pack25dp\', \'type\': \'Description:Proliant HardDrive 72"
1184,{'Output': 'mismatch'},"'Description:ST2000NM0011 Seagate 2-TB 7.2K 3.5 6G SP SATA\', \'brand\': \'Seagate\', \'sku\': \'st2000nm0011\', \'type\': \'Hard Drive - Hot-Swap\', \'description\': \'  ""ST"
1185,{'Output': 'mismatch'},"{""Output"": ""mismatch""}"
1186,{'Output': 'mismatch'},",-\', \'description\': \'  ""NZXT S340 Elite CA-S340W-B3 Black Gaming Case""  ""NZXT S340 Elite CA-S340W-B3 Black Gaming Case""  ""NZXT S340 Elite CA-S340W-B3 Black Gaming Case""  ""NZXT S34"
1187,{'Output': 'mismatch'},"(tot 25 kg)\': \'€ 0,-\', \'Pakketpost (tot 50 kg)\': \'€ 0,-\', \'Pakketpost (tot 100 kg)\': \'€ 0,-\', \'Pakketpost (tot 200 kg)\': \'€ 0,-\', \'Pakketpost (tot 300"
1188,{'Output': 'mismatch'},"\', \'subcategory\': \'\', \'sku\': \'658102001\', \'type\': \'Description:2 TB 3.5 inches 7.2K 6G SATA SCSI Hot-Swap\'}', 'Entity_2': '{\'title\': \'658102-001 HP G8 G9 2"
1189,{'Output': 'match'},"€ 295,40\', \'description\': \'  ""GV-N1060G1 GAMING-3G Gigabyte GeForce GTX 1060 G1 Gaming 3G"", ""Null"" ""New GV-N1060G1 GAMING-3G Wholesale Price GV-N1060G1 GAMING-3"
1190,{'Output': 'mismatch'},"{""Output"": ""mismatch""}"
1191,{'Output': 'mismatch'},",95\', \'description\': \'  ""Case Logic EVA-foam sleeve 16\"" (LAPS116K)""@en ""▷ Case Logic \', \'description\': \'  ""Case Logic EVA-foam sleeve 16\"" (LAPS116K)""@en ""▷ Case Logic \', \'title\': \'"
1192,{'Output': 'mismatch'},"'Internal Data Transfer\': \'1536MB/s\', \'Form Factor\': \'3.5 inches\', \'description\': \'  \""HP 508429-001-10Pack 400GB 10K SAS 3.5-inch Internal Hard Drive\"" ""Null""   ""Description: HP 508429-00"
1193,{'Output': 'mismatch'},"\', \'Capacity\': \'146GB\', \'Interface Type\': \'FC-AL\', \'Data Transfer Rate\': \'2GB/s\', \'Rotational Speed\': \'10000RPM\', \'Pins\': \'40\', \'Manufacturer\': \'HP/Compaq\', \'Pre-Failure Warr"
1194,{'Output': 'mismatch'},")\', \'sku\': \'495906b21\', \'type\': \'Processor\', \'description_fr\': \'  ""495906-B21 HP X5560 2.80GHz ML350 G6"" ""Null""   ""Description:Intel Xeon X5560 ML350 G6("
1195,{'Output': 'mismatch'},"ocuk  ""3TB Capacity, 3.5 inch, SATA 6GB/s Interface, Optimal compatibility for NAS systems,  3 Year Warranty""@ocuk  ""WD Red 3TB 5400rpm SATA 6Gb/s 64MB Cache HDD OEM (WD30EFRX)""@ocuk  ""3TB HDD OEM"
1196,{'Output': 'mismatch'},"description\': \'  ""Apple Smart Cover iPad Pro 10.5\"" 3rd Generation (A1652) - Rose""@en Cover (MQ4U2ZMA) | SCAN \', \'title\': \'Apple Smart Cover iPad Pro 10.5\"" 3rd Generation (A1652) - Rose\', \'subcategory\': \'Description:Apple"
1197,{'Output': 'mismatch'},"-B21 HP Xeon X5470 3.33GHz DL360 G5""   ""Description:Intel Xeon X5470 DL360 G5 CPQ(3.33GHz/\', \'price\': \'""$229.95"", ""USD""\', \'description\': \'  ""487511-B2"
1198,{'Output': 'mismatch'},"00C14\', \'Type\': \'DDR4 SDRAM\', \'Capaciteit\': \'16GB (4 x 4GB)\', \'Testgevoel\': \'2800MHz\', \'Testlatentie\': \'14-14-14-27\', \'Testspanning\': \'1.2"
1199,{'Output': 'mismatch'},"01, 3594610015pack\', \'type\': \'Hard Drive Hot-Swap 5 Pack\', \'price\': \'""CAD"", ""$2199.99 CAD""\', \'description2\': \'  ""359461-001 HP 72.8-GB 10K FC-AL"" ""Null"""
1200,{'Output': 'mismatch'},"(vanaf € 25,-)\': \'€ 0,-\', \'Pakketpost (vanaf € 29,-)\': \'€ 0,-\', \'Pakketpost (vanaf € 36,-)\': \'€ 0,-\', \'Pakketpost (vanaf € 39,-)\': \'€ 0,-\', \'Pakketpost"
1201,{'Output': 'match'},"Description:10 x 500GB Serial ATA (SATA) 6G 7.2K 3.5-inch Hot-Plug Hard DriveIn HPE Drive tray (as pictured)For G1-G7 Proliant SAS Serve\', \'title\': \'658071-B21 HP G8 G9 500-GB 6G 7."
1202,{'Output': 'mismatch'},"sku\': \'b018y22c2y\', \'type\': \'Tablets\'}', 'Entity_2': '{\'title\': \'Amazon Fire HD 8 Kids Edition - 8"""" 8021F 16GB Tablet - Blue Kid-Proof Case\', \'category\': \'Tablets\', \'subcategory\': \'Amazon"
1203,{'Output': 'mismatch'},"', \'Capacity\': \'146GB\', \'description\': \'  ""653124-B21 HP 146GB 2.5-inch SATA 6Gb/s SSD"" ""Null"" Price 653124-B21"" ""New 653124-B21 SSD Wholesale  ""\', \'title"
1204,{'Output': 'mismatch'},"1TB SATA III 3.5 Inch Internal Hard Drive ST1000DM003 2Pack""  ""Seagate 1TB SATA III 3.5 Inch Internal Hard Drive ST1000DM003-2Pack""  ""Description:2 x 1TB Seagate SATA III 3.5 Inch Internal Hard DriveST1000DM00"
1205,{'Output': 'mismatch'},"0 (rev. 1.0) - Prijzen ""@NL Tweakers""@NL""  ""Gigabyte GB-BKi3HA-7100 (rev. 1.0) - Prijzen ""@NL Tweakers""@NL""  ""Gigabyte GB-BKi3HA-7100 (rev. 1.0) - Prijzen ""@NL Tweakers"
1206,{'Output': 'match'},"€ 0,-\', \'Pakketpost Nederland (vanaf € 75,-)\': \'€ 0,-\', \'Pakketpost Nederland (vanaf € 50,-)\': \'€ 0,-\', \'Pakketpost Nederland (vanaf € 49,95)\': \'€ 0,-\', \'Pakketpost Nederland (vanaf € 3"
1207,{'Output': 'mismatch'},"Hard Drive\', \'Merk\': \'Seagate\', \'Productserie\': \'Barracuda 7200.11\', \'Product\': \'Seagate Barracuda 7200.11 DS15178GB\', \'Uitvoering\': \'Seagate Barracuda 7200.11 DS15"
1208,{'Output': 'mismatch'},"0146FAWJB HP 146GB 15K 3.5 DP SAS 2 Pack ""   ""Description:2 x 146GB Serial Attached SCSI (SAS) \', \'title\': \'EH0146FAWJB HP 146GB 15K 3.5 DP SAS 2 Pack\', \'sku"
1209,{'Output': 'mismatch'},"{""Output"": ""match""}"
1210,{'Output': 'mismatch'},"31786-B21 HP 120-GB 5.4K 2.5 SATA 5 Pack\', \'category\': \'Hard Drive\', \'subcategory\': \'5.4K\', \'brand\': \'HP\', \'sku\': \'431786b21\', \'type\': \'1.5"
1211,{'Output': 'mismatch'},"\': \'7200.11\', \'Part Number\': \'ST1000NM0033\', \'Products ID\': \'458139\', \'Product Type\': \'Hard Drive\', \'Description\': \'  ""New ST1000NM0033 SATA 5 Pack Wholesale"" "" New 72"
1212,{'Output': 'mismatch'},"{""Output"": ""mismatch""}"
1213,{'Output': 'mismatch'},"{""Output"": ""match""}"
1214,{'Output': 'mismatch'},"\': \'Not Included\', \'description\': \'  ""Corsair Vengeance LPX 32GB (2x16GB) DDR4 2666MHz CL16 - Black (CMK32GX4M2A2666C16) - 288-Pin DIMM""@en Computer Memory - Corsair Vengeance LPX"
1215,{'Output': 'mismatch'},"ismatch'}

Output: mismatch"
1216,{'Output': 'mismatch'},"'/sku\': \'[bx80646i54590pack]\', \'brand\': \'Intel\', \'category\': \'\', \'Category\': \'Processoren\', \'Sub-Category\': \'Intel Core i5\', \'Generation\': \'Sandy Bridge\', \'Part Number\': \'BX806"
1217,{'Output': 'mismatch'},"Voltage\': \'1.5 V\', \'Cooler\': \'Heat Sink Heat Spreader\', \'Features\': \'XMP\', \'description\': \'  \""Corsair Vengeance CMZ8GX3M1A1600C10 8GB 1X8GB DDR3-1600 CL10-10-"
1218,{'Output': 'mismatch'},"5-inch Hot-Plug Hard DriveIn HPE Drive tray (as pictured)For G1-G7 Proliant \'}', 'Entity_2': '{\'title\': \'508429-001 HP 400-GB 10K 3.5 DP NHP SAS\', \'category\': \'508429-001 HP"
1219,{'Output': 'mismatch'},"\'description\': \'  ""BX80646I54590 Intel Core i5-4590 3.1GHz 6MB 1150 Socket Boxed""   ""Description:Intel Core i5-4590 3.1GHz 6MB 1150 Socket Boxed""   ""Description:Intel Core i5-459"
1220,{'Output': 'mismatch'},"akketpost tot € 100,-\': \'€ 5,95\', \'Pakketpost tot € 200,-\': \'€ 7,95\', \'Pakketpost tot € 300,-\': \'€ 9,95\', \'Pakketpost tot € 500,-\': \'€ 12,95"
1221,{'Output': 'mismatch'},"SSD) CT240BX200SSD1""   ""CT240BX200SSD1 HDI 240GB SSD SA\', \'title\': \'Crucial BX200 240GB SSD SATA 6Gbps Solid State Drive (SSD) CT240BX200SSD1\', \'sub"
1222,{'Output': 'match'},"B21\', \'Products ID\': \'111111\', \'Type\': \'Tape Drive\', \'Capacity\': \'110GB\', \'Interface Type\': \'SCSI\', \'description\': \'  ""192106-B21 HP 110GB SCSI Tape Drive"" ""Null""   ""Description"
1223,{'Output': 'mismatch'},"Processor"" "" Ryzen 5 1600 Processor 6-Core 3.2GHz AMD\', \'description_full\': \'  ""AMD - Ryzen 5 1600 3.2GHz 6-Core Processor"" "" Ryzen 5 1600 Processor 6-Core 3.2GHz AMD\', \'description_short\':"
1224,{'Output': 'match'},"', \'Generation\': \'7200RPM\', \'Part Number\': \'ST31000340AS\', \'Products ID\': \'142990\', \'Type\': \'Hard Drive - Hot-Swap\', \'Form Factor\': \'3.5 inches x 1/8H\', \'Capacity\': \"
1225,{'Output': 'mismatch'},"{""Output"": ""mismatch""}"
1226,{'Output': 'match'},"{""Output"": ""mismatch""}"
1227,{'Output': 'mismatch'},"', \'subcategory\': \'\', \'brand\': \'Asus\', \'sku\': \'m5a99fxpror20\', \'type\': \'Motherboard\', \'description_full\': \'  ""Buy Online | Asus AMD M5A99FX PRO R2.0 Motherboard Price in India\n\nAsus AMD M5"
1228,{'Output': 'mismatch'},"g0300bahz\'], \'type\': \'10K\'}', 'Entity_2': '{\'title\': \'DG0300BAHZ HP 300-GB 3G 10K 2.5 DP SAS\', \'category\': \'Proliant HardDrive\', \'subcategory\': \'10K\"
1229,{'Output': 'mismatch'},"'sku\': \'hp417190002\', \'type\': \'Description:10 x HP 72GB 3.5-inch (Full Height) Serial Attached SCSI (SAS) 15K Hot-Plug 10K Hard DriveIn HPE Drive tray (as pictured)For G1-G7 Proliant\', \'description\':"
1230,{'Output': 'mismatch'},"SAS Internal Hard Drive"" "" HP 455699_HP_HardDrives\', \'title\': \'HP 400GB 10K SAS Internal Hard Drive\', \'sku\': \'hp45689600110pack\', \'type\': \'Hard Drive\', \'description_short\': \'HP 400"
1231,{'Output': 'mismatch'},"2 Expansion Cards\', \'brand\': \'Silverstone\', \'sku\': \'sstecm20\', \'type\': \'M.2 Expansion Card\', \'description\': \'  ""Silverstone SST-ECM20 PCIe Low Profile M.2 Expansion Card"" ""Null""   ""Description:PCIe Low Profile M.2 Expansion"
1232,{'Output': 'mismatch'},"HP 500-GB 6G 7.2K 3.5 SATA SCSI 3.5-inch Internal Hard Drive""@en  ""\'}', 'Entity_2': '{\'title\': \'HP 500-GB 6G 7.2K 3.5 SATA SCSI 3.5-inch Internal Hard Drive\', \'category\': \'HP 5"
1233,{'Output': 'mismatch'},"Entity_2': '{\'title\': \'662078-B21 HP Intel Xeon E5-2650L 1.8GHz BL460c G8(1.8GHz/8-core/20MB/70W)Full Processor\', \'category\': \'\', \'subcategory\': \'\', \'brand\': \'"
1234,{'Output': 'mismatch'},"': \'9-9-9-24\', \'description\': \'  ""Crucial 4GB (1 x 4GB) DDR3 1600MHz SDRAM CT51264BF160B"" "" Crucial 4GB (1 x 4GB) DDR3 1600MHz SDRAM CT51264BF160"
1235,{'Output': 'mismatch'},"Unbuffered DIMM)\', \'description\': \'  ""Corsair Vengeance Performance CMZ16GX3M2A1866C10 16GB (2x8GB) DDR3 Non-ECC UDIMM Memory Module""@en\', \'title\': \'Corsair Vengeance Performance CMZ16GX3M2A1866"
1236,{'Output': 'mismatch'},"-Category\': \'10K\', \'Generation\': \'Fibre Channel\', \'Part Number\': \'43016-500-3\', \'Products ID\': \'463724\', \'Type\': \'Hard Drive Hot-Swap\', \'Form Factor\': \'3.5 inch x 1 inch Plug"
1237,{'Output': 'mismatch'},"658102001\', \'658102-001\'], \'type\': \'Hard Drive - Hot-Swap - Gen8\'}', 'Entity_2': '{\'title\': \'658102-001 HP G8 G9 2-TB 6G 7.2K 3.5 SATA SC\', \"
1238,{'Output': 'match'},"\'ST31000524NS Seagate 1-TB 7.2K 3.5 3G SATA HDD\', \'subcategory\': \'7.2K\', \'sku\': \'ST31000524NS10Pack\', \'type\': \'Hard Drive\', \'description2\': \'  """
1239,{'Output': 'mismatch'},"\': \'StorageWorks\', \'subcategory\': \'10K\', \'brand\': \'HPE\', \'sku\': \'359461001\', \'type\': \'Hard Drive Hot-Swap\', \'description\': \'  ""359461-001 HP 72.8-GB 1"
1240,{'Output': 'mismatch'},"SSE3, SSSE3, TSX, XD bit\', \'description\': \'  ""Intel Core i7-6700K 4.0GHz 8MB Smart Cache Box""@en-GB Box | BX80662I76700K""@en-GB\', \'title\': \'Intel Core i7-6700K"
1241,{'Output': 'mismatch'},"in x 3.25 in\', \'Weight\': \'1.0 lbs\', \'description\': \'  \""154457-B21 HP Wide Ultra3 SCSI Adapter\"" \""Null\""   \""Description:HP 64-bit 66MHz Single Channel Wide\', \'title\': \'154457-B21 HP"
1242,{'Output': 'mismatch'},"URZ\', \'EAN\': \'0718037856780\', \'SKU\': \'wd10purz\', \'Tweakers ID\': \'352221\', \'Productprijs\': '\u20ac 119,90\', \'Pakketpost Nederland\': '\u20ac"
1243,{'Output': 'mismatch'},"""Corsair CMU32GX4M2C3000C15R""@es  ""Memoria RAM Dual Kit, 2x16GB PC4-24000 DDR4-3000Mhz, 15-17-17-35-2N@1.35V XMP, Vengeance LED-Rojo""@es\"
1244,{'Output': 'mismatch'},"{""Output"": ""match""}"
1245,{'Output': 'mismatch'},"""533993-B22 HP Xeon E7400 2.8GHz DL120 G5"" ""Null"" Price 533993-B22""  ""Description:Intel™ Xeon™ E7400 DL120 G5 (2.80GHz/2-core/3MB/65W)Full Processor Option Kit"
1246,{'Output': 'mismatch'},"\'AMD FX-8350 Black Edition 8-Core 4.0GHz Socket AM3+ 125W FD8350FRHKBOX\', \'description_short\': \'AMD FX-8350 Black Edition 8-Core 4.0GHz Socket AM3+ 125W\', \'description_long\': \'"
1247,{'Output': 'mismatch'},"3.5-inch for Desktop\', \'brand\': \'Seagate\', \'sku\': \'st31000340as\', \'type\': \'Description:Seagate Barracuda 1TB Hot-Plug Serial ATA (SATA) NCQ 3.0Gb/s 7200RPM 3.5-inch for"
1248,{'Output': 'mismatch'},"\'type\': \'Description:Kingston SSDNow V300 Series 2.5inch 120GB SATA 6Gb/s Internal Solid State Drive - Retail | SV300S37A/120G\'}', 'Entity_2': '{\'title\': \'Kingston SSDNow V300 Series 2.5"" 120GB S"
1249,{'Output': 'mismatch'},"{""Output"": ""match""}"
1250,{'Output': 'mismatch'},"\'/mpn\': \'[456896001]\', \'brand\': \'New 456896-001 HDD Wholesale\', \'category\': \'Null\', \'Category\': \'Proliant HardDrive\', \'Sub-Category\': \'15K\', \'Generation\': \'SAS\"
1251,{'Output': 'match'},"0300farvv\', \'hp-dg0300farvv\'], \'type\': \'Hard Drive - Hot-Swap - 10K - 2.5-inch - Dual Port - 6GB/s - SAS\', \'description_full\': \'  ""DG0300FARVV HP 300-GB 6G 1"
1252,{'Output': 'mismatch'},"/O\': \'1 x USB 2.0, 1 x USB 3.0, 1 x RJ-45, 1 x HDMI, 1 x VGA, 1 x 3.5mm Audio Jack, 1 x 3.5mm Mic Jack\', \'description\': \'  \""Intel® NUC NUC5PPYH - Mini PC Desktop Kit - Intel®"
1253,{'Output': 'mismatch'},"af € 10,-)\': \'€ 0,-\', \'Verzendkosten\': \'€ 0,-\', \'description\': \'  ""Intel Core i5-6400 2.2GHz 4-Core LGA1151 115W Processor (BX80662I56400) - PCDIGA"""
1254,{'Output': 'mismatch'},"0001]\', \'/gtin13\': \'[603123412222]\', \'category\': \'\', \'Categorie\': \'Moederborden\', \'Merk\': \'Asus\', \'Product\': \'Asus PRIME B250M-A/CSM\', \'Uitvo"
1255,{'Output': 'mismatch'},"822C HP 146.8-GB 10K FC-AL\', \'subcategory\': \'Description:BD1465822C HP 146.8-GB 10K FC-AL\', \'sku\': \'bd1465822c\', \'type\': \'Hard Drive\', \'Cache Memory (installed"
1256,{'Output': 'mismatch'},"5 SATA SC\', \'category\': \'Hard Drive\', \'subcategory\': \'7.2K\', \'brand\': \'HP\', \'sku\': \'658071b21\', \'type\': \'3.5-inch (LFF) Serial ATA(SATA) 6G 7.2K Hot-Plug Mid"
1257,{'Output': 'mismatch'},"\'title\': \'**B Grade** Seagate 2TB 7200RPM SATA 6Gb/s 64MB Cache HDD - OEM (ST2000DM001)'', 'Entity_2': '{\'title\': \'Seagate 2TB 7200RPM SATA 6Gb/s 64MB Cache H"
1258,{'Output': 'match'},"\'3594610052pack\', \'type\': \'Description:StorageWorks 72.8GB 10K Fibre Channel 40 pin 2GB/s HotSwap FCAL Hard DriveGenuine HPE serial number and firmwarePart Number(s) Option Part\', \'price\': \'\""CAD\"", \""$1199.99"
1259,{'Output': 'match'},"10 x 300GB 2.5-inch Serial Attached SCSI (SAS)SFF 6G Dual Port Hot-Plug 10K Hard DriveIn HPE Drive tray (as pictured)For G1-G7 Prolian\', \'title\': \'DG0300FARVV HP 300-GB 6G 10K 2."
1260,{'Output': 'mismatch'},"', \'title\': \'430169-002 HP 72-GB 3G 15K 2.5 DP SAS 2 Pack\', \'subcategory\': \'\', \'sku\': \'430169002\', \'type\': \'Description:2 x HP 72GB 3G 15K"
1261,{'Output': 'mismatch'},"8921-B21\', \'Products ID\': \'12979\', \'Type\': \'Hard Drive - Hot-Swap\', \'Capacity\': \'146GB\', \'Interface Type\': \'Fibre Channel\', \'Form Factor\': \'Internal\', \'description\': \'  \""238921"
1262,{'Output': 'mismatch'},"{""Output"": ""match""}"
1263,{'Output': 'match'},"'ProLiant DL360 G7\', \'description\': \'  ""354560-B21 HP 512MB DDR1 SDRAM 400MHz Synchronous Dual Inline Memory Module (DIMM) 168-pin"" ""New 354560-B21 DDR1 SDRAM 512MB 40"
1264,{'Output': 'mismatch'},"62I36100 Add-In Processors (CPUs)\', \'sku\': \'bx80662i36100\', \'type\': \'Intel Core i3 6100 Processor\'}', 'Entity_2': '{\'title\': \'Intel Core i3 6100 / 3.7 GHz processor\',"
1265,{'Output': 'match'},"-\', \'description\': \'  ""Intel Core i3-4160 3.60GHz (Socket 1150) Dual-Core Processor (BX80646I34160) - Boxed"" "" Processors Intel Core i3-4160 3.60GHz (Socket 1150) Dual-Core Processor (B"
1266,{'Output': 'mismatch'},"{""Output"": ""mismatch""}"
1267,{'Output': 'mismatch'},"{""Output"": ""match""}"
1268,{'Output': 'mismatch'},"2.8GHz/1MB 512MB\', \'brand\': \'HP\', \'sku\': \'359623b21\', \'type\': \'Description:HP Proliant BL20p G2 Server X2.8GHz/1MB 512MB\', \'description\': \'  ""359623-"
1269,{'Output': 'mismatch'},"{""Output"": ""mismatch""}"
1270,{'Output': 'mismatch'},"2': '{\'title\': \'Corsair Vengeance LP 16GB (2x8GB) DDR3 1866MHz CAS 9 Performance Desktop Memory Kit - Black (CMZ16GX3M2A1866C9)\', \'category\': \'Memory\', \'subcategory\': \'Memory\', \'brand\': \'C"
1271,{'Output': 'mismatch'},"70576\', \'Capacity\': \'1TB\', \'Form Factor\': \'3.5 inches x 1/3H (Internal)\', \'Interface\': \'Serial Attachment SCSI (SAS)\', \'Data Transfer Rate\': \'150MB/s\', \'Spindle Speed\': \'10000RPM\', \"
1272,{'Output': 'mismatch'},"1,0 μs\', \'Video Editing Workstation - Gemiddelde doorvoersnelheid\': \'1.017,00 MB/s\', \'Windows 7 - Gemiddelde leestijd\': \'11,0 μs\', \'Windows 7 - Gemiddelde schrijftijd\': \'11,0 μs\', \'Windows"
1273,{'Output': 'mismatch'},"146.8-GB 10K FC-AL\', \'subcategory\': \'New BD1465822C FC-AL 2 Pack Wholesale Price BD1465822C\', \'sku\': \'bd1465822c\', \'type\': \'StorageWorks 146.8GB 10"
1274,{'Output': 'mismatch'},"10 100 1000Mbps 32 bit PCI Gigabit Ethernet Card\', \'title\': \'StarTech.com 10 100 1000Mbps 32 bit PCI Gigabit Ethernet Card\', \'subcategory\': \'Network Adapters\', \'brand\': \'StarTech"
1275,{'Output': 'mismatch'},"232\""@en\', \'type\': \'USB Flash Drive\', \'description\': \'  ""Kingston 32GB DataTraveler50 USB 3.0 Flash drive DT50/32GB""@en\', \'type\': \'USB Flash Drive\', \'description\': \'  ""Kingston 32GB DataTraveler50 USB 3"
1276,{'Output': 'mismatch'},"title\': \'Corsair 32GB Vengeance LPX DDR4 3200MHz RAM/Memory Kit 2x 16GB\', \'category\': \'Computer Memory\', \'subcategory\': \'DDR4 RAM\', \'brand\': \'Corsair\', \'sku\': \'CMK32GX4M2B"
1277,{'Output': 'mismatch'},"000 (3000MHz) UDIMM (Unbuffered) Memory Module\', \'description_full\': \'  ""Corsair Vengeance Red LED 32GB DDR4 3000 Memory Kit 2x 16GB""@en 16GB LN73403 - CMU32GX4M2C3000C15R"
1278,{'Output': 'mismatch'},"'brand\': \'Corsair\', \'description\': \'  \""Corsair Vengeance LPX 16GB (2x8GB) DDR4 PC4-21300 2400MHz Dual Channel Kit \""@en 2x8GB | CMK\', \'title\': \'Corsair Vengeance LPX 16GB (2x8"
1279,{'Output': 'mismatch'},"{""Output"": ""mismatch""}"
1280,{'Output': 'mismatch'},"\'Compatibility\': \'HP Proliant Servers\', \'Manufacturer\': \'Hewlett-Packard\', \'HP Serial Number\': \'Yes\', \'HP Logo\': \'Yes\', \'Guaranteed Genuine HP\': \'Yes\', \'description\': \'  \""HPE - DDR2 2 GB : 2 x D"
1281,{'Output': 'mismatch'},"{""Output"": ""match""}"
1282,{'Output': 'mismatch'},"{""Output"": ""match""}"
1283,{'Output': 'mismatch'},"'Memory\', \'description\': \'  ""Corsair - Vengeance LPX 16GB (2 x 8GB) DDR4-2400 Memory""@en Memory\', \'description\': \'  ""Corsair - Vengeance LPX 16GB (2 x 8GB) DDR4-2400 Memory""@en  ""Corsair\',"
1284,{'Output': 'mismatch'},"9.99""\', \'description\': \'  ""ST500DM002 6Gb/s 500GB Internal Hard Drive"" ""Null""   ""Description:Seagate 6Gb/s 500GB Internal Hard Drive"" ', \'title\': \'ST500DM002 6Gb/s 500GB Internal Hard Drive\', \"
1285,{'Output': 'mismatch'},"HP X5470 3.33GHz ML370 G5\', \'sku\': \'488039b21\', \'type\': \'Processor\'}', 'Entity_2': '{\'title\': \'488039-B21 HP X5470 3.33GHz ML370 G5\', \"
1286,{'Output': 'mismatch'},"{""Output"": ""match""}"
1287,{'Output': 'mismatch'},"Number\': \'629135-B21\', \'Products ID\': \'142682\', \'Description\': \'4-Port 1Gb Ethernet Adapter\', \'Manufacturer\': \'Hewlett-Packard\', \'description\': \'  ""629135-B21 HP 1Gb"
1288,{'Output': 'mismatch'},"SSDPEDME016T401, SSDPEDME016T401, SSDPEDME016T401\', \'Tweakers ID\': \'558582\', \'Productprijs\': \'€ 1.199,99\', \'Pakketpost 0-30 kg\': \'"
1289,{'Output': 'mismatch'},"': \'[hp432094b215]\', \'category\': \'New\', \'Category\': \'Proliant HardDrive\', \'Sub-Category\': \'7.2K\', \'Generation\': \'SATA SC\', \'Part Number\': \'HP432094B215-2 Pack\', \'Product"
1290,{'Output': 'mismatch'},"af € 75,-)\': \'€ 0,-\', \'description\': \'  ""Intel Core i7 6700K Unlocked OEM Skylake Desktop Processor/CPU""@en Processor/CPU LN68285 - BX80662I76700K""@en\', \'title\': \'Intel Core i7"
1291,{'Output': 'mismatch'},"', \'Sub-Category\': \'ST31000640NS\', \'Generation\': \'7200RPM\', \'Part Number\': \'ST31000640NS\', \'Products ID\': \'142626\', \'Type\': \'Hard Drive\', \'Form Factor\': \'3."
1292,{'Output': 'mismatch'},"\'359461007\', \'type\': \'Price\', \'description\': \'  ""359461-007 HP 300-GB 10K FC-AL"" ""Null""   ""Description:359461-007 HP 300-GB 10K FC-AL""  ""Description:359"
1293,{'Output': 'mismatch'},"'Memory\', \'Sub-Category\': \'Proliant Memory\', \'Generation\': \'667MHz\', \'Part Number\': \'323146-B21\', \'Products ID\': \'143099\', \'Storage Capacity\': \'8GB (2 x 4GB)\', \'Technology\':"
1294,{'Output': 'match'},"2TB - Prijzen ""@NL Tweakers""@NL WD20PURZ""@en WD Purple WD20PURZ, 2TB - Prijzen ""@NL Tweakers""@NL WD20PURZ\', \'subcategory\': \'\', \'brand\': \'WD\', \'sku\': \'wd20purz\"
1295,{'Output': 'mismatch'},")\', \'description\': \'  ""EF0600FARNA New EF0600FARNA SC 2 Pack Wholesale 600GB 3.5 1/3H SAS 15K 146GB/s 2.5 7mm Hot-Plug SCSI Hard DrivePart Number(s) Model# EF0600FARNA-2"
1296,{'Output': 'mismatch'},"\', \'Type\': \'Hard Drive Hot-Swap\', \'Form Factor\': \'3.5 inch x 1 inch Plug-in Module\', \'Capacity\': \'146GB\', \'Interface Type\': \'SATA\', \'Data Transfer Rate\': \'3GB/s\', \'Rotational Speed\': \'7200RPM"
1297,{'Output': 'mismatch'},"R\', \'description\': \'  ""Corsair Vengeance Red LED 16GB DDR4 2666 Memory Kit 2x 8GB""@en 8GB LN73392 - CMU16GX4M2A2666C16R\', \'type\': \'Non-ECC Unbuffered, CAS 16\',"
1298,{'Output': 'mismatch'},"N 150Mbps Nano USB Adaptador TL-WN781ND\', \'category\': \'\', \'subcategory\': \'\', \'brand\': \'TP-Link\', \'sku\': \'tlwn781nd\', \'type\': \'Wireless Nano USB Adaptor\', \'description\': \'  \""Pl"
1299,{'Output': 'mismatch'},"€ 0,-\', \'Pakketpost (vanaf € 25,-)\': \'€ 0,-\', \'Pakketpost (vanaf € 35,-)\': \'€ 0,-\', \'Pakketpost (vanaf € 49,-)\': \'€ 0,-\', \'Pakketpost (vanaf € 59,-)\': \'"
1300,{'Output': 'mismatch'},"\', \'type\': \'Description:HP 72GB 3G 15K 2.5 DP SAS 2 Pack\'}', 'Entity_2': '{\'title\': \'430169-002 HP 72-GB 3G 15K 2.5 DP SAS 2 Pack\', \'category\': \'\', \'"
1301,{'Output': 'mismatch'},"\': \'Hewlett-Packard\', \'description\': \'  \""518736-001-5Pack HP 450GB 10K Fibre Channel Hot-Swap Hard Drive\"" ""Null"" Price 518736-001-5Pack"" ""Description:Storageworks HDD\', \'title\': \'518736"
1302,{'Output': 'match'},"title\': \'583383-B21 HP Xeon E5506 2.13GHz DL170h G6\', \'category\': \'HP\', \'subcategory\': \'Xeon X5506 ML170h G6\', \'brand\': \'Intel\', \'sku\': \'58"
1303,{'Output': 'mismatch'},"2.66GHz 6MB 95W""@es ""Intel Xeon X3330 2.66GHz DL120 G5""@es ""Intel Xeon X3330 2.66GHz DL120 G5""@es ""Intel Xeon X3330 2.66GHz DL120 G5"""
1304,{'Output': 'mismatch'},"isk Extreme microSDXC 64GB - Prijzen ""@NL Tweakers""@NL""  """
1305,{'Output': 'mismatch'},"647897-B21\', \'category\': \'\', \'subcategory\': \'\', \'brand\': \'HP\', \'sku\': \'647897b21\', \'type\': \'Memory Module\', \'description\': \'  ""HP Proliant Low Power kit 647897-B2"
1306,{'Output': 'mismatch'},"\'Capacity\': \'2000 GB\', \'Interface Type\': \'SATA\', \'description\': \'  ""st2000dm001 Seagate 2TB (2000GB) SATA 3.5""""@en "" Seagate 2TB (2000GB) SATA 3.5""""@en "" Seagate"
1307,{'Output': 'mismatch'},"': '{\'title\': \'Corsair Vengeance RGB PRO CMR16GX4M2A2666C16 - Prijzen ""@NL Tweakers""@NL\', \'category\': \'\', \'subcategory\': \'\', \'brand\': \'Corsair\', \'sku\': \'cmr16gx4m2a"
1308,{'Output': 'match'},"brand\': \'HP\', \'sku\': \'658071s21\', \'type\': \'SC 2 Pack\', \'description\': \'  ""658071-B21 HP G8 G9 500-GB 6G 7.2K 3.5 SATA SC\', \'description\': \'  """
1309,{'Output': 'mismatch'},"615729-B21 HP Ethernet 1Gb 4-Port 366M Adapter"" ', \'title\': \'615729-B21 HP Ethernet 1Gb 4-Port 366M Adapter\', \'subcategory\': \'Price 615729-B21\', \'sku\"
1310,{'Output': 'mismatch'},"1]\', \'brand\': \'\', \'category\': \'Null\', \'Category\': \'Proliant Server\', \'Sub-Category\': \'Controller\', \'Generation\': \'Ultra160 SCSI\', \'Part Number\': \'394793-B21\', \'Products ID\': \'1540"
1311,{'Output': 'mismatch'},"\': \'€ 129,-\', \'Pakketpost Nederland\': \'€ 0,-\', \'iDeal\': \'€ 0,-\', \'Totaal\': \'€ 132,95\', \'Pakketpost DPD\': \'€ 3,95\', \'Pakketpost vanaf € 99,"
1312,{'Output': 'mismatch'},"\', \'description\': \'  ""Intel Core i5 6600K Skylake Quad Core 3.5GHz LGA1151 Processor - I5 6600K""  ""\', \'title\': \'Intel Core i5 6600K Skylake Quad Core 3.5GHz LGA1151 Processor - I5"
1313,{'Output': 'mismatch'},"\', \'Type\': \'Hard Drive\', \'Omschrijving\': \'Seagate Barracuda ES.2 3.5-inch 1TB 7200RPM 64MB Cache SATA 3.0GB/s\', \'Prijs\': \'\""CAD\"", \""$233.94 CAD\""\', \'description\"
1314,{'Output': 'mismatch'},"{""Output"": ""mismatch""}"
1315,{'Output': 'mismatch'},"SDSQUNB-032G-GN3MN 32GB 8p MSDHC 48MB/s 320x Class 10 UHS-I SanDisk Ultra Micro Secure Digital Card\', \'category\': \'Memory Cards\', \'subcategory\': \'\', \'brand\': \'SanDisk\', \'sku\': \'s"
1316,{'Output': 'match'},"066, 4032047061377, 4032047067377, 5032037061377, 5032037067377\', \'SKU\': \'bx80646i34150, bx80646i3"
1317,{'Output': 'mismatch'},"4 PC4-29200C18 3600MHz Dual Channel Kit\'}', 'Entity_2': '{\'title\': \'Corsair Vengeance LPX 16GB (2x8GB) DDR4 PC4-29200C18 3600MHz Dual Channel Kit - Black (CMK16GX4M2B36"
1318,{'Output': 'mismatch'},"': \'3.4 GHz\', \'Cache\': \'4MB L3 Cache\', \'description\': \'  \""Intel Core i5-7500 Quad Core Processor 3.4 GHz LGA1151 115W BX80677I57500\"" ""Intel Core i5-7500 Quad Core Processor"
1319,{'Output': 'mismatch'},"': \'1620\', \'Type\': \'Memory Module\', \'Form Factor\': \'DIMM\', \'Capacity\': \'2GB\', \'Interface Type\': \'PC667\', \'description\': \'  ""408854-B21 HP 2GB PC667 DIMM Memory"", ""Null"" ""New"
1320,{'Output': 'mismatch'},"1060 3GB SSC GAMING ACX 2.0\', \'description\': \'  ""6gp46163kr EVGA GeForce GTX 1060 3GB SSC GAMING ACX 2.0"", ""Null"" Price 6gp46163kr"" 3GB GeForce GTX 1060 SSC GAMING ACX"
1321,{'Output': 'mismatch'},"Generation\': \'1333MHz\', \'Part Number\': \'500660-B21\', \'Products ID\': \'456458\', \'Storage Capacity\': \'1GB (1 x 1GB)\', \'Technology\': \'Unbuffered ECC DIMM\', \'Form Factor\': \"
1322,{'Output': 'mismatch'},"1600MHz DDR3 Non-ECC Unbuffered Single Channel DIMM - CMZ8GX3M1A1600C10 | CCL Computers"" <br> High performance and reliability\', \'title\': \'Corsair Vengeance CMZ8GX3M1A1600C10 8GB 1600MHz DDR3"
1323,{'Output': 'mismatch'},"No\', \'description\': \'  ""Corsair Carbide 100R Silent Edition Mid Tower Case (Black) - 200mm x 471mm x 430mm - 5.2kg - 2 x 5.25\"" External, 4 x 2.5\"" Internal, 4 x 3.5\"" Internal, 7 expansion slots, Maximum"
1324,{'Output': 'mismatch'},"40W (BX80671I76800K)\', \'sku\': \'bx80671i76800k\', \'type\': \'Processor\', \'price\': \'""USD""', \'manufacturer\': \'Intel\', \'subcategory\': \'\'}', 'Entity_2': '{\'"
1325,{'Output': 'mismatch'},"W x D x H )\': \'4.8 x 3.1 x 0.8in. (120.8 x 78.5 x 21.5mm)\', \'Antenna Type\': \'Detachable Omni Directional (RP-SMA)\', \'Antenna Gain\': \'2dBi\', \'Wireless Standards\':"
1326,{'Output': 'match'},"', \'category\': \'508429-001 HP 400-GB 10K 3.5 DP NHP SAS\', \'Category\': \'Proliant Hard Drive\', \'Sub-Category\': \'10K\', \'Generation\': \'SAS NHP\', \'Part Number\': \'508429"
1327,{'Output': 'mismatch'},"\'Max Capacity\': \'40GB\', \'Interface\': \'SCSI\', \'description\': \'  ""340769-001 HP 20GB DLT7000 SCSI Tape Drive"" ""Null"" ""New 340769-001 SCSI Tape Drive Wholesale Price 340769-00"
1328,{'Output': 'mismatch'},"\': \'\', \'sku\': \'658071b215pack\', \'type\': \'Hard Drive - Hot-Swap - Gen8\'}', 'Entity_2': '{\'description\': \'  ""DISCO DURO INTERNO HDD HP PROLIANT""  ""DISCO DURO INTERNO HDD HP PROLIANT 658"
1329,{'Output': 'mismatch'},"': \'Computers\', \'brand\': \'Corsair\', \'sku\': \'cmu16gx4m2a2666c16r\', \'type\': \'Memory\', \'description\': \'  ""Corsair Vengeance LPX 16GB (2x8GB) DDR4 PC4-21300"
1330,{'Output': 'mismatch'},"ensions\': \'10.5 x 17.5 x 3 inches\', \'description\': \'  ""192106-B21 HP Super DLT Tape Drive 110/220GB SCSI Internal"" ""Null""   ""Description:HP Super DLT Tape Drive 110/220GB SCSI Internal\', \'title\': \'1"
1331,{'Output': 'mismatch'},"1 2 Pack Wholesale Price 518736-001-2Pack\', \'sku\': [\'518736001\', \'5187360015pack\'], \'price\': \'""CAD""\', \'description\': \'  ""518736-001 HP 450-GB"
1332,{'Output': 'mismatch'},"ix, Linux, Netware, OS/2, AS/400, iSeries, SCO, AIX, HP-UX, Solaris, OpenVMS, Linux-i386, Linux-ia64, Linux-ppc, Linux-ppc64, Linux-s390, Linux-s390x, Linux-arm, Linux-arm64, Linux-mips, Linux-mips"
1333,{'Output': 'mismatch'},"on\', \'Generation\': \'G5\', \'Part Number\': \'533993-B22\', \'Products ID\': \'454477\', \'Product Type\': \'Processor Board\', \'Processor Type\': \'Intel Xeon\', \'Processor Core\': \'Quad-Core\', \'Processor Q"
1334,{'Output': 'mismatch'},"441121100112\', \'/mpn\': \'[441121100112]\', \'brand\': \'Cisco\', \'category\': \'Cisco\', \'Sub-Category\': \'Cisco Catalyst 2960 Series\', \'Generation\': \'2960\', \'"
1335,{'Output': 'mismatch'},"{""Output"": ""match""}"
1336,{'Output': 'mismatch'},"': '{\'/mpn\': \'[512743001]\', \'brand\': \'HP\', \'category\': \'Proliant HardDrive\', \'Sub-Category\': \'15K\', \'Generation\': \'SAS\', \'Part Number\': \'512743-001-2Pack\',"
1337,{'Output': 'mismatch'},"0\', \'Pakketpost (tot 100,-)\': \'€ 5,95\', \'Pakketpost (tot 200,-)\': \'€ 7,95\', \'Pakketpost (tot 500,-)\': \'€ 9,95\', \'Pakketpost (tot 1000,-)\': \'"
1338,{'Output': 'mismatch'},"500GB 3.5-inch (3.5-inch) SATA 1.5G 7.2K 10 Pack Wholesale 454141-002"" ""Description:500GB 3.5-inch (3.5-inch) SATA 1.5G 7.2K 10 Pack Wholesale 454141-0"
1339,{'Output': 'mismatch'},"': \'HyperX\', \'Product\': \'Kingston HyperX Fury HX426C15FB4/8\', \'Uitvoering\': \'Kingston HyperX Fury HX426C15FB4/8GB\', \'EAN\': \'0740617244373\', \'SKU\"
1340,{'Output': 'mismatch'},"\', \'sku\': \'dl165g7572071b21\', \'type\': \'Hard Drive\'}', 'Entity_2': '{\'title\': \'572071-B21 HP 60-GB 2.5 MDL SATA SSD\', \'description\': \'  ""572071-B"
1341,{'Output': 'match'},"akketpost (vanaf € 50,-)\': \'€ 0,-\', \'description\': \'  ""Cooler Master MasterCase Pro 3 - Prijzen ""@NL Tweakers""@NL\', \'title\': \'Cooler Master MasterCase Pro 3 - Prijzen ""@NL Tweakers""@NL\', \'subcategory\': \'Computer Cases\"
1342,{'Output': 'match'},"GB 6G 2.5 SAS SC SSD\', \'category\': \'\', \'subcategory\': \'\', \'brand\': \'HP\', \'sku\': [\'hp653078b21\', \'653078b21\'], \'type\': \'2.5-inch (SFF) Serial Attached SCSI"
1343,{'Output': 'mismatch'},"(Max)\': \'114 dB\', \'description\': \'  ""UCA 22 MKII USB Audio Interface - Steinberg\n\nUCA 22 MKII USB Audio Interface - Steinberg\n\nUCA 22 MKII USB Audio Interface - Steinberg\n\nUCA 22 MKII USB Audio Interface - Steinberg\n"
1344,{'Output': 'mismatch'},"472811\', \'Type\': \'Hard Drive - Hot-Swap - Gen8\', \'Large Form Factor\': \'3.5 inches\', \'Capacity\': \'3000GB\', \'Interface Type\': \'Serial ATA\', \'Connector\': \'22-Position Serial ATA (SATA) Plug\', \'Data Transfer"
1345,{'Output': 'mismatch'},")\'}', 'Entity_2': '{\'title\': \'HP 242469-001 15/30-GB Ext SCSI DLT\', \'category\': \'\', \'subcategory\': \'\', \'brand\': \'HP\', \'sku\': \'242469001\', \'type\': \'"
1346,{'Output': 'match'},"category\': \'Drive | Storage\', \'subcategory\': \'Lenovo\', \'brand\': \'Lenovo\', \'sku\': \'180 GB M.2 SATA OPAL Solid State Drive\', \'type\': \'Solid State Drive\', \'description\': \'  ""ThinkPad 180 GB M.2 SATA OPAL"
1347,{'Output': 'mismatch'},"\'description\': \'  ""AMD A8-5400K APU 3.60GHz 2-Core 64-bit Processor, 1MB L2 Cache, 32nm Process Technology, Socket FM2, 1.6 x 1.6 inches, 1 lb""@en AMD A8-5400K APU 3.60GHz 2"
1348,{'Output': 'mismatch'},"29.99 CAD""\', \'description\': \'  ""238921-B21 HP 72.8GB 10K 3.5 inch x 1 inch Plug-in Module"", ""Null"" ""New 238921-B21 HDD Wholesale Price 238921-B21"" ""Description:HP 72."
1349,{'Output': 'mismatch'},", 4054317550358, 4948382591463, 4942672121112, 4942672121112, 4942672121112, 4942672121112, 4942"
1350,{'Output': 'mismatch'},"1-005 HP 72.8-GB 10K FC-AL\', \'subcategory\': \'Description:2 x StorageWorks 72.8GB 10K Fibre Channel \', \'sku\': \'359461-005-2Pack\', \'type\': \'Description:2 x StorageWorks 72.8GB"
1351,{'Output': 'mismatch'},",-)\': \'€ 0,-\', \'description\': \'  ""Corsair Flash Voyager Slider X2 32GB Blauw"" ""Null""   ""Description:Corsair Flash Voyager Slider X2 32GB Blauw"" ""Null""   ""Description:Corsair Flash Voyager Slider X2 32GB Blauw"" ""Null""   """
1352,{'Output': 'mismatch'},"151\', \'description\': \'  ""Intel Core i7-6700K 4.2GHz Quad Core Processor (BX80662I76700K)""@en-US "" Intel Core i7-6700K 4.2GHz Quad Core Processor (BX80662I76700K)""@en"
1353,{'Output': 'mismatch'},"{""Output"": ""match""}"
1354,{'Output': 'mismatch'},"': \'HP\', \'category\': \'\', \'Category\': \'Proliant HardDrive\', \'Sub-Category\': \'15K\', \'Generation\': \'SAS\', \'Part Number\': \'804587-002\', \'Products ID\': \'463283\', \'Type\':"
1355,{'Output': 'mismatch'},"{""Output"": ""match""}"
1356,{'Output': 'mismatch'},"'{\'/sku\': \'[359623b21]\', \'/mpn\': \'[359623b21]\', \'brand\': \'HP\', \'category\': \'Null\', \'Category\': \'Proliant HardDrive\', \'Sub-Category\': \'15K\', \'Generation\"
1357,{'Output': 'mismatch'},"216r10222]\', \'category\': \'\', \'description\': \'  ""Samsung 850 EVO 512GB 2.5\"" SATA III Internal SSD MZ-75E512B/AM - 51216R10222 Price in India""@en-US  "" Samsung 850 EVO"
1358,{'Output': 'mismatch'},"\'Proliant\', \'description\': \'  \""157866-001 HP iLO 1000 Management Module for Proliant Server\"" \', \'title\': \'157866-001 HP iLO 1000 Management Module for Proliant Server\', \'sku\': \'157866001\"
1359,{'Output': 'mismatch'},"': \'€ 0,-\', \'Pakketpost (vanaf € 10,-)\': \'€ 0,-\', \'description\': \'  ""Asus ROG Strix Z270G Gaming Motherboard (ROG Strix Z270G GAMING) 2 x DDR4 DIMM. 1 x PCIe 3.0 x16, 1"
1360,{'Output': 'mismatch'},"{""Output"": ""mismatch""}"
1361,{'Output': 'mismatch'},"on 2.8GHz/1MB 512MB RAM 512MB Wholesale Price 359623-B21-5Pack\', \'description\': \'  ""359623-B21 HP BL20p G2 X2.8GHz/1MB 512MB"" 512MB Wholesale Price 3596"
1362,{'Output': 'mismatch'},"\'brand\': \'Corsair\', \'sku\': \'CMK16GX4M2A2666C16\', \'type\': \'16GB DDR4 Vengeance LPX 2666MHz Memory Kit for Skylake\', \'description\': \'  ""Corsair 16GB DDR4 Vengeance LPX"
1363,{'Output': 'match'},"VI\', \'description\': \'  ""Intel Core i3-6300 3.8GHz Dual-Core Processor (Socket 1151) - 3M Cache - 47W - Intel HD Graphics 530 - 1.7GB DDR4 Memory Support - 64GB Maximum - Boxed - Intel Core i3-6300 Processor""@"
1364,{'Output': 'mismatch'},"HP 72-GB 6G 15K 2.5 DP SAS\', \'sku\': \'512743001\', \'type\': \'SAS 15K 146GB\', \'manufacturer\': \'HP\', \'hp_logos\': \'Yes\', \'hp_serial_numbers\"
1365,{'Output': 'match'},"\'title\': \'431786-B21 HP 120-GB 5.4K 2.5 SATA 5 Pack "" ""HP 431786-B21 Part# -431786-B21-5Pack""  ""Description:2 x HP 120GB 5.4K 2.5 SATA 5 Pack Wh"
1366,{'Output': 'mismatch'},"31130386\', \'SKU\': \'TEW-818DRU\', \'Tweakers ID\': \'321122\', \'Productprijs\': \'€ 199,99\', \'Pakketpost Nederland\': \'€ 0,-\', \'iDeal\': \'€ 0,"
1367,{'Output': 'mismatch'},"{""Output"": ""mismatch""}"
1368,{'Output': 'mismatch'},"', \'description\': \'  ""90ya00nnm0ua00 Pioneer SC-LX202 AV Receiver"" ""Null""   ""Description:90ya00nnm0ua00 Pioneer SC-LX202 AV Receiver"" ""Null""   ""Description:90ya00nnm0ua00 Pioneer SC-LX202 AV"
1369,{'Output': 'mismatch'},"\', \'brand\': \'Dell\', \'sku\': \'3411237-5Pack\', \'type\': \'15K 300GB 2.5-inch SCSI Hot-Plug\', \'description\': \'  ""341-1237 Dell 36-GB U320 SCSI HP 15"
1370,{'Output': 'mismatch'},"': \'bx80646i34340\', \'Type\': \'Add-In Processors (CPUs)\', \'description\': \'  ""Intel Core i3 4340 / 3.6 GHz processor"" "" Intel processor - BX80646I34340 Add-In Processors (CPUs)\', \'title\': \"
1371,{'Output': 'mismatch'},"4\', \'description\': \'  ""AMD Athlon X4 870K Quad-Core 3,9 GHz Socket FM2+ Processor""@en AMD Athlon X4 870K Quad-Core 3,9 GHz Socket FM2+ Processor\', \'title\': \'AMD Athlon X4 870K Quad-Core 3"
1372,{'Output': 'mismatch'},"2,95\', \'Verzendkosten\': \'€ 2,95\', \'description\': \'  ""DT100G3/32GB Kingston DataTraveler 100 G3 32GB USB 2.0 Flash Drive"", ""Null"" ""Price DT100G3/32GB"" ""New DT100G3/32"
1373,{'Output': 'mismatch'},"{""Output"": ""mismatch""}"
1374,{'Output': 'mismatch'},"\': \'Computers_and_Accessories\', \'description\': \'  \""Asus GeForce GTX 1060 Dual 3072MB GDDR5 PCI-Express Graphics Card\"" ""Computers_and_Accessories Asus GeForce GTX 1060 Dual 3072MB GDDR5 PCI-Express Graphics Card\', \'sku\': \"
1375,{'Output': 'mismatch'},"1, ""Internal 3.5"": 3, ""Internal 2.5"": 1\', \'Brand\': \'Corsair\', \'Type\': \'Tower Case\', \'Color\': \'White\', \'description\': \'  ""Corsair CA-S340W-W1 (White) CA-S340W-B1 (Black"
1376,{'Output': 'mismatch'},"', \'Form Factor\': \'3.5 inch x 1 inch Plug-in Module\', \'Capacity\': \'300GB\', \'Interface Type\': \'SAS\', \'Data Transfer Rate\': \'10000RPM\', \'description\': \'  ""DG0300BAHZQ HP 300GB SAS"
1377,{'Output': 'mismatch'},"s) Hewlett-Packard Part# 310590-001\', \'description\': \'  ""310590-001 HP ProLiant ML370 3.06GHz"", ""Null"" 3.06GHz Wholesale 310590-001 Price 310590-001"""
1378,{'Output': 'mismatch'},"\'Intel Core i7 6700K Unlocked Skylake Desktop Processor\', \'subcategory\': \'Price\', \'sku\': \'ili76700\', \'type\': \'Processor\'}', 'Entity_2': '{\'title\': \'Intel Core i7-6700K Tray - Prijzen ""@NL Twe"
1379,{'Output': 'mismatch'},"'€ 52,64\', \'description\': \'  \""Corsair Air Series SP120 PWM Quiet Edition 120mm Fan (CO-9050012-WW) PCPartPicker\""@en  ""Ventilatoren - Corsair CO-9050012-WW Price 340557""@en  ""1"
1380,{'Output': 'mismatch'},"\'653078-B21 HP G8 G9 200-GB 6G 2.5 SAS SC SSD\', \'subcategory\': \'Price 653078-B21\', \'sku\': \'653078-B21-5Pack\', \'type\': \'Description:200GB"
1381,{'Output': 'mismatch'},"M\', \'Category\': \'Memory\', \'Sub-Category\': \'DDR3 SODIMM\', \'Generation\': \'DDR3\', \'Part Number\': \'CMK16GX3M1A1333C9\', \'Product ID\': \'34096_Corsair_Memory\', \'Type\': \"
1382,{'Output': 'mismatch'},"{""Output"": ""match""}"
1383,{'Output': 'mismatch'},"95\', \'description\': \'  ""Corsair Flash Voyager Slider X2 256GB Blauw""@en Flash Voyager Slider X2 256GB Blue | SCAN UK\', \'title\': \'Corsair Flash Voyager Slider X2 256GB Blauw\', \'subcategory\': \'Corsair Flash V"
1384,{'Output': 'mismatch'},"{""Output"": ""mismatch""}"
1385,{'Output': 'mismatch'},"\'], \'type\': \'15K 3.5-inch Dual Port Hot-Plug Hard Drive\'}', 'Entity_2': '{\'title\': \'432094-B21 HP 146-GB 15K 3.5 SP SAS\', \'category\': \'Null\', \'subcategory\': \'Description:4320"
1386,{'Output': 'mismatch'},"1': '{\'/mpn\': \'[ 886511791111]\', \'/gtin13\': \'[ 886511791111]\', \'category\': \'Motherboard\', \'Categorie\': \'Moederborden\', \'Merk\': \'Asus\', \'"
1387,{'Output': 'mismatch'},"\'""$219.99"" ""USD""\', \'description\': \'  ""AMD FX-6350, 3.9GHz, 6-Core, Vishera, 125W, AM3+\'   ""Description:AMD FX-6350, 6-Core, 3.9GHz, 125W, AM3+\'"
1388,{'Output': 'mismatch'},"4\', \'description\': \'  \""HP 347786-B21 1GB PCI-E Fibre Channel Host Bus Adapter\""  ""Null""   ""Description:1GB PCI-E Fibre Channel Host Bus Adapter\""  ""Description:1GB PCI-E Fibre Channel Host Bus Adapter\""  ""Description:1GB PCI-E Fibre Channel Host Bus Adapter"
1389,{'Output': 'mismatch'},"1070 TURBO-GTX1070-8G 8GB GDDR5 PCI Express 3.0 Graphics Card"" ""Asus TURBO-GTX1070-8G 8GB GDDR5 PCI Express 3.0 Graphics Card""  ""Description:8GB GDDR5 PCI Express 3.0 Graphics Card""  ""Description:8GB GDDR5 PCI Express"
1390,{'Output': 'mismatch'},"{""Output"": ""match""}"
1391,{'Output': 'mismatch'},"3MHz\', \'Manufacturer\': \'Intel\', \'Description\': \'  ""488039-B21 Intel Xeon Processor LV 3.33GHz 1333MHz 1MB L3 Cache 1066MHz FSB Quad-Core Processor Upgrade for HP Proliant G5 Servers\', \'title"
1392,{'Output': 'mismatch'},"'320GB\', \'description\': \'  ""293472-B22 HP 160GB Super DLT Tape Drive"" ""Null"" Price 293472-B22"" ""New 293472-B22 320GB External SCSI Super DLT Tape Drive\', \'title\': \'2934"
1393,{'Output': 'mismatch'},"Channel Unbuffered Memory Kit CMD16GX4M2B3000C15 - Prijzen ""@NL Tweakers""@NL\', \'title\': \'Corsair Dominator Platinum 16GB (2x8GB) DDR4 PC4-24000 3000MHz Dual Channel Unbuffered Memory Kit CMD16GX4M2"
1394,{'Output': 'mismatch'},"'description\': \'  ""ST31000340AS Seagate 1-TB 7.2K 3.5 3G SATA Hard Drive"" ""ST31000340AS Seagate 1-TB 7.2K 3.5 3G SATA Hard Drive"" ""New ST31000340AS 1-TB"
1395,{'Output': 'mismatch'},"'€ 4,95\', \'Geheugensnelheid (DDR) Geheugensnelheid (DDR) De kloksnelheid waarop het geheugen draait.\': \'3000MHz\', \'description\': \'  ""Corsair Dominator Platinum CMD16GX4M2B3000C15 - Vraag"
1396,{'Output': 'mismatch'},"Form Factor\': \'2.5 Inch\', \'Interface Type\': \'SAS\', \’Capacity\': \'300GB\', \'description\': \'  ""HP DG0300FARVV-10Pack 300GB SAS 10K Hard Drive"" ""Null""   ""Description:HP DG0300FARVV"
1397,{'Output': 'mismatch'},"{""Category"": ""FireWire""}"
1398,{'Output': 'match'},"2.66GHz 95W Processor - 493243-B22\', \'title\': \'493243-B22 HP Xeon X3330 2.66GHz DL120 G5\', \'sku\': \'493243b22\', \'type\': \'Processor\"
1399,{'Output': 'mismatch'},"{""Output"": ""match""}"
1400,{'Output': 'mismatch'},"{""Output"": ""mismatch""}"
1401,{'Output': 'mismatch'},"{""Output"": ""mismatch""}"
1402,{'Output': 'mismatch'},"SDLT RackMount Tape Library"" Price 293472-B22"" Library Wholesale 293472-B22\', \'description\': \'  ""293472-B22 HP MSL5026 SDLT RackMount Tape Library"" Price 293472-B22"" Library Wholesale 2934"
1403,{'Output': 'mismatch'},"(HX426C15FB/4)\""@en', \'title\': \'Kingston 4GB PC4-21300 288-pin DDR4 SDRAM DIMM\', \'subcategory\': \'4GB DDR4 SDRAM DIMM\', \'brand\': \'Kingston\', \'sku\': \'HX"
1404,{'Output': 'mismatch'},"2.5"": 2+1\', \'description\': \'  ""CA-S340W-W1 (White) CA-S340W-B1 (Black) 5.25\"" External Drive Bay 2.5\"" Internal Drive Bays 3.5\"" Internal Drive Bay 2.5\"" Internal Drive Bay""@en Tower Case CA-S340W-W1 ("
1405,{'Output': 'mismatch'},"38009\', \'type\': \'Full Tower PC Case\', \'description\': \'  ""Antec P380 Full Tower PC Case""@en-GB Case BYZ3777 ""Manufacturer\'s website:http://www.antec.com/\'}', 'Entity_2': '{\'title\': \'Antec P380 Full Tower PC Case\"
1406,{'Output': 'match'},"{""Output"": ""match""}"
1407,{'Output': 'mismatch'},"{""Output"": ""mismatch""}"
1408,{'Output': 'mismatch'},"\'1\', \'Processor Speed\': \'2.66 GHz\', \'Processor Cache\': \'12MB\', \'description\': \'  ""492131-B21 Intel Xeon Processor 5110 2.66GHz Socket R\', \'title\': \'492131-B21 Intel Xe"
1409,{'Output': 'mismatch'},"\': \'10000RPM\', \'External Data Transfer\': \'3072MB/s\', \'Seek Time\': \'3.5ms\', \'HotSwap\': \'No\', \'Manufacturer\': \'Hewlett Packard\', \'Pre-Failure Warranty\': \'Yes\', \'Hot Swap T"
1410,{'Output': 'mismatch'},": HP 658102-001 SC 2TB 6G 7.2K 3.5 SATA SC\'}', 'Entity_2': '{\'title\': \'658102-001 SC HP 2TB 6G 7.2K 3.5 SATA SC\', \'category\': \'\', \'subcategory\': \"
1411,{'Output': 'mismatch'},"7.2K 3.5 SATA SC\', \'subcategory\': \'Description:10 x HPE 2TB 3.5-inch (LFF) Serial ATA (SATA) 6G7.2K Hot-Plug Midline (MDL) Hard Drive\', \'sku\': \'hp658102001\', \'type\': \"
1412,{'Output': 'mismatch'},"{""Output"": ""mismatch""}"
1413,{'Output': 'mismatch'},"BD PC2-5300 (2X1GB) KIT -NEW BULK-\', \'subcategory\': \'397411-B21-New Bulk\', \'sku\': \'397411b21\', \'type\': \'Memory\', \'description\': \'  ""HP original 2GB FBD PC2-5"
1414,{'Output': 'mismatch'},"u\': \'345020b21\', \'type\': \'Blade Server\'}', 'Entity_2': '{\'title\': \'345020-B21 HP BL20P G2 Xeon 3.2GHz 1M (2P)\', \'category\': \'Null\', \'subcategory\': \'Price\',"
1415,{'Output': 'mismatch'},"{""Output"": ""mismatch""}"
1416,{'Output': 'mismatch'},"'category\': \'Storageworks HDD\', \'subcategory\': \'\', \'brand\': \'HPE\', \'sku\': \'bd1465822c\', \'type\': \'Hard Drive Hot-Swap\', \'description\': \'  ""BD1465822C HP 146.8-GB 10"
1417,{'Output': 'mismatch'},16MBCapacity: 500GBDescription:5 x Seagate Barracuda ES 500GB Hot-Plug Serial ATA (SATA) 3.0Gb/s 7200RPM 3.5-inch form factor 16MB Hard DrivePart Number(s):ST3500630NS-5PackManufacturer: SeagateModel: ST35
1418,{'Output': 'mismatch'},"{""Output"": ""match""}"
1419,{'Output': 'mismatch'},"\', \'description\': \'  ""154457-B21 HPE Ultra3 SCSI Controller - Internal - 154457-B21""@en 154457-B21 ""@en\', \'title\': \'154457-B21 HPE Ultra3 SCSI Controller - Internal - 154457"
1420,{'Output': 'mismatch'},"11-B21 HP Xeon E5506 4 Core 2.13GHz LGA1366 MB L3 Processor\', \'category\': \'Null\', \'subcategory\': \'Price\', \'brand\': \'507811-B21\', \'sku\': \'New 507811-B"
1421,{'Output': 'mismatch'},"{""Output"": ""match""}"
1422,{'Output': 'mismatch'},"{""Output"": ""mismatch""}"
1423,{'Output': 'mismatch'},"{""Output"": ""mismatch""}"
1424,{'Output': 'mismatch'},"TA-300\', \'Data Transfer Rate\': \'300MB/s\', \'Spindle Speed\': \'7200RPM\', \'description\': \'  \""ST2000NM0011 SC 2TB 3.5 7.2K 3.5 NHP SATA HDD\""@en ""New 2TB 3"
1425,{'Output': 'mismatch'},"1\', \'type\': \'Proliant Controller\', \'description\': \'  ""631667-B21 HP Smart Array P222/512 Controller"", ""Null"" Controller Wholesale 631667-B21 Price 631667-B21\', \'Output\': \'match\'}'}

Output: '"
1426,{'Output': 'mismatch'},"en Support LN73808 - csrv2432b | SCAN UNITED KINGDOM\', \'title\': \'Corsair Vengeance LPX CMK32GX4M4A2400C14 - 32GB (4 x 8GB) DDR4 (PC4-19200) Unbuffered Non-ECC Memory Module\',"
1427,{'Output': 'mismatch'},"ATA\', \'brand\': \'Seagate\', \'sku\': \'ST1000DM003\', \'type\': \'Hard Drive\'}', 'Entity_2': '{\'title\': \'ST1000DM003 Seagate 1-TB 7.2K 3.5 6G SATA\', \'category\':"
1428,{'Output': 'mismatch'},"\'HP Proliant\', \'Compatibility\': \'HP Proliant Servers\', \'Manufacturer\': \'Hewlett-Packard\', \'HP Serial Number\': \'Yes\', \'HP Logo\': \'Yes\', \'Guaranteed Genuine HP\': \'Yes\', \'price\': \'""USD"", ""$119."
1429,{'Output': 'mismatch'},"Yes\', \'description\': \'  \""HP 431943-003 HDD Part# -431943-003\""   ""Description:146GB 3.5 inches x 1/3H (Low Profile) SAS 15K HP 431943-003\', \'title\': \'HP 4319"
1430,{'Output': 'mismatch'},"\'brand\': \'Intel\', \'sku\': \'BX80633I74820K\', \'type\': \'Processor\', \'description\': \'  ""Intel Core i7-4820K Boxed - Prijzen ""@NL Tweakers""@NL""@en-GB Box | BX80633I74"
1431,{'Output': 'mismatch'},"{""Output"": ""mismatch""}"
1432,{'Output': 'mismatch'},"\': \'[st31000524ns10]\', \'brand\': \'Seagate\', \'category\': \'Computers_and_Accessories\', \'Category\': \'Seagate 10K RPM 3.5 inch Hot-Swap Hard Drive\', \'Sub-Category\': \'10K\', \'Generation\': \"
1433,{'Output': 'mismatch'},"{""Output"": ""mismatch""}"
1434,{'Output': 'mismatch'},"{""Output"": ""mismatch""}"
1435,{'Output': 'mismatch'},"'15K\', \'Generation\': \'SAS\', \'Part Number\': \'432094-B21\', \'Products ID\': \'143098\', \'Type\': \'Hard Drive - Hot-Swap\', \'Capacity\': \'94GB\', \'Interface Type\': \'Serial Attached SCSI\"
1436,{'Output': 'mismatch'},"{""Output"": ""match""}"
1437,{'Output': 'mismatch'},"\'100506008\', \'type\': \'Radeon Pro WX 4100 4GB\', \'description_en\': \'  ""Radeon Pro WX4100 - graphics card Radeon WX 4100 4 GB"" "" GB 100-506008 Video Cards CDWG.com"
1438,{'Output': 'mismatch'},"description\': \'  ""487364-001 DL580 G5 Quad-Core Intel Xeon 2.4GHz 8GB"" ""Null""   ""Description: DL580G5 Quad-Core Intel Xeon 2.4GHz 8GB Server 487364-001"" ""Null""   ""Description: DL580G"
1439,{'Output': 'mismatch'},"30165-003 HP 146-GB 3G 10K 2.5 DP SAS Hard Drive\', \'category\': \'\', \'subcategory\': \'\', \'brand\': \'HP\', \'sku\': \'430165-003\', \'type\': \'2.5-inch Serial Att"
1440,{'Output': 'mismatch'},"TB Black 3,5"" SATA III 6Gbit/s 7200 RPM 64MB Cache (WD2003FZEX)\', \'category\': \'\', \'subcategory\': \'\', \'brand\': \'WD\', \'sku\': \'wd2003fzex\', \'type\': \'Hard Drive\',"
1441,{'Output': 'mismatch'},"\', \'Manufacturer\': \'D-Link\', \'Description\': \'  ""16-Port Gigabit Switch with 2 Power Supplies (TL-SG1016)""@en ""16-Port Gigabit Switch with 2 Power Supplies (TL-SG1016)""@en 16-Port Gigabit Switch with 2 Power Supplies (TL"
1442,{'Output': 'mismatch'},"': \'Kingston DataTraveler 332GB USB 3.0\', \'Uitvoering\': \'Kingston DataTraveler 332GB USB 3.0\', \'EAN\': \'05053973547442, 05053973566542, 0505586"
1443,{'Output': 'mismatch'},"0,-)\': \'€ 0,-\', \'description\': \'  ""Gigabyte BRIX GB-BACE-3000 - Prijzen ""@NL Tweakers""@NL\', \'title\': \'Gigabyte BRIX GB-BACE-3000 - Prijzen ""@NL Tweakers""@NL\', \'subcategory\': \'\', \"
1444,{'Output': 'mismatch'},"'Categorie\': \'CPU\'s\', \'brand\': \'Intel\', \'Product\': \'Intel Core i7-7700K 4.2GHz Quad-Core Processor\', \'Uitvoering\': \'Intel Core i7-7700K 4.2GHz Quad-Core Processor\', \'EAN\"
1445,{'Output': 'mismatch'},"': \'€ 0,-\', \'iDeal\': \'€ 0,-\', \'Totaal\': \'€ 131,88\', \'description\': \'  ""Kingston HyperX Fury HX421C14FB/8 - DDR3 16GB: 2 x 8GB DIMM 240-pin"" """
1446,{'Output': 'mismatch'},"ale Price 238921-B21\', \'sku\': \'238921b21\', \'type\': \'Hard Drive Hot-Swap\', \'description_en\': \'  ""238921-B21 HP 72.8-GB 10K FC-AL""@en ""New 23892"
1447,{'Output': 'match'},"124-B21"" ""New 653124-B21 SSD Wholesale Price 653124-B21"" \', \'title\': \'653124-B21 HP G8 G9 200-GB 3G 3.5 SATA MLC SSD\', \'subcategory\': \'\', \'sk"
1448,{'Output': 'mismatch'},"{""Output"": ""match""}"
1449,{'Output': 'mismatch'},"{""Output"": ""match""}"
1450,{'Output': 'match'},"\', \'description\': \'  \""DL165 572071-B21 60GB SATA SSD\"" ""New DL165 572071-B21 60GB SATA SSD""  ""\'}', 'Entity_2': '{\'title\': \'DL165 572071-B21 60"
1451,{'Output': 'mismatch'},"29-003 SAS SLC SSD 400GB 6Gb/s 2.5 inch SAS SSD\', \'description\': \'  ""632429-003 HP G8 G9 400-GB 6G 2.5 SAS SLC SSD"", ""Null"" Price 632429-003"" ""New"
1452,{'Output': 'mismatch'},"'description\': \'  ""ST31000524NS Seagate 1TB 7.2K SATA Hard Drive"" ""Null"" ""Description:Seagate ST31000524NS 1TB 7200RPM 7.2K SATA Hard Drive""@en ""▷ Seagate ST31000524NS 1"
1453,{'Output': 'mismatch'},"\', \'description\': \'  ""346919-001 HP Proliant DL380 G5 2.2GHz 2MB L3 Cache 1024MB DDR Memory Two NC7781 PCI-X Network Controllers"", ""Null"" Price 346919-001"" G5 Wholesale 346919-00"
1454,{'Output': 'mismatch'},"199.99""@en\'}', 'Entity_2': '{\'title\': \'HP 20GB DLT4000 Tape Drive\', \'category\': \'HP\', \'subcategory\': \'HP\', \'brand\': \'HP\', \'sku\': \'340743b22\', \'type\': \"
1455,{'Output': 'mismatch'},"el Core i7-6700K 4-core 4.2GHz LGA1151 Boxed Processor (BX80662I76700K)\"" ""Intel Core i7-6700K 4-core 4.2GHz LGA1151 Boxed Processor\', \'title\': \'Intel Core i7-67"
1456,{'Output': 'mismatch'},"GB (2x16GB) DDR4 PC4-19200C15 2400MHz Dual Channel Kit (HX424C15FWK2/32)\', \'subcategory\': \'\', \'sku\': \'HX424C15FWK2/32\', \'type\': \'DDR4 RAM\',"
1457,{'Output': 'mismatch'},"\', \'description\': \'  \""Western Digital - WD10EZEX 1TB 3.5\""', \'title\': \'Western Digital - WD10EZEX 1TB 3.5\""', \'sku\': \'wd10ezex\', \'type\': \'Hard Drive\', \'brand\': \'Western Digital"
1458,{'Output': 'mismatch'},"10K 3.5 DP SAS 2 Pack\', \'subcategory\': \'Price\', \'sku\': \'456896001-5Pack\', \'type\': \'2 x 400GB Serial Attached SCSI (SAS) 3.5-inch HotPlug 10K Dual Port Hard Drive\', \'description\"
1459,{'Output': 'mismatch'},"\': \'7200RPM\', \'description\': \'  ""ST1000DM003 1TB 3.5-inch 7200RPM SATA Hard Drive 2 Pack"", ""Null"" Price ST1000DM003-2Pack"" ""New 2 Pack Seagate ST1000DM003 1TB 3."
1460,{'Output': 'mismatch'},"Included\', \'description\': \'  \""TLS-F1005D 5-Port 10/100Mbps Desktop Switch 1 x Power Adapter\"" ""5-Port 10/100Mbps Desktop Switch 1 x Power Adapter"" ""Description:5-Port 10/100Mbps Desktop Switch 1 x Power Adapter"" """
1461,{'Output': 'mismatch'},"{""Output"": ""mismatch""}"
1462,{'Output': 'match'},"€ 4,95\', \'description\': \'  ""Corsair Air Series SP120 PWM High Performance Edition 120mm Fan - CO-9050013-WW"" "" Corsair CO-9050013-WW Air Series SP120 PWM High Performance Edit\', \'title\': \'Corsair Air Series SP120 P"
1463,{'Output': 'mismatch'},"5-003 HP 146-GB 10K 2.5 DP NHP SAS HDD"", ""Null"" HDD Wholesale 430165-003 Price 430165-003"" 10Pack'}', 'Entity_2': '{\'title\': \'430165-003 HP 146-"
1464,{'Output': 'mismatch'},"to Disk - Small - Gemiddelde schrijftijd\': \'1,0 μs\', \'Filecopy to Disk - Small - Gemiddelde opentijd\': \'131,0 μs\', \'Filecopy to Disk - Small - Gemiddelde responstijd\': \'11,0 μs\', \'Filecopy to Disk - Small - Gemidd"
1465,{'Output': 'mismatch'},"Part# 359461-007\', \'brand\': \'HP/Compaq\', \'sku\': \'359461-007\', \'type\': \'Hard Drive Hot-Swap\', \'description\': \'  ""359461-007 HP 300-GB 10K FC-"
1466,{'Output': 'mismatch'},"\', \'category\': \'\', \'Category\': \'Proliant HardDrive\', \'Sub-Category\': \'10K\', \'Generation\': \'Ultra SCSI-3\', \'Part Number\': \'483403-B21\', \'Products ID\': \'458275\', \'Drive"
1467,{'Output': 'mismatch'},"Alone SDL\', \'category\': \'StorageWorks\', \'subcategory\': \'TapeDrive\', \'brand\': \'HP\', \'sku\': \'192106b21\', \'type\': \'TapeDrive\', \'description\': \'  ""HP 192106-B21"
1468,{'Output': 'mismatch'},"6 Thunderbolt Audio Interface"" ""Apogee Element 46 Thunderbolt Audio Interface"" ""Apogee Element 46 Thunderbolt Audio Interface"" ""Apogee Element 46 Thunderbolt Audio Interface"" ""Apogee Element 46 Thunderbolt Audio Interface"" ""Apogee Element 46 Thunderbolt Audio Interface"" ""Apogee Element 4"
1469,{'Output': 'mismatch'},"{""Output"": ""match""}"
1470,{'Output': 'mismatch'},"{""Output"": ""mismatch""}"
1471,{'Output': 'mismatch'},"\'description\': \'  ""bx80662i76700k Intel Core i7-4770 Quad-Core 4 GHz LGA1151 115W Processor 1 MB L2 Cache 8 MB L3 Cache 1.5 x 1.5 inches"" ""Socket H4 LGA-1151 Quad-Core 4 GHz"
1472,{'Output': 'match'},"Cores\', \'Socket Type\': \'LGA 1151\', \'Description\': \'  \""Intel Core i7-6700 4 Cores LGA 1151 Processor\""@en Processor\', \'title\': \'Intel Core i7-6700 4 Cores LGA 1151 Processor\', \'subcategory"
1473,{'Output': 'match'},"5\', \'description\': \'  ""5-Port Gigabit Desktop Switch TL-SG1005D""@en ""5-Port Gigabit Desktop Switch TL-SG1005D""@en-gb ""5-Port Gigabit Desktop Switch TL-SG1005D""@en-gb ""5-Port Gigabit Desktop Switch TL-SG1"
1474,{'Output': 'match'},"99\', \'Pakketpost Nederland\': \'€ 0,-\', \'iDeal\': \'€ 0,-\', \'Totaal\': \'€ 129,99\', \'Pakketpost DPD\': \'€ 3,95\', \'Pakketpost 0-30 kg\': \'€ 4,9"
1475,{'Output': 'mismatch'},"': \'SAS\'}', 'Entity_2': '{\'title\': \'512743-001 HP 72-GB 6G 15K 2.5 DP SAS\', \'category\': \'Null\', \'subcategory\': \'Price\', \'brand\': \'New 512743-001 SAS"
1476,{'Output': 'mismatch'},"AMD Ryzen 5 Quad Core 1400 3.40GHz (Socket AM4) Processor - Retail\', \'category\': \'Componentes PC\', \'subcategory\': \'Procesadores\', \'brand\': \'AMD\', \'sku\': \'yd1400bbaebox\', \'type\': \'Pro"
1477,{'Output': 'match'},"SDRAM 168-pin SIMM"" ""New 127005-031 ACD 256MB 168p PC133 CL3 18c SDRAM 168-pin SIMM"" ""New 127005-031 ACD 256MB 168p PC133 CL3 18c"
1478,{'Output': 'mismatch'},"actor\': \'BL40\', \'description\': \'  ""345628-B21 Intel Xeon Processor E5-2620 v2 2.10GHz 8-Core 2 MB L2 cache BL40"" ""Intel Xeon Processor E5-2620 v2 2.10GHz 8-Core 2 MB"
1479,{'Output': 'match'},"\'Form Factor\': \'3.5 in\', \'description\': \'  ""431943-003 HP 146GB 15K SAS Hard Drive 10Pack"" ""Null"" Price 431943-003  ""New 431943-003 15K SAS Hard Drive 10Pack Whol"
1480,{'Output': 'mismatch'},"{""Output"": ""match""}"
1481,{'Output': 'match'},"Hz/1MB 512MB\', \'subcategory\': \'Description:HP Proliant BL20p G2 Server Xeon 512MB 1GB RAM 1U Blade Server\', \'sku\': \'359623b21\', \'type\': \'Blade Server\'}', 'Entity_2': '{\'title\': \"
1482,{'Output': 'mismatch'},"071b21]\', \'/gtin13\': \'[731213102221]\', \'brand\': \'HP\', \'category\': \'Hard Drives\', \'description\': \'  \""HP 500GB SATA 7200 RPM 6G 3.5in LFF Hard Drive\"" Drive -"
1483,{'Output': 'mismatch'},"\', \'category\': \'Null\', \'subcategory\': \'\', \'brand\': \'Hewlett Packard Enterprise\', \'sku\': \'[293472b22]\', \'type\': \'SDLT2 Internal\', \'description\': \'  ""Hewlett Packard Enterprise SP/CQ Drive DLT 20/4"
1484,{'Output': 'match'},"res\': \'Quad-Core\', \’Description\': \'Intel Core i7 6700 Quad Core 3.46GHz LGA 1155 Processor\', \'description\': \'  ""BX80662I76700 Intel Core i7 3.46GHz Quad Core LGA1155 Processor"" ""Null"
1485,{'Output': 'match'},"{""Output"": ""match""}"
1486,{'Output': 'mismatch'},"Sandisk Extreme Pro CompactFlash 160MB/s""@en ""SDCFXPS-032G-X46-NR | Sandisk Extreme Pro CompactFlash 160MB/s""@en ""SDCFXPS-032G-X46-NR | Sandisk Extreme Pro CompactFlash 160MB/s""@en ""SDCFXPS"
1487,{'Output': 'mismatch'},"\'Form Factor\': \'3.5 inches\', \'Form Factor (Short)': \'3.5 in\', \'Form Factor (Long)': \'3.5 inches\', \'Form Factor (Full)': \'3.5 inches\', \'description\': \'  ""New 658102-001-SC SC Wholesale Price 6"
1488,{'Output': 'mismatch'},"{""Output"": ""match""}"
1489,{'Output': 'mismatch'},"\'2.5 Inch\', \'description\': \'  \""454141-002 7200 RPM 2.5 Inch Hot-Swap Hard Drive - 2 Pack\"" "" 2 Year Warranty - 100% Compatible with Proliant DL360 G7, DL380 G7, DL380c G7, DL"
1490,{'Output': 'match'},"10M-A/M.2 Micro ATX Motherboard\', \'description\': \'  ""ASUS Intel H110M-A/M.2 Micro ATX Motherboard""@en ""▷ ASUS Intel H110M-A/M.2 Micro ATX Motherboard""@en  ""ASUS Intel H110M-A/M.2 Micro ATX Motherboard""@"
1491,{'Output': 'mismatch'},"\'Voltage\': \'1.5V\', \'Description\': \'  \""461826-B21 Kit Wholesale Price 461826-B21\"" ""New 461826-B21 Kit Wholesale Price 461826-B21\"" ""New 461826-B21 Genu"
1492,{'Output': 'mismatch'},"455HM Benq 24\"" Full HD TN Black computer monitor\"" 4718755045813)\"" \""Product data Benq monito\', \'title\': \'Benq RL2455HM 24\"" Full HD TN Black computer monitor\', \'subcategory\': \'\', \'brand\': \'Benq\', \'"
1493,{'Output': 'mismatch'},"3536403345518, 3536403344658\', \'description\': \'  ""PNY NVIDIA Quadro K1200 for DisplayPort""@en ""PNY NVIDIA Quadro K1200 for DisplayPort\', \'title\': \'PNY NVIDIA Quadro K12"
1494,{'Output': 'mismatch'},"ms\', \'Interface\': \'SATA\', \'description\': \'  ""ST1000DM003 Seagate 1 TB 7200 RPM 3.5-inch Internal Hard Drive"" ""Null""   ""Description:Seagate Barracuda 1TB 7200RPM 3.5-inch Internal Hard Drive"" ""Description:Seagate"
1495,{'Output': 'mismatch'},"221]\', \'brand\': \'Corsair\', \'category\': \'Memory\', \'Memory Type\': \'DDR3\', \'Capacity\': \'16GB\', \'Tested Speed\': \'3000MHz\', \'Tested Latency\': \'15-15-15-35\', \'Tested"
1496,{'Output': 'mismatch'},"{""Output"": ""match""}"
1497,{'Output': 'mismatch'},"m. iDEAL)\': \'€ 0,-\', \'description\': \'  ""Intel Core i7-6700K 4.0GHz Quad-Core Processor - Boxed ""@en | BX80662I76700K Novatech""@en  ""Intel Core i7-6700K 4.0GHz Quad-Core"
1498,{'Output': 'mismatch'},"'90mb0ty0m0eay0, PRIME X299-DELUXE\', \'Tweakers ID\': \'318614\', \'Productprijs\': \'€ 599,99\', \'Pakketpost Nederland\': \'€ 0,-\', \'iDeal\': \'€ 0,-\',"
1499,{'Output': 'mismatch'},"': \'AMD A6-7400K Boxed\', \'EAN\': \'889631001272\', \'SKU\': \'AD740KYBJABOX\', \'description\': \'  ""AMD A6-7400K Boxed"" "" AMD A6-7400K Processor\',"
1500,{'Output': 'match'},"{""EAN"": ""619659155971""}"
1501,{'Output': 'mismatch'},"2-B21 HP G8 G9 100-GB 6G 2.5 SATA SSD\', \'sku\': \'691862b21\', \'type\': \'Solid State Drive\'}', 'Entity_2': '{\'title\': \'691862-B21 HP G8 G9 100-GB"
1502,{'Output': 'mismatch'},"'{\'/mpn\': \'[458418b21]\', \'brand\': \'HP\', \'category\': \'HP\', \'Category\': \'Proliant Processor\', \'Sub-Category\': \'Xeon\', \'Generation\': \'G5\', \'Part Number\': \'458418-"
1503,{'Output': 'mismatch'},"\'category\': \'Computers_and_Accessories\', \'subcategory\': \'Flash Memory Cards\', \'brand\': \'Sandisk\', \'sku\': \'SDSSDC1-64G-GN4IN\', \'type\': \'Description:Sandisk 64GB SDXC CLASS 10 UHS-I ULTIM"
1504,{'Output': 'mismatch'},"The drive is also lightweight and has a low power consumption, making it an ideal choice for your server infrastructure. The HPE 960GB SSD is backed by a 5-year warranty and is available in various capacities. Order now and get free shipping on orders over $500.00.\""@en 960GB SSD\', \'description\': \'  ""HPE Light Endurance Enterprise - solid"
1505,{'Output': 'mismatch'},"6GX3M2A1600C10 Server Memory\', \'description2\': \'  ""Corsair Vengeance - DDR3 16 GB : 2 x 8 DIMM 240-pin"" "" Corsair 240-pin CMZ16GX3M2A1600C10 Server Memory\', \'description3\': \"
1506,{'Output': 'mismatch'},"Clock Speed\': \'3.70GHz\', \'Core Count\': \'6\', \'L3 Cache\': \'16MB\', \'description\': \'  ""AMD Ryzen 5 1500X 6-Core Processor""@en Processor AMD Ryzen 5 1500X 6-Core Processor\', \'title\':"
1507,{'Output': 'mismatch'},"{""Output"": ""mismatch""}"
1508,{'Output': 'mismatch'},"Attached SCSI)\', \'description\': \'  ""349514-B21 HP 9.1-GB SCSI Ultra2 Wide (12-bit) Hard Drive"" ""Null""   ""Description:Proliant HardDrive 9.1-GB SCSI Ultra2 Wide (12-bit) Hard Drive"" \', \'title\': \'3495"
1509,{'Output': 'mismatch'},"'  \""WD 1TB 3.5\"" SATA Hard Drive WD1003FZEX\"" ""Description:WD 1TB 3.5\"" SATA Hard Drive WD1003FZEX"" ""New 1TB 3.5\"" SATA Hard Drive WD1003FZEX"" ""Description:WD 1TB 3.5\"" SATA Hard Drive"
1510,{'Output': 'mismatch'},"""SDCFXPS-032G-X46""@en ""SDCFXPS-032G-X46-NR | NETRAM""@en  ""                     COMPACT FLASH CARD 32GB""@en  ""                     SDCFXPS-032G-X46""@en  ""                     SDCFXPS-032G-X46"""
1511,{'Output': 'mismatch'},"Powerline Starter Kit\', \'brand\': \'TP-LINK\', \'sku\': \'tlpa7020pkit\', \'type\': \'Powerline Adapter Kit\', \'description\': \'  ""TP-Link AV1000 2-Port Gigabit Passthrough Powerline Starter Kit""@en Powerline Adapter Kit (TL-"
1512,{'Output': 'mismatch'},"R G3 Xeon 2.8GHz/512K-400fsb 1GBHewlett-Packard Part# 308724-001\', \'brand\': \'Hewlett-Packard\', \'sku\': \'308724001\', \'type\': \'DL360R G3 X"
1513,{'Output': 'mismatch'},"\'sku\': \'658071b21\', \'type\': \'500GB 3.5-inch (LFF) Serial ATA(SATA) 6G 7.2K Hot-Plug Midline (MDL) Hard Drive in G9(Gen8 SmartDrive Carrier (SC\', \'description\': \'  ""65807"
1514,{'Output': 'mismatch'},"'Description\': \'  ""643774-B21 Intel Xeon Processor E7-8867 2.0GHz 8-Core 1366MHz 32MB L3 Cache 1600MHz FSB 1366-pin Socket G7\', \'title\': \'643774-B21 Intel X"
1515,{'Output': 'mismatch'},"/mpn\': \'[192106b21]\', \'category\': \'\', \'Category\': \'Proliant\', \'Sub-Category\': \'TapeDrive\', \'Generation\': \'110/220GB\', \'Part Number\': \'192106-B21\', \'Products ID"
1516,{'Output': 'mismatch'},"ail\', \'description_nl\': \'  ""SAMSUNG 750 EVO 500GB Solid State Drive/SSD""@nl Drive/SSD LN73110 - MZ-750500BW | SCAN UK""@nl  ""5\', \'title_nl\': \'SAMSUNG 750 EVO"
1517,{'Output': 'mismatch'},"\'Energy Star\', \'description\': \'  ""WD20EFRX WD 2-TB Internal Hard Drive"" ""Western HDD - WD20EFRX Internal Hard Drive\', \'title\': \'WD20EFRX WD 2-TB Internal Hard Drive\', \'subcategory\': \'WD20EFRX Internal Hard Drive\', \"
1518,{'Output': 'mismatch'},"TP-Link\', \'sku\': \'TL-WDN4800\', \'type\': \'Netwerkadapters\', \'description_es\': \'  ""TP-LINK TL-WDN4800 adaptador y tarjeta de red""@es \', \'description_de\': \'  ""TP-LINK TL-WDN4800 adaptador"
1519,{'Output': 'mismatch'},"32x4 1Rx4 3.3V ECC RDIMM RFB\', \'description\': \'  ""INFINEON 127005-031 ACD 256MB 168p PC133 CL3 18c 32x4 1Rx4 3.3V ECC RDIMM RFB\', \'Output': '"
1520,{'Output': 'mismatch'},"{""Output"": ""match""}"
1521,{'Output': 'mismatch'},"', \'Spindle Motor Bearings\': \'Sleeve Bearings\', \'Shock Protection\': \'Yes\', \'Shock Protection Type\': \'Ruggedized\', \'Shock Protection Description\': \'Shock protection is designed to protect the drive from physical damage during transportation and handling.\', \'description\': \'  ""XTA-3510-73GB"
1522,{'Output': 'mismatch'},", 1 x DVD DL145, Internal, IDE, 16x, 24x, 48x, 12x, 32x, 12/10/12/10/12/10/12/10/12/10/12/10/12/10/12/10/12/10/1"
1523,{'Output': 'mismatch'},"\'ct750mx300ssd1\', \'type\': \'Solid State Drive\', \'description\': \'  ""Disco Solido SSD, 2.5 7mm SATA 6Gbps, 750GB, controller: Crucial\', \'price\': \'""USD"", ""$119.99 USD""\', \'capacity\':"
1524,{'Output': 'mismatch'},"'Processor\', \'description\': \'  ""462711-B21 HP X5450 3.0GHz ML370 G5"", ""Null"" Price 462711-B21\"" ""New 462711-B21 G5 Wholesale 462711-B21""  ""Des\""}', 'Output':"
1525,{'Output': 'mismatch'},":\': \'119.99\', \'description\': \'  ""120Gb Samsung 750 EVO Series S-ATA3 Solid State 2.5 Inch Hard Drive""@en-US  ""Upgrade your laptop with the Samsung 750 EVO Series S-ATA3 Solid State 2.5 Inch Hard Drive. This drive offers a capacity of 12"
1526,{'Output': 'mismatch'},"0 kg\': \'€ 0,-\', \'Pakketpost >100 kg\': \'€ 0,-\', \'description\': \'  ""Kingston ValueRAM KVR13N9S8HK2/8 (1 x 8GB) 240-Pin DDR3 SDRAM 1333MHz CL9 2GB x 4\"","
1527,{'Output': 'mismatch'},"Interface Type\': \'Serial Attached SCSI\', \'Spindle Speed\': \'15000RPM\', \'Ports\': \'Dual Port\', \'Speed\': \'6GB/s\', \'description\': \'  ""430169-002-2Pack HP 72GB 6G 15K 2.5"
1528,{'Output': 'mismatch'},"3G 15K 2.5 DP SAS HDD\', \'sku\': \'hpdh0072balwl\', \'type\': \'Hard Drive\', \'formFactor\': \'2.5 inch\', \'busPower\': \'3W\', \'powerManagement\': \'Hot-Plug\', \'powerSupply\':"
1529,{'Output': 'mismatch'},"u\': \'csrl3230r\', \'type\': \'RAM\'}', 'Entity_2': '{\'title\': \'Corsair - Vengeance LED 32GB (2 x 16GB) DDR4-3000 Memory\', \'category\': \'Memory\', \'subcategory\': \'DDR4\', \'brand"
1530,{'Output': 'mismatch'},"{""Output"": ""match""}"
1531,{'Output': 'mismatch'},"Vengeance - DDR3 8 GB : 2 x 4 SO-DIMM 204-pin\', \'category\': \'\', \'subcategory\': \'\', \'brand\': \'Corsair\', \'sku\': \'cmsx8gx3m2a1600c9\', \'type\': \'Memory Module\', \'"
1532,{'Output': 'mismatch'},"\': [\'508429-001\', \'508429-0015pack\'], \'type\': \'Hard Drive\', \'description\': \'  ""508429-001 HP 400-GB 10K 3.5 DP NHP SAS 5 Pack"" ""HP 508429"
1533,{'Output': 'mismatch'},"WD10PURZ"" ""New WD10PURZ 1TB 3.5"" SATA3 HD WD10PURZ"" ""New WD10PURZ 1TB 3.5"" SATA3 HD WD10PURZ"" ""New WD10PURZ 1TB 3.5"" SATA3 HD WD10PUR"
1534,{'Output': 'mismatch'},"6G 10K 2.5 DP SAS\', \'subcategory\': \'Price EG0146FARTR-2Pack\', \'sku\': [\'eg0146fartr\'], \'type\': \'2.5-inch (SFF) Serial Attached SCSI (SAS) 10K Hot-Plug Midline (MDL) Hard"
1535,{'Output': 'mismatch'},"{""Output"": ""mismatch""}"
1536,{'Output': 'mismatch'},"'type\': \'Hard Drive\', \'description_short\': \'Seagate Desktop 2TB 3.5-Inch HDD SATA 6Gb/s 64MB Cache Internal Bare Drive\', \'title_short\': \'Seagate Desktop 2TB 3.5-Inch HDD SATA 6Gb/s 64MB Cache"
1537,{'Output': 'mismatch'},"sku\': \'HX424C15FBK4/64\', \'type\': \'Memory Kit\', \'description\': \'  \""Kingston Fury Black 64GB (4x16GB) DDR4 PC4-19200C15 2400MHz Dual/Quad Channel Kit (HX424C15FB"
1538,{'Output': 'mismatch'},"0169-002 HP 72-GB 3G 15K 2.5 DP SAS HDD"" ""New 430169-002 HDD Wholesale Price 430169-002"" ""Description:72GB 2.5-inch Serial Attached SCSI (SAS) SFF3G Dual Port Hot-Plug"
1539,{'Output': 'mismatch'},"'category\': \'Computers_and_Accessories\', \'Categorie\': \'Printers\', \'Merk\': \'Brother\', \'Product\': \'Brother MFC-J805DW\', \'Uitvoering\': \'Brother MFC-J805DW, 1500 x 750 dpi,"
1540,{'Output': 'mismatch'},"""653124-B21 HP G8 G9 200-GB 3G 3.5 SATA MLC SSD"", ""Null"" Price 653124-B21-5Pack"" ""New 653124-B21 SSD""@en  ""New 653124-B21-5Pack"" ""New 65"
1541,{'Output': 'match'},"{""Output"": ""match""}"
1542,{'Output': 'match'},"{\'/mpn\': \'[shpm2280p2480g]\', \'/gtin13\': \'[740617237443]\', \'category\': \'\', \'Categorie\': \'Solid state drives\', \'Merk\': \'Kingston\', \'Productserie\': \'HyperX"
1543,{'Output': 'mismatch'},"'Interface\': \'Serial Attached SCSI (SAS)\', \'Enclosure\': \'Internal\', \'Drive Dimensions\': \'3.5 inches x 1/3H (Low Profile)\', \'Spindle Speed\': \'10000RPM\', \'External Data Transfer\': \'3072MB/s\', \'Seek Time\':"
1544,{'Output': 'mismatch'},"0RPM 2TB SATA III Hard Drive ST2000NM0011\', \'description\': \'  ""ST2000NM0011 Seagate 2-TB 7.2K 3.5 6G SP SATA"", ""Null"" SATA Wholesale ST2000NM0011 Price ST2000NM0011"
1545,{'Output': 'match'},"{""Output"": ""match""}"
1546,{'Output': 'mismatch'},"subcategory\': \'Description:Apogee Element 46 Thunderbolt Audio InterfaceInterface | PSSL\', \'sku\': \'element46\', \'type\': \'Thunderbolt Audio Interface\', \'brand\': \'Apogee\'}', 'Entity_2': '{\'title\': \'Apogee Element 46 Thunderbolt Audio Inter"
1547,{'Output': 'mismatch'},",-\', \'Verzending (vanaf € 25,-)\': \'€ 0,-\', \'Verzending tot € 50,-\': \'€ 0,-\', \'Verzending (vanaf € 50,-)\': \'€ 0,-\', \'Verzending tot € 100,-\': \'€ 0,-\', \'Verz"
1548,{'Output': 'mismatch'},"'10K\', \'Generation\': \'SAS\', \'Part Number\': \'430169-002\', \'Products ID\': \'144303\', \'Capacity\': \'146GB\', \'Interface\': \'Serial Attached SCSI (SAS)\', \'Enclosure\': \'Internal\', \"
1549,{'Output': 'mismatch'},"3450-001""  ""Description:Description:Description:Description:Description:Description:Description:Description:Description:Description:Description:Description:Description:Description:Description:Description:Description:Description:Description:Description:Description:Description:Description:Description:Description:Description:Description:Description:Description:Description:Description:Description:Description:Description:Description:Description:Description:Description:Description:Description:Description:Description:Description"
1550,{'Output': 'mismatch'},"95\': \'€ 0,-\', \'Pakketpost Benelux (tot € 250,-)\': \'€ 7,50\', \'Pakketpost Benelux (tot € 500,-)\': \'€ 12,50\', \'Pakketpost Benelux (tot € 1000,-)\': \'€ 1"
1551,{'Output': 'mismatch'},"SATA 10 Pack Wholesale Price 454141-002-2Pack\', \'sku\': \'454141002\', \'type\': \'7.2K 3.5-inch Internal Hard Drive\', \'description\': \'  ""454141-002 HP 500-GB 7."
1552,{'Output': 'mismatch'},"'120Gb Samsung 840 Series S-ATA Solid State 2.5In Drive"" Drive | MZ-7TD120BW\', \'sku\': \'hps120s840\', \'type\': \'Solid State Drive\', \'description\': \'  ""120Gb Samsung 840 Series S-ATA Solid"
1553,{'Output': 'mismatch'},"{""Output"": ""mismatch""}"
1554,{'Output': 'mismatch'},"0-GB 2.5 MDL SATA SSD"" ""DL165 G6 572071-B21 SSD Part# DL165 G6-572071-B21""  ""Description:60GB 2.5-inch Hot-Plug Midline (MDL) Serial Ata SSD\', \'price\': \'"" $235."
1555,{'Output': 'mismatch'},"G 2.5 SAS SLC SSD\', \'subcategory\': \'6G SAS SSD\', \'sku\': \'632429003\', \'type\': \'SAS SSD\', \'description2\': \'  ""400GB SAS SSD\', \'title2\': \'400GB SAS S"
1556,{'Output': 'mismatch'},"Threads\': \'8\', \'Socket Type\': \'LGA1151\', \'Description\': \'Intel Core i5-7500 4-Core 1151 Processor\', \'title\': \'Intel Core i5-7500 4-Core 1151 Processor\', \'sku\': \'bx8"
1557,{'Output': 'match'},"type\': \'10K 2.5-inch SAS HDD\', \'description\': \'  ""MAY2073RC Fujitsu 73-GB 10K 2.5 SAS HDD"", ""Null"" ""New MAY2073RC HDD Wholesale Price MAY2073RC""  ""\'}', 'Entity_2': '{\'"
1558,{'Output': 'mismatch'},"'Hard Drive - Hot-Swap\', \'description_short\': \'9.1GB Ultra2 SCSI Hot-Plug 1 Drive\', \'title_short\': \'349514-B21 HP 9.1GB Ultra2 7.2K Drive\', \'description_long\': \'9.1GB Ultra2 SCSI Hot-Plug"
1559,{'Output': 'mismatch'},"ain\', \'Capacity\': \'500GB\', \'Interface Type\': \'Fibre Channel\', \'description\': \'  ""359461-005 HPE 500-GB 10K 3.5 Fibre Channel"" ""New 359461-005-5Pack""  ""Description: Storageworks 10"
1560,{'Output': 'match'},"\'brand\': \'HP\', \'sku\': \'431943-003\', \'type\': \'Hard Drive\', \'description\': \'  ""431943-003 HP 146-GB 15K 3.5 SP SAS"" ""Null""   ""Description:2 x 146GB Serial Attached"
1561,{'Output': 'mismatch'},"{""Output"": ""mismatch""}"
1562,{'Output': 'mismatch'},"1sc\'], \'type\': \'Description:New Wholesale  3-TB 6G 7.2K 3.5 SATA SC\', \'description\': \'  ""628061-S21-SC HP G8 G9 3-TB 6G 7.2K 3.5 SATA SC"" ""New Wholesale 3-TB"
1563,{'Output': 'mismatch'},"\'Type\': \'Hard Drive - Hot-Swap\', \'Capacity\': \'72GB\', \'Interface Type\': \'Serial Attached SCSI\', \'Spindle Speed\': \'15000RPM\', \'price\': \'""USD"", ""$171.95""\', \'description\': \'  ""430169"
1564,{'Output': 'mismatch'},"\', \'Products ID\': \'463305\', \'Type\': \'Hard Drive - Hot-Swap\', \'Capacity\': \'146GB\', \'Interface Type\': \'Serial Attached SCSI\', \'Spindle Speed\': \'10000RPM\', \'Ports\': \'Dual Port\', \"
1565,{'Output': 'mismatch'},"ktop 500GB 7200RPM 16MB Cache SATA Hard Drive ST3500630NS-2Pack ""@en-US ""Seagate | 5 Free Hosting""@en-US  \', \'title\': \'Seagate Desktop 500GB 7200RPM 16MB Cache SATA Hard Drive ST350063"
1566,{'Output': 'mismatch'},"ms\', \'price\': \'""USD"", ""$119.99 USD""\', \'description\': \'  ""417190-002 HP 72-GB 15K 3.5-inch Internal SAS Hard Drive"", ""Null""   ""Description: 72GB 15K 3.5-inch Internal SAS Hard Drive""@en 41"
1567,{'Output': 'mismatch'},"Entity_2': '{\'title\': \'336047-B21 KVM USB Console Interface\', \'category\': \'Adapter\', \'subcategory\': \'KVM\', \'brand\': \'HP\', \'sku\': \'336047-B21\', \'type\': \'KVM USB Console Interface Ad"
1568,{'Output': 'mismatch'},"{""Output"": ""match""}"
1569,{'Output': 'mismatch'},"-D3H - Gigabyte - Kaby Lake - Micro ATX - CrossFire - Black\', \'title\': \'Gigabyte GA-Z270M-D3H Kaby Lake CrossFire Micro ATX Motherboard\', \'description_en\': \'  ""Gigabyte GA-Z270M-D3H Kaby Lake CrossFire Micro ATX Motherboard""@"
1570,{'Output': 'mismatch'},"{""Output"": ""match""}"
1571,{'Output': 'match'},"{""Output"": ""mismatch""}"
1572,{'Output': 'mismatch'},"{""Output"": ""mismatch""}"
1573,{'Output': 'match'},"': \'  ""340743-B21 HP StorageWorks Internal DLT SCSI"" ""Null""   ""Description:StorageWorks 20/40GB Internal\', \'title\': \'340743-B21 HP StorageWorks Internal DLT SCSI\', \'subcategory\': \'\', \'sku\': \'340743"
1574,{'Output': 'match'},"ATA) 7.2K 3.5-inch Hard Drive\'}', 'Entity_2': '{\'title\': \'ST31000640NS Seagate 1-TB 7.2K 3.5 SATA\', \'category\': \'Hard Drive\', \'subcategory\': \'Barracuda ES.2 Hot-Plug Serial ATA (S"
1575,{'Output': 'mismatch'},"\'description\': \'  ""Corsair Vengeance LPX 16GB (2 x 8GB) DDR4 2666MHz"" ""Null"" Price Corsair Vengeance LPX 16GB (2 x 8GB) DDR4 2666MHz"" ""New Corsair Vengeance LPX 16GB (2 x 8GB) DDR"
1576,{'Output': 'mismatch'},"667b21]\', \'brand\': \'HP\', \'category\': \'Null\', \'Category\': \'Storageworks HDD\', \'Sub-Category\': \'10K\', \'Generation\': \'Fibre Channel\', \'Part Number\': \'631667-B21-10Pack\', \'Products"
1577,{'Output': 'mismatch'},",-\': \'€ 0,-\', \'Pakketpost (vanaf € 125,-)\': \'€ 0,-\', \'Pakketpost (vanaf € 150,-)\': \'€ 0,-\', \'Pakketpost (vanaf € 199,-)\': \'€ 0,-\', \'Pakketpost (vanaf €"
1578,{'Output': 'mismatch'},"{""Output"": ""mismatch""}"
1579,{'Output': 'mismatch'},"'Max Turbo Frequency\': \'3.85 GHz\', \'Socket\': \'LGA 1151\', \'description\': \'  ""Intel Core i7-7700 4-Core 3.60 GHz LGA 1151 Processor"" ""Intel Core i7-7700 4-Core 3.60 GHz"
1580,{'Output': 'mismatch'},"ketpost (vanaf € 29,-)\': \'€ 4,50\', \'description\': \'  ""TP-Link TL-WN881ND - Prijzen ""@NL Tweakers""@NL\', \'title\': \'TP-Link TL-WN881ND - Prijzen\', \'subcategory\': \'\', \'brand\': \'TP-"
1581,{'Output': 'mismatch'},"653124-B21 200GB 3.5-inch (LFF) SATA 3G SSD"", ""Null"" ""New 653124-B21 5Pack SSD Wholesale Price 653124-B21""@en ""▷ 653124-B21 5Pack SSD | SCAN UK"
1582,{'Output': 'mismatch'},"2094b21]\', \'brand\': \'HP\', \'category\': \'Networking Products\', \'Sub-Category\': \'Switches\', \'Part Number\': \'455286-HP\', \'Products ID\': \'463121\', \'Type\': \'48-Port 10/10"
1583,{'Output': 'mismatch'},"brand\': \'HPE\', \'sku\': \'238590b21\', \'type\': \'Fibre Channel\', \'description\': \'  ""238590-B21 HP 36.4-GB 10K FC-AL HDD"" ""Null""   ""Description:StorageWorks 36.4GB 1"
1584,{'Output': 'mismatch'},"'sku\': \'238590b21\', \'type\': \'Hard Drive Hot-Swap\', \'description\': \'  ""238590-B21 HP 36.4-GB 10K FC-AL"" ""Null""   ""Description:10 x StorageWorks 36.4GB 10K Fibre Channel\"
1585,{'Output': 'mismatch'},"{""Output"": ""mismatch""}"
1586,{'Output': 'mismatch'},"{""Output"": ""match""}"
1587,{'Output': 'mismatch'},"': \'  ""782995-001 HPE 6TB 3.5 Internal SAS 7200RPM Drive"" ""Null""   ""Description:6TB 3.5 Internal SAS 7200RPM Drive"" ""New 782995-001 Drive Wholesale Price""\', \'title\': \'782995"
1588,{'Output': 'mismatch'},"430169-002\', \'brand\': \'New 430169-002 SAS 1 Pack Wholesale \', \'sku\': \'430169002\', \'type\': \'Hard Drive - Hot-Swap\', \'description\': \'  ""Null"" ""430169-"
1589,{'Output': 'mismatch'},"\'643772-B21 HP Xeon E74830 2.13GHz BL680c G7\', \'category\': \'Null\', \'Sub-Category\': \'Intel Xeon\', \'brand\': \'HP\', \'sku\': \'643772b21\', \'type"
1590,{'Output': 'mismatch'},"\'/gtin13\': \'[65311782995001]\', \'category\': \'Computers_and_Accessories\', \'Categorie\': \'Behuizingen\', \'Merk\': \'Corsair\', \'Product\': \'Corsair Carbide 200R\', \'Uit"
1591,{'Output': 'match'},"9211\', \'Description\': \'  \""HPE Smart Array P421i/2GB 2GB Cache Controller (1024MB Flash Drive) - 631674-B21\""@en 631674-B21 ""HPE Smart Array P421i/2GB 2GB Cache Controller (1024MB Flash Drive) -"
1592,{'Output': 'mismatch'},"': \'Description: Corsair SP120 PWM High Pressure Fan 4 pin, Single Pack\', \'sku\': \'co9050013ww\', \'type\': \'Fan\', \'description_long\': \'Corsair Air Series SP120 PWM High Performance Fan 4 pin, Single Pack\', \'description_short\':"
1593,{'Output': 'match'},"Intel Pentium G4560 Kaby Lake Desktop Processor/CPU\', \'category\': \'Processor/CPU\', \'subcategory\': \'LN76888\', \'brand\': \'Intel\', \'sku\': \'BX80677G4560\', \'type\': \'1151, S,"
1594,{'Output': 'mismatch'},"10K SAS Internal Hard Drive"" ""Null""   ""Description:146GB 10K SAS Internal Hard DrivePart Number(s) HP Part# 430165-003-10Pack\', \'title\': \'430165-003 HP 146-GB 10K SAS Internal Hard Drive\', \'sku\':"
1595,{'Output': 'mismatch'},"""Description:HP 72.8-GB 10K FC-AL Hard DrivePart Number(s) 359461-001\', \'title\': \'359461-001 HP 72.8-GB 10K FC-AL Hard Drive\', \'sku\': \'359461001\', \'type"
1596,{'Output': 'mismatch'},"0524NS-5Pack Seagate 1TB 3.5 7200RPM SATA 32MB Cache Hard Drive"" New 5 Pack Wholesale Price 463636\', \'title\': \'ST31000524NS-5Pack Seagate 1TB 3.5 7200RPM SATA 32"
1597,{'Output': 'mismatch'},"': \'  ""TP-Link 24-Port Gigabit Desktop/Rackmount Switch (TL-SG1024D) - Discussies & Vragen ""@NL Tweakers""@NL\', \'description\': \'  ""TP-Link 24-Port Gigabit Desktop/Rackmount Switch (TL-SG1024D) - Discussies & V"
1598,{'Output': 'mismatch'},"{""Output"": ""mismatch""}"
1599,{'Output': 'mismatch'},"u\': \'340769001\', \'type\': \'DLT 20/40GB Internal 20GB tape drive\', \'description\': \'  ""Hewlett Packard Enterprise SP/CQ Drive DLT 20/40GB Internal 20GB tape drive"" DLT Wholesale 340769-001  """
1600,{'Output': 'mismatch'},"\': \'€ 3,95\', \'description\': \'  ""Corsair Vengeance LPX CMK32GX4M2A2666C16 - Prijzen ""@NL Tweakers""@NL\', \'title\': \'Corsair Vengeance LPX CMK32GX4M2A2666C16 - Prijzen"
1601,{'Output': 'mismatch'},"02001sc\', \'type\': \'2TB 3.5-inch (LFF) Serial ATA (SATA) 6G7.2K Hot-Plug Midline (MDL) Hard Drive in G8 G9(Gen8 Gen9) SmartDrive Carrier (SC)\', \'description\': \'  ""658102-001 HP G8"
1602,{'Output': 'match'},") 2.5-inch (SFF) Serial Attached SCSI (SAS) Solid State Drive\'}', 'Entity_2': '{\'title\': \'632429-003 HP 400-GB 6G 2.5 SAS SLC SSD\', \'category\': \'\', \'subcategory\': \'\', \'brand\': \'HP"
1603,{'Output': 'mismatch'},"o 3C 16GB\', \'category\': \'USB Flash Drives\', \'subcategory\': \'microDuo 3C\', \'brand\': \'Kingston\', \'sku\': \'DTDUO3C/16GB\', \'type\': \'USB 3.1 Gen1 Pendrive, USB 3.1 Type-"
1604,{'Output': 'mismatch'},"HardDrive\', \'Sub-Category\': \'Solid State Drive\', \'Generation\': \'SAS SSD\', \'Part Number\': \'192106-B21\', \'Products ID\': \'463164\', \'Type\': \'Solid State Drive\', \'Capacity\': \'400GB\',"
1605,{'Output': 'mismatch'},"{""Output"": ""match""}"
1606,{'Output': 'mismatch'},"\'description\': \'  ""WD10PURZ 1TB - Prijzen ""@NL Tweakers""@NL\', \'title\': \'WD10PURZ 1TB - Prijzen\', \'subcategory\': \'\', \'brand\': \'WD\', \'sku\': [\'wd10purz\', \'wd10pur"
1607,{'Output': 'match'},"\', \'description\': \'  \""co9050009ww Power Supply Unit 7V 140mm x 25mm\"" Power Supply Unit 7V 140mm x 25mm\', \'title\': \'co9050009ww Power Supply Unit 7V 140mm x 25mm\', \'subcategory"
1608,{'Output': 'mismatch'},"igabit Smart Switch PoE\', \'subcategory\': \'Black Friday 2017\', \'brand\': \'TP-LINK\', \'sku\': \'tlsg1016de\', \'type\': \'JetStream TL-SG1016DE - Conmutador - Gestionado - 16 x 10/100/10"
1609,{'Output': 'mismatch'},"4000\', \'type\': \'Desktop Hard Drive\', \'description\': \'  ""iStorage IS-DA-256-4000 256-bit 4TB Encrypted Desktop Hard Drive USB3""@en-gb  ""The iStorage diskashur DT 4TB Desktop Hard Drive is a high-performance, 256-bit enc"
1610,{'Output': 'match'},"{""Output"": ""match""}"
1611,{'Output': 'mismatch'},"\'Yes\', \'description\': \'  ""HP Proliant X710 DA Processor, Intel Xeon 5500 series, 2.13GHz, 64-bit, 2.5MB L2 Cache, 30MB L3 Cache, 6.4GT/s QuickPath Interconnect, Deca-Core, 643778-B21"
1612,{'Output': 'mismatch'},"akers"" WD10PURZ 1TB""@en \', \'title\': \'WD Purple WD10PURZ, 1TB\', \'subcategory\': \'Price\', \'brand\': \'Western Digital\', \'sku\': \'wd10purz\', \'type\': \'Hard Drive\'}', 'Entity_2':"
1613,{'Output': 'mismatch'},"{""Output"": ""mismatch""}"
1614,{'Output': 'mismatch'},"{""Output"": ""mismatch""}"
1615,{'Output': 'mismatch'},"AMD 990X AM3+ ATX DDR3 3PCI-E16 2PCI-E1 2PCI SLI SATA3 USB3.0 Motherboard\', \'subcategory\': \'\', \'brand\': \'Gigabyte\', \'sku\': \'ga990xaud3\', \'type\': \'AMD 990X"
1616,{'Output': 'mismatch'},"{""Output"": ""mismatch""}"
1617,{'Output': 'mismatch'},"', \'description\': \'  ""Corsair AF120 Performance Edition Twin Pack, 120mm"" ""Null""   ""Description:Corsair AF120 Performance Edition Twin Pack, 120mm"" ""Null""   ""Description:Corsair AF120 Performance Edition Twin Pack, 120mm"" ""Null""   ""Description:Corsair AF120 Performance"
1618,{'Output': 'mismatch'},"{""Output"": ""match""}"
1619,{'Output': 'mismatch'},"{""Output"": ""mismatch""}"
1620,{'Output': 'match'},"category\': \'Description:1.0TB Seagate Barracuda ES.2 7.2K 3.5 SATA HDD\', \'brand\': \'Seagate\', \'sku\': \'st31000640ns\', \'type\': \'Hard Drive\', \'description\': \'  ""ST3100064"
1621,{'Output': 'mismatch'},",-)\': \'€ 0,-\', \'description\': \'  ""AMD FX-4300 - Prijzen ""@NL Tweakers""@NL\', \'title\': \'AMD FX-4300 - Prijzen ""@NL Tweakers""@NL\', \'subcategory\': \'\', \'brand\': \'AMD\', \'sk"
1622,{'Output': 'match'},"€ 0,-\', \'description\': \'  ""Intel Core i7-6700 4-Core 3.4GHz LGA 1151 Processor (Boxed) - BX80662I76700""@e\'}', 'Entity_2': '{\'title\': \'Intel Core i7-6700 4-Core 3"
1623,{'Output': 'mismatch'},"{""Output"": ""mismatch""}"
1624,{'Output': 'mismatch'},"\', \'Socket :\': \'LGA1150\', \'Description :\': \'Intel i5-4460 3.2GHz 4-Core Haswell LGA1150 84W Processor\', \'title\': \'Intel i5-4460 3.2GHz 4-Core Haswell LGA1150"
1625,{'Output': 'mismatch'},"4x16GB 288-pin\', \'category\': \'\', \'subcategory\': \'\', \'brand\': \'Kingston\', \'sku\': \'HX421C14FBK4/64\', \'type\': \'DDR4-2133 CL14 SDRAM (Syn)\', \'description\"
1626,{'Output': 'mismatch'},"{\'title\': \'653078-B21 HP 200GB 6G 2.5 SAS SC SSD\', \'category\': \'Enterprise Performance\', \'subcategory\': \'\', \'brand\': \'HP\', \'sku\': \'653078b21\', \'type\': \'2."
1627,{'Output': 'mismatch'},"HP\': \'Yes\', \'description\': \'  ""500660-B21 HP 4GB (1x4GB) DDR3 DRAM DIMM 240-pin"", ""Null"" ""New 500660-B21 4GB DDR3 DIMM 240-pin Wholesale Price 500660-B"
1628,{'Output': 'match'},"FX-6300 Six-Core 3.5GHz Socket AM3+ 125W OEM Processor\', \'title\': \'AMD FX-6300 Six-Core 3.5GHz Socket AM3+ 125W OEM Processor\', \'sku\': \'ad640kokhlbox\', \'type\':"
1629,{'Output': 'match'},"31561-041 HP 512MB DDR RAM PC2700"", ""Null"" Price 331561-041"" ""New 331561-041 PC2700 Wholesale Price 331561-041""  ""\', \'description\': \'  ""331561-041"
1630,{'Output': 'mismatch'},"Hz 8-Core Processor"" Processor (YD1700BBAEBOX) PCPartPicker\', \'description\': \'  ""AMD - Ryzen 7 1700 3.0GHz 8-Core Processor"" Processor (YD1700BBAEBOX) PCPartPicker\', \'description\': \'  ""AMD - Ryzen"
1631,{'Output': 'mismatch'},"}', 'Entity_2': '{\'title\': \'Dell - Inspiron 15 3000 Laptop - Intel Core i5-5200U 2.2GHz 4GB 15.6\"" HD Touchscreen Laptop - i5522-5111BLK - Black\', \'category\': \'Computers_and_Accessories\', \"
1632,{'Output': 'mismatch'},"', \'Data Transfer Rate\': \'2GB/s\', \'Rotational Speed\': \'10000RPM\', \'description\': \'  ""359461-005 HP 72.8-GB 10K FC-AL \', \'title\': \'359461-005 HP 72.8-GB"
1633,{'Output': 'mismatch'},"', \'description\': \'  ""359557-B21 HP ProLiant BL20p G2 Blade Server"" ""Null""   ""Description:1 x HP ProLiant BL20p G2 Blade ServerPart Number(s) Hewlett-Packard Part# 359557-B21\', \'title\': \'359557-"
1634,{'Output': 'mismatch'},"Detailed)\': \'DDR4 SDRAM\', \'Speed\': \'3000MHz\', \'Voltage\': \'1.5V\', \'description\': \'  ""Corsair Vengeance LED 16GB (2x8GB) DDR4 3000MHz C15"" ""Null""   ""Description:Corsair Venge"
1635,{'Output': 'mismatch'},"\': \'Yes\', \'Form Factor\': \'3.5 inches\', \'description\': \'  \""New ST31000640NS 3.5 inches 7.2K SATA HDD\"", \""Null\"" \""New ST31000640NS 3.5 inches 7.2K SATA HDD\""  \""New ST31000"
1636,{'Output': 'mismatch'},"\'Memory Size\': \'16GB\', \'Memory Slots\': \'4\', \'Memory Speed\': \'3200MHz\', \'Form Factor\': \'Tower\', \'description\': \'  ""310590-001 HP ML370t G3 Server"" ""Null""   ""Description:ML370t G"
1637,{'Output': 'match'},".2K 3.5 3G SATA HDD\', \'category\': \'Null\', \'subcategory\': \'Description:Seagate Constellation ES 1TB Hot-Plug Serial ATA (SATA) NCQ 3.0GB/s 7200RPM 3.5-inch 32MB Hard DrivePart Number(s) Seagate Model ST"
1638,{'Output': 'mismatch'},"liant Controller\', \'Sub-Category\': \'HCA\', \'Generation\': \'DL585 G2\', \'Part Number\': \'643772-B21\', \'Products ID\': \'458110\', \'Manufacturer\': \'HP\', \'Product Type\': \'Network Adapter\', \"
1639,{'Output': 'mismatch'},"96-001\', \'Category\': \'Proliant HardDrive\', \'Sub-Category\': \'15K\', \'Generation\': \'SAS\', \'Part Number\': \'456896-001\', \'Products ID\': \'144296\', \'Capacity\': \'72GB\"
1640,{'Output': 'mismatch'},"Generation\': \'SAS NHP\', \'Part Number\': \'658071-002-10Pack\', \'Products ID\': \'455694\', \'Capacity\': \'400GB\', \'Interface\': \'Serial Attached SCSI (SAS)\', \'Enclosure\': \'Internal\', \'D"
1641,{'Output': 'mismatch'},"RAM, 2 Gigabit Ethernet LAN ports, 3 USB 3.0 ports, 1 eSATA port, 3 Year Warranty, 220 x 101 x 142mm, 2.03kg\', \'type\': \'Network Attached Storage\', \'description\': \'  ""2 Bay Netgear ReadyNas 2"
1642,{'Output': 'mismatch'},"imum Memory\': \'32GB\', \'CAS Latency\': \'14\', \'Speed\': \'2400MHz\', \'Voltage\': \'1.5V\', \'Manufacturer\': \'Corsair\', \'description\': \'  \""Corsair Vengeance LPX 32GB (4x8GB)"
1643,{'Output': 'mismatch'},"', \'description\': \'  ""359031-B21 HP BL20p G2 Blade Server\"", ""Null"" ""New 359031-B21 HP BL20p G2 Blade Server\', \'title\': \'359031-B21 HP BL20p G2 Blade Server\', \'subcategory\': \"
1644,{'Output': 'mismatch'},"'\', \'brand\': \'Seagate\', \'sku\': \'st500dm002\', \'type\': \'Hard Drive\', \'description\': \'  \""Seagate Desktop HDD 500GB 3.5\"" SATA II Serial Ata hard disk drive\"" "" Seagate Desktop HDD 500GB 3.5"
1645,{'Output': 'mismatch'},"\'Pakketpost TNT\': \'€ 3,95\', \'description\': \'  ""AMD Athlon X4 870K Boxed (met low-noise fan) AD870KXBI44JC, AD870KXBJCSBX""@en ""AMD Athlon X4 870K Boxed (met low-noise"
1646,{'Output': 'mismatch'},"2GB PC2-5300 DDR2-667 DDR2 667MHz memory module\', \'sku\': \'408851b21\', \'type\': \'Memory\', \'description_full\': \'  ""Hewlett Packard Enterprise 2GB PC2-5300 DDR2-667 DDR2"
1647,{'Output': 'mismatch'},"'Kingston 32GB PC4-19200 288-pin DDR4 SDRAM UDIMM Kit\', \'category\': \'Memory\', \'subcategory\': \'\', \'brand\': \'Kingston\', \'sku\': \'hx424c15fwk232\', \'type\': \'DDR4"
1648,{'Output': 'mismatch'},"akers\', \'subcategory\': \'\', \'brand\': \'Corsair\', \'sku\': \'CMU64GX4M4C3000C15R\', \'type\': \'Memory\', \'description\': \'  ""Corsair Vengeance LED CMU64GX4M4C3000C15R"
1649,{'Output': 'mismatch'},"HP Memory\': \'Yes\', \'description\': \'  ""301044-B21 2GB 266MHz DDR2 SDRAM Unbuffered ECC Server Memory Module (168-pin)\"" ""New 301044-B21 2GB 266MHz DDR2 SDRAM Unbuffered ECC Server Memory Module ("
1650,{'Output': 'mismatch'},"3.5-inch 32MB Hard DrivePart Number(s) ST31000340AS\', \'price\': \'""USD"", ""$1,687.83""\', \'Output\': \'match\'}', 'Entity_2': '{\'title\': \'ST31000340AS Seagate 1-TB 7.2K"
1651,{'Output': 'mismatch'},"2MB"" Price 325134-001"" ""New 325134-001 DL580R G2 Xeon (2) 2.8GHz 2MB"" ""DL580R G2 Xeon (2) 2.8GHz 2MB"" ""New 325134-001 DL580R G"
1652,{'Output': 'match'},"entijd\': \'111,0 μs\', \'Video Editing Workstation - Gemiddelde responstijd\': \'111,0 μs\', \'Video Editing Workstation - Gemiddelde doorvoersnelheid\': \'111,0 MB/s\', \'Windows 7 - Gemiddelde leestijd\': \'11,0 μ"
1653,{'Output': 'mismatch'},"160/320GB Super DLT Tape Drive"" ""Null""   ""Description:HP 160/320GB Super DLT Tape DrivePart Number:293472-B22"" '}', 'Entity_2': '{\'title\': \'HP 160/320GB Super DLT Tape Drive\', \'category\': \'HP MSL"
1654,{'Output': 'mismatch'},"\'2x16GB PC4-24000 DDR4-3000Mhz, 15-15-15-36-\', \'brand\': \'Corsair\', \'sku\': \'cmul32gx4m2c3000c15r\', \'type\': \'DDR4-3000"
1655,{'Output': 'mismatch'},"', \'subcategory\': \'\', \'brand\': \'WD\', \'sku\': \'wd1003fzex\', \'type\': \'Hard Drive\', \'description\': \'  ""Western Digital 1TB WD1003FZEX Black Hard Drive - HDD""@es ""Hard Drive"" ""Western Digital 1TB W"
1656,{'Output': 'mismatch'},"', \'description\': \'  ""Gigabyte GA-H170N-WIFI - Prijzen ""@NL Tweakers""@NL\', \'title\': \'Gigabyte GA-H170N-WIFI - Prijzen ""@NL Tweakers""@NL\', \'subcategory\': \'\', \'brand\': \'Gigabyte\', \"
1657,{'Output': 'mismatch'},"100MB/s w15MB/s DataTraveler SE9 G2 Metal Casin""@en Drive LN78759 - DTSE9G2/128GB CXH 128GB USB 3.0 Flash Drive r100MB/s w15MB/s DataTraveler SE9 G2 Metal Casin'}'}

Output: mismatch"
1658,{'Output': 'mismatch'},"\': \'Memory\'}', 'Entity_2': '{\'title\': \'Kingston KTH-ZD8000C6/2G - Prijzen ""@NL Tweakers""@NL\', \'category\': \'\', \'subcategory\': \'\', \'brand\': \'Kingston\', \'sku\': \'kthzd8000c62"
1659,{'Output': 'mismatch'},"ered ECC DIMM (1 x 2GB)\'}', 'Entity_2': '{\'title\': \'500670-B21 HP 2GB (1x2GB) PC3-10600 UDIMM\', \'category\': \'Null\', \'subcategory\': \'New 500670-B21 UDIMM 2"
1660,{'Output': 'mismatch'},",-\', \'Pakketpost (vanaf € 19,95)\': \'€ 0,-\', \'Pakketpost (vanaf € 14,95)\': \'€ 0,-\', \'Pakketpost (vanaf € 9,95)\': \'€ 0,-\', \'Pakketpost (vanaf € 4,95)\"
1661,{'Output': 'mismatch'},"4m4a2400c16]\', \'category\': \'Computer Components\', \'Size\': \'16GB (4x4GB)\', \'Memory Model\': \'Vengeance LPX Black\', \'Max. Memory Channels Provided by Kit\': \'Quad (4)\', \'Memory Type\': \'DDR4\', \'Memory"
1662,{'Output': 'mismatch'},"Socket Type\': \'LGA771\', \'Description\': \'Intel Xeon Processor 533993-B22\', \'description\': \'  ""533993-B22 Intel Xeon Processor 3.2GHz 1MB L2 Cache 1333MHz FSB 1066MHz FSB"
1663,{'Output': 'mismatch'},"'EAN\': \'04005922633547\', \'SKU\': \'mk442lla\', \'Tweakers ID\': \'361121\', \'Productprijs\': \'€ 1199,99\', \'Pakketpost\': \'€ 0,-\', \'i"
1664,{'Output': 'mismatch'},"0GB 10K Fibre Channel 40\', \'title\': \'518736-001 HP 450-GB 10K FC-AL HDD\', \'subcategory\': \'Hard Drives\', \'sku\': \'518736001\', \'type\': \'Fibre Channel\',"
1665,{'Output': 'mismatch'},"': \'8586802\', \'Description\': \'  ""Intel Core i7-7700 2.8GHz Quad Core LGA1151 115W Processor/CPU""@en Processor/CPU LN76888 - BX80677I77700 | SCAN UK\', \'title\': \'"
1666,{'Output': 'mismatch'},"3.5 DP SAS HDD"" ""Description:400GB Serial Attached SCSI (SAS) 10K 3.5-inch Dual Port Hot-Plug Hard DriveIn HPE Hot-Plug Hard Drive\', \'description\': \'  ""456896-001 HP 400-GB 10K 3.5 DP SAS HDD"
1667,{'Output': 'match'},"-001-10Pack\', \'sku\': \'508429-001-10Pack\', \'type\': \'Description:508429-001 HP 400-GB 10K 3.5 DP NHP SAS\', \'description_full\': \'  ""Null"", ""508429"
1668,{'Output': 'mismatch'},"'Categorie\': \'Motherboards\', \'Merk\': \'Gigabyte\', \'Product\': \'Gigabyte GA-Z270N-WIFI\', \'Uitvoering\': \'Gigabyte GA-Z270N-WIFI\', \'EAN\': \'047193318473"
1669,{'Output': 'mismatch'},"001\', \'type\': \'Tape Drive\', \'description_en\': \'HP 199679-001 10/20-GB Ext SCSI DLT\', \'title_en\': \'HP 199679-001 10/20-GB Ext SCSI DLT\', \'description_fr\':"
1670,{'Output': 'mismatch'},"\'type\': \'DDR3 PC3-10666C9 1333MHz Dual Channel Kit\', \'description\': \'  ""Corsair XMS3 4GB (2x2GB) DDR3 PC3-10666C9 1333MHz Dual Channel Kit (TW3X4G1333C9A)"""
1671,{'Output': 'mismatch'},"X 4100""@en ""AMD Radeon Pro WX 4100""@fr ""VGA professionnel, AMD Radeon Pro WX 4100""@de ""VGA professionell, AMD Radeon Pro WX 4100""@it ""VGA professionale, AMD Radeon Pro WX 4100""@nl ""VGA professioneel,"
1672,{'Output': 'match'},"1.75 inches\', \'description\': \'  ""4-Port 10/100/1000Base-T PCI Express Network Adapter Card - HP NC360T""@en ""4-Port 10/100/1000Base-T PCI Express Network Adapter Card - HP NC360T""@en  \', \'title\': \'4"
1673,{'Output': 'mismatch'},"': \'Oui\', \'description\': \'  ""90YA00NN-M0UA00 Yamaha AVENTAGE RX-A2020 7.1 Channel AV Receiver"" "" 7.1 (90YA00NN-M0UA00) Yamaha AVENTAGE RX-A2020 7.1 Channel AV Receiver"" ""Description:"
1674,{'Output': 'mismatch'},"': \'323146-B21\', \'Products ID\': \'1455694\', \'Capacity\': \'2GB\', \'Interface Type\': \'DIMM\', \'Memory Technology\': \'DDR2 SDRAM\', \'description\': \'  ""323146-B21 HP 2GB D"
1675,{'Output': 'mismatch'},"H0072BALWL\', \'type\': \'Hard Drive - Hot-Swap\', \'description\': \'  ""DH0072BALWL HP 72-GB 3G 15K 2.5 DP SAS HDD"" ""HP DH0072BALWL HDD Part# -DH0072BALWL""  """
1676,{'Output': 'mismatch'},"prar TP-LINK Mbps - Power\', \'description\': \'  ""TP-LINK TL-SF1008D Switch de sobremesa con 8 puertos a 10/100 Mbps"" ""Comprar TP-LINK Mbps - Power\', \'title\': \'TP-LINK TL-SF1008D Switch de sobremesa con"
1677,{'Output': 'mismatch'},"RAM 4x 36.4GB 10K Ultra320 HardDrives Part# 338974-B21\', \'description\': \'  ""338974-B21 DL760 G2 (8P) Xeon 2.5GHz 8-G"" ""Null""   ""Description: Proliant DL760G"
1678,{'Output': 'mismatch'},"', \'brand\': \'Corsair\', \'sku\': \'cm64gx4m4c3000c15r\', \'type\': \'DDR4, 3000MHz, CL15, 1.35v, XMP 2.0, Lifetime Warranty\', \'description\': \'  ""C"
1679,{'Output': 'mismatch'},"{""Output"": ""mismatch""}"
1680,{'Output': 'mismatch'},"{""Output"": ""mismatch""}"
1681,{'Output': 'mismatch'},".31A\', \'Operating System\': \'Windows® 10 Pro 64-bit\', \'Memory\': \'8GB DDR3L 1.35V SODIMM\', \'Products ID\': \'gbbace3150\', \'Product\': \'Intel NUC 10 Performance Kit NUC10i7FNH\"
1682,{'Output': 'mismatch'},"{""Output"": ""mismatch""}"
1683,{'Output': 'mismatch'},"{""Output"": ""match""}"
1684,{'Output': 'mismatch'},".5 inches x 2.5 inches x 0.5 inches\', \'Spindle Speed\': \'15000RPM\', \'External Data Transfer\': \'300MB/s\', \'Seek Time\': \'3.5ms\', \'HotSwap\': \'Yes\', \'description\': \'  ""HP 43194"
1685,{'Output': 'mismatch'},"': \'1333MHz\', \'L2 Cache\': \'12MB\', \'64-bit Processing\': \'Yes\', \'Process Technology\': \'65nm\', \'Processor Socket\': \'Socket R LGA-771\', \'Thermal Design Power\': \'80W\', \'price\': \'""C"
1686,{'Output': 'mismatch'},"\': \'4\', \'Max. Memory Bandwidth\': \'32 GB/s\', \'description\': \'  ""Intel Core i7-4790 4.00GHz (Haswell) Socket LGA1150 Processor - Retail"" ""Intel processor - BX80646I74790"" ""Description:4.00G"
1687,{'Output': 'mismatch'},"293472b22\', \'type\': \'Tape Library\'}', 'Entity_2': '{\'title\': \'293472-B22 HP MSL5026 SDLT RackMount Tape Library\', \'category\': \'HP MSL5026\', \'subcategory\': \'SDLT RackMount Tape Library\"
1688,{'Output': 'mismatch'},"0C15\', \'type\': \'Memory & Storage\', \'description\': \'  ""Corsair Vengeance White LED 64GB DDR4 3000 Memory Kit 4x 16GB"" ""Corsair Vengeance White LED 64GB DDR4 3000 Memory Kit 4x 16GB"" ""Corsair Vengeance White"
1689,{'Output': 'mismatch'},"'Uitvoering\': \'TP-Link TL-SG1000D 16-Port 10/100Mbps Switch\', \'EAN\': \'6935364020620, 99802023379, 5053460569506\', \'SKU\': \"
1690,{'Output': 'match'},"323450-001""  ""Description:Proliant 8500 Dual P3-550 Xeon 1MB 1GB\', \'description\': \'  ""HP PL 8500R (2) Xeon 550MHz 1MB 1GB"", ""Null"" 1GB Wholesale HP Price 323450"
1691,{'Output': 'mismatch'},"'category\': \'Hard Drives\', \'Categorie\': \'Hard Drives\', \'Merk\': \'HP\', \'Product\': \'HP 1TB 7200rpm SATA 6Gb/s 64MB Cache HDD - OEM (456896001)\', \'Uitvoering\': \"
1692,{'Output': 'match'},"\'category\': \'Computer Memory\', \'Categorie\': \'Geheugen intern\', \'Merk\': \'Corsair\', \'Productserie\': \'Vengeance LED\', \'Product\': \'Corsair Vengeance LED CMU32GX4M4C3000C15\', \'Uitvoering\':"
1693,{'Output': 'mismatch'},"-\': \'€ 9,95\', \'description\': \'  ""Corsair Air Series SP120 PWM Quiet Edition 120mm Twin Pack""@en CO-9050012-WW | SCAN UK""\', \'title\': \'Corsair Air Series SP120 PWM Quiet Edition 120mm Twin Pack\', \'"
1694,{'Output': 'mismatch'},"2K\', \'Generation\': \'SATA\', \'Part Number\': \'ST31000524NS\', \'Products ID\': \'458407\', \'Capacity\': \'1TB\', \'Form Factor\': \'3.5 inches x 1/3H\', \'Interface\': \'Serial ATA\"
1695,{'Output': 'mismatch'},"\'[hp653078b21]\', \'brand\': \'HP\', \'category\': \'\', \'Category\': \'Proliant Memory\', \'Sub-Category\': \'Genuine HP Memory\', \'Generation\': \'PC2-5300\', \'Part Number\': \'653078-B21"
1696,{'Output': 'match'},"\""601248-B21 Intel Xeon Processor G6 2.26GHz 800MHz 1MB 4MB 45nm 1066MHz FB-DIMM, Socket 45nm\"" "" New 601248-B21 Intel Xeon Processor G6 2.26GHz 800M"
1697,{'Output': 'mismatch'},"1, RAID 5, RAID 10\', \'description\': \'  \""359031-B21 HP Proliant BL20p G2 Blade Server 1 GB RAM 2 MB Cache 1U\""   ""New 359031-B21 Wholesale Price 359031-B21""  ""\'}', '"
1698,{'Output': 'match'},"Type (Speed)\': \'2133MHz\', \'Memory Type (Voltage)\': \'1.2V\', \'Memory Type (Timing)\': \'15-15-15\', \'Memory Type (Capacity)\': \'2666MHz\', \'Memory Type (Form Factor)\': \'DIMM\', \'Memory Type (Height)\':"
1699,{'Output': 'mismatch'},"brand\': \'HP\', \'category\': \'\', \'Manufacturer\': \'Hewlett Packard\', \'Category\': \'Hard Drive\', \'Sub-Category\': \'15K\', \'Generation\': \'SAS\', \'Part Number\': \'HP 409159-002-5Pack\', \'Product"
1700,{'Output': 'mismatch'},"{""Output"": ""match""}"
1701,{'Output': 'match'},"\'53000 IOPS\', \'description\': \'  ""MZN5E250BW Kingston 120GB M.2 2210 SSD"" ""MZN5E250BW Kingston 120GB M.2 2210 SSD"" ""MZN5E250BW Kingston 120GB"
1702,{'Output': 'mismatch'},"2': '{\'title\': \'408850-B21 HP 1GB (2x512MB) PC2-5300 SDRAM Kit\', \'category\': \'Null\', \'subcategory\': \'New 408850-B21 Kit Wholesale Price 408850-B21\', \'brand"
1703,{'Output': 'mismatch'},"0400\', \'type\': \'Hard Drive - External\', \'description\': \'  \""Seagate Expansion 1TB 2.5\"" USB 3.0 Portable Hard Drive STEA1000400\""@en-TR ""Seagate Expansion 1TB 2.5\"" USB 3.0 Portable Hard Drive STEA1000"
1704,{'Output': 'mismatch'},"Type\': \'Hard Drive - Hot-Swap\', \'Capacity\': \'359GB\', \'Interface Type\': \'Fibre Channel\', \'Spindle Speed\': \'10000RPM\', \'Ports\': \'Dual Port\', \'description\': \'  ""HP 359GB 6G 10K"
1705,{'Output': 'mismatch'},"0,-\', \'Pakketpost (vanaf € 15,-)\': \'€ 0,-\', \'Pakketpost (vanaf € 12,-)\': \'€ 0,-\', \'Pakketpost (vanaf € 11,-)\': \'€ 0,-\', \'Pakketpost (vanaf € 10,-)\': \'€"
1706,{'Output': 'mismatch'},"GB PC5300 (2x1GB) Kit\', \'description_full\': \'  ""461826-B21 HP 2GB PC5300 (2x1GB) Kit"" ""New 461826-B21 Kit Wholesale  ""Description:Genuine HPE 2GB PC5300 (2x1GB) Kit"" """
1707,{'Output': 'mismatch'},"type\': \'Motherboard\', \'description\': \'  ""Asus Prime B250M-Plus - Prijzen ""@NL Tweakers""@NL\', \'title\': \'Asus Prime B250M-Plus - Prijzen ""@NL Tweakers""@NL\', \'subcategory\': \'\', \'brand\': \'Asus\', \'"
1708,{'Output': 'mismatch'},"""HP P411 SAS Smart Array Controller"" \', \'title\': \'578229-B21 HP P411 SAS Smart Array Controller\', \'subcategory\': \'Smart Array Controllers\', \'sku\': \'578229-B21\', \'type\': \'RAID Controllers\', \'description_"
1709,{'Output': 'mismatch'},"', \'description\': \'  \""Corsair Vengeance LPX 16GB (4x4GB) DDR4 3000MHz C15 Memory Module Kit CMK16GX4M4B3000C15R\""@en-us Corsair Vengeance LPX 16GB (4x4GB) DDR4 3000MHz C"
1710,{'Output': 'mismatch'},"\': \'1752 MHz\', \'Memory Size\': \'4096MB\', \'Memory Type\': \'GDDR5\', \'Outputs\': \'3 DisplayPorts, 1 HDMI\', \'description\': \'  ""Gigabyte GeForce GTX 1060 ITX OC 4GB GDDR5 1771"
1711,{'Output': 'mismatch'},"\'2 GB\', \'Memory Technology\': \'DDR SDRAM\', \'Memory Slots\': \'4\', \'Memory Speed\': \'PC2 5300\', \'Networking Protocol\': \'Ethernet, Fast Ethernet, GB Ethernet\', \'Storage Controller RAID Level\': \'RAID 0, RAID 1"
1712,{'Output': 'mismatch'},"{""Output"": ""mismatch""}"
1713,{'Output': 'mismatch'},"'description\': \'  ""Raidsonic Icy Box IB-AC6034-U3/IB-AC6033-U3 - Prijzen ""@NL Tweakers""@NL\', \'title\': \'Raidsonic Icy Box IB-AC6034-U3/IB-AC6033-U3 - Prijzen ""@NL Tweakers"
1714,{'Output': 'mismatch'},"'3 Years\', \'description\': \'  \""CA-S340W-W1 (White) CA-S340W-B1 (Black) Full Tower ATX Mid Tower Mini ITX Server Case\"" ""Null"" ""Description:CA-S340W-W1 (White) CA-S340W-B1 (Black) Full Tower ATX Mid Tower Mini ITX Server Case\"""
1715,{'Output': 'mismatch'},"{""Output"": ""match""}"
1716,{'Output': 'mismatch'},"HDD"", ""Null"" ""HP 430169-002 Part# -430169-002-5Pack""  ""Descript\', \'title\': \'430169-002 HP 72-GB 3G 15K 2.5 DP SAS 5 Pack\', \'sku\': \'hp43"
1717,{'Output': 'mismatch'},")\', \'Form Factor\': \'3.5 inches\', \'Capacity\': \'2TB\', \'description\': \'  \""ST2000DM001 2TB SATA 6Gb/s 7200RPM 64MB Cache Hard Drive\""  \""ST2000DM001 2TB SATA 6Gb/"
1718,{'Output': 'mismatch'},"21\', \'brand\': \'HP\', \'sku\': \'691862b21\', \'type\': \'Solid State Drive\', \'description\': \'  ""691862-B21 HP G8 G9 100-GB 6G 2.5 SATA SSD"" ""Null"" Price 691"
1719,{'Output': 'mismatch'},"orsair Vengeance LPX CMK32GX4M2A2133C13 4GB DDR3 1333MHz CAS 9 Dual Channel Memory Module""   ""Description:Corsair Vengeance LPX 4GB DDR3 1333MHz CAS 9 Dual Channel Memory Module""   ""Description:Corsair Vengeance LPX 4"
1720,{'Output': 'mismatch'},"': \'712741-B21 HP Xeon E5-2609v2 2.5GHz DL360p G8\', \'subcategory\': \'Price\', \'sku\': \'712741-B21\', \'type\': \'Description:HP Intel Xeon E5-2609v2"
1721,{'Output': 'mismatch'},"Hz\', \'description\': \'  \""Intel Core i5-4460 3.2GHz Quad-Core Processor (Socket 1150)\"" ""Intel Core i5-4460 3.2GHz Quad-Core Processor (Socket 1150) - 4 Cores (8 Threads) - 3.2GHz Base Clock -"
1722,{'Output': 'mismatch'},"\'description\': \'  \""291966-B21 HP 641 SCSI PCI-X Controller\"" ""HP 291966-B21 SCSI PCI-X Controller\', \'title\': \'291966-B21 HP 641 SCSI PCI-X Controller\', \'sku\': ['\'291966"
1723,{'Output': 'match'},"', \'Hot Swap Tray\': \'Not Included\', \'Package Qty\': \'1\', \'price\': \'""$179.99"" ""USD""\', \'description\': \'  ""430165-003 HP 146-GB 10K 2.5 DP SAS HDD"" ""HP 430"
1724,{'Output': 'mismatch'},"s Class 10\', \'category\': \'\', \'subcategory\': \'\', \'brand\': \'Sandisk\', \'sku\': \'16GB SDHC UHS-I 30MB/s Class 10\', \'type\': \'SDHC UHS-I Class 10\', \'description\': \'  ""Sandisk"
1725,{'Output': 'mismatch'},"\', \'Interface\': \'Serial ATA\', \'Data Transfer Rate\': \'300MB/s\', \'Spindle Speed\': \'5400RPM\', \'Cache\': \'16MB\', \'description\': \'  ""HP 431786-B21 5.4K 2.5 SATA Hot-Pl"
1726,{'Output': 'mismatch'},"7700\', \'description\': \'  \""Intel Core i7-7700 Quad Core 3.4GHz Processor (Socket 1151) - Retail \""@en Socket 1151 |', \'title\': \'Intel Core i7-7700 Quad Core 3.4GHz Processor (Socket 1151) -"
1727,{'Output': 'mismatch'},"', \'Manufacturer\': \'Seagate\', \'description\': \'  ""ST3750330NS 750GB 15K 3.5-inch SATA Hard Drive"" ""Null""   ""Description:2 x 750GB 15K 3.5-inch SATA Hard Drive"" ""New 2 x 750GB 15K"
1728,{'Output': 'mismatch'},"{""Output"": ""match""}"
1729,{'Output': 'mismatch'},"'title\': \'ST1000NM0033 Seagate 1-TB 7.2K 3.5 6G SP SATA\', \'sku\': \'st1000nm0033\', \'type\': \'Hard Drive\', \'description\': \'  ""ST1000NM0033 Seagate 1"
1730,{'Output': 'mismatch'},"', \'type\': \'Server Processor\'}', 'Entity_2': '{\'title\': \'Intel Xeon E5506 2.13GHz 4-Core 80W Processor\', \'category\': \'Processors > Unboxed / OEM\', \'subcategory\': \'Description: Intel Xeon E5506 2.1"
1731,{'Output': 'match'},"'sku\': \'cmz16gx3m2a1866c10\', \'type\': \'Desktop Memory\', \'Part Number\': \'Corsair Vengeance Performance 16GB (2x8GB) DDR3 1866 MHz CAS 10-11-10-30 Dual Channel Desktop Memory Kit CMZ"
1732,{'Output': 'mismatch'},"line 500GB 3.5-inch (LFF) Serial ATA(SATA) 6G 7.2K Hot-Plug Midline (MDL) Hard Drive in G9(Gen8 SmartDrive Carrier (SC)\', \'category\': \'\', \'subcategory\': \'\', \'brand\': \'HP\', \'sku\': \'658"
1733,{'Output': 'mismatch'},"'Netwerk switches\', \'Merk\': \'Western Digital\', \'Product\': \'Western Digital WDS120G1G0A\', \'Uitvoering\': \'Western Digital WDS120G1G0A\', \'EAN\': \'718037852959\', \'SKU\': \"
1734,{'Output': 'mismatch'},"Entity_1': '{\'title\': \'Corsair Vengeance LPX 16GB (2x8GB) DDR4 3200MHz\', \'category\': \'Computer Memory\', \'subcategory\': \'DDR4 Memory\', \'brand\': \'Corsair\', \'sku\': \'CMK16GX4M"
1735,{'Output': 'mismatch'},"95\', \'Pakketpost (vanaf € 29,-)\': \'€ 0,-', \'iDeal\': \'€ 0,-', \'Totaal\': \'€ 319,95\', \'Pakketpost Nederland\': \'€ 0,-', \'Pakketpost tot 1 kg\': \'€ 2,95"
1736,{'Output': 'mismatch'},"{""Output"": ""mismatch""}"
1737,{'Output': 'mismatch'},"\'€ 29,99\', \'Pakketpost Nederland vanaf € 25,-\': \'€ 0,-\', \'iDeal\': \'€ 0,-\', \'Totaal\': \'€ 29,99\', \'Pakketpost\': \'€ 3,95\', \'Pakketpost vanaf\':"
1738,{'Output': 'mismatch'},"', \'description\': \'  \""AMD FX-8350 4.0GHz 8-Core Black Edition Socket AM3+ Processor FD8350FRHKBOX\""@en ""▷ AMD FX-8350 4.0GHz 8-Core Black Edition Socket AM3+ Processor""@en \', \'title\': \'AMD"
1739,{'Output': 'mismatch'},"15K 3.5 SP Hard Drive"" ""New 432094-B21 15K 3.5 SP SAS 5 Pack Whol""', \'title\': \'432094-B21 HP 146-GB 15K 3.5 SP SAS\', \'subcategory\': \'Price\', \'sku\':"
1740,{'Output': 'mismatch'},"GB) PC3-10600 UDIMM\', \'category\': \'HP\', \'subcategory\': \'2GB 1333MHz UDIMM\', \'brand\': \'Genuine HPE\', \'sku\': \'500670b21\', \'type\': \'Memory\', \'description\': \"
1741,{'Output': 'mismatch'},"': \'€ 4,95\', \'description\': \'  ""Intel Core i7-6700 3.4GHz Quad-Core Processor (BX80662I76700) - Tweakers.net""@en  ""\'}', 'Entity_2': '{\'title\': \'Intel Core i7-6700 3."
1742,{'Output': 'mismatch'},"Logo\': \'Yes\', \'description\': \'  \""XTA-3510-73GB-10K Sun 73GB 10K Fibre Channel Hard Drive\"" \""Null\"" Description:Sun 73GB 10K Fibre Channel Hard Drive\', \'title\': \'XTA-3510-73GB-10K Sun 7"
1743,{'Output': 'mismatch'},"{""Output"": ""mismatch""}"
1744,{'Output': 'mismatch'},"""Crucial BX200 240GB SSD SATA 6Gbps Solid State Drive (CT240BX200SSD1)""@es  ""Disco Solido SSD, 2.5 7mm SATA 6Gbps, 240GB, controladora Marvell 88SS1074, memoria flash 16nm Mic"
1745,{'Output': 'match'},"90035pack\', \'type\': \'SAS SSD\'}', 'Entity_2': '{\'title\': \'632429-003 HP G8 G9 400-GB 6G 2.5 SAS SLC SSD\', \'category\': \'Null\', \'subcategory\': \'Price\', \'brand\':"
1746,{'Output': 'mismatch'},"{""Output"": ""mismatch""}"
1747,{'Output': 'match'},"': \'Sandisk Ultra USB 3.0\', \'Uitvoering\': \'Boxed\', \'EAN\': \'0619659102173, 0619659145866, 0619659145866, 0619659145866,"
1748,{'Output': 'mismatch'},"', \'description\': \'  ""DG0146FAMWL HP 146GB SAS 10K Hot-Swap DriveIn HPE Drive tray (as pictured)Genuine serial number and firmware"" ""Null""   ""Description:146GB SAS 10K Hot-Swap DriveIn HPE Drive tray (as pictured)Genuine serial number and firmware"""
1749,{'Output': 'mismatch'},"54\', \'Manufacturer\': \'Sony\', \'Model\': \'TSG-E3150\', \'description\': \'  \""Sony TSG-E3150 Battery Charger\""@en-US \""Batteries | 53-003682\""@en-US ""Sony TSG-E3150 Battery"
1750,{'Output': 'mismatch'},"{""Output"": ""mismatch""}"
1751,{'Output': 'mismatch'},"\']\', \'type\': \'Hard Drive - 10K RPM\', \'description_full\': \'  ""456896-001 HP 400-GB 10K 3.5 DP SAS 2 Pack "" ""HP 456896-001 Part# -456896-001-2Pack"""
1752,{'Output': 'match'},"{""Manufacturer"": ""HP""}"
1753,{'Output': 'mismatch'},"2\', \'description\': \'  \""Intel Core i5-7500 4-Core 3.4GHz LGA1151 65W Processor BX80677I57500\"", ""Null"" ""Intel Core i5-7500 4-Core 3.4GHz LGA1151 65W Processor"""
1754,{'Output': 'match'},"600 (3200MHz) Memory Kit - Black\', \'category\': \'Memory/RAM\', \'subcategory\': \'Memory/RAM\', \'brand\': \'Corsair\', \'sku\': \'csrve3016\', \'type\': \'Memory Kit\', \'description\': \'  ""Corsair"
1755,{'Output': 'mismatch'},"{""Output"": ""mismatch""}"
1756,{'Output': 'mismatch'},"\', \'category\': \'Hard Drive\', \'subcategory\': \'10K\', \'brand\': \'HP\', \'sku\': \'456896001\', \'type\': \'Hard Drive\', \'description\': \'  ""456896-001 HP 400-GB 10K"
1757,{'Output': 'mismatch'},"': \'452122\', \'Description\': \'  ""HP 658071-B21 7.2K 3.5 SATA 750GB 15000RPM 8.5ms 32MB Cache 3.5 inches x 1/3H (Internal) 15000RPM 8.5ms 32"
1758,{'Output': 'mismatch'},"'category\': \'Null\', \'Category\': \'Proliant HardDrive\', \'Sub-Category\': \'15K\', \'Generation\': \'SAS\', \'Part Number\': \'518736-001\', \'Products ID\': \'1458226\', \'Capacity\': \'14"
1759,{'Output': 'mismatch'},"512 Controller - storage controller (RAID) SATA 1.5Gb/s / SAS PCI-X/133 MHz \', \'description\': \'  "" HP Smart Array P600/512 Controller - storage controller (RAID) SATA 1.5Gb/s / SAS PCI-X/133 MHz \', \'title\': \'HP Smart"
1760,{'Output': 'mismatch'},"', \'Part Number\': \'417190002\', \'Products ID\': \'463270\', \'Type\': \'Hard Drive - Hot-Swap\', \'Capacity\': \'146GB\', \'Interface Type\': \'Serial Attached SCSI\', \'Spindle Speed\': \'15000"
1761,{'Output': 'mismatch'},"G9 400-GB 6G 2.5 SAS SLC SSD\', \'subcategory\': \'Description:10 x 400GB Serial Attached SCSI (SAS) 6G 2.5-inch SLC SSDIn HPE Drive tray (as pictured)For G8 G9 Proliant SAS Serve\', \'sku\': \'6"
1762,{'Output': 'mismatch'},"677MHz\', \'description\': \'  ""432803-B21 HP 512MB 677MHz Unbuffered DDR RAM"", ""Null"" Price 432803-B21""  ""\'}', 'Entity_2': '{\'title\': \'432803-B21 HP 512MB 6"
1763,{'Output': 'mismatch'},"\': \'[100-11111111]\', \'brand\': \'Corsair\', \'category\': \'Memory\', \'Category\': \'Memory\', \'Sub-Category\': \'Corsair ValueSelect\', \'Generation\': \'DDR3\', \'Part Number\': \'100-11111"
1764,{'Output': 'match'},"': \'[508429001]\', \'brand\': \'Cisco\', \'category\': \'Cisco\', \'Sub-Category\': \'Cisco\', \'Part Number\': \'508429-001\', \'Products ID\': \'111111\', \'description\': \'  """
1765,{'Output': 'mismatch'},"'144174\', \'Type\': \'Hard Drive - Internal\', \'Form Factor\': \'3.5 inches x 1/3H\', \'Capacity\': \'400GB\', \'Interface Type\': \'Serial ATA - 150\', \'Spindle Speed\': \'15000RPM\', \'Buffer"
1766,{'Output': 'mismatch'},"\', \'Productserie\': \'Core i7\', \'Product\': \'Intel Core i7 3770K\', \'Uitvoering\': \'Boxed\', \'EAN\': \'0032037036146, 0675900010093, 067590001"
1767,{'Output': 'match'},"{""Output"": ""match""}"
1768,{'Output': 'mismatch'},"{""Output"": ""mismatch""}"
1769,{'Output': 'match'},"1': '{\'/mpn\': \'[431943003]\', \'brand\': \'HP\', \'category\': \'Null\', \'Manufacturer\': \'Hewlett Packard\', \'Category\': \'Hard Drive\', \'Sub-Category\': \'15K\', \'Generation\': \'SAS\',"
1770,{'Output': 'mismatch'},"00E-9 1333MHz DIMM 2GB (1 x 2GB) Dual Rank Unbuffered ECC DIMM\', \'Memory Type\': \'Unbuffered ECC DIMM\', \'Memory Package\': \'DIMM\', \'Voltage\': \'1.5V\', \'Form Factor\': \'Memory Module Kit\"
1771,{'Output': 'mismatch'},"{""Output"": ""match""}"
1772,{'Output': 'mismatch'},"\'Pakketpost (vanaf € 50,-)\': \'€ 0,-\', \'Pakketpost (vanaf € 100,-)\': \'€ 0,-\', \'Pakketpost (vanaf € 250,-)\': \'€ 0,-\', \'Pakketpost (vanaf € 500,-)\': \'€ 0"
1773,{'Output': 'mismatch'},M : 1GB : 2 x 2GB : 2GB : 4GB : 4 x 1GB : 8GB : 8 x 1GB : 16GB : 16 x 1GB : 32GB : 32 x 1GB : 64GB : 64 x 1GB : 128GB : 128 x 1GB : 25
1774,{'Output': 'match'},"\'], \'type\': \'Description:HP 146GB 15K 3.5-inch Single Port Hot-Plug Hard Drive in 15K\'}', 'Entity_2': '{\'title\': \'432094-B21 HP 146-GB 15K 3.5 SP SAS HDD\', \'category\': \'Null"
1775,{'Output': 'mismatch'},"GB 5.4K 2.5 SATA 5 Pack\', \'sku\': \'hp431786b21\', \'type\': \'Hard Drive\', \'description_full\': \'  ""431786-B21 HP 120-GB 5.4K 2.5 SATA 5 Pack "" ""HP 43"
1776,{'Output': 'mismatch'},"\'description\': \'  \""Corsair Vengeance LPX 16GB (2x8GB) DDR4 PC4-21300C16 2666MHz Dual Channel Kit - Black (CMK16GX4M2A26)\""@en 2x8GB LN69133 - CMK16GX4M2A26"
1777,{'Output': 'mismatch'},"'{\'title\': \'500668-B21 HP 1GB (1x1GB) PC3-10600 UDIMM\', \'category\': \'Genuine HPE\', \'subcategory\': \'1GB (1x1GB) PC3-10600 UnbufferedCAS-9 Single Rank x 8 Memory Kit\', \"
1778,{'Output': 'mismatch'},"Full Height\', \'description\': \'  ""242469-001 HP 15GB DLT Full Height SCSI Tape Drive"" ""New 242469-001 SCSI Tape Drive"" Price 242469-001-1Pack"" ""New 242469-001 SCSI Tape Drive"" \',"
1779,{'Output': 'mismatch'},"', \'type\': \'Memory\', \'description\': \'  ""359623-B21 HP BL20p G2 X2.8GHz/1MB 512MB""   ""Description: HP Proliant BL20p G2 Server Xeon 2.8GHz/1MB 1P 512MB Memory M1 HP Part#359"
1780,{'Output': 'mismatch'},"'Server Memory\', \'description\': \'  ""Crucial - DDR4 4 GB DIMM 288-pin"" "" Crucial 288-pin CT4G4RFS8213 Server Memory CDW.com  ""More specifications and details can be found on the product page.""   ""Crucial 288-pin CT4G4RFS8213 Server"
1781,{'Output': 'mismatch'},"K 3.5 DP SAS HDD\', \'sku\': \'456896001\', \'type\': \'Description:400GB 3.5-inch 10K 3.5 DP SAS HDD\', \'description_en\': \'  ""456896-001 HP 400-GB"
1782,{'Output': 'mismatch'},"6800K Broadwell Extreme Unlocked CPU/Processor - Retail ""@en CPU/Processor\', \'subcategory\': \'Core i7\', \'brand\': \'Intel\', \'sku\': \'bx80671i76800k\', \'type\': \'CPU/Processor\'}', 'Entity_2': '{\'title\':"
1783,{'Output': 'mismatch'},"'Hard Drive\', \'Sub-Category\': \'7.2K\', \'Generation\': \'SATA\', \'Part Number\': \'ST31000524NS\', \'Products ID\': \'1458408\', \'Hot Swap Tray\': \'Not Included\', \'Capacity\': \'1TB\"
1784,{'Output': 'match'},"': '{\'/sku\': \'[431943003]\', \'/mpn\': \'[431943003]\', \'brand\': \'HP\', \'category\': \'Null\', \'Category\': \'Proliant HardDrive\', \'Sub-Category\': \'15K\', \'Generation"
1785,{'Output': 'mismatch'},"\'Category\': \'Proliant Memory\', \'Sub-Category\': \'Genuine HP Memory\', \'Generation\': \'1GB\', \'Part Number\': \'431786-B21\', \'Products ID\': \'142767\', \'Storage Capacity\': \'1GB ( 2 x 512"
1786,{'Output': 'mismatch'},"': \'HP\', \'category\': \'Hard Drive\', \'Manufacturer\': \'Hewlett Packard\', \'Category\': \'Hard Drive\', \'Sub-Category\': \'10K\', \'Generation\': \'SAS\', \'Part Number\': \'HP 190198374394\', \'Product"
1787,{'Output': 'mismatch'},"seur\': \'4\', \'Description\': \'  \""AMD - A10-7850K Radeon R7 Graphics 3.7GHz Quad-Core Processor\"" Processor (AD870KXBJCSBX) PCPartPicker\""', \'title\': \'AMD - A10-7850K Radeon R7 Graph"
1788,{'Output': 'mismatch'},"', \'category\': \'Null\', \'subcategory\': \'Price\', \'brand\': \'HP\', \'sku\': \'DG0300FARVV\', \'type\': \'Description:300GB 2.5-inch Serial Attached SCSI (SAS) SFF 6G Dual Port Hot-Plug 10K"
1789,{'Output': 'mismatch'},"0-001"" HP PL 8500R (2) Xeon 550MHz 1MB 1GB Blade\', \'title\': \'323450-001 HP PL 8500R (2) Xeon 550MHz 1MB 1GB Blade\', \'subcategory\': \'Price\', \'"
1790,{'Output': 'mismatch'},"air\', \'category\': \'Memoria RAM\', \'Memory Type\': \'DDR3 (PC3-12800)\', \'Capacity\': \'16GB (2 x 8GB)\', \'Tested Speed\': \'1600MHz\', \'Tested Latency\': \'10-10-10-27\', \"
1791,{'Output': 'mismatch'},"0,-\', \'Pakketpost tot € 100,-\': \'€ 0,-\', \'Pakketpost tot € 250,-\': \'€ 0,-\', \'Pakketpost tot € 500,-\': \'€ 0,-\', \'description\': \'  ""Intel Core i3-6300 3.5"
1792,{'Output': 'match'},"price\': \'""$1199.00"", ""USD""\', \'description\': \'  ""338974-B21 Proliant DL760 7U Rack Server 8x Intel Xeon 2.5GHz Processor 1MB Cache 8GB 133MHz ECC SDRAM Memory Smart Array 5i Controller Integrated HP NC7"
1793,{'Output': 'mismatch'},"1]\', \'/mpn\': \'[631661]\', \'brand\': \'HP\', \'category\': \'Null\', \'Category\': \'Proliant Memory\', \'Sub-Category\': \'4GB\', \'Generation\': \'DDR3\', \'Part Number\': \'631661\', \"
1794,{'Output': 'mismatch'},"3.5 SATA\', \'category\': \'New\', \'subcategory\': \'Seagate HardDrive\', \'brand\': \'Seagate\', \'sku\': \'ST31000524NS\', \'type\': \'7.2K 1TB 3.5 SATA Hard Drive\', \'description\': \"
1795,{'Output': 'mismatch'},"brand\': \'Seagate\', \'sku\': \'st3750330ns\', \'type\': \'Hard Drive\', \'description\': \'  ""ST3750330NS Seagate 750-GB 15K 3.5 3G SATA HDD"" ""Null""   ""Description:2 x Seagate Barr"
1796,{'Output': 'match'},"3750330NS)\', \'category\': \'\', \'subcategory\': \'\', \'brand\': \'Seagate\', \'sku\': \'st3750330ns\', \'type\': \'Hard Drive\', \'description\': \'  ""Seagate Barracuda ES.2 750GB SATA-II"
1797,{'Output': 'match'},"ederborden\', \'Merk\': \'Asus\', \'Productserie\': \'ROG\', \'Product\': \'Asus ROG Rampage Formula 990FX Extreme4\', \'Uitvoering\': \'Asus ROG Rampage Formula 990FX Extreme4\', \'EAN\': \'047176"
1798,{'Output': 'match'},", USB 3.0, M.2, ATX\', \'description_nl\': \'  ""ASUS Prime H270 PRO Kaby Lake CrossFire ATX Moederbord\', \'description_de\': \'  ""ASUS Prime H270 PRO Kaby Lake CrossFire ATX Mainboard\', \'description_fr\': \'  ""ASUS Prime H270 PRO"
1799,{'Output': 'mismatch'},"1': '{\'/mpn\': \'[co9050004ww]\', \'category\': \'Computers\', \'description\': \'  \""Corsair Air Series AF120 Performance Edition High Airflow 120mm Fan Twin Pack ""@en | CO-9050004-W\', \'title\': \'Corsair Air Series"
1800,{'Output': 'mismatch'},"9,99\', \'description\': \'  ""Asus ROG Strix Z270G GAMING  LGA1151 Intel Z270 Socket Motherboard"" ""Null""   ""Description:Asus ROG Strix Z270G GAMING LGA1151 Intel Z270 Socket Motherboard"" \', \'title\': \'Asus ROG"
1801,{'Output': 'mismatch'},"Ports\': \'Dual Port\', \'price\': \'""CAD"", ""$1100.00 CAD""\', \'description\': \'  ""430165-003 HP 146-GB 10K 2.5 DP SAS HDD"", ""Null"" Price 430165-003"" ""New 430"
1802,{'Output': 'mismatch'},",00\', \'Verkoopprijs\': \'€ 69,95\', \'Omschrijving\': \'  \""ST3500630NS 500GB\"", ""Null"" ""New ST3500630NS 500GB"" ""Description:500GB 2.5-inch Serial ATA (SATA) 6G"
1803,{'Output': 'mismatch'},"el HD 530)\': \'3840 x 2160\', \'description\': \'  \""I5 6400 4-Core 2.7GHz LGA1151 Intel Skylake Processor\""@en Processor LN58322 | SCAN UK""@en  ""Intel Core i5 6400 4-Core"
1804,{'Output': 'mismatch'},"'category\': \'New 782995-001 HDD Wholesale Price 782995-001\', \'Category\': \'Proliant HardDrive\', \'Sub-Category\': \'7.2K\', \'Generation\': \'SAS\', \'Part Number\': \'782995-001"
1805,{'Output': 'mismatch'},"P G2 Xeon 3.2GHz 1GB (2P"" ""Descrip\', \'price\': \'""USD"", ""$1299.95""\', \'description\': \'  ""345021-B21 BL20P G2 Xeon 3.2GHz 1GB (2P"" ""Descrip\', \'title\"
1806,{'Output': 'mismatch'},"sku\': \'FD8320FRHKBOX\', \'type\': \'Processor\', \'description\': \'  ""AMD FX-8320 3.5GHz 16MB Cache AM3+""@en Processor\', \'description\': \'  ""AMD FX-8320 3.5GHz 16MB Cache AM3"
1807,{'Output': 'mismatch'},"308724-001-5Pack""  ""Description:Proliant DL360R G3 Xeon 2.8GHz 512MB Server\', \'title\': \'308724-001 DL360R G3 Xeon 2.8GHz 512MB Server\', \'sku\': \'30"
1808,{'Output': 'mismatch'},"G6(2.13GHz/4-core/4MB/80W)Full Processor Option KitPart Number(s)Option Part# 492131-B21\', \'price\': \'""CAD""\', \'description\': \'  ""492131-B21 HP Xeon E5506 2.13GHz DL38"
1809,{'Output': 'mismatch'},"0146FAMWL HP 146-GB 6G 10K 2.5 DP SAS HDD\', \'subcategory\': \'\', \'sku\': \'dg0146famwl\', \'type\': \'146GB 2.5-inch Serial Attached SCSI (SAS) 6G 10K Hot-"
1810,{'Output': 'mismatch'},"Price\', \'brand\': \'3R\', \'sku\': \'3R-A3851-AA-5Pack\', \'type\': \'New 3R-A3851-AA 5 Pack Wholesale\', \'description\': \'  ""3R-A3851-AA HP 72.8-GB U320 SC"
1811,{'Output': 'match'},"Hard Drive\', \'description\': \'  ""431786-B21 HP 120-GB 5.4K 2.5 SATA"", ""Null"" ""New 431786-B21 SATA 10 Pack Wholesale Price 431786-B21-10Pack""  ""Description:5 x HPE 120"
1812,{'Output': 'match'},"3 SDRAM 16MB\', \'title\': \'INFINEON 127005-031 ACD 256MB 168p PC133 SDRAM 16MB\', \'sku\': \'127005031\', \'type\': \'Description:Genuine HPE 256MB F"
1813,{'Output': 'match'},"ached SCSI (SAS) SFF3G Dual Port Hot-Plug 15K Hard Disk Drive\', \'description\': \'  ""430169-002 HP 72-GB 3G 15K 2.5 DP SAS 5 Pack "" ""Description:2 x 72GB 2.5-inch Serial Attached SCSI (SAS)"
1814,{'Output': 'mismatch'},"ST1000DM003) 1-TB 7200RPM 3.5 6G SATA HDD\', \'title\': \'ST1000DM003 Seagate 1-TB 7.2K 3.5 6G SATA HDD\', \'sku\': \'st1000dm003\',"
1815,{'Output': 'mismatch'},"'7200 rpm\', \'Cache\': \'16MB\', \'description\': \'  ""Seagate 1TB SATA 3.5 inches x 1/3H Desktop Hard Drive ST31000340AS""  ""Null"" Drive Wholesale ST31000340AS Price ST31000340AS"""
1816,{'Output': 'mismatch'},"category\': \'Null\', \'subcategory\': \'Description:300GB 2.5-inch 3G 10K 2.5 DP SAS\', \'brand\': \'New DG0300BAHZQ SAS 1 Pack Wholesale \', \'sku\': \'dg0300bahzq\', \'type"
1817,{'Output': 'match'},"\'[457424hp]\', \'/sku\': \'[hp512743001]\', \'/mpn\': \'[512743001]\', \'brand\': \'HP\', \'category\': \'Null\', \'Manufacturer\': \'HP\', \'Category\': \'Hard Drive"
1818,{'Output': 'mismatch'},"6MB Cache 4-Core Processor 3M Cache 3.3 GHz Intel Core i5 6600 65W\', \'category\': \'Intel processor\', \'subcategory\': \'Intel Core i5 6600\', \'brand\': \'Intel\', \'processorNumber\': \'I5 6600\', \"
1819,{'Output': 'mismatch'},"{""Output"": ""mismatch""}"
1820,{'Output': 'mismatch'},"arranty\': \'Yes\', \'description\': \'  ""BD1465822C-2Pack HP 146.8GB 10K Fibre Channel Hard Drive Hot-Swap"" ""New BD1465822C-2Pack HP 146.8GB 10K Fibre Channel Hard Drive Hot-Swap""  ""Description:"
1821,{'Output': 'match'},"5B28 HP 36.4-GB 10K FC-AL""   ""Description:HP 36.4-GB 10K FC-AL Hot-Swap Hard DrivePart Number(s) Option Part# 238590-B21 HP 36.4-GB 10K FC-AL Hot-Swap Hard Drive""', \'title\': \'BD0"
1822,{'Output': 'mismatch'},"': \'€ 4,99\', \'description\': \'  \""TP-Link TL-SF1008D-8-Port 10/100Mbps Desktop Switch\""@en 8-Port 10/100Mbps Desktop Switch\', \'title\': \'TP-Link TL-SF1008D-8-Port 10/"
1823,{'Output': 'mismatch'},"{""Output"": ""mismatch""}"
1824,{'Output': 'mismatch'},",10\', \'description\': \'  \""Kingston DTSE9G2/128GB CXH 128GB USB 3.0 Flash Drive r100MB/s w15MB/s DataTraveler SE9 G2 Metal C\"", \'title\': \'Kingston DTSE9G2/128GB CXH 128GB USB 3."
1825,{'Output': 'mismatch'},"Supplies\', \'Category\': \'Printer Parts & Supplies\', \'Sub-Category\': \'Memory\', \'Generation\': \'DDR3\', \'Part Number\': \'CT102464BF160B\', \'Products ID\': \'456817\', \'Type\': \'Memory Module\', \'"
1826,{'Output': 'mismatch'},"\'Memory Slots\': \'4\', \'Memory Type\': \'DDR SDRAM\', \'Memory Speed\': \'PC2100\', \'Memory Voltage\': \'1.5V\', \'Memory Interface\': \'32-bit\', \'Memory Slots Filled\': \'1/4\', \'description\': \'"
1827,{'Output': 'mismatch'},"6G EL SSD\', \'subcategory\': \'\', \'sku\': \'756601-B21\', \'type\': \'2.5-inch (SFF) SATA 6Gb/s Enterprise-Grade SSD\', \'description\': \'  ""756601-B21 HP G8 G9 960"
1828,{'Output': 'mismatch'},"serie\': \'MasterBox\', \'Product\': \'Cooler Master MasterBox Q300L\', \'Uitvoering\': \'Cooler Master MasterBox Q300L\', \'EAN\': \'4719512045176\', \'SKU\': \'Q300L\', \'Tweakers ID"
1829,{'Output': 'mismatch'},"{""Output"": ""match""}"
1830,{'Output': 'mismatch'},"{""Output"": ""mismatch""}"
1831,{'Output': 'match'},"0,-', \'iDeal\': \'€ 0,-', \'Totaal\': \'€ 82,95\', \'Pakketpost\': \'€ 0,-', \'Pakketpost DPD\': \'€ 4,95\', \'Opsturen\': \'€ 0,-', \'Pakketpost tot \u20"
1832,{'Output': 'mismatch'},"': \'HP DG41200A\', \'description\': \'  ""456896-001-10Pack HP 400-GB 3G 10K 2.5 DP SAS HDD in HP DG41200A Enclosure"" ""Null"" Price 456896-001-10Pack"" ""New"
1833,{'Output': 'match'},"{""Output"": ""match""}"
1834,{'Output': 'mismatch'},"50009-WW\', \'type\': \'140mm Quiet Edition Fan\', \'price\': \'""USD"", ""$24.99""\'}', 'Entity_2': '{\'title\': \'Corsair Air Series AF140 Quiet Edition - case fan\', \'category\': \'Computers\', \'subcategory\': \'F"
1835,{'Output': 'mismatch'},"'Desktop Workload - Gemiddelde schrijftijd\': \'124,0 μs\', \'Desktop Workload - Gemiddelde opentijd\': \'124,0 μs\', \'Desktop Workload - Gemiddelde responstijd\': \'124,0 μs\', \'Iometer - Gemiddelde leestijd\': \'"
1836,{'Output': 'mismatch'},"-PB\', \'brand\': \'PNY\', \'sku\': \'vcqk1200dppb\', \'type\': \'PNY Quadro K1200 NVIDIA 4GB Low Profile DP Workstation Graphics Card\', \'description\': \'  ""PNY Quadro K1200 NVIDIA 4GB Low Profile"
1837,{'Output': 'match'},"Support\', \'description\': \'  ""Corsair - Vengeance LPX 16GB (2 x 8GB) DDR4 3000MHz"" ""CSR3016P 16GB (2 x 8GB) DDR4 3000MHz""  ""Description:Corsair Vengeance LPX 16GB (2 x 8GB)"
1838,{'Output': 'mismatch'},"{""Output"": ""match""}"
1839,{'Output': 'mismatch'},"F-1100D Wide-Format Printer"", ""Null"" ""New Epson WorkForce WF-1100D Wide-Format Printer"" ""New Epson WorkForce WF-1100D Wide-Format Printer""\'}', 'Entity_2': '{\'title\': \'Epson WorkForce WF-1100D Wide-Format Printer\', \'"
1840,{'Output': 'mismatch'},"Processor\', \'Sub-Category\': \'Intel Xeon\', \'Generation\': \'G7\', \'Part Number\': \'458418-B21\', \'Products ID\': \'458155\', \'Product Type\': \'Processor\', \'Processor Type\': \'Intel Xeon\', \'"
1841,{'Output': 'match'},"200MHz DDR PC1600 ECC Registered\', \'sku\': \'249674-001\', \'type\': \'New 249674-001 EC Wholesale\', \'subcategory\': \'Price 249674-001\', \'memory_size\': \'25"
1842,{'Output': 'mismatch'},"': \'487364-001\', \'Products ID\': \'455535\', \'Product Type\': \'Memory Module\', \'Memory Type\': \'RAM\', \'Memory Type (ECC)\': \'ECC\', \'Memory Type (R/U)\': \'Registered\', \'Memory Size\': \'8"
1843,{'Output': 'mismatch'},"Core Processor\', \'subcategory\': \'Processors\', \'sku\': \'ili36300\', \'type\': \'Intel Core i3-6300 3.8GHz Dual-Core Processor\', \'price\': \'""CAD"", ""$149.99 CAD""\', \'formfactor\': \'Socket H3"
1844,{'Output': 'mismatch'},"""@NL\', \'category\': \'\', \'subcategory\': \'\', \'brand\': \'WD\', \'sku\': \'wd20purz\', \'type\': \'Hard Drive\', \'description\': \'  ""WD Purple WD20PURZ, 2TB - Prijzen ""@NL Tweakers""@NL"""
1845,{'Output': 'mismatch'},"{""Output"": ""match""}"
1846,{'Output': 'mismatch'},"BX80677I57500) Processor - Retail\', \'category\': \'Processors\', \'subcategory\': \'Intel Processors\', \'brand\': \'Intel\', \'sku\': \'bx80677i57500\', \'type\': \'Desktop Processor\', \'description"
1847,{'Output': 'mismatch'},"Drive\': \'CD-ROM Drive\', \'description\': \'  ""338974-B21 HP DL760 G2 Server 8x Intel Xeon 2.5GHz Processor 1MB Cache 8GB 133MHz ECC SDRAM Memory Smart Array 5i Controller Integrated HP NC7170 Dual-Port PCI-X 10"
1848,{'Output': 'mismatch'},"/HDD to USB 3.0 Adapter with Aluminium Box | IB-AC6034-U3 Novatech""@en ""  ""Description:2.5inch SATA SSD/HDD to USB 3.0 Adapter with Aluminium Box | IB-AC6034-U3 Novatech""@en ""  ""Description:2.5inch SATA SSD/H"
1849,{'Output': 'mismatch'},"D A6-7400K Boxed Processor\', \'title\': \'AMD A6-7400K Boxed Processor\', \'subcategory\': \'Boxed Processors\', \'brand\': \'AMD\', \'sku\': \'ad740kybjabox\', \'type\': \'Boxed Processor\'}',"
1850,{'Output': 'mismatch'},"': \'345020b21\', \'type\': \'BL20P G2 Xeon 3.2GHz 1MB 1P Blade\', \'description\': \'  ""345020-B21 BL20P G2 (2P) Xeon 3.2GHz 1MB 1P Blade"" ""Null"""
1851,{'Output': 'mismatch'},"\': \'Hewlett-Packard\', \'sku\': \'658102-001\', \'type\': \'Description: Proliant 2TB 3.5-inch (LFF) Serial ATA (SATA) 6G7.2K Hot-Plug\', \'description\': \'  ""658102-00"
1852,{'Output': 'mismatch'},"{""Output"": ""match""}"
1853,{'Output': 'mismatch'},"2 Pack\', \'subcategory\': \'72GB 3G 15K 2.5-inch 2 Pack\', \'sku\': \'430169002pack\', \'type\': \'Hard Drive - Hot-Swap\', \'description2\': \'  ""430169-002 HP 72-GB"
1854,{'Output': 'match'},"\'description\': \'  ""HP 583383-B21 Processor Board"" "" HP 583383-B21 Processor Board CDW.com\', \'title\': \'HP 583383-B21 Processor Board\', \'subcategory\': \'Xeon\', \'sku\': \'5833"
1855,{'Output': 'mismatch'},"{""Output"": ""mismatch""}"
1856,{'Output': 'match'},"': \'Hard Drive\', \'Description\': \'  ""HP EG0146FARTR 10K SAS 300GB 15K RPM 3.5\"" 3.5\"" Hard Drive - 15000rpm HP\', \'title\': \'HP EG0146FARTR 10K SAS 300GB"
1857,{'Output': 'mismatch'},"\'Opsturen vanaf 99,-': \'€ 3,95\', \'Pakketpost (vanaf 20,-)\': \'€ 0,-\', \'Pakketpost (vanaf 15,-)\': \'€ 0,-\', \'Pakketpost (vanaf 10,-)\': \'€ 0,-\', \'description\':"
1858,{'Output': 'mismatch'},"\'category\': \'Macs\', \'subcategory\': \'\', \'brand\': \'Apple\', \'sku\': \'md095lla\', \'type\': \'\', \'description\': \'  ""Apple iMac 27-inch 2.9GHz Quad-core i5 (Late 2012) MD09"
1859,{'Output': 'mismatch'},"{""Output"": ""mismatch""}"
1860,{'Output': 'mismatch'},"(2P) Xeon 2.8GHz 2M ""Null"" Description: Proliant DL580R02 Xeon 2.8GHz 2M ""Description: Proliant DL580R02 Xeon 2.8GHz 2M ""Description: Proliant DL580R02 Xeon 2.8GHz 2M ""Description:"
1861,{'Output': 'mismatch'},"Memory\', \'Sub-Category\': \'Genuine HP Memory\', \'Generation\': \'667MHz\', \'Part Number\': \'589073-B21\', \'Products ID\': \'143237\', \'Technology\': \'DDR RAM\', \'ECC / Registered\': \'Un"
1862,{'Output': 'mismatch'},"Model\': \'Intel Xeon Processor 5110\', \'Description\': \'Intel Xeon Processor 5110 2.0GHz 1366MHz FSB 1066MHz DDR2 E7141\', \'description\': \'  ""637414-B21 HP Intel Xeon Processor"
1863,{'Output': 'mismatch'},"'123456789012345678901234567890\', \'title\': \'Product Title\', \'description\': \'  ""Product Description""@en Product Description\', \'brand\': \'Brand Name\', \'category\': \'Category Name\', \'subcategory\': \'Subcategory Name"
1864,{'Output': 'mismatch'},"air Carbide Quiet 400Q CC-9011082-WW\"", ""Null"" CC-9011082-WW Price CC-9011082-WW""  ""Description: Corsair Carbide Quiet 400Q CC-9011082-WW""  ""Description: Corsair Carbide Quiet 400"
1865,{'Output': 'match'},"\'Description:1 x 1Gb 4-Port Ethernet Adapter (366FLR) - HP\'}', 'Entity_2': '{\'title\': \'HP 1Gb 4-Port 366FLR Ethernet Adapter\', \'category\': \'Server Adapter\', \'subcategory\': \'Ethernet Adapter\', \'brand"
1866,{'Output': 'mismatch'},"Z48-032G-U46 CUY 32GB USB 3.0 Flash Drive r100MB/s SanDisk Ultra Retractable Slider Black""@en SDCZ48-032G-U46 CUY 32GB USB 3.0 Flash Drive r100MB/s SanDisk Ultra Retractable Slider Black""@en SDC"
1867,{'Output': 'mismatch'},"Speed\': \'3.4 GHz\', \'Description\': \'Intel Core i5-4460 Quad Core Processor 3.4 GHz Socket 1150 65W LGA1150\', \'description\': \'  ""Intel Core i5-4460 Quad Core Processor 3.4 GHz Socket 1150"
1868,{'Output': 'mismatch'},"RPM\', \'Price\': \'£119.99\', \'description\': \'  ""Seagate ST3750330NS 750GB 15K RPM 3.5 inches x 1/3H (Internal) SATA Hard Drive""@en ""▷ New Seagate HardDrive | 507866\', \'"
1869,{'Output': 'mismatch'},"590770134\', \'SKU\': \'sdsdu016g,  sdsdu016gu46\', \'Tweakers ID\': \'581221, 581222\', \'Productprijs\': \'€ 12,99\', \'Pakketpost Nederland vanaf € 2"
1870,{'Output': 'match'},"""Corsair Carbide Air 240 Cube Case - Black""@en CC-9011070-WW\', \'description\': \'  ""Corsair Carbide Air 240 Cube Case - Black""@en\', \'title\': \'Corsair Carbide Air 240 Cube Case - Black\', \'subcategory\': \'"
1871,{'Output': 'mismatch'},"\', \'description\': \'  \""359461-005-2Pack HP 72.8GB 3.5 inch x 1 inch Plug-in Module Fibre Channel\"" ""Null""   ""Description:2 Pack 72.8GB 3.5 inch x 1 inch Plug-in Module Fibre Channel\', \'title\': \'3594"
1872,{'Output': 'mismatch'},"3G Dual Port Hot-Plug 10K Hard DriveIn HPE Drive tray (as pictured)For G1-G7 Proliant\'}', 'Entity_2': '{\'title\': \'HP 146GB 3G 10K 2.5 DP SAS\', \'category\': \'Proliant HardDrive\', \'subcategory\': \"
1873,{'Output': 'mismatch'},"'description\': \'  \""340743-B21 HP DLT2000 Tape Drive\"" \""Null\""   \""Description:DLT2000 Tape Drive (20GB)InternalSCSI\""  \""De\', \'title\': \'340743-B21 HP DLT2000 Tape Drive\', \'subcategory\': \'"
1874,{'Output': 'mismatch'},"K 2.5 DP SAS"" ""Null""  ""Description:2 x 300GB 2.5-inch Serial Attached SCSI (SAS)SFF 6G Dual Port Hot-Plug 10K Hard DriveIn HPE Drive tray (as pictured)For G1-G7 Proliant Servers\', \'description\': \'  ""DG0300F"
1875,{'Output': 'mismatch'},"""\'}', 'Entity_2': '{\'title\': \'HP 628061-S21 3000GB SATA 6Gb/s 7200RPM Hard Drive\', \'category\': \'\', \'subcategory\': \'\', \'brand\': \'HP\', \'sku\': \'hp628061s"
1876,{'Output': 'mismatch'},"\': \'1600MHz PC3-12800\', \'CAS Latency :\': \'9-9-9-24\', \'Number of Pins :\': \'240-pin\', \'Other :\': \'Cerulean Blue heatsink\', \'Weight (kg) :\': \'0.20\', \'"
1877,{'Output': 'mismatch'},"description\': \'  ""ST1000NM0033-5Pack Seagate 1TB 3.5 SATA 7200RPM 6Gbs 64MB Hard Drive""\', \'title\': \'ST1000NM0033-5Pack Seagate 1TB 3.5 SATA 7200RPM 6Gbs"
1878,{'Output': 'mismatch'},"ID)\', \'description\': \'  \""295643-B21 HP 64MB Ultra2 SCSI Controller, 80MB/s Data Transfer Rate, RAID 0, RAID 1, RAID 4, RAID 5, Max Storage Devices Qty 30, Supported Devices Hard Drive\"", \""Null\"" Price 295643"
1879,{'Output': 'mismatch'},".4K 2.5-inch 1/8-height SATA hard drive"" ""HP 431786-B21 120GB 5.4K 2.5-inch 1/8-height SATA hard drive""@en Hard Drive 431786-B21 Price HP 431786-B21 120GB 5."
1880,{'Output': 'mismatch'},"SAS) Hard Drive - Hot-Swap\', \'description_en\': \'  ""HP 146-GB 6G 15K 2.5 DP SAS HDD""@en ""New EH0146FAWJB HDD Wholesale Price EH0146FAWJB\', \'description_es\': \'  ""EH014"
1881,{'Output': 'mismatch'},"\'st31000640ns\'], \'type\': \'1TB 7.2K 3.5-inch SATA Hard Drive\'}', 'Entity_2': '{\'title\': \'ST31000640NS Seagate 1-TB 7.2K 3.5 SATA\', \'category\': \'Null\', \"
1882,{'Output': 'mismatch'},"001 SAS 2 Pack Wholesale Price 508429-001-2Pack"" ""New 508429-001 SAS 2 Pack Wholesale Price 508429-001-2Pack"" ""New 508429-001 SAS 2 Pack Wholesale Price 508429-00"
1883,{'Output': 'mismatch'},"'HP Proliant\', \'description\': \'  ""432804-B21 HP 1GB DDR SDRAM 667MHz Unbuffered Server Memory"" ""Null""   ""Description:HP 1GB DDR SDRAM 667MHz Unbuffered Server Memory\', \'title\': \'432804-B21 HP 1"
1884,{'Output': 'mismatch'},"B21 HP Xeon E74830 2.13GHz BL680c G7"" ""Null""   ""Description:HP Intelï¿½ Xeonï¿½ E7-4830 BL680c G7(2.13GHz/8-core/24MB/105W)Full Processor Option Kit\', \'sku\': \'"
1885,{'Output': 'mismatch'},"\', \'category\': \'Hard Drive\', \'Sub-Category\': \'15K\', \'Generation\': \'SAS\', \'Part Number\': \'HP DG0146FAMWL\', \'Product ID\': \'457402_HP_HardDrives\', \'Type\': \'Hard Drive - Hot-Swap\"
1886,{'Output': 'mismatch'},"230]\', \'category\': \'Netwerkapparatuur\', \'Sub-Category\': \'Switchen\', \'brand\': \'Cisco\', \'description\': \'  \""Cisco ISD-G2-48TC-E 48-Port 10/100/1000BASE-T Switch with 2 Gigabit u"
1887,{'Output': 'match'},"B Elements Desktop Hard Drive WD40EZRZ\"", ""Null"" Price WD40EZRZ"" ""New WD 4TB Elements Desktop Hard Drive WD40EZRZ"" '}', 'Entity_2': '{\'title\': \'WD 4TB Elements Desktop Hard Drive WD40EZRZ\', \'category\': \'\"
1888,{'Output': 'match'},"rijzen ""@NL Tweakers""@NL\', \'sku\': \'cmk64gx4m4a2666c16\', \'type\': \'Memory Module\', \'brand\': \'Corsair\', \'price\': \'""$219.99"", ""USD""\', \'subcategory\': \'\'}', 'Entity_2"
1889,{'Output': 'mismatch'},"{""Output"": ""match""}"
1890,{'Output': 'mismatch'},"4-Port 366FLR Adapter\', \'subcategory\': \'665240-B21\', \'sku\': \'665240b21\', \'type\': \'Ethernet Adapter\'}', 'Entity_2': '{\'title\': \'HP, 665240-B21, 1"
1891,{'Output': 'match'},"{""Output"": ""mismatch""}"
1892,{'Output': 'mismatch'},"{""Output"": ""match""}"
1893,{'Output': 'mismatch'},"'type\': \'CPU\', \'description\': \'  ""4th Generation Intel® Core™ i3 4160 3.6GHz Socket LGA1150 ""Novatech""   ""Description:Intel® Core™ i3-4160,3.6GHz,4-Core,LGA1150,64MB,100+Watt"
1894,{'Output': 'mismatch'},"{""Output"": ""match""}"
1895,{'Output': 'match'},"agate\', \'Type\': \'7200RPM\', \'Type de produit\': \'Interne harde schijven\', \'Capacite\': \'1TB\', \'Description\': \'  \""1TB Seagate 7200RPM Internal Hard Drive\""  ""Seagate 1TB 7200RPM Internal Hard"
1896,{'Output': 'mismatch'},"{""Output"": ""mismatch""}"
1897,{'Output': 'mismatch'},"\'description\': \'  \""Intel Core i5-6600 Quad Core 3.3GHz LGA1151 14nm Processor Intel HD Graphics 530 350MHz 1.15GHz 65W BX80662I56600\"" ""Null"" ', \'title\': \'Intel Core i5-"
1898,{'Output': 'mismatch'},"\', \'Part Number\': \'333773-B21\', \'Products ID\': \'143098\', \'Storage Capacity\': \'1GB ( 1 x 1GB )\', \'Upgrade Type\': \'System Specific\', \'Technology\': \'DDR2 SDRAM\', \'Form Factor\"
1899,{'Output': 'mismatch'},"146-GB 3G 10K 2.5 DP SAS 2 Pack\', \'category\': \'Hard Drive\', \'subcategory\': \'10K\', \'brand\': \'HP\', \'sku\': \'430165-003\', \'type\': \'2.5-inch Serial Attached SCSI"
1900,{'Output': 'mismatch'},"'{\'/sku\': \'[449363b21]\', \'/mpn\': \'[449363b21]\', \'brand\': \'HP\', \'category\': '', \'Category\': 'Proliant Controller', \'Sub-Category\': 'HBA', \'Generation\': 'SC40Ge', \'Part Number"
1901,{'Output': 'mismatch'},"title\': \'NETGEAR ReadyNAS 212 2-Bay Network Attached Storage for Personal Cloud, Diskless (RN21200-100NES)\', \'brand\': \'NETGEAR\', \'sku\': \'rn21200100nes\', \'type\': \'Network Attached Storage\', \'subcategory"
1902,{'Output': 'mismatch'},"\', \'Part Number\': \'HD00931C35\', \'Products ID\': \'1455625\', \'Type\': \'Hard Drive - Hot-Swap\', \'Form Factor\': \'3.5 inches\', \'Capacity\': \'931GB\', \'Interface Type\': \'Ultra SCSI"
1903,{'Output': 'mismatch'},"\'subcategory\': \'Price\', \'brand\': \'HP\', \'sku\': \'643774-B21\', \'type\': \'Intel Xeon E7-4820 BL680c G7(2.0GHz/8-core/18MB/105W)Full Processor Option\', \'description"
1904,{'Output': 'mismatch'},"SI\', \'Spindle Speed\': \'15000RPM\', \'Ports\': \'Dual Port\', \'price\': \'""CAD"", ""$624.27 CAD""\', \'description\': \'  ""432094-B21 HP 146-GB 15K 2.5 DP SAS"" """
1905,{'Output': 'mismatch'},"Intel NUC5i5RYH BGA1168 1.6GHz i5-5250U UCFF Black, Intel NUC5i5RYH BGA1168 1.6GHz i5-5250U UCFF Black, Intel NUC5i5RYH BGA1168 1.6GHz i5-5250"
1906,{'Output': 'mismatch'},"\', \'type\': \'Description:Sun 73GB 1 10K FCAL Drive for StorageWorks\'}', 'Entity_2': '{\'title\': \'XTA351073GB10K Sun 73GB 10K FC-AL\', \'category\': \'Null\', \'subcategory\': \'\', \'brand\': \"
1907,{'Output': 'match'},"u\': \'st1000dm003\', \'type\': \'Seagate Barracuda 1TB 7200RPM 3.5-inch 6G SATA HDD\', \'description\': \'  ""ST1000DM003 Seagate 1-TB 7.2K 3.5 6G SATA H"
1908,{'Output': 'mismatch'},",-\', \'description\': \'  ""Intel Core i7-7800X 3.5GHz 8MB 6-Core LGA2011 Processor (Boxed)""@en | BX80673I77800X Intel Core i7-7800X 3.5GHz 8MB 6-Core LGA2011 Processor"
1909,{'Output': 'mismatch'},"21\', \'type\': \'Memory Module\', \'Product ID\': \'455192\', \'Manufacturer\': \'Hewlett Packard\', \'Capacity\': \'1GB\', \'Interface\': \'DIMM\', \'Voltage\': \'1.5V\', \'Description\': \'  ""500"
1910,{'Output': 'mismatch'},"-SC\'], \'type\': \'Description:2 x HPE 2TB 3.5-inch (LFF) Serial ATA (SATA) 6G7.2K Hot-Plug Midline Hard DriveIn HPE Drive tray (as pictured)For G1-G7 Proliant\', \'description\': \'  ""658102-001-SC HP"
1911,{'Output': 'match'},"le Speed\': \'7200RPM\', \'description\': \'  ""431786-B21 120GB 2.5 inches x 1/8H SATA-150 Hot-Swap Hard Drive 5 Pack"" ""HP 431786-B21 120GB 2.5 inches x 1/8H SATA"
1912,{'Output': 'match'},"0,-\', \'Totaal\': \'€ 439,-\', \'description\': \'  ""Intel Core i7-7800X (Boxed) - Prijzen ""@NL Tweakers""@NL\', \'title\': \'Intel Core i7-7800X (Boxed) - Prijzen ""@NL Tweakers""@NL\',"
1913,{'Output': 'mismatch'},"'Description\': \'  \""Corsair Carbide 100R Silent Edition Mid Tower Case\"" ""Null""   ""Description:Corsair Carbide 100R Mid Tower Case\', \'title\': \'Corsair Carbide 100R Silent Edition Mid Tower Case\', \'sku\': \'csr100rse\', \'type\"
1914,{'Output': 'mismatch'},"\'Pakketpost (vanaf € 25,-)\': \'€ 0,-\', \'Pakketpost (vanaf € 15,-)\': \'€ 0,-\', \'Pakketpost (vanaf € 10,-)\': \'€ 0,-\', \'Pakketpost (vanaf € 5,-)\': \'€ 0,-\', \"
1915,{'Output': 'mismatch'},"240GB 6G 2.5 SATA RI SC SSD HP 804587-B21""   ""Description:240GB 6G 2.5 SATA RI SC SSD HP 804587-B21""@en  ""Description:240GB 6G 2.5 SATA RI SC SSD HP 8045"
1916,{'Output': 'mismatch'},"{""Output"": ""mismatch""}"
1917,{'Output': 'mismatch'},"': \'HP\', \'category\': \'HP\', \'Category\': \'Proliant HardDrive\', \'Sub-Category\': \'7.2K\', \'Generation\': \'SATA SC\', \'Part Number\': \'308724-001\', \'Products ID\': \'466755\', \"
1918,{'Output': 'mismatch'},"-G11 Proliant SAS ServersGenuine HPE number\', \'sku\': \'430165-003\', \'type\': \'2.5-inch Serial Attached SCSI (SAS) SFF3G Dual Port Hot-Plug 10K Hard Disk Drive\', \'description\': \'  ""430165"
1919,{'Output': 'mismatch'},"0300FARVV HP 300-GB 6G 10K 2.5 DP SAS\', \'category\': \'Null\', \'subcategory\': \'Description:10 x 300GB 2.5-inch Serial Attached SCSI (SAS)SFF 6G Dual Port Hot-Plug 10K Hard DriveIn HPE"
1920,{'Output': 'mismatch'},"M\', \'Description\': \'  \""Corsair Vengeance LPX 16GB (2 x 8GB) DDR4 DRAM 2400MHz Memory Kit - Black (CML16GX4M2A2400C16)\""@en (Corsair Vengeance LPX 16GB (2 x 8GB) DDR4 DRAM 2"
1921,{'Output': 'mismatch'},"\': \'[email protected]\', \'Max Resolution (DP)‡\': \'[email protected]\', \'Max Resolution (eDP - Integrated Flat Panel)‡\': \'[email protected]\', \'Max Resolution (VGA)‡\': \'N/A\', \'DirectX* Support\': \'12\', \'OpenGL* Support\': \'4"
1922,{'Output': 'mismatch'},"Verzendkosten\': \'€ 19,95\', \'description\': \'  ""Synology DS1517+(8GB) 5-bay 12-drive 1U 10GbE iSCSI NAS Server with 8GB RAM""   ""Description:5-bay 12-drive 1U 10GbE iSCSI NAS Server"
1923,{'Output': 'mismatch'},", 240-pin DIMM, 1066MHz, Server Memory\', \'category\': \'Memory\', \'subcategory\': \'Server Memory\', \'brand\': \'HPE\', \'sku\': \'500660b21\', \'type\': \'Memory\', \'description\': \'  ""HP,"
1924,{'Output': 'mismatch'},"15FWK232, HX424C15FWK2/32\', \'Tweakers ID\': \'111111\', \'Productprijs\': \'€ 119,99\', \'Pakketpost Nederland vanaf € 25,-\': \'€ 0,-\', \'iDeal\': \'€"
1925,{'Output': 'match'},"7.6 mm x 114.4 mm (42.4 inches x 45 inches)\', \'Product\': \'Intel DG41BH Motherboard\', \'Uitvoering\': \'Intel DG41BH Motherboard\', \'EAN\': \'0653254142722\', \'SKU\': \"
1926,{'Output': 'mismatch'},"\', \'title\': \'Corsair Vengeance LED CMU64GX4M4C3000C15R - Prijzen ""@NL Tweakers""@NL\', \'subcategory\': \'\', \'brand\': \'Corsair\', \'sku\': \'cmus64gx4m4c3000c15\',"
1927,{'Output': 'match'},"{""Output"": ""mismatch""}"
1928,{'Output': 'mismatch'},"', \'sku\': \'bd03656aba5pack\', \'type\': \'Hard Drive Hot-Swap\'}', 'Entity_2': '{\'title\': \'BD03656ABA HP 36.4-GB 10K FC-AL\', \'category\': \'Null\', \'subcategory\': \'New BD0"
1929,{'Output': 'mismatch'},"', \'sku\': \'st1000nm0033\', \'type\': \'Hard Drive\', \'description\': \'  ""Seagate - Constellation ES.3 1TB 3.5"" 7200RPM Internal Hard Drive Drive (ST1000NM0033) PCPartPicker\', \'description\': \'"
1930,{'Output': 'mismatch'},"3.5 DP NHP SAS HDD\', \'subcategory\': \'Description:400GB Serial Attached SCSI (SAS) 3.5 DP NHP SAS HDD\', \'sku\': \'5084290015pack\', \'type\': \'400GB 10K 3.5 DP NHP SAS"
1931,{'Output': 'mismatch'},"{""Output"": ""match""}"
1932,{'Output': 'mismatch'},"ale 293472-B22  ""Description:160GB/320GB Super DLT Tape Library"" ""Null""   ""Description:160GB/320GB Super DLT Tape Library"" ""Null""   ""Description:160GB/320GB Super DLT Tape Library"" ""Null""   ""Description:160GB/320GB Super DL"
1933,{'Output': 'mismatch'},"WD10EZEX'}'}
```python
Output = 'mismatch'
```"
1934,{'Output': 'mismatch'},"{""Output"": ""match""}"
1935,{'Output': 'match'},"2.5 DP SAS HDD"" ""HP 512743-001 HDD Part# -512743-001""  ""Description:72GB""   ""Description:72GB 6G 15K 2.5 DP SAS HDD"" ""HP 512743-001 HDD Part# -51274"
1936,{'Output': 'match'},"': \'  ""HP memory - 16 GB - DIMM 240-pin - DDR3"" ""Null""   ""Description:HP memory - 16 GB - DIMM 240-pin - DDR3""  ""Description:HP memory - 16 GB - DIMM 240-pin - DDR3""  ""Description:HP memory - 16 GB - DIM"
1937,{'Output': 'mismatch'},"712900587180\', \'description\': \'  ""Asus ROG Strix Z270G GAMING 300-series ATX DDR4 Motherboard"" ""0889349587188, 4712900587180"" ""Description:Asus ROG Strix Z270G G"
1938,{'Output': 'mismatch'},"2nm\', \'description\': \'  ""AMD FX-Series FX-4300 Quad-Core Processor"" ""AMD FX-Series FX-4300 Quad-Core Processor""@en-US ""AMD FX-Series FX-4300 Quad-Core Processor""@en-US ""AMD FX-Series FX-430"
1939,{'Output': 'mismatch'},"'{\'title\': \'Seagate Barracuda ES 500GB SATA-II 16MB Cache - OEM (ST3500630NS)\', \'category\': \'Computers\', \'subcategory\': \'Hard Drives\', \'brand\': \'Seagate\', \'sku\': \'ST350063"
1940,{'Output': 'mismatch'},"HPE 1GB (2x512MB) RegisteredPC2-5300 Dual-Rank SDRAM Memory KitPart Number(s) Option Part# 408850-B21 (2 x 512MB)\', \'brand\': \'HP\', \'sku\': \'408850b21\', \'type\': \'"
1941,{'Output': 'mismatch'},"', \'description\': \'  ""MSI GeForce GTX 1080 GAMING X 8G 8GB GDDR5 PCI Express 3.0 Graphics Card""@en Card LN74504 - GeForce GTX 1080 GAMING X 8G\', \'title\': \'MSI GeForce GTX 1080 GAMING X"
1942,{'Output': 'mismatch'},"', \'Processor(s)\': \'2x Intel Xeon 3.2GHz Processor 1MB Cache\', \'Memory\': \'4GB 133MHz ECC SDRAM Memory\', \'Storage Controller\': \'Smart Array 5i Controller\', \'Networking\': \'Integrated HP NC362T Dual-Port\', \'Hard Drive"
1943,{'Output': 'mismatch'},"10600R-9 DIMM 240-pin\', \'category\': \'\', \'Category\': \'Proliant Memory\', \'Sub-Category\': \'Genuine HP Memory\', \'Generation\': \'1333MHz\', \'Part Number\': \'500658-B21\', \'Products ID"
1944,{'Output': 'mismatch'},"vanaf € 29,95)\': \'€ 0,-\', \'description\': \'  \""AMD - FX-6300 3.5GHz 6-Core Black Edition Processor\"" Processor (FD6300WMHKBOX) PCPartPicker\""', \'title\': \'AMD - FX-6300 3.5GHz"
1945,{'Output': 'mismatch'},"99679-001\', \'Products ID\': \'111111\', \'Capacity\': \'20GB\', \'Description\': \'20GB Tape Drive\', \'title\': \'199679-001 20GB Tape Drive\', \'sku\': \'1996790"
1946,{'Output': 'mismatch'},"'431943003\', \'type\': \'15K 3.5-inch Single Port Hot-Plug Hard Drive\', \'description\': \'  ""431943-003 HP 146-GB 15K 3.5 SP SAS HDD"" ""Description:146GB Serial Attached SCSI (SAS) 1"
1947,{'Output': 'mismatch'},"1b21\', \'type\': \'Description: 2GB HP Smart Array P420 Controller\'}', 'Entity_2': '{\'title\': \'631671-B21 HP Smart Array P420/2GB Controller\', \'category\': \'HP\', \'subcategory\': \'Smart Array P420\', \'brand\"
1948,{'Output': 'match'},"-inch\', \'description\': \'  \""New 430169-002 HDD Wholesale - 10Pack\""@en ""▷ New 430169-002 HDD Wholesale - 10Pack | Proliant HardDrive""@en  ""\'}', 'Entity_2': '{\'title\': \'New 430"
1949,{'Output': 'mismatch'},"001"" ""Description:72.8GB 3.5-inch FC-AL 10K Hot-Swap Hard Disk Drive\', \'title\': \'359461-001 HP 72.8-GB 10K FC-AL\', \'sku\': \'359461001\', \'type\': \'3"
1950,{'Output': 'mismatch'},"Radeon RX 550 D5 2G\', \'description\': \'  ""Gigabyte Radeon RX 550 D5 2G"" ""Null"" ""Description:Gigabyte Radeon RX 550 D5 2G"" ""New  Gigabyte Radeon RX 550 D5 2G"" ""Gigabyte"
1951,{'Output': 'mismatch'},"{""Output"": ""match""}"
1952,{'Output': 'mismatch'},", 240-Pin SODIMM, 1.35V\', \'description\': \'  ""Crucial 8GB SODIMM DDR3L Low Voltage Laptop Memory Module""@en Module LN62212 - CT102464BF160B | SCAN UK""@en  ""Crucial 8GB SODIMM D"
1953,{'Output': 'mismatch'},"'description\': \'  ""HPE"" ""BD03655B28-5Pack HP 36.4GB 10K Fibre Channel Hard Drive""   ""Description:HPE BD03655B28-5Pack HP 36.4GB 10K Fibre Channel Hard Drive""   ""Description:HPE BD03655B28-"
1954,{'Output': 'mismatch'},"4MB/130W)Full Processor Option \', \'brand\': \'HP\', \'sku\': \'603608b21\', \'type\': \'Intel Xeon X7560 BL620c G7 (2.26GHz/8-core/24MB/130W)Full Processor Option \'}', '"
1955,{'Output': 'mismatch'},"'4\', \'Socket Type\': \'LGA 1151\', \'description\': \'  ""Intel Core i3-6100 Dual-Core 3.7GHz LGA1151 115W Processor BX80662I36100""@en Intel Core i3-6100 Dual-Core 3.7"
1956,{'Output': 'mismatch'},"\'Fast\', \'description\': \'  ""293472-B22 HP Super DLT Tape Drive"" ""Null""   ""Description:HP Super DLT Tape Drive\', \'title\': \'293472-B22 HP Super DLT Tape Drive\', \'sku\': \'293472b22\', \'type"
1957,{'Output': 'mismatch'},"{""Output"": ""match""}"
1958,{'Output': 'mismatch'},"nm\', \'description\': \'  ""601248-B21 Intel Xeon Processor L2406 2.26GHz 800MHz 1MB 4MB 64-bit Quad-Core Processor Upgrade"" ""New 601248-B21 Intel Xeon Processor L2406 2.26G"
1959,{'Output': 'mismatch'},"12,99\', \'Verzendkosten\': \'€ 12,99\', \'description\': \'  ""Asus Crosshair V Formula-Z - 90-MIBJ70-G0EAY0VZ - LN49197 - AMD 970 Chipset - Socket AM3+ - 128x1 -"
1960,{'Output': 'mismatch'},"16DE 5-Port Gigabit Smart Switch PoE""@en ""▷ TP-Link TL-SG1016DE 5-Port Gigabit Smart Switch PoE""@en  \', \'title\': \'TP-Link TL-SG1016DE 5-Port Gigabit Smart Switch PoE\', \'subcategory\': \'Switches\',"
1961,{'Output': 'mismatch'},"{""Output"": ""mismatch""}"
1962,{'Output': 'mismatch'},"HP Smart Array P410/512 FBWC 2-portsInt PCIe x8 SAS ControllerPart Number(s) Manufacturer Part# 578230-B21\', \'category\': \'\', \'subcategory\': \'\', \'brand\': \'Null\', \'sku\': \'578230b21\', \'"
1963,{'Output': 'mismatch'},"akketpost 0-30 kg\': \'€ 4,95\', \'iDeal (vanaf € 10,-)\': \'€ 0,-\', \'Pakketpost (vanaf € 29,95)\': \'€ 0,-\', \'Opsturen Nederland t/m € 200,-\': \'€ 6,95\"
1964,{'Output': 'match'},"{""Output"": ""mismatch""}"
1965,{'Output': 'mismatch'},"\': \'Sandisk\', \'category\': \'Solid State Drives\', \'Category\': \'Storage\', \'Sub-Category\': \'Solid State Drive\', \'Generation\': \'SSD\', \'Part Number\': \'SDSSDQU32GGN3MN\', \'Products ID\': \'114125"
1966,{'Output': 'match'},"description\': \'  \""CC9011082WW Black LN69313\""@en ""New CC9011082WW Black LN69313""@en\', \'title\': \'CC9011082WW Black LN69313\', \'subcategory\': \'Black LN69313\', \"
1967,{'Output': 'mismatch'},"\'11ms\', \'Caching Technology\': \'None\', \'description\': \'  ""ST31000640NS New Seagate 1TB 7.2K SATA Hard Drive"" "" Null"" ""New 1TB 7.2K SATA Hard Drive ST31000640NS-2Pack"" ""New 1TB 7"
1968,{'Output': 'mismatch'},"rijzen ""@NL Tweakers""@NL\', \'subcategory\': \'\', \'brand\': \'Crucial\', \'type\': \'Memory Module\', \'formfactor\': \'DDR3 SODIMM\', \'capacity\': \'8GB\', \'speed\': \'PC3-12800 (1600MHz)\',"
1969,{'Output': 'mismatch'},"\'description\': \'  ""AMD FX-6300 Black Edition, 4.2GHz, 6-Core, Vishera, 125W, AM3+ C""@en-GB AMD FX-6300 Black Edition, 4.2GHz, 6-Core, Vishera, 125W, AM3+ CPU,Retail""@en-"
1970,{'Output': 'mismatch'},"A\', \'Interface :\': \'SATA III\', \'Form Factor :\': \'2.5-inch\', \'description\': \'  ""120Gb Samsung 750 EVO Series S-ATA3 Solid State 2.5-inch Hard Drive HPS-120750E"", ""Null"" ""New 120Gb Samsung 75"
1971,{'Output': 'match'},"akers""@NL\', \'category\': \'Null\', \'subcategory\': \'Price\', \'brand\': \'Samsung\', \'sku\': \'mzn5e1t0bw\', \'type\': \'Description:Samsung 960 Pro 2TB M.2 NVMe PCIe SSD 2TB (MZ-V"
1972,{'Output': 'mismatch'},"', \'Sub-Category\': \'BL20\', \'Generation\': \'G2\', \'Part Number\': \'154457-B21\', \'Products ID\': \'6181\', \'Form Factor\': \'Blade\', \'description\': \'  \""300876-B21 BL20"
1973,{'Output': 'mismatch'},"{""Output"": ""match""}"
1974,{'Output': 'match'},"{""Output"": ""match""}"
1975,{'Output': 'mismatch'},"\'Hitachi\', \'sku\': \'hd00931c35\', \'type\': \'Hard Drive\', \'description\': \'  \""Null\"", \""Hitachi Deskstar 7K1000.C 35GB\"" Price hd00931c35\"" ""Hitachi Deskstar 7K1000.C 3"
1976,{'Output': 'mismatch'},"6GB 14"" HD Chrome OS"" ""Null""   ""Description:Lenovo TopSeller N42 Celeron N3060 2GB 16GB 14"" HD Chrome OS"" ""Null""   ""Description:Lenovo TopSeller N42 Celeron N3060 2GB 16GB 14"" HD Chrome OS"" ""Null""   ""Description:Lenovo Top"
1977,{'Output': 'mismatch'},"{""Output"": ""match""}"
1978,{'Output': 'mismatch'},"prijs\': \'€ 159,99\', \'description\': \'  ""AMD FX-8320E Boxed"" "" AMD FX-8320E Processor"" ', \'title\': \'AMD FX-8320E Boxed\', \'subcategory\': \'Processors\', \'sku\': \'FD8"
1979,{'Output': 'mismatch'},"641 Controller\', \'brand\': \'HP\', \'sku\': \'291966b21\', \'type\': \'Ultra320 Controller with 64MB Cache 64-bit 133MHz PCI-X PC Board - Has one Internal 68-pin connector Can add 128MB Backup Battery\', \"
1980,{'Output': 'mismatch'},"R Server"" ""Null""   ""Description:308724-001 DL360R Server""  ""Description:308724-001 DL360R Server""  ""Description:308724-001 DL360R Server""  ""Description:308724-001 DL360R Server""  ""Description:30"
1981,{'Output': 'mismatch'},"\', \'description\': \'  \""HP 533993-B22 Intel Xeon Processor L2 3MB 2.80GHz 1066MHz QPI Dual-Core Processor\""@en 1066MHz QPI Dual-Core Processor\', \'title\': \'HP 533993-B22 Intel"
1982,{'Output': 'match'},"150MB/s\', \'description\': \'  ""Seagate ST3500630NS 500GB 7.2K 3.5-inch SATA Hard Drive""@en ""Null""   ""Description:5 x 500GB 3.5-inch SATA Hot-Swap Hard DriveIn HPE Drive tray (as pictured)For G1-G7"
1983,{'Output': 'match'},"or\', \'subcategory\': \'Description: Intel Core i5-3570 3.4GHz Quad-Core Processor\', \'brand\': \'Intel\', \'sku\': \'BX80637I53570\', \'type\': \'Socket 1155 Processor\', \'description\': \'  """
1984,{'Output': 'mismatch'},"0RPM 3.5-inch LFF NC 658071-B21-2Pack"" ""New HP 500GB SATA 7200RPM 3.5-inch LFF NC 658071-B21-2Pack"" ""New 658071-B21-2Pack"" ""Descriptio\', \'title\':"
1985,{'Output': 'mismatch'},"Null"" Price DG0300BAHZQ"" ""New 300GB 10K 2.5 DP SAS HDD"" ""New 300GB 10K 2.5 DP SAS HDD"" ""New 300GB 10K 2.5 DP SAS HDD"" ""New 300GB 10K 2.5 D"
1986,{'Output': 'mismatch'},"\'description\': \'  \""OS6380WK-TG-GHK-WO-F 100-105 mm\""  ""Null""   ""Description:OS6380WK-TG-GHK-WO-F 100-105 mm""', \'title\': \'OS6380WK-TG-GHK-"
1987,{'Output': 'mismatch'},"2\', \'description\': \'  \""HP 233609-001 Ultra320 SCSI Controller\""@en 233609-001 Ultra320 SCSI Controller\', \'title\': \'HP 233609-001 Ultra320 SCSI Controller\', \'sku\': \'233"
1988,{'Output': 'mismatch'},"\': \'Processor\', \'description\': \'  ""AMD Ryzen 5 1600X Six-Core Processor without cooler""@en Processor LN79703 - YD160XBCAEWOF | SCAN UK""@e\', \'description\': \'  ""AMD Ryzen 5 1600X Six-Core Processor without cool"
1989,{'Output': 'mismatch'},"3v4\', \'type\': \'Intel Xeon E5-2683 v4 processor\', \'description_nl\': \'Intel processor - BX80660E52683V4 Add-In Processors (\', \'description_de\': \'Intel Prozessor - BX80660E52683V4 Add"
1990,{'Output': 'mismatch'},",-\', \'description\': \'  ""Corsair Vengeance LED 16GB (2 x 8GB) DDR3 1333MHz 9-9-9-24 1.5V""@en Kit (CMU16GX4M2A2666C16R)\', \'title\': \'Corsair Vengeance LED 16"
1991,{'Output': 'mismatch'},"{""Output"": ""match""}"
1992,{'Output': 'mismatch'},"HP 1GB Unbuffered PC2-5300 ECC DIMM (1 x 1GB)\', \'brand\': \'HP\', \'sku\': \'432804b21\', \'type\': \'PC2-5300 ECC DIMM\', \'description\': \'  ""432804-B21"
1993,{'Output': 'mismatch'},"or Option Kit\', \'sku\': \'587507b21\', \'type\': \'Description:HP Intel® Xeon® L5640 DL380 G7(2.26GHz/6-core/60W/12MB)Full Processor Option Kit\', \'description\': \'  ""587507-B2"
1994,{'Output': 'mismatch'},"category\': \'Data Storage\', \'subcategory\': \'Portable Hard Drives\', \'brand\': \'Seagate\', \'sku\': \'STEA1000400\', \'type\': \'Description:1TB Portable External Hard DriveUSB 3.0 (STEA1000400) 1 Year Warrant"
1995,{'Output': 'mismatch'},"053162421752, 7612392248545, 7612392248545, 7612392248545, 7612392248545, 7612392248545, 7612392"
1996,{'Output': 'mismatch'},"{""Output"": ""mismatch""}"
1997,{'Output': 'mismatch'},"5,-\', \'Pakketpost NL PostNL\': \'€ 5,-\', \'Pakketpost NL TNT\': \'€ 5,-\', \'Pakketpost NL UPS\': \'€ 10,-\', \'Pakketpost NL UPS Next Day\': \'€ 15,-\', \'Pakketpost NL UPS Overnight\"
1998,{'Output': 'match'},"', \'description\': \'  ""WD30EFRX 3TB 3.5 HDD Internal 64MB Cache SATA 3.5 HDD Internal 3TB 3.5 HDD Internal 3TB 3.5 HDD Internal 3TB 3.5 HDD Internal 3TB 3.5 HDD Internal 3TB 3.5 HDD Internal"
1999,{'Output': 'mismatch'},"1786-B21-10Pack HP 120-GB 5.4K 2.5-inch (SFF) Serial ATA (SATA) 5.4K Hot-Plug Midline (MDL) Hard Drive in HPE Drive tray (as pictured)For G1-G7 Proliant\', \'title\': \'431786-B21"
2000,{'Output': 'mismatch'},"0,-\', \'description\': \'  ""WD Blue WD10EZEX, 1TB"" ""WD Blue 1TB 3.5 SATA HDD"" ""Price WD10EZEX"" Wholesale WD10EZEX \', \'title\': \'WD Blue WD10EZEX, 1TB\', \'subcategory\':"
2001,{'Output': 'mismatch'},"PE\', \'sku\': \'bd1465822c\', \'type\': \'10K Fibre Channel\', \'description\': \'  ""HPE, bd1465822c, 146.8-GB 10K FC-AL""@en bd1465822c\', \'Output\':"
2002,{'Output': 'mismatch'},"'3 Years\', \'description\': \'  ""AMD A6-7400K 3.5GHz Socket FM2 Processor - Retail ""@en AMD A6-7400K 3.5GHz Socket FM2 Processor - Retail"" "" AMD processor - ad740kybjabox Add-In Processors (CPUs)\', \'title\': \'"
2003,{'Output': 'mismatch'},"'subcategory\': \'\', \'brand\': \'Sandisk\', \'sku\': \'SDSQXAF-064G-GN6MA\', \'type\': \'microSDXC 64GB+SD Adapter+RescuePRO\', \'description\': \'  \""Null\"" ""Sandisk Extreme microSDXC 64GB"
2004,{'Output': 'mismatch'},"B21 SC 2 Pack Wholesale Price 658071-B21-2Pack\'], \'type\': \'Hard Drive - Hot-Swap - Gen8\', \'description\': \'  ""658071-B21 HP G8 G9 500-GB 6G 7.2K 3.5 SATA SC"" ""Description:HP"
2005,{'Output': 'mismatch'},"5pack\']\', \'type\': \'Hard Drive\'}', 'Entity_2': '{\'title\': \'3R-A3851-AA HP 72.8-GB U320 SCSI 15K\', \'category\': \'Null\', \'subcategory\': \'New 3R-A3851-AA 15K"
2006,{'Output': 'mismatch'},"""4XB0K48502""@en 512GB Lenovo ThinkPad PCIe-NVMe (3x4) M.2 Internal Solid State Drive\', \'description\': \'  ""Lenovo 512GB ThinkPad PCIe-NVMe (3x4) M.2 Internal Solid State Drive""@en 4XB0K48502\', \"
2007,{'Output': 'mismatch'},"category\': \'Description:400GB 3.5-inch Serial Attached SCSI (SAS)10K Hard Disk DriveFor G1-G7 Proliant SAS ServersGenuine HPE number\', \'sku\': \'456896001\', \'type\': \'Hard Disk Drive (HDD)\'}', 'Entity_2': '"
2008,{'Output': 'mismatch'},"\': \'Nehalem\', \'Description\': \'  \""495906-B21 Intel Xeon Processor L5645 2.26GHz 2MB L3 Cache 1333MHz FSB Socket LGA771\"" ""Null"" ""New 495906-B21 Intel Xeon Processor L5645"
2009,{'Output': 'mismatch'},"Intel™ Xeon™ E5335 DL140 G3(2.0GHz/4-core/8MB/80W)Full Processor Option Kit\', \'sku\': \'442992b21\', \'type\': \'Processor\'}', 'Entity_2': '{\'title\': \'442992-B21 HP X"
2010,{'Output': 'mismatch'},"weakers ID\': \'477981\', \'Productprijs\': '\u20ac 119,99\', \'Pakketpost Nederland\': '\u20ac 0,-', \'iDeal\': '\u20ac 0,-', \'Totaal\': '\u20ac 124,94\', \'description\"
2011,{'Output': 'mismatch'},"Hz/1MB 512MB Server"" ""Null""   ""Description: HP Proliant BL20p G2 Server Xeon 3.06GHz/1MB 512MB Memory M1 Part#323146-B21\', \'title\': \'323146-B21 BL20P G2 (1P) Xeon 3"
2012,{'Output': 'mismatch'},"HPE 2GB (1x2GB) PC3-10600 (DDR3-1333)Unbuffered CAS-9 Dual Rank x 8 Memory Kit Part Number(s) Option Part# 500670-B21 (1 module)\', \'description\': \'  ""500670-B21 HP 2GB (1x2GB"
2013,{'Output': 'mismatch'},"{""Output"": ""mismatch""}"
2014,{'Output': 'mismatch'},"1]\', \'/gtin13\': \'[619659052775]\', \'category\': \'\', \'Categorie\': \'Geheugenkaarten\', \'Merk\': \'Sandisk\', \'Product\': \'Sandisk microSDHC 16GB Class 2\', \'Uitvoering\"
2015,{'Output': 'mismatch'},"', \'Average Seek Time\': \'8.5ms\', \'Hot Swap Tray\': \'Not Included\', \'Manufacturer\': \'Seagate\', \'Pre-Failure Warranty\': \'Yes\', \'Cache\': \'16MB\', \'description\': \'  \""ST3500630NS Seag"
2016,{'Output': 'mismatch'},"Packard\', \'description\': \'  ""500660-B21-2Pack 4GB DDR3 1066MHz (PC3-8500R-7) Server Memory"" ""Null""   ""Description:2 x 4GB DDR3 1066MHz (PC3-8500R-7) Server Memory"" ', \'title\"
2017,{'Output': 'mismatch'},"Attached SCSI (SAS) SSD\', \'sku\': \'dl165g6572071b21\', \'type\': \'Solid State Drive\'}', 'Entity_2': '{\'title\': \'572071-B21 HP 60-GB 2.5 MDL SATA SSD\', \'category\"
2018,{'Output': 'match'},"{\'/mpn\': \'[cmk16gx4m4b3000c15r]\', \'/gtin13\': \'[843591056267]\', \'category\': \'Corsair Quad Channel Kit\', \'Categorie\': \'Geheugen intern\', \'Merk\': \'"
2019,{'Output': 'mismatch'},"5\', \'Pakketpost 30-50 kg\': \'€ 6,95\', \'Pakketpost 50+ kg\': \'€ 9,95\', \'description\': \'  \""Intel Core i7-6700K / 4.0 GHz processor\"" ""Intel processor - BX80662I767"
2020,{'Output': 'mismatch'},"95\', \'Pakketpost tot € 25,-\': \'€ 3,95\', \'Pakketpost tot € 10,-\': \'€ 2,95\', \'Pakketpost tot € 5,-\': \'€ 1,95\', \'Pakketpost tot € 2,-\': \'€ 1,95"
2021,{'Output': 'mismatch'},"\'type\': \'Desktop Processor\', \'description\': \'  \""Intel Core i7-8700K 3.7GHz (Coffee Lake) Socket LGA1151 Processor - Retail\""@en \""\u25b7 Intel Core i7-8700K 3.7GHz (Coffee Lake) Socket LGA11"
2022,{'Output': 'mismatch'},"\'4\', \'# of Threads\': \'8\', \'Base Clock Speed\': \'3.4 GHz\', \'Max Turbo Frequency\': \'3.8 GHz\', \'description\': \'  ""Intel Core i5-7500 4-Core 3.4 GHz LGA 1151 Processor (BX80"
2023,{'Output': 'mismatch'},"{""Output"": ""mismatch""}"
2024,{'Output': 'mismatch'},"20GE0003US\', \'category\': \'\', \'subcategory\': \'\', \'brand\': \'Lenovo\', \'sku\': \'20GE0003US\', \'type\': \'Lenovo ThinkPad Yoga 11e Chromebook - 11.6"" Celeron N3160 4 GB RAM"
2025,{'Output': 'mismatch'},"u\': \'458418b21\', \'type\': \'Processor\', \'description_full\': \'  ""458418-B21 HP E5410 2.33GHz ML370 G5"", ""Null"" ""New 458418-B21 G5 Wholesale Price 458418"
2026,{'Output': 'mismatch'},"Processors\', \'subcategory\': \'AMD\', \'brand\': \'AMD\', \'sku\': \'ad540kokhjbox\', \'type\': \'Processor\', \'description\': \'  ""AMD A6-5400K APU 3.6Ghz Dual-Core Processor AD540KOK"
2027,{'Output': 'match'},"'""USD"", ""\""$1199.00 USD\""', \'description\': \'  \""HP ProLiant BL20p G2 Server, 1 GB Memory, 512 MB Cache Memory, 359623-B21\""  ""HP ProLiant BL20p G2 Server, 1 GB Memory, 512 MB Cache Memory, 35962"
2028,{'Output': 'mismatch'},"\'title\': \'HPE Enterprise Mainstream - solid state drive 100 GB SATA 6Gb/s\', \'subcategory\': \'HPE 691862-B21\', \'brand\': \'HP\', \'sku\': \'691862-B21\', \'type\': \'Solid State Drive\"
2029,{'Output': 'mismatch'},"Processors\', \'Category\': \'Processors\', \'Merk\': \'AMD\', \'Productserie\': \'A-Series\', \'Product\': \'AMD A6-6400K APU\', \'Uitvoering\': \'Boxed\', \'EAN\': \'0641213012722"
2030,{'Output': 'mismatch'},"\'  ""Null"" Price 508429-001-10Pack"" ""New 508429-001 SAS 10 Pack Wholesale Price 508429-001-10Pack"" ""New 508429-001 SAS 10 Pack Wholesale Price 508429-001"
2031,{'Output': 'mismatch'},"\': \'512 bytes\', \'description\': \'  ""628061-S21 HP 3000GB 6G 3.5 SATA SC Hard Drive"" ""Null""   ""Description:628061-S21 HP 3000GB 6G 3.5 SATA SC Hard Drive"" ""Description:628061-"
2032,{'Output': 'mismatch'},"sku\': \'359461001\', \'type\': \'Hard Drive\'}', 'Entity_2': '{\'title\': \'359461-001 HP 72.8-GB 10K FC-AL\', \'category\': \'Null\', \'subcategory\': \'New 359461-0"
2033,{'Output': 'mismatch'},"Description:Western Digital Red 2 TB 3.5-inch Desktop Hard Drive\', \'brand\': \'Western Digital\', \'sku\': \'wd20efrx\', \'type\': \'Hard Drive\', \'description\': \'  ""Western Digital Red 2 TB Internal HDD"" "" Western HDD - WD20EFRX Desktop Hard"
2034,{'Output': 'match'},".44MB\', \'description\': \'  ""221275-B21 HP DL740R 4 x 1.5 GHz Intel Xeon MP Server"" ""Null""   ""Description:4 x 1.5 GHz Intel Xeon MP ServerPart Number:221275-B21"" ""Null""   ""Description:4 x 1.5 G"
2035,{'Output': 'mismatch'},"istix Sport 8GB (2x4GB) DDR3 1600MHz PC12800 Dual Channel Kit\', \'category\': \'Computer Memory\', \'subcategory\': \'DDR3 Memory\', \'brand\': \'Crucial\', \'sku\': \'bls8g4d240fsa\', \'type"
2036,{'Output': 'mismatch'},"'/mpn\': \'[446519311]\', \'brand\': \'Intel\', \'category\': \'Proliant Processor\', \'Category\': \'Proliant Processor\', \'Sub-Category\': \'Xeon\', \'Generation\': \'G6\', \'Part Number\': \'4465"
2037,{'Output': 'match'},"Entity_2': '{\'title\': \'HP, 500658-B21, (1x4GB) Dual Rank x4 PC3-10600\', \'category\': \'Memory\', \'subcategory\': \'Server Memory\', \'brand\': \'HP\', \'sku\': \'500658b21"
2038,{'Output': 'mismatch'},"'Entity_2': '{\'title\': \'MacBook Pro 15.4\"" 2.5GHz Intel Core i7 16GB 512GB SSD\', \'category\': \'Computers_and_Accessories\', \'subcategory\': \'MacBook Pro\', \'brand\': \'""Apple""@en\', \'sku\': \'"
2039,{'Output': 'mismatch'},"""@NL\', \'category\': \'Intel processor\', \'subcategory\': \'Intel Xeon E7-4800 series\', \'brand\': \'Intel\', \'sku\': \'bx80642e74830\', \'type\': \'Add-In Processors (CPUs)\'}', 'Output': '"
2040,{'Output': 'mismatch'},"\'CMK16GX4M4A2400C16\', \'description\': \'  ""Corsair 16GB PC4-17000 DDR4 SDRAM Upgrade Kit""@en 4GB LN69019 - CMK16GX4M4A2400C16\', \'type\': \'DDR"
2041,{'Output': 'mismatch'},"{""Output"": ""match""}"
2042,{'Output': 'mismatch'},"'Interface\': \'SATA\', \'description\': \'  ""431786-B21 HP 120GB 5.4K SATA"", ""Null"" ""New 431786-B21 HP 120GB 5.4K SATA HDD"" ""New 431786-B21 HP 120GB 5"
2043,{'Output': 'mismatch'},"10K SAS Hot-Swap"" DG0300FARVV Price DG0300FARVV"" '}', 'Entity_2': '{\'title\': \'HP 300GB 10K SAS Hot-Swap\', \'category\': \'Proliant HardDrive\', \'subcategory\': \'10K\', \'brand"
2044,{'Output': 'match'},"PCE-AC55BT B1 - Prijzen ""@NL Tweakers""@NL"" ""Asus PCE-AC55BT B1 - Prijzen ""@NL Tweakers""@NL"" ""Asus PCE-AC55BT B1 - Prijzen ""@NL Tweakers""@NL"" ""Asus PCE-AC55BT B1 - Prijzen ""@NL Tweakers""@NL"
2045,{'Output': 'mismatch'},"""New 658102-001-SC SC Wholesale Price 658102-001-SC""   ""Description:HP 2TB 3.5-inch (LFF) Serial ATA (SATA) 6G7.2K Hot-Plug Midline (MDL) Hard Drive\""   ""Description:HP 2TB 3.5-inch ("
2046,{'Output': 'mismatch'},"\': \'[dg0146famwl5pack]\', \'/mpn\': \'[dg0146famwl]\', \'brand\': \'HP\', \'category\': \'Null\', \'Category\': \'Proliant HardDrive\', \'Sub-Category\': \'10K\', \'Generation\': \'S"
2047,{'Output': 'mismatch'},"-8500R-7 LP KIT\', \'category\': \'Memory & Storage\', \'subcategory\': \'Memory & Storage\', \'brand\': \'HP\', \'sku\': \'500660b21\', \'type\': \'RAM\', \'description\': \'  ""HP, 500660"
2048,{'Output': 'mismatch'},"'1.5 kg\', \'price\': \'""USD"", ""$1,199.00""\', \'description\': \'  ""3.06GHz Wholesale HP ProLiant BL20p G2 Blade Server 512MB 512KB""@en Server (323146-B21)""@en\', \'title\': \"
2049,{'Output': 'mismatch'},"': \'  ""Corsair Vengeance White LED 64GB DDR4 3000 Memory Kit 4x 16GB""@en 16GB LN73385 - CMU64GX4M4C3000C15R\', \'title\': \'Corsair Vengeance White LED 64GB DDR4 3000"
2050,{'Output': 'mismatch'},"Server\', \'sku\': \'338974b21\', \'type\': \'DL760 (4P) Xeon 2.5GHz 1MB Wholesale 338974-B21\', \'description\': \'  ""338974-B21 DL760 (4P) Xeon"
2051,{'Output': 'match'},"\'description\': \'  ""Corsair Vengeance LED - 16GB (2x8GB) DDR3 1600MHz CL9 - CMU64GX4M4C3000C15""@en ""Corsair Vengeance LED - 16GB (2x8GB) DDR3 1600MHz CL9 - CMU64"
2052,{'Output': 'mismatch'},"SD\', \'description\': \'  ""Intel Solid-State Drive DC P3600 Series - solid state drive 1.6 TB PCIe Gen3 x4 NVMe Internal SSD - Intel SSDPEDME016T401"" ""Description:Intel Solid-State Drive DC P3600 Series - solid state drive 1.6 TB PCIe Gen3 x4 NV"
2053,{'Output': 'match'},"10 kg\': \'€ 7,95\', \'description\': \'  ""Sandisk Ultra SDXC Class 10 UHS-I 80MB/s 64GB""@en-US  "" Sandisk Ultra SDXC Class 10 UHS-I 80MB/s 64GB Price in India""@en-US  "" Sandisk Ul"
2054,{'Output': 'mismatch'},"5414100210]\', \'brand\': \'HP\', \'category\': \'Memory\', \'Category\': \'Memory\', \'Sub-Category\': \'4GB\', \'Generation\': \'DDR3\', \'Part Number\': \'454141-00210\', \'Products ID\':"
2055,{'Output': 'mismatch'},"63286\', \'Type\': \'Hard Drive - Hot-Swap\', \'Capacity\': \'146GB\', \'Interface Type\': \'Fibre Channel\', \'description\': \'  ""BD1465822C-5Pack HP 146-GB 10K 15K Fibre Channel HDD"" ""HP"
2056,{'Output': 'match'},"866MHz Dual Channel Kit (HX318C9SRK2/16)\', \'subcategory\': \'\', \'brand\': \'Kingston\', \'sku\': \'hx318c9srk216\', \'type\': \'Memory Module\', \'description\': \'  ""Kingston HyperX Savage Red"
2057,{'Output': 'mismatch'},"HP 8 INTERNAL PORT\', \'category\': \'\', \'subcategory\': \'\', \'brand\': \'HP\', \'sku\': \'347786b21\', \'type\': \'Internal Port\', \'description\': \'  ""BD146582 HP 8 INTERNAL PORT""@en 347"
2058,{'Output': 'mismatch'},"{""description"": """"}"
2059,{'Output': 'mismatch'},"', \'Partnummer\': \'yd190xa8aewof\', \'Producttype\': \'Processor (Low Voltage)\', \'Processor Type\': \'AMD Opteron\', \'Generation\': \'200-pin DDR Socket AM2\', \'Part Number\': \'yd190xa8aewof\', \'Products ID"
2060,{'Output': 'mismatch'},"37043977\', \'SKU\': \'bx80637i53570\', \'Productprijs\': \'€ 219,99\', \'Pakketpost Nederland\': \'€ 0,-', \'Pakketpost Nederland (vanaf \u20ac 75,-)\': \'€ 0,-"
2061,{'Output': 'mismatch'},"\', \'Sub-Category\': \'10K\', \'Generation\': \'SAS\', \'Part Number\': \'430165-003\', \'Products ID\': \'457491\', \'Type\': \'Hard Drive - Hot-Swap\', \'Capacity\': \'300GB\', \'Interface"
2062,{'Output': 'mismatch'},"\': \'bls8g4d240fsa\', \'Type\': \'DDR3 SODIMM\', \'Type DDR\': \'DDR3\', \'Type SODIMM\': \'SODIMM\', \'Type DDR3 SODIMM\': \'DDR3 SODIMM\', \'Type DDR3 SODIM"
2063,{'Output': 'match'},"424C15FWK232\', \'Category\': \'Hard Drive\', \'Sub-Category\': \'Hard Drive - Hot-Swap - Gen8\', \'Generation\': \'SAS\', \'Part Number\': \'HX424C15FWK232\', \'Products ID\': \'15364\', \"
2064,{'Output': 'mismatch'},"\'[eg0146fartr]\', \'brand\': \'EG Technology\', \'category\': \'Power Supply Unit\', \'Category\': \'Power Supply Unit\', \'Sub-Category\': \'APC\', \'Generation\': \'Online\', \'Part Number\': \'EG0146FART\', \'Products"
2065,{'Output': 'mismatch'},"': \'New 390394-001 PS 2 Pack Wholesale Price 390394-001-2Pack\', \'sku\': \'390394001,3903940012pack\', \'type\': \'725W Proliant Power Supply for HP ML350 G4p"
2066,{'Output': 'mismatch'},"subcategory\': \'260/320-GB\', \'sku\': \'293472b22\', \'type\': \'Internal Drive\', \'description\': \'  ""29347-B22 HP MSL5026S2 Super DLT"", ""Null"" DLT Wholesale 293472-B2"
2067,{'Output': 'mismatch'},"': \'[340769001]\', \'brand\': \'New 340769-001 SAS 5 Pack Wholesale\', \'category\': \'Null\', \'Category\': \'Proliant HardDrive\', \'Sub-Category\': \'15K\', \'Generation\': \'SAS\', \'"
2068,{'Output': 'mismatch'},"'description\': \'  ""Corsair Vengeance LED CMU16GX4M2A2666C16R 16GB (2 x 8GB) DDR4 2666MHz C16 16-16-16-39 CL16 Dual Channel Memory Kit""@en ""Corsair Vengeance LED CMU16GX4M"
2069,{'Output': 'mismatch'},"\'type\': \'Wireless-N PCI Adapter\', \'description\': \'  \""TP-Link TL-WN951N Wireless-N PCI Adapter\"" ""Comprar TP-Link TL-WN951N PCI Adaptador Wi-Fi 802.11n""  ""Description:TP-Link TL-WN951N PCI Adaptador Wi-Fi"
2070,{'Output': 'mismatch'},"Corsair Vengeance RGB CMR16GX4M2A2666C16 - Prijzen ""@NL Tweakers""@NL\', \'subcategory\': \'DDR4 RAM\', \'brand\': \'Corsair\', \'sku\': \'CMR16GX4M2A2666C16\', \'type\"
2071,{'Output': 'mismatch'},"orsair\', \'sku\': \'co9050004ww\', \'type\': \'DDR4 SDRAM\', \'description\': \'  \""Corsair Vengeance LPX 16GB (2 x 8GB) DDR4 SDRAM 2400MHz\"" ""Null""   ""Description:Corsair Vengeance LPX"
2072,{'Output': 'mismatch'},"'type\': \'Hard Drive\', \'price\': \'""USD"", ""$299.99 USD""\', \'description2\': \'  ""6TB - 6000 RPM\', \'title2\': \'6TB - 6000 RPM\', \'description3\': \'  ""My Cloud Personal Network Attached Storage - NAS\', \"
2073,{'Output': 'mismatch'},"', \'Manufacturer\': \'Seagate\', \'Description\': \'Seagate 1TB 7200.12 RPM SATA 6Gb/s 3.5 Inch Hard Drive ST1000DM003\', \'description\': \'  ""ST1000DM003-10Pack Seagate 1TB"
2074,{'Output': 'mismatch'},"{""Output"": ""mismatch""}"
2075,{'Output': 'mismatch'},"PD\': \'€ 3,95\', \'description\': \'  ""Kingston HyperX Fury black HX426C15FB/4 4GB DDR4 2133MHz CL15 DIMM""@en DIMM LN51111 - HX426C15FB/4 | SCAN UK\""@en  \', \"
2076,{'Output': 'mismatch'},"8-pin DIMM\', \'brand\': \'Crucial\', \'sku\': \'CT8G4DFS8213\', \'type\': \'288-pin DIMM DDR4 8GB\', \'description\': \'  ""Crucial 8GB (1x8GB) DDR4 PC4-17000"
2077,{'Output': 'match'},"{""Output"": ""match""}"
2078,{'Output': 'mismatch'},"""Description:72GB 2.5-inch Serial Attached SCSI (SAS) SFF3G Dual Port Hot-Plug 15K Hard Disk Drive"" ""New 430169-002 HDD Wholesale Price 430169-002""  ""Description:72GB 2.5-inch Serial Attached SCSI (SAS) SFF"
2079,{'Output': 'mismatch'},"21SE15D88\', \'Type\': \'SODIMM\', \'Beschikbaarheid\': \'In stock\', \'Omschrijving\': \'  ""Kingston ValueRAM KVR21SE15D8/8 8GB DDR4 2133MHz Module"" ""In stock"" Price KVR21SE15D"
2080,{'Output': 'mismatch'},"3G 15K 2.5 DP SAS HDD\', \'category\': \'Hard Drive\', \'subcategory\': \'Description:72GB 2.5-inch Serial Attached SCSI (SAS) SFF3G Dual Port Hot-Plug 15K Hard Disk DriveFor G1-G7 Prolian\', \'brand\': \'HP"
2081,{'Output': 'mismatch'},"{""Output"": ""mismatch""}"
2082,{'Output': 'mismatch'},"005D-5-Port Gigabit Desktop Switch - Specificaties\', \'category\': \'Electronics\', \'subcategory\': \'Networking\', \'brand\': \'TP-Link\', \'sku\': \'tlsg1005d\', \'type\': \'Switch\', \'description\': \'  ""TP-"
2083,{'Output': 'mismatch'},"22001]\', \'/sku\': \'631622001\', \'brand\': \'HP\', \'category\': \'Computers_and_Accessories\', \'Category\': \'Proliant Memory\', \'Sub-Category\': \'Genuine HP Memory\', \'Generation\': \'266MHz\',"
2084,{'Output': 'mismatch'},"-9)\', \'Rank\': \'Dual Rank\', \'Application\': \'Server Memory\', \'Server Model\': \'HP Proliant\', \'Compatibility\': \'HP Proliant Servers\', \'Manufacturer\': \'Hewlett-Packard\', \'HP Serial Number\': \'Yes\', \'HP Logo\': \'Yes"
2085,{'Output': 'mismatch'},"{""Output"": ""match""}"
2086,{'Output': 'match'},"post tot € 100,-\': \'€ 0,-\', \'Verzendkosten\': \'€ 0,-\', \'Verzendkosten (> € 100,-)\': \'€ 0,-\', \'Verzendkosten Nederland\': \'€ 5,95\', \'description\': \'  \""Synology DS151"
2087,{'Output': 'mismatch'},"455287_HP_ServerAdapters\', \'Description\': \'  ""629142-B21 HP 10GB 2-Port Ethernet Adapter\', \'title\': \'629142-B21 HP 10GB 2-Port Ethernet Adapter\', \'sku\': \'62914"
2088,{'Output': 'mismatch'},"{""Output"": ""match""}"
2089,{'Output': 'mismatch'},"MB/s\', \'Buffer Size\': \'256MB\', \'RAID Level\': \'0 1 5 10 50 1+0 5+0\', \'Drive Support\': \'12\', \'Memory\': \'512MB DDR2 SDRAM\', \'Form Factor\': \'Low-Profile Plug-"
2090,{'Output': 'mismatch'},"{""Output"": ""match""}"
2091,{'Output': 'mismatch'},"41 PC2700\', \'sku\': \'331561041\', \'type\': \'DIMM 184-Pin\'}', 'Entity_2': '{\'title\': \'331561-041 HP 512MB DDR RAM PC2700\', \'category\': \'\', \'sub"
2092,{'Output': 'mismatch'},"\'category\': \'\', \'subcategory\': \'\', \'brand\': \'HP\', \'sku\': \'3ra3851aa\', \'type\': \'Drive:15K\', \'description\': \'  ""3R-A3851-AA HP 72.8-GB U320 SCSI 15K"
2093,{'Output': 'mismatch'},"SSDNow V300 120GB Solid State Drive""@en SSD LN52992 - SV300S37A/120G | \', \'price\': \'€ 84,99\', \'description\': \'  ""Kingston SSDNow V300 - solid state drive 120 GB SATA 6Gb/s"
2094,{'Output': 'mismatch'},"xa0\': \'BX80677I57500\', \'Item Name\\xa0\': \'Intel Core i5-7500 3.4GHz Quad-Core Processor\', \'Item Description\\xa0\': \'Intel Core i5-7500 3.4GHz Quad-Core Processor\', \'Item Description\\"
2095,{'Output': 'match'},"1604CT2BLK 16GB 1333MHz DDR3 SDRAM 2Rx8 DIMM"" ""Null""   ""Description:Intel 16GB 1333MHz DDR3 SDRAM 2Rx8 DIMM (2 x 8GB) (EXPI9301CT)\', \'title\': \'Intel 16GB"
2096,{'Output': 'mismatch'},"{""Output"": ""match""}"
2097,{'Output': 'mismatch'},"\', \'description\': \'  ""349514-B21 HP 9.1 GB 7.2K Ultra2 SCSI Hard Drive"" ""Null"" ""New 349514-B21 7.2K Ultra2 SCSI Hard Drive Wholesale Price 349514-B21"" ""New 349514-B2"
2098,{'Output': 'mismatch'},"'Sub-Category\': \'Genuine HP Processor\', \'Generation\': \'1333MHz\', \'Part Number\': \'458418-B21\', \'Products ID\': \'1691\', \'Application\': \'Server Processor\', \'Server Model\': \'HP Proliant\', \'Compatibility"
2099,{'Output': 'match'},"016DE 16-Port Gigabit Switch Power Adapter Use\', \'subcategory\': \'Price\', \'sku\': \'1019458747\', \'type\': \'Description:5-Port Gigabit Smart Switch PoE - Black Friday 2017 ""@es ""TP-LINK TL-SG1016DE switch""@"
2100,{'Output': 'mismatch'},"ketpost NL\': \'€ 4,95\', \'description\': \'  ""Intel Core i3-6100 3.7GHz 4MB L2 cache 1155FS10 Retail Boxed""@nl  ""<!DOCTYPE html PUBLIC ""-//W3C//DTD XHTML 1.0 Strict//EN"" ""http://www.w"
2101,{'Output': 'mismatch'},"Cache 1066 MHz FSB 1U Server\', \'category\': \'Proliant Server IDE\', \'subcategory\': \'BL40p\', \'brand\': \'Hewlett Packard Enterprise\', \'sku\': \'470065235\', \'type\': \'Server\', \'description\': \'"
2102,{'Output': 'mismatch'},"0 2.0GHz BL680c G7 New 643774-B21 G7 Wholesale Price 643774-B21\', \'subcategory\': \'\', \'sku\': \'643774b21\', \'type\': \'Processor\'}', 'Entity_2': '{\'title\': \"
2103,{'Output': 'match'},"{""Output"": ""match""}"
2104,{'Output': 'mismatch'},"'Interface\': \'SATA\', \'description\': \'  ""ST31000340AS Seagate 1-TB 7200.11 3.5-inch Internal Hard Drive"", ""Null"" Price ST31000340AS"" ""Seagate ST31000340AS 1TB 7200.11"
2105,{'Output': 'mismatch'},"{""Output"": ""match""}"
2106,{'Output': 'mismatch'},"bit PCI-X\', \'Part Number\': \'291966-B21\', \'Products ID\': \'157766b21\', \'description\': \'  ""291966-B21 HP 64bit PCI-X SCSI Controller"" ""Product data Hewlett Packard Enterprise 64bit PCI-X SCSI Controller"
2107,{'Output': 'mismatch'},"weakers ID\': \'404898\', \'description\': \'  \""4th Generation Intel\u00ae Core\u2122 i3 4160 3.6GHz Socket LGA1150 \""@en CoreAndtrade; | BX80646I34160 Nova\', \'title\': \'4th Generation"
2108,{'Output': 'mismatch'},"'description\': \'  ""417190-002 HP 72-GB 15K 3.5 DP SAS 10 Pack "" ""HP 417190-002 Part# -417190-002-10Pack""  ""Description\', \'price\': \'""USD""\', \'description_full\': \"
2109,{'Output': 'mismatch'},"3001\', \'type\': \'15K 2.5-inch Dual Port Hot-Plug Hard Drive\', \'description\': \'  ""512743-001 HP 72-GB 6G 15K 2.5 DP SAS HDD"" ""Null""   ""Description:New 512743-001 H"
2110,{'Output': 'match'},"000640NS SATA 1-TB 7.2K 3.5 3G SATA HDD Wholesale\', \'category\': \'Null\', \'Category\': \'Seagate HardDrive\', \'Sub-Category\': \'7.2K\', \'Generation\': \'SATA\', \'Part Number\': \'ST3"
2111,{'Output': 'mismatch'},"inch\', \'formFactor\': \'2.5 inches x 1/3H (Low Profile)\'}', 'Entity_2': '{\'title\': \'430165-003 HP 146-GB 3G 10K 2.5 DP SAS HDD\', \'category\': \'Hard Drive\', \'subcategory\': \'Hard"
2112,{'Output': 'mismatch'},"\'subcategory\': \'RAID Controllers\', \'brand\': \'HPE\', \'sku\': \'631674-B21\', \'type\': \'PCIe 3.0, 6 Gb/s\', \'description\': \'  ""HPE Smart Array P420/2GB with FBWC - storage controller (RA"
2113,{'Output': 'mismatch'},"'bd03656aba\', \'type\': \'Hard Drive Hot-Swap\', \'description\': \'  ""BD03656ABA HP 36.4-GB 10K FC-AL HDD"" ""Null""   ""Description:StorageWorks 36.4GB 10K Fibre Channel 40 pin 2GB/s HotSwap"
2114,{'Output': 'mismatch'},"0,-\', \'Verzending\': \'€ 0,-\', \'Opsturen vanaf €50,-\': \'€ 0,-\', \'description\': \'  ""TP-Link TL-WN781N - Prijzen ""@NL Tweakers""@NL\', \'title\': \'TP-Link TL-WN781N - Prijzen ""@NL"
2115,{'Output': 'mismatch'},"{""Output"": ""mismatch""}"
2116,{'Output': 'mismatch'},"Adaptor\', \'category\': \'Server Case UK\', \'subcategory\': \'Wireless N PCI Express 2.0(x1) Adaptor\', \'brand\': \'TP-Link\', \'sku\': ['tlwn881nd', '6935364050573'], \'type\': \'Wireless Network"
2117,{'Output': 'mismatch'},"x4m4c3000c15r\']\', \'type\': \'Memory\', \'description\': \'  ""Corsair Vengeance LED CMU64GX4M4C3000C15R - Prijzen""@nl ""Corsair Vengeance LED 16GB (2x8GB) DDR4 3000MHz"
2118,{'Output': 'mismatch'},"\'description\': \'  ""Seagate Desktop HDD 1TB"" ""Null""   ""Description:Seagate Desktop HDD 1TB""', \'title\': \'Seagate Desktop HDD 1TB\', \'subcategory\': \'Interne harde schijven\', \'brand\': \'Seagate\', \'sku\':"
2119,{'Output': 'mismatch'},"{""Output"": ""mismatch""}"
2120,{'Output': 'mismatch'},"\'Part Number\': \'BD14658-22C\', \'Products ID\': \'111111\', \'Form Factor\': \'3.5 Inch\', \'Interface\': \'Fibre Channel\', \'Capacity\': \'146GB\', \'description\': \'  ""HPE,  BD14"
2121,{'Output': 'mismatch'},"Productprijs\': \'€ 699,-', \'Pakketpost Nederland vanaf € 25,-\': \'€ 0,-\', \'iDeal\': \'€ 0,-\', \'Totaal\': \'€ 699,-', \'Pakketpost\': \'€ 3,95\', \'Pakketpost DPD"
2122,{'Output': 'mismatch'},"SI 110/220GB SDLT Tape Drive\', \'description\': \'  ""192106-B21 HP Storageworks 110/220GB SDLT Tape Drive""@en ""110/220GB SDLT Tape Drive"" ""Null""   ""Description:110/220GB SDLT Tape DrivePart Number(s)"
2123,{'Output': 'mismatch'},"10K RPM\', \'description2\': \'  ""238921-B21 HP 72.8-GB 10K FC-AL"" ""Null"" ""New 238921-B21 FC-AL 10 Pack Wholesale Price 238921-B21-10Pack\', \'description3\': \'"
2124,{'Output': 'mismatch'},"750330NS 750GB 7.2K 3.5 SATA""  ""Description:HP MSA2 750GB 7.2K 3.5 SATA""', \'title\': \'ST3750330NS HP MSA2 750-GB 7.2K 3.5 SATA\', \'subcategory\': \"
2125,{'Output': 'mismatch'},"6GB) DDR4 3000MHz\', \'category\': \'Memory\', \'subcategory\': \'DDR4 Memory\', \'brand\': \'Corsair\', \'sku\': \'CMU64GX4M4C3000C15R\', \'type\': \'Memory\', \'description\': \'"
2126,{'Output': 'mismatch'},"0RPM\', \'description\': \'  \""3R-A3851-AA 72.8-GB 15K 3.5-inch SCSI 10 Pack\"" ""Description:15 x 72.8GB SCSI 15K 3.5-inch Hard Drive"" ""Description:15 x 72.8GB SCSI 15K 3."
2127,{'Output': 'match'},"Subcategorie\': \'DDR3 SODIMM\', \'Type\': \'DDR3 SODIMM\', \'Type (ECC)\': \'Non-ECC\', \'Type (R/U)\': \'Unbuffered\', \'Size\': \'2GB\', \'Speed\': \'1333MHz\', \'Voltage"
2128,{'Output': 'match'},3 GB; Interfaz: PCI Express 3.0 x16; Conexión: PCI Express 3.0 x16; Conexión: PCI Express 3.0 x16; Conexión: PCI Express 3.0 x16; Conexión: PCI Express 3.0 x16; Conexión: PCI Express 3.0 x16; Conexión
2129,{'Output': 'mismatch'},"'Wireless N PCI Express 2.0 adapter\'}', 'Entity_2': '{\'title\': \'TP-LINK TL-WN881ND - network adapter\', \'category\': \'Wireless Adapters & Accessories\', \'subcategory\': \'Wireless N PCI Express 2.0 adapter\', \'brand\': \'TP-LINK\', \'"
2130,{'Output': 'mismatch'},"'Hard Drive\', \'Generation\': \'SAS\', \'Part Number\': \'340743-b22\', \'Products ID\': \'455232\', \'Type\': \'Hard Drive - Hot-Swap\', \'Capacity\': \'72GB\', \'Interface Type\': \'Serial Attached SCSI\',"
2131,{'Output': 'mismatch'},"'{\'title\': \'Corsair Vengeance LPX - DDR4 32 GB: 2 x 16 GB DIMM 288-pin\', \'category\': \'\', \'subcategory\': \'\', \'brand\': \'Corsair\', \'sku\': \'cmk32gx4m2b3000c1"
2132,{'Output': 'mismatch'},"ID\': \'144303\', \'Capacity\': \'2.53GHz\', \'Socket\': \'LGA771\', \'Manufacturer\': \'Intel\', \'Pre-Failure Warranty\': \'Yes\', \'HotSwap\': \'Yes\', \'price\': \'""CAD"", ""$11"
2133,{'Output': 'mismatch'},"{""Output"": ""match""}"
2134,{'Output': 'mismatch'},"\'Product Type\': \'Processor (Low Voltage)\', \'Processor Type\': \'Intel Xeon\', \'Processor Core\': \'Quad-Core\', \'Processor Qty\': \'1\', \'Clock Speed\': \'2.4GHz\', \'Bus Speed\': \'1333MHz\', \'L2 Cache\': \"
2135,{'Output': 'mismatch'},"{""Output"": ""mismatch""}"
2136,{'Output': 'match'},"GDDR5X, 1142MHz Boost Clock, 1511MHz Base Clock, 352-bit Memory Interface, 3 DisplayPort 1.4, 1 HDMI 2.0b, 1 DVI-D, 1 USB Type-C, 1 USB 2.0, 1 SLI HB Bridge, 1 Power Connector, 1 F"
2137,{'Output': 'mismatch'},"PD\': \'€ 4,95\', \'description\': \'  ""MZ-V6P2T0BW Samsung 960 Pro 2TB"" ""Null""   ""Description:Samsung 960 Pro 2TB"" ""Null""   ""Description:Samsung 960 Pro 2TB"" ""Null""   ""Description:Samsung 9"
2138,{'Output': 'mismatch'},"_1': '{\'/mpn\': \'[408854b21]\', \'brand\': \'HP\', \'category\': \'Null\', \'Category\': \'Proliant Memory\', \'Sub-Category\': \'Genuine HP Memory\', \'Generation\': \'667MHz\', \'Part Number\': \'"
2139,{'Output': 'mismatch'},"\', \'description\': \'  \""615729-B21 HP Ethernet 1Gb 4-Port 366M Adapter\"" Price 615729-B21\"" ""New 615729-B21 Adapter Wholesale Price 615729-B21\""  ""De', \'title\': \'"
2140,{'Output': 'mismatch'},"]\', \'/mpn\': \'[st1000dm003]\', \'brand\': \'Seagate\', \'category\': \'Hard Drives\', \'description\': \'  \""Seagate Barracuda 1TB 7200.12 SAS 10K RPM Enterprise-Class Hard Drive ST1000DM00"
2141,{'Output': 'mismatch'},"1-001-5Pack\', \'Products ID\': \'455192\', \'Type\': \'Hard Drive - Hot-Swap\', \'Capacity\': \'146GB\', \'Interface Type\': \'FC-AL\', \'Spindle Speed\': \'10000RPM\', \'Ports\': \'"
2142,{'Output': 'mismatch'},"(tot € 25,-)\': \'€ 4,95\', \'Pakketpost (tot € 25,95)\': \'€ 1,99\', \'Pakketpost (tot € 29,-)\': \'€ 0,-\', \'Pakketpost (tot € 30,-)\': \'€ 0,-\', \'Pak"
2143,{'Output': 'mismatch'},"-Category\': \'Enterprise\', \'description\': \'  ""HP Dynamic Smart Array B120i Controller with 256MB Cache\"", ""Null"" ""HP Dynamic Smart Array B120i Controller with 256MB Cache""   ""HP Dynamic Smart Array B120i Controller with 256MB Cache""@en  HP Dynamic Smart Array B120i"
2144,{'Output': 'match'},"Cooling\', \'Categorie\': \'Computers\', \'Merk\': \'Cooler Master\', \'Productserie\': \'MasterBox', \'Product\': \'MasterBox Q300L\', \'Uitvoering\': \'Cooler Master MasterBox Q300L, Black\', \'EAN\': \'0886"
2145,{'Output': 'mismatch'},"internal\', \'description\': \'  ""230534-B21 HP 40GB 7.2K 40pin IDC Ultra Wide Hard Drive"" Ultra Wide Hard Drive - NCIX""\', \'title\': \'230534-B21 HP 40GB 7.2K 40pin IDC Ultra Wide Hard Drive"
2146,{'Output': 'mismatch'},".4K 2.5-inch SATA Hot-Swap Hard Drive"" ""Hard Drive - Hot-Swap""   ""431786-B21 HP 120-GB 5.4K 2.5-inch SATA Hot-Swap Hard Drive"" ""Hard Drive - Hot-Swap""   ""431786-B21 HP 120-GB 5"
2147,{'Output': 'mismatch'},"'category\': \'Null\', \'Category\': \'Proliant Memory\', \'Sub-Category\': \'Genuine HP Memory\', \'Generation\': \'1GB\', \'Part Number\': \'631671-B21\', \'Products ID\': \'142767\', \'Storage Capacity\': \'1"
2148,{'Output': 'match'},"{""Output"": ""match""}"
2149,{'Output': 'mismatch'},"x8GB PC4-19200 DDR4-2400Mhz, 16-16-16-39-2N@1.20V XMP, DDR4 Vengeance LPX\', \'brand\': \'Corsair\', \'sku\': \'cmk16gx4m2a2400c16\',"
2150,{'Output': 'mismatch'},"G8 G9 200-GB 6G 2.5 SAS SC SSD\', \'subcategory\': \'Description:10 x 200GB 2.5-inch Serial Attached SCSI (SAS) SSD\', \'sku\': \'653078b2110pack\', \'type\': \'Description:10 x"
2151,{'Output': 'mismatch'},"\': \'10000 RPM\', \'Hot Swap\': \'Yes\', \'Pre-Failure Warranty\': \'Yes\', \'Hot Swap Tray\': \'Included/Attached\', \'description\': \'  \""238921-B21 HP 72.8-GB 10K 3.5 DP"
2152,{'Output': 'mismatch'},"211, 8841020242212, 8841020242213, 8841020242214, 8841020242215, 8841020242216, 8841020242217, 8"
2153,{'Output': 'mismatch'},"{""Output"": ""mismatch""}"
2154,{'Output': 'mismatch'},"CO-9050013-WW | OcUK""@en  ""High performance airflow fan with\', \'title\': \'Corsair SP120 PWM High Pressure Fan 4 pin, Single Pack (CO-9050013-WW)\', \'subcategory\': \'\', \'sku\': \'co9050013ww\"
2155,{'Output': 'mismatch'},"ewlett Packard Enterprise\', \'sku\': \'432094b21\', \'type\': \'15K RPM Drive\', \'description\': \'  ""HP 146-GB 15K 3.5 SP SAS HDD"" ""Null""   ""Description:HP 146GB 15K 3.5 SP SAS H"
2156,{'Output': 'mismatch'},"3000), Non-ECC Unbuffered, CA\', \'description\': \'  \""Corsair Vengeance Red LED 32GB DDR4 3000 Memory Kit 2x 16GB\""@en 16GB LN73403 - CMU32GX4M2C3000C15\', \'description\': \'"
2157,{'Output': 'mismatch'},"11111\', \'Type\': \'Hard Drive - Hot-Swap - Gen8\', \'Large Form Factor\': \'3.5 inches\', \'Capacity\': \'500GB\', \'Interface Type\': \'Serial ATA\', \'Connector\': \'22-Position Serial ATA (SATA) Plug\', \'Data Transfer Rate\"
2158,{'Output': 'mismatch'},"ally, enter multiple part numbers separated by commas:390394-001\', \'brand\': \'HPE\', \'sku\': \'390394001\', \'type\': \'Power Supply\', \'description\': \'  ""390394-001 HP Proliant ML350 G4p PS"
2159,{'Output': 'mismatch'},"{""Output"": ""mismatch""}"
2160,{'Output': 'mismatch'},"G5(2.4GHz/4-core/8MB/105W)Full Processor Option Kit\', \'sku\': \'533995b22\', \'type\': \'Intel Xeon X3220 DL120 G5(2.4GHz/4-core/8MB/105W)Full Processor Option Kit\',"
2161,{'Output': 'mismatch'},"16GB 240-pin DIMM\', \'EAN\': \'08861123532784, 05711045333873, 04948382879943, 4\', \'SKU\': \'672631b21\', \'description"
2162,{'Output': 'mismatch'},"4.00GHz Quad-Core Desktop Processor (LGA1151) - Retail""   ""Intel Core i7 6700K 4.00GHz Quad-Core Desktop Processor (LGA1151) - Retail""  ""Intel Core i7 6700K 4.00GHz Quad-Core Desktop Processor ("
2163,{'Output': 'mismatch'},"{""Output"": ""mismatch""}"
2164,{'Output': 'mismatch'},"TA\', \'Data Transfer Rate\': \'3GB/s\', \'Rotational Speed\': \'5400RPM\', \'Manufacturer\': \'HP/Compaq\', \'price\': \'""CAD"", ""$229.95 CAD""\', \'description\': \'  ""431786-B21 HP 120"
2165,{'Output': 'mismatch'},"Opsturen Nederland t/m € 500,-\': \'€ 12,95\', \'Opsturen Nederland t/m € 1000,-\': \'€ 19,95\', \'Opsturen Nederland t/m € 2500,-\': \'€ 29,95\', \'Opsturen Nederland t/m € 5"
2166,{'Output': 'match'},"12,10\', \'Pakketpost tot € 50,-\': \'€ 0,-\', \'Pakketpost DPD\': \'€ 3,95\', \'Pakketpost 0-30 kg\': \'€ 4,95\', \'iDeal (vanaf € 10,-)\': \'€ 0,-\',"
2167,{'Output': 'mismatch'},"\'  ""EVGA GeForce GTX 1060 SC GAMING 6GB 192-bit GDDR5 PCI Express 3.0 Video Card""@en 06G-P4-6163-KR | S', \'title\': \'EVGA GeForce GTX 1060 SC GAMING 6GB 192-bit GDDR5 PCI Express"
2168,{'Output': 'mismatch'},"L-12800) SODIMM 204-Pin Laptop Memory (CT102464BF160B)\', \'sku\': \'CRUSD168L\', \'type\': \'Memory Module\', \'subcategory\': \'Memory Module\', \'brand_2\': \'Crucial\', \'sku_"
2169,{'Output': 'mismatch'},"000NM0011-10Pack\', \'sku\': \'ST2000NM001110pack\', \'type\': \'Seagate 2TB 7.2K 3.5 SATA\'}', 'Entity_2': '{\'title\': \'ST2000NM0011 Seagate 2-TB"
2170,{'Output': 'mismatch'},"': \'Ultra320\', \'Part Number\': \'HP430169002\', \'Products ID\': \'15364\', \'Capacity\': \'72.8GB\', \'description\': \'  ""HP430169002 HP 72.8-GB U320 SCSI 1"
2171,{'Output': 'mismatch'},"'Memory\', \'brand\': \'Crucial\', \'description\': \'  ""Crucial Ballistix Sport LT 8GB (1 x 8GB) DDR4 1600MHz CL10 - 240-Pin SODIMM - Black\', \'title\': \'Crucial Ballistix Sport LT 8GB (1 x 8"
2172,{'Output': 'mismatch'},"hermal Design Power\': \'130W\', \'description\': \'  \""495916-B21 HP Xeon X3440 2.13GHz DL1366 G6\"", \""Null\"" ""New 495916-B21 G6 Wholesale Price 495916-B21"" ', \'title\"
2173,{'Output': 'mismatch'},"', \'brand\': \'HP\', \'sku\': \'bd03656aba\', \'type\': \'Hard Drive\', \'description\': \'  ""BD03656ABA HP 36.4-GB 10K FC-AL"" Price BD03656ABA-2Pack"" ""New BD03656AB"
2174,{'Output': 'mismatch'},"'Price CMU64GX4M4C3000C15R\', \'brand\': \'Corsair\', \'sku\': \'CMU64GX4M4C3000C15R\', \'type\': \'Description:2 x 32GB 16GB DDR4 3000MHz 15-1"
2175,{'Output': 'mismatch'},")\': \'€ 0,-\', \'description\': \'  ""NZXT S340 Elite CA-S340W-B3 Zwart"" CA-S340W-B3 ""NZXT S340 Elite"" CA-S340W-B3 ""NZXT S340 Elite"" CA-S340W-B3 ""NZ"
2176,{'Output': 'mismatch'},"New 445974-B21 G5 Wholesale 2"" ""Description:2 x AMD Opteron 2354 DL165 G5(2.2GHz/2-core/1MB/75W) ACPFull 2 Processor Option Kit\', \'type\': \'Description:2 x AMD Opteron 2354 DL165 G5("
2177,{'Output': 'mismatch'},"1]\', \'/mpn\': \'[249674001]\', \'brand\': \'HP\', \'category\': \'\', \'Category\': \'Proliant Server\', \'Sub-Category\': \'DL360p\', \'Generation\': \'G2\', \'Part Number\': \'249674"
2178,{'Output': 'mismatch'},"533993-B22"" G5 Wholesale Price 533993-B22"" \'}', 'Entity_2': '{\'title\': \'533993-B22 HP Xeon E7400 2.8GHz DL120 G5\', \'category\': \'Null\', \'subcategory\': \"
2179,{'Output': 'mismatch'},"'2 GB\', \'description\': \'  ""323146-B21 HP ProLiant BL20p G7 Blade Server"" ""323146-B21 HP ProLiant BL20p G7 Blade Server""  ""Description:323146-B21 HP ProLiant BL20p G7 Blade Server""  ""Description:3"
2180,{'Output': 'match'},",95\', \'iDeal (vanaf € 10,-\)': \'€ 0,-\', \'Pakketpost vanaf\': \'€ 1,99\', \'Pakketpost NL DPD\': \'€ 4,95\', \'Pakketpost (vanaf € 50,-\)': \'€ 0,-\', \"
2181,{'Output': 'mismatch'},"21\', \'Product ID\': \'144298\', \'Capacity\': \'120GB\', \'Interface\': \'Serial Attached SCSI (SAS)\', \'Enclosure\': \'Internal\', \'Drive Dimensions\': \'2.5 inches x 0.1H (Low Profile)\', \'Spindle Speed\': \'"
2182,{'Output': 'mismatch'},"/gtin13\': \'[3240113422321]\', \'category\': \'Memory\', \'Categorie\': \'Geheugen\', \'Merk\': \'Corsair\', \'Product\': \'Corsair Vengeance LPX 16GB (2 x 8GB) DDR4 DRAM 2"
2183,{'Output': 'mismatch'},"23-B21 HP BL20p G2 X2.8GHz/1MB 1P 512MB Memory M1 HP Part#359623-B21"" ""Null"" Price 359623-B21"" 512MB Wholesale 359623-B21  ""Description: HP Proliant BL20p G2"
2184,{'Output': 'mismatch'},"2mkii\', \'type\': \'2-Channel USB Interface\', \'description\': \'  ""Steinberg UR22MKII 2-Channel USB Interface""@en ""UR22mkII 2-channel USB audio interface with\', \'description\': \'  ""UR22mkII 2-channel USB audio interface with\', \'description\': \'"
2185,{'Output': 'match'},"D\', \'sku\': \'AMD FX-6300 Black Edition\', \'type\': \'Processor\', \'description\': \'  ""AMD FX-6300 Black Edition - Prijzen ""@NL Tweakers""@NL""@en 6-Core AMD FX-6300 Black Edition Processor\', \'description\': \'  """
2186,{'Output': 'mismatch'},"5ms\', \'HotSwap\': \'Yes\', \'Pre-Failure Warranty\': \'Yes\', \'Hot Swap Tray\': \'Included/Attached\', \'price\': \'\""USD\""', \'description\': \'  \""432094-B21 HP 146-GB 15K 3.5"
2187,{'Output': 'mismatch'},"IMMs\', \'description\': \'  ""325134-001 HP DL580R G2 32GB with 16 x 2 GB DIMMs"", ""Null"" ""New 325134-001 DL580R G2 32GB with 16 x 2 GB DIMMs""', \'title\': \'32"
2188,{'Output': 'mismatch'},"AS"", ""Null"" Price 431943-003-5Pack"" ""New 431943-003 SAS 5 Pack Wholesale 431943-003-5Pack"" ""New 431943-003 SAS 5 Pack Wholesale 431943-003-5Pack"" ""New"
2189,{'Output': 'match'},"sku\': \'381817-001\', \'type\': \'512 MB PC300 DDR RAM\', \'description\': \'  ""381817-001 HP 512 MB PC300 DDR RAM"" ""Null""   ""Description: 512 MB PC300 DDR RAM Part# 381"
2190,{'Output': 'mismatch'},"', \'type\': \'Solid State Drive\', \'description\': \'  ""WD Purple WD20PURZ, 2TB - Prijzen ""@NL Tweakers""@NL WD20PURZ""@en-US\', \'description\': \'  ""WD Purple WD20PURZ, 2TB - Prijzen ""@NL Twe"
2191,{'Output': 'mismatch'},"{""Output"": ""match""}"
2192,{'Output': 'mismatch'},"', \'description\': \'  \""388504-B21 HP 35GB AIT SCSI Tape Drive\"" ""Null""   ""Description:HP 35GB AIT SCSI Tape Drive\', \'title\': \'388504-B21 HP 35GB AIT SCSI Tape Drive\', \'sku\': \'388"
2193,{'Output': 'match'},"G SC Enterprise Mainstream Hard Drive (SSD)\', \'sku_2pack\': \'628061s21sc2pack\', \'sku_4pack\': \'628061s21sc4pack\', \'sku_8pack\': \'628061s21sc8pack\', \'sku_16pack\"
2194,{'Output': 'mismatch'},"sku\': \'cmz8gx3m2a1600c10\', \'type\': \'DDR3\', \'description\': \'  ""Corsair Vengeance 16GB (2x 8GB) 1600MHz DDR3 RAM "" Corsair 16GB (2x 8GB) DDR3 RAM (CMZ8"
2195,{'Output': 'mismatch'},"inch Small Form Factor (SFF) Pluggable Serial ATA (SATA) 6G SC Enterprise Mainstream Solid State Hard Drive (SSD)\', \'description\': \'  ""691862-B21 HP G8 G9 100-GB 6G 2.5 SATA SSD""   ""Description:HP 100GB 2.5-inch Hot-"
2196,{'Output': 'mismatch'},"AMD\', \'category\': \'\', \'description\': \'  \""AMD FX-6350 Six-Core Processor 3.99GHz 125W Socket AM3+ FD6350FRHKBOX ""@en-US ""AMD | 5 Free Hosting""@en-US  \', \'title\': \'AMD FX-6"
2197,{'Output': 'mismatch'},"2 x 8 DIMM 240-pin"" "" Corsair 240-pin CMZ16GX3M2A1600C10 Server Memory CDW.com  ""Corsair Vengeance DDR3 16GB (2 x 8GB) 240-pin SDRAM""@en-US  \', \'Output\': \'match\'"
2198,{'Output': 'match'},"HP431943003\', \'Category\': \'Proliant HardDrive\', \'Sub-Category\': \'15K\', \'Generation\': \'SAS\', \'Part Number\': \'HP431943003-5Pack\', \'Products ID\': \'463216\', \'Type\"
2199,{'Output': 'mismatch'},"': \'HDMI, DisplayPort, DVI\', \'description\': \'  ""Intel Core i7-7700 4.2GHz Quad Core Processor - SCAN UK""@en-US "" Intel Core i7-7700 4.2GHz Quad Core Processor - SCAN UK""@en-US  "" Intel Core i7-7700 4."
2200,{'Output': 'mismatch'},"{""Output"": ""mismatch""}"
2201,{'Output': 'mismatch'},": BL20PG2 Xeon 2.8GHz 1M 1GB (2P) Manufacturer Part# 359557-B21\', \'description\': \'  ""359557-B21 BL20P G2 Xeon 2.8GHz (2P) 1GB (2P) 2.8GHz""@en"
2202,{'Output': 'mismatch'},"61-001 HP 72.8-GB 10K FC-AL\', \'category\': \'StorageWorks\', \'subcategory\': \'72.8GB 10K Fibre Channel\', \'brand\': \'HP\', \'sku\': \'359461001\', \'type\': \'Hard Drive"
2203,{'Output': 'mismatch'},"lanes Max aantal PCI-e lanes Het aantal PCI-e lanes dat beschikbaar is voor de processor.\': \'16\', \'Max aantal PCI-e lanes x16 Max aantal PCI-e lanes x16 De maximale breedte van een PCI-e x16 kaart.\': \'16\', \'Max aantal PCI-e lanes x8 Max a"
2204,{'Output': 'mismatch'},"Tweakers ID\': \'398542\', \'Productprijs\': '\u20ac 499,99\', \'Pakketpost Nederland vanaf \u20ac 25,-': '\u20ac 0,-', \'iDeal\': '\u20ac 0,-', \'Totaal\': '\u20ac 4"
2205,{'Output': 'mismatch'},"{""Output"": ""mismatch""}"
2206,{'Output': 'mismatch'},"2 Controller\', \'subcategory\': \'\', \'brand\': \'HP\', \'sku\': \'432103b21\', \'type\': \'Controller\', \'description\': \'  ""432103-B21 HP Smart Array P600/512 Controller"" ""Null""   ""Description:HP Smart Array P6"
2207,{'Output': 'mismatch'},"\', \'DESCRIPCION\': \'Disco duro Seagate Barracuda 1TB SATA III 7200RPM ST1000DM003\', \'title\': \'Disco duro Seagate Barracuda 1TB SATA III 7200RPM ST1000DM003\', \'brand\': \'Se"
2208,{'Output': 'mismatch'},"': \'  ""Raidsonic Icy Box IB-AC6034-U3/IB-AC6033-U3"" ""Raidsonic Icy Box IB-AC6034-U3/IB-AC6033-U3""  ""Raidsonic Icy Box IB-AC6034-U3/IB-AC6033-U"
2209,{'Output': 'match'},"40488\', \'Productprijs\': \'€ 1199,00\', \'Pakketpost Nederland\': \'€ 12,04\', \'iDeal\': \'€ 0,50\', \'Totaal\': \'€ 1201,54\', \'Pakketpost (vanaf €"
2210,{'Output': 'match'},"stijd\': \'11,0 μs\', \'Filecopy to Disk - Small - Gemiddelde doorvoersnelheid\': \'1.022,00 MB/s\', \'Iometer - Sequential - Read - 4KB - Gemiddelde leestijd\': \'1.011,0 μs\', \'Iometer - Sequential - Read"
2211,{'Output': 'mismatch'},"\'15470\', \'Product Type\': \'Tape Drive\', \'description\': \'  \""192106-B21 HP Tape Drive 110/220GB\"" \""Null\""   \""Description: Proliant Tape Drive 110/220GB(110/220GB)\""  \""Description: Proliant T"
2212,{'Output': 'mismatch'},"{""Output"": ""mismatch""}"
2213,{'Output': 'mismatch'},"2 256GB Blauw"", ""Null"" ""Corsair Flash Voyager Slider X2 256GB Blauw""  ""New 256GB Blauw"" Price 256GB Blauw""  ""New 256GB Blauw"" Price 256GB Blauw""  ""New 256GB Blauw"" Price 256GB"
2214,{'Output': 'mismatch'},"', \'description\': \'  ""CO-9050004-WW Corsair AF120 Performance Edition Twin Pack, 120mm"" ""CO-9050004-WW Corsair AF120 Performance Edition Twin Pack, 120mm"" ""CO-9050004-WW Corsair AF120 Performance Edition Twin Pack,"
2215,{'Output': 'mismatch'},"\'Product ID\': \'455283_HP_HardDrives\', \'Capacity\': \'1TB\', \'Interface\': \'SATA SCSI\', \'Enclosure\': \'Internal\', \'Drive Dimensions\': \'3.5 inches x 1/3H (Low Profile)\', \'Spindle Speed\': \'72"
2216,{'Output': 'mismatch'},"5,- (max 10 kg)\': \'€ 0,-\', \'description\': \'  ""WD Green SSD 120GB (WDS120G1G0A) - Prijzen ""@NL Tweakers""@NL\', \'title\': \'WD Green SSD 120GB (WDS120G1G0A) - Prijzen ""@NL"
2217,{'Output': 'mismatch'},"ID\': \'15237\', \'Tape Type\': \'DLT7000\', \'Native Capacity\': \'10GB\', \'Interface Type\': \'SCSI\', \'Enclosure Type\': \'External\', \'Native Data Transfer Rate\': \'10MB/s\', \'Compressed Capacity\': \'20"
2218,{'Output': 'mismatch'},"'G5\', \'Part Number\': \'643778-B21\', \'Products ID\': \'458226\', \'Product Type\': \'Processor\', \'Processor Type\': \'Intel Xeon\', \'Processor Core\': \'Quad-Core\', \'Processor Qty\': \'1\', \'"
2219,{'Output': 'match'},"\', \'sku\': \'518736001\', \'type\': \'Description:450GB 10K Fibre Channel\', \'description\': \'  ""518736-001 HP 450-GB 10K FC-AL HDD"", ""Null""   ""Description:450GB 10K F"
2220,{'Output': 'mismatch'},"\'Verzendkosten\': \'€ 0,-\', \'Verzendkosten NL DPD\': \'€ 4,95\', \'Verzendkosten (vanaf € 44,95)\': \'€ 0,-\', \'Verzendkosten 0-30 kg\': \'€ 4,95\', \'Verzend"
2221,{'Output': 'mismatch'},"s 36.4GB 10K Fibre Channel \', \'description\': \'  ""BD03655B28 HP 36.4-GB 10K FC-AL"" ""Null""   ""Description:5 x StorageWorks 36.4GB 10K Fibre Channel \', \'description\': \'  ""BD03655B2"
2222,{'Output': 'mismatch'},"NS SATA 10 Pack Wholesale Price ST31000524NS-10Pack"" ""New ST31000524NS 3G SATA 10 Pack Wholesale Price ST31000524NS-10Pack"" ""New ST31000524NS 3G SATA 10 Pack Wholesale Price ST3100"
2223,{'Output': 'mismatch'},"74820k\', \'type\': \'Processor\'}', 'Entity_2': '{\'title\': \'Intel Core i7-4820K 3.70GHz (Ivybridge-E) Socket LGA2011 Processor - Retail\', \'category\': \'Processors\', \'subcategory\': \'\', \'brand\"
2224,{'Output': 'mismatch'},"95\', \'description\': \'  ""AMD Ryzen Threadripper 1950X 16-Core 32-Thread Unlocked Desktop Processor"" "" AMD Ryzen Threadripper 1950X 16-Core 32-Thread Unlocked Desktop Processor YD195XA8AEWOF"" "" AMD Ryzen Threadripper 1950"
2225,{'Output': 'mismatch'},"451121001]\', \'brand\': \'HP\', \'category\': \'Null\', \'Category\': \'Proliant Memory\', \'Sub-Category\': \'Genuine HP Memory\', \'Generation\': \'512 MB\', \'Part Number\': \'451121-001\', \'Product"
2226,{'Output': 'mismatch'},"'category\': \'Null\', \'subcategory\': \'Price\', \'brand\': \'Kingston\', \'sku\': \'DTDUO3C/32GB\', \'type\': \'USB 3.1 Flash Memory Drive with Dual interface accommodate\', \'description\': \'  ""Kingston USB 3.1 Type A+C microDuo"
2227,{'Output': 'mismatch'},"akketpost (vanaf € 36,-)\': \'€ 0,-\', \'Pakketpost (vanaf € 100,-)\': \'€ 0,-\', \'description\': \'  ""Kingston DataTraveler SE9 G2 128GB USB 3.0 Flash Drive #2\"" Inc. Page 11\"" \""Kingston DataTraveler SE9"
2228,{'Output': 'mismatch'},"3.5 SATA SC\', \'subcategory\': \'\', \'sku\': \'628061s21\', \'type\': \'Description:HP 3TB 3.5-inch (LFF) Serial ATA (SATA) 6G7.2K Hot-Plug Midline (MDL) Hard Drive in G8 G9(Gen8 Gen9"
2229,{'Output': 'mismatch'},"': \'€ 3,95\', \'Pakketpost DPD Max\': \'€ 4,95\', \'Pakketpost DPD Plus\': \'€ 5,95\', \'Pakketpost DPD Plus Max\': \'€ 6,95\', \'Pakketpost DPD Premium\': \'€ 7,95\"
2230,{'Output': 'mismatch'},"2683V4 Add-In Processors\', \'brand\': \'Intel\', \'sku\': \'bx80660e52683v4\', \'type\': \'Processors\', \'description\': \'  ""Intel processor - BX80660E52683V4 Add-In Processors (\'}',"
2231,{'Output': 'mismatch'},"{""Output"": ""match""}"
2232,{'Output': 'mismatch'},"-7700\', \'Uitvoering\': \'Intel Core i7-7700\', \'EAN\': \'5032037092623\', \'SKU\': \'bx80677i77700\', \'Tweakers ID\': \'471222\', \'Product"
2233,{'Output': 'mismatch'},"_2': '{\'title\': \'AMD A6-9500 APU ""@en | AD9500AGABBOX Novatech""@en  ""2 CPU Cores, 6 GPU Cores, 3.5GHz Base Clock Speed, 3.8GHz Max Turbo Speed, 1MB L2 Cache""@en  ""AMD A6-9500 APU"
2234,{'Output': 'mismatch'},"{""Output"": ""mismatch""}"
2235,{'Output': 'mismatch'},"\'DDR4 Memory\', \'brand\': \'Corsair\', \'sku\': \'CMU64GX4M4C3000C15\', \'type\': \'DDR4, 3000MHz, CL15, 1.35v, XMP 2.0, Lifetime Warranty\'}', 'Output':"
2236,{'Output': 'mismatch'},"500GB 3.5 Blue 32MB 7200RPM SATA III Disk (WD5000AZLX)\', \'subcategory\': \'\', \'brand\': \'Western Digital\', \'sku\': \'wd5000azlx\', \'type\': \'Hard Drive\'}', 'Entity_2': '{\'"
2237,{'Output': 'match'},"Plug Hard Drive\', \'brand\': \'HP\', \'sku\': \'430165003\', \'type\': \'Description:146GB 2.5-inch Serial Attached SCSI (SAS)SFF 3G Dual Port Hot-Plug Hard Drive\', \'description\': \'  ""430165-0"
2238,{'Output': 'mismatch'},"74-001 HP 256MB 200MHz DDR PC1600 ECC SDRAM Module"" ""New 249674-001 HP 256MB 200MHz DDR PC1600 ECC SDRAM Module"" ""New 249674-001 HP 256MB 200MHz"
2239,{'Output': 'mismatch'},"73b21]\', \'brand\': \'HP\', \'category\': \'Proliant HardDrive\', \'Category\': \'Proliant HardDrive\', \'Sub-Category\': \'7.2K\', \'Generation\': \'SATA SC\', \'Part Number\': \'589073-B21\', \'"
2240,{'Output': 'mismatch'},"\', \'Artikelnummer\': \'bx80662i56400\', \'Omschrijving\': \'  ""Intel Core i5-6400 2.7GHz 4-Core 6MB L3 Cache 1151 FSB Socket BX80662I56400 Processor""@en ""Intel"
2241,{'Output': 'mismatch'},"U\': \'90YA00NN-M0UA00\', \'Tweakers ID\': \'268446\', \'Productprijs\': \'€ 149,95\', \'Briefpost Nederland\': \'€ 0,-\', \'iDeal\': \'€ 0,-\', \'Totaal\':"
2242,{'Output': 'mismatch'},"'RAID (Ultra160 SCSI)\', \'Type\': \'Server\', \'price\': \'\""$799.95\"", \""USD\""\', \'description\': \'  \""345020-B21 BL20P G2 (2P) Xeon 3.2GHz 1MB\"" \""Null\""   \""Description: Pro"
2243,{'Output': 'mismatch'},"'Internal\', \'Drive Dimensions\': \'3.5 inches x 1/3H (Low Profile)\', \'Spindle Speed\': \'15000RPM\', \'External Data Transfer\': \'300MB/s\', \'Seek Time\': \'3.5ms\', \'HotSwap\': \'Yes\', \'description\"
2244,{'Output': 'mismatch'},"ECC\', \'description\': \'  ""Corsair Vengeance LPX 32GB (2x16GB) DDR4 2133MHz C13 Dual Channel Memory Kit - Black (CMK32GX4M2A2133C13) "" ""New 32GB (2x16GB) DDR4 2133MHz C"
2245,{'Output': 'mismatch'},"raaien.\': \'4\', \'Aantal threads Aantal threads Het aantal threads dat beschikbaar is. Elke thread kan een aparte taak uitvoeren.\': \'8\', \'Maximum TDP Maximum TDP De maximale thermische belasting die de processor kan verwerken zonder te oververhit te raken.\': \'95W\', \'Maximum geheug"
2246,{'Output': 'mismatch'},"u\': \'st31000524ns10pack\', \'sku_5pack\': \'st31000524ns10pack\', \'type\': \'1.0TB Seagate Barracuda ES.2 Hot-Plug Serial ATA (SATA) 3.0GB/s\'}', 'Entity_2': '{\'title"
2247,{'Output': 'match'},"2-B21\', \'sku\': \'691862b21\', \'type\': \'2.5-inch 6G SATA SSD\', \'description_2pack\': \'691862b212pack\', \'sku_2pack\': \'691862b21\', \'sku"
2248,{'Output': 'mismatch'},"-3G\', \'subcategory\': \'Description:300GB 2.5-inch Serial Attached SCSI (SAS)SFF 3G Dual Port Hot-Plug 10K Hard DriveIn HPE Hot-Plug HardDrive\', \'sku\': \'90YV09X5-M0NA00, DUAL-GTX1060"
2249,{'Output': 'mismatch'},"'Proliant Option\', \'Sub-Category\': \'Memory\', \'Generation\': \'DDR3 1600MHz\', \'Part Number\': \'643774-B21\', \'Products ID\': \'457964\', \'Manufacturer\': \'HP\', \'Product Type\': \'Memory"
2250,{'Output': 'mismatch'},"Computers & Accessories\', \'Categorie\': \'Computers & Accessories\', \'Subcategory\': \'Computers & Accessories\', \'description\': \'  \""HP Enterprise 325134-001 16GB 2933MHz DDR3L SODIMM 260-Pin 16GB (2 x 8GB)"
2251,{'Output': 'mismatch'},"Speed\': \'2.66GHz\', \'description\': \'  ""487511-B21 Intel Xeon Processor 2.66GHz"" Price 487511-B21"" ""New 487511-B21 Processor Wholesale \', \'title\': \'487511-B21"
2252,{'Output': 'mismatch'},"description\': \'  ""New 249675-001 HP 256MB 200MHz DDR SDRAM Server Memory"" ""New 249675-001 HP 256MB 200MHz DDR SDRAM Server Memory""@en  ""New 249675-001 HP 256MB 2"
2253,{'Output': 'mismatch'},"400GB 10K SAS Internal Hard Drive"" ""Null""   ""Description:HP 400GB 10K SAS Internal Hard Drive"" ""Pre-Failure Warranty"" ""Hot Swap Tray Included/Attached"" ""Hot Swap"" ""Dual Port"" ""456896-001 400GB 10K SAS Internal Hard Drive"" ""Pre"
2254,{'Output': 'mismatch'},"{""Output"": ""mismatch""}"
2255,{'Output': 'mismatch'},"sku\': \'391661b21\', \'type\': \'Server Adapter\', \'manufacturer\': \'HP\', \'manufacturer_part_number\': \'NC340T\', \'manufacturer_description\': \'HP NC340T PCI-X Quad Port Gigabit Server Adapter\', \'man"
2256,{'Output': 'mismatch'},"9(Gen8 SmartDrive Cartridge)\', \'description\': \'  ""658071-B21 HP G8 G9 500-GB 6G 7.2K 3.5 SATA SC"" ""Null""   ""Description:HP G8 G9 (Gen8 Gen9) 500GB 3.5-inch (LFF) Serial ATA(S"
2257,{'Output': 'mismatch'},"200-ECC SDRAM DIMM\', \'subcategory\': \'Price\', \'sku\': \'354560b21\', \'type\': \'512MB PC3200 ECC SDRAM DIMM\', \'price\': \'\""$110.15\"", \""USD\""'}'}

Output"
2258,{'Output': 'mismatch'},"/mpn\': \'[320001001]\', \'brand\': \'320001-001\', \'category\': \'Null\', \'Category\': \'Proliant HardDrive\', \'Sub-Category\': \'15K\', \'Generation\': \'Ultra320\', \'Part Number"
2259,{'Output': 'mismatch'},"μs\', \'Filecopy to Disk - Medium - Gemiddelde doorvoersnelheid\': \'1.041,95 MB/s\', \'Filecopy to Disk - Small - Gemiddelde leestijd\': \'1,0 μs\', \'Filecopy to Disk - Small - Gemiddelde schrijftijd\': \'1,0 μs\"
2260,{'Output': 'mismatch'},"SKU\': \'G55MDDE32LPDF, G55MDDE32LPD\', \'Tweakers ID\': \'444138\', \'Productprijs\': \'€ 1199,99\', \'Pakketpost vanaf € 99,-\': \'€ 5,95\', \'iDeal"
2261,{'Output': 'mismatch'},"€ 10,-)\': \'€ 0,-\', \'description\': \'  ""WD Blue 1TB SSD SATA 6Gbps WDS100T1B0A""@es  ""Disco Solida SSD, 2.5 7mm SATA 6Gbps, 1TB, controloe\', \'title\': \'WD Blue"
2262,{'Output': 'mismatch'},"B\', \'Form Factor\': \'3.5 inches x 1/3H (Internal)\', \'Interface\': \'Serial ATA\', \'Maximum Sustained Transfer Rate\': \'140MB/s\', \'Spindle Speed\': \'7200RPM\', \'Average Seek Time\': \'8.5ms\', \'"
2263,{'Output': 'match'},"(SAS) 6G SCL SC SSD\', \'brand\': \'HP\', \'sku\': \'632429-003\', \'type\': \'400GB 2.5-inch (SFF) Serial Attached SCSI (SAS) 6G SCL SC Enterprise Performance (EP) SSD\', \'description\': \'"
2264,{'Output': 'mismatch'},"5)\': \'€ 0,-\', \'description\': \'  ""WD Purple 2TB (WD20PURZ)""@en ""Interne harde schijven - WD Purple\', \'title\': \'WD Purple 2TB (WD20PURZ)\', \'subcategory\': \'WD Purple\', \'brand\': \'WD"
2265,{'Output': 'mismatch'},"\': \'Intel Xeon E5-2600 series\', \'brand\': \'Intel\', \'sku\': \'bx80635e52690v2\', \'type\': \'Processor\', \'description\': \'  ""Intel Xeon E5-2690 v2 2.5GHz 1"
2266,{'Output': 'mismatch'},"': \'146GB\', \'Interface\': \'Fibre Channel\', \'description\': \'  ""359461-001-5Pack"" ""New 359461-001-5Pack"" ""Description: 359461-001-5Pack 146GB Fibre Channel 3.5 inch x 1"
2267,{'Output': 'mismatch'},"ed Voltage\': \'1.35V\', \'description\': \'  ""Corsair Vengeance LPX 32GB (2 x 16GB) DDR4 2133MHz 288-pin"" "" Corsair 288-pin CMK32GX4M2A2133C13 SODIMM 32GB"
2268,{'Output': 'mismatch'},"X80643I34340\', \'brand\': \'Intel\', \'sku\': \'BX80643I34340\', \'type\': \'Processor\', \'description\': \'  ""Intel Core i3 4340 / 3.6 GHz processor"" Processor (BX80643"
2269,{'Output': 'mismatch'},"4-bit\': \'64-bit\', \'description\': \'  ""Intel Core i7-6700K 6-Core 4.0 GHz LGA 1151 Processor""@en-US ""Intel Core i7-6700K 6-Core 4.0 GHz LGA 1151 Processor""@en  ""Intel Core"
2270,{'Output': 'mismatch'},"DP NHP SAS ""   ""Description:5 x 400GB Serial Attached SCSI (SAS)\', \'title\': \'508429-001 HP 400-GB 10K 3.5 DP NHP SAS\', \'subcategory\': \'\', \'sku\': [\'508429-001\"
2271,{'Output': 'mismatch'},15FB/4) Kingston HyperX Fury black 4GB DDR4 2133MHz CL15 DIMM (HX426C15FB/4) Kingston HyperX Fury black 4GB DDR4 2133MHz CL15 DIMM (HX426C15FB/4) Kingston HyperX Fury black 4
2272,{'Output': 'mismatch'},".5 inches x 1/3H (Internal)\', \'description\': \'  ""HP 417190-002 72GB 15K 3.5 1/3H (Internal) SAS"" HP 417190-002 Price HP 417190-002\', \'title\': \'HP 417"
2273,{'Output': 'mismatch'},"\', \'description\': \'  ""Gigabyte BRIX GB-BXBT-2807 - Mini-PC - Intel Core i7-4770R 3.4GHz - 16GB DDR3 - 128GB SSD - Windows 10 Home 64-bit - 2 x USB 3.0 - 2 x USB 2.0 - 1"
2274,{'Output': 'mismatch'},"'Hard Drive\', \'description\': \'  ""Seagate Desktop HDD, 1TB - Prijzen ""@NL HDD Tweakers""@NL"" ""Seagate Desktop HDD 1TB"" ""Seagate Desktop HDD 1TB"" ""Seagate Desktop HDD 1TB"" ""Seagate Desktop HDD 1TB"" ""Seag"
2275,{'Output': 'mismatch'},"\'description\': \'  ""MAY2073RC Fujitsu 73-GB 6G 10K 2.5 DP SAS""   ""Description:2 x 73GB 2.5-inch Serial Attached SCSI (SAS) SFF 6G Dual Port Hot-Plug 10K Hard Disk Drive\', \'title\': \'MA"
2276,{'Output': 'mismatch'},"{""Output"": ""mismatch""}"
2277,{'Output': 'mismatch'},"429-003 HP G8 G9 400-GB 6G 2.5 SAS SLC SSD\', \'subcategory\': \'Description:400GB Serial Attached SCSI (SAS) 2.5-inch 6Gb/s SLC SSD\', \'sku\': \'632429003, 632"
2278,{'Output': 'match'},"\'category\': \'Motherboard\', \'Categorie\': \'Moederborden\', \'Product\': \'HP 242469-001\', \'Uitvoering\': \'HP 242469-001\', \'EAN\': \'8717420434642\', \"
2279,{'Output': 'mismatch'},"\""BD03655B28-5Pack StorageWorks 36.4GB 10K Fibre Channel40 pin 2GB/s HotSwap FCAL Hard Drive\"" ""Description:StorageWorks 36.4GB 10K Fibre Channel40 pin 2GB/s HotSwap FCAL Hard Drive"" ""Description:StorageWorks 36.4GB"
2280,{'Output': 'mismatch'},"'Sub-Category\': \'RAM\', \'brand\': \'Crucial\', \'type\': \'2666MHz DDR4 SODIMM 16GB (2 x 8GB)\', \'description\': \'  ""Crucial 16GB (2 x 8GB) 2666MHz DDR4 SODIMM Memory Module"""
2281,{'Output': 'mismatch'},"HDD\', \'subcategory\': \'\', \'sku\': \'[hp45689600110pack]\'}', 'Entity_2': '{\'title\': \'456896-001 HP 400-GB 10K 3.5 DP SAS HDD\', \'category\': \'\', \'subcategory"
2282,{'Output': 'mismatch'},"vanaf € 15,95)\': \'€ 0,-\', \'Pakketpost (vanaf € 10,95)\': \'€ 0,-\', \'Pakketpost (vanaf € 9,95)\': \'€ 0,-\', \'Pakketpost (vanaf € 8,95)\': \'€ 0,-\', \"
2283,{'Output': 'match'},"\', \'sku\': \'CMK32GX4M2A2666C16\', \'type\': \'Memory Module\', \'description_en\': \'  ""Corsair Vengeance LPX 16GB (2 x 8GB) DDR4 2666MHz C16 XMP 288-Pin Memory Module - Black\"
2284,{'Output': 'match'},"{""Output"": ""match""}"
2285,{'Output': 'mismatch'},"-GB 6G 10K 2.5 DP SAS HDD\', \'sku\': \'eg0146fartr\', \'type\': \'Hard Drive - Hot-Swap\', \'manufacturer\': \'HP\', \'model\': \'EG0146FARTR\', \'warranty\': \'5 Years"
2286,{'Output': 'match'},"\'subcategory\': \'2GB 266MHz SDRAM Kit\', \'sku\': \'300680b21\', \'type\': \'Memory Kit\'}', 'Entity_2': '{\'title\': \'300680-B21 HP 2GB (2x1GB) 266MHz SDRAM Kit\"
2287,{'Output': 'match'},"': \'Low Voltage\', \'description\': \'  ""Corsair Vengeance Jet Black 16GB (2x8GB) DDR3 1600MHz Memory Kit CMZ16GX3M2A1600C10"" ""Null"" Price CMZ16GX3M2A1600C10"" ""New 16GB (2"
2288,{'Output': 'mismatch'},"5 Inch WD60EFRX\', \'subcategory\': \'NAS Hard Drive\', \'sku\': \'wd60efrx\', \'type\': \'Hard Drive\'}', 'Entity_2': '{\'title\': \'WD Red 6TB NAS Hard Drive - 5400 RPM Class SATA 6 Gb/s 64MB Cache"
2289,{'Output': 'mismatch'},"AA HP 72.8-GB U320 SCSI 15K\', \'subcategory\': \'Price\', \'sku\': \'3ra3851aa\', \'sku_5pack\': \'3ra3851aa5pack\', \'type\': \'New 3R-A3851-AA 15K 5"
2290,{'Output': 'mismatch'},"\'150MB/s\', \'price\': \'""USD"", ""$119.95""\', \'description\': \'  ""36GB HP 3G 10K 3.5-inch Internal SAS HDD"" HardDrive | 376596-001-5Pack""  ""36GB HP 3G 10K 3."
2291,{'Output': 'mismatch'},"Aluminium\', \'description\': \'  ""Corsair Vengeance LED 32GB (2x16GB) DDR4 3000MHz C15 288-pin Memory Module (CMU32GX4M2C3000C15R) - Black\', \'title\': \'Corsair Vengeance LED 32GB ("
2292,{'Output': 'match'},"u\': \'CT51264BF160B\', \'type\': \'Memory\', \'description\': \'  ""Crucial CT51264BF160BJ 4gb Ddr3 1600 Mt / S Pc3-12800 Cl11 Sodimm 204pin""@en\', \'Output\"
2293,{'Output': 'mismatch'},"'ssdsc2bb120g4, ssdsc2bb120g401, ssdsc2bb120g4k5\', \'type\': \'Solid state drive\', \'description_long\': \'Intel Solid-State Drive DC S3500 Series - solid state drive 120 GB SATA 6Gb/s\', \'"
2294,{'Output': 'mismatch'},"\'ECC\': \'Yes\', \'description\': \'  \""Corsair Vengeance LPX 16GB (2 x 8GB) DDR4 2666MHz\"" \"" Corsair 16GB (2 x 8GB) DDR4 2666MHz Unbuffered Memory Module M2666C16R\""  \""Corsair V"
2295,{'Output': 'mismatch'},"{""Output"": ""mismatch""}"
2296,{'Output': 'mismatch'},"Speed\': \'7200 RPM\', \'description\': \'  ""40 GB 7.2K Ultra Wide SAS 100MBps 40pin IDC HP 230534-B21""@en 40GB 7.2K Ultra Wide SAS 100MBps 40pin IDC HP 2305"
2297,{'Output': 'match'},"{""Output"": ""mismatch""}"
2298,{'Output': 'mismatch'},"\'Tweakers ID\': \'392221\', \'Productprijs\': \'€ 119,99\', \'Pakketpost Nederland\': \'€ 0,-\', \'iDeal\': \'€ 0,-\', \'Totaal\': \'€ 122,99\', \'Pakketpost tot"
2299,{'Output': 'mismatch'},"03656ABA-10Pack""@en BD03656ABA-10Pack ""HP""@en\', \'title\': \'BD03656ABA-10Pack\', \'subcategory\': \'\', \'sku\': \'bd03656aba10pack\', \'type\': \'Hard Drive Hot-Sw"
2300,{'Output': 'mismatch'},"\', \'description\': \'  ""72GB 2.5-inch Serial Attached SCSI (SAS) SFF3G Dual Port Hot-Plug 15K Hard Disk Drive"" ""Description:72GB 2.5-inch Serial Attached SCSI (SAS) SFF3G Dual Port Hot-Plug 15K Hard Disk Drive""   ""Description:72"
2301,{'Output': 'mismatch'},"{""Output"": ""match""}"
2302,{'Output': 'mismatch'},"'Category\': \'Hard Drive\', \'Sub-Category\': \'5.4K\', \'Generation\': \'SATA\', \'Part Number\': \'HP 691862-B21\', \'Product ID\': \'142989_HP_HardDrives\', \'Type\': \'Hard Drive - Hot-Swap\"
2303,{'Output': 'mismatch'},"{""Output"": ""match""}"
2304,{'Output': 'mismatch'},"GB PRO\', \'Product\': \'Corsair Vengeance RGB PRO 16GB (2 x 8GB) DDR4 DRAM 2666MHz\', \'Uitvoering\': \'16GB (2 x 8GB) DDR4 2666MHz\', \'EAN\': \'08435910284"
2305,{'Output': 'mismatch'},"\': \'PC2-5300\', \'Part Number\': \'354560-B21\', \'Products ID\': \'15629\', \'Storage Capacity\': \'8GB (2 x 4GB)\', \'Technology\': \'DDR II SDRAM\', \'Form Factor\': \'DIMM"
2306,{'Output': 'mismatch'},"49363b21]\', \'/gtin13\': \'[0044936321111]\', \'brand\': \'HP\', \'category\': \'Null\', \'Category\': \'Proliant Controller\', \'Sub-Category\': \'HBA\', \'Generation\': \'SC40Ge\',"
2307,{'Output': 'mismatch'},"UR BK"" ""Kingston HyperX Fury Black 4GB DDR4 2666MHz CL15 DIMM""@en\', \'description\': \'  ""Kingston HyperX Fury Black 4GB DDR4 2666MHz CL15 DIMM""@en\', \'sku\': \'HX426C15FB/"
2308,{'Output': 'mismatch'},"9077655]\', \'category\': \'\', \'Categorie\': \'Solid State Drives\', \'Merk\': \'Seagate\', \'Product\': \'Seagate Barracuda 2.5 Inch 1TB 7200RPM SATA III Internal Hard Drive\', \'Uitvoering\': \'1"
2309,{'Output': 'mismatch'},"'Non-ECC Unbuffered\', \'description\': \'  ""Corsair 16GB Vengeance LPX DDR4 3200MHz RAM/Memory Kit 4x 4GB""@en 4GB LN69132 - CMK16GX4M4C3200C16R\', \'type\': \'Non-ECC"
2310,{'Output': 'mismatch'},"', \'sku\': \'4160\', \'type\': \'Processor\', \'description\': \'  ""4th Generation Intel® Core™ i3 3.6GHz Socket LGA1150 3MB L3 Cache"" ""4160"" ""Description:Intel® Core™ i3-4160 3.6GHz Socket LGA1"
2311,{'Output': 'mismatch'},"72GB SAS 15K HP Proliant HardDrive Internal 15000RPM 3.5 inches x 1/3H (Low Profile) 3.5ms Seek Time 300MB/s External Data Transfer HotSwap Yes Pre-Failure Warranty Hot Swap Tray Included/Attached""@en  ""72GB SAS 15K HP"
2312,{'Output': 'mismatch'},"'description\': \'  ""AMD Ryzen 7 1700 Quad-Core Processor 3.0 GHz 8 MB Cache AM4 - YD1700BBAEBOX""@en-US ""Processor \', \'title\': \'AMD Ryzen 7 1700 Quad-Core Processor 3.0 GHz 8 MB Cache AM4 - YD"
2313,{'Output': 'match'},"{""description"": """"}"
2314,{'Output': 'mismatch'},"350 G6\', \'subcategory\': \'\', \'brand\': \'HP\', \'sku\': \'495906b21\', \'type\': \'Processor\', \'description_full\': \'  ""495906-B21 HP X5560 2.80GHz ML350 G6("
2315,{'Output': 'mismatch'},"'Proliant HardDrive\', \'Sub-Category\': \'Enterprise\', \'Part Number\': \'518736-0012Pack\', \'Products ID\': \'461058\', \'Form Factor\': \'3.5 inches\', \'Capacity\': \'146GB\', \'Interface Type\': \"
2316,{'Output': 'mismatch'},"Speed\': \'2133MHz\', \'Voltage\': \'1.5V\', \'description\': \'  ""Corsair Vengeance LED 16GB (2x8GB) DDR4 2133MHz Memory Module - CML16GX4M2C3000C15""@en-US ""Computer Memory -\'}',"
2317,{'Output': 'match'},"{\'/mpn\': \'[238921b21]\', \'brand\': \'HP\', \'category\': \'StorageWorks\', \'Category\': \'Storageworks HDD\', \'Sub-Category\': \'10K\', \'Generation\': \'Fibre Channel\', \'Part Number\': \'23892"
2318,{'Output': 'mismatch'},"sku\': [\'st3750330ns\', \'st3750330ns2pack\'], \'type\': \'7.2K Midline MSA 2 SATA\', \'description\': \'  ""ST3750330NS HP MSA2 750-GB 7.2K 3.5 SATA"", ""Null"""
2319,{'Output': 'mismatch'},"{""Output"": ""mismatch""}"
2320,{'Output': 'match'},"description\': \'  ""Intel Core i5-7500 2.7GHz 6MB L3 Cache 4-Core 1151 Boxed Processor"" ""BX80677I57500 Intel Core i5-7500 2.7GHz 6MB L3 Cache 4-Core 1151 Boxed Processor""  ""Description:"
2321,{'Output': 'mismatch'},"7TD120BW 120GB 2.5 Inch SATA III Internal Solid State Drive\', \'category\': \'Computers & Accessories\', \'subcategory\': \'Computers\', \'brand\': \'Samsung\', \'sku\': \'mz7td120bw\', \'type\': \'Solid State Drive\"
2322,{'Output': 'mismatch'},"{""Output"": ""mismatch""}"
2323,{'Output': 'mismatch'},"n\': \'[bx80646i56100]\', \'brand\': \'Intel\', \'category\': \'Processor\', \'description\': \'  ""Intel Core i5 6100U Processor 2.3GHz 2MB L3 Cache 15W""  ""Intel Core i5 6100U Processor"
2324,{'Output': 'match'},"Kit\', \'description\': \'  ""Gigabyte Brix GB-BKi3HA-7100 Kit - Intel Core i3-7100U Processor"", ""Null"" Price 37026.00"" ""New Gigabyte Brix GB-BKi3HA-7100 Kit - Intel Core i3-7100U Processor""  \"
2325,{'Output': 'mismatch'},"1 HP 1GB (2x512MB) PC2-5300 SDRAM"", ""Null"" ""New 397409-B21 SDRAM Kit Wholesale Price 397409-B21""  ""New 397409-B21 SDRAM Kit Wholesale Price 397409-B21""  """
2326,{'Output': 'match'},"\': \'3.5 inches\', \'Interface Type\': \'Serial ATA\', \'Spindle Speed\': \'7200RPM\', \'description\': \'  ""ST31000524NS Dell EqualLogic Drive 1TB 7.2K 3.5 SATA"" ""New ST31000524NS S"
2327,{'Output': 'mismatch'},"[3290102345561]\', \'brand\': \'Seagate\', \'category\': \'New\', \'Category\': \'Seagate HardDrive\', \'Sub-Category\': \'7.2K\', \'Generation\': \'SATA\', \'Part Number\': \'ST3200032AS"
2328,{'Output': 'mismatch'},"-40GB\', \'sku\': \'308724001\', \'type\': \'Server\', \'description_full\': \'  ""308724-001 DL360R G3 Xeon 2.8GHz 512MB"" ""Null""   ""Description: Proliant DL360R G3X"
2329,{'Output': 'match'},"u\': \'st3750330ns\', \'type\': \'Hard Drive\', \'description\': \'  ""Seagate Barracuda ES.2 750GB SATA-II 32MB Cache - OEM (ST3750330NS) 750GB 15000RPM 3.5\"" SATA Hard Drive"""
2330,{'Output': 'mismatch'},"{""Output"": ""match""}"
2331,{'Output': 'mismatch'},"{""Output"": ""match""}"
2332,{'Output': 'mismatch'},"2B3000C15 16gb Kit 2x8gb 3000mhz Dram Ddr4 Dominator Plat C15 For Ddr4\', \'subcategory\': \'\', \'sku\': \'CMD16GX4M2B3000C15\', \'type\': \'16GB Kit 2x8GB"
2333,{'Output': 'mismatch'},"{""Output"": ""mismatch""}"
2334,{'Output': 'match'},"""Corsair Air Series AF120 Performance Edition 120mm 1650RPM 63.47CFM 30DBA Airflow Fan Dual Pack - CO-9050004-WW NCIX""@en ""▷ Corsair\', \'description\': \'  ""Corsair Air Series AF120 Performance Edition 120"
2335,{'Output': 'mismatch'},"ant Server\', \'Sub-Category\': \'DL360\', \'Generation\': \'G2\', \'Part Number\': \'370780-001\', \'Products ID\': \'142478\', \'Processor(s)\': \'2x Intel Xeon 2.5GHz Processor 1MB Cache\',"
2336,{'Output': 'mismatch'},"\'€ 3,95\', \'Pakketpost NL (vanaf € 29,95)\': \'€ 0,-\', \'Pakketpost NL (tot 10 kg)\': \'€ 0,-\', \'Pakketpost NL (tot € 99,-)\': \'€ 3,95\', \'Pakketpost (vanaf €"
2337,{'Output': 'mismatch'},"tot € 199,-\': \'€ 6,95\', \'description\': \'  ""Corsair Air Series AF120 LED Quiet Edition 120mm Fan""@en CO-9050015-WLED""@en \', \'title\': \'Corsair Air Series AF120 LED Quiet Edition 120mm Fan\"
2338,{'Output': 'mismatch'},"'  \""Open Box Lenovo ThinkPad Yoga 11e G3 Celeron N3160 1.6GHz 4GB 16GB ac BT WC 3C 11.6\"" HD MT Chrome\', \'description\': \'  \""Open Box Lenovo ThinkPad Yoga 11e G3 Celeron N3160 1.6GHz 4GB"
2339,{'Output': 'mismatch'},"AR ReadyNAS 212 2-Bay Network Attached Storage for Personal Cloud, Diskless (RN21200-100NES)\', \'sku\': \'RN21200100NES\', \'type\': \'Network Attached Storage\', \'brand\': \'NETGEAR\', \'price\': \'""CAD"
2340,{'Output': 'mismatch'},"DB-016G-B35""@en-US ""Superwarehouse - SanDisk Standard Sandisk SDSDB-016G-B35""@en-US\', \'description\': \'  ""SDSDB-016G-B35""@en ""SDSDB-016G-B35""@en-US ""Superwarehouse - SanDisk Standard Sandisk"
2341,{'Output': 'mismatch'},"123456]\', \'category\': \'\', \'Categorie\': \'Computers_and_Accessories\', \'Merk\': \'Dell\', \'Productserie\': \'PowerEdge\', \'Product\': \'Dell PowerEdge R210 II Tower Server\', \'Uitvoering\': \'Dell PowerEdge R210"
2342,{'Output': 'mismatch'},"Description:64GB DDR4 3000MHz 16GB (4x16GB) Dual Channel Memory Kit\', \'brand\': \'Corsair\', \'sku\': \'CMU64GX4M4C3000C15\', \'type\': \'Memory Kit\', \'description\': \'  ""Corsair V"
2343,{'Output': 'mismatch'},"-\', \'description\': \'  \""AMD - Ryzen 5 1400 3.4GHz 4-Core Processor\"" Processor (YD1400BBAEBOX, YD1400XBBAEBOX) PCPartPicker Deutschland\""', \'title\': \'AMD - Ryzen 5 1400 3.4GHz 4"
2344,{'Output': 'mismatch'},"type\': \'Core i7\'}', 'Entity_2': '{\'title\': \'Intel Core i7-4790 Processor\', \'category\': \'Intel Processor\', \'subcategory\': \'BX80646I74790\', \'brand\': \'Intel\', \'sku\': \'bx80"
2345,{'Output': 'match'},"{""Output"": ""match""}"
2346,{'Output': 'match'},"E5506 2.13GHz DL170h G6\', \'category\': \'\', \'subcategory\': \'\', \'brand\': \'HP\', \'sku\': \'583383b21\', \'type\': \'Intel Xeon E5506\', \'description\': \'  ""5"
2347,{'Output': 'mismatch'},"\'}', 'Entity_2': '{\'title\': \'431786-B21 HP 120-GB 5.4K 2.5 1.5G SATA HDD\', \'category\': \'Hard Drive\', \'subcategory\': \'1.5G SATA 5.4K 2.5-inch SFF Hot-Plug Hard"
2348,{'Output': 'mismatch'},"16GX4M2A2666C16\', \'sku\': \'cmk16gx4m2a2666c16\', \'type\': \'DDR4 Memory\'}', 'Entity_2': '{\'title\': \'Corsair Vengeance LPX Black 16GB (2x8GB) DDR4 PC4-2"
2349,{'Output': 'mismatch'},"""Kingston KTH-ZD8000C6/2G 2GB (2 x 1GB) DDR2 800MHz SDRAM"" Kingston KTH-ZD8000C6/2G 2GB (2 x 1GB) DDR2 800MHz SDRAM"" ""New Kingston KTH-ZD8000C6/2"
2350,{'Output': 'match'},"\', \'brand\': \'HP\', \'sku\': \'643778b21\', \'type\': \'Processor\', \'description\': \'  ""643778-B21 HP Xeon E78867 2.13GHz BL680c G7"" "" New 643778-B"
2351,{'Output': 'mismatch'},"'\', \'brand\': \'Intel\', \'sku\': \'S3610 2,5"" 800GB\', \'type\': \'Hard Drive\', \'description\': \'  ""Intel DC S3610 2,5"" 800GB - Prijzen ""@NL 5"" Tweakers""@NL 2\'}', '"
2352,{'Output': 'mismatch'},"Entity_1': '{\'/mpn\': \'[518736001]\', \'brand\': \'HP\', \'category\': \'StorageWorks\', \'Category\': \'Storageworks HDD\', \'Sub-Category\': \'10K\', \'Generation\': \'Fibre Channel\', \'Part Number\': \'"
2353,{'Output': 'mismatch'},"post TNT\': \'€ 12,10\', \'description\': \'  \""Gigabyte BRIX GB-BXBT-2807\""@en-GB  ""Gigabyte BRIX GB-BXBT-2807""@en-GB', \'title\': \'Gigabyte BRIX GB-BXBT-2807\', \"
2354,{'Output': 'mismatch'},"{""Output"": ""mismatch""}"
2355,{'Output': 'mismatch'},"81121\', \'Productprijs\': \'€ 119,01\', \'Pakketpost (vanaf 50,-)\': \'€ 0,-\', \'iDeal\': \'€ 0,-\', \'Totaal\': \'€ 131,11\', \'Pakketpost Nederland\': \'€"
2356,{'Output': 'mismatch'},"\'None\', \'description\': \'  ""2x16GB DDR4 2666MHz UDIMM Memory Module (288-pin) - Corsair Vengeance LPX Black CML32GX4M2A2666C16\""@en Memory Module LN66398 - CMK32GX4M2A2666C"
2357,{'Output': 'mismatch'},"Price 466116"" ""Description:1-TB Seagate 7.2K 3.5 3G SATA"" ""New ST31000340AS SATA 5 Pack Price 466116"" ""Description:1-TB Seagate 7.2K 3.5 3G SATA"" ""New ST31000340"
2358,{'Output': 'mismatch'},"{""Output"": ""mismatch""}"
2359,{'Output': 'mismatch'},"TL-PA7020PKIT\', \'type\': \'Description: TP-Link AV1000 TL-PA7020PKIT 2-port Gigabit Passthrough Powerline Starter Kit\', \'description2\': \'  ""Powerline AV1000 2-Port Gigabit Passthrough Powerline Starter Kit""@en\',"
2360,{'Output': 'mismatch'},"{""Output"": ""match""}"
2361,{'Output': 'mismatch'},"'dg0146famwl\', \'type\': \'2.5-inch (SFF) Serial Attached SCSI (SAS) 6G10K Hot-Plug Midline (MDL) Hard Drive in 10K(10K)\'}', 'Entity_2': '{\'title\': \'DG0146FAMWL HP 146-GB"
2362,{'Output': 'match'},"10K 3.5 DP SAS HDD\', \'sku\': \'456896001\', \'type\': \'Description:456896-001 HDD Wholesale Price 456896-001\'}', 'Entity_2': '{\'title\': \'456896-001"
2363,{'Output': 'mismatch'},"FS8213\', \'type\': \'RDIMM\', \'Memory Technology\': \'DDR4\', \'Memory Type (ECC)': \'ECC\', \'Memory Type (R/U)': \'Registered (RDIMM)\', \'Memory Speed': \'2133MHz\', \'description_en\': \'  ""Crucial"
2364,{'Output': 'mismatch'},"{""Output"": ""mismatch""}"
2365,{'Output': 'mismatch'},". AMD A6-7400K 3.9GHZ-1.0MB / FM2\', \'subcategory\': \'\', \'sku\': \'ad740kybjabox\', \'type\': \'Processor\', \'description\': \'  ""PROC. AMD A6-7400K 3.9GHZ-1.0"
2366,{'Output': 'mismatch'},"2.5-inch SATA SSDs"" ""Samsung 850 EVO Series M.2 250GB SATA 6Gbps Solid State Drive (MZ-N5E250BW)"" ""Samsung 850 EVO Series M.2 250GB SATA 6Gbps Solid State Drive (MZ-N5E250B"
2367,{'Output': 'mismatch'},"3G 15K 2.5 DP SAS"" "" New 430169-002 SAS 5 Pack Wholesale Price 430169-002-5Pack"" ""New 430169-002 SAS 5 Pack Wholesale Price 430169-002-5Pack"" ""New 430"
2368,{'Output': 'mismatch'},"\': \'Corsair\', \'sku\': \'cmz8gx3m1a1600c10\', \'type\': \'DDR3\', \'description\': \'  ""Corsair Memory Vengeance Jet Black 8GB DDR3 PC3-12800 (1600) Dual Channel Desktop""@en Desktop L"
2369,{'Output': 'mismatch'},"ek Time\': \'3.5ms\', \'description\': \'  ""3R-A3851-AA 15K Ultra320 SCSI Internal Hard Drive 2Pack"" ""Null"" Price 3R-A3851-AA 15K Ultra320 SCSI Internal Hard Drive 2Pack\"" ""New 3R-A3851-AA"
2370,{'Output': 'mismatch'},"{""Output"": ""mismatch""}"
2371,{'Output': 'mismatch'},"\'sku\': \'643774b21\', \'type\': \'Intel Xeon E7-4820 BL680c G7(2.0GHz/8-core/18MB/105W)Full Processor Option Kit\', \'description\': \'  ""643774-B21 HP Xeon E"
2372,{'Output': 'mismatch'},"': \'€ 22,-\', \'description\': \'  ""Corsair Air Series AF120 LED Quiet Edition"" ""Ventilatoren - CO-9050015-WLED Corsair\', \'title\': \'Corsair Air Series AF120 LED Quiet Edition\', \'subcategory\': \'\', \'brand\': \'C"
2373,{'Output': 'mismatch'},"{""Output"": ""match""}"
2374,{'Output': 'mismatch'},"ug 15K Hard DriveIn HPE Drive tray (as pictured)For G1-G7 Proliant\', \'sku\': \'eh0146fawjb\', \'type\': \'Hard Drive\', \'description\': \'  ""EH0146FAWJB HP 146-GB 6G 15K 2.5 D"
2375,{'Output': 'match'},"5ms\', \'description\': \'  ""ST2000NM0011 2TB SATA 7200RPM 3.5-inch Internal Hard DriveIn HPE Hard Drive tray (a\"" ""New ST2000NM0011 2TB SATA 7200RPM 3.5-inch Internal Hard DriveIn HPE Hard Drive tray (a"
2376,{'Output': 'mismatch'},"{""Output"": ""mismatch""}"
2377,{'Output': 'match'},match]
2378,{'Output': 'mismatch'},".2 GHz 1 GB DDR SDRAM 2 MB L2 Cache Memory 2 x Network Adapter"" ""New 345021-B21 BL20P G2 Xeon 3.2 GHz 1 GB DDR SDRAM 2 MB L2 Cache Memory 2 x Network Adapter"" ""New 345021-B21 BL20P G2 X"
2379,{'Output': 'mismatch'},"'Productserie\': \'Carbide\', \'Product\': \'Corsair Carbide 10000 Airflow\', \'Uitvoering\': \'Black\', \'EAN\': \'843591068543\', \'SKU\': \'CC9011082WW\', \'Tweakers ID\"
2380,{'Output': 'mismatch'},"88-pin 726722-B21 "" ""HP 726722-B21 Part# -726722-B21""  ""Description\', \'title\': \'HPE 32 GB DDR4 LRDIMM 288-pin 726722-B21\', \'subcategory\': \'\',"
2381,{'Output': 'mismatch'},"'Application\': \'Server Memory\', \'Server Model\': \'HP Proliant\', \'Compatibility\': \'HP Proliant Servers\', \'Manufacturer\': \'Hewlett-Packard\', \'HP Serial Number\': \'Yes\', \'HP Logo\': \'Yes\', \'Guaranteed Genuine HP\': \'Yes\"
2382,{'Output': 'match'},"{""Output"": ""match""}"
2383,{'Output': 'mismatch'},"{""Output"": ""mismatch""}"
2384,{'Output': 'mismatch'},"\'description\': \'  ""TP-Link TL-WN881ND PCI-E N 300Mbps"" "" TP-Link TL-WN881ND PCI-E N 300Mbps"" ""Description: PCI-E N 300Mbps"" ""@NL Tweakers""@NL\', \'title\': \'TP-Link TL-WN881"
2385,{'Output': 'match'},"TB 3.5 inches x 1/3H SATA 7200RPM Hard Drive""   ""Description:80GB 3.5 inches x 1/3H SATA 7200RPM Hard Drive""   ""Description:80GB 3.5 inches x 1/3H SATA 7200RPM Hard Drive""   ""Description:80GB 3.5"
2386,{'Output': 'mismatch'},"{""Output"": ""mismatch""}"
2387,{'Output': 'match'},"{""Output"": ""mismatch""}"
2388,{'Output': 'match'},"'sku\': \'358348b21\', \'type\': \'Memory\', \'description\': \'  ""HP, 358348-B21, 1GB PC2700 DDR SDR""@en ""HP 358348-B21 1GB PC2700 DDR SDR""@en\',"
2389,{'Output': 'mismatch'},"s ID\': \'15410\', \'Form Factor\': \'3.5 Inch\', \'Capacity\': \'146GB\', \'description\': \'  ""417190-002-5Pack New 146GB 15K 3.5 3G SAS Hard Drive"", ""Null"" 5Pack Wholesale Price"
2390,{'Output': 'mismatch'},"/400MHz/2MB/550W)Full 4 Processor Option KitPart Number(s) Manufacturer Part# 346919-001\', \'category\': \'\', \'subcategory\': \'\', \'brand\': \'HP\', \'sku\': \'346919001\', \'type\': \"
2391,{'Output': 'mismatch'},"type\': \'Description:HP 64-bit 66MHz Single Channel Wide Ultra3 SCSI Adapter\', \'description\': \'  ""154457-B21 HP Wide Ultra3 SCSI Adapter"" ""Null""   ""Description:HP 64-bit 66MHz Single Channel Wide Ultra3 SCSI Adapter\', \'Output':"
2392,{'Output': 'mismatch'},"\'2400MHz\', \'description\': \'  \""Corsair - Vengeance LPX 16GB (4x4GB) DDR4 2400MHz Non-ECC UDIMM Quad Channel Memory Kit\"" \"" Corsair - Vengeance LPX 16GB (4x4GB) DDR4 2400MHz Non-ECC U"
2393,{'Output': 'mismatch'},"\', \'description\': \'  \""3R-A3851-AA HP 72.8GB 15K Ultra320 Internal SCSI Hard Drive\"" ""Null"" Price 3R-A3851-AA-5Pack\"" ""New 3R-A3851-AA 5Pack"" ', \'title\': \'3R-A3851-"
2394,{'Output': 'match'},"20AS)\', \'category\': \'Null\', \'subcategory\': \'Description:Seagate Barracuda ES.2 750GB SATA-II 32MB Cache OEM ST3750320AS\', \'brand\': \'Seagate\', \'sku\': \'ST3750320AS\', \'type\"
2395,{'Output': 'match'},"': \'ct750mx300ssd1\', \'type\': \'Solid State Drive\', \'description\': \'  ""Crucial MX300 750GB SATA CT750MX300SSD1""@es  ""Disco Solido SSD, 2.5 7mm SATA 6Gbps, 750GB"
2396,{'Output': 'mismatch'},"6 Thunderbolt Audio Interface\', \'subcategory\': \'Interface | PSSL\', \'brand\': \'Apogee\', \'sku\': \'element46\', \'type\': \'Thunderbolt Audio Interface\'}', 'Entity_2': '{\'title\': \'Apogee Element 46 Thunderbolt Audio Interface\', \'"
2397,{'Output': 'mismatch'},"Indicator\': \'Yes\', \'description\': \'  ""ST31000524NS Dell EqualLogic Drive 1TB 3.5 inches SATA 7200RPM Hot Swap Tray Included""@en Dell EqualLogic Drive 1TB 3.5 inches SATA 7200RPM Hot Swap Tray Included\"
2398,{'Output': 'mismatch'},"Id\': \'1023016280\', \'description\': \'  ""N900 Wireless Dual Band PCI Express Adapter Resources Included"", ""Null"" ""New N900 PCI Express Wireless Dual Band Adapter"" Price 1023016280"" ""New N900 PCI Express Wireless Dual Band Adapter"" Price 102"
2399,{'Output': 'mismatch'},"{""title"": ""Sapphire Pulse Radeon RX 580 4GB D5""}"
2400,{'Output': 'mismatch'},""" ""New 397409-B21 SDRAM 2 Pack Wholesale Price 397409-B21-2Pack\', \'title\': \'397409-B21 HP 1GB (2x512MB) PC2-5300 SDRAM\', \'subcategory\': \'New 39740"
2401,{'Output': 'mismatch'},"1 HP 72-GB 15K 3.5 DP NHP SAS HDD"" ""HP 512743-001 HDD Part# -512743-001""  ""Description:\'}', 'Entity_2': '{\'description\': \'  ""512743-001 HP 72-GB 15K 3"
2402,{'Output': 'match'},"'sku\': [\'658102-001-SC\', \'658102001sc\'], \'type\': \'5 Pack Wholesale\'}', 'Entity_2': '{\'title\': \'658102-001-SC HP G8 G9 2-TB 6G 7.2K 3.5"
2403,{'Output': 'mismatch'},"G2 (2P) Xeon 3.2GHz 1MB\', \'category\': \'Null\', \'subcategory\': \'Price\', \'brand\': \'1MB Wholesale\', \'sku\': \'359623b21\', \'type\': \'Description: Proliant BL20p G2 - Blade -"
2404,{'Output': 'mismatch'},"HotSwap FCAL Hard Drive\', \'description\': \'  ""BD1465822C HP 146.8-GB 10K FC-AL"", ""Null"" ""New BD1465822C FC-AL 2 Pack Wholesale Price BD1465822C-2Pack"" ""New BD1465822C FC"
2405,{'Output': 'mismatch'},"TA\', \'Description\': \'  ""HP DL320 80GB Hot-Swap Hard Drive 349237-B21"" Hard Drive (DL320 349237-B21) PCPartPicker\', \'title\': \'HP DL320 80GB Hot-Swap Hard Drive 349237-B2"
2406,{'Output': 'mismatch'},"/8"" ""HyperX Fury black HX424C15FB2/8 - Prijzen ""@NL Tweakers""@NL""  ""Kingston HyperX Fury black HX424C15FB2/8"" ""HyperX Fury black HX424C15FB2/8 - Prijzen ""@NL Tweakers""@NL""  ""Kingston Hyper"
2407,{'Output': 'mismatch'},"Certified\': \'Yes\', \'description\': \'  ""Netgear - WNDA4800 N900 Wireless Dual Band PCI Express Adapter Resource\', \'title\': \'Netgear - WNDA4800 N900 Wireless Dual Band PCI Express Adapter Resource\', \'subcategory\': \'\', \'brand\': \'Net"
2408,{'Output': 'mismatch'},"667-B21 HP Smart Array P222/512 FBWC 6Gb 1-port Internal/1-port External 1U Rack-Mount Controller 128MB Cache\', \'title\': \'631667-B21 HP Smart Array P222/512 FBWC 6Gb 1-port Internal/1-port"
2409,{'Output': 'mismatch'},"1011111]\', \'brand\': \'Intel\', \'category\': \'Processors > Unboxed / OEM\', \'Condition\': \'Refurbished\', \'Availability\': \'In Stock\', \'Type\': \'Server\', \'Series\': \'Xeon\', \'Speed\': \'2.13 G"
2410,{'Output': 'mismatch'},"': \'MSI\', \'sku\': \'geforcegtx1080gaming8g\', \'type\': \'Computers_and_Accessories\', \'description\': \'  \""MSI - GeForce GTX 1080 8GB GAMING X 8G Video Card\"" ""MSI GeForce GTX 1080 8GB GAM"
2411,{'Output': 'match'},"(boven € 50,-)\': \'€ 0,-\', \'description\': \'  ""Corsair Vengeance LED CMU32GX4M4C3000C15 4GB DDR3 1600MHz 1.5V 4x4GB (16GB) Corsair Vengeance LED CMU32GX4M4C"
2412,{'Output': 'mismatch'},"[430165003]\', \'brand\': \'Proliant\', \'category\': \'\', \'Category\': \'Proliant Server\', \'Sub-Category\': \'DL360R\', \'Generation\': \'G3\', \'Part Number\': \'430165-003\', \'Products"
2413,{'Output': 'mismatch'},"'/mpn\': \'[409159b21]\', \'brand\': \'HP\', \'category\': \'Null\', \'Category\': \'Proliant Processor\', \'Sub-Category\': \'Xeon\', \'Generation\': \'G6\', \'Part Number\': \'409159-B2"
2414,{'Output': 'mismatch'},"\', \'description\': \'  ""I7 7800K Intel Core i7 3.7GHz 6-Core 12-Thread LGA2011 Processor (bx80684i78700k)Price 379999.99"" ""New I7 7800K Intel Core i7 3.7GHz 6"
2415,{'Output': 'mismatch'},"Hard Drive\', \'Sub-Category\': \'10K\', \'Generation\': \'Ultra320 SCSI\', \'Part Number\': \'35103-000GB10K\', \'Products ID\': \'455692\', \'Capacity\': \'350GB\', \'Interface\': \'U"
2416,{'Output': 'match'},"': \'€ 6,95\', \'description\': \'  \""Sandisk Ultra SDXC Class 10 UHS-I 64GB\""@pt \""Sandisk Ultra SDXC Class 10 UHS-I 64GB\""@pt  \""Sandisk Ultra SDXC Class 10 UHS-I 64GB\""@pt  \""Sand"
2417,{'Output': 'mismatch'},"40617132793, 740617132793, 5051964\', \'SKU\': \'kthzd8000c62g\', \'Tweakers ID\': \'461020\', \'Productprijs\': \'€ 119,-', \'Opst"
2418,{'Output': 'mismatch'},"{""Output"": ""mismatch""}"
2419,{'Output': 'mismatch'},"25,-)\': \'€ 0,-\', \'description\': \'  \""Asus Prime Z270M-Plus - Reviews \""@NL Tweakers\""@NL\', \'title\': \'Asus Prime Z270M-Plus\', \'subcategory\': \'\', \'sku\': \'90MB0S50-M0EAY0,"
2420,{'Output': 'mismatch'},"category\': \'HP Smart Array P222/512 Controller\', \'sku\': \'631667b21\', \'type\': \'HP Smart Array P222/512 Controller\'}', 'Entity_2': '{\'title\': \'631667-B21 HP Smart Array P222/512 Controller\',"
2421,{'Output': 'mismatch'},"{""Output"": ""match""}"
2422,{'Output': 'match'},"\'Dual Core\', \'Description\': \'  ""HP Proliant Xeon Dual Core Processor 5150 3.06GHz 2M Cache 1024MB L2 Cache 1MB L3 Cache 1333MHz FSB 128bit DDR2 533MHz ECC SDRAM 1066MHz FSB"
2423,{'Output': 'mismatch'},",95\', \'description\': \'  \""Corsair Air Series SP120 PWM High Performance Editron Cooler (CO-9050013-WW) PCPartPicker\""\', \'title\': \'Corsair Air Series SP120 PWM High Performance Editron Cooler (CO-9050013-WW) PCPartPicker United Kingdom\',"
2424,{'Output': 'mismatch'},"{""Output"": ""match""}"
2425,{'Output': 'mismatch'},"7.2K 3.5 SATA HDD\', \'subcategory\': \'\', \'sku\': \'dl320g3349237b21\', \'type\': \'7.2K 3.5-inch 1.5Gb/s SATA Hard Drive\', \'description\': \'  ""349237-B"
2426,{'Output': 'mismatch'},") w/ Radeon HD 8470D Graphics Dual Core Processor (AD7300OKHLBOX)\', \'description\': \'  ""AMD A4-7300 3.80GHz (Socket FM2+) w/ Radeon HD 8470D Graphics Dual Core Processor (AD7300OKHLBOX)\', \'description\"
2427,{'Output': 'mismatch'},"49675-001 HP 256MB DDR 200MHz SDRAM Memory Module (1x256MB) 249675-001""  ""Description:HP 256MB DDR 200MHz SDRAM Memory Module (1x256MB) 249675-001""  ""Description:HP"
2428,{'Output': 'mismatch'},"{""Output"": ""mismatch""}"
2429,{'Output': 'mismatch'},"orsair\', \'category\': \'Memory\', \'Memory Type\': \'DDR3\', \'Memory Speed\': \'1600 MHz\', \'Designation\': \'PC3-12800\', \'Number of Modules\': \'2 module(s)\', \'Pin Configuration\': \'240 pins\', \'Memory Package"
2430,{'Output': 'mismatch'},"inches\', \'Interface Type\': \'SATA\', \'description\': \'  ""Seagate Barracuda 1TB Internal SATA 3 Hard Drive""@en Drive LN42410 - ST1000DM003 | SCAN UK""@en  ""\'}', 'Entity_2': '{\'title\': \'Seagate Barracuda 1TB"
2431,{'Output': 'mismatch'},"', \'category\': \'HP\', \'Category\': \'Proliant Memory\', \'Sub-Category\': \'Genuine HP Memory\', \'Generation\': \'512 MB\', \'Part Number\': \'HP628061-S21\', \'Products ID\': \'142718\', \'Technology"
2432,{'Output': 'match'},"', \'description\': \'  ""Intel Core i3-6300 / 3.8 GHz processor"" "" Processors - i3 6300 Add-In Processors (CPUs)\', \'title\': \'Intel Core i3-6300 / 3.8 GHz processor\', \'subcategory\': \'i3 6300\', \'"
2433,{'Output': 'mismatch'},"6-B21 HP BL20p Xeon 3.06GHz\', \'category\': \'Null\', \'subcategory\': \'Description:HP Proliant BL20p G2 Server Xeon 2.8GHz/1MB 1P 512MB Memory M1 Part#359623-B21\', \'brand\': \"
2434,{'Output': 'mismatch'},"': \'320MB/s\', \'description\': \'  ""293472-B22 HP Super DLT Tape Drive"" ""Null""   ""Description:HP Super DLT Tape Drive, External Enclosure, SCSI Interface, 160GB Native Capacity, 320MB/s Native Data Transfer Rate\', \'title\': \'2934"
2435,{'Output': 'mismatch'},"""AMD A6-6400K 3.9GHz Dual-Core Processor""@en ""AMD A6-6400K 3.9GHz Dual-Core Processor""@en ""AMD A6-6400K 3.9GHz Dual-Core Processor""@en ""AMD A6-6400K 3.9GHz D"
2436,{'Output': 'mismatch'},"Type\': \'Description:Intel DC P3600 PCIe 3.0 x4 1,6TB SSD 2.5-inch 7mm\', \'title\': \'Intel DC P3600 PCIe 3.0 x4 1,6TB SSD 2.5-inch 7mm\', \'description\': \'  ""Intel DC"
2437,{'Output': 'mismatch'},"IMM\', \'brand\': \'Crucial\', \'sku\': \'ct102464bf160b\', \'type\': \'Memory\', \'description\': \'  ""Crucial 4GB (1x4GB) DDR3L / DDR3 PC3-12800 1600MHz SO-DIMM"
2438,{'Output': 'mismatch'},"[293461b21]\', \'/mpn\': \'[293461b21]\', \'brand\': \'Hewlett-Packard\', \'category\': \'Blade\', \'Category\': \'Proliant Server\', \'Sub-Category\': \'BL40\', \'Part Number\': \'29"
2439,{'Output': 'mismatch'},"Fury\', \'type\': \'8GB 2133MHz DDR4 HyperX Fury\', \'description\': \'  ""FURY 8GB 2133MHz DDR4 HyperX Fury"" ""Null""   ""Description:HyperX Fury 8GB 2133MHz DDR4 SDRAM""'}', 'Output': '"
2440,{'Output': 'mismatch'},"Support\', \'description\': \'  \""Corsair Vengeance LPX 32GB (2x16GB) DDR4 3000MHz Memory Kit (CMK32GX4M2B3000C15)\""@en Computer_and_Accessory LN11111 - CMK32GX4M2B3000C15"
2441,{'Output': 'mismatch'},"\'New\', \'category\': \'StorageWorks\', \'Category\': \'Storageworks HDD\', \'Sub-Category\': \'10K\', \'Generation\': \'Fibre Channel\', \'Part Number\': \'461826-B21\', \'Products ID\': \'1616\', \'Type\"
2442,{'Output': 'mismatch'},"subcategory\': \'\', \'sku\': \'st31000340as\', \'type\': \'Hard Drive\', \'description\': \'  ""ST31000340AS Seagate Barracuda 1TB SATA 3.0 Gbps Hard Drive""\', \'brand\': \'Seagate\', \'sku"
2443,{'Output': 'mismatch'},"brand\': \'Sandisk\', \'category\': \'Null\', \'Category\': \'Sandisk SSD\', \'Sub-Category\': \'Ultra Slim\', \'Generation\': \'SSD\', \'Part Number\': \'SDSQUBNB032GNN3MN\', \'Products ID\': \'463"
2444,{'Output': 'mismatch'},"', \'Generation\': \'G7\', \'Part Number\': \'500670-B21\', \'Products ID\': \'15416\', \'Form Factor\': \'Blade\', \'Memory Type\': \'DDR3\', \'Memory Type (ECC)\': \'ECC\', \'Memory Type (R/"
2445,{'Output': 'match'},"{""Output"": ""match""}"
2446,{'Output': 'mismatch'},".4K 2.5-inch Server Hard DrivePart Number(s)Manufacturer Part# 431786-B21\', \'sku\': \'hp431786b212pack\', \'type\': \'2.5-inch 5.4K Hard Drive\'}', 'Entity_2': '{\'title\': \'43178"
2447,{'Output': 'mismatch'},"'subcategory\': \'Socket AM3+\', \'sku\': \'cpafx4300\', \'type\': \'Processor\'}', 'Entity_2': '{\'title\': \'AMD Piledriver FX-4 Quad Core 4300 3.80Ghz (Socket AM3+) Processor - Retail\', \'category\':"
2448,{'Output': 'mismatch'},"02 HP 72-GB 3G 15K 2.5 DP SAS"" ""Null""   ""Description:10 x 72GB 2.5-inch Serial Attached SCSI (SAS) SFF3G Dual Port Hot-Plug 15K Hard Drive In tray (as pictured)For G1-G7 Proliant ServersGenuine serial number and firmware"
2449,{'Output': 'mismatch'},"SAS)\', \'Description\': \'2 Pack\', \'description\': \'  ""MAY2073RC-2Pack (540-5629) Fujitsu 73GB 1 10K SAS Drive for StorageServer 2000\"", ""Null"" ""Description:Fujitsu 73GB 1 10K SAS Drive for Storage"
2450,{'Output': 'match'},"463708\', \'Storage Capacity\': \'1GB (1 x 1GB)\', \'Technology\': \'Unbuffered ECC DIMM\', \'Form Factor\': \'DIMM 240-pin\', \'Memory Speed\': \'266MHz (PC1333E-8)\', \'Rank\': \'"
2451,{'Output': 'mismatch'},"', \'description\': \'  \""Samsung 960 Pro MZ-V6P2T0BW 2TB\""@en  ""Samsung 960 Pro 2TB\""@en ', \'title\': \'Samsung 960 Pro MZ-V6P2T0BW 2TB\', \'subcategory\': \'Sams"
2452,{'Output': 'mismatch'},"': \'Hard Drive\', \'description\': \'  ""WD Blue 1TB 7200rpm SATA 6Gb/s 64MB Cache HDD - OEM (WD10EZEX)"" "" Hard Drive - WD10EZEX Price WD10EZEX"" "" New WD10EZEX HDD Wholesale  ""D\""'}', '"
2453,{'Output': 'mismatch'},"'description\': \'  ""New 431943-003 SAS 5 Pack Wholesale Price 431943-003\"", ""Null"" ""New 431943-003 SAS 5 Pack Wholesale Price 431943-003""', \'title\': \'New 431943-"
2454,{'Output': 'mismatch'},"{""Output"": ""mismatch""}"
2455,{'Output': 'mismatch'},"HP 508429-001 HP 400-GB 10K 3.5 DP NHP SAS 5 Pack""@en ""                     Hard Drive -Hard Drive""  ""\'}', 'Entity_2': '{\'title\': \'HP 400GB 10K 3.5 DP NHP SAS 5 Pack\', \'category\': \"
2456,{'Output': 'mismatch'},"with tempered glass side panel\', \'Color\': \'Black\', \’Cooling\': \'2 x 120mm fans included\', \'I/O Ports\': \'USB 3.0 x 2, USB 2.0 x 2, HD Audio and Mic I/O, Power and Reset Switches\', \'Motherboard Form Factor\': \'ATX"
2457,{'Output': 'mismatch'},"'sku\': \'dt100g3128gb\', \'type\': \'USB 3.0 (3.1 Gen 1) flash drive\', \'description\': \'  ""Kingston Technology DataTraveler 100 G3 128GB USB 3.0 (3.1 Gen 1) Type-A Black flash drive""@en-GB\',"
2458,{'Output': 'mismatch'},"': \'2400MB\', \'Type\': \'Value Select\', \'description\': \'  ""Corsair Value Select 2400MB PC3 16000 2x4GB DDR3 Memory Module CMSX2400C16\"", ""Null"" Price CMSX2400C16"" ""New CMSX2400C"
2459,{'Output': 'mismatch'},"Servers\', \'Category\': \'Servers\', \'Sub-Category\': \'Proliant DL360 Gen10\', \'Generation\': \'Gen10\', \'Part Number\': \'EH0146F-AWJB\', \'Products ID\': \'111111\', \'Type\': \'Server\',"
2460,{'Output': 'mismatch'},"re Channel Hard Drive\', \'description_short\': \'Sun 300GB 10K RPM 3.5-inch Hot-Plug Fibre Channel Hard Drive\', \'description_long\': \'Sun 300GB 10K RPM 3.5-inch Hot-Plug Fibre Channel Hard Drive\', \'description_html\': \'<html><"
2461,{'Output': 'mismatch'},"1) "" ""Description:Crucial MX300 750GB SSD SATA 6Gbps 3D Nand 7mm Solid State Drive""  ""Description:Crucial MX300 750GB SSD SATA 6Gbps 3D Nand 7mm Solid State Drive""  ""Description:Crucial MX300 750"
2462,{'Output': 'match'},"{\'title\': \'Intel Core i7 7700 3.6GHz 8MB Quad Core LGA1151 Desktop Processor\', \'category\': \'Processor/CPU\', \'subcategory\': \'Intel Core i7 7700 3.6GHz 8MB Quad Core LGA1151 Desktop Processor\', \"
2463,{'Output': 'mismatch'},"83-B21\', \'sku\': \'583383b21\', \'type\': \'Processor Board\'}', 'Entity_2': '{\'title\': \'583383-B21 HP Xeon E5506 2.13GHz DL170h G6\', \'category\': \'Null\"
2464,{'Output': 'mismatch'},"0-B21\', \'Product ID\': \'457311\', \'Type\': \'Memory Module\', \'Form Factor\': \'DIMM\', \'Capacity\': \'2GB\', \'Interface Type\': \'PC3100\', \'description\': \'  ""354560-B21 HP 2GB"
2465,{'Output': 'mismatch'},"€ 39,95)\': \'€ 0,-\', \'Pakketpost (vanaf € 49,95)\': \'€ 0,-\', \'Pakketpost (vanaf € 59,95)\': \'€ 0,-\', \'Pakketpost (vanaf € 69,95)\': \'€ 0,-\', \"
2466,{'Output': 'mismatch'},"180W 2667MHz DDR4 Socket TR4 Boxed\', \'sku\': \'yd190xa8aewof\', \'type\': \'Processor\'}', 'Entity_2': '{\'title\': \'AMD Processor, AMD 8C Ryzen Threadripper 1900X 3.8GHz 4.0G"
2467,{'Output': 'mismatch'},"'  ""238921-B21 HP 72.8-GB 10K FC-AL"", ""Null"" ""New 238921-B21 FC-AL 10 Pack Wholesale Price 238921-B21\', \'title\': \'238921-B21 HP 72.8-GB 1"
2468,{'Output': 'mismatch'},"TX Case\', \'subcategory\': \'\', \'brand\': \'Cooler Master\', \'sku\': \'rc130kkn1\', \'type\': \'Description: Cooler Master Elite 130 Mini ITX Case\', \'description\': \'  ""Cooler Master Elite 130 Mini ITX Case""@en Case LN"
2469,{'Output': 'mismatch'},"\', \'Pakketpost Benelux (vanaf € 250,-)\': \'€ 12,50\', \'Pakketpost (vanaf € 36,24)\': \'€ 0,-\', \'Pakketpost Benelux\': \'€ 12,50\', \'Pakketpost\': \'€ 24,"
2470,{'Output': 'mismatch'},"{""Output"": ""mismatch""}"
2471,{'Output': 'mismatch'},"HP 430165-003-2Pack HP 146GB 3G 10K 2.5 SAS HDD"", ""Null"" Price HP 430165-003-2Pack"" ""New HP 430165-003-2Pack 146GB 3G 10K 2.5 SAS HDD"" """
2472,{'Output': 'mismatch'},"'SATA\', \'description\': \'  ""DL165 572071-B21 60GB SATA III Solid State Drive"" ""459587_DL165_HardDrives""   ""Description:DL165 572071-B21 60GB SATA III Solid State Drive""  ""\'}', 'Entity"
2473,{'Output': 'match'},"{""Output"": ""match""}"
2474,{'Output': 'match'},"\', \'Type\': \'Processor\', \'Omschrijving\': \'  \""AMD Ryzen 5 1400 4-Core 8-Thread Unlocked Desktop Processor (YD1400BBAEBOX) 3.2GHz\""   ""Description:AMD Ryzen 5 1400 4-Core 8-Thread Unlocked Desktop Process"
2475,{'Output': 'mismatch'},"'subcategory\': \'\', \'sku\': [\'417190-002\', \'hp417190-002\'], \'type\': \'3.5-inch Serial Attached SCSI (SAS) SFF 15K Hard Drive 5 Pack\'}', 'Entity_2': '{\'title\': \'417190"
2476,{'Output': 'mismatch'},"': \'[wd20efrz]\', \'category\': \'\', \'Buffer\': \'64 MB\', \'Compatibility\': \'D-link Share Centers: DNS-1550-04 DNS-1100-04 DNS-\', \'Device Supported\': \'Storage System\', \'Storage Capacity\': \'2 TB\"
2477,{'Output': 'mismatch'},"'Pakketpost België\': \'€ 0,-\', \'Pakketpost Duitsland\': \'€ 0,-\', \'description\': \'  ""CC-9011077-WW Corsair Carbide 100R Silent Edition"" CC-9011077-WW Corsair Carbide 100R Silent"
2478,{'Output': 'mismatch'},"HP G8 G9 500-GB 6G 7.2K 3.5 SATA SC\', \'Category\': \'Proliant HardDrive\', \'Sub-Category\': \'7.2K\', \'Generation\': \'SATA SC\', \'Part Number\': \'658071-B21\', \'Products ID\"
2479,{'Output': 'mismatch'},"\'Computers_and_Accessories\', \'Official Release Date\\xa0\': \'Aug 13, 2014\', \'Genre\\xa0\': \'CPU\', \'PAX-Code\': \'PAX0006611164\', \'Catalog No.\\xa0\': \'AD7300OKHLBOX\',"
2480,{'Output': 'mismatch'},"2.19 CFM 1500 RPM\', \'subcategory\': \'Description:1 x Corsair AF120 LED 52.19 CFM 1500 RPM Quiet Edition High Airflow 120mm FanCO-9050015-WL\', \'sku\': \'co9050015wled\',"
2481,{'Output': 'mismatch'},-31N-1121 11.6-inch 1366 x 768 HD Intel Celeron N3350 2MB Cache 1.1GHz 2 x USB 3.0 1 x USB 2.0 1 x HDMI 1 x SD Card Reader 2GB DDR3L SDRAM 16GB eMMC 802.
2482,{'Output': 'mismatch'},"16T401) PCPartPicker\', \'description\': \'  ""Intel - DC P3600 1.6TB PCI-E Solid State Drive"" Drive (SSDPEDME016T401) PCPartPicker\', \'description\': \'  ""Intel - DC P3600 1.6TB PCI-E Solid State"
2483,{'Output': 'match'},"\'Sub-Category\': \'Hard Drives\', \'Generation\': \'SAS\', \'Part Number\': \'340743-B21\', \'Products ID\': \'463838\', \'Type\': \'Hard Drive Hot-Swap\', \'Form Factor\': \'3.5 inch x 1 Plug"
2484,{'Output': 'mismatch'},"00 / 3.4 GHz processor\', \'category\': \'Intel processor\', \'subcategory\': \'BX80662I76700\', \'brand\': \'Intel\', \'sku\': \'bx80662i76700\', \'type\': \'Add-In Processors (CPUs"
2485,{'Output': 'mismatch'},"-AL 10 Pack Wholesale Price 364622-B23-10Pack\', \'sku\': [\'364622-B23\', \'364622b23\'], \'type\': \'10K 3.5-inch FC-AL Hot-Plug Hard Drive\', \'description\': \'  """
2486,{'Output': 'mismatch'},"': \'[441121]\', \'/mpn\': \'[441121]\', \'brand\': \'Cisco\', \'category\': \'Cisco Catalyst 2960 Series Switches\', \'Sub-Category\': \'Cisco Catalyst 2960 Series Switches - 24 Ports\', \'Part Number\"
2487,{'Output': 'mismatch'},"iddelde schrijftijd\': \'111,0 μs\', \'Graphics Workstation - Gemiddelde opentijd\': \'277,0 μs\', \'Graphics Workstation - Gemiddelde responstijd\': \'121,0 μs\', \'Graphics Workstation - Gemiddelde doorvoersnelheid\': \'111,11"
2488,{'Output': 'match'},"\'description\': \'  ""Kingston Digital 128GB SDXC Class 10 UHS-I 90R/45W Flash Card (SDA10/128GB)\', \'description\': \'  ""Kingston Digital 128GB SDXC Class 10 UHS-I 90R/45W Flash Card (SDA10/12"
2489,{'Output': 'mismatch'},"1GB DDR SDRAM 667MHz Unbuffered Server Memory"" ""Null"" Price 432804-B21 HP 1GB DDR SDRAM 667MHz Unbuffered Server Memory\', \'title\': \'432804-B21 HP 1GB DDR SDRAM 667MHz Unbuffered Server Memory\', \"
2490,{'Output': 'mismatch'},""", ""$5,223.95""\', \'description\': \'  ""653078-B21 HP G8 G9 200-GB 6G 2.5 SAS SC SSD""   ""Description:HP 200GB 2.5-inch (SFF) Serial Attached SCSI (SAS) 6G SCL SC Enterprise Performance (EP) Sol"
2491,{'Output': 'mismatch'},"': \'95 W\', \'description\': \'  ""bx80677i57600k Intel Core i5-7600K 3.80GHz 4-Core 6MB Cache LGA1151 Processor"" ""Null""   ""Description:Intel Core i5-7600K 3.80GHz 4-Core 6"
2492,{'Output': 'mismatch'},"title\': \'431786-B21 HP 120-GB 5.4K 2.5 SATA\', \'category\': \'Product data HP hard drive hard drives\', \'subcategory\': \'431786-B21\', \'brand\': \'HP\', \'sku\': \'431786b"
2493,{'Output': 'mismatch'},"{""Output"": ""match""}"
2494,{'Output': 'mismatch'},"', \'Product\': \'Intel Core i7-6700K Processor 4 Cores 4.00GHz LGA1151 115W\', \'Uitvoering\': \'Intel Core i7-6700K Processor 4 Cores 4.00GHz LGA1151 115W\', \'EAN"
2495,{'Output': 'mismatch'},"159-B21 HP Intel Xeon Processor L3 8MB 2.33GHz Socket J LGA-771"" ""Null""   ""Description:HP Intel Xeon Processor L3 8MB 2.33GHz Socket J LGA-771\', \'title\': \'409159-B21 HP Intel Xeon Process"
2496,{'Output': 'mismatch'},"8U\', \'type\': \'Memory\', \'description\': \'  ""MEMORY, 2GB, DIMM, DDR2, 800MHZ""@en DIMM 2GB DDR2 ""TS256MLQ64V8U - TRANSCEND MEMORY 800MHZ | Newa\', \'title\': \'"
2497,{'Output': 'match'},"ail ""@en Skylake-X\', \'subcategory\': \'Processors\', \'brand\': \'Intel\', \'sku\': \'BX80673I77800X\', \'type\': \'Intel Core i7-7800X\', \'description2\': \'Retail ""@en Skylake-X\',"
2498,{'Output': 'mismatch'},"\', \'Sub-Category\': \'Memory\', \'Part Number\': \'BD03655-B28\', \'Products ID\': \'142956\', \'description\': \'  \""BD03655-B28 128MB 184p PC2100 CL2.5 4c 16x"
2499,{'Output': 'mismatch'},"Pakketpost > € 100,-': '€ 0,-', 'Pakketpost > € 200,-': '€ 0,-', 'Pakketpost > € 300,-': '€ 0,-', 'Pakketpost > € 500,-': '€ 0,-', 'Pakketpost > € 1000,-': '€ 0,-', '"
2500,{'Output': 'mismatch'},"100,-': \'€ 0,-\', \'description\': \'  ""WD10PURZ 1TB WD Purple 3.5\"" SATA III 6Gb/s Internal Hard Drive - Prijzen ""@NL Tweakers""@NL\', \'title\': \'WD10PURZ 1TB WD Purple 3.5\"" SATA III"
2501,{'Output': 'mismatch'},",95\', \'description\': \'  ""TP-Link TL-WN781N 2,4GHz 150Mbps 11n WiFi USB Adapter - OEM (TL-WN781N) - Tweakers""@en ""▷ TP-Link TL-WN781N 2,4GHz 150Mbps 11"
2502,{'Output': 'mismatch'},"-17-35\', \'Voltage\': \'1.35 V\', \'Validated Compatible with\': \'AMD X399\', \'Cooler\': \'Aluminium Heatspreader\', \'Features\': \'LED Indicators\', \'description\': \'  ""Corsair Vengeance LED 32GB (2"
2503,{'Output': 'mismatch'},"GB (2 x 4GB) DDR4 2133MHz Server Memory - CT4G821324F-160B\', \'category\': \'Memory\', \'subcategory\': \'Server Memory\', \'brand\': \'Crucial\', \'sku\': \'CT4G821324F-160B\"
2504,{'Output': 'mismatch'},"type\': \'FBD PC2100 1GB SDRAM DDR Dual Rank Memory Kit\', \'description\': \'  ""Null"", ""287497-B21 HP 1GB 266MHz DDR PC2100 SDRAM Kit"" ""New 287497-B21 PC2100 Wholesale Price 28"
2505,{'Output': 'mismatch'},"Memory\': \'16GB\', \'description\': \'  ""470065-235 HPE Proliant DL320 G6 Server 1U 2GHz Intel Xeon E5-2620 3GB DDR3 16GB Max 16GB 4x DIMM 240-pin Server with 1 Year Next Business Day Onsite"
2506,{'Output': 'mismatch'},"{""Output"": ""match""}"
2507,{'Output': 'mismatch'},"ATA 6Gb/s"" ""Description: HPE Midline - hard drive 500 GB SATA 6Gb/s\', \'price\': \'""USD"", ""$165.95""\', \'description\': \'  ""HPE Midline - hard drive 500 GB SATA 6Gb/s"" ""Description: HPE Midline - hard drive 500"
2508,{'Output': 'mismatch'},"ireless Security\': \'WPA2-Enterprise, WPA2-Personal, WPA-Enterprise, WPA-Personal, WEP\', \'description\': \'  ""tlwn881nd TP-Link N150 PCI Express Wireless Network Adapter""@en Card PCI Express Wireless Network Adapter tlwn881nd | SCAN UK\', \'title\':"
2509,{'Output': 'mismatch'},"3M2A1333C9 2x2GB DDR3-1333 CL9 1.5V, Value Select\', \'sku\': \'cmv4gx3m2a1333c9\', \'type\': \'Memory Module\', \'brand\': \'Corsair\', \'subcategory\': \'Value Select\', \"
2510,{'Output': 'mismatch'},"post (tot € 29,-)\': \'€ 2,99\', \'Pakketpost (tot € 29,95)\': \'€ 1,99\', \'Pakketpost (tot € 39,-)\': \'€ 3,99\', \'Pakketpost (tot € 49,-)\': \'€ 4,95\"
2511,{'Output': 'mismatch'},"Link\', \'sku\': \'tlwdn4800\', \'type\': \'Wireless N Adapter\', \'description\': \'  ""TP-Link TL-WDN4800 - Prijzen ""@NL Tweakers""@NL\', \'title\': \'TP-Link TL-WDN4800 - Prijzen ""@NL Tweakers"
2512,{'Output': 'mismatch'},"{""Output"": ""mismatch""}"
2513,{'Output': 'mismatch'},"brand\': \'Seagate\', \'category\': \'StorageWorks\', \'Category\': \'StorageWorks\', \'Sub-Category\': \'10K\', \'Generation\': \'10K\', \'Part Number\': \'ST31000524NS\', \'Products ID\': \'463723\"
2514,{'Output': 'mismatch'},"2,95\', \'description\': \'  \""Corsair Air Series SP120 PWM Quiet Edition - Prijzen \""@NL Tweakers\""@NL\', \'title\': \'Corsair Air Series SP120 PWM Quiet Edition - Prijzen \""@NL Tweakers\""@NL\', \'subcategory\': \'\', \'brand\': \'"
2515,{'Output': 'mismatch'},"{""Output"": ""mismatch""}"
2516,{'Output': 'match'},"ID\': \'200021\', \'Type\': \'Hard Drive - Hot-Swap\', \'Form Factor\': \'3.5 inches\', \'Capacity\': \'146GB\', \'Interface Type\': \'Serial ATA-150\', \'Connector\': \'22-Position Serial ATA (SATA) Plug\',"
2517,{'Output': 'mismatch'},"{""Output"": ""mismatch""}"
2518,{'Output': 'mismatch'},"'8MB L3 Cache\', \'description\': \'  \""Intel Core i7-7800K 3.7GHz 6-Core Unlocked Desktop Processor - Boxed\""@en Processor BX80684I78700K - Microprocessor ', \'title\': \'Intel Core i7-7800K 3.7GHz 6"
2519,{'Output': 'mismatch'},"\', \'description\': \'  ""DL320 349237-B21"" ""New DL320 349237-B21 Hard Drive Wholesale Price 349237-B21\', \'title\': \'DL320 349237-B21\', \'subcategory\': \'New"
2520,{'Output': 'mismatch'},"Pakketpost > € 100,-\': \'€ 0,-\', \'Pakketpost > € 200,-\': \'€ 0,-\', \'Pakketpost > € 300,-\': \'€ 0,-\', \'Pakketpost > € 500,-\': \'€ 0,-\', \'Pakketpost"
2521,{'Output': 'mismatch'},"4MB/105W)\', \'description\': \'  ""533993-B22 HP Xeon E7400 2.8GHz DL120 G5"" ""Null""   ""Description:Intelï¿½ Xeonï¿½ E7400 DL120 G5 (2.80GHz/2-core/4MB/10"
2522,{'Output': 'mismatch'},"Null\', \'Category\': \'Proliant Memory\', \'Sub-Category\': \'Genuine HP Memory\', \'Generation\': \'800MHz\', \'Part Number\': \'408854-B21\', \'Products ID\': \'455462\', \'Storage Capacity\': \'4GB (2"
2523,{'Output': 'match'},"\': \'Intel Xeon D\', \'Part Number\': \'589073-B21\', \'Products ID\': \'463164\', \'Type\': \'Intel Xeon D\', \'description\': \'  ""589073-B21 HP Proliant X86 Server Processor"" ""New"
2524,{'Output': 'mismatch'},"\': \'CT8G4DFS8213\', \'type\': \'DDR4 8 GB DIMM 288-pin\', \'description\': \'  ""Crucial - DDR4 8 GB DIMM 288-pin"" "" Crucial""  ""Description: Crucial - DDR4 8 GB DIMM 288-pin"""
2525,{'Output': 'mismatch'},"{""Output"": ""mismatch""}"
2526,{'Output': 'mismatch'},"{""Output"": ""mismatch""}"
2527,{'Output': 'mismatch'},"': \'€ 4,95\', \'Pakketpost tot € 199,-\': \'€ 6,95\', \'Pakketpost tot € 299,-\': \'€ 9,95\', \'Pakketpost tot € 499,-\': \'€ 12,95\', \'Pakketpost tot €"
2528,{'Output': 'mismatch'},"post (vanaf € 25,-)\': \'€ 0,-\', \'description\': \'  ""Intel Core i7-7700 3.6 GHz Quad-Core Processor (BX80677I77700)\', \'title\': \'Intel Core i7-7700 3.6 GHz Quad-Core Processor ("
2529,{'Output': 'mismatch'},"2MB\', \'Memory Channel\': \'Quad Channel\', \'Memory Supported\': \'Registered DIMM\', \'Memory Speed\': \'1333MHz\', \'Memory Slots\': \'8\', \'Manufacturer\': \'Intel\', \'description\': \'  ""643774-B21 Intel Xe"
2530,{'Output': 'mismatch'},"GB 10K FC-AL HDD\', \'subcategory\': \'Description:450GB Fibre Channel (FC-AL) 10K 3.5 inch Hot-Plug Hard DriveIn HPE Drive tray (as pictured)For G1-G7 Proliant Fibre Channel Ser\', \'brand\': \'HP\', \'sku\': \'51"
2531,{'Output': 'mismatch'},"'Corsair\', \'sku\': \'CO-9050017-WLED\', \'type\': \'LED\', \'description\': \'  ""Corsair Air Series AF140 1200RPM LED White Quiet Edition (CO-9050017-WLED)""@en \', \'description\': \'  ""C"
2532,{'Output': 'mismatch'},"0,-\', \'Pakketpost (boven €36,24)\': \'€ 0,-\', \'Pakketpost (boven €49,95)\': \'€ 0,-\', \'Pakketpost (boven €99,-)\': \'€ 0,-\', \'Pakketpost (boven €125,-)\': \'€"
2533,{'Output': 'mismatch'},"2.5-inch Hot-Swap Hard Disk Drive\', \'sku\': \'431786b21\', \'type\': \'Hard Drive - Hot-Swap\', \'price\': \'""CAD"", ""$199.99 CAD""\', \'description_en\': \'  ""431786-B21 HP 12"
2534,{'Output': 'mismatch'},"'description\': \'  ""359623-B21 HP ProLiant BL20p G2 Blade Server\"", ""Null"" ""New 359623-B21 G2 Blade Server Wholesale Price 359623-B21\', \'title\': \'359623-B21 HP ProLiant BL20p"
2535,{'Output': 'mismatch'},"{""Output"": ""match""}"
2536,{'Output': 'mismatch'},"{""Output"": ""mismatch""}"
2537,{'Output': 'mismatch'},"\': \'€ 98,95\', \'description\': \'  ""Corsair Carbide SPEC-03 Orange Led Computer Case CC-9011054-WW""@en-US ""Computer Cases - P""', \'title\': \'Corsair Carbide SPEC-03 Orange Led Computer Case CC-9011054-WW\"
2538,{'Output': 'mismatch'},"'Registered\', \'Speed\': \'2133MHz\', \'Voltage\': \'1.5V\', \'description\': \'  ""Kingston 8GB DDR4 ECC Registered Server Memory 2133MHz 1.5V""@en 2133MHz 1.5V""@en 2133MHz"
2539,{'Output': 'mismatch'},"{""Output"": ""mismatch""}"
2540,{'Output': 'mismatch'},"N/A\', \'description\': \'  ""408854-B21 HP 8GB (2 x 4GB) DDR2 SDRAM Memory Module""@en 408854-B21 HP 8GB (2 x 4GB) DDR2 SDRAM Memory Module ""@en\', \'title\': \'408854-B2"
2541,{'Output': 'mismatch'},"': \'\', \'sku\': \'EXPI9301CT\', \'type\': \'\'}', 'Entity_2': '{\'title\': \'Intel EXPI9301CT Gigabit CT Desktop Adapter\', \'category\': \'\', \'subcategory\': \'\', \'brand\': \'Intel\', \'sku\"
2542,{'Output': 'match'},"234]\', \'brand\': \'Epson\', \'category\': \'Printer Ink\', \'Sub-Category\': \'Epson\', \'description\': \'  \""Epson Original Printer Ink Cartridge - Epson\"", ""Null"" ""New Epson Original Printer Ink Cartridge - Epson"" ""New Epson Original Printer Ink Cartr"
2543,{'Output': 'mismatch'},"'subcategory\': \'\', \'brand\': \'AMD\', \'sku\': \'AMD 860k Black Low Noise Edition\', \'type\': \'Processor\', \'description\': \'  \""AMD Athlon X4 860k 3.7 GHz Black Low Noise Edition\"", \""Null\"" ""New AMD 860k Black Low"
2544,{'Output': 'mismatch'},"'category\': \'StorageWorks\', \'subcategory\': \'10K\', \'brand\': \'HPE\', \'sku\': \'359461001\', \'type\': \'Hard Drive Hot-Swap\', \'description\': \'  ""359461-001 HP 72.8-GB"
2545,{'Output': 'mismatch'},"\': \'15408\', \'Chassis Form\': \'Blade\', \'Model\': \'ProLiant BL20p\', \'description\': \'  \""388504-B21 BL20P 35/70GB Tape Drive\"" ""Null"" Price 388504-B21"" 35/7"
2546,{'Output': 'mismatch'},"MB/1GB/256MB/512MB Blade Server\"", ""Null""   ""Description:HP BL20p G2 X2.8GHz/1MB/1GB/256MB/512MB Blade Server\"", ""New 359623-B21 Wholesale Price 359623-B21""', \'title\': \"
2547,{'Output': 'match'},"8-GB 10K Fibre Channel\', \'sku\': \'359461005\', \'type\': \'Hard Drive Hot-Swap\', \'subcategory\': \'10K\'}', 'Entity_2': '{\'title\': \'HPE 72.8GB 10K Fibre Channel\', \'category\"
2548,{'Output': 'mismatch'},"\'brand\': \'HP\', \'sku\': \'ST2000NM0011-SC\', \'type\': \'3TB 3.5-inch (LFF) Serial ATA (SATA) 6G7.2K Hot-Plug Midline (MDL) Hard Drive in G8 G9(Gen8\', \'description\': \'"
2549,{'Output': 'mismatch'},"Drive in G8 G9(Gen8 Gen9) SmartDrive Carrier (SC)\', \'description\': \'  ""628061-S21 HP G8 G9 3-TB 6G 7.2K 3.5 SATA SC"" ""Null""   ""Description:HP 3TB 3.5-inch (LFF) Serial ATA (SATA)"
2550,{'Output': 'mismatch'},"Intel® Hyper-Threading Technology\': \'Yes\', \'Intel® Turbo Boost Technology 2.0\': \'Yes\', \'Intel® Virtualization Technology\': \'Yes\', \'Intel® 64-bit Architecture\': \'Yes\', \'Intel® VT-d\': \'Yes\', \'Intel® VT-x\': \"
2551,{'Output': 'mismatch'},"{""Output"": ""match""}"
2552,{'Output': 'mismatch'},"\'], \'type\': \'Hot-Plug Hard Drive\', \'formFactor\': \'3.5 inches\', \'capacity\': \'2000GB\', \'interfaceType\': \'Serial ATA\', \'dataTransferRate\': \'6Gb/sec (750 MB/s)\'}', 'Entity_2': '{\'title\': \'ST"
2553,{'Output': 'mismatch'},"\', \'SKU :\': \'mecs38gdv169\', \'Type :\': \'Memory Module\', \'description\': \'  ""Corsair Vengeance 8Gb (2x4Gb) DDR3 1600MHz Cas9 SO-DIMM 240-Pin\', \'title\': \'Corsair V"
2554,{'Output': 'mismatch'},"{""Output"": ""match""}"
2555,{'Output': 'mismatch'},"{""Output"": ""match""}"
2556,{'Output': 'mismatch'},"0RPM\', \'Form Factor\': \'Small 2.5 inches (SFF)\', \'description\': \'  ""430165-003 HP 146-GB 10K 2.5 DP SAS 2 Pack "" ""HP 430165-003 Part# -430165-003-2Pack"
2557,{'Output': 'mismatch'},"'/mpn\': \'[653124b21]\', \'brand\': \'HP\', \'category\': \'Null\', \'Category\': \'Proliant HardDrive\', \'Sub-Category\': \'Solid State Drive\', \'Generation\': \'SATA SSD\', \'Part Number\': \'65312"
2558,{'Output': 'mismatch'},"{""Output"": ""mismatch""}"
2559,{'Output': 'mismatch'},"uda 7200.12 1TB 3.5 6G SATA Hard Drive ST1000DM003-5Pack"" ""New 2 x Seagate Barracuda 7200.12 1TB 3.5 6G SATA Hard Drive ST1000DM003-5Pack""\', \'title\': \'ST100"
2560,{'Output': 'match'},"category\': \'Null\', \'subcategory\': \'512MB Wholesale\', \'brand\': \'HP\', \'sku\': \'5187360015pack\', \'type\': \'Description: HP Proliant 72.8GB 10K FC-AL HDD 5 Pack\', \'description\': \'"
2561,{'Output': 'mismatch'},"\': \'Dell EqualLogic Drive\', \'Sub-Category\': \'10K\', \'Generation\': \'SAS\', \'Part Number\': \'ST1000033352-21\', \'Products ID\': \'486103\', \'Hot Swap Tray\': \'Included\', \'"
2562,{'Output': 'mismatch'},"\'323146-B21 BL20p Xeon 3.06GHz\', \'sku\': \'323146b21\', \'type\': \'Blade Server\'}', 'Entity_2': '{\'title\': \'323146-B21 BL20p Xeon 3.06GHz"
2563,{'Output': 'mismatch'},"Type\': \'Intel Xeon\', \'Processor Core\': \'Quad-Core\', \'Processor Qty\': \'1\', \'Clock Speed\': \'2.66GHz\', \'QuickPath Interconnect\': \'6.4GT/s\', \'L2 Cache\': \'4MB\', \'L3 Cache\': \'12"
2564,{'Output': 'mismatch'},"2-15Pack\', \'Products ID\': \'455233\', \'Capacity\': \'146GB\', \'Interface\': \'Serial Attached SCSI (SAS)\', \'Enclosure\': \'Internal\', \'Drive Dimensions\': \'2.5 inches x 1/3H (Low Profile)\', \'Spindle Speed"
2565,{'Output': 'mismatch'},"'description\': \'  \""628061-S21 3TB 7200RPM SATA HDD\"" ""Null"" Price 628061-S21"" ""New 628061-S21 3TB 7200RPM SATA HDD Wholesale  \', \'title\': \'62806"
2566,{'Output': 'mismatch'},"\': \'Processor/CPU\', \'subcategory\': \'LN76876\', \'brand\': \'Intel\', \'sku\': \'bx80677i77700\', \'type\': \'1151, S, Kaby Lake, Quad Core, 8 Thread, 3.6GHz, 4."
2567,{'Output': 'mismatch'},"7 DIMM\', \'sku\': \'500668b21\', \'type\': \'1GB (1x1GB) PC3-10600 Unbuffered CAS-7 DIMM\', \'description\': \'  ""500668-B21 HP 1GB (1x1GB) PC3-1060"
2568,{'Output': 'mismatch'},"description\': \'  \""Intel Core i7-7800X 3.6GHz 8MB L3 Cache Quad-Core Processor (BX80673I77800X)\""@en (BX80673I77800X | Intel) ""Intel Core i7-7800X 3.6GHz 8MB L3"
2569,{'Output': 'mismatch'},"- Small - Gemiddelde leestijd\': \'1,0 μs\', \'Filecopy to Disk - Small - Gemiddelde schrijftijd\': \'1,0 μs\', \'Filecopy to Disk - Small - Gemiddelde opentijd\': \'131,0 μs\', \'Filecopy to Disk - Small - Gemiddelde responstijd"
2570,{'Output': 'mismatch'},"zen ""@NL Tweakers""@NL"" ""Intel Core i7-7700K""@en i7-7700K (BX80677I77700K)""@en Processor\', \'description\': \'  ""Intel Core i7-7700K Boxed - Prijzen ""@NL Tweakers""@NL"" ""Intel Core i7"
2571,{'Output': 'mismatch'},"Hz Quad-Core Intel Xeon Processor LGA771\"", ""Null"" Price 488039-B21"" HP X5470 3.33GHz Quad-Core Intel Xeon Processor LGA771\', \'title\': \'488039-B21 HP X5470 3.33GHz Quad"
2572,{'Output': 'mismatch'},"'40\', \'Manufacturer\': \'HP/Compaq\', \'Pre-Failure Warranty\': \'Yes\', \'description\': \'  \""359461-001 HP 72.8-GB 10K FC-AL\"", \""Null\"" Price 359461-001-5Pack\"" \""New 35"
2573,{'Output': 'mismatch'},"8GX3M2A1600C9)""@en ""▷ Corsair Vengeance SODIMM 8GB (2x4GB) DDR3 PC3-12800C9 1600MHz Kit (CMSX8GX3M2A1600C9)""@en  ""Corsair Vengeance SODIMM 8GB ("
2574,{'Output': 'mismatch'},"height\', \'Interface\': \'SATA III\', \'description\': \'  ""Seagate ST1000DM003 1TB 3.5 inches x 1/3 height SATA III Hard Drive - 10 Pack"" "" Seagate HardDrive 1TB 3.5 inches x 1/3 height SATA III Hard Drive - 10 Pack\',"
2575,{'Output': 'mismatch'},"', \'Pakketpost (vanaf € 19,95)\': \'€ 0,-\', \'Pakketpost (vanaf € 14,95)\': \'€ 0,-\', \'Pakketpost (vanaf € 12,95)\': \'€ 0,-\', \'Pakketpost (vanaf € 11,95)\"
2576,{'Output': 'mismatch'},"{""Output"": ""mismatch""}"
2577,{'Output': 'mismatch'},"\'/mpn\': \'[430165003]\', \'brand\': \'HP\', \'category\': \'Memory\', \'Category\': \'Memory\', \'Sub-Category\': \'RAM\', \'Generation\': \'DDR3\', \'Part Number\': \'430165-003\',"
2578,{'Output': 'match'},"\'346919-001 HP Intel Xeon MP 2.2GHz DL560 Description:4 x HPE Intel Xeon DL560 MP(2.2GHz/400MHz/2MB/550W)Full 4 Processor Option KitPart Number(s) Manufacturer Part# 346919-001\', \'category"
2579,{'Output': 'mismatch'},"lo 120mm Fan 1 x 3-Pin Power Cable 1 x 4-Pin Motherboard Adapter\', \'description\': \'  ""Air Series AF120 LED White Quiet Edition High Airflow 120mm Fan 1 x 3-Pin Power Cable 1 x 4-Pin Motherboard Adapter"" "" Case "" ""Air Series AF120 LED White Qu"
2580,{'Output': 'match'},"\': \'Unbeheerde switches & hubs\', \'Merk\': \'TP-LINK\', \'Productserie\': \'TL-SG1005D\', \'Product\': \'TL-SG1005D\', \'Uitvoering\': \'TL-SG1005D, 24 PoE+ Ports\', \'EAN"
2581,{'Output': 'mismatch'},"3.5-inch Hot-Plug Hard Drive"" "" Hard Drive - Hot-Swap - Gen8 - 3-TB 6G 7.2K 3.5-inch Hot-Plug Hard Drive 628061-S21-SC""@en Hard Drive - Hot-Swap - Gen8 - 3-TB 6G 7.2K 3.5-inch Hot"
2582,{'Output': 'mismatch'},"\': \'AMD\', \'sku\': \'fd6300wmhkbox\', \'type\': \'Processor\', \'description\': \'  ""AMD FD6300WMHKBOX Fx 6300 6c Processor Am3+ 14mb 95w 3500 Mhz Box""@en ""  """
2583,{'Output': 'mismatch'},"BF160B) "" ""Description:8GB Single DDR3L 1600 MT/s (PC3L-12800) SODIMM 204-Pin Laptop Memory (CT102464BF160B) - Crucial\', \'title\': \'Crucial 8GB Single DDR3L 1600 MT/s ("
2584,{'Output': 'mismatch'},"0 - MZ-750500BW Price in India\', \'Output\': \'mismatch\'}'}

Output: mismatch"
2585,{'Output': 'mismatch'},"{""Output"": ""mismatch""}"
2586,{'Output': 'mismatch'},"DR RAM"" ""New 381817-001 RAM Wholesale  ""Description:5 x HP 512 MB PC300 DDR RAM"" ""New 381817-001 HP 512 MB PC300 DDR RAM"" ""New 381817-001 HP 512 MB PC300 DDR RAM"" ""New"
2587,{'Output': 'mismatch'},"0\', \'EAN\': \'0886111310265, 4948382794574\', \'SKU\': \'643772b21\', \'Tweakers ID\': \'356840\', \'Productprijs\': '\u20ac 3.28"
2588,{'Output': 'mismatch'},"': \'1\', \'description\': \'  ""HP Enterprise 72GB SAS 15K Hard Drive 430169-002""@en Hard Drive 430169-002 | SCAN UK""@en  ""HP Enterprise 72GB SAS 15K Hard Drive""@en  ""HP Enterprise 72GB SAS 15K"
2589,{'Output': 'mismatch'},"MHz Dual Channel Kit""@es  ""Memory Kit, 4x16GB PC4-24000 DDR4-3000MHz, 15-17-17-31, 1.35V, XMP 2.0, Lifetime Warranty""   ""Description:Corsair Vengeance LED White 64GB (4x16GB"
2590,{'Output': 'mismatch'},"', \'brand\': \'HP\', \'category\': \'\', \'Category\': \'Processors\', \'Sub-Category\': \'New 631667-B21 G7 Wholesale Price 631667-B21\', \'Generation\': \'G7\', \'Part Number\': \'631667-"
2591,{'Output': 'mismatch'},"""Corsair Vengeance Jet Black 16GB (2x8GB) DDR3 1600MHz PC3-12800 CAS 10 Dual Channel Memory Kit CMZ16GX3M2A1600C10""@en Memory Kit CMZ16GX3M2A1600C10 | SCAN UK\', \'title"
2592,{'Output': 'mismatch'},"3200c16\'], \'type\': \'DDR4 16GB (2 x 8GB)\', \'description_short\': \'Corsair Vengeance LPX 16GB (2 x 8GB)\', \'description_long\': \'Corsair Vengeance LPX 16GB (2 x 8GB) DDR4 16GB ("
2593,{'Output': 'match'},"\': \'€ 3,95\', \'Pakketpost 30-50 kg\': \'€ 4,95\', \'Pakketpost 50+ kg\': \'€ 5,95\', \'Pakketpost 50+ kg (vanaf € 100,-)\': \'€ 5,95\', \'Pak"
2594,{'Output': 'mismatch'},"Broadcom 5704\', \'description\': \'  ""356816-001 HP ML350t G4p 3.2GHz Intel Xeon 512MB 2MB Cache 1 x Broadcom 5704 1GB NIC Server\', ""Null"" Description: 356816-001 HP ML350t"
2595,{'Output': 'mismatch'},"HP 300-GB 3G 10K 2.5 DP SAS HDD\', \'category\': \'Hard Drive\', \'subcategory\': \'300-GB 3G 10K 2.5 DP SAS HDD\', \'brand\': \'HP\', \'sku\': \'456896-00"
2596,{'Output': 'mismatch'},"', \'description\': \'  ""Corsair Vengeance LPX 16GB (2 x 8GB) DDR4 3000MHz CL15 - CMK16GX4M4B3000C15R""@en Corsair Vengeance LPX 16GB (2 x 8GB) DDR4 3000MHz CL15"
2597,{'Output': 'mismatch'},"8-ww\', \'type\': \'High Static Pressure Fan\', \'description\': \'  ""Corsair Air Series SP120 120MM 2350RPM 62.74CFM 35DBA High Static Pressure Fan Dual Pack - CO-9050008-WW""@en ""CO-9050"
2598,{'Output': 'mismatch'},"': \'[432804b21]\', \'/mpn\': \'[432804b21]\', \'brand\': \'HP\', \'category\': \'\', \'Category\': \'Proliant Memory\', \'Sub-Category\': \'Genuine HP Memory\', \'Generation\': \'667MHz\"
2599,{'Output': 'mismatch'},"/s\', \'description\': \'  \""ST1000DM003 1TB 3.5 inches x 1/3H (Internal) SATA 6Gb/s 256MB Cache Hard Drive\"" \""Null\""   \""Description:5 x Seagate ST1000DM003 1TB 3.5 inches x 1/3H (Internal)"
2600,{'Output': 'mismatch'},"{""Output"": ""mismatch""}"
2601,{'Output': 'mismatch'},"\', \'description\': \'  ""238921-B21 HPE 72.8GB 10K Fibre Channel Hot-Swap Hard Drive"" ""Null""   ""Description:HPE 72.8GB 10K Fibre Channel Hot-Swap Hard Drive""', \'title\': \'238921-B21 HPE 7"
2602,{'Output': 'mismatch'},"30NS 500GB 3.5 inches x 1/3H (LFF) SATA 7200RPM 16MB Cache""   ""ST3500630NS\', \'title\': \'Seagate Barracuda ES ST3500630NS 500GB 3.5 inches x 1/3H (LFF) SATA"
2603,{'Output': 'mismatch'},"\'2400MHz\', \'Tested Latency\': \'16-16-16-39\', \'Tested Voltage\': \'1.2V\', \'Registered / Unbuffered\': \'Unbuffered\', \'Error Checking\': \'Non-ECC\', \'Memory Features\': \'XMP 2.0"
2604,{'Output': 'mismatch'},"\'€ 1199,-\', \'description\': \'  \""300876-B21 HP Proliant BL20 G2 Blade Server 2.8GHz Xeon 512MB RAM 4GB Max RAM 1GB NIC 400MHz Bus Speed\""@en "" 300876-B21 HP Proliant BL2"
2605,{'Output': 'mismatch'},"{""Output"": ""mismatch""}"
2606,{'Output': 'mismatch'},"\'brand\': \'HP\', \'sku\': [\'432094b21\', \'432094b2110pack\'], \'type\': \'3.5-inch (LFF) Serial Attached SCSI (SAS) 15K Hot-Plug Midline (MDL) Hard Drive in HPE Hot-Plug Hard Drive Car"
2607,{'Output': 'mismatch'},"PCI-e Dual-Port HCA\', \'category\': \'IB 4X DDR PCI-e Dual PORT Host Channel Adapter\', \'subcategory\': \'New 483513-B21 UDIMM 2 Pack Wholesale Price 483513-B21-2Pack\', \'brand\': \'HP\', \'sku"
2608,{'Output': 'mismatch'},"\'type\': \'Processor\', \'price\': \'\""CAD\"", \""$119.99 CAD\""'}'}
```

}

{'Entity_1': '{\'/productID\': \'[amda6640k]\', \'/mpn\': \'[ad640kokhlbox]\', \'brand\': \'AM"
2609,{'Output': 'mismatch'},"906-B21\', \'Products ID\': \'464081\', \'Type\': \'Xeon\', \'description\': \'  ""495906-B21 HP G6 2.4GHz 8-Core Intel Xeon Processor"", ""Null"" ""New 495906-B21 Processor Wh"
2610,{'Output': 'mismatch'},") Processor - Retail""@en ""▷ AMD""'}

Output: mismatch"
2611,{'Output': 'mismatch'},"'category\': \'Hard Drive\', \'subcategory\': \'\', \'brand\': \'HP\', \'sku\': \'456896_001\', \'type\': \'Hard Drive - Hot-Swap\', \'description\': \'  ""456896-001 HP 400-GB 10K"
2612,{'Output': 'match'},"3 1600MHz - 4GB - Kingston HX316C10F/4""@en Kingston HyperX Fury 4GB DDR3 1600MHz HX316C10F/4 - Kingston""@en ""HyperX FURY 4GB DDR3 1600MHz HX316C10F/"
2613,{'Output': 'mismatch'},"ided\': \'4\', \'Memory Technology\': \'DDR4 SDRAM\', \'Memory Speed\': \'2666MHz\', \'Voltage\': \'1.2V\', \'description\': \'  \""Corsair Vengeance LPX 64GB (4x16GB) DDR4 2666MHz\"" ""New"
2614,{'Output': 'mismatch'},"', \'title\': \'Lenovo - solid state drive 180 GB M.2 Card\', \'sku\': \'4xb0h30209\', \'type\': \'Solid State Drive\'}', 'Entity_2': '{\'title\': \'Lenovo - solid state drive 180 GB M.2 Card\', \'category\': \'Lenovo"
2615,{'Output': 'match'},"'title\': \'EVGA GeForce GTX 1080 Founders Edition 8GB GDDR5X PCI Express 3.0 SLI Supported Graphics Card\', \'category\': \'Computers & Accessories\', \'subcategory\': \'Computers\', \'brand\': \'EVGA\', \'sku\': \'08G-P4-61"
2616,{'Output': 'mismatch'},"{""Output"": ""match""}"
2617,{'Output': 'mismatch'},")‡\': \'[email protected]\', \'description\': \'  ""Intel Core i7-7800K 6-Core 3.7GHz Unlocked Desktop Processor 12MB Cache Intel HD 630 Graphics LGA 1151 14nm Technology 95W"" ""Null""   ""Description:Intel Core i7-7800K"
2618,{'Output': 'match'},"3000MHz Dual Channel Kit ""@en 4x16GB | CMU64GX4M4C3000C15R\', \'subcategory\': \'DDR4\', \'brand\': \'Corsair\', \'sku\': \'CMU64GX4M4C3000C15R, MU64"
2619,{'Output': 'mismatch'},"{""Output"": ""match""}"
2620,{'Output': 'mismatch'},"0-GB 5.4K 2.5 SATA\', \'subcategory\': \'Price 431786-B21 SATA 5 Pack Wholesale Price 431786-B21\', \'sku\': \'431786b21\', \'type\': \'Description:5 x 120GB 2."
2621,{'Output': 'mismatch'},"\'description\': \'  ""Corsair - 100R Silent ATX Mid Tower Case (CC-9011077-WW) PCPartPicker"" Case (CC-9011077-WW) PCPartPicker\', \'title\': \'Corsair - 100R Silent ATX Mid Tower Case (CC-9011077"
2622,{'Output': 'mismatch'},"SI (SAS)\', \'description\': \'  ""DG0300FARVV-5Pack HPE 300GB 10K 3.5 DP SAS HDD"" ""HP 300GB 10K 3.5 DP SAS HDD""  ""Description:300GB Serial Attached SCSI (SAS) 10K 3."
2623,{'Output': 'mismatch'},"771\', \'description\': \'  \""HP 643778-B21 Intel Xeon Processor L2 2.50MB L3 30MB 64-bit 2.13GHz 32nm Deca-Core Processor Socket LGA 771\""  \""Null\"" 643778-B21\""  \"""
2624,{'Output': 'mismatch'},"{""Output"": ""match""}"
2625,{'Output': 'mismatch'},"{""Output"": ""mismatch""}"
2626,{'Output': 'mismatch'},"{""Output"": ""match""}"
2627,{'Output': 'mismatch'},"weakers Prijs\': \'€ 127,99\', \'description\': \'  ""Asus Prime B250M-Plus - Micro ATX - 2 x DDR4 DIMM - 1 x PCIe 3.0 x16 - 1 x PCIe 2.0 x1 - 1 x PCI - 2 x SATA III - 1 x M.2 S"
2628,{'Output': 'mismatch'},"{""Output"": ""match""}"
2629,{'Output': 'mismatch'},"{""Output"": ""match""}"
2630,{'Output': 'mismatch'},"Category\': \'Proliant Memory\', \'Sub-Category\': \'Genuine HP Memory\', \'Generation\': \'512MB\', \'Part Number\': \'346919-001\', \'Products ID\': \'142681\', \'Technology\': \'DDR RAM\', \'Capacity\':"
2631,{'Output': 'mismatch'},"{""Output"": ""mismatch""}"
2632,{'Output': 'mismatch'},"\'460164\', \'Productprijs\': \'€ 159,99\', \'Pakketpost vanaf € 99,-\': \'€ 5,95\', \'iDeal\': \'€ 0,-\', \'Totaal\': \'€ 159,99\', \'Pakketpost Nederland"
2633,{'Output': 'mismatch'},"\': \'9\', \'brand\': \'Corsair\', \'Product Type\': \'Memory Module\', \'Product\': \'Corsair ValueSelect 16GB (2 x 8GB) DDR3 1333MHz Unbuffered Non-ECC SODIMM Memory Module CMZ4GX3M1A1600C9B\', \"
2634,{'Output': 'match'},":192106b21\', \'brand\': \'HP Enterprise\', \'sku\': [\'192106b21\'], \'type\': \'Description:110/220GB SDLT Internal Tape Drive in 192106b21\', \'description\': \'  ""HP 192106-"
2635,{'Output': 'mismatch'},"{""Output"": ""mismatch""}"
2636,{'Output': 'mismatch'},"'Processor\', \'description\': \'  ""AMD FX8350 Black Edition AM3+ 8 Core CPU""@en CPU (FD8350FRHKBOX)""@en\', \'description\': \'  ""AMD FX8350 Black Edition AM3+ 8 Core CPU""@en CPU (FD8350FRHKBOX)""@en\', \'"
2637,{'Output': 'mismatch'},"}', 'Entity_2': '{\'title\': \'658071-B21 HP G8 G9 500-GB 6G 7.2K 3.5 SATA SC\', \'category\': \'New 658071-B21 5 Pack Wholesale Price 658071-B21-5Pack\', \'"
2638,{'Output': 'match'},"{""Output"": ""match""}"
2639,{'Output': 'mismatch'},"146GB\', \'Interface Type\': \'Serial Attachment SCSI (SAS)\', \'Data Transfer Rate\': \'150MB/s\', \'Average Seek Time\': \'15ms\', \'Spindle Speed\': \'15000RPM\', \'description\': \'  ""HP EH0146FAWJB"
2640,{'Output': 'mismatch'},"age\': \'1.2V\', \'description\': \'  ""Corsair Vengeance LPX 32GB (2x16GB) DDR4 2666MHz CL16 - CK32GX4M2A2666C16"" ""Null""   ""Description:Corsair Vengeance LPX 32GB (2x16GB"
2641,{'Output': 'mismatch'},"1\', \'type\': \'Intel Xeon E5506 BL280c G6 (2.13GHz/4-core/4MB/80W)Full Processor Option KitP\', \'description\': \'  ""507825-B21 HP Xeon E5506 2.13GHz BL280c G6"
2642,{'Output': 'mismatch'},"DR3 Memory Support, 64-bit architecture, Intel HD Graphics 4400, 45W TDP, 1150 socket, 45nm process technology\', \'description\': \'  \""4th Generation Intel® Core™ i3 4160 3.6GHz Socket LGA1150 Dual Core Technology, 3.60GHz clock speed,"
2643,{'Output': 'mismatch'},"8 GB: 2 x 4 GB DIMM 240-pin\', \'sku\': \'kvr16n11s8k28\', \'type\': \'Description: Kingston ValueRAM - DDR3 8 GB: 2 x 4 GB DIMM 240-pin\', \'brand\': \'Kingston\', \'price\"
2644,{'Output': 'mismatch'},"'\', \'brand\': \'Seagate\', \'sku\': \'st3750330ns\', \'type\': \'Hard Drive - OEM\', \'description\': \'  ""Seagate Barracuda ES.2 750GB SATA-II 32MB Cache - OEM (ST3750330NS)""@en """
2645,{'Output': 'match'},"370mm GPU Length\', \'description_full\': \'  ""Corsair Carbide Series 400Q Silent Mid Tower Case | CC-9011100-WW Novatech\', \'description_short\': \'Corsair Carbide Series 400Q Silent Mid Tower Case | CC-9011100-WW Novatech\',"
2646,{'Output': 'mismatch'},"UY\', \'type\': \'USB 3.0 Flash Drive\', \'description\': \'  ""SanDisk SDCZ48-032G-U46 CUY 32GB USB 3.0 Flash Drive r100MB/s SanDisk Ultra Retractable Slider Black""@en SDCZ48-032G-U46 LN5"
2647,{'Output': 'match'},"2133C13\', \'EAN\': \'843591070621\', \'SKU\': \'k32gx4m2a2133c13, cmk32gx4m2a2133c13\', \'Tweakers ID\': \'578064\', \'Product"
2648,{'Output': 'mismatch'},": Seagate 1TB 3.5-inch 7200.12 RPM SATA Hard Drive ST1000DM003"" ""Null""   ""Description:Seagate 1TB 3.5-inch 7200.12 RPM SATA Hard Drive ST1000DM003"" ""Null"" Price ST1000DM003"""
2649,{'Output': 'mismatch'},"094-B21 15K 3.5 SP SAS 5 Pack Whol""\', \'title\': \'432094-B21 HP 146-GB 15K 3.5 SP SAS\', \'sku\': \'hp431943003\', \'type\': \'Hard Drive\', \'description"
2650,{'Output': 'mismatch'},"5506 2.13GHz DL380 G6\', \'category\': \'Processor\', \'subcategory\': \'Xeon E5506\', \'brand\': \'HP\', \'sku\': \'492131b21\', \'type\': \'Processor\', \'description\': \'  ""4"
2651,{'Output': 'match'},"\'  ""HP Proliant Processor - AMD Opteron 2218 HE 2.2GHz 1MB L2 2MB L3 45nm 75W Socket F LGA-1207 445974-B21""@ca  ""HP Proliant Processor - AMD Opteron 2218 HE 2.2GHz 1"
2652,{'Output': 'mismatch'},"{""Output"": ""mismatch""}"
2653,{'Output': 'mismatch'},"{""Output"": ""mismatch""}"
2654,{'Output': 'mismatch'},"age\': \'1.5V\', \'description\': \'  ""Corsair Vengeance Jet Black 8GB (1x8GB) DDR3 1600MHz UDIMM Memory Module""@en (CMZ8GX3M1A1600C10)""@en\', \'title\': \'Corsair Vengeance Jet Black 8GB ("
2655,{'Output': 'match'},"2': '{\'title\': \'Gigabyte GA-Z270N-WIFI - Prijzen\', \'category\': \'\', \'subcategory\': \'\', \'brand\': \'Gigabyte\', \'sku\': \'gaz270nwifi\', \'type\': \'Motherboard\', \'description\': \"
2656,{'Output': 'mismatch'},"\'  ""430169-002 HP 72-GB 3G 15K 2.5 DP SAS HDD"" ""Descript"" ""HP 430169-002 Part# -430169-002""  ""Description:72GB 2.5-inch Serial Attached SCSI (SAS) SFF3G D"
2657,{'Output': 'mismatch'},"{""Output"": ""match""}"
2658,{'Output': 'mismatch'},"'Description\': \'Intel Xeon Processor 589073-B21\', \'description\': \'  ""589073-B21 HP Intel Xeon Processor 2.26GHz 8-Core L3 Cache 12MB\', \'title\': \'589073-B21 HP Intel Xeon Processor"
2659,{'Output': 'mismatch'},"s\', \'Spindle Speed\': \'7200RPM\', \'Average Seek Time\': \'8.5ms\', \'Hot Swap Tray\': \'Not Included\', \'Manufacturer\': \'Seagate\', \'Pre-Failure Warranty\': \'Yes\', \'Cache\': \'32MB\',"
2660,{'Output': 'mismatch'},"\'description\': \'  ""Fire, 7\"" Display, Wi-Fi, 8 GB - Includes Special Offers and 1-Year Manufacturer\', \'description\': \'  ""Fire, 7\"" Display, Wi-Fi, 8 GB - Includes Special Offers and 1-Year Manufacturer\', \'description\': \'  ""Fire, 7\"" Display, Wi-Fi,"
2661,{'Output': 'mismatch'},"{""Output"": ""mismatch""}"
2662,{'Output': 'mismatch'},"-B21"" New 461826-B21 Kit Wholesale 461826-B21-Kit\', \'sku\': [\'461826b21\', \'461826b21-Kit\'], \'type\': \'2GB (2 x 1GB) DDR II SDRAM Memory Module\'}"
2663,{'Output': 'mismatch'},"UD3\', \'EAN\': \'0818313012906\', \'SKU\': \'GA-990XA-UD3\', \'Tweakers ID\': \'516412\', \'Productprijs\': \'€ 219,99\', \'Pakketpost >30\':"
2664,{'Output': 'mismatch'},"'431786B21\', \'Products ID\': \'144026\', \'Capacity\': \'5400GB\', \'Form Factor\': \'2.5 inches\', \'Interface\': \'Serial ATA\', \'Data Transfer Rate\': \'300MB/s\', \'Spindle Speed\': \"
2665,{'Output': 'mismatch'},"ale Price ST31000340AS-5Pack\', \'title\': \'ST31000340AS Seagate 1-TB 7.2K 3.5 3G SATA\', \'subcategory\': \'New ST31000340AS SATA 5 Pack Wholesale Price ST31000340AS"
2666,{'Output': 'match'},"5\', \'description\': \'  ""Seagate Desktop HDD, 500GB"" "" Seagate Desktop HDD - 500GB"" "" Seagate Desktop HDD - 500GB"" "" Seagate Desktop HDD - 500GB"" "" Seagate Desktop HDD - 500GB"" "" Seagate Desktop HDD -"
2667,{'Output': 'mismatch'},",95\', \'Pakketpost 30-50 kg\': \'€ 14,95\', \'Pakketpost boven 50 kg\': \'€ 29,95\', \'description\': \'  ""Corsair Vengeance LPX 16GB (2 x 8GB) DDR4 2666MHz C1"
2668,{'Output': 'mismatch'},"'Corsair Vengeance LED 16GB (2 x 8GB) DDR4 288-Pin DIMM Kit\'}', 'Entity_2': '{\'title\': \'Corsair 16GB PC4-21300 288-pin DDR4 SDRAM DIMM Kit\', \'category\': \'Kit\', \'subcategory\"
2669,{'Output': 'mismatch'},"{""Output"": ""match""}"
2670,{'Output': 'match'},"0]\', \'/mpn\': \'[3ra3850]\', \'brand\': \'Corsair\', \'category\': \'Memory\', \'Category\': \'Memory\', \'Sub-Category\': \'DDR4 SODIMM\', \'Generation\': \'DDR4\', \'Part Number\': \'3RA385"
2671,{'Output': 'mismatch'},"2balwl]\', \'brand\': \'Dell\', \'category\': \'Null\', \'Category\': \'Proliant Memory\', \'Sub-Category\': \'Genuine Dell Memory\', \'Generation\': \'256 MB\', \'Part Number\': \'dh0072b-alwl\', \'Products ID\': \"
2672,{'Output': 'mismatch'},"{""Output"": ""mismatch""}"
2673,{'Output': 'mismatch'},"I74820K)\'}', 'Entity_2': '{\'title\': \'Intel Core i7-4820K 3.70GHz (Ivybridge-E) Socket LGA2011 Processor - Retail\', \'category\': \'Processors\', \'description\': \'  ""Intel Core i7-4820K 3"
2674,{'Output': 'mismatch'},"-5Pack\'], \'type\': \'SAS SSD\', \'description\': \'  ""653078-B21 HP G8 G9 200-GB 6G 2.5 SAS SC SSD"", ""Null"" ""New 653078-B21 SSD 5 Pack Wholesale Price \'}', 'Entity_2': '{\"
2675,{'Output': 'mismatch'},"2133MHz, 95W TDP, AMD Turbo Core Technology\', \'brand\': \'AMD\', \'sku\': \'ad870kxbjcsbx\', \'type\': \'Processor\', \'Products ID\': \'1023016281\', \'Product\': \'AMD Athlon X"
2676,{'Output': 'mismatch'},"SATA III SSD"", ""Null"" ""New 572071-B21 SSD Wholesale Price\', \'title\': \'572071-B21 HP 60-GB 2.5 MDL SATA III SSD\', \'sku\': \'dl165g6572071b21\', \'type\':"
2677,{'Output': 'mismatch'},"0\', \'description\': \'  ""341-1237-5Pack Dell Ultra320 36GB"" Dell HardDrive - NCIX""\', \'title\': \'341-1237-5Pack Dell Ultra320 36GB ""Dell HardDrive - NCIX""\', \'subcategory\': \'\',"
2678,{'Output': 'mismatch'},"brand\': \'HP\', \'sku\': \'643774b21\', \'type\': \'Processor\', \'description\': \'  ""643774-B21 HP Xeon E74820 2.0GHz BL680c G7"" ""Null""   ""Description:HP Intelï¿½ Xeonï"
2679,{'Output': 'mismatch'},"{""Output"": ""match""}"
2680,{'Output': 'mismatch'},"6001\', \'type\': \'10K 3.5-inch Dual Port Hot-Plug Hard Drive\', \'description\': \'  ""456896-001 HP 400-GB 10K 3.5 DP SAS"" ""Null""   ""Description:5 x 400GB Serial Attached SCSI (SAS)"
2681,{'Output': 'mismatch'},"type\': \'Hard Drive\', \'description\': \'  ""iStorage diskashur""@en diskashur | IS-DA-256-4000""@en\', \'type\': \'Hard Drive\', \'description\': \'  ""iStorage diskashur""@en diskashur | IS-DA-256-4000""@en\',"
2682,{'Output': 'mismatch'},"{""Output"": ""mismatch""}"
2683,{'Output': 'match'},"', \'type\': \'Tape Library\', \'description\': \'  ""293472-B22 HP MSL5026 SDLT RackMount Tape Library"" ""Null"" ""Library Wholesale 293472-B22""   ""Description:HP MSL5026 SDLT RackMount Tape Library\', \'price\': \'"""
2684,{'Output': 'mismatch'},"661-B21 HP NC340T Server Adapter"" ""Server Adapter - Page \', \'title\': \'391661-B21 HP NC340T Server Adapter\', \'subcategory\': \'Page 1 | All Netwerkadapters\', \'brand\': \'HP\', \'sku\': \'39166"
2685,{'Output': 'mismatch'},"{""Output"": ""mismatch""}"
2686,{'Output': 'mismatch'},"ant ML350 G4p PS\', \'subcategory\': \'New 390394-001 HP Proliant ML350 G4p PS 2Pack\', \'sku\': \'3903940012pack\', \'type\': \'Proliant Power Supply\'}', 'Entity_2': '{\'title\':"
2687,{'Output': 'mismatch'},"'Yes\', \'description\': \'  \""431943-003 HP 146-GB 15K 3.5 SAS SC SSD\"", \""Null\"" ""New 431943-003 SAS 2Pack"" ""Price 431943-003"" ""Price 431943-003-2Pack"
2688,{'Output': 'mismatch'},"HardDrive\', \'Sub-Category\': \'7.2K\', \'Generation\': \'SATA SC\', \'Part Number\': \'601248-B21\', \'Products ID\': \'457781\', \'Type\': \'Hard Drive - Hot-Swap - Gen8\', \'Large Form Factor\':"
2689,{'Output': 'mismatch'},"\'€ 0,-\', \'description\': \'  ""Samsung 960 Pro 2TB MZ-V6P2T0BW"" "" Samsung 960 Pro 2TB MZ-V6P2T0BW \', \'title\': \'Samsung 960 Pro 2TB MZ-V6P2T0BW\"
2690,{'Output': 'mismatch'},"07""  \', \'title\': \'359461-007 HP 300-GB 10K FC-AL HDD\', \'subcategory\': \'New 359461-007 HDD Wholesale Price 359461-007\', \'sku\': \'35946100"
2691,{'Output': 'mismatch'},"ellation 1TB 7200RPM 3.5 3G SATA\', \'brand\': \'Seagate\', \'sku\': \'ST31000524NS\', \'type\': \'Hard Drive\', \'description\': \'  ""ST31000524NS Seagate 1-TB 7"
2692,{'Output': 'mismatch'},"\': \'  \""Intel Core i7 6700 / 3.4 GHz processor\"" "" Intel processor - BX80662I76700 Add-In Processors (CPUs)\', \'title\': \'Intel Core i7 6700 / 3.4 GHz processor\', \'subcategory\': \'BX80662I7"
2693,{'Output': 'mismatch'},"€ 75,-)\': \'€ 0,-\', \'description\': \'  ""Intel Core i7-6700K Boxed""@en BX80662I76700K | SCAN UK\""@en  \""Intel Core i7-6700K Boxed\""@en\', \'title\': \'Intel Core i7-67"
2694,{'Output': 'mismatch'},"\'Drive Capacity\': \'146GB\', \'Compression\': \'(Native/Uncompressed)\', \'Data Storage Device Type\': \'Fibre Channel\', \'Hard Drive Device Type\': \'Hard drive for server/storage unit (HPE)\', \'Data Transfer Rate\': \'300 MB/s\', \'Interface\': \'Fibre"
2695,{'Output': 'match'},"658071b21\', \'type\': \'3.5-inch 6G 7.2K 500-GB SATA SC Hard Drive\', \'description\': \'  ""Null"", ""658071-B21 HP G8 G9 500-GB 6G 7.2K 3.5 SATA SC Hard Drive"" Price"
2696,{'Output': 'mismatch'},"935364020620, 5053460569506\', \'SKU\': \'TL-SG1024D\', \'Tweakers ID\': \'335986\', \'Productprijs\': \'€ 399,95\', \'Pakketpost tot € 99"
2697,{'Output': 'mismatch'},"2 HP 72-GB 3G 15K 2.5 DP SAS\', \'brand\': \'HP\', \'sku\': \'430169-002\', \'type\': \'2 x 72GB 2.5-inch Serial Attached SCSI (SAS) SFF3G Dual Port Hot-Plug 15"
2698,{'Output': 'match'},"8GB) DDR4 2400MHz CL15 - F4-2400C15D-16GVR""@en-US ""Memory - Geheugen intern - G.Skill - Ripjaws V Series 16GB (2 x 8GB) DDR4 2400MHz CL15 - F4-2400C15D-1"
2699,{'Output': 'mismatch'},"Video HD Technology\': \'Yes\', \'Intel® Hyper-Threading Technology\': \'Yes\', \'Intel® Turbo Boost Technology\': \'Yes\', \'Intel® Virtualization Technology\': \'Yes\', \'Intel® AES New Instructions\': \'Yes\', \'Intel® AVX Technology\': \'Yes\', \'Intel®"
2700,{'Output': 'mismatch'},"4NS Seagate 1-TB 7.2K 3.5 3G SATA\', \'brand\': \'Seagate\', \'sku\': \'st31000524ns\', \'type\': \'Description:Seagate Barracuda 1TB 7.2K 3.5 3G SATA\', \'description"
2701,{'Output': 'mismatch'},"Proliant HardDrive\', \'Sub-Category\': \'7.2K\', \'Generation\': \'Ultra Wide\', \'Part Number\': \'658102-001\', \'Products ID\': \'141262\', \'Type\': \'Hard drive - internal\', \'Capacity\': \'40"
2702,{'Output': 'mismatch'},"{""Output"": ""mismatch""}"
2703,{'Output': 'mismatch'},"{""Output"": ""match""}"
2704,{'Output': 'mismatch'},"'€ 7,95\', \'Pakketpost vanaf € 99,-\': \'€ 5,95\', \'Pakketpost\': \'€ 0,-\', \'Pakketpost (vanaf € 29,-)\': \'€ 0,-\', \'description\': \'  \""Kingston HyperX Fury black HX421"
2705,{'Output': 'mismatch'},"55287\', \'Capacity\': \'146GB\', \'Interface\': \'Serial Attached SCSI (SAS)\', \'Enclosure\': \'Internal\', \'Drive Dimensions\': \'3.5 inches x 1/3H (Low Profile)\', \'Spindle Speed\': \'15000RPM\', \'External Data"
2706,{'Output': 'mismatch'},"ale Price ST31000640NS-5Pack\', \'sku\': \'ST31000640NS\', \'sku_5pack\': \'ST31000640NS5Pack\', \'type\': \'1TB Seagate Barracuda ES.2 Hot-Plug Serial ATA (SATA) 3.0"
2707,{'Output': 'mismatch'},"\'Gratis\', \'description\': \'  ""Asus DUAL-GTX1060-3G - GeForce GTX 1060 3GB GDDR5 PCI Express 16X Video Card"" "" Asus DUAL-GTX1060-3G Videokaart - GeForce GTX 1060 3GB GDDR5 PCI Express 16X"
2708,{'Output': 'mismatch'},Book Pro 15.4-inch 2.3GHz Intel Core i7-3610QM 15-inch 500GB 5400rpm 4GB 1600MHz DDR3 Intel HM77 Nvidia GeForce 650M / Intel HD 4000 OS X Lion 10.7.4 15.4-inch
2709,{'Output': 'mismatch'},"1-SC\', \'brand\': \'Seagate\', \'sku\': \'st2000nm0011, st2000nm00112pack\', \'type\': \'Hard Drive - Hot-Swap - Gen8\', \'description\': \'  ""ST2000NM0011-SC HP G8 G9"
2710,{'Output': 'mismatch'},"4 DIMM, 1600MHz, 1.5V, 240-Pin\', \'category\': \'Memory\', \'subcategory\': \'2GB FBD PC2-5300 2X4 DIMM\', \'brand\': \'HP\', \'sku\': \'397411-B21\', \"
2711,{'Output': 'mismatch'},"AS HDD\', \'subcategory\': \'\', \'sku\': \'eg0146fartr5pack\', \'type\': \'Hard Drive - Hot-Swap\', \'price\': \'""USD""', \'description\': \'  ""Null"" ""EG0146FARTR HP 146-GB 6G 10K"
2712,{'Output': 'mismatch'},"LGA1151 Intel H110 Micro ATX Motherboard"" ""Description:GA-H110M-S2HP - LGA1151 Intel H110 Micro ATX Motherboard"" ""GA-H110M-S2HP - LGA1151 Intel H110 Micro ATX Motherboard"" ""GA-H110M-S2HP - LGA11"
2713,{'Output': 'mismatch'},"1000NM0033 Seagate 1-TB 7.2K 3.5 6G SP SATA\', \'category\': \'Null\', \'subcategory\': \'New ST1000NM0033 SATA 5 Pack Wholesale Price ST1000NM0033-5Pack\', \'brand\': \'Seag"
2714,{'Output': 'mismatch'},"'BX80637I73770K\', \'Tweakers ID\': \'461771\', \'Productprijs\': \'€ 319,01\', \'Pakketpost (vanaf 50,-)\': \'€ 0,-\', \'iDeal\': \'€ 0,-\', \'T"
2715,{'Output': 'mismatch'},"5K 3.5 DP NHP SAS 5 Pack"" ""New 417190-002 SAS 5 Pack Wholesale "" ""Description:72GB Serial Attached SCSI (SAS) 3.5-inch Non-Hot-Plug 15K DP Hard DriveGenuine HPE serial number and firmwarePart Number(s) Hewlett Packard Enterprise\',"
2716,{'Output': 'mismatch'},"{""Output"": ""mismatch""}"
2717,{'Output': 'match'},"\'type\': \'Mid Tower Case\', \'price\': \'""USD""', \'Price\': \'119.99\', \'description_fr\': \'  ""NZXT - S340 Elite (Noir) ATX Mid Tower Case"" Case (CA-S340W-B3) PCPartPicker\', \'title_fr\':"
2718,{'Output': 'mismatch'},"8-B21 HP Intel Xeon Processor L5640 2.13GHz 6.40GT/s 105W Socket LGA-1567\"", ""Null""   ""Description:Intel Xeon Processor L5640 2.13GHz 6.40GT/s 105W Socket LGA-1567"
2719,{'Output': 'mismatch'},"{""Output"": ""mismatch""}"
2720,{'Output': 'match'},"\'  ""Integral EVO USB Flash Drive 32GB Blauw""@en ""Integral EVO USB Flash Drive 32GB Blauw""@en  \', \'title\': \'Integral EVO USB Flash Drive 32GB Blauw\', \'subcategory\': \'Integral EVO USB Flash Drive 32GB Blauw\', \'brand\': \'"
2721,{'Output': 'mismatch'},"80g\', \'type\': \'M.2 SSD\', \'description_en\': \'  ""Kingston Technology HyperX Predator SSD M.2 480GB""@en-US ""M.2 SSD | SHPM2280P2/480G""@en-US\', \'description_de\': \'  ""Kingston Technology Hyper"
2722,{'Output': 'mismatch'},"275694\', \'Productprijs\': \'€ 699,95\', \'Pakketpost DPD\': \'€ 12,95\', \'iDeal\': \'€ 0,50\', \'Totaal\': \'€ 812,85\', \'Pakketpost Nederland\': \'"
2723,{'Output': 'mismatch'},"{""Output"": ""mismatch""}"
2724,{'Output': 'mismatch'},"-B21 Processor\', \'brand\': \'HP\', \'sku\': \'643774b21\', \'type\': \'Processor\', \'description\': \'  ""643774-B21 HP Xeon E74820 2.0GHz BL680c G7"" ""New 643"
2725,{'Output': 'mismatch'},"Hard Drive\', \'description\': \'  ""New 454141-002 SATA 2 Pack Wholesale Price 454141-002-2Pack""@en 500GB 1.5G 7.2K 3.5 NHP SATA Hard Drive\', \'sku\': \'454141002\"
2726,{'Output': 'mismatch'},"y\': \'Yes\', \'description\': \'  ""ST1000DM003 HP 1TB 3.5 SATA 2 Pack "" ""ST1000DM003 Part# -ST1000DM003-2Pack""  ""Description\', \'title\': \'ST1000DM003 HP 1TB 3."
2727,{'Output': 'mismatch'},"\'RAM (installed)\': \'1 GB\', \'RAM Technology\': \'DDR SDRAM\', \'RAM (maximum)\': \'8 GB\', \'Networking Protocol\': \'Ethernet, Fast Ethernet, Gigabit Etherne\', \'Controller RAID Level\': \'RAID 1, RAID 10,"
2728,{'Output': 'mismatch'},"'HP\', \'description\': \'  \""349237b21 3.5 146GB Ultra320 SCSI 15K HDD\"" ""New 146GB Ultra320 SCSI 15K HDD Wholesale 349237b21""', 'title': 'New 146GB Ultra320 SC"
2729,{'Output': 'mismatch'},"{""Output"": ""match""}"
2730,{'Output': 'mismatch'},"{""Output"": ""mismatch""}"
2731,{'Output': 'mismatch'},"\'340743-B21\', \'Products ID\': \'1079\', \'Tape Type\': \'DLT\', \'Native Capacity\': \'20GB\', \'Interface Type\': \'SCSI\', \'Enclosure Type\': \'Internal\', \'Native Data Transfer Rate\': \'1.5MB/s"
2732,{'Output': 'mismatch'},"\'GTX1080GAMINGX8G\', \'Description:\': \'  ""GEFORCE GTX 1080 GAMING VIDEO CARD (ORDERED AS NEEDED) - MSI Computer GTX 1080 GAMING X 8G""@en-US ""Computers and Accessories\', \'title\': \'GEFORCE GTX 1"
2733,{'Output': 'mismatch'},"{""Output"": ""mismatch""}"
2734,{'Output': 'mismatch'},"\': \'[238921b21]\', \'/mpn\': \'[359461005]\', \'brand\': \'HP\', \'category\': \'\', \'Category\': \'Storageworks HDD\', \'Sub-Category\': \'10K\', \'Generation\': \'Fibre Channel\', \"
2735,{'Output': 'mismatch'},"n\', \'type\': \'NAS server\'}', 'Entity_2': '{\'title\': \'WD My Cloud WDBCTL0060HWT - NAS server 6 TB\', \'category\': \'WD TB\', \'subcategory\': \'WDBCTL0060HWT-NESN\', \'brand\': \'Workgroup Servers"
2736,{'Output': 'mismatch'},"', \'description\': \'  \""Intel Core i3-4150 3.4GHz Dual-Core Boxed Processor 65W TDP LGA1150 Socket BX80646I34150\""@es ""Intel Core i3-4150 3.4GHz Dual-Core Boxed Processor 65W TDP L"
2737,{'Output': 'mismatch'},"Graphics Max Dynamic Frequency\': \'950 MHz\', \'Graphics Video Max Memory\': \'1.7GB\', \'Graphics Output\': \'eDP/DP/HDMI/DVI\', \'4K Support\': \'Yes, at 60Hz\', \'Max Resolution (Intel WiDi)!': \'1080p\', \'Max"
2738,{'Output': 'mismatch'},"ST3500630NS HP 500-GB 7.2K 3.5 1.5G SATA\', \'sku\': \'st3500630ns\', \'type\': \'Hard Drive\', \'Manufacturer\': \'HP\', \'description_full\': \'  ""ST3500630NS"
2739,{'Output': 'mismatch'},"'  ""587507-B21 HP Intel Xeon L5640 DL380 G7(2.26GHz/6-core/60W/12MB)Full Processor Option KitPrice 587507-B21"" ""New 587507-B21 G7 Wholesale Price 587507-B2"
2740,{'Output': 'mismatch'},"002]\', \'brand\': \'HP\', \'category\': \'Null\', \'Category\': \'Proliant Memory\', \'Sub-Category\': \'Genuine HP Memory\', \'Generation\': \'1333MHz\', \'Part Number\': \'hpdg0002\', \'Products ID\': \'1"
2741,{'Output': 'mismatch'},"304_HP_HardDrives\', \'Type\': \'Hard Drive - Hot-Swap\', \'Capacity\': \'72GB\', \'Interface Type\': \'Serial Attached SCSI\', \'Spindle Speed\': \'15000RPM\', \'Ports\': \'Single\', \'Form Factor\': \'Small"
2742,{'Output': 'mismatch'},"\'description\': \'  ""SanDisk Extreme 16GB USB 3.0 Flash Drive SDSDQM-016G-B35"" ""Null""   ""Description:16GB USB 3.0 Flash Drive""@en Drive LN111222 -0619659052775 | SCAN U\', \'title\': \'SanDisk"
2743,{'Output': 'mismatch'},"description\': \'  ""456896-001 HP 400-GB 10K 2.5 DP SAS 2 Pack "" ""HP 456896-001 Part# -456896-001-2Pack""  ""Description:2 x 400GB 2.5-inch Serial Attached SCSI (SAS)"
2744,{'Output': 'match'},"N PCI Adapter (TL-WN951N)""@en-gb  ""TP-Link 300Mbps Wireless N PCI Adapter (TL-WN951N)""@en-gb  ""TP-Link 300Mbps Wireless N PCI Adapter (TL-WN951N)""@en-gb  ""TP-Link 300Mbps Wireless N PCI Ad"
2745,{'Output': 'mismatch'},"[430165003]\', \'brand\': \'HP\', \'category\': \'\', \'Category\': \'Proliant HardDrive\', \'Sub-Category\': \'10K\', \'Generation\': \'SAS\', \'Part Number\': \'430165-003-10Pack\', \'"
2746,{'Output': 'mismatch'},"7MHz\', \'Part Number\': \'495605-B21-10Pack\', \'Products ID\': \'463723\', \'Type\': \'Memory Module\', \'Form Factor\': \'260-pin SODIMM\', \'Capacity\': \'2GB\', \'Interface Type\': \'"
2747,{'Output': 'mismatch'},"25,-)\': \'€ 0,-\', \'description\': \'  \""TP-Link TL-SG1016DE 16-Port 10/100Mbps Switch\"" TL-SG1016DE\', \'title\': \'TP-Link TL-SG1016DE 16-Port 10/100Mbps Switch\"
2748,{'Output': 'mismatch'},"{""Output"": ""mismatch""}"
2749,{'Output': 'match'},"400GB Serial Attached SCSI (SAS) 10K 3.5-inch Dual Port Hot-Plug Hard DriveIn HPE Hot-Plug Hard Drive\', \'sku\': \'456896001\', \'type\': \'Serial Attached SCSI (SAS) 3.5-inch Dual Port Hot-Plug Hard Drive\',"
2750,{'Output': 'mismatch'},"K16GX4M2A2666C16) - SCAN UK\', \'description\': \'  ""Corsair 16GB PC4-21300 288-pin DDR4 SDRAM DIMM Kit""@en Kit (CMK16GX4M2A2666C16) - SCAN UK\', \'brand\"
2751,{'Output': 'match'},"{""Output"": ""match""}"
2752,{'Output': 'mismatch'},"'7200 RPM\', \'Manufacturer\': \'HP\', \'description\': \'  ""658102-001-2Pack HP 2000GB 7.2K SATA SC 22-Position Serial ATA (SATA) Plug""   ""Description:2 x HP 2000GB 7.2K SATA SC 2"
2753,{'Output': 'mismatch'},"'EAN\': \'04058154225493\', \'SKU\': \'pceac55btb1, 90ig02q1mm0r10\', \'Tweakers ID\': \'558612\', \'Productprijs\': \'€ 129,95\', \'P"
2754,{'Output': 'mismatch'},"ical Address\': \'Yes\', \'description\': \'  ""Genuine HPE 500670-B21 2GB (1 x 2GB) Unbuffered ECC DIMM 1333MHz (PC3-10600E-9) DIMM 240-pin""@en Proliant Memory 500670-"
2755,{'Output': 'mismatch'},"ering\': \'500GB\', \'EAN\': \'07612392248545, 3606508524153, 4053162421752\', \'SKU\': \'WD10PURX\', \'Tweakers ID\': \'43987"
2756,{'Output': 'mismatch'},"\', \'sku\': \'gaz170hd3p\', \'type\': \'Description:Gigabyte GA-Z170-HD3P Intel H110 (Socket 1151) DDR4 ATX Motherboard\', \'description\': \'  ""Gigabyte GA-Z170-HD3P Intel H110 (Socket"
2757,{'Output': 'mismatch'},"PM 16MB Cache 3.5 inches\', \'brand\': \'Seagate\', \'sku\': \'st31000524ns\', \'type\': \'Description:2 x Seagate Constellation ES 1TB Hot-Plug Serial ATA (SATA) NCQ 3.0GB/s 7200RPM 1"
2758,{'Output': 'match'},"5.4K 2.5 SATA 5 Pack\', \'category\': \'\', \'subcategory\': \'\', \'brand\': \'HP\', \'sku\': \'431786b21\', \'type\': \'1.5G SATA 5.4K 2.5-inch SFF Hot-Plug Hard Drive\',"
2759,{'Output': 'mismatch'},"{""Output"": ""match""}"
2760,{'Output': 'mismatch'},"orsair CMK32GX4M4B3200C16 32gb 4x8gb Ddr4 3200mhz For Intel 100 Series Vengeance Lpx Dram""@es  ""Corsair CMK32GX4M4B3200C16 32gb 4x8gb Ddr4 3200m"
2761,{'Output': 'match'},"Hard Drive\', \'description\': \'  ""Buy Online | Toshiba 2TB 3.5″ 7200 RPM Desktop Enterprise Internal Hard Drive MG03SCA200 Price in India\', \'title\': \'Buy Online | Toshiba 2TB 3.5″ 7200 RPM Desktop Enterprise Internal Hard Drive MG"
2762,{'Output': 'mismatch'},"5400RPM\', \'description\': \'  ""HP 431786-B21 120-GB 5.4K 2.5 SATA 150 15ms HDD"" ""Null""   ""Description:120GB 2.5-inch Serial ATA 150 15ms Hot-Plug 5.4K Hard Drive"
2763,{'Output': 'mismatch'},"{""Output"": ""match""}"
2764,{'Output': 'match'},"2.2GHz DL165 G5"" ""Null""   ""Description:HP AMD Opteronï¿½ 2354 DL165 G5(2.2GHz/4-core/2MB/75W ACP)Full Processor Option KitPart Number(s)Manufacturer Part# 445974-B21\', \'description\': \'  ""4"
2765,{'Output': 'mismatch'},"'title\': \'Hewlett Packard Enterprise 2GB PC2-5300 DDR2-667 DDR2 667MHz Memory Module\', \'sku\': \'408851-B21\', \'type\': \'Memory Module\', \'subcategory\': \'Genuine HP Memory\', \'Memory Technology\': \'"
2766,{'Output': 'mismatch'},"CMK16GX4M2A2400C16)\', \'category\': \'Computer Memory\', \'Size\': \'16GB (4x4GB)\', \'Memory Model\': \'Vengeance LPX Black\', \'Max. Memory Channels Provided by Kit\': \'Quad (4)\', \'Memory Type\': \'DDR4"
2767,{'Output': 'mismatch'},"', \'category\': \'\', \'subcategory\': \'\', \'brand\': \'HP\', \'sku\': \'st3750330ns\', \'type\': \'7.2K Midline MSA 2 SATA Hard Drive\', \'description\': \'  ""ST3750330NS HP MSA2 750"
2768,{'Output': 'mismatch'},"{""Output"": ""match""}"
2769,{'Output': 'mismatch'},"description\': \'  ""Intel Core i7-6700K 4-Core 4.2GHz LGA1151 Unlocked Desktop Processor 4.2GHz Intel HD Graphics 530""@en-US ""Core i7-6700K 4-Core 4.2GHz LGA1151 Unlocked Desktop Processor 4.2G"
2770,{'Output': 'mismatch'},"'sku\': \'ST31000524NS\', \'type\': \'Hard Drive\'}', 'Entity_2': '{\'title\': \'ST31000524NS HP 1-TB 7.2K 3.5 SATA\', \'category\': \'Hard Drive\', \'subcategory\': \'ST3100"
2771,{'Output': 'mismatch'},"{""Output"": ""match""}"
2772,{'Output': 'match'},"{""Output"": ""mismatch""}"
2773,{'Output': 'mismatch'},"PMrpm""  ""Seagate Desktop HDD, 1TB""  ""Description:1TB Interne harde schijven""  ""Product:Seagate Desktop HDD""  ""Merk:Seagate""  ""Productserie:Desktop""  ""Product:Seagate Desktop HDD""  ""Uitvoering:Seagate Desktop HDD, 1TB"""
2774,{'Output': 'mismatch'},"\': \'  ""LE20GF0003US Lenovo 20 inch LCD Monitor\"", ""Null"" LE20GF0003US  \""', \'title\': \'LE20GF0003US Lenovo 20 inch LCD Monitor\', \'subcategory\': \'\', \'sku\': \'20gf0003us\',"
2775,{'Output': 'match'},"15K 3.5 DP SAS"", ""Null"" Price 72GB 3.5-inch (LFF) Serial Attached SCSI (SAS) 15K Hot-Plug Midline (MDL) Hard Drive in G8 G9(Gen8 Gen9) SmartDrive Carrier (SC)\', \'title\': \'Null DH0072BALWL HP 72"
2776,{'Output': 'mismatch'},"\'Processors\', \'Merk\': \'HP\', \'Product\': \'HP Intel Xeon E5-2603 1.8 GHz\', \'Uitvoering\': \'HP Intel Xeon E5-2603 1.8 GHz\', \'EAN\': \'05711045296741"
2777,{'Output': 'mismatch'},"\'Memory\', \'Part Number\': \'359623-B21\', \'Products ID\': \'455536\', \'Product Type\': \'Memory Module\', \'Memory Type\': \'PC31064\', \'Memory Size\': \'2GB\', \'Memory Speed\': \'1066MHz"
2778,{'Output': 'mismatch'},")\'}', 'Entity_2': '{\'title\': \'533993-B22 HP Xeon E7400 2.8GHz DL120 G5\', \'category\': \'Proliant Processor\', \'subcategory\': \'Intel Xeon\', \'brand\': \'HP\', \'sku\': \'"
2779,{'Output': 'mismatch'},"6G 7.2K 3.5 SATA SC\', \'subcategory\': \'Price\', \'sku\': \'hp628061s21\', \'type\': \'Description:HP 3TB 3.5-inch (LFF) Serial ATA (SATA) 6.0Gb/s 7.2K 3.5-"
2780,{'Output': 'mismatch'},"916-B21\', \'Products ID\': \'459569\', \'Processor Type\': \'Intel Xeon\', \'Processor Core\': \'Quad-Core\', \'Processor Qty\': \'1\', \'Clock Speed\': \'2.13GHz\', \'Bus Speed\': \'800MHz"
2781,{'Output': 'match'},"{""Output"": ""mismatch""}"
2782,{'Output': 'mismatch'},"\', \'Dimensions (WxHxD)\': \'17.5 in x 3.4 in x 25.7 in\', \'description\': \'  ""325134-001 HP Proliant DL580R G2 Server""   ""Description:1 to 4 Processor Capacity, PC2-3200 DDR2 Memory, Hot Plug R"
2783,{'Output': 'mismatch'},"{""Output"": ""mismatch""}"
2784,{'Output': 'match'},"argus\', \'sku\': \'TSB023EU\', \'type\': \'Laptop Backpack\', \'description\': \'  ""Targus Essential 15-15.6"" Backpack Black""@en-gb Bl... | TSB023EU £11.99 Insight UK""@en-gb  ""This \'}',"
2785,{'Output': 'mismatch'},"Socket FM2+ - 3.10GHz Base Clock\', \'category\': \'▷ AMD Ryzen 3000 & 4000 Series CPUs\', \'subcategory\': \'▷ AMD Kaveri APU\', \'brand\': \'AMD\', \'sku\': \'A8-7670K\', \"
2786,{'Output': 'mismatch'},"\'  ""628061-S21 SC-2Pack 3000GB 7.2K SATA Hot-Swap Hard Drive"" Proliant HardDrive - 7.2K 628061-S21-SC-2Pack | New Whol\', \'title\': \'628061-S21 SC-2Pack 30"
2787,{'Output': 'match'},"{""Output"": ""match""}"
2788,{'Output': 'mismatch'},"Generation\': \'SAS\', \'Part Number\': \'432094-B21\', \'Product ID\': \'144438\', \'Type\': \'Hard Drive Hot-Swap\', \'Form Factor\': \'3.5 inch x 1 inch Plug-in Module\', \'Capacity\': \'300GB\"
2789,{'Output': 'mismatch'},"0ns\', \'type\': \'Hard Drive\', \'description\': \'  \""ST3500630NS Seagate 500-GB 7.2K 3.5 3G SATA HDD\"" ""Null""   ""Description:Seagate Barracuda ES 500GB Hot-Plug Serial ATA (SATA) 3.0Gb/"
2790,{'Output': 'mismatch'},"000340AS 1TB - Prijzen ""@NL""  ""Seagate Barracuda 7200.11 ST31000340AS, 1TB""@es ""Seagate Barracuda 7200.11 ST31000340AS, 1TB""@es ""Seagate Barracuda 720"
2791,{'Output': 'mismatch'},"GX4M4C32\', \'Tweakers ID\': \'477976\', \'Productprijs\': \'€ 337,59\', \'Pakketpost 0-30 kg\': \'€ 4,95\', \'iDeal (vanaf € 10,-)\': \'€ 0,-', \'"
2792,{'Output': 'mismatch'},"DIMM Kit\'}', 'Entity_2': '{\'title\': \'Corsair 16GB PC4-21300 DDR4 Memory Kit (CMK16GX4M2A2666C16) - PCDIGA\', \'category\': \'\', \'subcategory\': \'\', \'brand\': \'Corsair\', \'"
2793,{'Output': 'mismatch'},"7-7700T\': \'I7-7700T\', \'description\': \'  \""Asus Prime B250M-Plus I7-7700T\"" ""Asus Prime B250M-Plus"" ""Description:Asus Prime B250M-Plus\', \'title\': \'Asus Prime B250M-Plus I7-"
2794,{'Output': 'mismatch'},"{""Output"": ""mismatch""}"
2795,{'Output': 'mismatch'},"works 364622-B23 300GB 10K FC-AL HDD""', \'title\': \'364622-B23 HP 300-GB 10K FC-AL HDD\', \'subcategory\': \'Description:Storageworks 364622-B23 300GB 10K FC"
2796,{'Output': 'match'},"mpn\': \'[bx20686i7700]\', \'/gtin13\': \'[5032037092623]\', \'category\': \'Processor\', \'Categorie\': \'Processors\', \'Merk\': \'Intel\', \'Product\': \'Intel Core i7-"
2797,{'Output': 'mismatch'},"3655B28 10Pack""  ""Description:StorageWorks 36.4GB 10K Fibre Channel 40 pin 2GB/s HotSwap FCAL Hard Drive\', \'price\': \'""CAD"", ""$111.74 CAD""\', \'description\': \'  ""BD03655B28 HP 36.4"
2798,{'Output': 'match'},"'€ 119,99\', \'Pakketpost Nederland\': \'€ 0,-\', \'iDeal\': \'€ 0,-\', \'Totaal\': \'€ 131,98\', \'Pakketpost\': \'€ 12,10\', \'Pakketpost tot € 50,-\': \"
2799,{'Output': 'mismatch'},"', \'description\': \'  \""Corsair 2GB PC3-10600 240-pin DDR3 SDRAM DIMM Module\""@en Module (CMV4GX3M2A1333C9)""@en\', \'title\': \'Corsair 2GB PC3-10600 240-pin DDR3 S"
2800,{'Output': 'mismatch'},"[st2000nm0011]\', \'/mpn\': \'[st2000nm0011]\', \'brand\': \'ST2000NM0011\', \'category\': \'Null\', \'Category\': \'Seagate HardDrive\', \'Sub-Category\': \'7.2K\', \'"
2801,{'Output': 'mismatch'},"Kids Edition - tablet OS 5 (Bellini) 16 GB 7\"" Tablet B018Y22C2Y\', \'subcategory\': \'Amazon Tablets\', \'sku\': \'b018y22c2y\', \'type\': \'Tablet\'}', 'Entity_2': '{\'title\': \'Amazon Fire Kids"
2802,{'Output': 'mismatch'},"64GB (4x16GB) DDR4 PC4-24000 3000MHz Dual Channel Kit"" Corsair Vengeance LED Red 64GB (4x16GB) DDR4 PC4-24000 3000MHz Dual Channel Kit ""@en 64GB (4x16GB) DDR4 PC4-240"
2803,{'Output': 'mismatch'},"{""Output"": ""match""}"
2804,{'Output': 'mismatch'},"2800) SODIMM\', \'Memory Size\': \'16GB\', \'description\': \'  ""Crucial 16GB (2 x 8GB) DDR3 1333MHz SODIMM Memory - CT102464BF160B"" ""Null""   ""Description:Crucial 16GB (2 x 8GB"
2805,{'Output': 'mismatch'},"{""Output"": ""mismatch""}"
2806,{'Output': 'mismatch'},"\': \'1 x 8 Go\', \'description\': \'  \""8 Go DDR3 1600 MHz SO-DIMM 204-pin non-ECC\""@en CT102464BF160B Price in India\""', \'title\': \'8 Go DDR3 1600 MHz SO-DIMM 204-pin non"
2807,{'Output': 'mismatch'},"{""Output"": ""mismatch""}"
2808,{'Output': 'mismatch'},"{""Output"": ""mismatch""}"
2809,{'Output': 'mismatch'},",- (DPD)\': \'€ 5,95\', \'Pakketpost tot € 50,- (PostNL)\': \'€ 5,95\', \'Pakketpost tot € 50,- (iDeal)\': \'€ 5,95\', \'description\': \'  ""Corsair AF120 Performance Edition Twin Pack, 12"
2810,{'Output': 'mismatch'},"9894884979, 0889894884980, 0889894884981, 0889894884982, 0889894884983, 0889894884984, 088989488"
2811,{'Output': 'mismatch'},"'32GB\', \'Memory Supported\': \'DDR4 2133/2400 MHz\', \'Price\': \'€ 299,95\', \'description\': \'  ""Intel Core i5 6400 2.7GHz Quad-Core Processor 65W LGA1151 BX8066"
2812,{'Output': 'mismatch'},-slim 2.5-inch SATA III 6Gb/s 120GB SSDNow V300 120GB Ultra-slim 2.5-inch SATA III 6Gb/s 120GB SSDNow V300 120GB Ultra-slim 2.5-inch SATA III 6Gb/s 120
2813,{'Output': 'mismatch'},"': \'SATA\', \'description\': \'  ""ST31000340AS Seagate 1TB SATA 3.5 inches x 1/3H""@en ""▷ Seagate 1TB SATA 3.5 inches x 1/3H"" ""New 1TB SATA 3.5 inches x 1/3H"" ""New"
2814,{'Output': 'mismatch'},"imum Speeds\': \'64MB/s\', \'description\': \'  ""Samsung MZ7KE512BW 512GB SATA III Internal Hard Drive""@en-US ""Samsung 512GB SATA III Internal Hard Drive""@en-US ""Samsung 512GB SATA III Internal Hard Drive""@en-US ""Samsung"
2815,{'Output': 'mismatch'},"\'brand\': \'Corsair\', \'sku\': \'CMK32GX4M2B3200C16\', \'type\': \'Memory Module\'}', 'Entity_2': '{\'title\': \'Corsair Vengeance LPX 32GB (2x16GB) DDR4 3200MHz\', \"
2816,{'Output': 'mismatch'},"'Yes\', \'description\': \'  ""HP 533995-B22 Intel Xeon Processor 2.40GHz 1066MHz 8MB L2 Cache Quad-Core Server Processor""@en 533995-B22 - Intel Xeon Processor 533995-B22\', \'title\"
2817,{'Output': 'mismatch'},"\', \'description\': \'  ""ST2000NM0011-10Pack Seagate 7200.14 2TB 6Gb/s SATA 3.5\"" Hot-Swap Enterprise-Class Hard Drive - 10-Pack""@en, ""ST2000NM0011-10Pack Seagate 7200."
2818,{'Output': 'mismatch'},"Pakketpost DPD\': \'€ 3,95\', \'Pakketpost vanaf € 99,-\': \'€ 5,95\', \'Pakketpost NL DPD\': \'€ 4,95\', \'Pakketpost Nederland (vanaf € 75,-)\': \'€ 0,-\', \'Pakketpost\"
2819,{'Output': 'match'},"FZEX\', \'type\': \'Disco duro\'}', 'Entity_2': '{\'title\': \'WD 2TB Black 3,5"" SATA III 6Gbit/s 7200 RPM 64MB Cache (WD2003FZEX)\', \'category\': \'\', \'subcategory\': \'\', \'brand\':"
2820,{'Output': 'mismatch'},"'sku\': \'xta3510300gb10k\', \'type\': \'Hard Drive\', \'description\': \'  ""XTA-3510-300-GB-10K Sun 300-GB 10K HP FC-AL HDD"" ""Null""   ""Description:Sun 300GB 10K RPM"
2821,{'Output': 'mismatch'},"sku\': \'FD8350FRHKBOX\', \'type\': \'Processor\'}', 'Entity_2': '{\'title\': \'AMD FX-8350 Eight-core Black Edition Processor\', \'category\': \'Processors\', \'subcategory\': \'AMD Processors\', \'brand\': \'AMD\', \"
2822,{'Output': 'mismatch'},"Entity_1': '{\'/mpn\': \'[cmu16gx4m2a2666c16r]\', \'category\': \'\', \'Size\': \'16GB (2x8GB)\', \'Memory Model\': \'Vengeance LED\', \'Max. Memory Channels Provided by Kit\': \'Dual (2)\', \"
2823,{'Output': 'mismatch'},"\'Yes\', \'description\': \'  \""364622-B23-10Pack HP 300GB 10K 3.5 inch x 1 inch Plug-in Module\"" ""364622-B23-10Pack HP 300GB 10K 3.5 inch x 1 inch Plug-in Module"" ""Description:"
2824,{'Output': 'mismatch'},"\', \'Productserie\': \'Vengeance\', \'Product\': 'Corsair Vengeance LPX 16GB (2 x 8GB) DDR4 3200MHz\', \'Uitvoering\': '+ 2 x 8GB\', \'EAN\': '843591068543, 84359"
2825,{'Output': 'mismatch'},"SATA 6Gb/s Internal Solid State Drive - Retail \', \'brand\': \'Kingston\', \'sku\': \'sv300s37a120g\', \'type\': \'Internal Solid State Drive\', \'description\': \'  ""Kingston SSDNow V300 Series 2.5""@en 2.5inch"
2826,{'Output': 'mismatch'},",-\', \'Pakketpost tot € 25,-\': \'€ 0,-\', \'Opsturen tot €49.99,-\': \'€ 0,-\', \'description\': \'  ""BX80662I76700K Intel Core i7-6700K 4.00GHz Quad-Core LGA11"
2827,{'Output': 'mismatch'},"category\': \'60GB 2.5-inch Hot-Plug Midline (MDL) Serial ATA (SATA) SSD\', \'brand\': \'HP\', \'sku\': \'572071b21, dl165g5572071b21\', \'type\': \'Solid State Drive\'}', 'Output':"
2828,{'Output': 'mismatch'},"{""Output"": ""mismatch""}"
2829,{'Output': 'mismatch'},"MB/s\', \'Cache\': \'64MB\', \'description\': \'  ""Seagate ST31000340AS 1TB 3.5 inches x 1/3H SATA 300MB/s 64MB Cache""@en ""Seagate ST31000340AS 1TB 3.5 inches x"
2830,{'Output': 'mismatch'},"4717677322248]\', \'category\': \'Motherboard\', \'Categorie\': \'Moederborden\', \'Merk\': \'ASRock\', \'Product\': \'ASRock H81M-DGS R2.0\', \'Uitvoering\': \'ASRock H81M-"
2831,{'Output': 'mismatch'},"mpn\': \'[308724001]\', \'brand\': \'HP\', \'category\': \'Null\', \'Category\': \'Proliant Server\', \'Sub-Category\': \'DL360P\', \'Generation\': \'G2\', \'Part Number\': \'308724-001"
2832,{'Output': 'mismatch'},"s ID\': \'455695_HP_HardDrives\', \'Type\': \'Hard Drive - Hot-Swap\', \'Capacity\': \'300GB\', \'Interface Type\': \'Serial Attached SCSI\', \'Spindle Speed\': \'10000RPM\', \'Ports\': \'Dual Port\"
2833,{'Output': 'mismatch'},"{""Output"": ""match""}"
2834,{'Output': 'mismatch'},"'€ 3,95\', \'Pakketpost België\': \'€ 4,95\', \'description\': \'  ""Zotac GeForce GTX 1060 AMP! Edition 6GB - ZT-P10600B-10M"" ""Zotac GeForce GTX 1060 AMP! Edition 6GB - Z"
2835,{'Output': 'mismatch'},"\': \'HP ProLiant DL380 G7 Server\', \'Uitvoering\': \'2,4GHz\', \'EAN\': \'04948382613585, 04054317587620\', \'SKU\': \'507825b21\', \'T"
2836,{'Output': 'mismatch'},"'Entity_2': '{\'title\': \'4XB0H30209 Solid State Drive 180 GB M.2 Card\', \'category\': \'Lenovo Card\', \'subcategory\': \'4XB0H30209 Solid State Drives (SSDs)\', \'brand\': \'Lenovo\', \'sku\"
2837,{'Output': 'mismatch'},"olid state drives\', \'brand\': \'Intel\', \'sku\': \'ssdsc2bx800g4, ssdsc2bx800g401\', \'type\': \'Solid state drive\', \'description_nl\': \'  ""Intel Solid-State Drive DC S3610 Series - solid state drive 80"
2838,{'Output': 'mismatch'},"m 10 kg\': \'€ 0,-\', \'Opsturen Nederland t/m 5 kg\': \'€ 0,-\', \'Opsturen Nederland t/m 2 kg\': \'€ 0,-\', \'Opsturen Nederland t/m 1 kg\': \'€ 0,-\', \'Opsturen Nederland t/m 0,5 kg\"
2839,{'Output': 'mismatch'},"25,-)\': \'€ 0,-\', \'description\': \'  ""Asus Xonar Essence STX II 7.1\"", \'title\': \'Asus Xonar Essence STX II 7.1\', \'subcategory\': \'\', \'brand\': \'Asus\', \'sku\': \'90ya00nn-"
2840,{'Output': 'mismatch'},"ug Hard Drive In tray (as pictured)For G1-G7 Proliant ServersGenuine serial number and firmware\', \'description\': \'  ""306645-003 HP 72.8-GB U320 SCSI 15K 3.5 DP SAS 2 Pack "" ""New 306645-003 15"
2841,{'Output': 'mismatch'},"{""Output"": ""mismatch""}"
2842,{'Output': 'mismatch'},"{""Output"": ""match""}"
2843,{'Output': 'mismatch'},"'Yes\', \'description\': \'  \""430165-003-10Pack HP 146GB 10K SAS Hard Drive\"" \""HP 146GB 10K SAS Hard Drive\"" ', \'title\': \'430165-003-10Pack HP 146GB 10K SAS Hard Drive\',"
2844,{'Output': 'mismatch'},"\': \'Internal Hard Drive\', \'Generation\': \'7200RPM\', \'Form Factor\': \'3.5 Inch\', \'Interface\': \'SATA\', \’Capacity\': \'1TB\', \'description\': \'  ""HP 1TB 7200RPM SATA Internal Hard Drive"" Internal Hard Drive (41"
2845,{'Output': 'mismatch'},"\'Seagate\', \'sku\': \'st1000dm003\', \'type\': \'Hard Drive\', \'description\': \'  ""Seagate 1TB Desktop HDD SATA 6Gb/s 64MB Cache 3.5-Inch Internal Bare Drive (ST1000DM003)""@en ""Se"
2846,{'Output': 'mismatch'},Kit 16GB (2 x 8GB) DDR4 (PC4-19200) Corsair Vengeance LPX 2400MHz 16GB (2 x 8GB) DDR4 (PC4-19200) Corsair Vengeance LPX 16GB (2 x 8GB) DDR4 (PC4-19200)
2847,{'Output': 'mismatch'},"Tower PC Case""@en Case LN61713 - 0-761345-83800-9 | SCAN UK""@en  \', \'description\': \'  ""Antec P380 Full Tower PC Case""@en Case LN61713 - 0-761345-83800-9 | SCAN UK"""
2848,{'Output': 'mismatch'},"Swap\': \'Yes\', \'description\': \'  ""Seagate - ST2000NM0011 2TB 3.5 inches x 1/3H (Internal) SATA 7200RPM 5 Pack Wholesale ""ST2000NM0011-5Pack"" PCPartPicker""\', \'title\': \'Seagate"
2849,{'Output': 'mismatch'},"{""Output"": ""mismatch""}"
2850,{'Output': 'mismatch'},"'TS256MLQ64V8U\', \'type\': \'DIMM 2GB DDR2\', \'description\': \'  ""MEMORY, 2GB, DIMM, DDR2, 800MHZ""@en DIMM 2GB DDR2 ""TS256MLQ64V8U - TRANSCEND MEMORY 8"
2851,{'Output': 'mismatch'},"'[887462422121,  887462422121]\', \'category\': \'\', \'Categorie\': \'Grafische kaarten\', \'Merk\': \'Dual-X\', \'Product\': \'Dual-X 90YV09X5M0NA00\', \"
2852,{'Output': 'mismatch'},"': \'SAS\', \'description\': \'  ""430165-003 HP 146GB 10K SAS"", ""Null"" Price 430165-003-5Pack"" ""New 430165-003 SAS 146GB 5 Pack Wholesale Price 430165-003"
2853,{'Output': 'mismatch'},"'146GB\', \'Interface\': \'Ultra320 SCSI\', \'description\': \'  \""FD458-2Pack Dell 146GB Ultra320 SCSI Hard Drive\"" ""Null""   ""Description:Dell 146GB Ultra320 SCSI Hard Drive\', \'title\': \'FD458-2Pack"
2854,{'Output': 'mismatch'},"': '{\'/mpn\': \'[533993b22]\', \'brand\': \'HP\', \'category\': \'Null G5 Wholesale\', \'Category\': \'Proliant Processor\', \'Sub-Category\': \'Intel Xeon\', \'Generation\': \'G5\', \'Part Number\': \"
2855,{'Output': 'mismatch'},"'Productprijs\': \'€ 1199,-', \'Pakketpost Nederland\': \'€ 0,-\', \'iDeal\': \'€ 0,-\', \'Totaal\': \'€ 1199,-', \'Pakketpost DPD\': \'€ 3,95\', \'Pakketpost tot € 9"
2856,{'Output': 'mismatch'},"95643-B21 HP 64MB Ultra2 SCSI Controller Card - Prijzen ""@NL Tweakers""@NL\', \'title\': \'295643-B21 HP 64MB Ultra2 SCSI Controller Card - Prijzen ""@NL Tweakers""@NL\', \'sku\': \'295643b21\"
2857,{'Output': 'mismatch'},"AL\', \'description\': \'  ""359461-007 HP 300-GB 10K FC-AL"", ""Null"" Price 359461-007-2Pack"" ""New 359461-007 FC-AL 2 Pack Wholesale 359461-007""  ""Description: HP"
2858,{'Output': 'mismatch'},"', \'category\': \'\', \'Category\': \'Proliant Memory\', \'Sub-Category\': \'Genuine HP Memory\', \'Generation\': \'256 MB\', \'Part Number\': \'518736-001\', \'Product ID\': \'15024\', \'description\': \'  \""HP"
2859,{'Output': 'mismatch'},"s\': \'1\', \'# of Memory Channels\': \'2\', \'Memory Type\': \'DDR4\', \'Memory Speed\': \'2133 MHz\', \'TDP\': \'84 W\', \'Socket\': \'AM4\', \'Manufacturer\': \'AMD\', \'Product\': \'AM"
2860,{'Output': 'mismatch'},"'L2 Cache\': \'4MB\', \'L3 Cache\': \'8MB\', \'64-bit Processing\': \'Yes\', \'Process Technology\': \'45nm\', \'Processor Socket\': \'45nm\', \'Thermal Design Power\': \'95W\', \'price\': \'""USD"", ""$32"
2861,{'Output': 'mismatch'},"\'BL20P\', \'sku\': \'345020b21\', \'type\': \'Server\'}', 'Entity_2': '{\'title\': \'345020-B21 BL20P G2 (2P) Xeon 3.2GHz 1MB\', \'category\': \'Servers\',"
2862,{'Output': 'mismatch'},"\'Part Number\': \'238590-B21-2Pack\', \'Products ID\': \'455286\', \'Capacity\': \'146GB\', \'Interface\': \'Fibre Channel\', \'Enclosure\': \'Internal\', \'Drive Dimensions\': \'3.5 inches x 1/3"
2863,{'Output': 'mismatch'},"SAS)\', \'description\': \'  ""HP 431943-003-2Pack 146GB 15K 3.5-inch (LFF) SAS SC MLC Enterprise Mainstream Solid State Drive (SSD)\"", ""Null"" Price 431943-003-5Pack\', \'title\': \'HP 431"
2864,{'Output': 'mismatch'},"100024001]\', \'/gtin13\': \'[740617132793, 40617132793, 7406171327, 5051964]\', \'category\': \'\', \'Categorie\': \'Geheugen intern\', \"
2865,{'Output': 'mismatch'},"Pakketpost België\': \'€ 0,-\', \'Pakketpost België (vanaf € 50,-)\': \'€ 0,-\', \'Pakketpost Luxemburg\': \'€ 0,-\', \'Pakketpost Luxemburg (vanaf € 50,-)\': \'€ 0,-\', \'description\': \'"
2866,{'Output': 'mismatch'},"': \'Hard Drive\', \'subcategory\': \'\', \'brand\': \'HP\', \'sku\': \'658102-001\', \'type\': \'2TB 3.5-inch (LFF) Serial ATA (SATA) 6G7.2K Hot-Plug Midline (MDL) Hard Drive in G8 G"
2867,{'Output': 'mismatch'},"61-001\', \'type\': \'Description:72.8GB 3.5 inch x 1 inch Plug-in Module 10K Fibre Channel 40 pin 2GB/s HotSwap FCAL Hard Drive\', \'description\': \'  ""359461-001 HP 72.8-GB 10K FC-AL"
2868,{'Output': 'mismatch'},"\': \'Power Supply\', \'Power Capacity\': \'390 W\', \'Voltage Output\': \'12V, 5V, 3.3V\', \'description\': \'  ""390394-001-2Pack HP 390W 12V, 5V, 3.3V Power Supply in ML"
2869,{'Output': 'mismatch'},"air\', \'Artikelnummer\': \'co9050012ww\', \'Omschrijving\': \'  ""Corsair CO-9050012WW 120mm 3-Pin Quiet Fan""   ""Description:Corsair CO-9050012WW 120mm 3-Pin Quiet Fan\',"
2870,{'Output': 'mismatch'},"6G 7.2K 3.5 SATA SC""  ""New 658071-B21 SC Wholesale Price 658071-B21 SC""  ""Description:HP G8 G9 (Gen8 Gen9) 500GB 3.5-inch (LFF) Serial ATA(SATA) 6G 7.2K Hot-Pl"
2871,{'Output': 'mismatch'},"AS 5 Pack \', \'sku\': \'hp417190002\', \'type\': \'Hard Drive\'}', 'Entity_2': '{\'title\': \'HP 72GB 15K 3.5 DP SAS\', \'category\': \'\', \'subcategory\': \'\', \'brand\': \'HP\',"
2872,{'Output': 'match'},"{""Output"": ""match""}"
2873,{'Output': 'mismatch'},"Sun\', \'sku\': \'XTA-3510-300-10K\', \'type\': \'3.5-inchHot-Plug Fibre Channel Hard Drive\', \'description\': \'  ""XTA-3510-300-GB-10K Sun 300-GB 10K HP FC-AL HDD"""
2874,{'Output': 'mismatch'},"Model\': \'Intel Xeon 533995-B22\', \'description\': \'  ""533995-B22 HP Intel Xeon Processor L2 8MB 65nm 2.40GHz Quad-Core 1066MHz 64-bit Processing"" ""Null"" Price 533995-"
2875,{'Output': 'mismatch'},"Proliant\', \'Description\': \'  ""358348-B21 333MHz SDR Synchronous DRAM 16MB\', \'title\': \'358348-B21 333MHz SDR Synchronous DRAM 16MB\', \'subcategory\': \'\', \'sku\': \'"
2876,{'Output': 'mismatch'},"'title\': \'TP-Link TL-WN781N – JD Market""@es-ES\', \'subcategory\': \'JD Market\', \'brand\': \'TP-Link\', \'sku\': \'tlwn781n, tlwn781nd\', \'type\': \'Wireless Network Adapter\', \'description\':"
2877,{'Output': 'mismatch'},"-SG1016DE)\', \'category\': \'Computers & Accessories\', \'subcategory\': \'Networking\', \'brand\': \'TP-Link\', \'sku\': \'tlsg1016de\', \'type\': \'Switch\', \'description\': \'  \""Switch TP-Link 16 Portas 10"
2878,{'Output': 'mismatch'},"\', \'Power Supply\': \'350W\', \'description\': \'  ""CA-S340W-W1 CA-S340W-B1 CA-S340W-W1 CA-S340W-B1"" ""Null""   ""Description:CA-S340W-W1 CA-S340W-B1 CA-"
2879,{'Output': 'mismatch'},"'HPE 512MB FB-DIMM DDR2 SDRAM\', \'Category\': \'Memory\', \'Sub-Category\': \'DIMM\', \'Generation\': \'DDR2\', \'Part Number\': \'BD1465822C\', \'Products ID\': \'458122\', \'Manufact"
2880,{'Output': 'match'},"DP SAS 10 Pack"" ""HP 456896-001 Part# -456896-001-5Pack""  ""Description:HP 400GB 10K 3.5-inch Dual Port SAS 10 Pack Part Number(s) Option Part# 456896-001-5Pack Spare 456"
2881,{'Output': 'mismatch'},"771\', \'description\': \'  ""HP, 493243-B22, Intel Xeon 2.66GHz 6MB 1333MHz 45nm Quad-Core Processor""@en 493243-B22 ""HP  ""HP, 493243-B22, Intel Xeon"
2882,{'Output': 'match'},"{""Output"": ""match""}"
2883,{'Output': 'match'},"RPM 3.5-inch LFF NCQ\', \'sku\': \'ST3500630NS\', \'type\': \'Description:Seagate Barracuda ES 500GB Hot-Plug Serial ATA (SATA) 3.0Gb/s 7200RPM 3.5-inch LFF NCQ\'}', 'Entity_"
2884,{'Output': 'mismatch'},"af € 75,-)\': \'€ 0,-\', \'Pakketpost (vanaf € 100,-)\': \'€ 0,-\', \'Pakketpost (vanaf € 150,-)\': \'€ 0,-\', \'Pakketpost (vanaf € 200,-)\': \'€ 0,-\', \'Pakket"
2885,{'Output': 'mismatch'},"description\': \'  ""431786-B21 120GB 2.5-inch 146GB SATA 150MB/s Hot-Plug Drive"" ""Null""   ""Description:10 x HP 146GB 2.5-inch 150GB SATA 150MB/s Hot-Plug Drive"" ""Null"" Price 4"
2886,{'Output': 'mismatch'},"erk\': \'Kingston\', \'Omschrijving\': \'  \""Kingston 4GB 1600MHz DDR3 SODIMM 204-Pin Memory Module KVR1333D3N9/4G\""   \""Kingston 4GB 1600MHz DDR3 SODIMM 204-Pin Memory Module KVR13"
2887,{'Output': 'match'},"1920 x 1200\', \'DisplayPort 1.2 Max. Resolution\': \'3840 x 2160\', \'description\': \'  \""Intel Core i7 7700K 4.20GHz Quad Core Processor (Kaby Lake) - Retail\""@en Computers_and_Accessories LN2261"
2888,{'Output': 'mismatch'},"x HPE 200GB 2.5-inch (SFF) 6G SAS SC SSD\', \'sku\': \'653078b21\', \'type\': \'Part Number(s) Hewlett Packard Enterprise\'}', 'Entity_2': '{\'title\': \'653078-B21 HP G8 G9"
2889,{'Output': 'mismatch'},"0mm Fan\', \'description\': \'  ""Corsair Air Series AF140 LED White Quiet Edition High Airflow 140mm Fan"" ""CO-9050017-WLED""  ""Description:Corsair Air Series AF140 LED White Quiet Edition High Airflow 140mm Fan""  ""CO-9050017-W"
2890,{'Output': 'match'},"'15K\', \'Generation\': \'SAS\', \'Part Number\': \'359461-007\', \'Product ID\': \'455234_HP_HardDrives\', \'Capacity\': \'146GB\', \'Interface\': \'Serial Attached SCSI (SAS)\', \'Enclosure\':"
2891,{'Output': 'mismatch'},"{""Output"": ""match""}"
2892,{'Output': 'mismatch'},"\': \'CMFSL3X232GB\', \'Productprijs\': \'€ 129,99\', \'Pakketpost (tot € 20,-)\': \'€ 0,-\', \'iDeal\': \'€ 0,-\', \'Totaal\': \'€ 129,99\', \'description\"
2893,{'Output': 'mismatch'},"ee Element 46 Thunderbolt Audio Interface""@en ""Apogee Element 46 Thunderbolt Audio Interface""@en ""Apogee Element 46 Thunderbolt Audio Interface""@en ""Apogee Element 46 Thunderbolt Audio Interface""@en ""Apogee Element 46 Thunderbolt Audio Interface""@en ""Apogee Element 46 Th"
2894,{'Output': 'mismatch'},"12MB\', \'Type\': \'Synchronous DRAM\', \'description\': \'  ""370780-001 HP 512MB 1600MHz DDR SDRAM"" ""HP 370780-001 SDRAM Part# -370780-001""  ""Description:512MB \"
2895,{'Output': 'mismatch'},"'subcategory\': \'\', \'sku\': \'628061-S21\', \'type\': \'3.5-inch 6G 7.2K 3.5 SATA SCSI Hard Drive\', \'formfactor\': \'3.5 inches\', \'description_full\': \'  ""628061-S21 HP"
2896,{'Output': 'mismatch'},"'{\'title\': \'508429-001 HP 400-GB 10K 3.5 DP NHP SAS\', \'category\': \'Hard Drive\', \'subcategory\': \'10K\', \'brand\': \'HP\', \'sku\': \'508429-001\', \"
2897,{'Output': 'mismatch'},"/mpn\': \'[455288hp]\', \'brand\': \'HP\', \'category\': \'Proliant Server\', \'Sub-Category\': \'BL20\', \'Generation\': \'G2\', \'Part Number\': \'455288-HP\', \'Products ID\': \'1540"
2898,{'Output': 'mismatch'},"{""Output"": ""mismatch""}"
2899,{'Output': 'match'},"\', \'description\': \'  ""432806-B21 HP 2GB DDR RAM Unbuffered 667MHz Server Memory Module\', \'title\': \'432806-B21 HP 2GB DDR RAM Unbuffered 667MHz Server Memory Module\', \'sku\': \'432806b2"
2900,{'Output': 'mismatch'},"Seagate\', \'sku\': \'ST1000DM003\', \'type\': \'1Tb Seagate Barracuda 7200rpm SATA3 64Mb HardDrive\', \'description\': \'  ""ST1000DM003 Seagate 1-TB 7.2K 3.5"
2901,{'Output': 'mismatch'},"\', \'Voltage\': \'1.5V\', \'description\': \'  ""HP Low Power kit memory - 8 GB - DIMM 240-pin - DDR2 SDRAM 1.5V""@en (HP 8 GB DIMM 240-pin DDR2 SDRAM 1.5V) ""Null""   ""Description:HP 8"
2902,{'Output': 'mismatch'},"{""Output"": ""match""}"
2903,{'Output': 'mismatch'},""", ""$119.95 USD""\', \'description\': \'  \""430169-002 HP 72-GB 15K 2.5 DP SAS HDD\"" ""Null"" Price 430169-002-5Pack"" ""72GB 2.5-inch Serial Attached SCSI (SAS)SFF 15K D"
2904,{'Output': 'mismatch'},"\'Product ID\': \'430169_New 430169-002 HDD Wholesale\', \'Capacity\': \'146GB\', \'Interface\': \'Serial Attached SCSI (SAS)\', \'Enclosure\': \'Internal\', \'Drive Dimensions\': \'3.5 inches x 1/3H ("
2905,{'Output': 'match'},"akketpost 30+ kg\': \'€ 15,95\', \'description\': \'  ""Intel Pentium G4560 2.3GHz 2MB L2 Cache Boxed"" ""Intel Pentium G4560 2.3GHz 2MB L2 Cache Boxed""  ""Description:Intel Pentium G4560 2.3"
2906,{'Output': 'mismatch'},"post (vanaf € 36,24)\': \'€ 0,-\', \'Pakketpost (vanaf € 50,-)\': \'€ 0,-\', \'description\': \'  ""Intel Core i7-6700K 4.0GHz Quad-Core LGA1151 Unlocked Desktop Processor BX80662I7"
2907,{'Output': 'mismatch'},"'Generation\': \'SAS\', \'Part Number\': \'359461-001-10Pack\', \'Product ID\': \'455128\', \'Capacity\': \'146GB\', \'Interface\': \'Serial Attached SCSI (SAS)\', \'Enclosure\': \'Internal\', \'Drive Dim"
2908,{'Output': 'mismatch'},"11111\', \'Chassis Form Factor\': \'3.5 Inch\', \'Model\': \'ST1000DM003\', \'description\': \'  \""ST1000DM003 1TB 3.5 Inch 7200RPM SATA Hard Drive\"" ""Null"" 1TB 3.5 In"
2909,{'Output': 'mismatch'},"en ""Intel Core i7-7700 3.6GHz Quad-Core Processor (B071VT3PJM)""@en   ""Intel Core i7-7700 3.6GHz Quad-Core Processor (B071VT3PJM)""@en   ""Intel Core i7-7700 3.6GHz Quad-Core"
2910,{'Output': 'match'},"95643-B21 HP 64MB Ultra2 SCSI CTRL 3200 2CH PCI ULTRA2 SCSI CTRL 64MB"" ""Null""   ""Description: 64MB Ultra2 SCSI CTRL 3200 2CH PCI ULTRA2 SCSI CTRL 64MB\', \'title\': \'2"
2911,{'Output': 'mismatch'},"4267-B21 AMD Opteron 8384 2.7GHz BL685c G5\', \'category\': \'Null\', \'subcategory\': \'Description:2 x AMD Opteron 8384 BL685C G5(2.7GHz/4-core/6MB/75W) ACPFull 2 Processor Option"
2912,{'Output': 'mismatch'},"'subcategory\': \'Description:AMD Ryzen 5 1500X 3.5 GHz processor\', \'brand\': \'AMD\', \'sku\': \'yd1500x\', \'type\': \'Description:AMD Ryzen 5 1500X 3.5 GHz processor\', \'description\': \'  """
2913,{'Output': 'mismatch'},"'\', \'Category\': \'Ventilatoren\', \'Merk\': \'Corsair\', \'Product\': \'Corsair Air Series AF120 Quiet Edition\', \'Uitvoering\': \'Zwart, 120mm\', \'EAN\': \'04719692003195\', \'"
2914,{'Output': 'mismatch'},"IMM 204-Pin Laptop Memory (CT102464BF160B)\', \'category\': \'Computers & Accessories\', \'subcategory\': \'Computer Components & Parts\', \'brand\': \'Crucial\', \'sku\': \'ct102464bf160b\', \'type\"
2915,{'Output': 'mismatch'},"'466122\', \'Hot Swap Tray\': \'Included\', \'Capacity\': \'2TB\', \'Form Factor\': \'3.5 inches x 1/3H\', \'Interface\': \'Serial ATA\', \'Data Transfer Rate\': \'320MB/s\', \'Average Seek Time\': \"
2916,{'Output': 'match'},"\'HotSwap\': \'No\', \'description\': \'  ""3R-A3851-AA 72.8GB 15K 3.5 DP SCSI 5 Pack ""   ""Description:5 x 72.8GB 3.5-inch SCSI 15K DP Hard DriveFor G1-G7 Proliant SCSI ServersGenu"
2917,{'Output': 'mismatch'},"2.08GHz Max. 8GB DDR3L 1x2.5"" Bay In\', \'subcategory\': \'\', \'brand\': \'Gigabyte\', \'sku\': \'gbbace3000\', \'type\': \'Barebones\', \'description\': \'  ""Gigabyte Tech Bareb"
2918,{'Output': 'mismatch'},"Entity_2': '{\'title\': \'533995-B22 HP Xeon X3220 2.4GHz DL120 G5\', \'category\': \'Computers_and_Accessories\', \'subcategory\': \'Intel Xeon\', \'brand\': \'""HP Enterprise""\', \'sku\': \'5"
2919,{'Output': 'mismatch'},"{""Output"": ""match""}"
2920,{'Output': 'mismatch'},"': \'300GB\', \'Interface Type\': \'FC-AL\', \'Data Transfer Rate\': \'2GB/s\', \'Rotational Speed\': \'10000RPM\', \'Pins\': \'40\', \'Manufacturer\': \'HP/Compaq\', \'Pre-Failure Warranty\': \'"
2921,{'Output': 'mismatch'},"32GB (2x16GB), Non-ECC, Unbuffered, Dual Channel\', \'description\': \'  ""Corsair Vengeance LPX Black 32GB (2x16GB) DDR4 PC4-21300 2666MHz Dual Channel Kit""@en ""Corsair Vengeance LPX Black 32GB (2x"
2922,{'Output': 'mismatch'},"5)\': \'€ 0,-\', \'description\': \'  ""90YA00NN-M0UA00""@en-US "" 90YA00NN-M0UA00 - Asus Xonar Essence STX II 7.1\', \'title\': \'90YA00NN-M0UA00\', \'subcategory"
2923,{'Output': 'match'},"{""Output"": ""mismatch""}"
2924,{'Output': 'mismatch'},"x 8 GB DIMM 288-pin\', \'subcategory\': \'Corsair\', \'sku\': \'cmk16gx4m2a2400c16\', \'type\': \'Memory Module\'}', 'Entity_2': '{\'title\': \'Corsair Vengeance LPX 16GB (2 x 8"
2925,{'Output': 'mismatch'},"\', \'Part Number\': \'691862-B21\', \'Product ID\': \'462707\', \'Type\': \'Hard Drive - Hot-Swap - Gen8\', \'description\': \'  ""691862-B21 HP 100GB 6G SATA SC SSD"", ""Null"" Price"
2926,{'Output': 'mismatch'},"description\': \'  ""Intel Core i5-4460 3.2GHz Quad-Core Processor - I5 4460 - Prijzen \""@NL Tweakers\""@NL\', \'title\': \'Intel Core i5-4460 3.2GHz Quad-Core Processor - I5 4460 - Prijzen \""@NL"
2927,{'Output': 'mismatch'},"'description\': \'  ""X143K-10Pack Dell 146GB 10K SAS SFF Hot-Plug Internal Hard Drive"" ""Null"" Price X143K-10Pack"" ""New X143K-10Pack Dell 146GB 10K SAS SFF Hot-Plug Internal Hard Drive""', \'title\': \'"
2928,{'Output': 'mismatch'},"{""Output"": ""match""}"
2929,{'Output': 'mismatch'},"DLT\', \'subcategory\': \'New 340743-B21 DLT 5 Pack Wholesale Price 340743-B21-5Pack\', \'sku\': [\'340743b21\', \'340743b215pack\'], \'type\': \'Internal SCSI DLT T"
2930,{'Output': 'mismatch'},"_and_Accessories', \'brand': \'Intel\', \'sku': \'v5c21aaabb\', \'type': \'Intel Core i7-7700 Processor', \'description': \'  \""Intel Core i7-7700 Processor 3.6GHz 8MB L3 Cache LGA1151 Boxed\""   \""Description:"
2931,{'Output': 'match'},"10, RAID 5\', \'price\': \'""USD"", ""$1,283.25""\', \'description\': \'  ""359031-B21 BL20P G2 Xeon 2.8GHz (2P)"", ""Null"" Price 359031-B21"" (2P) Wholesale 359"
2932,{'Output': 'mismatch'},"\': \'Boxed Wraith Spire Cooler\', \'description_en\': \'  ""AMD Ryzen 7 1700 3.0GHz 8-Core Processor"" Processor (YD1700BBAEBOX) PCPartPicker\', \'description_en\': \'  ""AMD Ryzen 7 1700 3.0"
2933,{'Output': 'mismatch'},4 Cores / 8 Threads / 3.4GHz Base Clock / 4.2GHz Turbo Boost / 14nm Technology / 65W TDP / 1151 WS / 1151-B3 / 1155-B1 / 1155-BH2 / 1155-BH3 / 1155-
2934,{'Output': 'mismatch'},"24NS Seagate 1-TB 7.2K 3.5 3G SATA\', \'sku\': \'ST31000524NS\', \'type\': \'3.5-inch (LFF) Serial ATA (SATA) 7.2K Hot-Plug Midline (MDL) Hard Drive in MSA2(MSA2)\"
2935,{'Output': 'mismatch'},"40769-001\', \'brand\': \'Hewlett Packard Enterprise\', \'sku\': \'340769001\', \'type\': \'Internal 20GB tape drive\', \'description\': \'  ""Hewlett Packard Enterprise SP/CQ Drive DLT 20/40GB Internal 20GB tape"
2936,{'Output': 'mismatch'},"\'External Data Transfer\': \'300MB/s\', \'Seek Time\': \'3.5ms\', \'HotSwap\': \'Yes\', \'Pre-Failure Warranty\': \'Yes\', \'Hot Swap Tray\': \'Included/Attached\', \'price\': \'""USD""\', \'description\': \'"
2937,{'Output': 'mismatch'},"HP 300-GB 3G 10K 2.5 DP SAS HDD\', \'category\': \'Hard Drive\', \'subcategory\': \'Description:300GB 2.5-inch Serial Attached SCSI (SAS)SFF 3G Dual Port Hot-Plug 10K Hard DriveIn HPE Hot-Plug HDD Caddy\"
2938,{'Output': 'mismatch'},"x4m2a2666c16r\']\', \'type\': \'Memory Module\', \'price\': \'€ 119.99\', \'description_full\': \'  ""Corsair 16GB PC4-21300 288-pin DDR4 SDRAM DIMM Kit (2 x 8GB) Venge"
2939,{'Output': 'mismatch'},"Model\': \'HP Proliant\', \'Compatibility\': \'HP Proliant Servers\', \'Manufacturer\': \'Hewlett-Packard\', \'description\': \'  ""HP, 432803-B21, 512MB Unbuffered DDR RAM""@en 432803-B21 ""HP  """
2940,{'Output': 'mismatch'},"UERTOS MINI 10/100Mbps Desktop Switch TL-SF1008D\', \'sku\': \'TL-SF1008D\', \'type\': \'Switch\', \'description_short\': \'8-Port 10/100Mbps Desktop Switch TL-SF1008D\', \'description_long"
2941,{'Output': 'mismatch'},"V SAS 5 Pack Wholesale \', \'title\': \'DG0300FARVV HP 300-GB 6G 10K 2.5 DP SAS\', \'subcategory\': \'Price\', \'sku\': \'dg0300farvv\', \'type\': \'Description: 300GB"
2942,{'Output': 'mismatch'},"p G2 (1P) Xeon 3.06GHz\', \'manufacturer\': \'3.06GHz Wholesale\', \'manufacturer_part_number\': \'323146-B21\', \'manufacturer_description\': \'Proliant BL20p G2 (1P) Xeon 3.06"
2943,{'Output': 'match'},"K Hard Disk Drive\', \'description\': \'  ""DH0072BALWL HP 72-GB 3G 15K 2.5 DP SAS"" ""Null""   ""Description:10 x 72GB 2.5-inch Serial Attached SCSI (SAS) SFF3G Dual Port Hot-Plug 15K Hard Disk DriveFor"
2944,{'Output': 'mismatch'},"€ 0,-\', \'Pakketpost (vanaf € 39,95)\': \'€ 0,-\', \'Pakketpost (vanaf € 49,95)\': \'€ 0,-\', \'Pakketpost (vanaf € 59,95)\': \'€ 0,-\', \'Pakketpost (vanaf € 6"
2945,{'Output': 'mismatch'},"7005031]\', \'brand\': \'HP\', \'category\': \'Proliant Memory\', \'Category\': \'Proliant Memory\', \'Sub-Category\': \'Genuine HP Memory\', \'Generation\': \'PC2-5300\', \'Part Number\': \'127005-031\"
2946,{'Output': 'mismatch'},"cluded) Side(Included)\', \'Power Supply\': \'300 Watts\', \'Hard Drive Interface\': \'SATA III\', \'Dimensions (HxWxD)\': \'43.1 cm x 17.3 cm x 44.5 cm\', \'Weight\': \'11.3 kg\', \'description\': \'  """
2947,{'Output': 'mismatch'},"\', \'CAS Latency\': \'16-18-18-35\', \'Voltage\': \'1.2 V\', \'description\': \'  ""Corsair Vengeance LPX CMK32GX4M2A2666C16 - Prijzen ""@NL Tweakers""@NL\', \'title\': \'C"
2948,{'Output': 'mismatch'},"drive"" ""Null""   ""Description:Hewlett Packard Enterprise SP/CQ Drive DLT 20/40GB Internal 20GB\', \'partNumber\': \'340769-001\', \'partNumber2\': \'340769-001\', \'partNumber3\': \'340769-001"
2949,{'Output': 'mismatch'},"ms\', \'description\': \'  ""3R-A3851-AA-5Pack 3R 72.8GB 15K Ultra320 SCSI Internal Hard Drive"" ""Null""   ""Description:5 x 72.8GB Ultra320 SCSI 15K 3.5-inch Single Port Hot-Plug Hard DriveIn HPE Drive tray (as"
2950,{'Output': 'mismatch'},"description\': \'  ""GIGABYTE BKI7HA-7500 Intel Core i7-7500U 2.7GHz / 3.7GHz 105 x 110 mm Mini-ITX Motherboard""@en Bay LN76130 - GIGABYTE BKI7HA-7500\', \'title\': \"
2951,{'Output': 'match'},"99\', \'Verkoopstatus (Cas)\': \'Boxed\', \'CPU Cooler\': \'Ja\', \'Description\': \'  ""Cooler Master MasterCase Pro 3 (MCY-C3P1-KWNN) - Behuizingen"" ""Cooler Master MasterCase Pro 3 (MCY-C3P1-KWNN) - Be"
2952,{'Output': 'mismatch'},"New 397411-B21 Kit Wholesale Price 397411-B21"" ""HP Proliant Memory 397411-B21 Kit"" ""HP Proliant Memory 397411-B21 Kit"" ""HP Proliant Memory 397411-B21 Kit"" ""HP Proliant Memory 397"
2953,{'Output': 'mismatch'},"\'EH0146FAWJB\', \'Products ID\': \'463080\', \'Capacity\': \'146GB\', \'Interface Type\': \'Serial Attached SCSI\', \'Spindle Speed\': \'15000RPM\', \'Ports\': \'Dual Port\', \'Speed\':"
2954,{'Output': 'mismatch'},"146-GB 3G 10K 2.5 DP SAS 2 Pack\', \'category\': \'\', \'subcategory\': \'\', \'brand\': \'HP\', \'sku\': \'430169-002-2Pack\', \'type\': \'2.5-inch Serial Attached SCSI (SAS"
2955,{'Output': 'mismatch'},"Description:10 x HPE G8 G9 (Gen8 Gen9) 500GB 3.5-inch (LFF) Serial ATA(SATA) \', \'subcategory\': \'\', \'brand\': \'Hewlett Packard Enterprise\', \'sku\': \'658071b21\', \'type\': \'Hard Drive\'}', '"
2956,{'Output': 'mismatch'},"4622b23\', \'type\': \'Fibre Channel\'}', 'Entity_2': '{\'title\': \'364622-B23 HP 300-GB 10K FC-AL HDD\', \'category\': \'Storage\', \'subcategory\': \'Hard Drives\', \'brand\': \'HP"
2957,{'Output': 'mismatch'},"o\': \'Yes\', \'description\': \'  \""397411-B21 HP 2GB (2 x 1GB) DDR2 SDRAM Server Memory\""@en  ""New 397411-B21 Kit Wholesale Price 397411-B21""@en  ""397411-B21 HP"
2958,{'Output': 'mismatch'},"': \'Description: HP Proliant BL20p G2 Server Xeon 2.8GHz/1MB 1P 512MB Memory M1 Part#359623-B21\', \'brand\': \'HP\', \'sku\': \'359623b21\', \'type\': \'Server\', \'description\"
2959,{'Output': 'mismatch'},"DDR4, 3000MHz, 15-17-17-35, 32GB (4 x 8GB)\'}', 'Entity_2': '{\'title\': \'Corsair Vengeance LPX 32GB (4 x 8GB) DDR4 3000MHz Memory Kit\', \'category\': \'Memory\', \'"
2960,{'Output': 'mismatch'},"\'300876-B21 BL20P G2 Xeon 2.8GHz 512 1P\', \'category\': \'\', \'subcategory\': \'\', \'brand\': \'\', \'sku\': \'300876b21\', \'type\': \'Description: BL20PG2 Xe"
2961,{'Output': 'mismatch'},"'sku\': \'242469001\', \'type\': \'15/30GB\'}', 'Entity_2': '{\'title\': \'HP 242469-001 15/30-GB Ext SCSI DLT\', \'category\': \'HP\', \'subcategory\': \'DLT Tape"
2962,{'Output': 'mismatch'},"-in\', \'Interface Type\': \'Fibre Channel\', \'description\': \'  \""238921-B21-10Pack HPE 10K 3.5 inch x 1 inch Plug-in Fibre Channel Hard Drive\"" \""Null\""   \""Description:10 x 10K 3.5 inch x 1 inch Plug-in Fib"
2963,{'Output': 'mismatch'},"18-38\', \'description\': \'  ""Corsair Vengeance LPX 16GB (2 x 8GB) DDR4 DRAM 2666MHz""@en Memory | CS16G4M2A2666C16\', \'title\': \'Corsair Vengeance LPX 16GB (2 x 8GB) D"
2964,{'Output': 'mismatch'},"\'2.5kg\', \'description\': \'  ""ReadyNAS 212 2-Bay Network Attached Storage (NAS) Server - 2GB RAM - Quad Core 1.4GHz ARM Cortex A15 Processor - 2 x Gigabit Ethernet LAN ports - 3 x USB 3.0 ports - 2 x SATA/SSD 2."
2965,{'Output': 'mismatch'},"Xeon Processor\', \'description_full\': \'  ""507825-B21 HP Xeon E5506 2.13GHz BL280c G6\n\nNew 507825-B21 Wholesale Price 507825-B21\n\n507825-B21"
2966,{'Output': 'mismatch'},"', \'EAN\': \'05415247058328, 718037835983\', \'SKU\': \'WD6001FZWX\', \'Tweakers ID\': \'567281\', \'Productprijs\': \'€ 219,95\',"
2967,{'Output': 'mismatch'},"500670-B21 CNJ 2GB 240P PC3-10600 CL9 18c 128x8 DDR3-1333 1.5V ECC UDIMM Retail\', \'subcategory\': \'\', \'sku\': \'500670b21\', \'type\"
2968,{'Output': 'mismatch'},"Libraries\', \'sku\': \'293472b22\', \'type\': \'Tape Drive\', \'description2\': \'  ""293472-B22 HP MSL5026 SDLT RackMount Tape Library"" Library Wholesale 293472-B22\', \'description3\': \'"
2969,{'Output': 'mismatch'},"N66121 - AD7300OKHLBOX | SCAN UK\""@en  \""AMD A4 7300 APU Processor - Dual Core\""@en Processor LN66121 - AD7300OKHLBOX | SCAN UK\""@en  \""AMD A4 7300 APU Processor - Dual Core\""@en Processor LN6"
2970,{'Output': 'match'},"\', \'sku\': \'235065-002\', \'type\': \'Hard Drive\'}', 'Entity_2': '{\'title\': \'235065-002 HP 36.4-GB U160 SCSI HPLUG 15K HDD\', \'category\': \'Null\', \'subcategory"
2971,{'Output': 'match'},"0012321]\', \'category\': \'Memory\', \'Categorie\': \'Memory\', \'Merk\': \'Kingston\', \'Productserie\': \'ValueRAM\', \'Product\': \'Kingston ValueRAM 4GB 1333MHz DDR3 SDRAM 240-pin DIMM\', \"
2972,{'Output': 'mismatch'},"': \'  ""Asus PRIME X299-DELUXE Socket LGA2066 Motherboard ""@en | Novatech""@en  \', \'description_long\': \'  ""Asus PRIME X299-DELUXE Socket LGA2066 Motherboard ""@en | Novatech""@en  \', \'description_short\': \"
2973,{'Output': 'match'},"s\', \'category\': \'Null\', \'subcategory\': \'New 631667-B21 SATA 10 Pack Wholesale Price 631667-B21-10Pack\', \'brand\': \'HP\', \'sku\': [\'631667-B21\', \'6316"
2974,{'Output': 'mismatch'},"{""Output"": ""match""}"
2975,{'Output': 'mismatch'},"\': \'Samsung 960 EVO 250GB\', \'Uitvoering\': \'Samsung 960 EVO 250GB\', \'EAN\': \'8806088540160\', \'SKU\': \'mzv6p2t0bw\', \'Tweakers ID\':"
2976,{'Output': 'match'},"02\', \'type\': \'Hard Drive - Hot-Swap\', \'description\': \'  ""430169-002 HP 72-GB 3G 15K 2.5 DP SAS HDD"", ""Null"" ""New 430169-002 SAS 10 Pack Wholesale Price 430169"
2977,{'Output': 'mismatch'},"04h]\', \'brand\': \'Hitachi\', \'category\': \'Hard Drive\', \'Sub-Category\': \'7200RPM\', \'Generation\': \'SAS\', \'Part Number\': \'HDS72757504H322\', \'Products ID\': \'142989\',"
2978,{'Output': 'mismatch'},".13GHz ML370 G6\', \'subcategory\': \'Xeon\', \'sku\': \'495942b21\', \'type\': \'Processor\', \'description2\': \'Intel Xeon E5506 2.13GHz 80W 45nm Quad-Core LGA-1"
2979,{'Output': 'mismatch'},"\', \'description\': \'  \""HP 508429-001 400GB 10K SAS HDD\"", \""Null\"" \""New HP 508429-001 HDD Wholesale Price HP 508429-001\""\', \'title\': \'HP 508429-001 4"
2980,{'Output': 'mismatch'},"88-pin\', \'description\': \'  \""Corsair Vengeance LPX 32GB (2x16GB) DDR4 UDIMM 288-pin\"" ""New Corsair Vengeance LPX 32GB (2x16GB) DDR4 UDIMM 288-pin"" ""New Corsair Vengeance LPX 32GB ("
2981,{'Output': 'mismatch'},"\': \'Null\', \'Category\': \'Proliant HardDrive\', \'Sub-Category\': \'10K\', \'Generation\': \'SAS\', \'Part Number\': \'417190002-2Pack\', \'Products ID\': \'463216\', \'Type\': \'Hard Drive -"
2982,{'Output': 'mismatch'},"Merk\': \'Asus\', \'Product\': \'Asus GeForce GTX 1060 3GB ROG Strix OC Edition\', \'Uitvoering\': \'3GB\', \'EAN\': \'4250812414021\', \'SKU\': \'8gp46180kr\', \"
2983,{'Output': 'mismatch'},"': \'""CAD"", ""$112.99 CAD""\', \'description\': \'  ""500670-B21 Genuine HPE 2GB (1x2GB) PC3-10600E-9 Unbuffered ECC DIMM Memory Module"" ""Null""   ""Description:Genuine HPE 2GB (1x2GB) PC3-"
2984,{'Output': 'mismatch'},"us Notebook Backpack 15.4\"" (Grijs/Zwart) - TSB023EU - 5024442974007""@en ""Laptoptassen - Targus"" Targus Notebook Backpack 15.4\"" (Grijs/Zwart) - TSB023EU - 5024442974"
2985,{'Output': 'match'},"', \'sku\': \'572071b21\', \'type\': \'2.5-inch Hot-Plug Midline (MDL) Serial ATA (SATA) SSD (Solid State Drive) For G1-G7 Proliant SATA Servers\', \'description\': \'  ""572071-B21 HP 60-"
2986,{'Output': 'mismatch'},"HP\', \'sku\': \'430169-002\', \'type\': \'Description:5 x 72GB 2.5-inch Serial Attached SCSI (SAS)SFF 3G Dual Port Hot-Plug 15K Hard Drive\', \'description\': \'  ""430169-002 HP 72"
2987,{'Output': 'mismatch'},"{""Output"": ""mismatch""}"
2988,{'Output': 'mismatch'},"\'Price 493243-B22\', \'brand\': \'HP\', \'sku\': \'493243b22\', \'type\': \'Intel Xeon X3330 D120 G5(2.66GHz/4-core/6MB/95W)Full Processor Option Kit\', \'"
2989,{'Output': 'mismatch'},"{""Output"": ""match""}"
2990,{'Output': 'mismatch'},"90-001 HP ML370t G3 Tower Server, 2 Processor, 16 GB Memory, 4 Hot-plug Drive Bays, Integrated HP NC7781 PCI-X Gigabit Ethernet Adapter, Integrated Lights-Out Management Card, 5U Rack Height, Universal rack rails included"" ""New HP ML370t G3 Tower Server"" ""HP"
2991,{'Output': 'mismatch'},"'description\': \'  ""Corsair Vengeance LPX 16GB (4 x 4GB) DDR4 3000MHz C15 Memory Kit - CMK16GX4M4B3000C15R""@en 16GB (4 x 4GB) DDR4 3000MHz C15 Memory Kit - CMK16G"
2992,{'Output': 'mismatch'},"{""Output"": ""match""}"
2993,{'Output': 'match'},"'340743-B22\', \'Products ID\': \'463724\', \'Type\': \'Tape Drive\', \'description\': \'  ""340743-B22 HP 20/40GB Tape Drive"" ""Null""   ""Description:5 x HP 20/40GB Tape Drive\', \"
2994,{'Output': 'mismatch'},"': \'\', \'brand\': \'HP\', \'sku\': \'578229b21\', \'type\': \'SAS Raid Controller\', \'description\': \'  ""HP Smart Array P600/512 Controller - storage controller (RAID) SATA 1.5Gb/s / SAS PCI-X/133 M"
2995,{'Output': 'mismatch'},"300 Novatech\', \'sku\': \'bx80662i36300\', \'type\': \'Dual Core Technology, 3.8GHz clock speed, 4MB L3 Cache, Dual Channel\', \'description_long\': \'6th Generation Intel® Core™ i3 6300 3.8GHz Socket L"
2996,{'Output': 'mismatch'},"', \'title\': \'359623-B21 HP BL20p G2 X2.8GHz/1MB 512MB\', \'sku\': \'359623b21\', \'type\': \'Server\', \'description2\': \'  ""359623-B21 HP BL20p G"
2997,{'Output': 'mismatch'},"{""Output"": ""match""}"
2998,{'Output': 'mismatch'},"0146FAWJB""  ""Description:EH0146FAWJB HP 146-GB 6G 15K 2.5 DP SAS HDD"" ""HP EH0146FAWJB Part# -EH0146FAWJB""  ""Description:EH0146FAWJB HP 146-GB"
2999,{'Output': 'match'},"\', \'Form Factor\': \'3.5 inches\', \'Description\': \'  \""New 508429-001 SAS 5 Pack Wholesale \""@en ""New 508429-001 SAS 5 Pack Wholesale""@en 508429-001 HP 400-GB 10K"
3000,{'Output': 'mismatch'},"{""Output"": ""mismatch""}"
3001,{'Output': 'mismatch'},"¿½ Xeonï¿½ E5607 2.26GHz BL460c G7\', \'title\': \'637414-B21 HP Xeon E5607 2.26GHz BL460c G7\', \'subcategory\': \'Description:HP Intelï¿½ Xeonï¿½ E560"
3002,{'Output': 'mismatch'},"{""Output"": ""mismatch""}"
3003,{'Output': 'mismatch'},"{""Output"": ""mismatch""}"
3004,{'Output': 'mismatch'},"{""Output"": ""mismatch""}"
3005,{'Output': 'mismatch'},"632429-003-10Pack HP 400GB 6Gb/s SAS SSD"", ""Null"" Price 632429-003-10Pack"" ""New 632429-003-10Pack HP 400GB 6Gb/s SAS SSD Wholesale 632429-0"
3006,{'Output': 'match'},"-inch 3G 10K 2.5 DP SAS HDD\', \'title\': \'DG0300BAHZQ HP 300-GB 3G 10K 2.5 DP SAS HDD\', \'subcategory\': \'Description:300GB 2.5-inch 3G 10K 2.5 D"
3007,{'Output': 'match'},"6Gb/s 7.2K Hard Drive\'}', 'Entity_2': '{\'title\': \'658102-001 HP 2TB 6G 7.2K 3.5 SATA SC\', \'category\': \'Null\', \'subcategory\': \'Description:2TB 3.5-inch (LFF) Serial A"
3008,{'Output': 'mismatch'},"AL HDD"" ""Null""   ""Description:Sun 73GB 1 10K FCAL Drive for StorEdge 3510 ArraySun Part# XTA-3510-73GB-10K\', \'title\': \'XTA-3510-73-GB-10K Sun 73-GB 10K HP FC-AL HDD\',"
3009,{'Output': 'mismatch'},",-\': \'€ 4,50\', \'description\': \'  ""Cooler Master Elite 130 RC-130-KKN1"" ""Cooler Master Elite 130 RC-130-KKN1""   ""Description:Cooler Master Elite 130 RC-130-KKN1"" ""Cooler Master Elite 1"
3010,{'Output': 'mismatch'},"615729b21\', \'type\': \'Adapter\', \'description\': \'  ""Null"" ""615729-B21 Adapter Wholesale"" ""New 615729-B21 Adapter Wholesale"" ""New 615729-B21 Adapter Wholesale"" ""New 615729"
3011,{'Output': 'mismatch'},"5-7500 3.4GHz Quad-Core Processor\', \'category\': \'Processors\', \'subcategory\': \'Intel Processors\', \'brand\': \'Intel\', \'sku\': \'bx80677i57500\', \'type\': \'Desktop Processor\'}', 'Output': '"
3012,{'Output': 'mismatch'},"{""Merk"": ""Corsair""}"
3013,{'Output': 'match'},"_2': '{\'title\': \'358348-B21 HP 1GB PC2700 (1x1GB) Module\', \'category\': \'Null\', \'subcategory\': \'Price\', \'brand\': \'HP\', \'sku\': \'358348b21\', \'type\': \'"
3014,{'Output': 'match'},"{""Output"": ""mismatch""}"
3015,{'Output': 'match'},"6aba2]\', \'brand\': \'Hitachi\', \'category\': \'Hard Drive\', \'Sub-Category\': \'7.2K\', \'Generation\': \'SATA\', \'Part Number\': \'BD03656ABA2Pack\', \'Products ID\': \'200018\', \'Type\': \"
3016,{'Output': 'mismatch'},"FC-AL\', \'category\': \'Null\', \'subcategory\': \'Price\', \'brand\': \'HP\', \'sku\': \'359461-007\', \'type\': \'FC-AL\', \'description\': \'  ""359461-007 HP 300-GB 1"
3017,{'Output': 'match'},"{""Output"": ""match""}"
3018,{'Output': 'mismatch'},"': \'3.5 inches x 1/3H\', \'description\': \'  ""430165-003 HP 146GB 10K SAS 3.5 inches x 1/3H"", ""Null"" ""New 430165-003 SAS 146GB""  ""De\""', \'title\': \'43"
3019,{'Output': 'mismatch'},"0,-\', \'Pakketpost (vanaf € 39,95)\': \'€ 0,-\', \'Pakketpost (vanaf € 49,95)\': \'€ 0,-\', \'Pakketpost (vanaf € 59,95)\': \'€ 0,-\', \'Pakketpost (vanaf € 69,"
3020,{'Output': 'mismatch'},"enuine HP Memory\': \'Yes\', \'description\': \'  ""HP 4GB (1 x 4GB) DDR3-1066 SDRAM DIMM Memory Module - 500660-B21 - Prijzen ""@en  HP 4GB (1 x 4GB) DDR3-1066 SDRAM DIMM Memory Module - 5"
3021,{'Output': 'mismatch'},"brand\': \'""HP Enterprise""\', \'sku\': \'404712001\', \'type\': \'Description:146-GB 15K SCSI 3.5-inch HDD\', \'description\': \'  ""404712-001 HP 146-GB U320 SCSI 15K HDD"
3022,{'Output': 'mismatch'},"\': \'€59.99\', \'description\': \'  \""WD Blue WD10EZEX, 1TB\""@en ""WD Blue WD10EZEX, 1TB""@en ""WD Blue WD10EZEX, 1TB""@en ""WD Blue WD10EZEX, 1TB""@en ""WD Blue W"
3023,{'Output': 'mismatch'},"'subcategory\': \'BL40P\', \'sku\': \'293461b21\', \'type\': \'Description:BL40P Xeon 1.5 1MB 1P Blade\'}', 'Entity_2': '{\'title\': \'293461-B21 BL40P Xeon 1."
3024,{'Output': 'mismatch'},"DP SAS"", ""Null"" ""New 430169-002 SAS 1 Pack Wholesale Price 430169-002""\'}', 'Entity_2': '{\'title\': \'430169-002 HP 72-GB 3G 15K 2.5 DP SAS HDD\', \'category\"
3025,{'Output': 'mismatch'},"04pin Sodimm Non-Ecc Cl11 1.35v\', \'subcategory\': \'\', \'sku\': \'ct102464bf160b\', \'type\': \'8GB (1 x 8GB) DDR3 1600MHz 204-pin SODIMM Non-ECC CL11"
3026,{'Output': 'match'},"\'2TB\', \'Interface\': \'Serial ATA\', \'Enclosure\': \'Internal\', \'HDD Form Factor\': \'3.5 inches\', \'Spindle Speed\': \'5900RPM\', \'Data Transfer Rate\': \'300MB/s\', \'Average Seek Time\': \'11ms"
3027,{'Output': 'mismatch'},"', \'description\': \'  ""Kingston HyperX Fury blu HX316C10F/4 4GB DDR3 1600MHz 240-pin SDRAM (PC3-12800) 4GB DDR3 1600MHz 240-pin SDRAM (PC3-12800) Kingston"
3028,{'Output': 'mismatch'},"{""Output"": ""mismatch""}"
3029,{'Output': 'mismatch'},"\'Price :\': \'£32.99\', \'description\': \'  ""1Tb Seagate Barracuda 7200rpm SATA3 64Mb HardDrive"" ""HDS-1000DM3"" ""Seagate 1Tb 7200rpm SATA3 64Mb Hard Drive\', \'title\':"
3030,{'Output': 'match'},"735858241434, 50320, 675900010093\', \'description\': \'  ""Intel Core i7 3770K 3.4 GHz Unlocked Quad-Core LGA1155 Desktop Processor"" ""Intel Core i7 3770K 3.4 GHz"
3031,{'Output': 'mismatch'},"'Part Number\': \'381817-001\', \'Product ID\': \'1461184\', \'Type\': \'Memory Module\', \'Capacity\': \'512MB\', \'description\': \'  ""381817-001 HP 512MB 1600MHz DDR2 S"
3032,{'Output': 'mismatch'},"\': \'[456896001]\', \'brand\': \'HP\', \'category\': \'Null\', \'Category\': \'Proliant HardDrive\', \'Sub-Category\': \'15K\', \'Generation\': \'SAS\', \'Part Number\': \'456896-001-5"
3033,{'Output': 'mismatch'},"', 'Entity_2': '{\'title\': \'120GB Samsung 750 EVO 2.5 Inch SATA III Internal Solid State Drive\', \'category\': \'\', \'subcategory\': \'\', \'brand\': \'Samsung\', \'sku\': \'mz750120bw\', \'type\': \'"
3034,{'Output': 'match'},"'Seagate\', \'category\': \'Null\', \'Category\': \'Seagate HardDrive\', \'Sub-Category\': \'7.2K\', \'Generation\': \'SATA\', \'Part Number\': \'ST359461005\', \'Products ID\': \'458408\', \'"
3035,{'Output': 'match'},"""New 430169-002 HDD Wholesale \'}', 'Entity_2': '{\'title\': \'430169-002 HP 72-GB 3G 15K 2.5 DP SAS HDD\', \'category\': \'Hard Drive\', \'subcategory\': \'15K\', \'brand"
3036,{'Output': 'mismatch'},"'72-pin\', \'description\': \'  ""238590-B21 HPE 10K Fibre Channel Hard Drive 36.4GB""@en-GB  ""New 238590-B21 Wholesale Price 238590-B21"" \', \'title\': \'238590-B"
3037,{'Output': 'mismatch'},"{""brand"": ""HP""}"
3038,{'Output': 'mismatch'},"3GB\', \'Interface Type\': \'Serial Attached SCSI\', \'description\': \'  ""417190-002 HP 73GB 3G 15K 2.5 DP SAS HDD"", ""Null"" ""New 417190-002 HDD Wholesale Price 417190-002\',"
3039,{'Output': 'mismatch'},"]\', \'brand\': \'Crucial\', \'category\': \'Null\', \'Category\': \'Computers\', \'Sub-Category\': \'Memory\', \'Generation\': \'DDR3\', \'Part Number\': \'CMK32GX4M2B3000C15\', \'Products ID\': \'1"
3040,{'Output': 'mismatch'},"\'7.2K\', \'Generation\': \'SATA SC\', \'Part Number\': \'HP 430169-002\', \'Product ID\': \'459463_HP_HardDrives\', \'Type\': \'Hard Drive - Hot-Swap - Gen8\', \'Large Form Factor\': \'3."
3041,{'Output': 'mismatch'},"\': \'HP\', \'sku\': \'349237b21\', \'type\': \'Hard Drive\', \'description\': \'  \""349237-B21 HP 80-GB 1.5G 7.2K 3.5 SATA HDD\""@en 80GB DL320 G4 3."
3042,{'Output': 'mismatch'},"\', \'description\': \'  \""221275-B21 HP DL740R 15.5 in x 28.7 in x 7 in\"" ""HP 221275-B21 DL740R 15.5 in x 28.7 in x 7 in\""  ""Description:15.5 in x 28.7"
3043,{'Output': 'mismatch'},"': \'Processoren\', \'subcategory\': \'Intel Core i5\', \'brand\': \'Intel\', \'sku\': \'BX80646I54570\', \'type\': \'Processor\', \'description\': \'  ""Intel Core i5-4570 3.2GHz Quad-Core Process"
3044,{'Output': 'mismatch'},"'description\': \'  ""Corsair Air Series AF140 1200RPM LED White Quiet Edition (CO-9050017-WLED)""@en \', \'description\': \'  ""Corsair Air Series AF140 1200RPM LED White Quiet Edition (CO-9050017-WLED)""@en \'}',"
3045,{'Output': 'mismatch'},"3)\', \'subcategory\': \'\', \'sku\': \'ct8g4dfs8213\', \'type\': \'Memory Module\'}', 'Entity_2': '{\'title\': \'Crucial - 8GB (1 x 8GB) DDR4-2133 Memory (CT8G4DFS8213)\', \'category\"
3046,{'Output': 'mismatch'},"': \'\', \'description_nl\': \'  ""Corsair Vengeance RGB CMR16GX4M2A2666C16 - Prijzen ""@NL Tweakers""@NL\', \'description_de\': \'  ""Corsair Vengeance RGB CMR16GX4M2A2666C16 - Prijzen ""@NL"
3047,{'Output': 'mismatch'},"{""Output"": ""match""}"
3048,{'Output': 'match'},"17.13 in\', \'description\': \'  ""192106-B21 HP 110GB Super DLT Tape Drive"", ""Null"" ""New 192106-B21 Tape Drive Wholesale Price 192106-B21""  \'}', 'Entity_2': '{\'title\': \'1921"
3049,{'Output': 'mismatch'},"olesale \', \'description\': \'  ""DH0072BALWL HP 72-GB 3G 15K 2.5 DP SAS"" Price"" ""New DH0072BALWL SAS 5 Pack Wholesale "" ""DH0072BALWL HP 72-GB 3G 15K 2.5 DP S"
3050,{'Output': 'mismatch'},"\', \'Product Type\': \'Hard Drive\', \'description\': \'  ""359461-005-5Pack HPE 10K Fibre Channel Hard Drive"" ""Null""   ""Description:HPE 10K Fibre Channel Hard Drive 359461-005-5PackFull Hard Drive Option KitPart Number(s)Option Part#"
3051,{'Output': 'match'},"6\', \'Uitvoering\': \'16GB DDR4 2133MHz\', \'EAN\': \'740617256536\', \'SKU\': \'HX421C14FB2K216\', \'Tweakers ID\': \'432884\', \'Productp"
3052,{'Output': 'mismatch'},"'15K 3.5 3G SATA\'}', 'Entity_2': '{\'title\': \'ST3750330NS Seagate 750-GB 15K 3.5 3G SATA\', \'category\': \'Null\', \'subcategory\': \'Price\', \'brand\': \'Seagate\', \"
3053,{'Output': 'mismatch'},"Swap Tray\': \'Included/Attached\', \'description\': \'  ""Fujitsu - MAY2073RC 73-GB 10K 2.5 SP SAS HDD"" ""HP 466065-10Pack""  ""Description:73GB Serial Attached SCSI (SAS) 2.5-inch Single Port Hot-Pl"
3054,{'Output': 'match'},"{""Output"": ""match""}"
3055,{'Output': 'mismatch'},"Intel Core i3\', \'brand\': \'Intel\', \'sku\': \'bx80662i36300\', \'type\': \'Processor\', \'description\': \'  ""6th Generation Intel® Core™ i3 6300 3.8GHz Socket LGA1151 (Skylake) Processor -"
3056,{'Output': 'mismatch'},"'EAN\': \'05055288405530\', \'SKU\': \'infd32gbevobl\', \'description\': \'  ""Integral 32GB USB Flash Drive""@en 32GB USB Flash Drive\', \'title\': \'Integral 32GB USB Flash Drive\', \'subcategory\': \"
3057,{'Output': 'mismatch'},"\'description\': \'  ""XTA-3510-300GB-10K Sun 3.5 inch 10K RPM Fibre Channel Hard Drive""@en Hard Drive/HDD XTA3510300GB10K | SC\', \'title\': \'Sun 3.5 inch 10K RPM Fibre Channel Hard Drive\', \"
3058,{'Output': 'mismatch'},"\': \'Vengeance\', \'Product\': \'Corsair Vengeance CMK16GX4M4B3000C15R\', \'Uitvoering\': \'Black\', \'EAN\': \'0843591056267\', \'SKU\': \'cmk16gx4m4b"
3059,{'Output': 'mismatch'},"'Memory\', \'Sub-Category\': \'DDR3\', \'Generation\': \'DDR3\', \'Part Number\': \'364622-B23\', \'Products ID\': \'455536\', \'Product Type\': \'Memory Module\', \'Memory Type\': \'DDR3\', \'Memory Size"
3060,{'Output': 'mismatch'},"(4x4GB) DDR4 PC4-24000C15 3000MHz Quad Channel Kit - Red (CMK16GX4M4B3000C15R)\', \'category\': \'Corsair\', \'subcategory\': \'Corsair Vengeance LPX 16GB (4x4GB) DDR4 PC"
3061,{'Output': 'mismatch'},"44585 AD740KYBJABOX AMD A6-7400K APU Processor - Black Edition Dual Core"" "" AMD A6-7400K APU Processor - Black Edition Dual Core"" "" AMD A6-7400K APU Processor - Black Edition Dual Core"" "" AMD A6-7400K APU Processor - Black Edition D"
3062,{'Output': 'mismatch'},"\', \'description\': \'  ""Western Digital WDBCTL0060HWT-NESN 2TB 3.5-inch Hard Drive"" ""Western Digital 2TB 3.5-inch Hard Drive"" ""Western Digital 2TB 3.5-inch Hard Drive"" ""Western Digital 2TB 3.5-inch Hard Drive"" ""Western Digital"
3063,{'Output': 'mismatch'},"brand\': \'HP\', \'sku\': \'306645003\', \'type\': \'Hard Drive\', \'description\': \'  ""HP 306645-003 72.8-GB U320 SCSI 15K""@en Hard Drive LN72311 - 306645"
3064,{'Output': 'match'},"eon 2.8GHz 512 1P"" ""300876-B21 Blade Server"" ""300876-B21 Blade Server"" ""300876-B21 Blade Server"" ""300876-B21 Blade Server"" ""300876-B21 Blade Server"" ""3008"
3065,{'Output': 'mismatch'},"\': \'7.2K\', \'Generation\': \'SATA SC\', \'Part Number\': \'508429-001\', \'Products ID\': \'1144338\', \'Type\': \'Hard Drive - Hot-Swap - Gen8\', \'Large Form Factor\': \'3.5 inches\', \"
3066,{'Output': 'mismatch'},"', \'description\': \'  ""Corsair Vengeance LED 16GB (2 x 8GB) DDR4 3000MHz C15 LED Light Bar DIMM CMU16GX4M2C3000C15\"", \'title\': \'Corsair Vengeance LED 16GB (2 x 8GB) DDR4 3"
3067,{'Output': 'mismatch'},"sku\': \'tbb013eu\', \'type\': \'Backpacks\'}', 'Entity_2': '{\'title\': \'Targus Eco Spruce 15-15.6"" Laptop Backpack Black\', \'category\': \'Bags & Backpacks\', \'subcategory\': \'Laptop Backpacks\',"
3068,{'Output': 'mismatch'},"| SCAN UK\', \'sku\': \'rn21200100nes\', \'type\': \'Network Attached Storage\', \'description_full\': \'  ""Netgear ReadyNAS 2 Bay Quad Core Desktop NAS RN21200-100NES\n\nReadyNAS OS 6.3.1\n\"
3069,{'Output': 'mismatch'},"X4M2A2\', \'brand\': \'Corsair\', \'sku\': \'cmd16gx4m2a2666c15\', \'type\': \'DDR4 RAM\', \'Memory Features\': \'DHX Technology White LED Lighting XMP 2.0\', \'Capacity\': \'16GB (2x"
3070,{'Output': 'mismatch'},"{""Output"": ""match""}"
3071,{'Output': 'mismatch'},"'sda1064gb\', \'Type\': \'SDHC/XC Class 10 UHS-I UHS Class 1 64GB\', \'description\': \'  ""Kingston SDHC/XC Class 10 UHS-I UHS Class 1 64GB"" ""Geheugenkaarten Kingston SDHC/XC Class 10 UHS-"
3072,{'Output': 'match'},"{""Output"": ""match""}"
3073,{'Output': 'match'},"'description\': \'  ""Network Attached Storage (NAS) ReadyNAS 212 2-Bay Quad Core 1.4GHz ARM Cortex A15 2GB RAM 2 Gigabit Ethernet LAN ports 1 eSATA port for additional storage""@en ""▷ Netgear ReadyNAS 212 2-Bay NAS Server\', \'"
3074,{'Output': 'match'},"'  ""364622-B23 HP 300-GB 10K FC-AL HDD"" ""Null""   ""Description:StorageWorks 300GB 10K Fibre Channel 40 pin 2GB/s HotSwap FCAL Hard Drive""@en-US ""New 364622-B23 FC-AL 10 Pack Wholes"
3075,{'Output': 'mismatch'},"383-B21\', \'Product Name\': \'HP Proliant Xeon 583383-B21\', \'Description\': \'  ""HP Proliant Xeon 583383-B21""@en Processor\', \'title\': \'HP Proliant Xeon 583383-B21"
3076,{'Output': 'mismatch'},"'{\'title\': \'364622-B23 HP 300GB 10K FC-AL HDD\', \'category\': \'Storageworks HDD\', \'subcategory\': \'Hard Drives\', \'brand\': \'HP\', \'sku\': \'364622b23\', \'type\':"
3077,{'Output': 'mismatch'},"{""Output"": ""mismatch""}"
3078,{'Output': 'match'},"\', \'price\': \'""USD"", ""$129.95""\', \'description\': \'  ""238921-B21-10Pack HP 72.8GB 10K Fibre Channel Hot-Swap Hard Drive"" ""Null""   ""Description:HP 72.8GB 10K Fibre Channel Hot-Swap Hard Drive"" \"
3079,{'Output': 'mismatch'},"\'Hard Drive\', \'description\': \'  ""432094-B21 HP 146-GB 15K 3.5 SP SAS HDD"", ""Null"" Price 432094-B21"" ""New 432094-B21 HDD Wholesale 432094-B21""  ""Description:"
3080,{'Output': 'match'},"{""Output"": ""match""}"
3081,{'Output': 'match'},"BarraCuda 4TB 5900RPM SATA 6Gb/s 256MB Cache HDD - OEM (ST4000DM004)"" ""Compute Guardian Range"" ""Seagate BarraCuda 4TB 5900RPM SATA 6Gb/s 256MB Cache HDD - OEM (ST4000DM"
3082,{'Output': 'mismatch'},"\': \'[100506008]\', \'/gtin13\': \'[727419416313]\', \'category\': \'Video Cards\', \'Categorie\': \'Videokaarten\', \'Merk\': \'AMD\', \'Productserie\': \'Radeon\', \'"
3083,{'Output': 'match'},"': \'455625\', \'Type\': \'Server Adapter\', \'Description\': \'  ""615729-B21 HP 1GB 4-Port Ethernet Adapter"", ""Null"" Price 615729-B21\', \'title\': \'615729-B21 HP 1GB 4"
3084,{'Output': 'mismatch'},".6 GHz\', \'Memory\': \'16 GB DDR3 ECC Unbuffered\', \'description\': \'  ""221275-B21 HP DL740R 1U Rack-Mountable Server""@en 1U Rack-Mountable Server\', \'title\': \'221275-B21 HP DL740"
3085,{'Output': 'mismatch'},"""Description:359623-B21 HP BL20p G2 X2.8GHz/1MB 512MB"" ""Blade Server"" ""Description:359623-B21 HP BL20p G2 X2.8GHz/1MB 512MB"" ""Blade Server"" ""Description:359623-B21 HP BL2"
3086,{'Output': 'mismatch'},"'2.5-inch Serial Attached SCSI (SAS) SFF 6G Dual Port Hot-Plug\', \'description_5pack\': \'Null DG0146FAMWL 5 Pack Wholesale Price DG0146FAMWL\', \'sku_5pack\': \'Null DG0146FAMWL5Pack\', \'price\"
3087,{'Output': 'mismatch'},"{""Output"": ""mismatch""}"
3088,{'Output': 'mismatch'},"New 512743-001 2-Pack Wholesale\', \'title\': \'512743-001 HP 72-GB 6G 15K 2.5 DP SAS\', \'subcategory\': \'\', \'sku\': \'512743001\', \'type\': \'"
3089,{'Output': 'mismatch'},"0,-\', \'description\': \'  ""7th Generation Intel® Core™ i7 7700 3.6GHz Socket LGA1151 (Kaby Lake) Processor - Retail ""@en Skyla\', \'title\': \'7th Generation Intel® Core™ i7 7700 3.6GHz Socket LGA1151 (Kaby"
3090,{'Output': 'mismatch'},"22\', \'Capacity\': \'500GB\', \'Interface\': \'Serial ATA\', \'Enclosure\': \'Internal\', \'HDD Form Factor\': \'3.5 inches\', \'Spindle Speed\': \'7200RPM\', \'Data Transfer Rate\': \'1.5Gb/s\', \'A"
3091,{'Output': 'match'},"\': \'400-GB 6G 2.5 SAS SLC SSD\', \'brand\': \'HP\', \'sku\': \'632429-003\', \'type\': \'2.5-inch (SFF) Pluggable Serial ATA (SATA) 6G SLC SSD\', \'description\': \'"
3092,{'Output': 'mismatch'},"1300\', \'Voltage\': \'1.2V\', \'description\': \'  \""Corsair Vengeance LED 32GB (4x8GB) DDR4 PC4-21300 Non-ECC UDIMM Quad Channel Kit\""@en  ""Corsair Vengeance LED 32GB (4x8GB) DDR4 PC4"
3093,{'Output': 'mismatch'},"{""Output"": ""mismatch""}"
3094,{'Output': 'mismatch'},"L2455 24\"" 1920x1080 144Hz 1ms 16:9 1000:1 300cd/m² 450nits 4000:1 2x HDMI 2x USB 2.0 2x USB 3.0 1x 3.5mm audio jack 1x 3"
3095,{'Output': 'mismatch'},"ARVV"" ""New DG0300FARVV SAS 5 Pack Wholesale Price DG0300FARVV"" ""Description:300GB 2.5-inch Serial Attached SCSI (SAS)SFF 6G Dual Port Hot-Plug 10K Hard DriveIn HPE Drive tray (as pictured)For G1-G7 Proliant\"
3096,{'Output': 'mismatch'},"Pad Yoga 11e Chromebook\', \'subcategory\': \'\', \'brand\': \'Lenovo\', \'sku\': \'20ge0003us\', \'type\': \'Notebook Computers\', \'description\': \'  ""Lenovo ThinkPad Yoga 11e Chromebook - 11.6"" Celeron N"
3097,{'Output': 'mismatch'},"{""Output"": ""mismatch""}"
3098,{'Output': 'mismatch'},"{""Output"": ""match""}"
3099,{'Output': 'mismatch'},"{""Output"": ""mismatch""}"
3100,{'Output': 'mismatch'},"'340-9807 Dell 73-GB U320 NHP 15K\', \'subcategory\': \'15K\', \'sku\': \'34098072pack\', \'type\': \'Hard Drive\', \'description_full\': \'  ""340-9807 Dell 73-"
3101,{'Output': 'mismatch'},"ATA (SATA) 6Gb/s Solid State Drive\', \'Features\': \'Hot-Plug\', \'Features\': \'Hot-Plug\', \'Features\': \'Hot-Plug\', \'Features\': \'Hot-Plug\', \'Features\': \'Hot-Plug\', \'Features\': \'Hot-Plug\',"
3102,{'Output': 'mismatch'},"5506\', \'description_full\': \'  ""583383-B21 HP Xeon E5506 2.13GHz DL170h G6(2.13GHz/4-core/4MB/80W)Full Processor Option KitPart Number(s)Option Part# 583383-B21\', \"
3103,{'Output': 'mismatch'},"III HDD (WD10PURZ)\', \'subcategory\': \'\', \'brand\': \'WD\', \'sku\': \'wd10purz\', \'type\': \'Hard Drive\', \'description_full\': \'  ""WD Purple Surveillance 1TB 64 MB Cache 3.5"" SATA-III HDD (WD"
3104,{'Output': 'mismatch'},"K Hard Disk DriveFor G1\', \'description\': \'  ""DG0300FARVV HP 300-GB 6G 10K 2.5 DP SAS HDD""   ""Description:300GB 2.5-inch Serial Attached SCSI (\', \'description\': \'  ""DG0300FARVV HP"
3105,{'Output': 'mismatch'},"\': \'7200RPM\', \'description\': \'  ""658071-B21 500GB SATA SCSI 7.2K Hard Drive""@en  ""New 658071-B21 7.2K 10 Pack Wholesale Price 658071-B21-10Pack"" ""New"
3106,{'Output': 'mismatch'},"b28\', \'type\': \'Hard Drive Hot-Swap\', \'description\': \'  ""BD03655B28 HP 36.4-GB 10K FC-AL"" ""Null""   ""Description:5 x StorageWorks 36.4GB 10K Fibre Channel \', \'price\': \'""CAD"", ""$98."
3107,{'Output': 'mismatch'},"\'description\': \'  ""ST1000DM003 Seagate Barracuda 1TB 3.5 inches x 1/3H (Internal) SATA 600MB/s 7200RPM"" ""Null""   ""Description:Seagate Barracuda 1TB 3.5 inches x 1/3H (Internal) SATA 600"
3108,{'Output': 'mismatch'},"G4)\', \'sku\': \'DTIG416GB\', \'type\': \'USB flash drive\', \'description_en\': \'  ""Kingston DataTraveler G4USB flash drive - 16 GB""@en-gb G4 USB flash drive - 16 GB | DTIG4/16GB £4.77 Insight \'}', 'Entity_2"
3109,{'Output': 'mismatch'},"ketpost Nederland\': \'€ 0,-\', \'Opsturen vanaf €50,-\': \'€ 0,-\', \'description\': \'  ""Gigabyte GA-Z270M-D3H Intel Z270 Micro ATX DDR4 2133MHz Socket 1151 Motherboard - Retail""@en ""▷ Mo"
3110,{'Output': 'mismatch'},"0743-B22 HP 20/40 DLT Int Tape Drive\', \'sku\': \'340743b22\', \'type\': \'Tape Drive\'}', 'Entity_2': '{\'title\': \'340743-B22 HP 20/40 DLT Int Tape Drive\', \'category\"
3111,{'Output': 'mismatch'},"{""Output"": ""mismatch""}"
3112,{'Output': 'mismatch'},"\'category\': \'Null\', \'subcategory\': \'Price 431786-B21\', \'brand\': \'SATA\', \'sku\': \'431786b21\', \'type\': \'Description:120GB 2.5-inch Serial ATA (SATA) 5.4K Hard Disk"
3113,{'Output': 'mismatch'},"-GB 3G 15K 2.5 DP SAS"", ""Null"" ""New DH0072BALWL SAS 5 Pack Wholesale Price DH0072BALWL-5Pack"" ""New 10 x 72GB 2.5-inch Serial Attached SCSI (SAS) SFF3G Dual Port Hot-Plug 15K Hard D"
3114,{'Output': 'mismatch'},"', \'sku\': \'345021b21\', \'type\': \'Blade Server\'}', 'Entity_2': '{\'title\': \'345021-B21 BL20P G2 Xeon 3.2GHz 1GB (2P) Null Description: Proliant BL20P G2 Xeon 3."
3115,{'Output': 'match'},"08429-001'}'}

Output: mismatch"
3116,{'Output': 'mismatch'},"\', \'Description\': \'  ""HP 5400RPM 16MB Cache 250GB SATA Hard Drive - 431786-B21 ""@en | HP""@en  ""250GB SATA Hard Drive - 431786-B21""@en  ""5400RPM 16MB Cache 250GB S"
3117,{'Output': 'mismatch'},"EP) 2.5-inch (SFF) Serial Attached SCSI (SAS) Solid State Drive\', \'sku\': \'632429003\', \'type\': \'SLC (Single Level Cell) Enterprise Performance (EP) 2.5-inch (SFF) Serial Attached SCSI (SAS) Solid State Drive\', \'description\': \"
3118,{'Output': 'mismatch'},"/CPU LN65565 - BX80662I76700 | SCAN\', \'title\': \'Intel Core i7 6700 Skylake Desktop Processor/CPU\', \'subcategory\': \'LN65565\', \'sku\': \'bx80662i76700\',"
3119,{'Output': 'mismatch'},"'Monitoren\', \'subcategory\': \'Longitud diagonal: 24 \', \'brand\': \'Acer\', \'sku\': \'ka240h\', \'type\': \'Monitor\', \'description\': \'  ""Acer KA240H 24"" Full HD LED Monitor"" ""Acer KA240H 2"
3120,{'Output': 'mismatch'},"ketpost tot € 100,-\': \'€ 0,-\', \'Pakketpost tot € 200,-\': \'€ 0,-\', \'Pakketpost tot € 300,-\': \'€ 0,-\', \'Pakketpost tot € 500,-\': \'€ 0,-\', \'Pakketpost tot €"
3121,{'Output': 'match'},"', \'Cache\': \'64MB\', \'description\': \'  \""Seagate ST31000524NS 1TB 7200RPM 3.5 inches x 1/3H SATA Hard Drive\""@en-GB Hard Drive | ST31000524NS-2Pack\""@en-GB', \'title\': \'Se"
3122,{'Output': 'mismatch'},"2Pack\'], \'type\': \'Hard Drive - Hot-Swap - Gen8\'}', 'Entity_2': '{\'title\': \'HP 3TB 6G 7.2K 3.5 SATA SC\', \'category\': \'\', \'subcategory\': \'\', \'brand\': \'HPE\', \'sku\': \'62"
3123,{'Output': 'mismatch'},"': \'4\', \'Socket Type\': \'LGA1151\', \'description\': \'  \""Intel Core i5-7600K 4-Core 3.8GHz LGA1151 Unlocked Desktop Processor 91W\""@en ""Intel Core i5-7600K 4-Core 3.8GHz LGA1"
3124,{'Output': 'mismatch'},"\': \'Retail\', \'subcategory\': \'\', \'brand\': \'AMD\', \'sku\': \'AMD FX-6350\', \'type\': \'Processor\', \'description\': \'  ""AMD Piledriver FX-6 Six Core 6350 3.90Ghz (Socket AM3+)"
3125,{'Output': 'mismatch'},"8192MB GDDR5 PCI-Express Graphics Card\', \'subcategory\': \'\', \'brand\': \'Asus\', \'sku\': \'90YV0BJ0-M0NA00, TURBO-GTX1070TI-8G\', \'type\': \'Computers & Accessories\', \'description\': \'"
3126,{'Output': 'mismatch'},"\'description\': \'  ""Corsair Vengeance LPX 16GB (2 x 8GB) DDR4 DRAM 3600MHz"" ""Corsair Vengeance LPX 16GB (2 x 8GB) DDR4 DRAM 3600MHz"" ""Corsair Vengeance LPX 16GB (2 x 8GB) DDR"
3127,{'Output': 'mismatch'},"}', 'Entity_2': '{\'title\': \'3R-A3851-AA HP 72.8-GB U320 SCSI 15K\', \'category\': \'Null\', \'subcategory\': \'Price\', \'brand\': \'3R\', \'sku\': \'3ra3851aa\', \'type"
3128,{'Output': 'mismatch'},"1005D 5-Port 10/100Mbps Switch\', \'Uitvoering\': \'TL-SG1005D, 5-Port 10/100Mbps Switch\', \'SKU\': \'TL-SG1005D\', \'Tweakers ID\': \'144005\', \'"
3129,{'Output': 'mismatch'},"'BL20c\', \'Memory Type\': \'DDR2\', \'Memory Size\': \'2GB\', \'Memory Speed\': \'266MHz\', \'Memory Slots\': \'1\', \'Memory Rank\': \'Single Rank\', \'Memory Timings\': \'PC2-3200\', \'Memory Voltage\"
3130,{'Output': 'match'},"5 CPQ(3.00GHz/\', \'description\': \'  ""Null"" ""462711-B21 HP X5450 3.0GHz ML370 G5""   ""Description:Intel Xeon X5450 ML370 G5 CPQ(3.00GHz/\', \'description\': \'  ""Null"" """
3131,{'Output': 'match'},"', \'Product\': \'Intel Core i3-3220\', \'Uitvoering\': \'Intel Core i3-3220\', \'EAN\': \'07358582787066\', \'SKU\': \'bx80646i34150\', \'Productprijs\"
3132,{'Output': 'mismatch'},"65W TDP, Wraith Stealth Cooler\', \'description\': \'  ""AMD Ryzen 5 1400 Quad Core AM4 CPU/Processor with Wraith Stealth 65W cooler ""@en | SCAN UK\', \'description_long\': \'  ""AMD Ryzen 5 1400 Quad Core AM4 CPU/Processor with Wra"
3133,{'Output': 'mismatch'},"': \'Description:5 x StorageWorks 36.4GB 10K Fibre Channel HDD\', \'sku\': [\'bd03655b28\', \'bd03655b2810pack\'], \'type\': \'Hard Drive\'}', 'Entity_2': '{\'title\': \'BD03655B2"
3134,{'Output': 'mismatch'},"igabyte GB-BKi3HA-7100 (rev. 1.0) - Prijzen ""@NL Tweakers""@NL""@en-GB\', \'title\': \'Gigabyte GB-BKi3HA-7100 (rev. 1.0) - Prijzen ""@NL Tweakers""@NL\', \'subcategory\': \'\',"
3135,{'Output': 'match'},"{""Output"": ""match""}"
3136,{'Output': 'mismatch'},".5 inches Hot-Plug Hard Drive""@en ""Null"" ""New 628061-S21 Hard Drive Wholesale Price""@en  ""628061-S21 HP G8 G9 3-TB 6G 7.2K 3.5 inches Hot-Plug Hard Drive""', \'title\': \'628061-S2"
3137,{'Output': 'mismatch'},"{""Output"": ""mismatch""}"
3138,{'Output': 'mismatch'},"Generation\': \'15K\', \'Part Number\': \'HP417190002\', \'Products ID\': \'463910\', \'Type\': \'Hard Drive\', \'Large Form Factor\': \'3.5 inches\', \'Capacity\': \'146GB\', \'Interface Type\': \'Serial"
3139,{'Output': 'mismatch'},"\'Opsturen Nederland t/m € 200,-\': \'€ 12,95\', \'iDeal\': \'€ 0,-\', \'Totaal\': \'€ 1.148,29\', \'Pakketpost Nederland vanaf € 25,-\': \'€ 12,95\', \'Pakket"
3140,{'Output': 'mismatch'},"\', \'brand\': \'HP\', \'sku\': \'430169-002\', \'type\': \'Hard Drive\', \'description\': \'  ""430169-002 HP 72-GB 3G 15K 2.5 DP SAS HDD"" "" HP 430169-"
3141,{'Output': 'mismatch'},"'subcategory\': \'\', \'brand\': \'Intel\', \'sku\': \'Core i7-7700\', \'type\': \'Processor\', \'description\': \'  ""Intel Core i7-7700 Boxed - Prijzen ""@NL Tweakers""@NL""  \', \'description\': \'  ""Intel Core"
3142,{'Output': 'mismatch'},"121\', \'Type\': \'Memory Module\', \'Capacity\': \'4GB\', \'description\': \'  ""500668-B21 HP 4GB 1333MHz DDR3 SDRAM 240-Pin SODIMM Memory Module""  ""500668-B21 HP 4GB 133"
3143,{'Output': 'mismatch'},"SODIMM Memory\', \'subcategory\': \'\', \'brand\': \'Corsair\', \'sku\': \'CMK16GX4M2A2432\', \'type\': \'Memory Module\', \'description\': \'  ""Corsair Vengeance LPX 16GB (2x8GB) DDR4 PC4-"
3144,{'Output': 'match'},"\', \'sku\': \'gvrx550d52gd\', \'type\': \'Computers_and_Accessories\', \'description_en\': \'  ""Gigabyte AMD Radeon RX 550 2GB D5 Graphics Card""@en Card LN80158 - GV-RX550D5-2GD |"
3145,{'Output': 'mismatch'},"'type\': \'Processors\', \'description_full\': \'  ""AMD Ryzen 5 1500X Quad-Core Processor with Wraith Spire 95W cooler ""@en | YD150XBBAEBOX Novatech""   ""AMD Ryzen 5 1500X Quad-Core Processor with Wraith Spire 9"
3146,{'Output': 'match'},"{""Output"": ""match""}"
3147,{'Output': 'mismatch'},"SDRAM 800MHz\', \'description\': \'  ""MEMORY, 2GB, DIMM, DDR2, 800MHZ""@en DIMM 2GB DDR2 SDRAM 800MHz ""TS256MLQ64V8U - TRANSCEND MEMORY 800MHZ | Newa""@en"
3148,{'Output': 'mismatch'},"\'7.2K\', \'Generation\': \'SATA\', \'Part Number\': \'ST2000NM0011-10Pack\', \'Products ID\': \'462388\', \'Capacity\': \'500GB\', \'Form Factor\': \'3.5 inches x 1/3H (LFF)\"
3149,{'Output': 'mismatch'},"{""Output"": ""mismatch""}"
3150,{'Output': 'mismatch'},"{""Output"": ""match""}"
3151,{'Output': 'mismatch'},"Athlon X4 870K\', \'Uitvoering\': \'Boxed\', \'EAN\': \'0730143307802\', \'SKU\': \'AD870KXBI44JC, AD870KXBJCSBX\', \'description\': \'  \""AMD Athlon X4"
3152,{'Output': 'match'},"\': \'tw3x4g1333c9a\', \'type\': \'Memory Module\', \'Capacity\': \'4GB\', \'Memory Technology\': \'DDR3 SDRAM\', \'Memory Standard\': \'DDR3-1333/PC3-10666\', \'Memory Voltage\': \'1.5"
3153,{'Output': 'mismatch'},"'sku\': \'f13722pack\', \'type\': \'15K Ultra320 SCSI Hard Drive for Dell\', \'description\': \'  ""F1372 Dell 36-GB U320 SCSI NHP 15K"" ""Null""   ""Description:Dell 36-GB U320 SCSI NHP"
3154,{'Output': 'mismatch'},"\': \'Kingston ValueRAM 8GB DDR4 2133MHz Module\', \'description\': \'  \""Kingston ValueRAM 8GB DDR4 2133MHz Module\""@en\', \'title\': \'Kingston ValueRAM 8GB DDR4 2133MHz Module\', \'subcategory\': \'\', \"
3155,{'Output': 'mismatch'},"ering\': \'Intel Core i7-6700K\', \'EAN\': \'0735858301619\', \'SKU\': \'BX80662I76700K\', \'Tweakers ID\': \'862078\', \'Productprijs\': \'€ 4"
3156,{'Output': 'mismatch'},"65W 32nm Dual-Core Processor 417772-B21"" ""New 417772-B21 Processor Wholesale 417772-B21""  ""Description:HP Intel Xeon 5130 2GHz 65W 32nm Dual-Core Processor 417772-B"
3157,{'Output': 'mismatch'},"{""Output"": ""mismatch""}"
3158,{'Output': 'mismatch'},"0 Pack Wholesale Price 512743-001\', \'price\': \'""USD"", ""$119.95 USD""\', \'description\': \'  ""512743-001 HP 72-GB 6G 15K 2.5 DP SAS"", ""Null"" Price 512743-001-"
3159,{'Output': 'match'},"6-001 HP 400GB 10K SAS HDD"" ""Null""   ""Description:2 x 400GB 10K SAS HDD\', \'title\': \'456896-001 HP 400GB 10K SAS HDD\', \'subcategory\': \'2 x 400GB 10K"
3160,{'Output': 'mismatch'},"\': \'None\', \'description\': \'  ""Corsair Vengeance Jet Black 8GB (1 x 8GB) PC3-12800 DDR3 1.5V UDIMM"" "" Corsair 1 x 8GB PC3-12800 DDR3 1.5V UDIMM Memory Module\', \'title\': \'Cors"
3161,{'Output': 'mismatch'},"\', \'Capacity\': \'300GB\', \'Interface Type\': \'Fibre Channel\', \'description\': \'  \""518736-001 HP 300GB 10K Fibre Channel HDD\"" \""Null\""   \""Description:HP 300GB 10K Fibre Channel HDD (Enterprise Class)\""', \"
3162,{'Output': 'mismatch'},"category\': \'Intel Core i5\', \'brand\': \'Intel\', \'sku\': \'bx80677i57500\', \'type\': \'Processor\', \'description\': \'  \""7th Generation Intel® Core™ i5 7500 3.4GHz Socket LGA1151 (Kaby"
3163,{'Output': 'mismatch'},"'454141-002 HP 500-GB 7.2K 3.5 SATA\', \'category\': \'Price\', \'subcategory\': \'\', \'brand\': \'New\', \'sku\': \'454141-002-2Pack\', \'type\': \'Description:500GB"
3164,{'Output': 'mismatch'},"0,-\', \'Pakketpost (vanaf € 10,-)\': \'€ 0,-\', \'Pakketpost (vanaf € 29,-)\': \'€ 0,-\', \'Pakketpost (vanaf € 100,-)\': \'€ 0,-\', \'Pakketpost (vanaf € 10,-)\': \'€"
3165,{'Output': 'mismatch'},"4 cores\', \'description\': \'  ""AMD - Ryzen 5 3600 6-Core 3.0GHz/4.2GHz AM4 Boxed Processor"" ""AMD Ryzen 5 3600 6-Core 3.0GHz/4.2GHz AM4 Boxed Processor"" ""AMD Ryzen 5 3600"
3166,{'Output': 'mismatch'},"DDR3 4 GB DIMM 240-pin Kingston HX316C10F/4\', \'sku\': \'HX316C10F/4\', \'type\': \'Kingston HyperX Fury 4GB DDR3 240-pin SDRAM Memory Module\', \'description2\': \'  ""Kingston"
3167,{'Output': 'mismatch'},"\', \'description\': \'  ""HP BD03656ABA 36.4GB Fibre Channel Hard Drive"" ""HP StorageWorks HDD - BD03656ABA"" ""New 36.4GB Fibre Channel Hard Drive  ""New 36.4GB Fibre Channel Hard Drive  ""New 36.4GB Fibre Channel Hard Drive"
3168,{'Output': 'mismatch'},"\'Controller Type\': \'General I/O\', \'Interface\': \'Serial\', \'Interface Type\': \'Proprietary\', \'System Type\': \'PC (Intel x86 Compatible)\', \'Dimensions (HxWxD)\': \'3.3 in x 3.3 in x 1 in\', \'Weight\': \'0.1"
3169,{'Output': 'mismatch'},"\'Description:5 Pack Wholesale\', \'Native Capacity\': \'72GB\', \'Data Transfer Rate\': \'300MB/s\', \'Form Factor\': \'3.5 inches x 1/3H (Low Profile)\', \'description\': \'  ""417190-002 HP 72-GB 15K"
3170,{'Output': 'mismatch'},"'Products ID\': \'15399\', \'Product Type\': \'HBA\', \'description\': \'  \""HP StorageWorks HBA 347786-B21 PCI-E 2 x 2GB Fibre Channel Host Bus Adapter\""@en ""New HP StorageWorks HBA 347786-B21 PCI-E"
3171,{'Output': 'mismatch'},"800 1600MHz CL9 204-pin SODIMM Memory Module""@en Module (CMSX8GX3M2A1600C9)""@en\', \'title\': \'Corsair Vengeance SODIMM 8GB (2x4GB) DDR3 PC3-12800 1600MHz CL9"
3172,{'Output': 'mismatch'},"G3 USB 3.0 Flash Drive (DT100G3/32GB) - PCDIGA""@pt  ""A\', \'description\': \'  ""Kingston 32GB DataTraveler 100 G3 USB 3.0 Flash Drive (DT100G3/32GB) - PCDIGA""@pt  ""A\', \'title\':"
3173,{'Output': 'mismatch'},"\', \'Sub-Category\': \'RAM\', \'Generation\': \'DDR3\', \'Part Number\': \'331561041\', \'Products ID\': \'200012\', \'Product Type\': \'Memory\', \'Memory Type\': \'DDR3\', \'Memory Size\': \'1"
3174,{'Output': 'mismatch'},"{""Output"": ""match""}"
3175,{'Output': 'mismatch'},"RIME B250M-PLUS microATX LGA1151 Intel B250 DDR4 SATA 3', \'sku\': \'90MB0SI0-M0EAY0, primeb250mplus\', \'type\': \'Motherboard\'}', 'Entity_2': '{\'title\': \'ASUS PRIME B25"
3176,{'Output': 'mismatch'},"Type\': \'SDHC\', \'Type SDHC\': \'SDHC\', \'description\': \'  ""SDSDUNC-064G-GN6IN Sandisk Ultra SDHC Class 10 UHS-I 80MB/s 64GB"" ""Null"" Price SDSDUNC-064G-GN6IN"" ""New SDSDUNC-06"
3177,{'Output': 'mismatch'},"\'BX80677I77700\', \'description\': \'  \""Intel Core i7-7700 3,6GHz Quad-Core Processor - Boxed\""@en, \'title\': \'Intel Core i7-7700 3,6GHz Quad-Core Processor - Boxed\""@en, \'subcategory\"
3178,{'Output': 'mismatch'},"\'subcategory\': \'New 431943-003 SAS 2 Pack Wholesale Price\', \'brand\': \'HP\', \'sku\': \'431943-003\', \'type\': \'Hard Drive\', \'description\': \'  ""431943-003 HP 146"
3179,{'Output': 'mismatch'},"\', \'description\': \'  \""578229-B21 HP 256MB P411i RAID Controller\""', \'title\': \'578229-B21 HP 256MB P411i RAID Controller\', \'sku\': \'578229b21\', \'type\':"
3180,{'Output': 'match'},"\': \'\', \'brand\': \'Corsair\', \'sku\': \'csr4gxms3\', \'type\': \'RAM\', \'description\': \'  \""Corsair XMS3 - DDR3 8 GB : 2 x 4 DIMM 240-pin\""@en  ""Corsair XMS3 - DDR"
3181,{'Output': 'mismatch'},"\', \'description\': \'  ""HP 146GB 10K SAS Hard Drive"" ""Null""   ""Description:146GB 10K SAS Hard Drive""', \'title\': \'HP 146GB 10K SAS Hard Drive\', \'sku\': \'hp430165003\', \'type\': \"
3182,{'Output': 'mismatch'},"\'description\': \'  ""376596-001-5Pack HP 36GB 10K SAS Hard Drive"" ""Null""   ""Description:36GB 10K SAS Hard Drive""  ""Description:36GB 10K SAS Hard Drive""  ""Description:36GB 10K SAS Hard Drive""  ""Description:36GB 1"
3183,{'Output': 'mismatch'},"\': \'Lifetime\', \'description\': \'  ""Corsair XMS3 4GB (2x2GB) DDR3 1333MHz 9-9-9-24 CL Dual Channel Kit ""@en 2x2GB | TXM3\""@en 2x2GB | TXM3\""@en 2x2GB | TXM3\""@en 2"
3184,{'Output': 'mismatch'},"': \'\', \'sku\': \'hpdg0300farvv\', \'type\': \'Description:300GB 2.5-inch Serial Attached SCSI (SAS) SFF6GB Dual Port Hot-Plug 10K Hard Disk Drive\', \'formFactor\': \'2.5 inch\', \'description_short\': \'3"
3185,{'Output': 'mismatch'},"'[457411hp]\', \'brand\': \'HP\', \'category\': \'Printers & Accessories\', \'description\': \'  \""HP DG0300 Faraday Cage for HP LaserJet Pro M201n, M203n, M203dw, M203dn, M203dw, M20"
3186,{'Output': 'mismatch'},"': \'  ""Crucial 8GB PC4-17000 288-pin DDR4 SDRAM UDIMM"" "" Crucial 288-pin CT8G4DFS8213 System Memory (RAM) CDW.com  ""In\', \'description\': \'  ""Crucial 8GB PC4-17000 288"
3187,{'Output': 'mismatch'},"M2C3000C15 16GB (2 x 8GB) DDR3 1600MHz\', \'Uitvoering\': \'Corsair Vengeance LED CMU16GX4M2C3000C15 16GB (2 x 8GB) DDR3 1600MHz\', \'EAN\':"
3188,{'Output': 'mismatch'},"'€ 12,95\', \'Pakketpost DHL\': \'€ 12,95\', \'Pakketpost UPS\': \'€ 12,95\', \'description\': \'  ""Asus Xonar Essence STX II 7.1 Asus Xonar Essence STX II 7.1\', \'title\':"
3189,{'Output': 'mismatch'},"KVR13N9S8HK2/8 - Prijzen ""@NL Tweakers""@NL"" ""Null"" Price 355028"" ""Kingston ValueRAM KVR13N9S8HK2/8"" ""Kingston ValueRAM KVR13N9S8HK2/8"" ""Kingston ValueRAM KVR13N9S8HK2/"
3190,{'Output': 'mismatch'},"post Nederland\': \'€ 0,-\', \'iDeal\': \'€ 0,-\', \'Totaal\': \'€ 108,75\', \'description\': \'  ""NZXT S340 Elite CA-S340W-B3 | SCAN UK""@en  ""NZXT S340 Elite CA-S3"
3191,{'Output': 'mismatch'},"Triple Antenna Network Adapter Card 802.11B/G/N 2.4GHZ MIMO PCI NCIX""@en, ""TP-Link TL-WN951N PCI Wireless N Adapter""@en Prices - Newegg.com\', \'description\': \'  ""TP-Link TL-WN951N PCI Wireless N Adapter""@"
3192,{'Output': 'mismatch'},"brand\': \'HP\', \'category\': \'Null\', \'Category\': \'Proliant Processor\', \'Sub-Category\': \'Xeon\', \'Generation\': \'G6\', \'Part Number\': \'500660-B21\', \'Products ID\': \'459569\', \'"
3193,{'Output': 'mismatch'},"29,95\', \'description\': \'  ""GIGABYTE BRIX GB-BXBT-2807 AMD A10-5800K APU 3.8GHz 16GB DDR3 240GB SSD 802.11ac WiFi 2.5 inch HDD Bay Mini Desktop PC"" \', \'title\':"
3194,{'Output': 'mismatch'},"i7-7700K Boxed - Prijzen ""@NL Tweakers""@NL\', \'description\': \'  ""Intel Core i7-7700K Boxed""@en i7-7700K (BX80677I77700K)""@en Processor\', \'title\': \'Intel Core i7-7700"
3195,{'Output': 'mismatch'},"600 series\', \'brand\': \'HP\', \'sku\': \'667805b21\', \'type\': \'Description:HP Intel Xeon E5-2603 1.8GHz BL460c G8(1.8GHz/4-core/16MB/80W)Full Processor Option\', \'"
3196,{'Output': 'match'},"{""Output"": ""match""}"
3197,{'Output': 'mismatch'},"\', \'description\': \'  ""Crucial CT500BX100SSD1 1GB 240-Pin DDR2 SDRAM Unbuffered Memory Module - Silver\', \'title\': \'Crucial CT500BX100SSD1 1GB 240-Pin DDR2 SDRAM Unbuffered Memory Module - Silver\',"
3198,{'Output': 'mismatch'},"ltra320 NHP\', \'sku\': \'34098072pack\', \'type\': \'Hard Drive\'}', 'Entity_2': '{\'title\': \'340-9807 Dell 73GB Ultra320 NHP 15K\', \'category\': \'Data Storage\', \'subcategory\':"
3199,{'Output': 'mismatch'},"ard Enterprise\', \'sku\': \'340769001\', \'type\': \'Description:DLT 20/40GB Internal 20GB tape drive\', \'description\': \'  ""340769-001 Hewlett Packard Enterprise SP/CQ Drive DLT 20/40GB Internal 20GB tape drive"
3200,{'Output': 'mismatch'},"{""Output"": ""match""}"
3201,{'Output': 'mismatch'},"': \'  ""Corsair Vengeance LED CMU16GX4M2A2666C16R - Prijzen""   ""Corsair Vengeance LED 16GB (2x8GB) DDR4 2666MHz Dual Channel Kit"" ""New Corsair Vengeance LED 16GB (2x8GB) DDR4 2666"
3202,{'Output': 'mismatch'},"'description\': \'  ""Corsair Vengeance LPX 16GB (2 x 8GB) DDR4 PC4-24000 3000MHz Dual Channel Kit ""@en 2 x 8GB | CMD16GX4M2B3000C15\', \'title\': \'Corsair Vengeance LPX 16GB"
3203,{'Output': 'match'},"\'/mpn\': \'[wds100t1b0]\', \'brand\': \'Western Digital\', \'category\': \'Hard Drive\', \'Sub-Category\': \'7.2K\', \'Generation\': \'SATA\', \'Part Number\': \'WD100T1B0-0A\', \'Product ID\"
3204,{'Output': 'mismatch'},"00.4GB 3.5-inch 3Gb/s 7200RPM Hard Drive\', \'brand\': \'Seagate\', \'sku\': \'st31000524ns\', \'type\': \'Hard Drive\', \'description\': \'  ""ST31000524NS Seagate 1-"
3205,{'Output': 'mismatch'},"\'Crucial\', \'category\': \'Null\', \'Category\': \'Memory\', \'Sub-Category\': \'Solid State Drive\', \'Generation\': \'SSD\', \'Part Number\': \'CT500BX100SSD1\', \'Products ID\': \'112111\', \'Type\"
3206,{'Output': 'match'},"60 Processor (6MB Cache, up to 3.4 GHz) - Prijzen ""@NL Tweakers""@NL\', \'title\': \'4th Generation Intel® Core™ i5 4460 Processor (6MB Cache, up to 3.4 GHz) - Prijzen ""@NL Tweakers""@NL\', \'subcategory\': \'\', \'sku"
3207,{'Output': 'mismatch'},"Internal Solid State Drive - Retail \', \'sku\': \'kin30012\', \'type\': \'Internal Solid State Drive\', \'subcategory\': \'Kingston SSDNow V300 Series\', \'manufacturer\': \'Kingston Technology\', \'manufacturer part number\': \'sv300s37a120"
3208,{'Output': 'mismatch'},"category\': \'Cooling\', \'Categorie\': \'Koeling\', \'Merk\': \'Cooler Master\', \'Product\': \'MasterBox Q300L\', \'Uitvoering\': \'WLED\', \'EAN\': \'843591043830\', \'SKU\':"
3209,{'Output': 'mismatch'},"3n9s8hk28\', \'type\': \'ValueRAM\', \'description\': \'  ""Kingston ValueRAM KVR13N9S8HK2/8 - Prijzen ""@NL Tweakers""@NL""@en  ""Kingston ValueRAM KVR13N9S8HK2/8 - Prijzen ""@NL Tweakers""@"
3210,{'Output': 'mismatch'},"666C16R\', \'Tweakers ID\': \'311111\', \'Productprijs\': \'€ 159,90\', \'Opsturen Nederland t/m € 200,-\': \'€ 6,95\', \'iDeal\': \'€ 0,-\', \'Totaal\':"
3211,{'Output': 'mismatch'},"5-031 256MB 168-pin PC133 CL3 18c 32x4 1Rx4 3.3V ECC RDIMM RFB"" ', \'title\': \'INFINEON 127005-031 ACD 256MB 168p PC133 CL3 18c 32"
3212,{'Output': 'mismatch'},"5, Windforce 2X Cooling, GV-N1060IXOC-6GD"" ""Null""   ""Description: Gigabyte GeForce GTX 1060 Mini ITX PCIe 3.0 x16 Overclocked Graphics Card, 6GB GDDR5, Windforce 2X Cooling, GV-N1060IXOC-6GD"" ""Null"""
3213,{'Output': 'mismatch'},"Switches\', \'Category\': \'KVM Switches\', \'Sub-Category\': \'KVM USB Switches\', \'Generation\': \'USB 2.0\', \'Part Number\': \'336047-B21\', \'Products ID\': \'461241\', \'Capacity\': \'16 Ports\"
3214,{'Output': 'mismatch'},"1080 gaming x 8g\'], \'type\': \'GeForce GTX 1080 GAMING X 8G\', \'description\': \'  ""MSI GeForce GTX 1080 GAMING X 8G""@en GeForce GTX 1080 GAMING X 8G\', \'title\': \'MSI GeForce"
3215,{'Output': 'mismatch'},"{""Output"": ""mismatch""}"
3216,{'Output': 'mismatch'},"{""Output"": ""mismatch""}"
3217,{'Output': 'mismatch'},"1\', \'Product ID\': \'455693_HP_HardDrives\', \'Type\': \'Hard Drive - Hot-Swap\', \'Form Factor\': \'3.5 inches x 1/3H\', \'Capacity\': \'146GB\', \'Interface Type\': \'Serial Attached SCSI\', \'description\':"
3218,{'Output': 'mismatch'},"\'584394\', \'Productprijs\': \'€ 149,99\', \'Pakketpost tot € 99,-\': \'€ 3,95\', \'iDeal\': \'€ 0,-\', \'Totaal\': \'€ 157,94\', \'Pakketpost DPD"
3219,{'Output': 'mismatch'},"K APU Processor - Dual Core 3.10GHz Base Clock 128MB Integrated Graphics OCZ Technology Group\', \'category\': \'\', \'subcategory\': \'\', \'brand\': \'""AMD""\', \'sku\': \'\', \'type\': \'Processor\', \'description\': \'  ""AMD A6"
3220,{'Output': 'mismatch'},"', \'description\': \'  ""WD10PURX 1TB WD Purple Performance Hard Drive""@en ""▷ WD Purple 1TB (WD10PURX) 3.5-inch 7200RPM SATA 6Gb/s Hard Drive""@en  ""WD Purple Performance Hard Drive 1TB (WD10PURX)"
3221,{'Output': 'mismatch'},"huizingen\', \'Merk\': \'Cooler Master\', \'Productserie\': \'MasterBox\', \'Product\': \'MasterBox Q300L\', \'Uitvoering\': \'Black\', \'EAN\': \'0843591047258\', \'SKU\': \'CC9011"
3222,{'Output': 'mismatch'},"001 HP 400-GB 6G 2.5 SAS SLC SSD\', \'category\': \'Null\', \'subcategory\': \'Price\', \'brand\': \'HP\', \'sku\': \'653078-001\', \'type\': \'New 653078-001 S"
3223,{'Output': 'mismatch'},"'667805-B21 HP Intel Xeon E5-2603 1.8GHz BL460c G8\', \'subcategory\': \'Description:1 x Intel Xeon E5-2603 1.8GHz 4-Core 1MB 10MB 64-bit Processor\', \'sku\': \'6"
3224,{'Output': 'mismatch'},"{""Output"": ""mismatch""}"
3225,{'Output': 'mismatch'},"020PKIT 2-port Gigabit Passthrough Powerline Starter Kit\', \'subcategory\': \'Powerline Adapters\', \'brand\': \'TP-Link\', \'sku\': \'tlpa7020pkit\', \'type\': \'Powerline Adapter\'}', 'Entity_2': '{\'title\': \'TP"
3226,{'Output': 'mismatch'},"\'Manufacturer\': \'Apple\', \'Category\': \'Accessories\', \'Sub-Category\': \'Official Apple Accessories\', \'Description\': \'  \""Official Apple Accessory for iPad Mini 4 and iPad Mini 4 LTE\""  ""Official Apple Accessory for iPad Mini 4 and iPad Mini 4 LTE\""', \'title\': \'Off"
3227,{'Output': 'mismatch'},"T420 14\"" Laptop - 2.5GHz Intel Core i5-2520M 4GB RAM 144GB HDD 14\"" WXGA (1366 x 768) LCD 3-Cell 45W Battery"" ""Open Box Lenovo ThinkPad T420 14\"" Laptop - 2.5GHz Intel"
3228,{'Output': 'mismatch'},"type\': \'Wireless Network Adapter\', \'description\': \'  ""TP-LINK TL-WN781ND - network adapter""@en TL-WN781ND – CDW.com\', \'description\': \'  ""TP-LINK TL-WN781ND - network adapter""@en TL-WN781ND – CDW.com\', \'description\':"
3229,{'Output': 'mismatch'},"{""Output"": ""match""}"
3230,{'Output': 'mismatch'},"\'sku\': \'co90500099ww\', \'type\': \'Cooling Fan\', \'description\': \'  ""Corsair Air Series AF140 LED White Quiet Edition High Airflow 140mm Fan Fan - CO-9050009-WW NCIX US\', \'description\': \'  """
3231,{'Output': 'mismatch'},"\'439874\', \'Productprijs\': \'€ 21,99\', \'Briefpost Nederland\': \'€ 0,-\', \'iDeal\': \'€ 0,-\', \'Totaal\': \'€ 28,94\', \'Pakketpost Nederland\': \'€ 0,-\', \"
3232,{'Output': 'mismatch'},"Type\': \'Proliant\', \'price\': \'""USD"", ""$129.95""\', \'description\': \'  ""495605-B21 HP 64GB (8 x 8GB) DDR II SDRAM 240-pin DIMM 667MHz (PC2-5300) Server Memory"" ""Proli"
3233,{'Output': 'mismatch'},"category\': \'BD03655B28 HDD Wholesale Price BD03655B28-10Pack\', \'sku\': \'bd03655b28, bd03655b2810pack\', \'type\': \'Hard Drive\'}', 'Entity_2': '{\'title\': \'BD0"
3234,{'Output': 'mismatch'},"€ 0,-\', \'Pakketpost (vanaf € 25,-)\': \'€ 0,-\', \'Pakketpost (vanaf € 35,-)\': \'€ 0,-\', \'Pakketpost (vanaf € 40,-)\': \'€ 0,-\', \'Pakketpost (vanaf € 45,-)\': \'"
3235,{'Output': 'mismatch'},"308724-001\', \'sku\': \'308724001\', \'type\': \'Proliant DL360R G3 Xeon 2.8GHz 512MB\', \'manufacturer\': \'Hewlett Packard\', \'manufacturer_part_number\': \'308"
3236,{'Output': 'match'},"x8GB) DDR4 PC4-19200C14 2400MHz Dual Channel Kit - Black (CMK16GX4M2A24)""@en Corsair Vengeance LPX 16GB (2x8GB) DDR4 PC4-19200C14 2400MHz Dual Channel Kit - Black (CMK1"
3237,{'Output': 'mismatch'},"6Gb/s\', \'subcategory\': \'P421/2GB\', \'sku\': \'631674b21\', \'type\': \'HPE Smart Array P421/2GB with FBWC - storage controller (RAID) SATA 6Gb/s\', \'price\': \'""$1299.9"
3238,{'Output': 'mismatch'},"b21\', \'Description\': \'Intel Xeon Processor 5110 2.00GHz 2M Cache 1066MHz FSB LGA771\', \'description\': \'  ""HP - Intel Xeon Processor 5110 2.00GHz 2M Cache 1066MHz FSB LGA7"
3239,{'Output': 'mismatch'},"111\', \'Drive Capacity\': \'120 GB\', \'Compression\': \'(Native/Uncompressed)\', \'Data Storage Device Type\': \'SAS (Server Attached Storage)\', \'Hard Drive Device Type\': \'Solid State Drive for server/storage unit (HP)\', \'Data Transfer Rate\': \'250MB/s\', \"
3240,{'Output': 'match'},"', \'Voltage\': \'1.5V\', \'description\': \'  ""500670-B21 HP 2GB 1333MHz Unbuffered ECC DIMM DDR3 240-pin SDRAM (DIMM) 1.5V""@en Memory LN66493 - 500670-B"
3241,{'Output': 'mismatch'},"306645-003 SCSI 15K 2Pack\', \'type\': \'Hard Drive - Hot-Swap\', \'description\': \'  ""306645-003 HP 72.8-GB U320 SCSI 15K"" Price 306645-003"" ""New 30664"
3242,{'Output': 'mismatch'},"\', \'type\': \'Barebone PCs\'}', 'Entity_2': '{\'title\': \'Gigabyte GB-BACE-3150 PC/estación de trabajo barebone\', \'category\': \'\', \'subcategory\': \'\', \'brand\': \'Gigabyte\', \'sku\': \'gbbace3"
3243,{'Output': 'mismatch'},"': \'€ 3,95\', \'Pakketpost vanaf \' : \'€ 1,99\', \'Pakketpost (vanaf \' : \'€ 1,99\', \'Pakketpost (vanaf \' : \'€ 1,99\', \'Pakketpost (vanaf \' : \'€ 1,99"
3244,{'Output': 'match'},"04712-001\', \'type\': \'8GB DDR3 SODIMM 1333MHz\', \'description\': \'  ""HP 404712-001, 146,8GB""@en  ""HP 404712-001 146,8GB""@en  ""HP"
3245,{'Output': 'mismatch'},"'sdsdu016g,  sdsdu016gu46\', \'Type\': \'SDHC\', \'Type SDHC\': \'SDHC\', \'Type SDHC (UHS-I)\': \'SDHC (UHS-I)\', \'Type SDHC (UHS-I) 30MB/s\': \'SDHC (UHS-I"
3246,{'Output': 'mismatch'},"Failure Warranty\': \'Yes\', \'Hot Swap Tray\': \'Included/Attached\', \'description\': \'  ""HP 432094-B21 146-GB 15K 3.5 DP SAS"", ""Null"" ""New 432094-B21 SAS 5Pack Wholesale Price"
3247,{'Output': 'mismatch'},"{""Output"": ""mismatch""}"
3248,{'Output': 'mismatch'},"/2G 2GB DDR2 800MHz CL5 SODIMM 240-Pin\', \'title\': \'Kingston KTH-ZD8000C6/2G 2GB DDR2 800MHz CL5 SODIMM 240-Pin\', \'subcategory\': \'\', \'brand\': \'Kingston"
3249,{'Output': 'mismatch'},"165003\', \'type\': \'Hard Drive\', \'description\': \'  ""430165-003 HP 146-GB 3G 10K 2.5 DP SAS 2 Pack ""New 430165-003 HDD Wholesale Price 430165-003"" ""New"
3250,{'Output': 'match'},"0M\', \'title\': \'Zotac NVIDIA GeForce GTX 1060 6GB AMP Edition Graphics Card\', \'subcategory\': \'LN73721\', \'brand\': \'Zotac\', \'sku\': \'ZT-P10600B-10M\', \'type\': \"
3251,{'Output': 'mismatch'},"(2x1GB) PC2-5300 SDRAM Kit"", \'title\': \'408851-B21 HP 2GB (2x1GB) PC2-5300 SDRAM Kit\', \'subcategory\': \'Memory & Storage\', \'sku\': \'408851b21\', \'type\': \"
3252,{'Output': 'match'},"'type\': \'Hard Drive Hot-Swap\', \'description\': \'  ""230534-B21 HP 40-GB Ultra ATA 100 7.2K"" ""Null""   ""Description: 40GB Ultra ATA/100 7200 RPM DriveH\', \'sku\': \'23053"
3253,{'Output': 'mismatch'},"60 G1 Gaming 3G 4GB GDDR5 PCI Express Graphics Card"" Card (GV-N1060G1 GAMING-3G) PCPartPick\', \'title\': \'Gigabyte NVIDIA GeForce GTX 1060 G1 Gaming 3G 4GB GDDR5 PCI Express Graphics Card\', \'subcategory\':"
3254,{'Output': 'mismatch'},"5,-\)\': \'€ 0,-\', \'Pakketpost (vanaf € 10,-)\': \'€ 0,-\', \'Pakketpost (vanaf € 5,-)\': \'€ 0,-\', \'Pakketpost (vanaf € 3,-)\': \'€ 0,-\', \'Pakketpost (vanaf € 2,-"
3255,{'Output': 'mismatch'},"'Samsung\', \'category\': \'Hard Drives\', \'Manufacturer\': \'Samsung\', \'Part Number\': \'381817001\', \'EAN\': \'0853164232732\', \'Condition\': \'New\', \'description\': \'  \""Sams"
3256,{'Output': 'mismatch'},"11719, 0740617211719\', \'description\': \'  ""Kingston DataTraveler 100 G3 32GB Zwart"" ""Null""   ""Description:Kingston DataTraveler 100 G3 32GB Zwart"" ""Null""   ""Description:Kingston DataTraveler 100 G3"
3257,{'Output': 'mismatch'},"Hard Drive - Hot-Swap\', \'description\': \'  ""ST31000340AS Seagate 1-TB 7.2K 3.5 3G SATA HDD"" ""Null""   ""Description:Seagate Barracuda 1TB Hot-Plug Serial ATA (SATA) NCQ 3.0Gb/s 7200"
3258,{'Output': 'mismatch'},"ORY 1GB PC2-5300 1X1GB""@en ""Description:1GB PC2-5300 1X1GB\', \'title\': \'HP, 432804-B21, MEMORY 1GB PC2-5300 1X1GB\', \'subcategory\': \'Genuine HP Memory\', \'"
3259,{'Output': 'mismatch'},"g0300far]\', \'brand\': \'HP\', \'category\': \'HP 457411-H P/N -457411-H\', \'Manufacturer\': \'HP\', \'Model\': \'DG0300FAR\', \'Description\': \'HP 457411-H P"
3260,{'Output': 'mismatch'},"Express Graphics Card"" ""Gigabyte GeForce GTX 1060 Mini ITX OC 6G""   """
3261,{'Output': 'mismatch'},"ewlett Packard\', \'description\': \'  \""432094-B21 HP 146-GB 15K 3.5 DP SAS HDD\"" \""HP 432094-B21 Part# -432094-B21\""  \""Description:146GB \""HP 432094-B21 Part"
3262,{'Output': 'match'},"', \'category\': \'Tablet-accessoires\', \'subcategory\': \'Tablet Cases & Covers\', \'brand\': \'Apple\', \'sku\': \'MQ0G2ZM/A\', \'type\': \'Smart cover\', \'description\': \'  ""Apple Smart flip cover for tablet"" "" Tablet C"
3263,{'Output': 'mismatch'},"{""Output"": ""match""}"
3264,{'Output': 'mismatch'},"'3852111111111\', \'brand\': \'3M\', \'category\': \'StorageWorks\', \'Sub-Category\': \'Fibre Channel\', \'Generation\': \'FC\', \'Part Number\': \'TLSF1008D\', \'Products ID\': \'142198"
3265,{'Output': 'match'},"X2-32GB\', \'Tweakers ID\': \'432883\', \'Productprijs\': '\u20ac 42,96\', \'Pakketpost NL DPD\': '\u20ac 2,50\', \'iDeal\': '\u20ac 0,-', \'Totaal\': '\u2"
3266,{'Output': 'mismatch'},"TIMATE FLASH MEMORY CARD\', \'category\': \'Kingston SDXC SDA10/64GB Flash Memory Cards\', \'subcategory\': \'Kingston SDXC SDA10/64GB Flash Memory Cards\', \'brand\': \'Kingston\', \'sku\': \'sda1064gb\', \'type\"
3267,{'Output': 'mismatch'},"Part Number\': \'629135-B21\', \'Products ID\': \'461053\', \'Manufacturer\': \'HP\', \'Network Controller\': \'Broadcom BCM5719\', \'Host Interface\': \'PCI Express x4\', \'Network Technology\': \'10 100 1"
3268,{'Output': 'match'},"647594-B21 HPE 331T - network adapter"" ""Description:HPE 331T - network adapter"" ""HPE adapter 647594-B21 Ethernet Adapters CDW.com 647594-B21 HPE 331T - network adapter"" ""Description:HPE 331T - network adapter"""
3269,{'Output': 'mismatch'},"ual Port Hot-Plug 15K Hard Disk Drive\', \'brand\': \'HP\', \'sku\': \'430169-002\', \'type\': \'Description:72GB 2.5-inch Serial Attached SCSI (SAS) SFF3G Dual Port Hot-Plug 15K Hard Disk Drive\', \'"
3270,{'Output': 'mismatch'},"\'description\': \'  ""Corsair Vengeance LED 16GB (2x8GB) DDR4 PC4-24000 3000MHz Dual Channel Kit""@en 2x8GB | CMU32GX4M4C3000C15\', \'title\': \'Corsair Vengeance LED 16GB (2"
3271,{'Output': 'mismatch'},"{""Output"": ""match""}"
3272,{'Output': 'mismatch'},"{""Output"": ""mismatch""}"
3273,{'Output': 'mismatch'},"Drive Controllers\', \'Sub-Category\': \'Smart Array\', \'brand\': \'HP\', \'Part Number\': \'631667-B21\', \'Products ID\': \'461056\', \'Manufacturer\': \'HP\', \'Product Type\': \'Storage Controller\', \'Host Interface\"
3274,{'Output': 'mismatch'},"{""Output"": ""mismatch""}"
3275,{'Output': 'mismatch'},"61-005-2Pack"" ""Description:Storageworks 72.8-GB 10K FC-AL Hard Drive Hot-Swap 359461-005"" ""Null"" ""Description:Storageworks 72.8-GB 10K FC-AL Hard Drive Hot-Swap 359461-005"" ""Description:Storageworks 72."
3276,{'Output': 'match'},"0001]\', \'brand\': \'Dell\', \'category\': \'\', \'Category\': \'Computers\', \'Sub-Category\': \'Desktops\', \'Generation\': \'Intel Core i5\', \'Part Number\': \'MZ750001\', \'Products ID\': \'45828"
3277,{'Output': 'mismatch'},"{""Output"": ""mismatch""}"
3278,{'Output': 'mismatch'},"-SC HP G8 G9 2-TB 6G 7.2K 3.5 SATA SC"" ""New 658102-001-SC HP G8 G9 2-TB 6G 7.2K 3.5 SATA SC""  \'}', 'Entity_2': '{\'title\': \'658102-001"
3279,{'Output': 'match'},"{\'/sku\': \'[376596001]\', \'/mpn\': \'[376596001]\', \'brand\': \'HP\', \'category\': \'\', \'Category\': \'Proliant HardDrive\', \'Sub-Category\': \'10K\', \'Generation\': \'"
3280,{'Output': 'mismatch'},"\': \'455462\', \'Storage Capacity\': \'4GB (2 x 2GB)\', \'Technology\': \'DDR II SDRAM\', \'Form Factor\': \'DIMM 240-pin\', \'Memory Speed\': \'800MHz (PC2-6400)\', \'Application\': \"
3281,{'Output': 'mismatch'},"\'Description:HP 157866-001 1-Pack\', \'Generation\': \'ML110\', \'Part Number\': \'157866-001\', \'Products ID\': \'141809\', \'Technology\': \'DDR RAM\', \'Capacity\': \'512"
3282,{'Output': 'mismatch'},"{""title"": ""HP 1Gb 4-Port 331T Adapter PCI Express x4""}"
3283,{'Output': 'mismatch'},"Briefpost België\': \'€ 0,-\', \'description\': \'  ""Kingston Class 10 UHS-I SDXC 64GB SD10VG264GB"" Kingston Class 10 UHS-I SDXC 64GB SD10VG264GB\', \'title\': \'Kingston Class 10 UHS-"
3284,{'Output': 'mismatch'},"subcategory\': \'\', \'brand\': \'HP\', \'sku\': \'287497b21\', \'type\': \'Registered 266MHz DDRPC2100 ECC SDRAM Memory Kit\', \'description\': \'  \""287497-B21 HP 1GB 266MHz"
3285,{'Output': 'match'},"{""Output"": ""mismatch""}"
3286,{'Output': 'mismatch'},"u\': \'430169-002\', \'type\': \'Hard Drive - Hot-Swap\', \'description\': \'  ""430169-002 HP 72-GB 3G 15K 2.5 DP SAS HDD""  ""430169-002 Part# -43016"
3287,{'Output': 'mismatch'},"'BL20\', \'Part Number\': \'323146-B21\', \'Products ID\': \'461052\', \'Manufacturer\': \'HP\', \'description\': \'  ""Null"", ""323146-B21 HP BL20 BIOS Update Module"" ""New 323146"
3288,{'Output': 'mismatch'},"0169-002""  ""Description:72GB 2.5-inch Serial Attached SCSI (SAS) SFF3G Dual Port Hot-Plug 15K Hard Disk Drive""  ""Description:72GB 2.5-inch Serial Attached SCSI (SAS) SFF3G Dual Port Hot-Plug 15K Hard Disk Drive""  ""Description"
3289,{'Output': 'mismatch'},"470\', \'description\': \'  ""AMD A8-5400K APU 3.60GHz Quad-Core Processor""@en AMD A8-5400K APU 3.60GHz Quad-Core Processor\', \'title\': \'AMD A8-5400K APU 3.60GHz Quad"
3290,{'Output': 'mismatch'},"L3 cache/32nm) Processor\', \'description2\': \'  ""New 643772-B21 Wholesale Price 643772-B21"" ""HP Intel™ Xeon™ E7-4830 BL680c G7(2.13GHz/8-core/24MB L3 cache/32nm) Process"
3291,{'Output': 'mismatch'},"76mm x 152mm x 32mm)\', \'description\': \'  ""HP 430165-003-10Pack""@en  ""HP 146GB 10K SAS Internal Hard Drive Pack of 10"" \', \'title\': \'HP 146GB 10K SAS Internal Hard Drive Pack of 10"
3292,{'Output': 'match'},"2GB Vengeance LPX DDR4 3200MHz RAM/Memory Kit 4x 8GB\', \'subcategory\': \'RAM\', \'brand\': \'Corsair\', \'sku\': \'CMK32GX4M4B3200C16\', \'type\': \'RAM\', \'description\':"
3293,{'Output': 'mismatch'},"{""Output"": ""mismatch""}"
3294,{'Output': 'mismatch'},".5 DP SAS HDD\', \'subcategory\': \'New 430165-003 SAS 10 Pack Wholesale Price 430165-\', \'sku\': [\'43016500310pack\', \'430165003\'], \'type\': \'2.5-inch"
3295,{'Output': 'mismatch'},"2 bytes\', \'description\': \'  ""ST2000NM0011-10Pack Seagate 2TB 7200RPM 6Gb/s SATA 3.5 inches Hard Drive""@en Hard Drive - Hot-Swap - Gen8 LN82006 - ST2000NM0011-10Pack\', \'title"
3296,{'Output': 'mismatch'},match]
3297,{'Output': 'mismatch'},"{""Output"": ""mismatch""}"
3298,{'Output': 'match'},")\', \'Spindle Speed\': \'7200RPM\', \'Native Command Queuing\': \'Supported\', \'Bytes/Sector\': \'512\', \'description\': \'  ""658102-001 HP G8 G9 2TB 6G 7.2K 3.5 SATA SC""   ""Description:"
3299,{'Output': 'mismatch'},",-\', \'description\': \'  ""Intel Core i3-6300 3.5GHz Dual-Core Processor 65W Boxed""@en ""Intel Core i3-6300 3.5GHz Dual-Core Processor 65W Boxed""@en ""Intel Core i3-6300 3.5GHz Dual-Core"
3300,{'Output': 'match'},"21]\', \'/mpn\': \'[st3100034021]\', \'brand\': \'Seagate\', \'category\': \'\', \'Category\': \'Seagate HardDrive\', \'Sub-Category\': \'7.2K\', \'Generation\': \'SATA\', \'Part Number\': \'"
3301,{'Output': 'mismatch'},"000 Mbps 2-Port Gigabit Passthrough Powerline Adapters - Twin Pack with RJ45 Cable"" ""AV1000P"" ""Powerline Adapters""   ""Description:2 x TP-Link AV1000P 1000 Mbps 2-Port Gigabit Passthrough Powerline Adapter"" ""AV100"
3302,{'Output': 'mismatch'},"{""Output"": ""mismatch""}"
3303,{'Output': 'mismatch'},"\', \'Form Factor\': \'3.5 inch x 1 inch Plug-in Module\', \'Capacity\': \'146.8GB\', \'Interface Type\': \'FC-AL\', \'Data Transfer Rate\': \'2GB/s\', \'Rotational Speed\': \'10000RPM\', \'Pins\': \'4"
3304,{'Output': 'mismatch'},"Product\': \'Samsung 750 EVO 250GB\', \'Uitvoering\': \'2,5 inches\', \'EAN\': \'08806088409825\', \'SKU\': \'MZ750500BW\', \'Tweakers ID\': \'45739"
3305,{'Output': 'mismatch'},"235065002]\', \'/mpn\': \'[235065002]\', \'brand\': \'HP\', \'category\': \'\', \'Category\': \'Hard Drive\', \'Sub-Category\': \'U160 SCSI\', \'Generation\': \'U160 SCSI\', \'Part"
3306,{'Output': 'match'},"ARVV 10 Pack""@en\', \'title\': \'DG0300FARVV HP 300-GB 6G 10K 2.5 DP SAS HDD\', \'subcategory\': \'10K\', \'sku\': \'dg0300farvv\', \'type\': \'Hard Driv"
3307,{'Output': 'match'},"{""Output"": ""match""}"
3308,{'Output': 'mismatch'},"\'10K\', \'Capacity\': \'1TB\', \'Interface\': \'SAS\', \'Description\': \'Hot-Plug 10K 1TB SAS 12Gb/s Hard Drive\', \'description\': \'  ""Hot-Plug 10K 1TB SAS 12Gb/s Hard Drive""@"
3309,{'Output': 'mismatch'},"\'Pakketpost DPD\': \'€ 3,95\', \'iDeal\': \'€ 0,-', \'Totaal\': \'€ 140,99\', \'Pakketpost tot \u20ac 50,-': \'€ 4,95\', \'Pakketpost Nederland\': \'€ 0,-',"
3310,{'Output': 'match'},"""@en ""Proliant Memory - Page 1 | Newegg.com""@en\', \'title\': \'249675-001 HP 512MB DDR 200MHz\', \'sku\': \'249675001\', \'type\': \'Server Memory\'}', 'Entity_2': '{\'title"
3311,{'Output': 'mismatch'},"\': \'New 653078-B21 SSD 2 Pack Wholesale Price 653078-B21\', \'sku\': \'653078b215pack\', \'type\': \'SAS SSD 200GB\'}', 'Entity_2': '{\'title\': \'65307"
3312,{'Output': 'mismatch'},"""Null"" Price 359461-005"" ""New 359461-005 2-Pack 72.8GB 10K Fibre Channel 40 pin 2GB/s HotSwap FCAL Hard Drive""@en, ""Null"" Price 359461-005"" ""New 359461-005"
3313,{'Output': 'mismatch'},"': '{\'title\': \'SHPM2280P2480G Kingston Technology HyperX Predator SSD M.2 480GB\', \'category\': \'Solid state drives\', \'subcategory\': \'\', \'brand\': \'Kingston Technology\', \'sku\': \'shpm2280p2480g\"
3314,{'Output': 'mismatch'},"K 3.5 6G SP SATA"" ST2000NM0011"" ""New ST2000NM0011 SC \', \'price\': \'USD 149.99\', \'description\': \'  ""ST2000NM0011 Seagate 2-TB 7.2K 3.5 6G SP"
3315,{'Output': 'mismatch'},"GeForce GTX 1060 SC GAMING 6GB 399,-@en 6G-P4-6163-KR EVGA GeForce GTX 1060 SC GAMING 6GB 399,-""@en\', \'title\': \'EVGA 06G-P4-6163-KR GeForce GTX 10"
3316,{'Output': 'mismatch'},"CRG 16GB 8p MSDHC Micro Secure Digital High Capacity Card Class 4with Adapter \', \'subcategory\': \'Price  SDSDQ-016G\', \'sku\': \'SDSDQ-016G, SDSDQ-016G-E11M\', \'type\': \'Description:  16GB 8p"
3317,{'Output': 'mismatch'},"6GB\', \'Form Factor\': \'DIMM\', \'Speed\': \'2400MHz\', \'Voltage\': \'1.2V\', \'description\': \'  \"" Corsair Vengeance LPX 16GB (2 x 8GB) DDR4 2400MHz 1.2V DIMM Memory Module CM"
3318,{'Output': 'mismatch'},"3772-B21 HP Xeon E74830 2.13GHz BL680c G7\', \'subcategory\': \'Description:HP Intel Xeon E7-4830 B21\', \'sku\': \'643772b21\', \'type\': \'Description:HP Intel Xeon E7"
3319,{'Output': 'mismatch'},"', \'subcategory\': \'New 359461-007 HDD Wholesale Price\', \'brand\': \'HP\', \'sku\': \'359461007\', \'type\': \'Fibre Channel 40 pin 2GB/s HotSwap FCAL Hard Drive\', \'description\': \'  """
3320,{'Output': 'mismatch'},"u\': \'CMK32GX4M2B3000C15\', \'type\': \'2x16GB PC4-24000 DDR4-3000Mhz, 15-17-17-35-2N@1.35V XMP, DDR4 Vengeance LPX\'}', 'Entity_2': '"
3321,{'Output': 'mismatch'},"on 2MB 512MB Memory M1 Part#356816-001\', \'sku\': \'356816001\', \'type\': \'Server\'}', 'Entity_2': '{\'title\': \'356816-001 ML350T G4p Xeon 3.2 2"
3322,{'Output': 'mismatch'},"ketpost (vanaf € 49,95)\': \'€ 0,-\', \'description\': \'  ""Corsair - Carbide 100R Silent Edition Midi Tower Case CC-9011077-WW"" "" Corsair Carbide 100R Silent Edition Midi Tower Case CC-9011077-WW PCPartPicker"
3323,{'Output': 'mismatch'},"\': \'HP G8 G9 100GB 2.5-inch Small Form Factor (SFF)Pluggable Serial ATA (SATA) 6G SC Enterprise Mainstream Solid State Hard Drive (SSD)\', \'brand\': \'HP\', \'sku\': \'691862-B21\', \'type\': \'Enterprise Mainstream"
3324,{'Output': 'mismatch'},"s ID\': \'472811\', \'Type\': \'Hard Drive - Hot-Swap - Gen8\', \'Form Factor\': \'2.5 inches\', \'Capacity\': \'1000GB\', \'Interface Type\': \'Serial Attachment SCSI (SAS)\', \'Connector\': \'24-Position SAS Connector\"
3325,{'Output': 'mismatch'},"\'  ""N900 Wireless Dual Band PCI Express Adapter Resource Sheet\', \'title\': \'N900 Wireless Dual Band PCI Express Adapter\', \'subcategory\': \'\', \'brand\': \'TP-Link\', \'sku\': \'tlwdn4800\', \'type\': \'Wireless PCI Adapter\"
3326,{'Output': 'mismatch'},"""Samsung - DDR4 8 GB DIMM 288-pin"" "" Samsung 288-pin M393A1G40DB0-CPB System Memory (RAM) CDW.com \', \'title\': \'Samsung - DDR4 8 GB DIMM 288-pin\', \'subcategory\': \'288-"
3327,{'Output': 'mismatch'},"""$1,199.00""\', \'description\': \'  ""340743-B21 HP 20GB DLT LVDPart Number: 340743-B21"" ""Description:20GB DLT LVDPart Nu\', \'title\': \'340743-B21 HP 20GB DLT LVDPart Number"
3328,{'Output': 'mismatch'},"'628061s21_HP_HardDrives\'], \'type\': \'Hard Drive\'}', 'Entity_2': '{\'title\': \'628061-S21 HP 3-TB 6G 7.2K 3.5 SATA SC\', \'category\': \'Hard Drive\', \'subcategory\': \'\',"
3329,{'Output': 'match'},"Desktop HDD 500GB 3.5"" SATA II Serial ATA hard disk drive\', \'category\': \'\', \'subcategory\': \'\', \'brand\': \'Seagate\', \'sku\': \'st3500630ns\', \'type\': \'Internal Drives\', \'description\': \'  ""Se"
3330,{'Output': 'mismatch'},"weakers\', \'category\': \'Computers_and_Accessories\', \'Sub-Category\': \'Computers\', \'brand\': \'MSI\', \'sku\': \'8gp46180kr\', \'Product Type\': \'Computers_and_Accessories\', \'description\': \'  \""MSI GeForce GTX 1"
3331,{'Output': 'mismatch'},"SC Part# -658071-B21\', \'category\': \'\', \'subcategory\': \'\', \'brand\': \'HP\', \'sku\': \'658071-B21 SC Part# -658071-B21\', \'type\': \'500GB 3.5-inch (L"
3332,{'Output': 'mismatch'},"1003FZEX Black Hard Drive - HDD\', \'description\': \'  ""Western Digital 1TB WD1003FZEX Black Hard Drive - HDD""@en ""Western HDD - WD1003FZEX Enterprise Hard Drives CDW.co"" "" Western Digital Black 1 TB Internal HDD""@en ""Western HDD - WD"
3333,{'Output': 'mismatch'},"6MB 168p PC133 CL3 18c 32x4 1Rx4 3.3V ECC RDIMM RFB\', \'category\': \'\', \'subcategory\': \'\', \'brand\': \'Infineon\', \'sku\': \'127005031\', \'type\': \'Memory"
3334,{'Output': 'mismatch'},"\'Server Memory\', \'brand\': \'Crucial\', \'sku\': \'CT8G4SFS8213\', \'type\': \'Server Memory\', \'description\': \'  ""Crucial 8GB (1x8GB) DDR4 PC4-17000 2133MHz Single Module (CT8G4S"
3335,{'Output': 'mismatch'},"{""Output"": ""mismatch""}"
3336,{'Output': 'mismatch'},"01]\', \'category\': \'Computers_and_Accessories\', \'Categorie\': \'Computers en toestellen\', \'Merk\': \'Dell\', \'Productserie\': \'Inspiron\', \'Product\': \'Dell Inspiron 1545\', \'Uitvoering\': \'Intel Core i5"
3337,{'Output': 'match'},"1 512K SA5I+ NC7781 ILO Manufacturer Part# 323146-B21""   ""323146-B21 BL20p Xeon 3.06GHz"" ""Null""   ""Description:PL BL20p 3.06 Xeon 1P M1 512K SA5I+ NC7"
3338,{'Output': 'mismatch'},"{""Output"": ""match""}"
3339,{'Output': 'mismatch'},"134-001 Memory Module - 32GB PC2-3200 DDR2 SDRAM - 16 x 2GB DIMMs - HotPlug RAID, Hot PlugMirrored, HotSpare - Form Factor: Dense Rack - Rack Hight: 4 U - Networking: NC77892 Dual Prot Gigabit Server Adaptor"
3340,{'Output': 'match'},"435910549806\', \'SKU\': \'cmk32gx4m4a2400c14\', \'Tweakers ID\': \'461020\', \'description\': \'  \""Corsair Vengeance LPX 16GB (2 x 8GB) DDR4 2400M"
3341,{'Output': 'mismatch'},-on-Magic: Si; Tipo de conector: PCIE; Tipo de conector de puerta: WiFi; Velocidad de trasmision: 867 Mbps; Tipo de conector de puerta: WiFi; Tipo de conector: PCIE; Tipo de conector de puerta: WiFi; Tipo de conector: PCIE; Tipo de conector de puerta:
3342,{'Output': 'match'},"\', \'sku\': \'SSDSC2BX800G4, SSDSC2BX800G401\', \'type\': \'Intel SATA SSDSC2BX800G401\', \'description_nl\': \'  ""Intel Solid-State Drive DC S3610 Series - solid state drive 800"
3343,{'Output': 'mismatch'},"{""Output"": ""match""}"
3344,{'Output': 'mismatch'},"\', \'description\': \'  ""Corsair Vengeance 8Gb (2x4Gb) DDR3 1600MHz Cas9 SO-DIMM Memory Module (CMSX8GX3M2A1600C9) - MEC-S3-8GDV169""@en-US ""Corsair Vengeance 8GB (2x4"
3345,{'Output': 'mismatch'},"4°C)\', \'description\': \'  \""Intel Core i7-3770K 3.50GHz Quad-Core LGA1155 Processor (BX80637I73770K) - Intel\', \'title\': \'Intel Core i7-3770K 3.50GHz Quad-Core LGA1"
3346,{'Output': 'mismatch'},"G 7.2K 3.5 SATA HDD\', \'category\': \'HP\', \'subcategory\': \'Description:2 x 2-TB 6G 7.2K 3.5 SATA HDDIn HPE Drive tray (as pictured)For G8-G9 Proliant\', \'brand\': \'HP\', \'sku\':"
3347,{'Output': 'mismatch'},"MSA2 750-GB 7.2K 3.5 SATA"" ""Null"" Price ST3750330NS\', \'description\': \'  ""ST3750330NS HP MSA2 750-GB 7.2K 3.5 SATA"" ""New ST3750330NS Wholesale \', \'description\"
3348,{'Output': 'match'},"Serial Attached SCSI (SAS)\', \'Enclosure\': \'Internal\', \'Drive Dimensions\': \'3.5 inches x 1/3H (Low Profile)\', \'Spindle Speed\': \'15000RPM\', \'External Data Transfer\': \'3072MB/s\', \'Seek Time\': \'3.5ms"
3349,{'Output': 'mismatch'},"1 kg\': \'€ 0,-\', \'Pakketpost (vanaf € 50,-)\': \'€ 0,-\', \'Opsturen\': \'€ 0,-\', \'Pakketpost vanaf\': \'€ 0,-\', \'Opsturen vanaf €50,-\': \'€ 0,-\', \'Pakketpost"
3350,{'Output': 'mismatch'},"\'Processor\', \'Manufacturer\': \'Intel\', \'Socket\': \'LGA771\', \'Cores\': \'Quad Core\', \'Cache\': \'6MB L2 Cache\', \'Description\': \'Intel Xeon Processor 5150 2.66GHz 6MB L2 Cache Quad Core LGA"
3351,{'Output': 'mismatch'},"{""Output"": ""mismatch""}"
3352,{'Output': 'mismatch'},"{""SKU"": ""sdix30c064ggn6nn, sdix30n064ggn6nn""}"
3353,{'Output': 'match'},"1632b]\', \'brand\': \'Crucial\', \'category\': \'RAM\', \'Category\': \'RAM\', \'Sub-Category\': \'DDR3 SODIMM\', \'Generation\': \'DDR3\', \'Part Number\': \'cmk64gx1632b\', \'Products"
3354,{'Output': 'mismatch'},"{""Output"": ""mismatch""}"
3355,{'Output': 'mismatch'},"requency\': \'3.60 GHz\', \'Max Turbo Frequency\': \'3.85 GHz\', \'Socket Type\': \'LGA 1151\', \'Manufacturer\': \'Intel\', \'description\': \'  ""bx80677i77700 Intel Core i7-7700 4-"
3356,{'Output': 'mismatch'},"Hard Drive\', \'description\': \'  \""Western Digital Caviar Blue WD10EFRX 10EFRX 1TB 32MB 3.5-inch 7200RPM SATA 6Gb/s 146GB/IN\"", ""Null"" WD10EFRX 1TB 32MB 3.5-inch 7"
3357,{'Output': 'mismatch'},"7.2K 6Gb/s Hard Drive\', \'description\': \'  ""628061-S21 HP 3-TB 3.5-inch (LFF) Serial ATA (SATA) 7.2K 6Gb/s Hard Drive"", ""Null"" Price 628061-S21"" ""New 628061-"
3358,{'Output': 'mismatch'},"_HP_HardDrives\', \'Type\': \'Hard Drive - Hot-Swap\', \'Capacity\': \'146GB\', \'Interface Type\': \'Serial Attached SCSI\', \'Spindle Speed\': \'15000RPM\', \'Ports\': \'Single Port\', \'price\': \'""USD""\', \"
3359,{'Output': 'mismatch'},"CO-9050017-WLED 140mm Fan\', \'category\': \'\', \'subcategory\': \'\', \'brand\': \'Corsair\', \'sku\': \'co9050017wled\', \'type\': \'Fan\', \'description\': \'  \""Corsair CO-9"
3360,{'Output': 'mismatch'},"{""Output"": ""mismatch""}"
3361,{'Output': 'match'},"2]\', \'brand\': \'Sony\', \'category\': \'Camera Lenses\', \'Categorie\': \'Camera Lenses\', \'Merk\': \'Sony\', \'Product\': \'Sony 28-135mm f/3.5-5.6 DT\', \'Uitvoering\': \'Sony 28"
3362,{'Output': 'mismatch'},"': \'Maximum Drive Size: 15TB\', \'description\': \'  ""578230-B21 HP P410i Smart Array Controller (1024MB Buffer) - 458008"" ""Description: HP P410i Smart Array Controller (1024MB Buffer) - 458008"" ""Description: HP P41"
3363,{'Output': 'mismatch'},"AS)\', \'Enclosure\': \'Internal\', \'Drive Dimensions\': \'3.5 inches x 1/3H (Low Profile)\', \'Spindle Speed\': \'15000RPM\', \'External Data Transfer\': \'300MB/s\', \'Seek Time\': \'3.5ms\', \'HotSwap\"
3364,{'Output': 'mismatch'},"LINK AV1000 2-Port Gigabit Passthrough Powerline Starter Kit\', \'subcategory\': \'\', \'brand\': \'TP-LINK\', \'sku\': \'tlpa7020pkit\', \'type\': \'Powerline Starter Kit\', \'manufacturer\': \'TP-LINK\', \'description_"
3365,{'Output': 'mismatch'},"4b21\', \'type\': \'Internal Tape Drive\', \'description\': \'  ""388504-B21 HP Storageworks Internal"" "" Null"" ""Description:Internal Tape Drive AIT SCSI 35/70GB 388504-B21 HP Storageworks Internal"" "" Null"" ""Description:Internal Tape Drive AIT SCSI 3"
3366,{'Output': 'mismatch'},"\': \'2\', \'Memory Supported\': \'2x4GB DDR4 2133MHz\', \'description\': \'  ""Intel Core i5 6600K Skylake Quad Core 3.5GHz 95W Processor"" "" Intel i5 6600K Skylake Quad Core 3.5GHz 95"
3367,{'Output': 'match'},"': '{\'/mpn\': \'[653078b21]\', \'brand\': \'HP\', \'category\': \'SSD\', \'Category\': \'Proliant HardDrive\', \'Sub-Category\': \'Solid State Drive\', \'Generation\': \'SAS SSD\', \'Part Number\': \'6"
3368,{'Output': 'match'},"{""Output"": ""mismatch""}"
3369,{'Output': 'mismatch'},"or""@en 6-Core Processor I7 7800X\', \'title\': \'Intel - Core i7-7800X 3.5GHz 6-Core Processor\', \'subcategory\': \'Intel Core i7 Processors\', \'sku\': \'bx80673i77800x\', \'"
3370,{'Output': 'mismatch'},"3016500310pack\', \'430165003\']\', \'type\': \'2.5-inch Internal 10K SAS Hard Drive (146GB)\'}', 'Entity_2': '{\'title\': \'430165-003 HP 146-GB 3G 10K 2"
3371,{'Output': 'mismatch'},"on X3210 2.13GHz DL120 G5 (2.13GHz/2-core/8MB/95W)Full Processor Option Kit\', \'price\': \'""CAD"", ""$1199.99 CAD""\', \'description\': \'  ""455035-B22 HP Xeon X3210"
3372,{'Output': 'match'},"\'description\': \'  \""199679-001 HP DLT1040 Tape Drive 10GB\"" ""New 199679-001 Tape Drive 10GB Wholesale Price 199679-001 "", \'title\': \'199679-001 HP DLT1040 Tape"
3373,{'Output': 'mismatch'},"\'Manufacturer\': \'Hitachi\', \'Model\': \'Deskstar 7K1000.H\', \'Product Type\': \'Internal Hard Drive\', \'Form Factor\': \'3.5-inch\', \'Capacity\': \'1 TB\', \'Cache\': \'32 MB\', \'Spindle Speed\': \"
3374,{'Output': 'match'},"': \'Networking Products\', \'sku\': \'ct500bx100ssd1\', \'type\': \'Internal Solid State Drive\', \'price\': \'""$119.99"", ""USD""\', \'Part Number\': \'CT500BX100SSD1\', \'Products ID\': \'1"
3375,{'Output': 'match'},"{""Output"": ""match""}"
3376,{'Output': 'mismatch'},"category\': \'Description: 15K 3.5 SP SAS HDD\', \'sku\': \'[hp4319430032pack]\', \'type\': \'Hard Drive\'}', 'Entity_2': '{\'title\': \'431943-003 HP 146GB 15K 3.5 SP S"
3377,{'Output': 'match'},"urer\': \'Hewlett Packard\', \'Pre-Failure Warranty\': \'Yes\', \'Hot Swap Tray\': \'Included/Attached\', \'price\': \'""USD"", ""$199.95""\', \'description\': \'  ""456896-001 HP 400-GB 10K"
3378,{'Output': 'mismatch'},"10K FC-AL HDD\', \'sku\': \'bd03656aba10pack\', \'type\': \'Description:BD03656ABA HP 36.4-GB 10K FC-AL HDD\'}', 'Entity_2': '{\'title\': \'BD03656ABA HP 36.4-"
3379,{'Output': 'mismatch'},"\'description\': \'  \""Corsair 8GB (1 x 8GB) DDR3 1600MHz Unbuffered DIMM Module CL10 - CZ8GX3M1A1600C10\""@en 8GB DDR3 1600MHz Unbuffered DIMM Module CL10 - CZ8GX3M1A1"
3380,{'Output': 'mismatch'},"Compatibilidad de memoria\': \'DDR4\', \'Compatibilidad de placa base\': \'AM4\', \'description\': \'  \""Yeas Technology YD180XBCAEW OF AMD Ryzen 5 3600 6-Core 3.6 GHz 32MB L3 Cache AM4 Socket Boxed\"" ""Yeas Technology YD"
3381,{'Output': 'match'},"\'category\': \'HP\', \'subcategory\': \'300-GB 3G 10K 2.5 DP SAS HDD\', \'brand\': \'HP\', \'sku\': \'dg0300bahzq\', \'type\': \'2.5-inch Serial Attached SCSI (SAS) SFF"
3382,{'Output': 'mismatch'},"-\': \'€ 0,-\', \'description\': \'  ""Corsair Vengeance LED 16GB (2 x 8GB) DDR4 2666MHz C16 Memory Module - Black (CMU16GX4M2A2666C16R)""@en Geheugen intern LN85114 - CMU16GX4"
3383,{'Output': 'mismatch'},"HP 2-TB 3.5-inch (LFF) Serial ATA (SATA) 6G7.2K Hot-Plug Midline (MDL) Hard Drive in G8 G9\', \'description\': \'  ""658102-001-SC HP G8 G9 2-TB 6G 7.2K 3.5 SATA SC "","
3384,{'Output': 'match'},"11\', \'type\': \'RAM\', \'description\': \'  ""Corsair Vengeance RGB CMR16GX4M2A2666C16"" ""New Corsair Vengeance RGB CMR16GX4M2A2666C16""   ""Description:Corsair Vengeance RGB CMR16GX"
3385,{'Output': 'mismatch'},"'10/100/1000Base-T\', \'description\': \'  ""647594-B21 HP 1Gb 4-Port 331T Adapter"" ""New 647594-B21 1Gb 4-Port 331T Adapter"" Price 647594-B21"" """
3386,{'Output': 'mismatch'},"\': \'Synology DS1517+ (8GB ram) - Prijzen ""@NL Tweakers""@NL\', \'subcategory\': \'\', \'brand\': \'Synology\', \'sku\': \'DS1517+\', \'type\': \'Netwerkopslag\', \'description\': \'  ""Synology DS1"
3387,{'Output': 'mismatch'},"\'667MHz\', \'Part Number\': \'408854-B21\', \'Products ID\': \'143099\', \'Storage Capacity\': \'8GB (2 x 4GB)\', \'Technology\': \'DDR II SDRAM\', \'Form Factor\': \'DIMM 24"
3388,{'Output': 'mismatch'},"00i Controller\', \'Omschrijving\': \'  ""HP Smart Array P200i Controller"" ""HP Smart Array P200i Controller - Server Networking"" ""HP Smart Array P200i Controller - Server Networking - 10GB iSCSI\', \'title\': \'HP Smart Array P200i Controller\', \'subcategory\': \'HP Smart"
3389,{'Output': 'mismatch'},"': \'Null\', \'Category\': \'Proliant HardDrive\', \'Sub-Category\': \'SAS\', \'Generation\': \'SAS SFF\', \'Part Number\': \'DH0072B-ALWL5Pack\', \'Products ID\': \'461016\', \'Capacity\': \'146"
3390,{'Output': 'mismatch'},"'subcategory\': \'Price\', \'sku\': \'488039b21\', \'type\': \'Processor\'}', 'Entity_2': '{\'title\': \'488039-B21 HP X5470 3.33GHz ML370 G5\', \'category\': \'HP\', \'"
3391,{'Output': 'mismatch'},"', \'category\': \'Computers_and_Accessories\', \'subcategory\': \'Computers & Accessories > Computer Components > Graphics Cards > GeForce GTX 1070\', \'brand\': \'Gigabyte\', \'sku\': \'GV-N1070WF2OC-8GD\', \'type\': \'Comput"
3392,{'Output': 'mismatch'},"'HP\', \'sku\': \'bd1465822c\', \'type\': \'StorageWorks 146.8GB 10K Fibre Channel 40 pin 2GB/s HotSwap FCAL Hard Drive\', \'description\': \'  ""BD1465822C HP 146.8-GB 10"
3393,{'Output': 'mismatch'},"{""Output"": ""mismatch""}"
3394,{'Output': 'mismatch'},"7.2K 3.5 6G SP SATA\', \'sku\': \'st2000nm0011\', \'type\': \'Hard Drive\'}', 'Entity_2': '{\'title\': \'ST2000NM0012 Seagate 2-TB 7.2K 3.5 6G SP SATA\', \"
3395,{'Output': 'mismatch'},"GHz 4GB 16GB ac BT WC 3C 11.6"" HD MT C731T-C42N\', \'subcategory\': \'\', \'sku\': \'nxgm9aa001\', \'type\': \'Chromebook\', \'Part Number\': \'ACNXGM9AA001\', \'Product"
3396,{'Output': 'mismatch'},"u\': \'359557b21\', \'type\': \'Blade Server\', \'description_full\': \'  ""359557-B21 BL20P G2 Xeon 2.8GHz 1GB (2P) Memory 1M 1GB (2P) 1GB DDR SDRAM 240-pin"
3397,{'Output': 'mismatch'},"board\', \'memory_slots\': \'2\', \'memory_max_capacity\': \'16GB\', \'memory_ram_type\': \'DDR3 Non-ECC UDIMM\', \'memory_architecture\': \'Dual-Channel\', \'memory_supported_speeds\': \'1600/1333/10"
3398,{'Output': 'match'},"154457b21]\', \'brand\': \'HP\', \'category\': \'Card\', \'Model No.\': \'SST-ECM20\', \'Interface\': \'PCI Express X4 / SATA 6Gbps\', \'SSD Interface\': \'M.2(NGFF)\', \'Module Key\': \'S"
3399,{'Output': 'mismatch'},"21\', \'type\': \'BL20P G2 Xeon 2.8GHz (2P)\'}', 'Entity_2': '{\'title\': \'359557-B21 BL20P G2 Xeon 2.8GHz (2P)\', \'category\': \'\', \'subcategory\': \'\', \'brand\"
3400,{'Output': 'mismatch'},"\'description\': \'  ""658071-B21 HP 500GB 3.5 SAS 10K Hard Drive"" ""Null""   ""Description:500GB 3.5 SAS 10K Hard Drive\', \'title\': \'658071-B21 HP 500GB 3.5 SAS 10K"
3401,{'Output': 'match'},"us GeForce GTX 1070 8GB Dual Fan OC Edition Graphics Card\', \'category\': \'Computers_and_Accessories\', \'subcategory\': \'Computers_and_Accessories\', \'brand\': \'Asus\', \'sku\': \'DUAL-GTX1070-8G\', \'type\':"
3402,{'Output': 'match'},"', \'description\': \'  ""TP-Link TL-WN781N 2.4GHz Wireless N 150Mbps Mini PCI Adapter (Wireless N Mini PCI Adapter) (TL-WN781N, TL-WN781ND)""@en-US ""Netwerkadapters -\', \'title\': \'TP-Link TL-WN781N"
3403,{'Output': 'mismatch'},"\'sku\': \'90MB0SX0-M0EAY0, PRIME H270-PRO\', \'type\': \'Motherboard\'}', 'Entity_2': '{\'title\': \'ASUS Prime H270-Pro Kaby Lake CrossFire ATX Motherboard\', \'category\': \'\', \'subcategory\': \'\', \"
3404,{'Output': 'mismatch'},"-pin""@en  ""Crucial - DDR3L 4 GB SO-DIMM 204-pin""@en  ""Crucial - DDR3L 4 GB SO-DIMM 204-pin""@en  ""Crucial - DDR3L 4 GB SO-DIMM 204-pin""@en  ""Crucial - DDR3L 4 GB"
3405,{'Output': 'match'},"'1455617\', \'Type\': \'Hard Drive - Hot-Swap\', \'Form Factor\': \'3.5 inches\', \'Capacity\': \'500GB\', \'Interface Type\': \'Serial ATA-150\', \'Connector\': \'22-Position Serial ATA (SATA) Plug\', \'Data"
3406,{'Output': 'mismatch'},"\'brand\': \'HP\', \'category\': \'\', \'Manufacturer\': \'Hewlett Packard\', \'Category\': \'Memory\', \'Sub-Category\': \'DDR3\', \'Part Number\': \'HP 340743-B21\', \'Product ID\': \'455693_HP"
3407,{'Output': 'mismatch'},"66C9 2 x 4GB DDR3 1866MHz 240-pin Unbuffered DIMM Memory Module""@en 2 x 4GB DDR3 1866MHz 240-pin Unbuffered DIMM Memory Module ""@en 2 x 4GB DDR3 1866MHz 240-pin Unbuffered DIM"
3408,{'Output': 'mismatch'},"{""Output"": ""mismatch""}"
3409,{'Output': 'mismatch'},"wlett module\', \'price\': \'""CAD"", ""$116.94 CAD""\', \'description\': \'  ""Hewlett Packard Enterprise 2GB DDR-333 DDR 333MHz ECC memory module"" ""Specs Hewlett module\', \'title\': \'Hewlett Packard Enterprise 2GB DDR-333 DDR"
3410,{'Output': 'mismatch'},"\'description\': \'  \""HP AMD Opteron 2354\""@en ""HP AMD Opteron 2354""@NL ""HP AMD Opteron 2354""@NL ""HP AMD Opteron 2354""@NL ""HP AMD Opteron 2354""@NL ""HP AMD Opteron 2354""@NL ""HP AMD Op"
3411,{'Output': 'mismatch'},"eon 2.8GHz 2M (2P) Xeon 2.8GHz\', \'description_nl\': \'Proliant DL580R02 Xeon 2.8GHz 2M (2P) Xeon 2.8GHz\', \'sku_nl\': \'325134001\', \'type"
3412,{'Output': 'mismatch'},"\', \'description\': \'  ""740617-230833 Kingston DataTraveler 64GB DT MicroDuo USB 3.0 micro USB OTG"" ""Null""   ""Description:Kingston DataTraveler 64GB DT MicroDuo USB 3.0 micro USB OTG""  ""Description:Kingston DataTraveler 64GB DT"
3413,{'Output': 'mismatch'},"B21 4GB DIMM DDR3 1333MHz (PC3-10600R-9) Server Memory""@en 500658-B21 4GB DIMM DDR3 1333MHz (PC3-10600R-9) Server Memory""@en 500658-B21 4GB"
3414,{'Output': 'match'},"50GB/s 7.2K\', \'sku\': \'ST3500630NS-5Pack\', \'type\': \'Hard Drive - Hot-Swap - 500GB 3.5-inch (LFF) Serial ATA (SATA) 7.2K\', \'price\': \'€ 129,-'}"", 'Entity_"
3415,{'Output': 'mismatch'},",95\': \'€ 0,-\', \'Pakketpost (vanaf € 25,-)\': \'€ 0,-\', \'Pakketpost (vanaf € 15,-)\': \'€ 0,-\', \'Pakketpost (vanaf € 10,-)\': \'€ 0,-\', \'Pakketpost (vanaf €"
3416,{'Output': 'match'},"Hard Drive\', \'description\': \'  \""ST1000DM003, ST2000DM001\""  \""Seagate ST1000DM003 1TB 3.5\"" SATA 7200RPM 64MB Cache - Hard Drive\""@en ""▷ Seagate 1TB 3.5"" SATA 7"
3417,{'Output': 'mismatch'},"3.5 SP SAS HDD 2Pack"" ""Null""   ""Description:2 x HP 72-GB 15K 3.5-inch Single Port Hot-Plug Hard DriveIn HPE Drive tray (as pictured)For G1-G7 Proliant SAS Ser\', \'title\': \'417190-002 HP 72-GB 15K"
3418,{'Output': 'match'},"'title\': \'WD 1TB Purple 3.5"" SATA3 CCTV/Surveillance HDD/Hard Drive WD10PURX\', \'category\': \'Hard Drive\', \'subcategory\': \'Price 10Pack WD10PURX\', \'brand\': \'WD\', \'sku\': \'10Pack"
3419,{'Output': 'mismatch'},"143302593,  5053086269682,  5053973979465,  5053086269682,  5053973979465,  5053086269682,  5053973979"
3420,{'Output': 'mismatch'},"4.20GHz 6-Core Processor with Wraith Cooler\', \'title\': \'AMD FX 6350 4.20GHz 6-Core Processor with Wraith Cooler\', \'subcategory\': \'AMD FX 6350\', \'sku\': \'amdfx6350\', \'"
3421,{'Output': 'mismatch'},"2': '{\'title\': \'293461-B21 PL BL40p 1.5X 1P M1 1MB SA5i+ NC7781 ILO Management Module\', \'category\': \'\', \'subcategory\': \'\', \'brand\': \'HP\', \'sku\': \'293461b2"
3422,{'Output': 'mismatch'},"{""Output"": ""mismatch""}"
3423,{'Output': 'match'},"'subcategory\': \'7.2K\', \'brand\': \'Seagate\', \'sku\': \'st31000640ns\', \'type\': \'Description:1.0TB Seagate Barracuda ES.2 Hot-Plug Serial ATA (SATA) 3.0GB/s 7200 RPM 3."
3424,{'Output': 'mismatch'},"akketpost\': \'€ 0,-\', \'Pakketpost (tot 10 kg)\': \'€ 0,-\', \'Pakketpost Nederland\': \'€ 5,95\', \'Verzending\': \'€ 0,-\', \'Pakketpost tot € 50,-\': \'€ 0,-\', \'Pakket"
3425,{'Output': 'mismatch'},"\', \'Memory Type\': \'DDR SDRAM\', \'Memory Size\': \'2 GB\', \'Memory Slots\': \'4\', \'Memory Speed\': \'PC2100\', \'Description\': \'  ""HP ProLiant BL20p Gen2 Server, 2 GB DDR SDRAM, 1 MB Cache Memory, 4 Memory Sl"
3426,{'Output': 'mismatch'},"{""Output"": ""mismatch""}"
3427,{'Output': 'mismatch'},"{""Output"": ""mismatch""}"
3428,{'Output': 'mismatch'},"\', \'description\': \'  ""238921-B21 HP 72.8-GB 10K FC-AL"" ""Null"" ""New 238921-B21 FC-AL 10 Pack Wholesale Price 238921-B21-10Pack"" ""New 238921-B21 FC-AL"
3429,{'Output': 'mismatch'},"\': \'  ""Corsair Vengeance LED CMU32GX4M4C3000C15""@en ""Corsair Vengeance LED 16GB (2 x 8GB) DDR3 1600MHz CL9 LED Lighting Module""@en  ""Corsair Vengeance LED 16GB (2 x 8GB) DDR3 1"
3430,{'Output': 'match'},"\'Sub-Category\': \'Blade\', \'Generation\': \'BL20\', \'Part Number\': \'359557-B21\', \'Products ID\': \'15409\', \'Form Factor\': \'Blade\', \'Processor Type\': \'Xeon 2.8 GHz\', \'Process"
3431,{'Output': 'mismatch'},"(SAS) 5 Pack Wholesale\'}', 'Entity_2': '{\'title\': \'508429-001 HP 400-GB 10K 3.5 DP NHP SAS 5 Pack\', \'category\': \'Null\', \'subcategory\': \'\', \'brand\': \'HP\', \'sku\':"
3432,{'Output': 'mismatch'},"1': '{\'/mpn\': \'[431943003]\', \'brand\': \'HP\', \'category\': \'Null\', \'Manufacturer\': \'Hewlett Packard\', \'Category\': \'Hard Drive\', \'Sub-Category\': \'15K\', \'Generation\': \'SAS\',"
3433,{'Output': 'mismatch'},"\'€119,99\', \'Verkoopprijs\': \'€119,99\', \'description\': \'  ""Corsair Flash Voyager Slider X2 32GB Blauw""@en ""Corsair Flash Voyager Slider X2 32GB Blauw""@en ""Corsair Flash Voyager Slider X2"
3434,{'Output': 'mismatch'},"{""Output"": ""mismatch""}"
3435,{'Output': 'mismatch'},"DP SAS 5 Pack\', \'sku\': \'41719000210pack\', \'type\': \'Proliant HardDrive\', \'description2\': \'  ""HP 72GB 15K 3.5 DP SAS 5 Pack""  ""HP 417190-002 Part# -41"
3436,{'Output': 'mismatch'},"""@NL\', \'title\': \'TP-Link TL-SG1005D-5-Port Gigabit Desktop Switch - Specificaties\', \'subcategory\': \'\', \'brand\': \'TP-Link\', \'sku\': \'TL-SG1005D\', \'type\': \'Switcher\', \'description_nl\"
3437,{'Output': 'mismatch'},"{""Output"": ""mismatch""}"
3438,{'Output': 'mismatch'},"Vengeance LPX CMK16GX4M4B3000C15R\', \'EAN\': \'0843591056267\', \'SKU\': \'CMK16GX4M4B3000C15R\', \'Tweakers ID\': \'664924\', \'"
3439,{'Output': 'mismatch'},"\': \'AMD\', \'description\': \'  \""AMD FX-6300 Six-Core 3.50 GHz Socket AM3+ 95W Processor\""@en Drive LN66755 - FD6300WMHKBOX | SCAN UK\""@en  \""AMD FX-6300 Six-Core 3.50 G"
3440,{'Output': 'mismatch'},"ategorie\': \'Processor\', \'Sub-Category\': \'Intel Core i7\', \'Generation\': \'Sandy Bridge\', \'Part Number\': \'BX80677I7700\', \'Products ID\': \'455533\', \'Processor Type\': \'Intel Core i7\', \'Processor Core\"
3441,{'Output': 'mismatch'},"'€ 0,-\', \'description\': \'  ""HP Proliant 672631-B21 16GB (1x16GB) DIMM 240-pin""   ""672631-B21 HP Proliant 16GB (1x16GB) DIMM 240-pin\', \'title\': \"
3442,{'Output': 'mismatch'},"{""Output"": ""mismatch""}"
3443,{'Output': 'match'},"\': \'Proliant Memory\', \'Sub-Category\': \'Genuine HP Memory\', \'Generation\': \'1333MHz\', \'Part Number\': \'662078-B21\', \'Products ID\': \'456459\', \'Storage Capacity\': \'2GB (1 x 2GB)\"
3444,{'Output': 'mismatch'},"{""Output"": ""match""}"
3445,{'Output': 'mismatch'},"_1': '{\'/mpn\': \'[408850b21]\', \'brand\': \'HP\', \'category\': \'Memory\', \'Sub-Category\': \'HP Memory\', \'Generation\': \'667MHz\', \'Part Number\': \'408850-B21\', \'Products"
3446,{'Output': 'mismatch'},"': \'cc9011070ww\', \'type\': \'Computer Cases\', \'price\': \'""CAD"", ""$129.99 CAD""\', \'description\': \'  ""Corsair Carbide Series Air 240 - cube micro ATX"" "" Corsair ATX CC-9011070-WW Computer Cases"
3447,{'Output': 'mismatch'},"4 height\', \'description\': \'  ""HP 431786-B21 5Pack Hot-Swap Hard Drive"" "" HP 431786-B21 5Pack Hot-Swap Hard Drive"" "" HP 431786-B21 5Pack Hot-Swap Hard Drive"" "" HP 431786-B21 5"
3448,{'Output': 'match'},"4-001""@en  ""HP Proliant DL580R G2 (2P) Xeon 2.8GHz"" ""HP Proliant DL580R G2 (2P) Xeon 2.8GHz""@en\', \'title\': \'325134-001 DL580R G2 (2P) Xeon"
3449,{'Output': 'mismatch'},"2.5 DP SAS HDD\', \'category\': \'\', \'subcategory\': \'\', \'brand\': \'HP\', \'sku\': \'493083001\', \'type\': \'Hard Drive - Hot-Swap\', \'description\': \'  ""493083-001 HP 30"
3450,{'Output': 'mismatch'},"6Gb/s\', \'category\': \'HPE\', \'subcategory\': \'Smart Array Controllers\', \'brand\': \'HPE\', \'sku\': \'631674-B21\', \'type\': \'RAID Controllers\', \'description\': \'  ""HPE Smart Array P421/"
3451,{'Output': 'mismatch'},"\'Categorie\': \'Overige technische toestellen\', \'Merk\': \'Sandisk\', \'Productserie\': \'Extreme\', \'Product\': \'Sandisk Extreme 432GB\', \'Uitvoering\': \'Sandisk Extreme 432GB\', \'EAN\': \'0740"
3452,{'Output': 'mismatch'},"': '{\'/mpn\': \'[g53243]\', \'category\': \'Computers\', \'description\': \'  \""MSI - G53243 - Gaming X 10SFS-F115X Gaming Motherboard (Socket AM4)\"" ""MSI""', \'title\': \'MSI - G53243 -"
3453,{'Output': 'mismatch'},"{""Output"": ""match""}"
3454,{'Output': 'mismatch'},"0093, 735858241434, 5032021111111\', \'SKU\': \'bx80637i73770k\', \'Tweakers ID\': \'302224\', \'Productprijs\': '\u20ac 349,-',"
3455,{'Output': 'match'},"artPicker\', \'description\': \'  ""Samsung - 850 EVO 250GB M.2-2280 Solid State Drive"" Drive (MZ-N5E250BW) PCPartPicker\', \'description\': \'  ""Samsung - 850 EVO 250GB M.2-2280 Solid State"
3456,{'Output': 'mismatch'},"', \'description\': \'  ""495916-B21 HP Intel Xeon Processor L2130 2.13GHz 800MHz 1MB 4MB 64-bit""@en 1MB 4MB 64-bit Processor Upgrade\', \'title\': \'495916-B21 HP Intel X"
3457,{'Output': 'mismatch'},"'description\': \'  ""629135-B21 HP Ethernet 1Gb 4-Port 331FLR Adapter"" ""461053 HP 1Gb 4-Port 331FLR Adapter\', \'title\': \'629135-B21 HP Ethernet 1Gb 4-Port 3"
3458,{'Output': 'mismatch'},"0,-\', \'Pakketpost DHL\': \'€ 0,-\', \'Pakketpost TNT\': \'€ 0,-\', \'Pakketpost PostNL\': \'€ 0,-\', \'Pakketpost UPS\': \'€ 0,-\', \'Pakketpost DHL Parcel\': \'€ 0,-\"
3459,{'Output': 'mismatch'},"Drive\', \'Tape Capacity\': \'320GB\', \'Data Transfer Rate\': \'36MB/s\', \'price\': \'""$1299.95"", ""USD""\', \'description\': \'  ""293472-B22 HP 320-GB SDLT Tape Drive"" ""HP 320GB SD"
3460,{'Output': 'mismatch'},"'359461-007-2Pack\', \'type\': \'Hard Drive Hot-Swap\', \'description\': \'  ""359461-007 HP 300-GB 10K FC-AL HDD"" ""Null""   ""Description:StorageWorks 300GB 10K Fibre Channel 40 pin 2"
3461,{'Output': 'mismatch'},""", ""$129.99""\', \'description\': \'  ""417190-002 HP 72GB 15K SAS Internal Hard Drive"" ""Null""   ""Description:1 x HP 72GB 15K SAS Internal Hard Drive"" ""Null""   ""Description:1 x HP 72GB 15K SAS Internal Hard Drive"" ""Null"""
3462,{'Output': 'mismatch'},"': \'Corsair Vengeance LPX Black 16GB (2x8GB) DDR4 PC4-21300 2666MHz Dual Channel Kit\', \'category\': \'Computer Memory\', \'subcategory\': \'DDR4 Memory\', \'brand\': \'Corsair\', \'sku\': \'cmk16"
3463,{'Output': 'mismatch'},"': \'455453\', \'Manufacturer\': \'HP\', \'description\': \'  ""233609-001 HP Ultra320 SCSI Controller"", ""Null"" Price 233609-001"" ""New 233609-001 Controller Wholesale\', \'title\': \'23"
3464,{'Output': 'mismatch'},"en\': \'340 x 208 x 432 mm\', \'description\': \'  \""Corsair - case 340mm\""@en  ""Corsair 340mm"" ""Corsair 340mm"" ""Corsair 340mm"" ""Corsair 340mm"" ""Corsair 340mm"" ""C"
3465,{'Output': 'match'},"96-001\', \'Products ID\': \'1079\', \'Storage Capacity\': \'300GB\', \'Technology\': \'10K RPM\', \'Form Factor\': \'3.5 in\', \'description\': \'  ""HP, 456896-001, HARD DRIVE"
3466,{'Output': 'mismatch'},"akketpost (vanaf € 50,-)\': \'€ 4,50\', \'description\': \'  ""WD10EZEX WD Blue WD10EZEX 1TB"", ""Null"" ""WD10EZEX WD Blue WD10EZEX 1TB"" ""Description:WD Blue WD10EZEX 1TB"""
3467,{'Output': 'mismatch'},"{""Output"": ""match""}"
3468,{'Output': 'mismatch'},"K RPM Hard Drive\', \'description\': \'  ""7200RPM 349GB 3.5\"" Hard Drive (DL320G6349237B21)""@tr  ""141941dl320harddrives""@tr\', \'title\': \'7200RPM 349GB 3.5"
3469,{'Output': 'mismatch'},"Capacity\': \'32GB (2 x 16GB)\', \'Tested Speed\': \'3200 MHz\', \'Tested Latency\': \'16-16-16-36\', \'Tested Voltage\': \'1.5v\', \'Registered / Unbuffered\': \'Unbuffered\', \'Error Checking"
3470,{'Output': 'mismatch'},"850 EVO Series M.2 250GB SATA 6Gbps Solid State Drive (MZ-N5E250BW)\', \'sku\': \'mzn5e250bw\', \'type\': \'Solid State Drive\'}', 'Entity_2': '{\'title\': \'Samsung 850 EVO Series M"
3471,{'Output': 'mismatch'},"{""Output"": ""match""}"
3472,{'Output': 'mismatch'},"36.4-GB 10K FC-AL HDD"", ""Null"" Price 238590b21"" ""New 238590-B21 10K Fibre Channel 40 pin 2GB/s HotSwap FCAL Hard Drive\', \'subcategory\': \'New 238590-B21 10K F"
3473,{'Output': 'mismatch'},"agate 500GB SATA II\', \'price\': \'""CAD"", ""$199.99 CAD""\', \'title\': \'Seagate Barracuda ES 500GB SATA-II 16MB Cache - OEM (ST3500630NS)\', \'subcategory\': \'\', \'brand\': \'Seagate\"
3474,{'Output': 'mismatch'},"SI (SAS) HDD\', \'brand\': \'HP\', \'sku\': \'dg0300bahzq\', \'type\': \'Hard Drive\', \'description\': \'  ""DG0300BAHZQ HP 300-GB 3G 10K 2.5 DP SAS HDD""   """
3475,{'Output': 'match'},"\': \'Null\', \'Category\': \'Hard Drive\', \'Sub-Category\': \'15K\', \'Generation\': \'SAS\', \'Part Number\': \'HP 430169-002\', \'Product ID\': \'455233_HP_HardDrives\', \'Capacity\': \'7"
3476,{'Output': 'match'},"'AMD\', \'sku\': \'AD640KOKHLBOX\', \'type\': \'Processor\', \'description\': \'  ""AMD A6-6400K 3.9GHz Dual-Core Processor""@en ""▷ AMD Pro\', \'description\': \'  ""AMD A6-6400K 3"
3477,{'Output': 'mismatch'},"'€ 2,99\', \'Pakketpost tot € 199,-\': \'€ 2,99\', \'Pakketpost tot € 299,-\': \'€ 2,99\', \'Pakketpost tot € 499,-\': \'€ 2,99\', \'Pakketpost tot € 999"
3478,{'Output': 'mismatch'},"{""Output"": ""mismatch""}"
3479,{'Output': 'mismatch'},"\', \'SKU\': \'STEA1000400\', \'Tweakers ID\': \'744414\', \'Productprijs\': \'€ 179,-\', \'Pakketpost Nederland\': \'€ 0,-\', \'iDeal\': \'€ 0,-\', \'Totaal\':"
3480,{'Output': 'mismatch'},"description\': \'  ""Kingston ValueRAM KVR13N9S8HK2/8 - Prijzen ""@NL Tweakers""@NL""  ""Kingston ValueRAM KVR13N9S8HK2/8 - Prijzen ""@NL Tweakers""@NL""  ""Kingston ValueRAM KVR13N9S8HK2/8 - Prijzen ""@"
3481,{'Output': 'mismatch'},"'Form Factor\': \'3.5 inch x 1 inch Plug-in Module\', \'Capacity\': \'5 x 450GB\', \'Interface Type\': \'FC-AL\', \'Data Transfer Rate\': \'2GB/s\', \'Rotational Speed\': \'10000RPM\', \'Pins\': \'40\"
3482,{'Output': 'mismatch'},"-inch 7200 RPM SATA Hard Drive"" Hard Drive (DL320 349237-B21) PCPartPicker\', \'title\': \'349237-B21 HP 80-GB 1.5-inch 7200 RPM SATA Hard Drive\', \'subcategory\': \'7.2K Hard Driv"
3483,{'Output': 'mismatch'},"olid State Drives\', \'description\': \'  ""SAMSUNG 850 EVO 250GB 2.5 Inch SATA III Internal SSD MZ-75E250BW"" "" SAMSUNG 850 EVO 250GB 2.5 Inch SATA III Internal SSD MZ-75E250BW"
3484,{'Output': 'mismatch'},"bytes\', \'Hot-Swap\': \'Yes\', \'Package Qty\': \'2\', \'price\': \'""$1,122.00 USD"" ""USD""\', \'description\': \'  ""628061-S21 SC 2Pack "" ""HP 3000GB 7.2K 3.5 inches SATA SC"
3485,{'Output': 'mismatch'},"'type\': \'Proliant Server\', \'description_full\': \'  ""323146-B21 BL20p Xeon 3.06GHz"" ""Null""   ""Description:PL BL20p 3.06 Xeon 1P M1 512K SA5I+ NC7781 I\', \'sku_2"
3486,{'Output': 'mismatch'},"type\': \'Hard Disk\', \'description_full\': \'  ""430169-002 HP 72-GB 3G 15K 2.5 DP SAS 5 Pack "" ""HP 430169-002 Part# -430169-002-5Pack""  ""Description: 43016"
3487,{'Output': 'mismatch'},"\'sku\': \'st1000dm003\', \'type\': \'Hard Drive\', \'description\': \'  ""ST1000DM003 Seagate 1-TB 7.2K 3.5 6G SATA HDD"" ""Null""   ""Description:Seagate Barracuda (The Power of One) 1TB"
3488,{'Output': 'mismatch'},"-Plug 7.2K 3.5-inch SATA Hard Drive\', \'description\': \'  ""ST31000640NS Seagate 1-TB 7.2K 3.5 SATA"" ""ST31000640NS Seagate 1-TB 7.2K 3.5 SATA""   ""Description: 1"
3489,{'Output': 'mismatch'},"121]\', \'/mpn\': \'[431121]\', \'brand\': \'Hewlett-Packard\', \'category\': \'Hard Drives\', \'Category\': \'Hard Drives\', \'Sub-Category\': \'Internal Hard Drives\', \'Generation\': \'7200RPM\', \"
3490,{'Output': 'match'},"RAID\': \'RAID 0, RAID 1, RAID 10, RAID 5\', \'price\': \'\""CAD\"", \""$1,064.12 CAD\""', \'description\': \'  \""359031-B21 BL20P G2 Xeon 3.2GHz 2M (2"
3491,{'Output': 'mismatch'},"inches x 1 inch\', \'price\': \'""CAD"", ""$1,034.74 CAD""\', \'description\': \'  ""341-1237-5Pack Dell 36GB 15K Ultra320 SCSI Internal Hard Drive"" ""Null""   ""Description:10 Pack"" ""New 341-1237-5Pack"
3492,{'Output': 'match'},"Apple - 12.9- Inch iPad Pro with Wi-Fi 32 GB Gold"" "" Apple iPad Pro 12.9-inch 32GB Wi-Fi Gold (MTXP2LL/A) - B&H Photo Video""@en ""Apple iPad Pro 12.9-inch 32GB Wi-Fi Gold (MTXP2LL/A) - B&H Photo Video"""
3493,{'Output': 'mismatch'},"21 HP 1GB ( 2 x 512KB ) DDR SDRAM 400MHz (PC3200) DIMM 184-pin Server Memory"" ""New 376638-B21 HP Memory - Guaranteed Genuine HP Memory""@en-gb  ""376638-B21 HP Memory - Guaranteed Genu"
3494,{'Output': 'match'},"/mpn\': \'[bx20122i]\', \'brand\': \'Intel\', \'category\': \'Processors\', \'Categorie\': \'Processoren\', \'Product\': \'Intel Core i7-20122I\', \'Uitvoering\': \'Boxed\', \'EAN\': \'"
3495,{'Output': 'mismatch'},"{""Output"": ""mismatch""}"
3496,{'Output': 'mismatch'},"', \'Sub-Category\': \'10K\', \'Generation\': \'Fibre Channel\', \'Part Number\': \'HP 508429-001\', \'Product ID\': \'144448\', \'Type\': \'Hard Drive Hot-Swap\', \'Form Factor\': \'3.5 inch x"
3497,{'Output': 'mismatch'},"agate 1-TB 7.2K 3.5 SATA HDD "" ""Description: 1.0TB Seagate Barracuda ES.2 Hot-Plug Serial ATA (SATA) 3.0GB/s 7200 RPM 3.5-inch for "" ""New ST31000640NS SATA 10 Pack Wholesale Price ST3"
3498,{'Output': 'mismatch'},"417772-B21\', \'Products ID\': \'455537\', \'Product Type\': \'Processor\', \'Processor Type\': \'Intel Xeon\', \'Processor Core\': \'Quad-Core\', \'Processor Qty\': \'1\', \'Clock Speed\': \'2.66GHz\"
3499,{'Output': 'mismatch'},"24NS\', \'sku\': \'st31000524ns\', \'type\': \'Hard Drive\'}', 'Entity_2': '{\'title\': \'ST31000524NS Seagate 1-TB 7.2K 3.5 3G SATA\', \'category\': \'Hard Drives\',"
3500,{'Output': 'mismatch'},"\', \'sku\': \'bd03656aba\', \'type\': \'Hard Drive\'}', 'Entity_2': '{\'title\': \'BD03656ABA HP 36.4-GB 10K FC-AL\', \'category\': \'Hard Drives\', \'subcategory\': \'10K\', \'"
3501,{'Output': 'mismatch'},10K SAS 10000RPM 146GB 10K SAS 146GB 10K SAS 146GB 10K SAS 146GB 10K SAS 146GB 10K SAS 146GB 10K SAS 146GB 10K SAS 146GB
3502,{'Output': 'mismatch'},"': \'Description:5 x StorageWorks 72.8GB 10K Fibre Channel \', \'description\': \'  ""359461-001 HP 72.8-GB 10K FC-AL"" ""Null""   ""Description:5 x StorageWorks 72.8GB 10K Fibre Channel \'}', 'Output': 'mism"
3503,{'Output': 'mismatch'},"/mpn\': \'[430165003]\', \'brand\': \'HP\', \'category\': \'Computers_and_Accessories\', \'Category\': \'Proliant HardDrive\', \'Sub-Category\': \'15K\', \'Generation\': \'SAS\', \'Part Number\': \'430"
3504,{'Output': 'mismatch'},"146GB 6G 15K 2.5 DP SAS HDD\', \'brand\': \'HP\', \'sku\': \'eh0146fawjb\', \'type\': \'Hard Drive - Hot-Swap\', \'description\': \'  ""EH0146FAWJB HP 146-GB"
3505,{'Output': 'mismatch'},"""408850-B21 HP 1GB (2x512MB) PC2-5300 SDRAM Kit"" ""Null"" ""New 408850-B21 Kit Wholesale Price 408850-B21"" ""Description: HP 1GB (2x512MB) PC2-5300 SDRAM Kit""'}"
3506,{'Output': 'mismatch'},"\'Proliant Server\', \'Sub-Category\': \'BL20\', \'Generation\': \'G2\', \'Part Number\': \'300876-B21\', \'Products ID\': \'15401\', \'Cache Memory\': \'2 MB L3 cache\', \'Cache Per Processor\': \'1 MB"
3507,{'Output': 'mismatch'},"5K 2.5 DP SAS HDD\', \'subcategory\': \'Description:10 x 72GB 2.5-inch Serial Attached SCSI (SAS) SFF3G Dual Port Hot-Plug 15K Hard Disk DriveFor G1-G7 Proliant SAS ServersGenuine HPE number\', \'sku\': \'hp5"
3508,{'Output': 'mismatch'},"722101111]\', \'category\': \'Computers_and_Accessories', \'Categorie\': \'Personencomputers\', \'Merk\': \'Gigabyte\', \'Product\': 'Gigabyte GA-Z170N-Gaming 5 LGA1151 Intel Z170 Micro ATX Motherboard\', \"
3509,{'Output': 'match'},"{""Output"": ""match""}"
3510,{'Output': 'mismatch'},"Band Wireless N PCI-E Adapter Atheros 3T3R 2.4/5GHZ 802 11A/B/G/N\', \'subcategory\': \'Wireless Network Adapters\', \'brand\': \'TP-Link\', \'sku\': \'TL-WDN4800\', \'type\': \'"
3511,{'Output': 'mismatch'},"': \'P411\', \'price\': \'""USD"", ""$1,199.99""\', \'description\': \'  ""578229-B21 HP P411 256MB 10-Port 1Gb Fibre Channel Controller"" ""Null"" Price 578229-B21"" ""Description:10 x"
3512,{'Output': 'mismatch'},"'Memory\': \'2GB DDR3\', \'Networking\': \'Gigabit Ethernet\', \'description\': \'  \""ReadyNAS 212 2-Bay Network Attached Storage (NAS) Server\"" ReadyNAS 212 2-Bay Network Attached Storage (NAS) Server | RN212""  ""ReadyNAS 21"
3513,{'Output': 'mismatch'},"21 HP Intel Xeon E5-2650L 1.8GHz BL460c G8\', \'category\': \'\', \'subcategory\': \'\', \'brand\': \'HP\', \'sku\': \'643778-b21\', \'type\': \'Intel Xeon E5-2650"
3514,{'Output': 'mismatch'},"ate\', \'sku\': \'st1000dm003\', \'type\': \'Desktop Hard Drive\', \'description\': \'  ""ST1000DM003 Seagate 1-TB 7.2K 3.5 6G SATA 64MB Desktop Hard Drive"" ""ST1000DM003 Seag"
3515,{'Output': 'match'},"'{\'/mpn\': \'[bx80671i76800k]\', \'category\': \'\', \'Compatibility\': \'Desktop\', \'Process Technology\': \'14 nm\', \'Clock Speed\': \'3.40 GHz\', \'Processor Socket\': \'Socket LGA 2011-v"
3516,{'Output': 'mismatch'},"ached SCSI (SAS) 6Gb/s 10K RPM Hot-Plug Hard Drive\', \'description\': \'  ""5 x 300GB 2.5-inch Serial Attached SCSI (SAS) 6Gb/s 10K RPM Hot-Plug Hard Drive"" ""New DG0300FARVV SAS 5 Pack Wholes"
3517,{'Output': 'mismatch'},".5 DP SAS HDD\', \'subcategory\': \'Description:72GB 2.5-inch Serial Attached SCSI (SAS)SFF 3G Dual Port Hot-Plug 15K Hard Driv\', \'sku\': \'dh0072balwl\', \'type\': \'2.5-inch Serial Attached SCSI (SAS"
3518,{'Output': 'mismatch'},"GHz Base Clock, 3.80GHz Max Turbo Frequency, 6MB Cache, 65W TDP, 1151 Socket, Kaby Lake\', \'description\': \'  ""7th Generation Intel® Core™ i5 7500 3.4GHz Socket LGA1151 (Kaby Lake) Processor - Retail ""@en Kab\',"
3519,{'Output': 'mismatch'},"', \'Productprijs\': \'€ 599,-\', \'Opsturen Nederland vanaf € 549,-\': \'€ 0,-\', \'iDeal\': \'€ 0,-\', \'Totaal\': \'€ 599,-\', \'description\': \'  ""Asus TURBO-GTX1070"
3520,{'Output': 'mismatch'},"'456896001\', \'type\': \'Description:5 x 400GB Serial Attached SCSI (SAS) 10K 3.5-inch Dual Port Hot-Plug Hard DriveIn HPE Drive tray (as pictured)For G1-G7 Proliant SAS Server\', \'description\': \'  ""456896-"
3521,{'Output': 'mismatch'},"{""Output"": ""match""}"
3522,{'Output': 'mismatch'},"GB 10K 2.5 SP SAS HDD"", ""Null"" Price 430165-003"" ""New 430165-003 10 Pack HDD Wholesale 430165-003""   ""Description:10 x 146GB Serial Attached SCSI (SAS) 2.5-inch HotPlug"
3523,{'Output': 'mismatch'},"AS\', \'category\': \'Null\', \'subcategory\': \'New DG0146FAMWL SAS 10 Pack Wholesale Price DG0146FAMWL-10Pack\', \'brand\': \'HP\', \'sku\': \'dg0146famwl10pack\', \'type\': \'2"
3524,{'Output': 'mismatch'},"001 HP Intel Xeon MP 2.2GHz DL560\', \'category\': \'Null\', \'subcategory\': \'Intel Xeon MP\', \'brand\': \'HP\', \'sku\': \'377239001\', \'type\': \'Intel Xeon DL560 MP\', \"
3525,{'Output': 'mismatch'},"\': \'G5\', \'Part Number\': \'643778-B21\', \'Products ID\': \'458226\', \'Product Type\': \'Processor\', \'Processor Type\': \'Intel Xeon\', \'Processor Core\': \'Quad-Core\', \'Processor Qty\': \'1\"
3526,{'Output': 'match'},"15,-)\': \'€ 0,-\', \'Pakketpost (tot € 20,-)\': \'€ 0,-\', \'Pakketpost (tot € 15,-)\': \'€ 0,-\', \'Pakketpost (tot € 10,-)\': \'€ 0,-\', \'Pakketpost (tot € 5,-)\':"
3527,{'Output': 'match'},"3.0 ports\', \'description\': \'  ""ReadyNAS 212 2-Bay Network Attached Storage (NAS) Server with Quad Core 1.4GHz ARM Cortex A15 Processor and 2GB RAM (RN21200100NES)""@en ReadyNAS 212 2-Bay Network Attached Storage (NAS) Server"
3528,{'Output': 'mismatch'},"'GPS_and_Accessories\', \'Sub-Category\': \'GPS_and_Accessories\', \'title\': \'Garmin nuvi 270 GPS Navigator\', \'description\': \'  ""Garmin nuvi 270 GPS Navigator\', \'sku\': \'gaz270nwifi\', \'type\': \"
3529,{'Output': 'mismatch'},"ac\', \'sku\': \'ztp1080tiamp\', \'type\': \'Computers en netwerkapparatuur\', \'description\': \'  \""Zotac GeForce GTX 1080 Ti AMP Edition - Prijzen ""@NL Tweakers""@NL\"" ""Zotac GeForce GTX 1080 Ti AMP Edition - Pri"
3530,{'Output': 'mismatch'},"8b21]\', \'brand\': \'HP\', \'category\': \'\', \'Category\': \'Proliant Controller\', \'Sub-Category\': \'HBA\', \'Generation\': \'SC40Ge\', \'Part Number\': \'500658-B21\', \'Products ID\': \'4582"
3531,{'Output': 'mismatch'},"\'description\': \'  ""Intel Core i7-7800X 3.5GHz (Skylake X / Basin Falls) Socket LGA2066 Processor"" Processor - Retail\', \'description\': \'  ""Intel Core i7-7800X 3.5GHz (Skylake X / Basin Falls) Socket LGA20"
3532,{'Output': 'mismatch'},"': \'€ 0,-\', \'Pakketpost (vanaf € 29,95)\': \'€ 0,-\', \'Pakketpost (vanaf € 30,-)\': \'€ 0,-\', \'Pakketpost (vanaf € 30,-)\': \'€ 0,-\', \'Pakketpost (vanaf € 30"
3533,{'Output': 'mismatch'},"{""Output"": ""mismatch""}"
3534,{'Output': 'mismatch'},"': \'199.99\', \'description\': \'  \""Intel Core i7-7700K 4.2GHz Quad-Core Processor (Socket LGA1151) - Boxed Version\""@en Processor/CPU LN65569 - BX80677I77700K | SCAN', \'title\': \'"
3535,{'Output': 'mismatch'},"\'Pakketpost DPD\': \'€ 3,95\', \'Pakketpost - Voor 23.59 besteld, morgen gratis thuisbezorgd!\': \'€ 3,99\', \'description\': \'  ""Sandisk SDHC 16GB Class 2"" ""Sandisk SDHC 16GB Class 2"""
3536,{'Output': 'match'},"\'295643-B21\', \'Products ID\': \'6185\', \'Form Factor:\': \'Blade\', \'Processor:\': \'Xeon MP 1.5GHz\', \'Processors Qty:\': \'1\', \'Installed Memory:\': \'512 MB (DDR SDRAM)\', \"
3537,{'Output': 'mismatch'},"category\': \'Samsung 850 EVO Series\', \'brand\': \'Samsung\', \'sku\': \'MZ-N5E250BW\', \'type\': \'Samsung 850 EVO Series\', \'description\': \'  ""Samsung 850 EVO Series M.2 250GB"
3538,{'Output': 'mismatch'},"\', \'type\': \'Wireless N PCI Express 2.0 adapter\', \'description\': \'  ""TP-LINK TL-WN881ND - network adapter""@en TL-WN881ND - network adapter "" ""Wireless N PCI Express 2.0 adapter""@en  ""Wireless N PCI Express 2.0 adapter""@en  ""Wireless N PCI"
3539,{'Output': 'mismatch'},"{""Output"": ""match""}"
3540,{'Output': 'mismatch'},"': \'  ""Seagate ST2000DM001 2TB SATA 6Gb/s 64MB Cache 7200RPM Hard Drive"" ""Seagate ST2000DM001 2TB SATA 6Gb/s 64MB Cache 7200RPM Hard Drive""@en ""▷ Seagate (ST2"
3541,{'Output': 'mismatch'},"ategorie\': \'Memory\', \'Merk\': \'Kingston\', \'Product\': \'Kingston ValueRAM 1GB DDR2 SDRAM 240-Pin Synchronous DDR2 PC2 3200 400MHz CL5 DDR2 SDRAM\', \'Uitvoering\': \'Single Module\', \’Description:King"
3542,{'Output': 'mismatch'},"\', \'EAN\': \'0740617216950, 7406172169508\', \'SKU\': \'kvr13n9s8hk28\', \'Tweakers ID\': \'101111\', \'description\': \'  \""Kingston ValueRAM KVR"
3543,{'Output': 'match'},"MHz SDRAM Kit"" ""Null""   ""New 300680-B21 Kit Wholesale Price 300680-B21"" ""300680-B21 HP 2GB (2x1GB) 266MHz SDRAM Kit"" ""300680-B21 HP 2GB (2x1GB) 2"
3544,{'Output': 'mismatch'},"bit\', \'description\': \'  \""I3 6100 Intel Core i3-6100U Processor 2M Cache 3.7 GHz\"", ""Null"" Price I3 6100\"" ""New I3 6100 Processor Wholesale  \""De', \'title\': \'I3 6100 Intel Core i3-6100"
3545,{'Output': 'mismatch'},"{""Output"": ""mismatch""}"
3546,{'Output': 'mismatch'},"II\', \’Capacity\': \'1TB\', \'description\': \'  \""1TB SATA II 7.2K HP Proliant Enterprise Hard Drive\""@en Hard Drive 658071B21 | HP\', \'title\': \'1TB SATA II 7.2K HP Proliant Enterprise Hard Drive\', \'sku\': \'"
3547,{'Output': 'mismatch'},"DR3 1600MHz PC3-12800 240-Pin DIMM CL9 DDR3 Memory Module CMSX3232C9M2A1600C9R\', \'title\': \'Corsair Memory Vengeance Pro Series Silver 16GB DDR3 1600MHz PC3-12800 24"
3548,{'Output': 'mismatch'},".2, AVX, AVX2, FMA3, TSX, AES, SHA, BMI1, HMMA, FMA3-AVX, AVX2-FMA3, TSX-AVX, AES-AVX, SHA-AVX, BMI1-AVX, HMMA-AVX, FMA3-AVX2, AVX2-FMA3, TS"
3549,{'Output': 'mismatch'},"Tweakers ID\': \'340708\', \'Productprijs\': \'€ 119,95\', \'Pakketpost Nederland\': \'€ 12,04\', \'iDeal\': \'€ 0,-\', \'Totaal\': \'€ 131,99\', \'Pakketpost"
3550,{'Output': 'mismatch'},"': \'Corsair\', \'sku\': \'CMK32GX4M2B3000C15\', \'type\': \'Memory\'}', 'Entity_2': '{\'title\': \'Corsair Vengeance LPX 32GB (2 x 16GB) DDR4-3000 Memory\', \'category\': \'"
3551,{'Output': 'mismatch'},"{""Output"": ""mismatch""}"
3552,{'Output': 'mismatch'},".5 inch, 5400 rpm, 64MB Cache, SATA 6GB/s, OEM\', \'description\': \'  ""WD Red 3TB 5400rpm SATA 6Gb/s 64MB Cache HDD OEM (WD30EFRX)""@en OEM (WD30EFRX)""@en\'}', 'Output':"
3553,{'Output': 'mismatch'},"\': \'3854008812321\', \'brand\': \'Intel\', \'category\': \'Null\', \'Category\': \'Proliant Server\', \'Sub-Category\': \'BL60\', \'Generation\': \'Intel Xeon E5-2600 v2\', \'Part Number\':"
3554,{'Output': 'mismatch'},"\'10000 RPM\', \'description\': \'  \""HP DG0146FAMWL 146GB SAS 10K Hot-Swap Hard Drive\""@en Hard Drive DG0146FAMWL - HP""@en  ""\'}', 'Entity_2': '{\'title\': \'HP DG0146FAMWL 14"
3555,{'Output': 'mismatch'},"127005031-256MB\', \'Product ID\': \'460079_Infineon_Memory\', \'Type\': \'Memory Module\', \'Form Factor\': \'DIMM\', \'Capacity\': \'256MB\', \'Interface\': \'PC2700\', \'price\': \'"""
3556,{'Output': 'mismatch'},"': \'KVM Switches\', \'Sub-Category\': \'KVM Switches\', \'Generation\': \'Null\', \'Part Number\': \'336047-B21\', \'Products ID\': \'1141252\', \'Manufacturer\': \'Null\', \'Product Type\': \'KVM USB Console"
3557,{'Output': 'match'},"mal Design Power\': \'80W\', \'description\': \'  \""458418-B21 HP Proliant Xeon 5110 Processor\""  \""Null\"" ""Description:1 x HP Proliant Xeon 5110 Processor""', \'title\': \'458418-B21 HP Proliant Xeon"
3558,{'Output': 'mismatch'},"5 x 3.5 inches\', \'Units in Package\': \'1\', \'description\': \'  ""Intel Core i3-4150 Processor BX80646I34150 (4MB Cache, 3.5 GHz)"" ""Computers | Comp\', \'title\': \'Intel Core i3-4150 Processor BX8"
3559,{'Output': 'mismatch'},"': \'430165-003\', \'/mpn\': \'[430165003]\', \'brand\': \'HP\', \'category\': \'\', \'Category\': \'Proliant HardDrive\', \'Sub-Category\': \'10K\', \'Generation\': \'SAS\', \'"
3560,{'Output': 'mismatch'},"4)\': \'€ 0,-\', \'description\': \'  ""Gigabyte GA-Z270N-WIFI - Prijzen ""@NL Tweakers""@NL"" ""GA-Z270N-WIFI"" ""Gigabyte GA-Z270N-WIFI"" ""Gigabyte GA-Z270N-WIFI"" ""Gigabyte"
3561,{'Output': 'mismatch'},"1-2Pack"" ""New 359461-001 FC-AL 2 Pack Who\', \'price\': \'""USD"", ""$85.95""\', \'partnumber\': \'359461-001\', \'type\': \'Description:5 x StorageWorks 72.8GB 10K Fibre Channel 40"
3562,{'Output': 'mismatch'},"00630NS SATA 2 Pack Wholesale"" ""Description:2 x HPE 500GB Hot-Plug Serial ATA (SATA) 1.5G 7200RPM 3.5-inch LFF NC"" ""Description:2 x HPE 500GB Hot-Plug Serial ATA (SATA) 1.5G 7200RPM"
3563,{'Output': 'mismatch'},"0,-\', \'Totaal\': \'€ 449,99\', \'description\': \'  ""667805-B21 HP Intel Xeon E5-2603 1.8 GHz"" ""HP Intel Xeon E5-2603 1.8 GHz""  ""Description:HP Intel Xeon E5-26"
3564,{'Output': 'mismatch'},"ujitsu 73-GB 10K 2.5 SAS HDD"" ""Null""   ""Description:Fujitsu 73GB Serial Attached SCSI "", \'title\': \'MAY2073RC Fujitsu 73-GB 10K 2.5 SAS HDD\', \'subcategory\': \'\', \'sku\': \'"
3565,{'Output': 'mismatch'},"3.5\"" HDD\', \'brand\': \'Western Digital\', \'sku\': \'wd2003fzex\', \'type\': \'2TB WD2003FZEX Black, Performance 3.5\"" HDD, SATA III - 6Gb/s, 7200rpm, 64MB Cache\', \'"
3566,{'Output': 'mismatch'},"Smart Array P410i Controller\', \'Uitvoering\': \'Boxed\', \'description\': \'  \""HP, 452348-B21, 128MB\"" ""Null""   ""Description:HP, 452348-B21, 128MB""@en 452348-B21 ""HP"
3567,{'Output': 'mismatch'},"B21-SC\', \'title\': \'361040-B21-HP Slim DVD DL145\', \'sku\': \'361040b21\', \'type\': \'DVD-ROM Drive\', \'formFactor\': \'Slim\', \'description2\': \'  ""HP, 361"
3568,{'Output': 'mismatch'},"""493083-001 HP 300-GB 3G 10K 2.5 DP SAS HDD""  ""Description:300GB 2.5-inch Serial Attached SCSI (SAS)SFF 3G Dual Port Hot-Plug 10K Hard DriveIn HPE Hot-Plug Hard Drive Caddy\', \'sku\':"
3569,{'Output': 'match'},"60-3G 3GB GDDR5 PCI Express Graphics Card""  ""Asus DUAL-GTX1060-3G 3GB GDDR5 PCI Express Graphics Card\', \'title\': \'Asus DUAL-GTX1060-3G 3GB GDDR5 PCI Express Graphics Card\', \'subcategory\': \'Videokaarten\', \'"
3570,{'Output': 'mismatch'},"1060G1 GAMING-3GD)""@en Card LN74506 - GV-N1060G1-3GD\', \'description_short\': \'Gigabyte GeForce GTX 1060 G1 Gaming 3072MB GDDR5 PCI-Express Graphics Card\', \'description_long\': \'Gigabyte Ge"
3571,{'Output': 'mismatch'},"{""Output"": ""match""}"
3572,{'Output': 'mismatch'},"{""Output"": ""match""}"
3573,{'Output': 'mismatch'},"': \'€ 119,99\', \'description\': \'  \""MZ-N5E250BW Samsung 120GB SSD 2.5-inch Internal Solid State Drive\"" ""Null""   ""Description:120GB 2.5-inch Internal Solid State Drive\""', \'title\': \'MZ-N5E250BW Samsung"
3574,{'Output': 'mismatch'},"169-002 HP 72-GB 3G 15K 2.5 DP SAS SFF3G Dual Port Hot-Plug 15K Hard Disk DriveIn HPE Drive tray (as pictured)For G1-G7 Proliant\', \'brand\': \'HP\', \'sku\': \'430169-002"
3575,{'Output': 'mismatch'},"8GX3M2A1600C9 Vengeance LP 16GB (2 x 8GB) DDR3 1600MHz CL9\', \'description\': \'  ""Corsair Vengeance LP 16GB (2 x 8GB) DDR3 1600MHz CL9""@en-GB 16GB (2 x 8GB"
3576,{'Output': 'mismatch'},"Socket FM2+) Kaveri Quad Core Processor (AD870KXBJCSBX)\', \'sku\': \'ad870kxbi44jc, ad870kxbjcsbx\', \'type\': \'Processor\', \'description_short\': \'AMD Athlon X4 870K Black Edition 3.90"
3577,{'Output': 'mismatch'},"16GB DDR3 1866MHz 2x8GB""@en 8GB LN73386 - CMZ16GX3M2A1866C10R\', \'title\': \'Corsair Memory Vengeance Performance 16GB DDR3 1866MHz 2x8GB\', \'subcategory\': \'"
3578,{'Output': 'match'},"{""Output"": ""match""}"
3579,{'Output': 'mismatch'},"\'Memory\': \'1 GB DDR2 SDRAM\', \'description\': \'  ""333773-B21 HP BL10e G2 Server 1GB DDR2 SDRAM 1 x Intel Pentium 1GHz""@en Support LN733773-B21 - 333773-B21 | SCAN 4"
3580,{'Output': 'match'},"112111]\', \'brand\': \'Apple\', \'category\': \'Computers_and_Accessories\', \'Category\': \'Mice\', \'Sub-Category\': \'Wired Mice\', \'title\': \'Apple Magic Mouse 2\', \'description\': \'  ""Apple Magic Mouse 2 - Prijzen ""@"
3581,{'Output': 'match'},"'Corsair Value Memory 4GB DDR3 1333 Mhz CAS 9 Dual Channel Desktop\', \'category\': \'Desktop\', \'subcategory\': \'LN32202 - CMV4GX3M2A1333C9\', \'brand\': \'Corsair\', \'sku\': \'cm"
3582,{'Output': 'mismatch'},"IOPS, 128GB SLC Cache\', \'description\': \'  ""500GB Samsung 750 EVO, 2.5\"" SSD, SATA III - 6Gb/s, Read 540MB/s, Write 520MB/s, 98k IOPS, 128GB SLC Cache"" ""SAMSUNG"
3583,{'Output': 'mismatch'},"{""Output"": ""mismatch""}"
3584,{'Output': 'mismatch'},"Motherboard\', \'description_full\': \'  ""Asus H81I-PLUS Motherboard, Mini-ITX Core i Max. 16GB 4xSATA PCIe 2.0 x16 GigLAN\', \'  This motherboard is based on the Intel H81 Express chipset and supports 2nd and 3rd generation Intel Core i3, i5 and i7"
3585,{'Output': 'mismatch'},"25,-)\': \'€ 0,-\', \'Pakketpost (vanaf € 15,-)\': \'€ 0,-\', \'Pakketpost (vanaf € 10,-)\': \'€ 0,-\', \'Pakketpost (vanaf € 5,-)\': \'€ 0,-\', \'description\': \'  ""Intel"
3586,{'Output': 'mismatch'},"{""Output"": ""mismatch""}"
3587,{'Output': 'mismatch'},"arracuda\', \'Type\': \'Interne harde schijf\', \'Formaat\': \'3.5 inch\', \'Capaciteit\': \'340GB\', \'Interface\': \'SATA\', \'Aantal polen\': \'45\', \'Omschrijving\': \'  ""Seagate Barracuda"
3588,{'Output': 'mismatch'},"\': \'DDR4 RAM\', \'brand\': \'Corsair\', \'sku\': \'cmk16gx4m2a21300c15r\', \'type\': \'Vengeance Red LED\', \'description\': \'  ""Corsair Vengeance Red LED 16GB (2x8GB) DDR4 PC"
3589,{'Output': 'mismatch'},"{""Output"": ""mismatch""}"
3590,{'Output': 'mismatch'},"{""Output"": ""mismatch""}"
3591,{'Output': 'mismatch'},"DR SDRAM\', \'Memory Slots:\': \'4\', \'Memory Type:\': \'PC3200\', \'Memory Upgradeable:\': \'Yes\', \'description\': \'  ""293461-B21 HP BL40 Blade Server 512MB DDR SDRAM 400MHz PC3200 1."
3592,{'Output': 'mismatch'},"\'MZ750500BW, MZ750500BW-500GB\', \'Tweakers ID\': \'275693\', \'Productprijs\': \'€ 119,95\', \'Pakketpost\': \'€ 0,-\', \'iDeal\': \'€ 0"
3593,{'Output': 'match'},"{""Output"": ""match""}"
3594,{'Output': 'mismatch'},"400GB 3.5-inch Serial Attached SCSI (SAS) 10K Hard Drive\', \'brand\': \'HP\', \'sku\': \'456896001\', \'type\': \'3.5-inch Serial Attached SCSI (SAS) 10K Hard Drive\', \'description\': \'  ""45"
3595,{'Output': 'mismatch'},"', \'type\': \'Intel Core i7-7800X 3.5GHz 12-Core Processor\', \'description\': \'  ""7th Generation Intel® Core™ i7 7800X 3.5GHz Socket LGA2066 (Skylake-X) Processor - Retail ""@en Skylake-X\', \'title"
3596,{'Output': 'mismatch'},"': \'Processor\', \'description\': \'  ""445974-B21 HP Opteron 2354 2.2GHz DL165 G5"" ""Null""   ""Description:HP AMD Opteronï¿½ 2354 DL165 G5(2.2GHz/4-core/2MB/75W ACP)Full Processor"
3597,{'Output': 'mismatch'},"description\': \'  ""TP-Link TL-SG1005D for Desktop Switch 5-port Gigabit""@en TP-Link TL-SG1005D for Desktop Switch 5-port Gigabit Switch""@en Switch\', \'description_en\': \'  ""TP-Link TL-SG1005D for Desktop Switch 5-port Gig"
3598,{'Output': 'match'},"'€ 0,-\', \'iDeal (vanaf € 25,-)\': \'€ 0,-\', \'iDeal (vanaf € 50,-)\': \'€ 0,-\', \'iDeal (vanaf € 75,-)\': \'€ 0,-\', \'iDeal (vanaf € 100,-)\': \'€"
3599,{'Output': 'mismatch'},"ap\': \'No\', \'description\': \'  ""New 508429-001 SAS 5 Pack Wholesale ""@en ""▷ New 508429-001 SAS 5 Pack Wholesale | OcUK""@en ""▷ New 508429-001 SAS 5 Pack Wholesale |"
3600,{'Output': 'mismatch'},"agate\', \'category\': \'Proliant HardDrive\', \'Sub-Category\': \'7.2K\', \'Generation\': \'Ultra2\', \'Part Number\': \'ST3500630NS\', \'Products ID\': \'462717\', \'Type\': \'Hard Drive - Hot-Sw"
3601,{'Output': 'mismatch'},"Gemiddelde leestijd\': \'11,0 μs\', \'Filecopy to Disk - Medium - Gemiddelde schrijftijd\': \'111,0 μs\', \'Filecopy to Disk - Medium - Gemiddelde opentijd\': \'271,0 μs\', \'Filecopy to Disk - Medium - Gemiddelde"
3602,{'Output': 'mismatch'},"100 1GB\', \'description\': \'  ""287497-B21 HP 1GB 266MHz DDR PC2100"" ""Description:1GB PC2100 DDR Registered ECC 184pin DIMM\', \'subcategory\': \'\', \'sku\': \'287497b2"
3603,{'Output': 'mismatch'},"': \'Chrome (3C)\', \'subcategory\': \'\', \'brand\': \'Lenovo\', \'sku\': \'3c3c0012us\', \'type\': \'3C Celeron N3160 1.6GHz 4GB 16GB 11.6"" HD MT Chrome\', \'description\': \"
3604,{'Output': 'mismatch'},"4 GB RAM\', \'category\': \'NVIDIA RAM\', \'subcategory\': \'NVIDIA Quadro K1200 Graphics Card\', \'brand\': \'NVIDIA\', \'sku\': \'NVIDIA Quadro K1200 - Incredible 3D application performance in a flexible form factor. Now included in\', \'"
3605,{'Output': 'mismatch'},"]\', \'brand\': \'HP\', \'category\': \'Networking Products\', \'Category\': \'Networking Products\', \'Sub-Category\': \'Switches\', \'Generation\': \'Null\', \'Part Number\': \'144373\', \'Products ID\': \'144373\', \'Product Type"
3606,{'Output': 'mismatch'},"brand\': \'Seagate\', \'sku\': \'ST31000524NS\', \'type\': \'Description:Seagate Constellation ES 1TB Hot-Plug Serial ATA (SATA) NCQ 3.0GB/s 7200RPM 3.5-inch 32MB Hard Drive\', \'description\':"
3607,{'Output': 'match'},"4GB SD Memory Card"" ""Kingston Ultimate 64GB SD Memory Card"" ""Kingston Ultimate 64GB SD Memory Card"" ""Kingston Ultimate 64GB SD Memory Card"" ""Kingston Ultimate 64GB SD Memory Card"" ""Kingston Ultimate 64GB SD Memory Card"" ""Kingston Ultimate 64GB SD Memory Card"" ""Kingston Ultimate 64GB SD Memory Card"
3608,{'Output': 'mismatch'},"liant\', \'Sub-Category\': \'Controller\', \'Generation\': \'Ultra2\', \'Part Number\': \'431786-B21\', \'Products ID\': \'1070\', \'RAID Level\': \'RAID 0, RAID 1, RAID 4, RAID 5\"
3609,{'Output': 'mismatch'},"'New 417190-002 5 Pack Wholesale Price 417190-002-5Pack\', \'sku\': \'4171900022pack,417190002,4171900025pack\', \'type\': \'5 Pack 72GB 15K"
3610,{'Output': 'mismatch'},"{""Output"": ""mismatch""}"
3611,{'Output': 'mismatch'},"ire Cooler"" ""AMD Ryzen 5 1500X Quad-Core Processor with Wraith Spire Cooler""  ""Description:AMD Ryzen 5 1500X Quad-Core Processor with Wraith Spire Cooler""  ""Description:AMD Ryzen 5 1500X Quad-Core Processor with Wraith Spire Cooler""  """
3612,{'Output': 'mismatch'},"{""Output"": ""mismatch""}"
3613,{'Output': 'mismatch'},"\', \'Interface\': \'Serial Attached SCSI (SAS)\', \'Enclosure\': \'Internal\', \'Drive Dimensions\': \'3.5 inches x 1/3H (Low Profile)\', \'Spindle Speed\': \'7200RPM\', \'External Data Transfer\': \'300MB/s\', \'Seek Time\"
3614,{'Output': 'mismatch'},"\', \'description\': \'  \""430165-003 HP 146GB 10K SAS Hard Drive\"" "" New 430165-003 SAS Hard Drive Wholesale Price 430165-003\""  \'}', 'Entity_2': '{\'title\': \'HP 146GB 10K"
3615,{'Output': 'mismatch'},"700\', \'description\': \'  \""Intel Core i7 7700 3.4GHz Quad Core Processor (Socket LGA 1156) - SCAN UK\"" ""Intel Core i7 7700 3.4GHz Quad Core Processor (Socket LGA 1156) - SCAN UK""   ""Description: Intel Core i7"
3616,{'Output': 'mismatch'},"\': \'Controller\', \'Part Number\': \'291966-B21\', \'Product ID\': \'1001616\', \'Type\': \'Controller\', \'description\': \'  ""Null"", ""BD03656ABA HP 36.4-GB 10K FC-AL"" Price BD036"
3617,{'Output': 'mismatch'},"9237b21\', \'349237b21\'], \'type\': \'Hard Drive\', \'description\': \'  ""349237-B21 HP 80-GB 1.5G 7.2K 3.5 SATA HDD"" ""DL320 G5p 349237-B21"
3618,{'Output': 'mismatch'},"285pack\', \'type\': \'Hard Drive\', \'description\': \'  ""BD03655B28 HP 36.4-GB 10K FC-AL"" ""Null""   ""Description:10 x StorageWorks 36.4GB 10K Fibre Channel\', \'price\': \'""USD"", ""$119.9"
3619,{'Output': 'mismatch'},"C15R - Prijzen ""@NL Tweakers""@NL\""   ""Corsair Vengeance LPX 16GB (4 x 4GB) DDR4 3200MHz C15 - Prijzen ""@NL Tweakers""@NL\""   ""Corsair Vengeance LPX 16GB (4 x 4GB) DDR4 3200MHz C"
3620,{'Output': 'mismatch'},"Entity_2': '{\'title\': \'Intel Core i5 6600 / 3.3 GHz processor\', \'category\': \'Intel processor\', \'subcategory\': \'BX80662I56600\', \'brand\': \'Intel\', \'sku\': \'bx80662i56"
3621,{'Output': 'mismatch'},"title\': \'Corsair Vengeance LPX 16GB (2x8GB) DDR4 2400MHz\', \'category\': \'Memory\', \'subcategory\': \'Corsair Vengeance LPX DDR4 memory modules\', \'brand\': \'Corsair\', \'sku\': \'cmk16gx4m"
3622,{'Output': 'mismatch'},"Quad Channel, 288-pin, C14\', \'type\': \'Memory\'}', 'Entity_2': '{\'title\': \'Corsair 32GB (4x8GB) Vengeance LPX DDR4 Black 2400Mhz C14\', \'category\': \'Computers & Accessories\', \'subcategory\': \'"
3623,{'Output': 'mismatch'},"'brand\': \'HP\', \'category\': \'HP\', \'description\': \'  ""43194300310pack HP 1GB 1GB 1GB 1GB 1GB 1GB 1GB 1GB 1GB 1GB 1GB 1GB 1GB 1GB 1GB 1GB 1GB 1GB"
3624,{'Output': 'mismatch'},"RX4 PC4-2133P-L KIT\', \'subcategory\': \'\', \'sku\': \'726722b21\', \'type\': \'RAM memory\'}', 'Entity_2': '{\'title\': \'HP 32GB 4RX4 PC4-2133P-L KIT\', \'category"
3625,{'Output': 'mismatch'},"9342262]\', \'category\': \'Memory\', \'Categorie\': \'Memory\', \'Merk\': \'Samsung\', \'Productserie\': \'DDR3\', \'Product\': \'Samsung 4GB DDR3 SDRAM DDR3 1333MHz PC3 10600 2"
3626,{'Output': 'mismatch'},"description\': \'  ""495605-B21 HP 64-GB (8x8GB) PC2-5300 SDRAM Kit"" ""Null""   ""Description:HP 64-GB (8x8GB) PC2-5300 SDRAM Kit"" ""New 495605-B21 Kit Who\', \'price\': \'"""
3627,{'Output': 'mismatch'},"\': \'HP 628061-S21\', \'Products ID\': \'458009\', \'Manufacturer\': \'HP\', \'Product Type\': \'Hard Drive\', \'Host Interface\': \'SATA SCSI\', \'Interface\': \'SATA SCSI\', \'Capacity\': \'1T"
3628,{'Output': 'mismatch'},"/mpn\': \'[431161001]\', \'category\': \'Null\', \'Category\': \'Proliant Memory\', \'Sub-Category\': \'Genuine HP Memory\', \'Generation\': \'677MHz\', \'Part Number\': \'431161-001\', \'Products"
3629,{'Output': 'match'},"\'Capacity\': \'2GB\', \'Description\': \'  ""461826-B21 HP 2GB PC2-5300 DIMM Memory Module"" ""New 461826-B21 Kit Wholesale""  ""Description:2GB PC2-5300 DIMM Memory ModuleIn HPE Memory\', \'title\': \'"
3630,{'Output': 'mismatch'},"'10000RPM\', \'Pins\': \'40\', \'Manufacturer\': \'HPE\', \'Pre-Failure Warranty\': \'Yes\', \'description\': \'  ""BD03655B28 HP 36.4-GB 10K FC-AL"" ""New BD03655B2"
3631,{'Output': 'mismatch'},"x)': \'11.3 lbs\', \'description\': \'  ""HP 500-GB 6G 7.2K 3.5 SATA SCSI Hard Drive 658071B21\', \'title\': \'HP 500-GB 6G 7.2K 3.5 SATA SCSI Hard Drive 6580"
3632,{'Output': 'mismatch'},"3RC Fujitsu 73-GB 10K 2.5 SAS HDD"" ""Null""   ""Description:Fujitsu 73GB Serial Attached SCSI (SAS) HDD\', \'description\': \'  ""MAY2073RC Fujitsu 73-GB 10K 2.5 SAS HDD"" ""Null""   ""Description"
3633,{'Output': 'match'},"\', \'price\': \'""GBP""@en, ""1199.99""@en\', \'Output\': \'match\'}', 'Entity_2': '{\'title\': \'603608-B21 HP Xeon X7560 2.26GHz BL620c G7 (2.26GHz/8-core/"
3634,{'Output': 'mismatch'},"0RPM\', \'description\': \'  ""HP 431943-003 146GB 15K 3.5 inches x 1/3H (Low Profile) SAS 2 Pack ""   ""Description:2 x 146GB 3.5 inches x 1/3H (Low Profile) SAS 15K Hard Disk Drive\', \'"
3635,{'Output': 'mismatch'},"\', \'category\': \'HP\', \'subcategory\': \'BL680c G7\', \'brand\': \'HP\', \'sku\': \'643778b21\', \'type\': \'Intel Xeon E78867\', \'description\': \'  ""643778-B2"
3636,{'Output': 'mismatch'},"n\': \'[hpeg0146]\', \'brand\': \'HP\', \'category\': \'Networking Products\', \'Category\': \'Networking Products\', \'Sub-Category\': \'Firewall\', \'Generation\': \'Gigabit\', \'Part Number\': \'HPEG0146\', \'Products"
3637,{'Output': 'mismatch'},"\'4\', \'Description\': \'  ""AMD A6-7400K Boxed Processor 3.5GHz Quad-Core 1MB L2 Cache Socket FM2+ AM3+ AM4\', \'title\': \'AMD A6-7400K Boxed Processor 3.5GHz Quad-Core 1MB L2 Cache Socket FM"
3638,{'Output': 'mismatch'},"518736-001 HP 450-GB 10K FC-AL HDD""@en 518736-001 ""HP  ""HP 450-GB 10K FC-AL HDD""@en\', \'price\': \'""CAD"", ""$1199.95 CAD""\', \'formfactor\': \'3"
3639,{'Output': 'mismatch'},"195XA8AEWOF""@en Processor\', \'title\': \'AMD Ryzen Threadripper 1950X 16-Core Processor ""@en | YD195XA8AEWOF""@en Processor\', \'subcategory\': \'\', \'brand\': \'AMD\', \'sku\': \'YD19"
3640,{'Output': 'mismatch'},"sku\': \'xta3510300gb10k\', \'type\': \'Hard Drive\', \'description\': \'  ""XTA-3510-300-GB-10K Sun 300-GB 10K HP FC-AL HDD"" ""Null""   ""Description:Sun 300GB 10K RPM"
3641,{'Output': 'mismatch'},"SATA 6Gb/s 3.5\"" (WD6001FZWX)""@en WD Black 6TB Performance Desktop Hard Disk Drive - SATA 6Gb/s 3.5\"" (WD6001FZWX)""@en\', \'title\': \'WD Black 6TB Performance Desktop Hard Disk Drive - SATA 6Gb"
3642,{'Output': 'mismatch'},"\'ST1000DM003 Seagate Barracuda 1TB SATA 6.0 Gbps Hard Drive\', \'sku\': \'st1000dm0035pack\', \'type\': \'Hard Drive\', \'description\': \'  ""ST1000DM003 Seagate Barracuda 1TB SATA"
3643,{'Output': 'mismatch'},"'Hard Drive\', \'Mfg. & Model:\': \'Western Digital WD10EZEX\', \'Mfg. Part #:\': \'WD10EZEX\', \'UPC:\': \'884344151754\', \'Description:\': \'WD10EZEX 1TB 7200RPM 64"
3644,{'Output': 'mismatch'},"{""Output"": ""mismatch""}"
3645,{'Output': 'mismatch'},"2b21]\', \'/sku\': \'34772b21\', \'brand\': \'HP\', \'category\': \'HP\', \'Category\': \'Proliant Processor\', \'Sub-Category\': \'Xeon\', \'Generation\': \'G6\', \'Part Number\': \'3477"
3646,{'Output': 'mismatch'},"': \'Yes\', \'description\': \'  ""I5 7500 4-Core 3.4GHz LGA1151 65W Intel® Core™ i5-7500 Processor (BX80677I57500) - 3.4GHz - 4-Core - 65W - Intel® Core™ i5-7"
3647,{'Output': 'match'},"-\', \'Pakketpost (vanaf € 15,-)\': \'€ 0,-\', \'Pakketpost (vanaf € 10,-)\': \'€ 0,-\', \'Pakketpost (vanaf € 5,-)\': \'€ 0,-\', \'Pakketpost (vanaf € 2,-)\': \'€ 0,-\',"
3648,{'Output': 'mismatch'},"{""Output"": ""match""}"
3649,{'Output': 'mismatch'},2 2.8GHz Xeon 512MB 1GB 4GB 10/100/1000Mbps 1GB 10/100/1000Mbps 1GB 10/100/1000Mbps 1GB 10/100/1000Mbps 1GB 10
3650,{'Output': 'mismatch'},"{""Output"": ""match""}"
3651,{'Output': 'match'},"apter""@en-US ""Other Tech Accessories - Page 1 | All Toys""', \'title\': \'SanDisk SDSDQ-016G CRG 16GB 8p MSDHC Micro Secure Digital High Capacity Card Class 4with Adapter\', \'subcategory\': \'Page 1 | All Toys\', \'brand\': \'Sandisk\', \"
3652,{'Output': 'mismatch'},"{""Output"": ""match""}"
3653,{'Output': 'mismatch'},"K\', \'Generation\': \'SATA SCSI\', \'Part Number\': \'ST3500630NS\', \'Products ID\': \'459457\', \'Capacity\': \'500GB\', \'Interface\': \'Serial ATA\', \'Connector\': \'22-Position Serial ATA (SATA) Pl"
3654,{'Output': 'mismatch'},"Western Digital\', \'description\': \'  \""Western Digital 1TB SATA III 7200 RPM 64MB 3.5\""\""@en 1TB SATA III 7200 RPM 64MB 3.5\""', \'title\': \'Western Digital 1TB SATA III 7200 RPM 64MB"
3655,{'Output': 'mismatch'},"1M 512MB (2P Wholesale 359623-B21 BL20P G2 Xeon 2.8GHz 1M 512MB (2P"" ""Description: Proliant BL20P G2 Xeon 2.8GHz 1M 512MB (2P Wholesale 359623-B"
3656,{'Output': 'match'},"-001-SA5I 5 Bay for ML370 G2 (no BBWC)  ""Description:SA 5I for ML370 G2 (no BBWC) 5 Bay Ultra320 SCSI Controller 32MB Cache 160MBytes/sec Maximum Transfer Rate""  ""\'}', 'Entity_2': '{\'title\': \'233609-"
3657,{'Output': 'mismatch'},"K 3.5 6G SP SATA\', \'subcategory\': \'Price ST2000NM0011\', \'sku\': \'st2000nm001110pack\', \'type\': \'Description: ST2000NM0011 Seagate 2-TB 7.2K 3.5 6G"
3658,{'Output': 'mismatch'},"Seagate Expansion 1TB Portable External Hard Drive USB 3.0 (STEA1000400)""@en-US   ""Description:Seagate Expansion 1TB Portable External Hard Drive USB 3.0 (STEA1000400)"", ""Null"" ""Seagate Expansion 1TB Portable External Hard Drive USB 3.0 (ST"
3659,{'Output': 'mismatch'},"'title\': \'432094-B21 HP 146-GB 15K 3.5 SP SAS\', \'category\': \'Proliant HardDrive\', \'Sub-Category\': \'15K\', \'Generation\': \'SAS\', \'Part Number\': \'432094-B21\',"
3660,{'Output': 'mismatch'},"\': \'DL580R\', \'sku\': \'325134001\', \'type\': \'Server\', \'description_full\': \'  ""325134-001 DL580R G2 (2P) Xeon 2.8GHz 2M (2 Processor) 32GB with 1"
3661,{'Output': 'match'},"""@NL""  ""Description:16-Port Gigabit Ethernet Switch""  ""Description:16-Port Gigabit Ethernet Switch""  ""Description:16-Port Gigabit Ethernet Switch""  ""Description:16-Port Gigabit Ethernet Switch""  ""Description:16-Port Gigabit Ethernet Switch""  ""Description:16-"
3662,{'Output': 'mismatch'},"': '{\'title\': \'233609-001 SA 5I for ML370 G2 (no BBWC)\', \'category\': \'New\', \'subcategory\': \'Price\', \'brand\': \'""HP Enterprise""\', \'sku\': \'233609-001\', \'type\': \'SA"
3663,{'Output': 'mismatch'},".11ac 2.4GHz en 5GHz, 4 LAN-poorten, 1 WAN-poort, 1 USB 2.0, 1 USB 3.0, 1 WPS, 1 WPS-poort, 1 Ethernet-poort, 1 Ethernet-poort WAN, 1 Ethernet-poort LAN, 1 E"
3664,{'Output': 'match'},"description\': \'  \""AMD AD7300OKHLBOX AMD Ryzen 5 3600 6-Core Processor 32MB L3 Cache 3.6 GHz Socket AM4 Boxed\"", \'title\': \'AMD AD7300OKHLBOX AMD Ryzen 5 3600 6-Core Processor 32MB L3 Cache 3."
3665,{'Output': 'mismatch'},"\': \'\', \'subcategory\': \'\', \'brand\': \'HP\', \'sku\': \'340743b21\', \'type\': \'Int SCSI DLT\', \'description\': \'  ""340743-B21 HP 20/40GB INT OPAL DLT"" ""Description:20/"
3666,{'Output': 'mismatch'},"8GB\', \'category\': \'Memory\', \'subcategory\': \'DDR3 Memory\', \'brand\': \'HP\', \'sku\': \'647897b21\', \'type\': \'DDR3 Memory\', \'description\': \'  \""HP Low Power kit - DDR3L 8 GB DIMM"
3667,{'Output': 'mismatch'},"'€ 0,-\', \'Pakketpost DHL\': \'€ 0,-\', \'Pakketpost UPS\': \'€ 0,-\', \'Pakketpost TNT\': \'€ 0,-\', \'Pakketpost PostNL\': \'€ 0,-\', \'Pakketpost Bpost\': \'€ 0,-\"
3668,{'Output': 'mismatch'},"SE, SSE2, SSE3, SSSE3, SSE4, AVX, AVX2\', \'Socket Type\': \'1151\', \'TDP\': \'65W\', \'Memory Supported\': \'DDR4\', \'Memory Channels\': \'2\', \'Memory Slots\': \'4\', \'Memory Speed\"
3669,{'Output': 'mismatch'},"3078-B21 HP G8 G9 200-GB 6G 2.5 SAS SC SSD"", ""Null"" ""New 653078-B21 SSD 2 Pack Wholesale Price \', \'description\': \'  ""653078-B21 HP G8 G9 200-GB 6G 2.5"
3670,{'Output': 'mismatch'},"Entity_2': '{\'title\': \'HP 192106-B21 110 200-GB SDLT Int\', \'category\': \'Proliant\', \'subcategory\': \'TapeDrive\', \'brand\': \'HP\', \'sku\': \'192106b21\', \'"
3671,{'Output': 'mismatch'},"\': \'658071b21\', \'type\': \'Hard Drive\', \'description\': \'  ""Null"", ""658071-B21 HP G8 G9 500-GB 6G 7.2K 3.5 SATA SC"" Price 658071-B21-10Pack"" ""New 6"
3672,{'Output': 'mismatch'},"1111\', \'Memory Type\': \'DDR2 SDRAM\', \'Memory Speed\': \'667MHz (PC2-5300)\', \'Memory Size\': \'1GB\', \'description\': \'  ""HP original 1GB FBD PC2-5300 (1X1GB) KIT -NEW BULK-"" """
3673,{'Output': 'mismatch'},"'/gtin13\': \'[ 341113001200, 341113001200]\', \'brand\': \'Samsung\', \'category\': \'Computers_and_Accessories\', \'Item Code :\': \'MN-341113001200\', \'"
3674,{'Output': 'mismatch'},"99\', \'Verkoopprijs\': \'€ 73,99\', \'Verkoopstatus\': \'In voorraad\', \'Omschrijving\': \'  \""WD10PURZ 1TB WD Purple 3.5\""@en WD10PURZ 1TB WD Purple 3.5\""@en"
3675,{'Output': 'mismatch'},"Description\': \'  ""483403-B21 Genuine HPE 8GB (2 x 4GB) DDR II SDRAM DIMM 240-pin"" ""New 483403-B21 Memory Wholesale Price 483403-B21\', \'title\': \'483403-B21"
3676,{'Output': 'mismatch'},"2Pack)\'}', 'Entity_2': '{\'title\': \'628061-S21 HP G8 G9 3-TB 6G 7.2K 3.5 SATA SC\', \'category\': \'\', \'subcategory\': \'\', \'brand\': \'HP\', \'sku\': \'628061"
3677,{'Output': 'mismatch'},"{""Output"": ""mismatch""}"
3678,{'Output': 'mismatch'},"\'Corsair\', \'sku\': [\'cmu64gx4m4c3000c15r\', \'mu64gx4m4c3000c15r\', \'cmu64gx4m4c3000c15\'], \'type\': \'DDR4-3000Mhz\'"
3679,{'Output': 'mismatch'},"'[323146b21]\', \'category\': \'\', \'Category\': \'Proliant Server\', \'Sub-Category\': \'BL20\', \'Part Number\': \'323146-B21\', \'Products ID\': \'6184\', \'Chassis Form Factor:\': \'Bl"
3680,{'Output': 'mismatch'},"Number\': \'ST1000DM003\', \'description\': \'  ""Seagate ST1000DM003 1TB 7200.14 RPM 6G 15K 2.5 SAS HDD"", ""Null"" ""New 1TB 6G 15K 2.5 SAS HDD Wholesale Price ST"
3681,{'Output': 'mismatch'},"Null""   ""Description:HP Smart Array P410/512 with 512MB Cache"" ""Null""   ""Description:HP Smart Array P410/512 with 512MB Cache"" ""Null""   ""Description:HP Smart Array P410/512 with 512MB Cache"" ""Null""   ""Description:HP Smart Array P410/512 with"
3682,{'Output': 'mismatch'},"{""Output"": ""mismatch""}"
3683,{'Output': 'match'},"-5Pack""   ""Description: HP 120GB 1.5G SATA 5.4K 2.5-inch SFF Hot-Plug Hard Drive""@en 431786-B21 5 Pack Wholesale Price 431786-B21-5Pack\', \'description\': \'  ""431786-B21"
3684,{'Output': 'mismatch'},"\'512\', \'description\': \'  ""658102-001 HP 2000GB 7.2K SATA 3.5\"" Hard Drive""@en ""HP 658102-001 Part# -658102-001-1""  ""Descriptio\', \'title\': \'658"
3685,{'Output': 'mismatch'},"{""Output"": ""mismatch""}"
3686,{'Output': 'mismatch'},"'description\': \'  ""432094-B21 HP 146-GB 15K 3.5 SP SAS HDD"" ""HP 432094-B21 HDD Part# -432094-B21-5Pack""  ""Description:146GB Serial Attached SCSI (SAS) 15K 3.5"
3687,{'Output': 'mismatch'},"ensions\': \'3.5 inches x 1/3H (Low Profile)\', \'Spindle Speed\': \'10000RPM\', \'External Data Transfer\': \'3GB/s\', \'Seek Time\': \'3.5ms\', \'HotSwap\': \'Yes\', \'Manufacturer\': \'Fujitsu\',"
3688,{'Output': 'mismatch'},"ed)\': \'2 GB\', \'description\': \'  \""359557-B21 ProLiant BL20p G2 Blade Server\"" ""Null""   ""Description:ProLiant BL20p G2 Blade Server\', \'title\': \'359557-B21 ProLiant BL20p G2 Blade Server\', \'sub"
3689,{'Output': 'mismatch'},"V\', \'description\': \'  ""Corsair Vengeance LED CMU64GX4M4C3000C15R - Prijzen ""@NL Tweakers""@NL\', \'title\': \'Corsair Vengeance LED CMU64GX4M4C3000C15R - Prijzen ""@NL Tweakers""@NL\"
3690,{'Output': 'mismatch'},"\'512\', \'description\': \'  ""658102-001-SC HP 2000GB 7.2K SATA SCSI Hard Drive"" ""New 658102-001 SC SATA SCSI Hard Drive Wholesale Price 658102-001-SC"" ""Description:10 x 2000"
3691,{'Output': 'mismatch'},"\', \'Memory Size\': \'2GB\', \'Memory Speed\': \'1333MHz\', \'description\': \'  ""Corsair ValueSelect 2GB DDR2 DIMM 1333MHz Unbuffered Non-ECC Memory Module - CMV4GX3M2A1333C9\', \'title\': \'Cors"
3692,{'Output': 'mismatch'},"': \'ST31000640NS\', \'type\': \'1-TB 7.2K 3.5 SATA HDD\', \'description\': \'  ""ST31000640NS Seagate 1-TB 7.2K 3.5 SATA HDD"" ""Null"" Price ST31000640NS"
3693,{'Output': 'mismatch'},"\', \'type\': \'Hard Drive\', \'description\': \'  ""572071-B21 HP 60-GB 2.5 MDL SATA SSD"" ""DL165 G6 572071-B21 SSD Part# DL165 G6-572071-B21""  ""Description:DL16"
3694,{'Output': 'mismatch'},"1TB Sata ST1000DM003 SEAGATE\', \'subcategory\': \'1 TB\', \'brand\': \'Seagate\', \'sku\': \'st1000dm003\', \'type\': \'Price\'}', 'Entity_2': '{\'title\': \'Seagate Barracuda 1TB"
3695,{'Output': 'match'},"0 4 GB RAM 16"" "" Lenovo 16 20GE0003US Notebook Computers CDW.com  ""Sure, the Lenovo ThinkPad Yoga 11e Chromebook is a versatile 2-in-1 laptop that can be used in a variety of modes, from a traditional laptop to a tablet. It\'s also affordable and easy to manage, making it a great choice for schools"
3696,{'Output': 'match'},"ap\', \'brand\': \'HP\', \'sku\': \'BD03656ABA\', \'type\': \'Hard Drive Hot-Swap\', \'description\': \'  ""BD03656ABA HP 36.4-GB 10K FC-AL HDD""  ""New BD03656ABA FC-AL"
3697,{'Output': 'mismatch'},"description\': \'  ""ST3750330NS-2Pack HP 750GB 15K SATA HDD""   ""Description:750GB 3.5-inch SATA 15K HDD""   ""New ST3750330NS SATA 2 Pack Wholesale Price ST3750330NS-2Pack\', \'title\"
3698,{'Output': 'match'},"'{\'/sku\': \'[301044b21]\', \'/mpn\': \'[301044b21]\', \'brand\': \'""HP Enterprise""\', \'category\': \'Computers_and_Accessories\', \'Category\': \'Proliant Memory\', \'Sub-Category\': \'Genuine HP"
3699,{'Output': 'mismatch'},"Policy:\': \'Returns accepted within 30 days of delivery for a full refund or exchange. Please contact us for a return authorization number before sending the item back. The item must be in its original packaging and in the same condition as when it was received. Shipping charges are non-refundable. If you receive a defective item, please contact us immediately for a replacement. We will not be responsible for any damages caused by improper handling, mis"
3700,{'Output': 'mismatch'},"': \'€ 3,95\', \'description\': \'  \""PNY NVIDIA Quadro K1200 for DisplayPort\"" ""Videokaarten PNY NVIDIA Quadro K1200 for DisplayPort\', \'title\': \'PNY NVIDIA Quadro K1200 for DisplayPort\', \'subcategory\': \'NVIDIA"
3701,{'Output': 'mismatch'},"D03655B28\', \'brand\': \'HP\', \'sku\': \'BD03655B28\', \'type\': \'Ultra320 3.5-inch SCSI Hot-Plug 15K Hard Drive\', \'description\': \'  ""BD03655B28 HP 36."
3702,{'Output': 'mismatch'},"AS)\', \'Form Factor\': \'3.5-inch\', \'Formatted capacity\': \'400 GB\', \'description\': \'  ""508429-001 HP 400-GB 10K 3.5 DP NHP SAS Hard Drive""@en-US ""Proliant Hard Drive - Page 1 | 5 Free Host"
3703,{'Output': 'mismatch'},"15fwk232]\', \'brand\': \'Kingston\', \'category\': \'\', \'Productserie\': \'HyperX Fury\', \'Product\': \'Kingston HyperX Fury HX424C15FWK2/32\', \'Uitvoering\': \'Kingston HyperX Fury HX424C"
3704,{'Output': 'mismatch'},"'category\': \'\', \'subcategory\': \'\', \'brand\': \'Corsair\', \'sku\': \'CMK32GX4M2A2666C16\', \'type\': \'Vengeance LPX\', \'description\': \'  ""Corsair Vengeance LPX CMK32GX4M2A"
3705,{'Output': 'mismatch'},"""New 653078-B21 SSD 10 Pack Wholesale Price 653078-B21"" ""Description:10 x HPE 200GB 2.5-inch (SFF) Serial Attached SCSI (SAS)6G SCL SC Enterprise Performance (EP) Solid State DriveIn Hot-Plug Drive\', \'price\': \'"""
3706,{'Output': 'mismatch'},"16gx3m2a2133c11\', \'type\': \'DDR3 SDRAM Memory Module\', \'description_en\': \'  ""Corsair Vengeance Pro CMY16GX3M2A2133C11 - Prices ""@NL Tweakers""@NL\', \'description_de\': \'  ""Corsair"
3707,{'Output': 'mismatch'},"921 | SCAN UK""@en  ""6TB\', \'title\': \'WD 6TB Gold Datacenter HDD/Hard Drive WD6002FRYZ\', \'subcategory\': \'StorageWorks 6TB 10K 3.5-inch Hot-Plug Hard Drive\', \'brand\': \'WD\', \'sku"
3708,{'Output': 'mismatch'},"sku\': \'430165-003\', \'type\': \'Hard Drive\', \'description\': \'  ""430165-003 HP 146-GB 3G 10K 2.5 DP SAS HDD"" ""HP 430165-003 Part# -430165-"
3709,{'Output': 'mismatch'},"brand\': \'HP\', \'sku\': \'BD1465822C\', \'type\': \'Hard Drive\', \'description\': \'  \""BD1465822C HP 146.8-GB 10K FC-AL HDD\"" ""StorageWorks 146.8GB 10K Fibre Channel 4"
3710,{'Output': 'mismatch'},"K 146.8GB 36GB 10K Fibre Channel 40 pin 2GB/s HotSwap FCAL Hard Drive\', \'sku\': \'bd1465822c\', \'type\': \'Genuine HPE serial number and firmware\'}', 'Entity_2': '{\'title\': \'BD146582"
3711,{'Output': 'mismatch'},"Generation\': \'DLT7000\', \'Part Number\': \'157766-B21\', \'Products ID\': \'15416\', \'Description\': \'Proliant DLT7000 Tape Drive\', \'description\': \'  ""157766-B21 HP Proliant DLT7"
3712,{'Output': 'mismatch'},"': \'1x4GB DDR3-1333\', \'brand\': \'Corsair\', \'sku\': \'cmso4gx3m1a1333c9\', \'type\': \'Value Select sin disipador\', \'description\': \'  \""Corsair CMSO4GX3M1A1333C"
3713,{'Output': 'mismatch'},"\'], \'type\': \'Power Supply\'}', 'Entity_2': '{\'title\': \'390394-001 HP Proliant ML350 G4p PS\', \'category\': \'Null\', \'Sub-Category\': \'Proliant Power Supply\', \'brand\': \'HPE\', \'sku\':"
3714,{'Output': 'mismatch'},"\', \'EAN\': \'8806088540160\', \'SKU\': \'MZV6P2T0BW\', \'Tweakers ID\': \'461020\', \'description\': \'  \""Samsung 960 Pro 2TB M.2 NVMe PCIe Internal SSD - M"
3715,{'Output': 'mismatch'},")\': \'€ 0,-\', \'description\': \'  ""AMD A10-9700E Boxed"" ""AMD A10-9700E Boxed"" ""AMD A10-9700E Boxed"" ""AMD A10-9700E Boxed"" ""AMD A10-9700E Boxed"" ""AMD"
3716,{'Output': 'mismatch'},".5G 7.2K 3.5-inch Hard Drive\', \'brand\': \'HP\', \'sku\': \'658071b2110pack\', \'type\': \'Hard Drive - Hot-Swap - Gen8\', \'description\': \'  ""Null"", ""658071b21 10Pack Wholes"
3717,{'Output': 'mismatch'},"0rpm SATA 6Gb/s Hard Drive WD40EZRZ"" "" WD 4TB 3.5\\\'\\\' Blue 64MB 5400rpm SATA 6Gb/s Hard Drive WD40EZRZ"" ""Price: $199.99""@en ""Price: $199.99""@en  """
3718,{'Output': 'mismatch'},"'Memory Type\': \'DDR3 (PC3-12800)\', \'Capacity\': \'16GB\', \'Tested Speed\': \'1600MHz\', \'Tested Voltage\': \'1.5V\', \'description\': \'  \""Corsair CMZ16GX3M2A1600C10"
3719,{'Output': 'mismatch'},"Ethernet SFP+ Network Adapter PEX10000SFP"" ""Startech.com PEX10000SFP - PCIe x4 10GbE SFP+ NIC\', \'title\': \'Startech.com PEX10000SFP - PCIe x4 10GbE SFP+ NIC\', \'sku\': \"
3720,{'Output': 'mismatch'},"': \'Crucial\', \'sku\': \'ct8g4dfs8213\', \'type\': \'DDR4 Memory\', \'price\': \'€ 69,95\', \'Product ID\': \'CT8G4DFS8213_DDR4_8GB_Single_Module\', \'Product\': \'C"
3721,{'Output': 'mismatch'},"0146FAMWL HP 146-GB 6G 10K 2.5 DP SAS\', \'category\': \'\', \'subcategory\': \'\', \'brand\': \'HP\', \'sku\': \'eg0146famwl\', \'type\': \'2.5-inch Serial Attached SCSI (SAS"
3722,{'Output': 'match'},200333333333333333333333333333333333333333333333333333333333333333333333333333333333333333333333
3723,{'Output': 'mismatch'},"\'\', \'brand\': \'Corsair\', \'sku\': \'co9050004ww\', \'type\': \'Corsair fan\', \'description\': \'  ""Corsair CO-9050004-WW CO-9050004-WW 120mm Performance Edition Twin Pack"" 120"
3724,{'Output': 'mismatch'},"'title\': \'455035-B22 HP Xeon X3210 2.13GHz DL120 G5\', \'subcategory\': \'\', \'sku\': \'455035b22\', \'type\': \'Intel Xeon DL120 G5 Processor 2.13GHz"
3725,{'Output': 'match'},"640ns\'], \'type\': \'Description:1TB Seagate Barracuda 7200.12 3.5-inch 7.2K SATA Hard DriveIn HPE Drive tray (as pictured)For G1-G7 Proliant SAS Server\', \'description\': \'  ""ST31000640NS Seagate 1-"
3726,{'Output': 'mismatch'},"': \'HP\', \'category\': \'Proliant Memory\', \'Sub-Category\': \'Genuine HP Memory\', \'Generation\': \'PC2-5300\', \'Part Number\': \'658102-001\', \'Products ID\': \'142198\', \'Storage Capacity\': \"
3727,{'Output': 'match'},"': \'[43211616]\', \'brand\': \'HP\', \'category\': \'\', \'Category\': \'Proliant\', \'Sub-Category\': \'Power Supply\', \'Generation\': \'450W\', \'Part Number\': \'432116-16\', \'Products ID\"
3728,{'Output': 'mismatch'},"{""Output"": ""mismatch""}"
3729,{'Output': 'mismatch'},"'Products ID\': \'111111\', \'Memory Model\': \'Server\', \'Memory Type\': \'DDR4\', \'Memory Type (ECC)\': \'ECC\', \'Memory Type (R/U)\': \'RDIMM\', \'Memory Speed\': \'PC4-17000 (2133)\', \"
3730,{'Output': 'mismatch'},"\'Sub-Category\': \'Memory\', \'Part Number\': \'ZT-P10510B10L\', \'Products ID\': \'4895173611087,  816264017186\', \'description\': \'  \""ZT-P10510B10L"
3731,{'Output': 'mismatch'},"0630NS HP 500-GB 7.2K 3.5 1.5G SATA\', \'subcategory\': \'Description:10 x HPE 500GB Hot-Plug Serial ATA (SATA) Hard Drive\', \'sku\': \'4541410022pack\', \'type\': \'Description:1"
3732,{'Output': 'mismatch'},Dual Rank x4 PC3L-10600R(DDR3-1333) Registered CAS-9 Low Voltage Memory KitPart Number(s) Option Part# 647897-B21 HP 8GB (1x8GB) Dual Rank x4 PC3L-10600R(DDR3-1333) Registered CAS-
3733,{'Output': 'mismatch'},"Drive\', \'Sub-Category\': \'7.2K\', \'Generation\': \'SATA SC\', \'Part Number\': \'ST3750330NS5PACK\', \'Products ID\': \'462717\', \'Type\': \'Hard Drive - Hot-Swap - Gen8\', \'Large Form Factor\': \"
3734,{'Output': 'mismatch'},"31786-B21 HP 120GB 5.4K 2.5 SATA""  ""Description: Proliant 5.4K 120GB 2.5 SATA Hard Drive HP Part#431786-B21\', \'title\': \'431786-B21 HP 120-GB 5.4K"
3735,{'Output': 'match'},"{""Output"": ""match""}"
3736,{'Output': 'mismatch'},"': \'TLWDN4800\', \'Productprijs\': \'€ 119,99\', \'Pakketpost Nederland\': \'€ 0,-\', \'iDeal\': \'€ 0,-\', \'Totaal\': \'€ 119,99\', \'Pakketpost\': \'€ 0"
3737,{'Output': 'mismatch'},"00 heures\', \'description\': \'  \""mzn5e250bw Samsung 250GB SSD 2.5 inch SATA III 500MB/s 540MB/s\""   ""Description:1 x 250GB 2.5-inch SATA III 500MB/s 540MB/s SSD"" \', \'title"
3738,{'Output': 'mismatch'},"0 SCSI 15K\', \'category\': \'\', \'subcategory\': \'\', \'brand\': \'HP\', \'sku\': \'306645-003\', \'type\': \'Hard Drive\', \'description\': \'  ""306645-003 HP 72.8-GB U3"
3739,{'Output': 'match'},"{""Output"": ""mismatch""}"
3740,{'Output': 'mismatch'},"Sub-Category\': \'15K\', \'Generation\': \'SAS\', \'Part Number\': \'431943-003\', \'Products ID\': \'463080\', \'Type\': \'Hard Drive - Hot-Swap\', \'Capacity\': \'431GB\', \'Interface Type\': \"
3741,{'Output': 'mismatch'},"1-V3, 3 PCIe 3.0 x16, 1 PCIe 2.0 x4, 1 PCIe 2.0 x1, 12 Fan connectors(4-Pin PWM), 10 SATA 6G internal, 1 SATA Express internal, 1 M.2 (PCIe 3.0 x4), 2 USB 3.1 external (Type A"
3742,{'Output': 'mismatch'},"': \'Barracuda ES.2 Hot-Plug Serial ATA (SATA) 3.0GB/s\', \'description\': \'  ""ST31000640NS Seagate 1-TB 7.2K 3.5 SATA"", ""Null"" ""New ST31000640NS SATA 2 Pack Wholesale Price ST31"
3743,{'Output': 'mismatch'},"\'subcategory\': \'15K\', \'sku\': \'3ra3851aa\', \'type\': \'Hard Drive\'}', 'Entity_2': '{\'title\': \'3R-A3851-AA HP 72.8GB 15K RPM 80Pin SCSI Hard Drive\', \'category\': \'Hard"
3744,{'Output': 'mismatch'},"\', \'brand\': \'WD\', \'sku\': \'wdmycloud3tb\', \'type\': \'3 TB NAS Server\', \'description\': \'  ""WD My Cloud WDBCTL0030HWT - NAS server 3 TB"" ""3 TB NAS Server"" ""WD My Cloud WDBCTL0030HWT"" ""3 TB NAS"
3745,{'Output': 'mismatch'},"{""Output"": ""match""}"
3746,{'Output': 'match'},"', \'brand\': \'Corsair\', \'sku\': \'CMD16GX4M2B3000C15\', \'type\': \'Memory Module\', \'description\': \'  \""Corsair Dominator Platinum 16GB (2 x 8GB) DDR4-3000 Memory\""@en Memory LN2111"
3747,{'Output': 'mismatch'},"'€ 1.148,29\', \'description\': \'  ""Synology DS1517+ (8GB) 15-bay 5-bay NAS server met 8GB RAM\', \'title\': \'Synology DS1517+ (8GB) 15-bay 5-bay NAS server met 8GB RAM\', \"
3748,{'Output': 'match'},"4 in) TRS\', \'description\': \'  ""element46 Thunderbolt Audio Interface""@en Thunderbolt Audio Interface\', \'title\': \'element46 Thunderbolt Audio Interface\', \'subcategory\': \'\', \'brand\': \'\', \'sku\': \'element46\', \'type\': \'Thunder"
3749,{'Output': 'match'},"DP\': \'95W\', \'price\': \'""USD"", ""$329.99""\', \'description\': \'  ""Intel Core i3-6100 3.7GHz Quad-Core Processor"", ""Null"" Price ili36100"" Processor Wholesale ili36100"" Processor""   ""Description:Intel Core"
3750,{'Output': 'mismatch'},"older\', \'sku\': \'430165003\', \'type\': \'10K SAS Hard Drive\', \'description_full\': \'  ""430165-003 HP 146-GB 3G 10K 2.5 DP SASIn Holder\', \'description_short\': \'1"
3751,{'Output': 'mismatch'},"Ryzen 7 8C 1800X 3.6GHz 4.0GHz Turbo 16MB Total L3 Cache DDR4 95W\', \'subcategory\': \'Box\', \'sku\': \'amd1800x\', \'type\': \'Processor\'}', 'Entity_2': '{\'title\': \'AMD"
3752,{'Output': 'mismatch'},"10ms2hp\', \'type\': \'Micro ATX Motherboard\', \'description\': \'  ""Gigabyte GA-H110M-S2HP - Prijzen ""@NL Tweakers""@NL"" ""Gigabyte GA-H110M-S2HP Intel Micro ATX Motherboard""@en Motherboard LN67915 - GA-"
3753,{'Output': 'mismatch'},"! Edition - ZT-P10600B-10M""@en-US ""Zotac NVIDIA GeForce GTX 1060 6GB AMP! Edition - ZT-P10600B-10M""@en-US ""Zotac NVIDIA GeForce GTX 1060 6GB AMP! Edition - ZT-P106"
3754,{'Output': 'mismatch'},"RPM LFF\', \'subcategory\': \'\', \'sku\': \'658071b21sc\', \'type\': \'Hard Drive\', \'description2\': \'  ""CPB-NEW-500GB 6G SATA 7.2K RPM LFF"" "" CPB-NEW-500GB LFF - 65"
3755,{'Output': 'mismatch'},"9]\', \'/gtin13\': \'[4713242011112]\', \'category\': \'Computers_and_Accessories\', \'Categorie\': \'Geheugenkaarten\', \'Merk\': \'Corsair\', \'Productserie\': \'Vengeance\', \'Product\': \'"
3756,{'Output': 'mismatch'},"{""Output"": ""match""}"
3757,{'Output': 'mismatch'},"': \'AMD\', \'sku\': \'yd190xa8aewof\', \'type\': \'Processor\', \'description2\': \'Socket AM4\', \'description3\': \'Warranty: 3 Years\', \'description4\': \'Boxed\', \'description5\': \'3.8 GHz\', \'"
3758,{'Output': 'mismatch'},"@NL\', \'category\': \'\', \'subcategory\': \'\', \'brand\': \'Intel\', \'sku\': \'amdfx6300\', \'type\': \'\', \'description\': \'  ""Intel Core i7-6700 Boxed - Prijzen ""@NL Tweakers""@NL\'}', 'Output': '"
3759,{'Output': 'match'},"2.26GHz Quad-Core Intel Xeon Processor L2 1MB L3 4MB 800MHz 45nm 1066MHz FB-DIMM 80W Processor Upgrade""@en ""▷ Intel Xeon E5507 2.26GHz Quad-Core Processor 1MB L2 4MB 80"
3760,{'Output': 'mismatch'},"3830]\', \'category\': \'\', \'Categorie\': \'Ventilatoren\', \'Merk\': \'Corsair\', \'Product\': \'Corsair Air Series AF120 LED Quiet Edition\', \'Uitvoering\': \'Zwart, 120mm\', \'EAN\': \'084"
3761,{'Output': 'mismatch'},"-19200 DDR4-2400Mhz, 14-16-16-31-2N@1.20V XMP, DDR4 Vengeance LPX""@es  ""Description:2 x 16GB DDR4 2400MHz RAM/Memory Kit""@en  ""Description:2 x 16GB DDR4 24"
3762,{'Output': 'match'},"X299-PRO GAMING Motherboard\', \'category\': \'Motherboard\', \'subcategory\': \'ASUS TUF X299-PRO GAMING\', \'brand\': \'ASUS\', \'sku\': \'ASUS TUF X299-PRO GAMING\', \'type\': \'Intel X29"
3763,{'Output': 'mismatch'},"akketpost Nederland\': \'€ 0,-\', \'iDeal\': \'€ 0,-\', \'Totaal\': \'€ 22,50\', \'description\': \'  ""CO-9050015-WLED""@en ""CO-9050015-WLED""@en  ""                     Corsair Air Series"
3764,{'Output': 'mismatch'},"description\': \'  ""ST2000NM0011-10Pack SATA 2TB 3.5 inches x 1/3H (Internal) 7200RPM 140MB/s 8.5ms Hot Swap Tray Not Included"" ""Null""   ""Description:SATA 2TB 3.5 inches x 1/3H (Internal)"
3765,{'Output': 'mismatch'},"{""Output"": ""mismatch""}"
3766,{'Output': 'mismatch'},"0RPM\', \'description\': \'  \""628061-S21 HP 3000GB 6G 3.5 SATA SCSI Hard Drive\""   \""Description:3000GB 3.5-inch SATA SCSI (7200RPM) 6G HP 628061-S21\"" ', \'title\': \'"
3767,{'Output': 'mismatch'},"', \'Data Transfer Rate\': \'300MB/s\', \'description\': \'  ""658102-001 HP 2000GB 7.2K 3.5 15K SATA SCSI HDD"" ""Null""   ""Description: HP 2000GB 15K 3.5-inch SATA SCSI HDD\',"
3768,{'Output': 'mismatch'},"Kit - CMK32GX4M2B3000C15\', \'category\': \'Computers & Accessories > Memory > DDR4 Memory\', \'subcategory\': \'DDR4 Memory\', \'brand\': \'Corsair\', \'sku\': \'CMK32GX4M2B3000C15\', \"
3769,{'Output': 'match'},"-B21 HP 146-GB 15K 3.5 SP SAS"", ""Null"" Price 432094-B21-10Pack"" ""New 432094-B21 SAS 10 Pack Wholesale Price 432094-B21-10Pack"" ""New 432094-B21 S"
3770,{'Output': 'mismatch'},"Description:5 x 146GB 2.5-inch Serial Attached SCSI (SAS) 3G DP Hard DriveIn HPE Drive tray (as pictured)For G1-G7 Proliant\', \'sku\': \'430165003\', \'type\': \'Hard Drive\', \'description\': \'  ""43016"
3771,{'Output': 'match'},"060G1 GAMING-3GD)\', \'title\': \'Gigabyte GeForce GTX 1060 G1 Gaming 3072MB GDDR5 PCI-Express Graphics Card (GV-N1060G1 GAMING-3GD)\', \'description\': \'  ""Gigabyte GeForce GTX 1060 G1 G"
3772,{'Output': 'mismatch'},"'Storage\': \'500GB 5400rpm\', \'description\': \'  \""500GB 5400rpm\""  \""500GB 5400rpm Hard Drive\"" Price 500GB 5400rpm Hard Drive""@es ""MacBook Pro 13-inch Mid 2011 i7 2.3G"
3773,{'Output': 'match'},{'Output': 'match'}
3774,{'Output': 'mismatch'},"{""Output"": ""mismatch""}"
3775,{'Output': 'mismatch'},"CT500BX100SSD1 500GB 2.5 Inch SSD""@en CT500BX100SSD1 500GB 2.5 Inch SSD\', \'title\': \'Crucial CT500BX100SSD1 500GB 2.5 Inch SSD\', \'sku"
3776,{'Output': 'mismatch'},"post 30-50 kg\': \'€ 3,95\', \'Pakketpost 50+ kg\': \'€ 4,95\', \'description\': \'  ""Kingston SDXC Class 10 UHS-I UHS Class 1 64GB"", ""Null"" ""Kingston SDXC Class 10 UHS-I UHS Class"
3777,{'Output': 'mismatch'},"Category\': \'Proliant Memory\', \'Sub-Category\': \'Genuine HP Memory\', \'Generation\': \'1333MHz\', \'Part Number\': \'242469-001\', \'Products ID\': \'490417\', \'Storage Capacity\': \'2GB (1 x 2GB"
3778,{'Output': 'mismatch'},"\': \'[238590b21]\', \'/mpn\': \'[238590b21]\', \'brand\': \'HP\', \'category\': \'\', \'Category\': \'Storageworks HDD\', \'Sub-Category\': \'10K\', \'Generation\': \'Fibre Channel\', \"
3779,{'Output': 'mismatch'},"SA P700M Battery Option Kit""  ""Description:HP SA P700M Battery Option Kit""  ""Description:HP SA P700M Battery Option Kit""  ""Description:HP SA P700M Battery Option Kit""  ""Description:HP SA P700M Battery Option Kit""  ""Description:HP SA P700M Battery Option Kit""  ""Description:HP"
3780,{'Output': 'mismatch'},"{""Output"": ""match""}"
3781,{'Output': 'mismatch'},"\'Category\': \'Hard Drive\', \'Sub-Category\': \'10K\', \'Generation\': \'SAS\', \'Part Number\': \'643778-B21-10Pack\', \'Products ID\': \'463811\', \'Type\': \'Hard Drive Hot-Swap\', \'Form F"
3782,{'Output': 'mismatch'},"{""Output"": ""mismatch""}"
3783,{'Output': 'mismatch'},"{""Output"": ""mismatch""}"
3784,{'Output': 'mismatch'},"'HP\', \'sku\': \'587507b21\', \'type\': \'Description:HP Xeon L5640 2.26GHz DL380 G7(2.26GHz/4-core/8MB/80W)Full Processor Option KitPrice 587507-B21\', \'description\"
3785,{'Output': 'mismatch'},"-\', \'Pakketpost (vanaf € 20,- i.c.m. iDEAL)\': \'€ 0,-\', \'Pakketpost (vanaf € 25,-)\': \'€ 0,-\', \'Pakketpost (vanaf € 44,95)\': \'€ 0,-\', \'description\': \'  ""Kingston"
3786,{'Output': 'mismatch'},"{""Output"": ""mismatch""}"
3787,{'Output': 'mismatch'},"HP 691862-B21 100GB 2.5-inch SATA 6Gb/s Enterprise Mainstream Solid State Drive (SSD)\', \'title\': \'HP 691862-B21 100GB 2.5-inch SATA 6Gb/s Enterprise Mainstream Solid State Drive (SSD)\', \'sub"
3788,{'Output': 'mismatch'},"atterijen\', \'Merk\': \'Panasonic\', \'Productserie\': \'Eneloop\', \'Product\': \'Panasonic Eneloop 2000mAh AA NiMH Rechargeable Battery\', \'Uitvoering\': \'Panasonic Eneloop 2000mAh AA NiMH Rechargeable Battery\',"
3789,{'Output': 'mismatch'},"]\', \'/gtin13\': \'[0045426342642]\', \'category\': \'Memory\', \'Categorie\': \'Geheugen\', \'Merk\': \'Crucial\', \'Product\': \'Crucial 4GB 1600MHz DDR3 SODIMM 2"
3790,{'Output': 'mismatch'},"95 HP 400GB 10K 3.5 DP SAS HDD\', \'category\': \'Hard Drive\', \'subcategory\': \'10K\', \'brand\': \'HP\', \'sku\': \'455695\', \'type\': \'3.5-inch Serial Attached SCSI (SAS)"
3791,{'Output': 'mismatch'},"ale Price 653078-B21\', \'sku\': \'653078b21\', \'type\': \'Description:HP 200GB 6G 2.5 SAS SC SSD\'}', 'Entity_2': '{\'title\': \'653078-B21 HP G8 G9 200"
3792,{'Output': 'mismatch'},"memory module\', \'sku\': \'354560b21\', \'type\': \'512MB DDR ECC Registered Server Memory Module\', \'description2\': \'  ""HP 512MB DDR 0.5GB ECC memory module"" ""Specs HP module modules (354560-B21)""  ""                 Memory Module"
3793,{'Output': 'match'},"3.5-inch Dual Port Hot-Plug SAS Hard Drive\', \'description\': \'  ""456896-001 HP 400-GB 10K 3.5 DP SAS ""   ""Description:5 x 400GB Serial Attached SCSI (SAS) 10K 3.5-inch Dual Port Hot-Plug Hard"
3794,{'Output': 'mismatch'},"'HP\', \'subcategory\': \'DLT Tape Drives\', \'brand\': \'HP\', \'sku\': \'242469001\', \'type\': \'SCSI\', \'description\': \'  ""HP 242469-001 15/30-GB Ext SCSI DLT"""
3795,{'Output': 'mismatch'},"FBK4/16 16GB DDR4 SDRAM 2400MHz"" Price HyperX 288-pin HX421C14FBK4/16\', \'title\': \'HyperX 288-pin HX421C14FBK4/16 16GB DDR4 SDRAM 2400M"
3796,{'Output': 'mismatch'},"580R G2 (2P) Xeon 2.8 GHz\', \'description\': \'  ""325134-001 DL580R G2 (2P) Xeon 2.8GHz""  ""325134-001 DL580R G2 (2P) Xeon 2.8GHz""  """
3797,{'Output': 'match'},"0MB/s\', \'description\': \'  ""430165-003-10Pack HP 146GB 10K SAS Hard Drive"" ""Null""   ""Description:146GB 10K SAS Hard DriveIn HPE Hot-Plug Hard Drive tray (as pictured)Genuine serial number and firmwarePart Number(s)Opti\', \"
3798,{'Output': 'mismatch'},"', \'Hot Swap Tray\': \'Not Included\', \'Ports\': \'Single\', \'Form Factor\': \'3.5 inches (Full Height)\', \'description\': \'  ""376596-001 HP 36-GB 10K 3.5 SAS HDD"", ""Null"" ""New 37659"
3799,{'Output': 'mismatch'},"{""Output"": ""mismatch""}"
3800,{'Output': 'mismatch'},"GT/s\', \'L2 Cache\': \'12MB\', \'64-bit Processing\': \'Yes\', \'Process Technology\': \'45nm\', \'Processor Socket\': \'Socket LGA-1366\', \'Thermal Design Power\': \'95W\', \'description\': \'  ""58338"
3801,{'Output': 'mismatch'},"® E5345 DL160 G3 (Socket J LGA-771)\', \'sku\': \'409159b21\', \'type\': \'Intel Xeon Processor\', \'description_full\': \'  ""409159-B21 HP Xeon E5345 2.33GHz DL"
3802,{'Output': 'mismatch'},"\', \'type\': \'RAID Controller\', \'description\': \'  ""HPE Smart Array P222/512 with FBWC - storage controller (RAID) SATA 6Gb/s"" "" HPE 6Gb/s 631667-B21\', \'price\': \'€ 1.199,00\',"
3803,{'Output': 'mismatch'},"\', \'sku\': \'st3500630ns, st3500630ns2pack\', \'type\': \'Description:2 x HPE 500GB Hot-Plug Serial ATA (SATA) 1.5G 7200RPM 3.5-inch LFF NC\', \'description\': \'  ""ST3"
3804,{'Output': 'match'},"24-Port Gigabit Switch with 2-Ports PoE+, 100Mbps, 16Gbps, 10Gbps, 802.3af, 802.3at, Fanless, 2-Year Warranty, 24-Ports 10/100/1000Mbps, 2-"
3805,{'Output': 'mismatch'},"category\': \'Computers_and_Accessories\', \'Category\': \'Proliant\', \'Sub-Category\': \'Memory\', \'Generation\': \'PC3-12800\', \'Part Number\': \'456896-001\', \'Products ID\': \'1274\', \'Capacity\': \"
3806,{'Output': 'match'},"0SSD1\', \'subcategory\': \'\', \'brand\': \'Crucial\', \'sku\': \'CT750MX300SSD1\', \'type\': \'Solid state drive 2.5""\', \'capacity\': \'750GB\', \'interface\': \'SATA\', \'description_full\':"
3807,{'Output': 'mismatch'},"\'160MB/s\', \'description\': \'  \""HP - 233609-001 SCSI Drive Array Controller (RAID) (Ultra3)\"" SCSI Drive Array Controller (RAID) (Ultra3) 233609-001 | HP Enterprise\"" SCSI Drive Array Controller (RAID) (Ultra3) 23"
3808,{'Output': 'mismatch'},"B1 Black\', \'description\': \'  ""CA-PH530-B1 Black CA-PH530-W1 White Full Tower Server Cabinet""@es ""CA-PH530-B1 Black CA-PH530-W1 White Full Tower Server Cabinet""@en ""CA-PH530-B1 Black CA-PH530-W1 White Full Tower Server Cab"
3809,{'Output': 'mismatch'},"ACK OF 2 - 32GB (2x16GB) DDR4 3000MHz 15-17-17-35 Non-ECC UDIMM (Unbuffered) Memory Module with Black PCB and Red LED Lighting""  "" Corsair Vengeance LED CMU32GX4M2C3000C15R - PACK OF 2 -"
3810,{'Output': 'mismatch'},"{""Output"": ""mismatch""}"
3811,{'Output': 'match'},"', \'Sub-Category\': \'Memory\', \'Generation\': \'DDR2\', \'Part Number\': \'235065-002\', \'Products ID\': \'473199\', \'Memory Type\': \'Unbuffered ECC\', \'Memory Size\': \'2GB\', \'Memory Speed\': \"
3812,{'Output': 'mismatch'},"'brand\': \'Zotac\', \'sku\': \'ztp10810d10p\', \'type\': \'Computers_and_Accessories\', \'description\': \'  ""Zotac NVIDIA GeForce GTX 1080 Ti 11GB AMP Edition""@en Edition LN79737 - ZT-P"
3813,{'Output': 'mismatch'},"1000524ns5pack\', \'type\': \'3.5-inch Serial ATA 7.2K Dual Port Hard Drive\'}', 'Entity_2': '{\'title\': \'ST31000524NS Seagate 1-TB 7.2K 3.5 3G SATA HDD\', \'category\': \'Null"
3814,{'Output': 'mismatch'},"mal Design Power\': \'80W\', \'description\': \'  ""583383-B21 HP Intel Xeon Processor LGA1366 2.13GHz 4MB 45nm Quad-Core Processor\', \'title\': \'583383-B21 HP Intel Xeon Processor LGA1366"
3815,{'Output': 'mismatch'},"17-17\', \'Voltage\': \'1.5V\', \'description\': \'  \""CMK32GX4M2B3000C15 32GB (2x16GB) DDR4 288-Pin DIMM Non-ECC Unbuffered Memory Module\"" ""Vengeance LPX Black"" ""32GB (2x"
3816,{'Output': 'mismatch'},"1943-003 HP 146-GB 15K 3.5 SP SAS HDD\', \'subcategory\': \'New 431943-003 SAS 15K 3.5-inch Single Port Hot-Plug Hard Drive\', \'brand\': \'HPE\', \'sku\': \'43194"
3817,{'Output': 'mismatch'},"19062854\', \'Manufacturer\': \'Samsung\', \'Model\': \'EC-TVH403HB\', \'Description\': \'  ""Samsung 40\"" 4:3 Widescreen TV (EC-TVH403HB) \', \'title\': \'Samsung 40\"" 4:"
3818,{'Output': 'mismatch'},"31000524ns10pack\', \'type\': \'Hard Drive\'}', 'Entity_2': '{\'title\': \'ST31000524NS 1TB 7.2K 3.5 SATA PS4000E\', \'category\': \'\', \'subcategory\': \'\', \'brand\': \'"
3819,{'Output': 'mismatch'},"', \'brand\': \'Corsair\', \'sku\': \'CMK32GX4M2A2666C16\', \'type\': \'RAM\', \'description\': \'  ""Corsair Vengeance LPX CMK32GX4M2A2666C16 - Prijzen"" ""Null"" ""Cors"
3820,{'Output': 'mismatch'},"ise Level\': \'29.5 dBA\', \'description\': \'  \""CO-9050015-WLED Corsair CO9050015-WLED 120mm Fan\""@en fan CO-9050015-WLED - ', \'title\': \'CO-9050015-WLED Corsair"
3821,{'Output': 'mismatch'},"FBD PC2-5300 (2x512MB)Low Power Single Rank Memory KitPart Number(s) Option\', \'brand\': \'HPE\', \'sku\': \'408850b21\', \'type\': \'Description:Genuine HPE 1GB FBD PC2-5300 (2x512MB)Low"
3822,{'Output': 'mismatch'},"{""Output"": ""match""}"
3823,{'Output': 'mismatch'},"u\': \'376638b21\', \'type\': \'PC2700 Registered ECC DDR DIMM T027\', \'description\': \'  ""HP 376638-B21 AMI 1GB 184p PC2700 CL2.5 36c 64x4 Registered ECC"
3824,{'Output': 'mismatch'},"{""Output"": ""mismatch""}"
3825,{'Output': 'mismatch'},".2K 3.5 SATA SC, ""Null"" Price 658102-001-5Pack\', \'subcategory\': \'7.2K\', \'sku\': \'658102001sc\', \'type\': \'Hard Drive - Hot-Swap - Gen8\'}', 'Entity_2': '{\'title\': \"
3826,{'Output': 'mismatch'},"00\', \'Form Factor\': \'3.5 inches\', \'description\': \'  ""Western Digital Caviar Blue WD10PURZ 1TB 3.5"""" 3.5"" SATA Hard Drive - 64MB Cache - 7200RPMrpm ""@en  | WD10PURZ 1TB 3.5"""""
3827,{'Output': 'mismatch'},"10K\', \'Products ID\': \'12981\', \'Type\': \'Hard Drive\', \'description\': \'  ""238921-B21-10K HP 146.8-GB 10K Fibre Channel"" ""Null""   ""Description:2 x StorageWorks 146.8GB 10K"
3828,{'Output': 'mismatch'},"Edition High Airflow 140mm Fan"" ""CO-9050017-WLED""@en | CO-9050017-WLED""@en | CO-9050017-WLED""@en | CO-9050017-WLED""@en | CO-9050017-WLED""@en | CO-9"
3829,{'Output': 'mismatch'},"5671012112 (Black)\', \'description\': \'  ""CA-S340W-W1 (White) CA-S340W-B1 (Black) CA-S340W Full Tower Server Cabinet"" ""Null""   ""Description:CA-S340W Full Tower Server Cabinet"" ""New CA-S340W Full Tower Server Cabinet"
3830,{'Output': 'mismatch'},"\'description\': \'  ""EH0146FAWJB HP 146-GB 15K 2.5 DP SAS HDD"", ""Null"" Price EH0146FAWJB"" ""New EH0146FAWJB HDD Whol""', \'title\': \'EH0146FAWJB HP 146"
3831,{'Output': 'mismatch'},"HP 36.4-GB 10K FC-AL HDD"" ""New 238590-B21 10K Wholesale Price 238590-B21"" ""Description:36.4GB Fibre Channel (FC-AL) 10K 3.5-inch Single Port Hot-Plug Hard DriveIn HPE Hot-Plug Hard Drive\"
3832,{'Output': 'mismatch'},"35GB\', \'Description\': \'HP 35GB AIT Tape Drive\', \'description\': \'  ""388504-B21 HP 35GB AIT Tape Drive"" ""Null""   ""Description:HP 35GB AIT Tape DrivePart Number(s) HP Part# 388504-B21\', \'title\"
3833,{'Output': 'mismatch'},"B21, 4GB (1 x 4GB) DDR3 DRAM 240-pin DIMM, 1333MHz (PC3-10600R-9), Server Memory, Guaranteed Genuine HP, HP Logo, HP Serial Number""@en, ""Null""  ""HP 4GB (1 x 4GB) DDR3 DRAM 240"
3834,{'Output': 'mismatch'},"-GB 10K FC-AL"" ""New 5 Pack""   ""Description:5 x StorageWorks 72.8GB 10K Fibre Channel 40 pin 2GB/s HotSwap FCAL Hard Drive""@en  ""5 x StorageWorks 72.8GB 10K Fibre Channel 40 pin 2GB/s HotSwap FCAL Hard Drive"""
3835,{'Output': 'mismatch'},"5"" ""USD""\', \'description\': \'  ""578229-B21 HP P411i 256MB 1-Port 1Gb Fibre Channel Adapter PCI Express X8 1 Pack "" ""HP 578229-B21 Part# -578229-B21-1Pack""  ""Description:HP P4"
3836,{'Output': 'mismatch'},"Controllers\', \'brand\': \'HPE\', \'sku\': \'631671b21\', \'type\': \'PCIe 6 Gb/s, 6Gb/s\', \'description\': \'  ""HPE Smart Array P421/2GB with FBWC - storage controller (RAID) SATA 6Gb/"
3837,{'Output': 'mismatch'},"description\': \'  ""Corsair Vengeance LPX 16GB (4x4GB) DDR4 2400MHz C16 - CMK16GX4M4A2400C16"" ""Computer Components - Pag\', \'title\': \'Corsair Vengeance LPX 16GB (4x4GB) DDR4"
3838,{'Output': 'mismatch'},"3+ 8-Core 4.0GHz Socket AM3+ Processor\', \'category\': \'Processor\', \'subcategory\': \'AMD\', \'brand\': \'AMD\', \'sku\': \'FD8350FRHKBOX\', \'type\': \'Processor\', \'description\': \'  ""AMD FX"
3839,{'Output': 'mismatch'},"ant Processor\', \'Sub-Category\': \'Intel Xeon\', \'Generation\': \'G7\', \'Part Number\': \'603608-B21\', \'Products ID\': \'458137\', \'Product Type\': \'Processor\', \'Processor Type\': \'Intel Xeon\', \"
3840,{'Output': 'mismatch'},"MM\', \'Memory Speed\': \'C15\', \'description\': \'  ""Crucial 32GB (2x16GB) DDR4 2133MHz Non-ECC UDIMM Memory Kit - Dual Channel (CT2K8G4M2C3000C15R) - Vengeance LED"" ""Null""   ""Description:Cru"
3841,{'Output': 'mismatch'},"}', 'Entity_2': '{\'title\': \'Corsair Carbide Series Air 240 - cube micro ATX\', \'category\': \'Computer Cases\', \'subcategory\': \'CC-9011070-WW\', \'brand\': \'Corsair\', \'sku\': \'cc9011070"
3842,{'Output': 'mismatch'},"ZEX\', \'type\': \'Description:Hard Drive - 2TB - 3.5 inches - 6Gbs - 64MB Cache - SATA - Black\', \'description\': \'  ""HDD Black 2TB 3.5 SATA 6Gbs 64MB Cache - SATA - Black""@es ""Consumibles""@es ""Discos Duro""@"
3843,{'Output': 'mismatch'},"7.2K\', \'description\': \'  ""658071-B21 SC HP 500-GB 7.2K 3.5 SATA SC Hard Drive"", ""Null"" ""New 658071-B21 SC HP 500-GB 7.2K 3.5 SATA SC Hard Drive""  ""Description:\', \'title\"
3844,{'Output': 'mismatch'},"': \'€ 0,-\', \'Pakketpost NL DPD\': \'€ 12,04\', \'Opsturen Nederland tot 250 Euro\': \'€ 0,-\', \'Pakketpost tot € 99,-\': \'€ 5,95\', \'description\': \'  ""HP Proliant HP Low Power kit 8"
3845,{'Output': 'mismatch'},"7200RPM\', \'description\': \'  ""Seagate ST1000DM003 1TB 7200RPM SATA 6Gb/s 3.5 inches Internal Hard Drive"" ""@en  Seagate ST1000DM003 1TB 7200RPM SATA 6Gb/s 3.5 inches"
3846,{'Output': 'mismatch'},"category\': \'Hard Drive\', \'description\': \'  \""ST31000340AS 1TB 7200RPM SATA III 6Gb/s 3.5\"" Hard Drive\""@en Hard Drive ST31000340AS-10PACK | SC\', \'title\': \'ST31000340AS"
3847,{'Output': 'mismatch'},"\': \'Yes\', \'Description\': \'  \""325134-001 HP DL580R G2 Dense Rack Server 1 to 4 Processor Capacity 32GB with 16 x 2GB DIMMs PC2-3200 DDR2 Memory Protection Hot Plug RAID, Hot Plug mirrored Form Factor Dense Rack R"
3848,{'Output': 'mismatch'},"003-10Pack HP 146GB 10K SAS Internal Hard Drive"" ""Null""   ""Description:430165-003-10Pack HP 146GB 10K SAS Internal Hard DrivePart Number(s) Hewlett-Packard Part# HP 430165-003-10Pack\', \'sku\':"
3849,{'Output': 'mismatch'},"{""Output"": ""mismatch""}"
3850,{'Output': 'mismatch'},"3656ABA FC-AL HDD Wholesale  ""New BD03656ABA FC-AL HDD Wholesale  ""New BD03656ABA FC-AL HDD Wholesale  ""New BD03656ABA FC-AL HDD Wholesale  ""New BD03656ABA FC-AL HDD Wholesale  """
3851,{'Output': 'mismatch'},"421C14FBK464\', \'Tweakers ID\': \'619452\', \'Productprijs\': \'€ 159,95\', \'Pakketpost DPD\': \'€ 3,95\', \'iDeal\': \'€ 0,-\', \'Totaal\': \'€"
3852,{'Output': 'match'},"9623-B21 HP BL20p G2 X2.8GHz/1MB 512MB\', \'sku\': \'359623b21\', \'type\': \'Description:BL20p G2 X2.8GHz/1MB 512MB\', \'description_full\': \'  ""3596"
3853,{'Output': 'mismatch'},"\', \'description\': \'  ""192106-B21 HP Proliant 110GB Super DLT Tape Drive"" ""Null""   ""Description:Proliant 110GB Super DLT Tape Drive \', \'title\': \'192106-B21 HP Proliant 110GB Super DLT Tape Drive\', \'"
3854,{'Output': 'mismatch'},"'Entity_2': '{\'title\': \'DH0072BALWL HP 72-GB 3G 15K 2.5 DP SAS HDD\', \'category\': \'HP\', \'subcategory\': \'72-GB 3G 15K 2.5 DP SAS HDD\', \'brand\': \'HP"
3855,{'Output': 'mismatch'},"(SFF) Serial ATA (SATA) 6G SC Enterprise Mainstream Solid State Hard Drive (SSD)\'}', 'Entity_2': '{\'title\': \'691862-B21 HP G8 G9 100-GB 6G 2.5 SATA SSD\', \'category\': \'SSD\', \'subcategory\': \'Enter"
3856,{'Output': 'mismatch'},"{""Output"": ""mismatch""}"
3857,{'Output': 'mismatch'},"al\': \'€ 0,-\', \'Totaal\': \'€ 90,75\', \'description\': \'  ""Kingston HyperX Fury black - DDR3 4 GB DIMM 240-pin"" "" Kingston HyperX Fury black HX426C15FB/4\', \'title\': \'Kingston Hyper"
3858,{'Output': 'mismatch'},"arranty\': \'3 Years\', \'description\': \'  ""TP-Link 5-Port 10/100Mbps Desktop Switch TL-SF1005D""@en TL-SF1005D)""@en  '}', 'Entity_2': '{\'title\': \'TP-Link 5-Port 10/100Mbps Des"
3859,{'Output': 'mismatch'},"ID\': \'457491\', \'Type\': \'Hard Drive Controller\', \'description\': \'  ""449363-B21 HP SC400i HBA Controller"" ""HP 449363-B21 SC400i HBA Controller""  ""HP 449363-B21 SC400i H"
3860,{'Output': 'mismatch'},"brand\': \'HP\', \'sku\': \'500658b21\', \'type\': \'RDIMM\', \'description\': \'  ""500658-B21 HP 4GB (1x4GB) PC3-10600 RDIMM"" ""New 500658-B21 RDIMM"
3861,{'Output': 'mismatch'},"4-B21"" ""New 432094-B21 HP 15K 3.5 SP SAS HDD Wholesale Price 432094-B21\', \'price\': \'""$1,459.23"", ""USD""\', \'Part Number\': \'432094-B21\', \'Products"
3862,{'Output': 'mismatch'},"'description\': \'  ""Corsair Carbide Series 340W ATX Mid Tower Gaming Case""@en Case CC-340W - Corsair Carbide Series 340W ATX Mid Tower Gaming Case\', \'title\': \'Corsair Carbide Series 340W ATX Mid Tower Gaming Case\', \'subcategory\': \'M"
3863,{'Output': 'mismatch'},"\': \'[449363b21]\', \'brand\': \'HP\', \'category\': \'\', \'Category\': \'Proliant Controller\', \'Sub-Category\': \'HBA\', \'Generation\': \'SC40Ge\', \'Part Number\': \'449363-B21\', \'Product"
3864,{'Output': 'mismatch'},"ices\': \'293472-B22\', \'description\': \'  ""293472-B22 - TAPE DRIVE SDLT 160/320 5U Rack-Mountable""   ""293472-B22 - TAPE DRIVE SDLT 160/320 5U Rack-Mount"
3865,{'Output': 'mismatch'},"\', \'L3 Cache\': \'6MB\', \'Socket\': \'LGA 1151\', \'Thermal Design Power\': \'65W\', \'description\': \'  ""Intel Core i5 6400 2.7GHz Quad-Core LGA1151 65W Processor"" ""Intel Core i5"
3866,{'Output': 'match'},"58418-B21\', \'brand\': \'HP\', \'sku\': \'458418b21\', \'type\': \'Intel Xeon E5410 ML370 G5\', \'description\': \'  ""458418-B21 HP E5410 2.33G"
3867,{'Output': 'mismatch'},"\'288-pin\', \'Voltage\': \'1.2V\', \'description\': \'  ""Corsair Vengeance LED 16GB (2x8GB) DDR4 3000MHz C15 Dual Channel Desktop Memory - Black (CML16GX4M2C3000C15R)\""@en Desktop"
3868,{'Output': 'mismatch'},"ached SCSI (SAS)\', \'Enclosure\': \'Internal\', \'Drive Dimensions\': \'3.5 inches x 1/3H (Low Profile)\', \'Spindle Speed\': \'10000RPM\', \'External Data Transfer\': \'300MB/s\', \'Seek Time\': \'3.5ms\', \"
3869,{'Output': 'match'},"2': '{\'title\': \'Intel Core i7-6700K Boxed - Specificaties\', \'category\': \'\', \'subcategory\': \'\', \'brand\': \'Intel\', \'sku\': \'Core i7-6700K\', \'type\': \'Processor\', \'description\': \'  ""Int"
3870,{'Output': 'mismatch'},"Description:PL BL20P G2 1p 3.06GHz 512MB FC   Manufacturer Part# 323146-B21\', \'description\': \'  ""323146-B21 BL20p Xeon 3.06GHz"" ""Null""   ""Description:PL BL20p 3.06 Xe"
3871,{'Output': 'match'},"AF120 Case Fan Quiet Edition White LED, Single Pack""@en CO-9050015-WLED ""Corsair Air Series AF120 Case Fan Quiet Edition White LED, Single Pack""@en  ""Corsair Air Series AF120 Case Fan Quiet Edition White LED, Single Pack""@en  ""Corsair Air Series AF120 Case Fan Quiet Edition"
3872,{'Output': 'mismatch'},"0025]\', \'brand\': \'HP\', \'category\': \'\', \'Manufacturer\': \'Hewlett Packard\', \'Category\': \'Hard Drive\', \'Sub-Category\': \'15K\', \'Generation\': \'SAS\', \'Part Number\': \'HP 417190-002"
3873,{'Output': 'mismatch'},"465193611]\', \'brand\': \'Samsung\', \'category\': \'Memory\', \'description\': \'  \""Samsung 4GB DDR3 1333MHz PC3 10600 240-Pin SDRAM DIMM 4GB (4 x 1GB) PC3 10600"
3874,{'Output': 'mismatch'},"', \'description\': \'  ""AMD A6-7400K Boxed Processor 3.5GHz Socket FM2+ 65W"" ""Null""   ""Description:AMD A6-7400K Boxed Processor 3.5GHz Socket FM2+\', \'title\': \'AMD A6-7400K Boxed Processor 3"
3875,{'Output': 'mismatch'},"{""Output"": ""match""}"
3876,{'Output': 'match'},"237b21\', \'349237b21\'], \'type\': \'Hard Drive\'}', 'Entity_2': '{\'title\': \'349237-B21 HP 80-GB 1.5G 7.2K 3.5 SATA HDD\', \'category\': \'Hard Drive\', \'subcategory"
3877,{'Output': 'match'},"'description\': \'  \""Samsung 512GB SSD 850 PRO SATA 6Gbps 3D NAND Solid State Drive (MZ-7KE512BW)\""@en ""▷ Samsung 850 PRO 512GB SSD MZ-7KE512BW | Newegg""@en  ""Disco Solido SSD"
3878,{'Output': 'mismatch'},"WD10EFRX 1TB 3.5"" SATA III NAS HDD, 5400rpm, 64MB Cache, NCQ""@en ""▷', \'category\': \'\', \'subcategory\': \'\', \'brand\': \'Western Digital Corp.\', \'sku\': \'WD10EFRX\', \'"
3879,{'Output': 'mismatch'},"340743b21]\', \'/mpn\': \'[340743b21]\', \'brand\': \'HP\', \'category\': \'DLT\', \'Category\': \'Proliant\', \'Sub-Category\': \'Tape Drive\', \'Generation\': \'20/40GB\', \'"
3880,{'Output': 'mismatch'},"{""Category"": ""Seagate HardDrive""}"
3881,{'Output': 'mismatch'},"\': \'€ 0,-\', \'Totaal\': \'€ 532,99\', \'description\': \'  ""Intel Core i7-6700K 4.00GHz Quad-Core Processor - Retail""@en ""Intel Core i7-6700K 4.00GHz Quad-Core Processor - Retail"
3882,{'Output': 'mismatch'},"{""Output"": ""mismatch""}"
3883,{'Output': 'match'},"5W Box\', \'category\': \'Processor\', \'subcategory\': \'Box\', \'brand\': \'AMD\', \'sku\': \'FD8350FRHKBOX\', \'type\': \'Processor Box\', \'description\': \'  ""AMD Processor, AMD 8C FX-8350 4.0"
3884,{'Output': 'match'},"{""Output"": ""match""}"
3885,{'Output': 'mismatch'},"': \'2\', \'Memory Slots\': \'2\', \'description\': \'  \""Intel Core i5-4460 3.2GHz Quad-Core Processor (BX80646I54460) - NOCTUA Cooling\""@en i5-4460 Processor (BX80646I54460"
3886,{'Output': 'mismatch'},"\'  ""653078-B21 HP G8 G9 200-GB 6G 2.5 SAS SC SSD"" ""HP 653078-B21 SSD Part# -653078-B21""  ""Description:653078-B21 HP G8 G9 200-GB 6G"
3887,{'Output': 'mismatch'},"4141002]\', \'brand\': \'HP\', \'category\': \'Hard Drive\', \'Manufacturer\': \'Hewlett Packard\', \'Category\': \'Hard Drive\', \'Sub-Category\': \'15K\', \'Generation\': \'SAS\', \'Part Number\': \'HP 4541"
3888,{'Output': 'mismatch'},"isco Catalyst 7500 Series Switch - 300GB SSD\', \'title\': \'Cisco Catalyst 7500 Series Switch - 300GB SSD\', \'sku\': \'CT750MX300SSD1\', \'type\': \'Description:Cisco Catalyst 7500 Series Switch - 300GB S"
3889,{'Output': 'mismatch'},"\'/mpn\': \'[csrsp120d]\', \'brand\': \'Cisco Systems\', \'category\': \'Networking_and_Telecommunications\', \'Category\': \'Cisco\', \'Sub-Category\': \'Cisco Catalyst Switching\', \'Generation\': \'Catalyst 12000\', \'Part"
3890,{'Output': 'mismatch'},"GB 7.2K 3.5 DP SATA 10Pack"" ""Null"" Price ST3500630NS-10Pack"" ""New ST3500630NS HDD Wholesale""', \'title\': \'ST3500630NS Seagate 500GB 7.2K 3.5 DP SATA 10Pack"
3891,{'Output': 'mismatch'},"': \'€ 3,95\', \'description\': \'  \""AMD FX-4300 Quad-Core 3.2 GHz Socket AM3+ 95W FD4300WMHKBOX\"" ""Null""   ""Description:AMD FX-4300 Quad-Core 3.2 GHz Socket AM3+ 95W FD"
3892,{'Output': 'mismatch'},"', \'description\': \'  ""Antec P380 Windowed Full Tower PC Gaming Case""@en Case LN61713 - 0-761345-83800-9 | SCAN UK""@en  \', \'Output\': \'match\'}

Output: mismatch"
3893,{'Output': 'mismatch'},"{""Output"": ""mismatch""}"
3894,{'Output': 'mismatch'},"u\': \'cmz4gx3m1a1600c9b\', \'type\': \'DDR3\', \'description\': \'  ""Corsair Vengeance - DDR3 8 GB: 2 x 4 GB DIMM 240-pin""   ""Corsair Vengeance - DDR3 8 GB: 2 x 4 GB"
3895,{'Output': 'match'},"el Core i5-7500 Box""@en Processor/CPU LN66917 - BX80662I37500 | SCAN\', \'description\': \'  ""Intel Core i5-7500 Box""@en Processor/CPU LN66917 - BX80662I37500 | SCAN\',"
3896,{'Output': 'mismatch'},"{""Output"": ""match""}"
3897,{'Output': 'mismatch'},"{""Output"": ""mismatch""}"
3898,{'Output': 'mismatch'},"GB 3G 10K 2.5 DP SAS\', \'category\': \'Hard Drive\', \'subcategory\': \'Price\', \'brand\': \'HP\', \'sku\': \'hp430165003\', \'type\': \'Hard Drive\', \'description\': \'  ""HP REMAN 14"
3899,{'Output': 'mismatch'},"de Estudio 1TB SATA III 6GB/s\', \'category\': \'Discos Duros\', \'subcategory\': \'Discos Duros 3.5""\', \'brand\': \'Seagate\', \'sku\': \'ST2000DM0062TB\', \'type\': \'Hard Drive\', \'description"
3900,{'Output': 'mismatch'},"{\'title\': \'WD Blue WD10EFDX - Prijzen\', \'category\': \'@NL Tweakers\', \'subcategory\': \'\', \'brand\': \'WD\', \'sku\': \'wd10efdx\', \'type\': \'Hard Drive\', \'description\': \'  ""WD Blue WD10"
3901,{'Output': 'match'},"{""Output"": ""mismatch""}"
3902,{'Output': 'mismatch'},"3.5 inches x 1 inch\', \'description\': \'  ""430165-003-2Pack HP 146GB 10K SAS Hard Drive 2.5 inches x 3.5 inches x 1 inch"" ""Null""   ""Description: 146GB 10K SAS Hard Drive 2.5 inches x 3.5 inches x"
3903,{'Output': 'match'},"\'  ""Null"", ""Raidsonic Icy Box IB-AC6034-U3/IB-AC6033-U3"" Price  IB-AC6034-U3"" ""Description:Icy Box IB-AC6034-U3/IB-AC6033-U3""  ""Description:Icy Box IB-AC6034-"
3904,{'Output': 'mismatch'},"Inside-Pc\', \'description\': \'  \""DISCO DURO INTERNO HDD SEAGATE 1TB ST1000DM003 3.5\"" SATA 3 7200RPM 16MB CACHE - Inside-Pc\""@es In\', \'title\': \'DISCO DURO INTERNO HDD SEAGATE"
3905,{'Output': 'match'},"{""Output"": ""match""}"
3906,{'Output': 'mismatch'},"0,-\', \'description\': \'  ""\""Asus ROG Strix B365-F Gaming Intel B365 (Socket 1151) DDR4 Micro ATX Motherboard\""@en \""\u25b7 Asus Mi\u2026 |', \'title\': 'Asus ROG Strix B365-F Gaming Intel B365 ("
3907,{'Output': 'mismatch'},"', \'Sub-Category\': \'CMK16GX4M2A2400C16 | SCAN UK\', \'Part Number\': \'CMK16GX4M2A2400C16\', \'Products ID\': \'144438\', \'Type\': \'DDR4 SODIMM\', \'Memory"
3908,{'Output': 'mismatch'},"\', \'description\': \'  \""323146-B21 HP ProLiant BL20p G2 Blade Server\"" \""Null\""   \""Description:2 x HP ProLiant BL20p G2 Blade Server\', \'title\': \'323146-B21 HP ProLiant BL20p G2 Blade Server\', \'subcategory\"
3909,{'Output': 'mismatch'},"'/mpn\': \'[bx80646i34150]\', \'brand\': \'Intel\', \'category\': \'Intel processor\', \'Processor Number\': \'I3 4150\', \'Number of Cores\': \'2\', \'Number of Threads\': \'4\', \'Clock Speed\':"
3910,{'Output': 'match'},"\': \'  ""Kingston ValueRAM KVR21N15S8K2/16 - Prijzen ""@NL Tweakers""@NL\', \'title\': \'Kingston ValueRAM KVR21N15S8K2/16 - Prijzen ""@NL Tweakers""@NL\', \'subcategory\': \'\', \'brand\': \'King"
3911,{'Output': 'mismatch'},"\'Yes\', \'description\': \'  ""Genuine HPE 400GB 10K SAS NHP 5Pack 508429-001-5Pack""@en ""▷ HPE 400GB 10K SAS NHP 5Pack 508429-001-5Pack""@en ""▷ H"
3912,{'Output': 'mismatch'},"'category\': \'Motherboard\', \'Categorie\': \'Moederborden\', \'Merk\': \'AD\', \'Product\': \'AD9500AGA Motherboard ""@en Motherboard""@en  ""The AD9500AGA offers a wealth of connectivity opt\', \'Uitvoering\': \'AD9500AGA"
3913,{'Output': 'mismatch'},"': \'6Gb/sec (750 MB/s)\', \'description\': \'  \""ST3500630NS 500GB 6G 7.2K 3.5 SATA\""   \""Null\""   ""Description:500GB 6G 7.2K 3.5 SATA SC\', \'title\': \'ST3500"
3914,{'Output': 'match'},"\', \'Products ID\': \'458231\', \'Product Type\': \'Memory\', \'Memory Type\': \'SDR Synchronous\', \'Capacity\': \'2GB\', \'description\': \'  \""358348-B21 HP 2GB 333MHz SDR Synchronous Memory\"" ""Null"""
3915,{'Output': 'mismatch'},"-Core Processor with Wraith Stealth 65W cooler ""@en | YD1400BBAEBOX Novatech\', \'subcategory\': \'\', \'brand\': \'AMD\', \'sku\': \'yd1400bbaebox, yd1400xbbaebox\', \'type\': \'Processor\', \"
3916,{'Output': 'mismatch'},"oven € 30 kg\': \'€ 5,95\', \'description\': \'  ""Intel - Core i7-7700K 4.2GHz Quad-Core Processor"" Processor (BX80677I77700K) PCPartPicker""\'}', 'Entity_2': '{\'title\': \'Intel - Core i7"
3917,{'Output': 'match'},"Name\': \'HP Ultra320 SCSI Controller Adapter Card\', \'Description\': \'  ""HP Ultra320 SCSI Controller Adapter Card""@en ""▷ HP Ultra320 SCSI Controller Adapter Card | SCAN.co.uk""@en  ""1""\', 'Entity_2': '{\'title\': \'HP Ultra320 SCSI Controller"
3918,{'Output': 'mismatch'},"1\', \'type\': \'508429-001 HDD\', \'description\': \'  ""508429-001 HP 400-GB 10K 3.5 DP NHP SAS HDD"" ""HP 508429-001 HDD Part# -508429-001"""
3919,{'Output': 'mismatch'},"GB 10K FC-AL HDD"" ""Null""   ""Description: 36.4GB 10K Fibre Channel 40 pin 2GB/s HotSwap FCAL Hard Drive Part# BD03656ABA\', \'category\': \'Null\', \'subcategory\': \'Description: 36.4GB 10K Fibre Channel"
3920,{'Output': 'match'},"(vanaf € 20,- i.c.m. iDEAL)\': \'€ 0,-\', \'description\': \'  ""Gigabyte GA-H110M-S2HP H110M-S2HP Intel H110 Micro ATX DDR4 2400MHz SATA 6Gb/s Micro ATX Intel H110 Motherboard"
3921,{'Output': 'mismatch'},"\', \'Graphics Data Workload - Gemiddelde opentijd\': \'131,0 μs\', \'Graphics Data Workload - Gemiddelde responstijd\': \'111,0 μs\', \'Iometer - Gemiddelde leestijd\': \'11,0 μs\', \'Iometer - Gemiddelde schrijftijd\': \'"
3922,{'Output': 'match'},"3X4G1333C9A\', \'brand\': \'Corsair\', \'sku\': \'tw3x4g1333c9a\', \'type\': \'4GB (2x2GB) Corsair DDR3 XMS3 Classic, PC3-10666 (1333), Non-ECC Unbuffered\'}',"
3923,{'Output': 'mismatch'},"p G2 X2.8GHz/1MB 512MB Memory M1 Part#359623-B21"" ""Null""   ""Description: HP Proliant BL20p G2 Server Xeon 2.8GHz/1MB 1P 512MB Memory M1 Part#359623-B21""  ""Description: HP Proliant BL"
3924,{'Output': 'mismatch'},"8gx3m2a1600c9\', \'type\': \'Memory\', \'description\': \'  \""Corsair XMS3 8GB (2x4GB) DDR3 PC3-12800 1600MHz Dual Channel Kit\""@en ""▷ Corsair""  ""Null""  ""Corsair XMS3 8"
3925,{'Output': 'mismatch'},"\'category\': \'Hard Drives\', \'Sub-Category\': \'7.2K\', \'Generation\': \'SAS\', \'Part Number\': \'456896-001\', \'Products ID\': \'142989\', \'Type\': \'Hard Drive - Hot-Swap\', \'Form F"
3926,{'Output': 'mismatch'},"akketpost Nederland (tot € 100,-)\': \'€ 5,-\', \'Pakketpost Nederland (tot € 150,-)\': \'€ 5,-\', \'Pakketpost Nederland (tot € 200,-)\': \'€ 5,-\', \'Pakketpost Nederland (tot € 300,-)\': \'€ 5,-\"
3927,{'Output': 'match'},"1]\', \'/mpn\': \'[st2000nm001]\', \'brand\': \'Seagate\', \'category\': \'Inside-Pc\', \'Categorie\': \'Interne harde schijven\', \'Productserie\': \'Desktop\', \'Product\': \'Seagate Desktop HDD\',"
3928,{'Output': 'mismatch'},"112\', \'Part Number\': \'HP 192106b21\', \'Products ID\': \'111111_HP_TapeDrives\', \'Device Type\': \'Tape Drive\', \'description\': \'  \""192106b21 HP Proliant 110/112 Tape"
3929,{'Output': 'mismatch'},"vanaf € 29,95)\': \'€ 0,-\', \'Verzending (vanaf € 10,-)\': \'€ 0,-\', \'Verzending (vanaf € 15,-)\': \'€ 0,-\', \'Verzending (vanaf € 19,-)\': \'€ 0,-\', \'Verzending (vanaf"
3930,{'Output': 'mismatch'},"\', \'sku\': \'658102-001-SC\', \'type\': \'Description:2 x HPE 2TB 3.5-inch (LFF) Serial ATA (SATA) 6G7.2K Hot-Plug Midline\', \'description\': \'  ""658102-001-SC HP G"
3931,{'Output': 'mismatch'},"', \'description\': \'  ""HX424C15FB2/8 Kingston HyperX Fury black 16GB (2 x 8GB) DDR4 2133MHz CL15 Desktop Memory - Retail "" ""Null""   ""Description:Kingston HyperX Fury black 16GB (2 x 8GB) DDR4 2133M"
3932,{'Output': 'mismatch'},"category\': \'Null\', \'subcategory\': \'Description: Proliant DL360R G3 Xeon 2.8GHz/512K-400fsb 1GB Hewlett-Packard Part# 308724-001\', \'brand\': \'Hewlett-Packard\', \'sku\': \'3"
3933,{'Output': 'mismatch'},"{""Output"": ""mismatch""}"
3934,{'Output': 'match'},"CT750MX300SSD1 Price in India\', \'subcategory\': \'\', \'brand\': \'Crucial\', \'sku\': \'ct750mx300ssd1\', \'type\': \'Solid State Drive\', \'description\': \'  ""Buy Online | Crucial MX300 750GB"
3935,{'Output': 'mismatch'},"AS-9 Dual Rank x 8 Memory Kit Part Number(s) Option Part# 500670-B21 (1 module)\', \'description\': \'  ""500670-B21 HP 2GB (1x2GB) PC3-10600 UDIMM"" ""Null""   ""Description:Genuine HPE 2GB (1x2GB"
3936,{'Output': 'mismatch'},"8GB DDR3 Memory (DS1517+ (8GB))"" ""8GB ram"" Synology DS1517+""', \'title\': \'DS1517+ 5 Bay Synology Desktop NAS Enclosure with 8GB DDR3 Memory (DS1517+ (8GB))\', \'subcategory\': \'5 Bay Synology Desktop NAS Enclosure with 8"
3937,{'Output': 'match'},"Proliant HardDrive\', \'Sub-Category\': \'10K\', \'Generation\': \'SAS\', \'Part Number\': \'EG0146FARTR\', \'Products ID\': \'457490\', \'Type\': \'Hard Drive - Hot-Swap\', \'Capacity\': \'146GB"
3938,{'Output': 'mismatch'},"{""Output"": ""mismatch""}"
3939,{'Output': 'mismatch'},"'sku\': \'bx80684i78700k\', \'type\': \'Processor\', \'price\': \'319.99\', \'manufacturer\': \'Intel\', \'manufacturer_part_number\': \'I7 7800K\', \'upc\': \'0241"
3940,{'Output': 'mismatch'},"\': \'[658071b21sc]\', \'brand\': \'HP\', \'category\': \'HP\', \'Category\': \'Proliant Memory\', \'Sub-Category\': \'SDRAM\', \'Generation\': \'DDR2\', \'Part Number\': \'658071-B21SC\"
3941,{'Output': 'mismatch'},"T7000 Tape Drive"" ""340743-B21 HP 20/40GB INT OPAL DLT7000 Tape Drive"" ""Description:20GB Internal OPAL DLT7000 Tape Drive""@en 20GB Internal OPAL DLT7000 Tape Drive\', \'title\': \'340743-B2"
3942,{'Output': 'mismatch'},"\'category\': \'Null\', \'Category\': \'Proliant Memory\', \'Sub-Category\': \'Genuine HP Memory\', \'Generation\': \'1333MHz\', \'Part Number\': \'653078-B21-2Pack\', \'Products ID\': \'490417\', \'"
3943,{'Output': 'mismatch'},"]\', \'/gtin13\': \'[658102001]\', \'brand\': \'Seagate\', \'category\': \'Hard Drive\', \'Categorie\': \'Harddisks\', \'Generation\': \'7200RPM\', \'Part Number\': \'ST31000340AS\"
3944,{'Output': 'mismatch'},"', \'brand\': \'HP\', \'category\': \'Networking Products\', \'Category\': \'Netwerkproducten\', \'Sub-Category\': \'Switches\', \'Generation\': \'24 Ports\', \'Part Number\': \'249674-001\', \'Products ID\': \'11111"
3945,{'Output': 'mismatch'},"', \'subcategory\': \'\', \'brand\': \'HP\', \'sku\': \'430169-002\', \'type\': \'Description:72GB 3G 15K 2.5 DP SAS HDD\', \'description\': \'  ""430169-002 HP 72-GB"
3946,{'Output': 'match'},"GB (4x16GB) DDR4 PC4-17000C14 2133MHz Dual/Quad Channel Kit (HX421C14FBK4/64)""  \', \'title\': \'Kingston Fury Black 64GB (4x16GB) DDR4 PC4-17000C14 213"
3947,{'Output': 'mismatch'},"{""Output"": ""mismatch""}"
3948,{'Output': 'match'},"632429-003 SAS SSDs\', \'brand\': \'HP\', \'sku\': \'632429-003-10Pack\', \'type\': \'10 x HPE 632429-003 SAS SSDs Wholesale\', \'description\': \'  ""10"
3949,{'Output': 'mismatch'},"sg2000dm]\', \'/mpn\': \'[st2000dm001]\', \'brand\': \'Seagate\', \'category\': \'\', \'Product Description\': \'Seagate Barracuda - hard drive - 2 TB - SATA\', \'Form Factor\': \'3.5"" x 1/3H\"
3950,{'Output': 'mismatch'},"-ZD8000C6/2G\', \'Type\': \'Geheugen\', \'Omschrijving\': \'Kingston KTH-ZD8000C6/2G 2GB DDR3 SDRAM 1333MHz Unbuffered ECC SODIMM 240-pin\', \'SKU\': \'k"
3951,{'Output': 'mismatch'},"': \'Proliant Server\', \'Sub-Category\': \'DL360p\', \'Generation\': \'G5\', \'Part Number\': \'356816-001\', \'Products ID\': \'14093\', \'Processor Capacity\': \'1 to 4\', \'Memory Type\': \'PC"
3952,{'Output': 'mismatch'},"kit 647897-B21""@en-US | 5 Free Hosting\""@en-US ', \'title\': \'HP Proliant Low Power kit 647897-B21 \""5 Free Hosting\""\', \'subcategory\': \'\', \'brand\': \'HP\', \'sku\': \'647897-"
3953,{'Output': 'mismatch'},"""154457-B21 HP Ultra320 SCSI Controller"" ""Null""   ""Description:154457-B21 HP Ultra320 SCSI Controller""  ""Description:154457-B21 HP Ultra320 SCSI Controller""  ""Description:154457-B21 HP Ultra320 SCSI Controller"
3954,{'Output': 'mismatch'},"{""Output"": ""mismatch""}"
3955,{'Output': 'mismatch'},"66MB/sec)\', \'price\': \'""USD""\', \'description\': \'  ""ST3500630NS-2Pack Seagate 500GB 3.5 inches 7.2K 15K RPM 22-Position Serial ATA (SATA) 1.5Gb/sec"" ""Null""   ""Description:2 x 50"
3956,{'Output': 'mismatch'},"256MB DDR2 SDRAM 200MHz Server Memory"" "" New 249675-001 HP 256MB DDR2 SDRAM 200MHz Server Memory"" ""HP 256MB DDR2 SDRAM 200MHz Server Memory"" ""HP 256MB DDR2 SDRAM 200MHz Server"
3957,{'Output': 'mismatch'},"Vengeance LPX 32GB (2 x 16GB) DDR4 3000MHz Unbuffered Memory Module - CS32G4M2B3000C15""  ""Description:Corsair Vengeance LPX 32GB (2 x 16GB) DDR4 3000MHz Unbuffered Memory Module - CS32G4M2"
3958,{'Output': 'match'},"', \'type\': \'Memory\', \'description\': \'  ""359623-B21 HP BL20p G2 X2.8GHz/1MB 512MB""@en-US ""New 359623-B21 HP BL20p G2 X2.8GHz/1MB 512MB""@en-US\"
3959,{'Output': 'mismatch'},"'description\': \'  ""HP 417190-002 72GB 15K 3.5 1/3H (Low Profile) SAS Hard Drive In HPE Hot-Plug Drive tray (as pictured)Genuine"", ""Null"" ""New 417190-002 SAS Hard Drive Wholesale Price 417190-0"
3960,{'Output': 'mismatch'},"AN\': \'0735858241434\', \'SKU\': \'bx80637i73770k\', \'Productprijs\': \'€ 320,37\', \'Pakketpost 0-30 kg\': \'€ 2,50\', \'iDeal (vanaf"
3961,{'Output': 'mismatch'},"sku\': \'wd40ezrz\', \'type\': \'Description:4 TB 3.5"" Hard Drive - 64MB Cache - 5400 RPM - SATA III - Blue\', \'subcategory\': \'Price\', \'price\': \'""USD"", ""$229.99""\', \'capacity\': \'4000 GB"
3962,{'Output': 'match'},"{""Output"": ""match""}"
3963,{'Output': 'mismatch'},"146fa-wjb\'], \'type\': \'Hard Drive - Hot-Swap\'}', 'Entity_2': '{\'title\': \'EH0146FAWJB HP 146-GB 6G 15K 2.5 DP SAS 10 Pack\', \'category\': \'\', \'subcategory\': \'\', \"
3964,{'Output': 'mismatch'},"'€ 0,-\', \'description\': \'  ""Kingston HyperX Fury blu HX316C10F/4 - Prijzen ""@NL Tweakers""@NL\', \'title\': \'Kingston HyperX Fury blu HX316C10F/4 - Prijzen ""@NL Tweakers""@NL\', \'subcategory\"
3965,{'Output': 'mismatch'},"{""Output"": ""mismatch""}"
3966,{'Output': 'mismatch'},"'Part Number\': \'430169002\', \'Products ID\': \'457442\', \'Type\': \'Hard Drive - Hot-Swap\', \'Capacity\': \'146GB\', \'Interface Type\': \'Serial Attached SCSI\', \'Spindle Speed\': \'15000RPM"
3967,{'Output': 'mismatch'},"\': \'HP\', \'category\': '', \'Manufacturer\': 'Hewlett Packard', \'Category\': 'Hard Drive', \'Sub-Category\': '10K', \'Generation\': 'SAS', \'Part Number\': 'HP 430165-003-10Pack', \'Product ID\': '455127_HP"
3968,{'Output': 'mismatch'},"', \'Form Factor :\': \'2.5 inches x 1/8H\', \'Description :\': \'120Gb Samsung 750 EVO Series S-ATA3 Solid State 2.5 inch 1/8 height drive\', \'title\': \'120Gb Samsung 750 EVO Series S-ATA3 Solid State 2.5 inch"
3969,{'Output': 'match'},"04-Pin Laptop Memory (CT102464BF160B)\', \'brand\': \'Crucial\', \'sku\': \'ct102464bf160b\', \'type\': \'Memory\', \'price\': \'""USD"", ""$49.99""\'}', 'Entity_2': '{\'title\"
3970,{'Output': 'mismatch'},"', \'description\': \'  ""ST31000524NS Seagate 1-TB 7.2K 3.5 3G SATA HDD"" ""New ST31000524NS HDD Wholesale Price ST31000524NS\', \'description_long\': \'  ""ST31000524NS"
3971,{'Output': 'mismatch'},"011 SATA 2 Pack Wholesale Price\', \'sku\': \'st2000nm0011\', \'sku_2pack\': \'st2000nm00112pack\', \'type\': \'3.5-inch 7.2K 6G SATA SFF Hot-Plug\'}', 'Entity_2': '{\"
3972,{'Output': 'match'},"{""Output"": ""mismatch""}"
3973,{'Output': 'match'},"2GB PC2700 SDRAM Module\', \'brand\': \'HP\', \'description\': \'  ""New 358349-B21 Module Wholesale Price 358349-B21""', \'sku\': \'358349b21\', \'type\': \'ECC PC2700D"
3974,{'Output': 'mismatch'},"56896-001 HP 400-GB 10K 3.5 DP SAS HDD\', \'category\': \'\', \'subcategory\': \'\', \'brand\': \'HP\', \'sku\': \'456896001\', \'type\': \'Serial Attached SCSI (SAS) 1"
3975,{'Output': 'mismatch'},"\', \'subcategory\': \'\', \'sku\': \'359461007\', \'type\': \'3.5-inchHot-Plug Fibre Channel Hard Drive\'}', 'Entity_2': '{\'title\': \'359461-007 HP 300-GB 10K FC-AL\', \'"
3976,{'Output': 'mismatch'},"', \'subcategory\': \'Description:HP original 2GB FBD PC2-5300 (2X1GB) KIT -NEW BULK-\', \'sku\': [\'397411b21\'], \'type\': \'Memory\'}', 'Entity_2': '{\'title\': \'HP original 2GB FBD PC2-5300"
3977,{'Output': 'match'},"2071-B21 HP 60-GB 2.5 MDL SATA SSD\', \'subcategory\': \'Solid State Drives\', \'sku\': \'dl165g7572071b21\', \'type\': \'Solid State Drive\', \'description\': \'  ""572071-"
3978,{'Output': 'mismatch'},"u\': \'ST31000640NS\', \'type\': \'Price\'}', 'Entity_2': '{\'title\': \'Seagate 1TB 7200RPM 3.5 SATA HDD\', \'category\': \'\', \'subcategory\': \'\', \'brand\': \'Seagate\', \'sk"
3979,{'Output': 'mismatch'},"js\', \'EAN\': \'04718755065736\', \'SKU\': \'9hlf4lbdbe\', \'Tweakers ID\': \'320107\', \'Productprijs\': \'€ 299,99\', \'Pakketpost Nederland\': \'€ 0"
3980,{'Output': 'mismatch'},"0,-\', \'Pakketpost vanaf\': \'€ 0,-\', \'description\': \'  ""Corsair Air Series AF120 LED Quiet Edition 120mm Fans"" Fans (CO-9050015-WLED)\', \'title\': \'Corsair Air Series AF120 LED Quiet Edition 120mm Fans"
3981,{'Output': 'mismatch'},"-AL HDD\', \'subcategory\': \'10K Fibre Channel\', \'sku\': \'bd1465822c\', \'type\': \'Hard Drive\'}', 'Entity_2': '{\'title\': \'BD1465822C HP 146.8-GB 10K FC-AL HDD\',"
3982,{'Output': 'mismatch'},"{""Output"": ""mismatch""}"
3983,{'Output': 'match'},"TRAM™""@en  ""                     ULTRA MICRO SECURE DIGITAL HIGH CAPACITY CARD 16GB""@en Card 16GB SDHC (S-SDDU-016G-U46-NR) | NETRAM™\', \'description2\': \'  ""                     ULTRA MICRO SECURE DIGITAL HIGH CAP"
3984,{'Output': 'mismatch'},"{""Output"": ""mismatch""}"
3985,{'Output': 'mismatch'},"{""Output"": ""match""}"
3986,{'Output': 'mismatch'},"€ 0,-\', \'description\': \'  ""WD30EFRX 3TB"" "" WD30EFRX Interne harde schijven 3TB"" "" WD30EFRX Interne harde schijven 3TB"" "" WD30EFRX Interne harde schijven 3TB"" "" WD30EFRX Interne"
3987,{'Output': 'mismatch'},"'sku\': \'wd6001fzwx\', \'type\': \'Hard Drive\'}', 'Entity_2': '{\'title\': \'WD Black 6TB Performance Desktop Hard Disk Drive - 7200 RPM SATA 6 Gb/s 128MB Cache 3.5 Inch WD6001FZWX\', \'"
3988,{'Output': 'mismatch'},"2G-GN3MN\', \'sku\': \'sdsqunb032ggn3mn\', \'type\': \'32GB Ultra microSD High Capacity UHS-1 Card\', \'subcategory\': \'SDSQUNB-032G-GN3MN\', \'brand\': \'SanDisk\', \'}', 'Entity_"
3989,{'Output': 'mismatch'},"FZEX Black 3.5"" SATA III 6Gbit/s 7200 RPM 64MB Cache Hard Drive\', \'category\': \'\', \'subcategory\': \'\', \'brand\': \'Western Digital\', \'sku\': \'wd2003fzex\', \'type\': \'Hard Drive\'}', 'Output': '"
3990,{'Output': 'mismatch'},"56896-001 HP 400-GB 10K 3.5 DP SAS HDD\', \'sku\': \'456896001\', \'type\': \'456896-001 HP 400-GB 10K 3.5 DP SAS HDD\'}', 'Entity_2"
3991,{'Output': 'mismatch'},"K 3.5 SATA SC\', \'subcategory\': \'Price\', \'sku\': \'658102001sc\', \'type\': \'Description: 2-TB 6G 7.2K 3.5-inch SATA SC\', \'price\': \'""CAD"", ""$229.99 CAD""\', \"
3992,{'Output': 'mismatch'},"post Nederland\': \'€ 3,99\', \'iDeal\': \'€ 0,-\', \'description\': \'  \""Corsair Air Series SP120 PWM High Performance Edit\"", ""Null"" CO-9050013-WW""  ""Corsair Air Series SP120 PWM High Performance Edit\""  ""Corsair Air Series SP120"
3993,{'Output': 'mismatch'},"{""Output"": ""match""}"
3994,{'Output': 'mismatch'},".0 inches\', \'description\': \'  ""230534-B21 HP 40-GB 7200 rpm 40-pin IDC SAS 7.2K Hard Drive"" ""Null""   ""Description:40 GB 7200 rpm 40-pin IDC SAS 7.2K Hard DriveIn HPE Drive tray (as pictured"
3995,{'Output': 'mismatch'},"title\': \'632429-003 HP G8 G9 400-GB 6G 2.5 SAS SLC SSD\', \'subcategory\': \'SAS SSD\', \'sku\': \'632429003\', \'type\': \'Solid State Drive\', \'description\': \'  """
3996,{'Output': 'mismatch'},"08429-001 HP 400-GB 10K 3.5 DP NHP SAS HDD\', \'subcategory\': \'\', \'sku\': [\'5084290012pack\', \'508429001\'], \'type\': \'Serial Attached SCSI (SAS) 10"
3997,{'Output': 'mismatch'},".5-inch Serial Attached SCSI (SAS)SFF 3G Dual Port Hot-Plug 10K Hard DriveIn HPE Drive tray (as pictured)For G1-G7 Proliant\', \'brand\': \'HP\', \'sku\': \'dg0300bahzq\', \'type\': \'Hard Drive\'}', 'Output':"
3998,{'Output': 'match'},""" ""New 456896-001 HP 400-GB 10K 3.5 DP SAS HDD\', \'description\': \'  ""456896-001 HP 400-GB 10K 3.5 DP SAS HDD"" ""New 456896-001 HP 400"
3999,{'Output': 'mismatch'},: 204-pin: 1333 MHz: CL9: 2400 MHz: 1.5V: 2.53 GB/s: 10666 MHz: 10666 MHz: 10666 MHz: 10666 MHz: 10666 MHz: 10666 MHz:
4000,{'Output': 'mismatch'},"\'Part Number\': \'500660-B21\', \'Products ID\': \'11111\', \'Product Type\': \'Memory Kit\', \'Memory Type\': \'SDR\', \'Memory Size\': \'2GB\', \'Memory Form Factor\': \'1P M1\', \'Memory Qty\': \"
4001,{'Output': 'mismatch'},"2.7GHz Quad-Core Processor (BX80662I56400) - 4 Cores, 4 Threads, 6MB Intel Smart Cache, 14nm technology, 65W TDP, 34.1 GB/s Max Memory Bandwidth, DDR4-1866/2133, DDR3L-1333/16"
4002,{'Output': 'mismatch'},"GB\', \'Interface Type\': \'SAS\', \'Drive Interface Standard\': \'6GB/s SAS\', \'description\': \'  \""512743-001 HP 72-GB 15K 3.5 DP SAS HDD\"" ""Description:72GB ""512743-001 HP 72-"
4003,{'Output': 'mismatch'},"\'Corsair\', \'category\': \'\', \'description\': \'  ""Corsair K70 LUX RGB MK.2 Mechanical Gaming Keyboard - Black""@en (456896001) - K70 LUX RGB MK.2 Mechanical Gaming Keyboard - Black\', \'title\': \'Corsair K70 L"
4004,{'Output': 'match'},"{""Output"": ""match""}"
4005,{'Output': 'mismatch'},"u\': \'mk442lla\', \'type\': \'iMac\', \'description\': \'  ""Apple iMac 27-inch 2.9GHz Quad-core i5 (Late 2012) MD095LL/A""@en (MD095… | CDW.com""@en ""▷ A\', \'description"
4006,{'Output': 'match'},"\', \'sku\': \'hp430169002\', \'type\': \'Hard Drive - Hot-Swap\', \'description\': \'  ""430169-002 HP 72-GB 3G 15K 2.5 DP SAS HDD"" ""HP 430169-002 HDD"
4007,{'Output': 'mismatch'},"359623b21\', \’type\': \'Price\', \'description\': \'  ""359623-B21 HP BL20p G2 X2.8GHz/1MB 512MB Memory M1"" ""Null""   ""Description: HP Proliant BL20p G2 Server Xeon 2.8GHz/1MB"
4008,{'Output': 'mismatch'},"\'  \""MSI GeForce GTX 1080 GAMING 8G - Prijzen \""@NL Tweakers\""@NL\', \'title\': \'MSI GeForce GTX 1080 GAMING 8G - Prijzen \""@NL Tweakers\""@NL\', \'subcategory\': \'\', \'brand\': \'MSI\', \"
4009,{'Output': 'mismatch'},"9\', \'Pakketpost 30-50 kg\': \'€ 9,99\', \'Pakketpost 50+ kg\': \'€ 14,99\', \'Verzendkosten\': \'€ 0,-\', \'Verzendkosten (vanaf € 50,-)\': \'€ 0,-\', \'"
4010,{'Output': 'mismatch'},"': \'[hp512743001]\', \'/mpn\': \'[512743001]\', \'brand\': \'HP\', \'category\': \'Hard Drive\', \'Manufacturer\': \'HP\', \'Category\': \'Hard Drive\', \'Sub-Category\': \'15K\', \"
4011,{'Output': 'mismatch'},"AD 119.99""', \'description\': \'  ""508429-001 400GB 10K SAS NHP 3.5 inches x 1/3H (Low Profile) 10000RPM""   ""Description: 400GB 10K SAS NHP 3.5 inches x 1/3H (Low"
4012,{'Output': 'mismatch'},"/n/ac (draft 2.0) desk\', \'subcategory\': \'Price\', \'brand\': \'TRENDnet\', \'sku\': \'tew818dru\', \'type\': \'Description: TRENDnet AC1900 wireless router 802.11a/b/g/n/ac (draft 2.0"
4013,{'Output': 'mismatch'},"'Sub-Category\': \'10K\', \'Generation\': \'SAS\', \'Part Number\': \'417190-002\', \'Products ID\': \'142198\', \'Type\': \'Hard Drive - Hot-Swap\', \'Capacity\': \'190GB\', \'Interface Type\':"
4014,{'Output': 'match'},"\': \'Samsung\', \'sku\': \'m393a1g40db0cpb\', \'type\': \'DDR4\', \'description\': \'  ""Samsung M393A1G40DB0-CPB0Q DCZ 8GB 288p PC4-17000 CL15 18"
4015,{'Output': 'mismatch'},"\', \'brand\': \'Seagate\', \'sku\': \'st31000640ns\', \'type\': \'Description: 2 x 1.0TB Seagate Barracuda ES.2 Hot-Plug Serial ATA (SATA) 3.0GB/s 7200 RPM 3.5-inch form factor (L"
4016,{'Output': 'mismatch'},"'0711411111111\', \'description\': \'  ""Corsair Vengeance 16GB (2x8GB) DDR3 PC3-12800 1600MHz Dual Channel Memory Kit - Black (CMD16GX4M2B3000C15)""@en  ""Computers_and_Accessories -"
4017,{'Output': 'mismatch'},"'Drive Dimensions\': \'3.5 inches x 1/3H (Low Profile)\', \'Spindle Speed\': \'10000RPM\', \'HotSwap\': \'Yes\', \'Pre-Failure Warranty\': \'Yes\', \'Hot Swap Tray\': \'Included/Attached\', \'description\': \'"
4018,{'Output': 'mismatch'},"Kit - Black (2x8GB) - LN64493 - PC4-19200 (2400MHz) - CAS 14-16-16-31 - 288-pin DIMM - 1.2V""@en Black 16GB (2x8GB) DDR4 Memory Kit - LN64493 | CCL Comput"
4019,{'Output': 'mismatch'},"\': \'7.2K Midline MSA 2 SATA Hard Drive\', \'description\': \'  ""ST3750330NS HP MSA2 750-GB 7.2K 3.5 SATA ""Null"" Price ST3750330NS"" ""New ST3750330NS Wholesale \', \'description\': \'"
4020,{'Output': 'mismatch'},"21 8GB 2Rx4 PC3L-10600R-9 Kit""@en ""HP 647897-B21 8GB 2Rx4 PC3L-10600R-9 Kit""@en ""HP 647897-B21 8GB 2Rx4 PC3L-10600R-9 Kit""@"
4021,{'Output': 'mismatch'},"Stick\', \'Merk\': \'Transcend\', \'Product\': \'Transcend 16GB USB 2.0 Flash Drive - USB 2.0\', \'Uitvoering\': \'Transcend 16GB USB 2.0 Flash Drive - USB 2.0\', \'EAN\': \'5053460929"
4022,{'Output': 'mismatch'},"\'  ""487364-001 DL580 G5 4-Core E7440 2.4GHz/16MB 4P 8GB"", ""Null"" Price 487364-001"" 8GB Wholesale 487364-001"" 8GB Wholesale 487364-00"
4023,{'Output': 'mismatch'},"ur\': \'DDR3\', \'description\': \'  \""AMD Athlon X4 870K Quad-Core 3.9GHz Socket FM2+ 95W Boxed Processor\""@en ""Description:AMD Athlon X4 870K Quad-Core 3.9GHz Socket FM2+ 95W Boxed Processor(3."
4024,{'Output': 'mismatch'},"{""Output"": ""mismatch""}"
4025,{'Output': 'mismatch'},"\', \'description\': \'  ""359623-B21 HP Proliant BL20p G2 Server Xeon 2.8GHz/1MB 1P 512MB Memory M1 HP Part#359623-B21"" ""New HP Proliant BL20p G2 Server Xeon 2.8GHz/1MB 1"
4026,{'Output': 'mismatch'},"{""Output"": ""mismatch""}"
4027,{'Output': 'mismatch'},"\'EAN\': \'4250078188797\', \'SKU\': \'IB-AC6034-U3\', \'Tweakers ID\': \'457380\', \'Productprijs\': \'€ 39,95\', \'Pakketpost\': \'€ 0,-\',"
4028,{'Output': 'mismatch'},"\'€ 0,-\', \'description\': \'  ""BenQ Zowie RL2455 24.5-inch 1920x1080 144Hz 1ms 16:9 IPS Monitor ""@en | 9H.LF4LB.DBE""@en  ""BenQ Zowie RL2455 24.5-"
4029,{'Output': 'match'},"\'AD7300OHKLBOX\', \'description\': \'  \""AMD FX-6300 Six-Core 3.5GHz OC Socket AM3+ 125W Boxed Processor\"", \'title\': \'AMD FX-6300 Six-Core 3.5GHz OC Socket AM3+ 125W"
4030,{'Output': 'mismatch'},"description\': \'  ""804587-B21 HP G8 G9 240-GB 6G 2.5 SATA RI SC SSD"" ""Null""   ""Description:HP 240GB 2.5-inch (SFF) SATARead Intensive-2 (RI) 6G SC Solid State Hard DriveIn HPE Hot-Plug Drive tray ("
4031,{'Output': 'mismatch'},"359557-B21\', \'price\': \'""USD"", ""$1299.00""\', \'memory\': \'1 GB\', \'ram\': \'1 GB\', \'ram_technology\': \'DDR SDRAM\', \'ram_type\': \'1 GB\', \'storage_controller_type\': \'U"
4032,{'Output': 'mismatch'},"2,99\', \'description\': \'  ""Gigabyte GA-Z270M-D3H LGA1151 Intel Z270 Micro ATX DDR4 2666MHz Motherboard"", ""Null"" GA-Z270M-D3H "" ""Null""   ""Description:Gigabyte GA-Z270M-D3H L"
4033,{'Output': 'mismatch'},"1200]\', \'brand\': \'Hitachi\', \'category\': \'Hard Drive\', \'Category\': \'Hard Drive\', \'Sub-Category\': \'7200RPM\', \'Generation\': \'7K\', \'Part Number\': \'HX421C1200\', \'Products ID\': \'"
4034,{'Output': 'mismatch'},"', \'Uitvoering\': \'Intel Core i7-6800K\', \'EAN\': \'735858317627\', \'SKU\': \'bx8067i76800k,  bx80671i76800k\', \'Tweakers ID\': \'2"
4035,{'Output': 'match'},"M2B3000C15\', \'brand\': \'Corsair\', \'sku\': \'mu32gx4m2b3000c15\', \'type\': \'Memory\', \'description\': \'  \""Corsair Vengeance Red LED 32GB DDR4 3000 Memory Kit 2x 1"
4036,{'Output': 'match'},"8249,  675901273060]\', \'brand\': \'Intel\', \'category\': \'Computers_and_Accessories\', \'Category\': \'Solid State Drives\', \'Sub-Category\': \'Intel SSDs\', \'Generation\': \'34nm\', \'Part Number\':"
4037,{'Output': 'mismatch'},"sku\': \'dh0072balwl\', \'type\': \'15K 2.5-inch Serial Attached SCSI (SAS) Hot-Plug 15K HDD\'}', 'Entity_2': '{\'title\': \'DH0072BALWL HP 72-GB 3G 15K 2.5 DP SAS"
4038,{'Output': 'mismatch'},"{""Output"": ""mismatch""}"
4039,{'Output': 'mismatch'},"\': \'432094-B21 HP 146-GB 15K 3.5 SP SAS\', \'category\': \'Null\', \'subcategory\': \'New 432094-B21 SAS 2 Pack Wholesale Price 432094-B21-2Pack\', \'brand\': \'"
4040,{'Output': 'mismatch'},"Interface\': \'10/100/1000 Base-T Ethernet\', \'description\': \'  ""300876-B21 HP BL20 2.8 GHz 512MB 10/100/1000 Base-T Ethernet Blade Server"" ""Null""   ""Description:HP BL20 2.8"
4041,{'Output': 'mismatch'},"Included/Attached\', \'description\': \'  ""ST1000DM003 1TB 3.5-inch SATA 7200RPM Internal Hard Drive""   ""Description:1TB 3.5-inch SATA 7200RPM Internal Hard Drive\', \'title\': \'ST1000DM003 1TB"
4042,{'Output': 'match'},"subcategory\': \'\', \'brand\': \'Intel\', \'sku\': \'bx80662i77700\', \'type\': \'Processor\', \'description\': \'  \""Intel Core i7-7700 Processor\"" "" Intel Processor - BX80662I77700 Add-In Processors"
4043,{'Output': 'mismatch'},"{""Output"": ""match""}"
4044,{'Output': 'mismatch'},"\': \'Fibre Channel\', \'description\': \'  ""291966-B21 Hewlett Packard Enterprise SCSI PCI-X 641 1-Channel Fibre Channel Host Bus Adapter (HBA) with 64MB Cache and 2GB Cache Buffer\', \'title\': \'291966-B21 Hewlett Packard"
4045,{'Output': 'mismatch'},"{""Output"": ""match""}"
4046,{'Output': 'mismatch'},"\'description\': \'  ""Intel Core i7-6700K 4-Core 4.00GHz LGA 2011 v3 Processor"" ""Intel Core i7-6700K 4-Core 4.00GHz LGA 2011 v3 Processor""  ""Description:Intel Core i7-6700K 4-"
4047,{'Output': 'mismatch'},"\'333 MHz\', \'Description\': \'  \""Intel Xeon 2.8 GHz 512 MB Blade Server 300876-B21\""@en 512 MB Blade Server\', \'title\': \'Intel Xeon 2.8 GHz 512 MB Blade Server 300876-B"
4048,{'Output': 'mismatch'},"', \'brand\': \'Corsair\', \'sku\': \'CMU16GX4M2C3000C15\', \'type\': \'Memory\', \'description_nl\': \'Corsair Vengeance LED 16GB (2 x 8GB) DDR4-3000 Geheugen\', \'description_de"
4049,{'Output': 'mismatch'},"01 HP 400-GB 10K 3.5 DP SAS HDD\', \'sku\': \'456896-001\', \'type\': \'Serial Attached SCSI (SAS) 10K 3.5-inch Dual Port Hot-Plug Hard Drive\'}', 'Entity_2': '{\'title\': \'4"
4050,{'Output': 'mismatch'},"\'USD 1199.00\', \'description\': \'  ""359623-B21 HP ProLiant BL20p G2 Blade Server 512MB DDR SDRAM, 1MB Cache Memory, 1GB Ethernet, 0 GB Hard Drive, 1 x PCIe x16, 1 x PCIe x8, 1 x"
4051,{'Output': 'mismatch'},"', \'description\': \'  ""Intel Core i7-7800X Processor 3.5GHz 6 Cores 12 Threads LGA2011-3""@en ""Intel Core i7-7800X Processor 3.5GHz 6 Cores 12 Threads LGA2011-3""@en Processor\', \'title"
4052,{'Output': 'mismatch'},"\', \'description\': \'  \""Corsair Vengeance LPX 32GB (4 x 8GB) DDR4 2400MHz C14\""@en ""Corsair Vengeance LPX 32GB (4 x 8GB) DDR4 2400MHz C14""@en  ""Corsair Vengeance LPX 32GB"
4053,{'Output': 'mismatch'},"s Description:\"" ""The P380 is a full tower case that offers a sleek and modern design with a\', \'title\': \'Antec P380 Full Tower Case, Black\', \'sku\': \'p380\', \'type\': \'Full Tower Case\'}', 'Entity_2': '{\'title\': \'Antec P380 Full Tower"
4054,{'Output': 'mismatch'},"\'description\': \'  \""295643-B21 HP Smart Array 3200 Controller\"" ""Null""   ""Description:HP Smart Array 3200 ControllerPart Number(s) Hewlett-Packard Part# 295643-B21\', \'title\': \'295643-B21 HP Smart Array 3200"
4055,{'Output': 'match'},"'description\': \'  ""Gigabyte BRIX GB-BACE-3000\', ""Null"" Gigabyte BRIX GB-BACE-3000""  ""Gigabyte BRIX GB-BACE-3000\', \'title\': \'Gigabyte BRIX GB-BACE-3000\', \'sku\': \'GB"
4056,{'Output': 'mismatch'},"', \'title\': \'359461-005 HP 72.8-GB 10K FC-AL\', \'subcategory\': \'2 x StorageWorks 72.8GB 10K Fibre Channel Hot-Swap Hard Drive\', \'sku\': [\'3594610055pack\', \'359"
4057,{'Output': 'mismatch'},"cm\', \’Description\': \'Samsung 250GB MZ-75E1T0BW Internal Solid State Drive\', \'title\': \'Samsung 250GB MZ-75E1T0BW Internal Solid State Drive\', \'sku\': \'mz75e1t0bw\', \'type\': \'Internal"
4058,{'Output': 'mismatch'},"ences\': \'20 Hz - 20000 Hz\', \'description\': \'  ""90ya00nnm0ua00 Pioneer 24 bit 10000 Hz 16 cm (6.3 inches) PCI-E Line In\', \'title\': \'90ya00nnm0ua00 Pioneer 24"
4059,{'Output': 'mismatch'},"2x8GB (CMSX4M2A2666C16R)""@en, ""Corsair Vengeance LED 16GB (2x8GB) DDR4 2666 Memory Kit (CMSX4M2A2666C16R)""@en ""Corsair Vengeance LED 16GB (2x8GB) DDR4 266"
4060,{'Output': 'mismatch'},"'2.0GHz\', \'Bus Speed\': \'1333MHz\', \'L2 Cache\': \'8MB\', \'64-bit Processing\': \'Yes\', \'Process Technology\': \'65nm\', \'Processor Socket\': \'Socket J LGA-771\', \'Thermal Design Power\': \'5"
4061,{'Output': 'mismatch'},"{""Output"": ""mismatch""}"
4062,{'Output': 'mismatch'},"': \'495942b21\', \'type\': \'Description:Intel Xeon E5506 DL/ML370 G6(2.13GHz/\'}', 'Entity_2': '{\'title\': \'495942-B21 HP E5506 2.13GHz ML370 G6\', \"
4063,{'Output': 'match'},"': \'1500RPM\', \'description\': \'  \""Corsair CO9050004WW 120mm Fan\""@en ""▷ Corsair\', \'title\': \'Corsair CO9050004WW 120mm Fan\', \'subcategory\': \'Performance Edition\', \'sku"
4064,{'Output': 'mismatch'},"'Description:10 x 72GB Serial Attached SCSI (SAS) 15K 3.5 DP SAS 10 Pack \'}', 'Entity_2': '{\'title\': \'417190-002 HP 72-GB 15K 3.5 DP SAS 10 Pack \', \'category\': \'\', \'sub"
4065,{'Output': 'mismatch'},"03\', \'Products ID\': \'111111\', \'Capacity\': \'1TB\', \'Interface\': \'Serial ATA\', \'Enclosure\': \'Internal\', \'Spindle Speed\': \'7200RPM\', \'Data Transfer Rate\': \'6Gb/s (600MB/s)\"
4066,{'Output': 'mismatch'},"{""Output"": ""match""}"
4067,{'Output': 'mismatch'},"\': \'HX421C14FBK4/64\', \'type\': \'DDR4, 2133MHz, CL14, 1.2v, Kingston HyperX Fury Black, 64GB (4x16GB)\'}', 'Entity_2': '{\'title\': \'Kingston Fury Black 64GB (4x"
4068,{'Output': 'mismatch'},"15K 3.5 DP SAS HDD\', \'category\': \'HP 430169-002 HDD Part# -430169-002\', \'subcategory\': \'Description:72GB Serial Attached SCSI (SAS) 3.5-inch Dual Port Hot-Plug Hard DriveIn HPE Drive tray (as pict"
4069,{'Output': 'mismatch'},"\'Tweakers ID\': \'693568\', \'Productprijs\': \'€ 1.199,-\', \'Pakketpost Nederland\': \'€ 0,-\', \'iDeal\': \'€ 0,-\', \'Totaal\': \'€ 1.199,-\', \'Pakketpost\"
4070,{'Output': 'match'},"HP 146-GB 6G 15K 2.5 DP SAS Drive"" ""New EH0146FAWJB SAS 10 Pack Wholesale Price EH0146FAWJB-10Pack\', \'title\': \'EH0146FAWJB HP 146-GB 6G 15K 2."
4071,{'Output': 'mismatch'},"{""Output"": ""match""}"
4072,{'Output': 'mismatch'},"51aa10pack\', \'type\': \'Hard Drive\'}', 'Entity_2': '{\'title\': \'3R-A3851-AA HP 72.8-GB U320 SCSI 15K\', \'category\': \'\', \'subcategory\': \'\', \'brand\': \'3R\', \'sku\"
4073,{'Output': 'mismatch'},"', \'/mpn\': \'[349514b21]\', \'brand\': \'HP\', \'category\': \'HP 349514-B21 HDD Part# -349514-B21\', \'Manufacturer\': \'HP\', \'Category\': \'Hard Drive\', \'Sub-Category"
4074,{'Output': 'mismatch'},"{""Output"": ""match""}"
4075,{'Output': 'mismatch'},"5 SAS SC SSD"" ""SSD Enterprise Performance 653078-B21\', \'description2\': \'  ""653078-B21 HP G8 G9 200-GB 6G 2.5 SAS SC SSD"" ""SSD Enterprise Performance 653078-B21\', \'description3\': \'"
4076,{'Output': 'mismatch'},"\': \'ili36300\', \'type\': \'Processor\', \'description_full\': \'  ""6th Generation Intel® Core™ i3 6300 3.8GHz Socket LGA1151 (Skylake) Processor - Retail ""@en Skyla\', \'description_short\': \'6th Generation Intel® Core™ i3"
4077,{'Output': 'mismatch'},"pictured)For G1-G7 Proliant\', \'sku\': \'430165003\', \'type\': \'2.5-inch Serial Attached SCSI (SAS)SFF 3G Dual Port Hot-Plug 10K Hard Drive\', \'description\': \'  ""430165-003 HP 1"
4078,{'Output': 'mismatch'},"024221\', \'SKU\': \'rc130kkn1, 130kkn1\', \'Tweakers ID\': \'554664\', \'Productprijs\': \'€ 49,99\', \'Pakketpost Nederland\': \'€ 0,-\', \'iDeal\': \'"
4079,{'Output': 'mismatch'},"€1199,-, €1199,-, €1199,-, €1199,-, €1199,-, €1199,-, €1199,-, €1199,-, €1199,-, €1199,-, €1199,-, €1199,-, €1199,-, €1199"
4080,{'Output': 'match'},"', \'Memory Slots\': \'4\', \'Memory Speed\': \'PC2-3200\', \'Manufacturer\': \'Hewlett-Packard\', \'description\': \'  ""359557-B21 HP ProLiant BL20p G2 Blade Server 1 GB RAM 1 MB Cache Memory 4 DIMM Slots"
4081,{'Output': 'mismatch'},"000C15 32GB (2x16GB) DDR4-3000MHz 15-17-17-35\', \'sku\': \'cmk32gx4m2b3000c15\', \'type\': \'Memory\'}', 'Entity_2': '{\'title\': \'Corsair CMK"
4082,{'Output': 'mismatch'},"GB SDHC UHS-I 30MB/s""@en-US ""Accessories -\', \'description\': \'  ""Sandisk Ultra 16GB SDHC UHS-I 30MB/s""@en-US ""Accessories -\', \'title\': \'Sandisk Ultra 16GB SDHC UHS-I 30MB/s\', \'sub"
4083,{'Output': 'mismatch'},"MP Supported\', \'description\': \'  ""Corsair Vengeance - DDR3 8GB (2 x 4GB) Unbuffered Non-ECC Memory"" "" Corsair 2 x 4GB DDR3-1600 Memory\', \'title\': \'Corsair Vengeance - DDR3 8GB (2 x 4GB) Unbuffered Non-"
4084,{'Output': 'mismatch'},"Tower Cases\', \'subcategory\': \'Corsair\', \'brand\': \'Corsair\', \'sku\': \'cc100r-ww\', \'type\': \'Midi Tower Case\', \'description\': \'  \""Corsair Carbide 100R Silent Edition Black Case\"" ""Null""   ""Description:Corsair"
4085,{'Output': 'mismatch'},"Plug Hard Drive\', \'Products ID\': \'455695_HP_HardDrives\', \'Product Type\': \'Hard Drive\', \'description\': \'  ""508429-001 HP 400-GB 10K 3.5 DP NHP SAS HDD"", ""Null"" ""New 50842"
4086,{'Output': 'mismatch'},"12MB Cache, 15K RPM, 3.5 inch, 1/3H (Low Profile), 72GB, SAS, 15000RPM, 300MB/s, 3.5ms, Hot Swap, Internal, Hewlett Packard, 512MB Cache, 15K RPM, 3.5 inch, 1/3H ("
4087,{'Output': 'mismatch'},"{""Output"": ""mismatch""}"
4088,{'Output': 'mismatch'},"5000AZLX 1TB 7200RPM 3.5 SATA Hard Drive\', \'Categorie\': \'Hard Drive\', \'Sub-Category\': \'7200RPM\', \'Generation\': \'SATA\', \'Part Number\': \'WD 5000AZLX\', \'Product ID\':"
4089,{'Output': 'mismatch'},"': \'1Gb/s\', \'description\': \'  ""HP 1GB 4-Port Ethernet Adapter 615729-B21"" ""New 615729-B21 HP 1GB 4-Port Ethernet Adapter"" ""Description:4-Port 1GbE PCI Express 2.1 Adapter (61572"
4090,{'Output': 'mismatch'},"\'871 g\', \'description\': \'  \""Fujitsu Siemens SC-F1100MHK 3.06 GHz Dual Core Processor (Socket 775) - 2 MB L2 Cache - 64 bit - 1333 MHz FSB - 128 bit FPU - 1066 MHz FSB - 1"
4091,{'Output': 'match'},"verage Seek Time\': \'12ms\', \'Caching\': \'None\', \'description\': \'  \""1TB Seagate 3.5 inches x 1/3H SATA 7200RPM Hard Drive - ST31000640NS-5Pack\""  \""Description:1TB Seagate 3.5 inches x 1/3"
4092,{'Output': 'mismatch'},"\'1.15 GHz\', \'Memory Bandwidth\': \'128-bit\', \'description\': \'  ""Intel Core i5 6600 Quad Core 3.3GHz LGA1151 65W Processor BX80662I56600""@en Intel Core i5 6600 Quad Core 3"
4093,{'Output': 'mismatch'},"23b21\', \'type\': \'Memory\'}', 'Entity_2': '{\'title\': \'359623-B21 HP BL20p G2 X2.8GHz/1MB 512MB\', \'category\': \'Memory\', \'subcategory\': \'Description: HP Proliant BL20p G2 Server X"
4094,{'Output': 'match'},"': \'Kingston HyperX Fury HX421C14FB/8\', \'subcategory\': \'\', \'brand\': \'Kingston\', \'sku\': \'hx421c14fb8\', \'type\': \'Memory\'}', 'Entity_2': '{\'title\': \'Kingston HyperX Fury HX4"
4095,{'Output': 'match'},"', \'description\': \'  \""Dell 73GB 15K Ultra320 SCSI 68pin SCA-2 (Non-Hot-Swap) Hard Drive 340-9807-2Pack\"" \', \'title\': \'Dell 73GB 15K Ultra320 SCSI 68pin SCA-2 (Non-Hot"
4096,{'Output': 'mismatch'},"{""Output"": ""match""}"
4097,{'Output': 'match'},"m5101]\', \'category\': \'Computers_and_Accessories\', \'Size\': \'20 inches\', \'Color\': \'Black\', \'description\': \'  \""IBM 5101 Terminal - 20 inches - Black\""@en IBM 5101 Terminal - 20 inches - Black | SCAN UK\', \'"
4098,{'Output': 'mismatch'},"XT\', \'sku\': \'cas340wb3\', \'type\': \'ATX Mid Tower Case\', \'Products ID\': \'111111\', \'Price\': \'CAD 119.99 CAD\', \'Price\': \'CAD 119.99 CAD\', \'description\': \"
4099,{'Output': 'mismatch'},",-\', \'description\': \'  ""Kingston ValueRAM KVR21N15S8K2/16 - 2x4GB DDR3 1333MHz SDRAM - 240-Pin DIMM - CL9 - 1.5V - 100% Tested and Guaranteed - 100% Original Kingston Memory - 240"
4100,{'Output': 'mismatch'},"{""Output"": ""mismatch""}"
4101,{'Output': 'mismatch'},"-Packard\', \'description\': \'  ""456896-001 HP 400GB 10K SAS HDD"" ""Null""   ""Description:Proliant 400GB 10K SAS HDD\', \'title\': \'456896-001 HP 400GB 10K SAS HDD\"
4102,{'Output': 'match'},"150MB/s\', \'description\': \'  ""430165-003 HP 146GB 10K SAS 3.5-inch Internal Hard Drive"" ""Null""   ""Description:HP 146GB 10K SAS 3.5-inch Internal Hard Drive\', \'title\': \'430165-003"
4103,{'Output': 'mismatch'},"', \'Product\': \'PNY Pro Elite USB 3.0 64GB\', \'Uitvoering\': \'64GB\', \'EAN\': \'0612022212121\', \'SKU\': \'PSDX64U395GE\', \'Tweakers ID\': \'4117"
4104,{'Output': 'mismatch'},"3G 15K 2.5 DP SAS HDD\', \'description\': \'  ""430169-002 HP 72-GB 3G 15K 2.5 DP SAS HDD"" ""New 430169-002 HDD Wholesale Price 430169-002""}'}"
4105,{'Output': 'match'},"30+ kg\': \'€ 14,95\', \'description\': \'  ""Corsair Vengeance LPX 16GB (2 x 8GB) DDR4 2666MHz C16 - CMK32GX4M2A2666C16 ""@en-US ""Corsair | 5 Free Hosting""@en-US"
4106,{'Output': 'mismatch'},"mpn\': \'[cmk16gx4m4b3000c15r]\', \'brand\': \'CMK16GX4M4B3000C15R\', \'category\': \'Memory/RAM\', \'Memory Type\': \'DDR4 (PC4-24000)\', \'Capacity\': \'"
4107,{'Output': 'mismatch'},"zen @NL Tweakers @NL\', \'category\': \'Geheugen intern\', \'subcategory\': \'\', \'brand\': \'Corsair\', \'sku\': \'CMK32GX4M2A2666C16\', \'type\': \'Vengeance LPX\', \'description\': \'  ""C"
4108,{'Output': 'mismatch'},"Packard\', \'Category\': \'Hard Drive\', \'Sub-Category\': \'15K\', \'Generation\': \'SAS NHP\', \'Part Number\': \'HP 432094-002-15Pack\', \'Product ID\': \'455287_HP_HardDrives\', \'Capacity\':"
4109,{'Output': 'mismatch'},"Description:5 x HPE 500GB 1.5G 7.2K 3.5-inch SFF Hot-Plug Hard Drive In tray (as pictured)For G1-G7 Proliant ServersGenuine serial number and firmware\', \'brand\': \'HP\', \'sku\': \'454141002\', \'type\"
4110,{'Output': 'mismatch'},"4 2.00GHz Quad Core Processor - 80W TDP""@en 492131-B21 HP Xeon E5504 2.00GHz Quad Core Processor - 80W TDP""@en  ""HP Xeon E5504 2.00GHz Quad Core Processor - 80W TDP"""
4111,{'Output': 'mismatch'},"de computer snel kan weergeven vanuit de processor.\': \'Intel HD Graphics 530\', \'description\': \'  \""Intel Core i7-6700K 4.2GHz Quad-Core Processor - Boxed\"" ""Intel Core i7-6700K 4.2GHz Quad-Core Processor - Boxed"" ""Intel Core"
4112,{'Output': 'mismatch'},"gd\'], \'type\': \'Computers & Accessories\', \'description\': \'  ""Gigabyte GeForce GTX 1060 G1 Gaming 3072MB GDDR5 PCI-Express Graphics Card (GV-N1060G1 GAMING-3GD)\""@en ""▷ Gigabyte (GV-N1060"
4113,{'Output': 'mismatch'},"TB WD Blue 2.5"" Solid State Drive/SSD WDS100T1B0A""@en ""WD 1TB Blue 2.5"" Solid State Drive/SSD WDS100T1B0A""@en ""WD 1TB Blue 2.5"" Solid State Drive/SSD WDS100T1B0A""@en ""WD"
4114,{'Output': 'mismatch'},"\', \'type\': \'Description:72GB 2.5-inch Serial Attached SCSI (SAS) SFF3G Dual Port Hot-Plug 15K Hard Disk Drive\', \'description\': \'  ""DH0072BALWL HP 72-GB 3G 15K 2.5 DP SAS HDD"", ""Null"" """
4115,{'Output': 'mismatch'},"\', \'Uitvoering\': \'NZXT H440\', \'EAN\': \'5060301693139\', \'SKU\': \'CAH-442-WM9\', \'Tweakers ID\': \'584396\', \'Productprijs\': \'€ 119"
4116,{'Output': 'mismatch'},"'Entity_2': '{\'title\': \'HP 72 GB 10K rpm FC disk hard drive\', \'category\': \'Hard Drives\', \'subcategory\': \'HP drive internal drives\', \'brand\': \'HP\', \'sku\': \'238921-B21\', \'type\': \'hard disk"
4117,{'Output': 'mismatch'},"P0M0N\', \'Tweakers ID\': \'558610\', \'Productprijs\': \'€ 139,95\', \'Pakketpost Nederland\': \'€ 0,-\', \'iDeal\': \'€ 0,-\', \'Totaal\': \'€ 139,95\',"
4118,{'Output': 'mismatch'},"Pro\', \'description\': \'  ""2 Bay Netgear ReadyNas 212 Nas, with upto 16TB storage, Quad Core 1.4GHz ARM Cortex A15, 2GB RAM"" ""Netgear ReadyNAS 212 Network Storage - Diskless""@en Diskless (RN21200-100NES"
4119,{'Output': 'mismatch'},"\': \'G.Skill - Ripjaws V Series 16GB (2 x 8GB) DDR4-2400 Memory\', \'category\': \'Memory\', \'subcategory\': \'DDR4\', \'brand\': \'G.Skill\', \'sku\': \'F4-2400C15D-16G"
4120,{'Output': 'mismatch'},"', \'subcategory\': \'Internal Hard Drives\', \'sku\': \'xta3510300gb10k\', \'type\': \'Fibre Channel\'}', 'Entity_2': '{\'title\': \'XTA-3510-300GB-10K Sun 300GB 10K RPM 3."
4121,{'Output': 'match'},"\': \'AMD\', \'Productserie\': \'Ryzen\', \'Product\': \'AMD Ryzen 5 1600\', \'Uitvoering\': \'Boxed\', \'EAN\': \'0730143308441\', \'SKU\': \'YD160BCAEWOF"
4122,{'Output': 'mismatch'},"'Part Number\': \'333773-B21\', \'Products ID\': \'142198\', \'Technology\': \'Blade Server\', \'Memory\': \'1GB\', \'Memory Type\': \'DDR2\', \'Memory Speed\': \'400MHz\', \'Form Factor\':"
4123,{'Output': 'mismatch'},"6""@en\', \'title\': \'SDCFXPS-032G-X46\', \'sku\': \'sdcfxps032gx46\', \'type\': \'Flash Card Reader\'}', 'Entity_2': '{\'title\': \'SDCFXPS-032G-X46\', \'category\':"
4124,{'Output': 'mismatch'},"{""Output"": ""mismatch""}"
4125,{'Output': 'mismatch'},"{""Output"": ""mismatch""}"
4126,{'Output': 'match'},"'Seagate\', \'Pre-Failure Warranty\': \'Yes\', \'Cache\': \'64MB\', \'price\': \'\""$109.95\"", \""USD\""\', \'description\': \'  \""Seagate Barracuda 1TB Internal SATA 3 Hard Drive\""@en Drive LN42410 - ST1"
4127,{'Output': 'mismatch'},"8000 IOPS, 32-layer V-NAND\', \'description\': \'  ""SAMSUNG 750 EVO 500GB Solid State Drive/SSD""@en Drive/SSD LN73110 - MZ-750500BW | SCAN UK""@en  ""5"" ""Samsung 750"
4128,{'Output': 'mismatch'},"{""Output"": ""match""}"
4129,{'Output': 'mismatch'},"\'Pakketpost NL (vanaf € 25,-)\': \'€ 0,-\', \'Pakketpost NL\': \'€ 0,-\', \'Pakketpost (vanaf € 25,-)\': \'€ 0,-\', \'Pakketpost (vanaf € 10,-)\': \'€ 0,-\', \'Pakketpost"
4130,{'Output': 'mismatch'},"Storage Capacity\': \'350GB\', \'Upgrade Type\': \'Internal\', \'Technology\': \'SATA II\', \'Memory Speed\': \'5400rpm\', \'Rank\': \'7200.14\', \'Application\': \'Hard Drive\', \'Server Model\': \'Seagate\', \"
4131,{'Output': 'mismatch'},"/mpn\': \'[co9050004ww]\', \'category\': \'\', \'description\': \'  \""Corsair AF120 Performance Edition Twin Pack\""@NL   ""Corsair Air Series AF120 Performance Edition 120mm 1650RPM 63.47CFM 30DBA Airflow Fan Dual Pack"
4132,{'Output': 'mismatch'},"JCSBX)\""   ""Description:AMD Athlon X4 870K Quad Core Processor (AD870KXBJCSBX) 4.0GHz Turbo Core 4MB L2 Cache Socket FM2+""   ""Description:AMD Athlon X4 870K Quad Core Processor (AD870KXBJCSBX) 4.0"
4133,{'Output': 'mismatch'},"\', \'description\': \'  ""HP 431786-B21 5 Pack Hot-Swap 2.5 inches 5.4K 300GB SATA Hard Drive"" ""Null""   ""Description:5.4K 300GB 2.5 inches 3Gb/s SATA Hot-Swap Hard DriveIn HPE Drive tray (as pictured)For"
4134,{'Output': 'mismatch'},"'7200\', \'description\': \'  ""WD1003FZEX 1TB SATA 7200RPM 64MB Cache Internal Hard Drive"" ""New WD1003FZEX 1TB SATA 7200RPM 64MB Cache Internal Hard Drive"" ""New WD1003FZEX 1TB SATA"
4135,{'Output': 'mismatch'},"{""Output"": ""mismatch""}"
4136,{'Output': 'mismatch'},"04031342311]\', \'brand\': \'Corsair\', \'category\': \'Computers\', \'Category\': \'Computers\', \'Sub-Category\': \'Computers\', \'Part Number\': \'CC9011082WW\', \'Products ID\': \'111111\',"
4137,{'Output': 'mismatch'},"'description\': \'  ""Corsair Air Series AF120 LED Quiet Edition"" ""Corsair Air Series AF120 LED Quiet Edition 120mm Wit"" \'}', 'Entity_2': '{\'title\': \'Corsair Air Series AF120 Quiet Edition 120mm\', \'category\': \'Ventilatoren\', \'sub"
4138,{'Output': 'mismatch'},"ek Time\': \'8.5ms\', \'Hot Swap Tray\': \'Not Included\', \'Manufacturer\': \'DL320\', \'description\': \'  \""DL320 80GB 7.2K 3.5 SATA HDD\"" ""Null""   ""Description:DL320 80GB 7.2K 3"
4139,{'Output': 'mismatch'},"', \'description\': \'  ""3R-A3851-AA HP 72.8-GB 15K Ultra320 SCSI Internal Hard Drive"", ""Null"" Price 3R-A3851-AA-2Pack"" ""New 3R-A3851-AA 2 Pack Wholesale Price 3R-A3851-AA-2Pack"
4140,{'Output': 'mismatch'},"0 3.8GHz Dual-Core Processor (BX80662I36300) PCPartPicker\', \'sku\': \'bx80662i36300\', \'type\': \'Processor\'}', 'Entity_2': '{\'title\': \'Intel Core i3-6300 3.8GHz"
4141,{'Output': 'mismatch'},"4622-B23 HP 300-GB 10K FC-AL HDD\', \'category\': \'Null\', \'subcategory\': \'Description:Hard Drive Hot-Swap 300GB 10K Fibre Channel 40\', \'brand\': \'HPE\', \'sku\': \'364622b"
4142,{'Output': 'match'},"rive Bays\': \'24\', \'Description\': \'  \""233609-001 HP Enterprise 24-Bay Ultra320 SCSI Drive Array (RAID) Controller\"", ""Null"" Price 233609-001 "" \""New 233609-001 HP Enterprise 24-Bay Ultra320 SCSI"
4143,{'Output': 'mismatch'},"DRAM DIMM Kit\', \'category\': \'\', \'subcategory\': \'\', \'brand\': \'HP\', \'sku\': \'358348b21\', \'type\': \'DDR SDRAM DIMM Kit\', \'description\': \'  ""HP 1 GB Advanced ECC PC2700 DDR S"
4144,{'Output': 'mismatch'},"agate 7200RPM 7.2K 3.5 SATA HDD""  ""1TB Seagate 7200RPM 7.2K 3.5 SATA HDD""  ""1TB Seagate 7200RPM 7.2K 3.5 SATA HDD""  ""1TB Seagate 7200RPM"
4145,{'Output': 'mismatch'},"akketpost Nederland\': \'€ 4,50\', \'description\': \'  ""AMD Ryzen Threadripper 1900x 3.4GHz 12-Core Boxed"" ""AMD Ryzen Threadripper 1900X 3.4GHz 12-Core Processor""@en  ""AMD Ryzen Threadripper 1900"
4146,{'Output': 'mismatch'},"\': \'  \""Kingston Technology SV300S37A120G 2TB 3.5-inch (LFF) SATA 6Gb/s 7200RPM 6G 7.2K Hard Drive\"" ""Description:\', \'title\': \'Kingston Technology SV300S37A120G 2TB 3.5-"
4147,{'Output': 'mismatch'},"22001231]\', \'brand\': \'Corsair\', \'category\': \'Computer Components\', \'Memory Type\': \'DDR4 (PC4-19200)\', \'Capacity\': \'32GB (2 x 16GB)\', \'Tested Speed\': \'2666MHz\', \'Test"
4148,{'Output': 'mismatch'},"u\': \'333773b21\', \'type\': \'BL10e G2 Server Blade\', \'description\': \'  ""Null"", ""333773-B21 HP BL10e G2 40GB Server Blade"" Price 333773-B21 "" Blade Wholesale  ""Description:HP BL1"
4149,{'Output': 'mismatch'},"\', \'Productprijs\': \'€ 349,95\', \'Pakketpost Nederland\': \'€ 12,04\', \'iDeal\': \'€ 0,-\', \'Totaal\': \'€ 361,99\', \'description\': \'  ""AMD Ryzen 7 1700"
4150,{'Output': 'mismatch'},"0,-\', \'Pakketpost (vanaf € 49,-)\': \'€ 0,-\', \'Pakketpost (vanaf € 59,-)\': \'€ 0,-\', \'Pakketpost (vanaf € 69,-)\': \'€ 0,-\', \'Pakketpost (vanaf € 79,-)\': \'€"
4151,{'Output': 'match'},"'Entity_2': '{\'title\': \'HP 20/40GB Internal Opal DLT Tape Drive 340743-B21\', \'category\': \'\', \'subcategory\': \'\', \'brand\': \'HP\', \'sku\': \'340743b21\', \'type\': \'2"
4152,{'Output': 'match'},"\': \'hp430165003\', \'type\': \'Hard Drive\'}', 'Entity_2': '{\'title\': \'HP 430165-003 146GB 3G 10K 2.5 DP SAS 2 Pack\', \'category\': \'Storage\', \'subcategory\': \'"
4153,{'Output': 'mismatch'},"category\': \'\', \'Category\': \'HP\', \'Sub-Category\': \'Tape Drive\', \'Generation\': \'50/100GB\', \'Part Number\': \'287497-B21\', \'Products ID\': \'15051\', \'Form Factor Height\': \'Half-"
4154,{'Output': 'mismatch'},"USB 3.1 Flash Drive r40MB/s w10MB/s Data Traveler G4 White/Blue Retail\', \'type\': \'Flash Drive\'}', 'Entity_2': '{\'title\': \'Kingston DTIG4/16GB CUK 16GB USB 3.1 Flash Drive r40MB/s w10MB/s Data Traveler G4 White"
4155,{'Output': 'mismatch'},"', \'Description\': \'  ""643778-B21 Intel Xeon 2.4GHz Deca-Core Processor""   ""Description: Intel Xeon 2.4GHz Deca-Core Processor\', \'title\': \'643778-B21 Intel Xeon 2.4GHz Deca-Core Processor\', \'"
4156,{'Output': 'mismatch'},"{""Output"": ""mismatch""}"
4157,{'Output': 'mismatch'},"'Tested Timings\': \'C15 15-15-15-35\', \'description\': \'  ""Corsair Vengeance LPX 32GB (4 x 8GB) DDR4 3000MHz C15 15-15-15-35""  ""Corsair Vengeance LPX 32GB (4"
4158,{'Output': 'mismatch'},"n\': \'[287494b21]\', \'brand\': \'Hewlett-Packard\', \'category\': \'\', \'Sub-Category\': \'Genuine HP Memory\', \'Part Number\': \'287494-B21\', \'Products ID\': \'142956\', \'description"
4159,{'Output': 'mismatch'},"DP, 3584MHz, 11264MB, 11264MB, 11264MB, 11264MB, 11264MB, 11264MB, 11264MB, 11264MB, 11264MB, 11264MB, 11264"
4160,{'Output': 'mismatch'},"6GB 2.5-inch Serial Attached SCSI (SAS)SFF 6G Dual Port Hot-Plug 10K Hard DriveIn HPE Drive tray (as pictured)For G1-G7 Proliant\', \'description\': \'  ""DG0146FAMWL HP 146-GB 6G 10K 2.5 DP SAS"
4161,{'Output': 'match'},"4NS Seagate 1-TB 7.2K 3.5 3G SATA\', \'subcategory\': \'ST31000524NS SATA 2 Pack Wholesale\', \'sku\': \'st31000524ns\', \'type\': \'Hard Drive\'}', 'Entity_2': '{\'title\"
4162,{'Output': 'mismatch'},"{""Output"": ""mismatch""}"
4163,{'Output': 'mismatch'},"': \'Serial Attached SCSI (SAS)\', \'description\': \'  \""456896-001-5Pack HP 400GB 10K 3.5 15K SAS\"" ""Null""   ""Description:5 x HP 400GB 10K 3.5 15K SAS"" ""Description:5 x HP 400"
4164,{'Output': 'mismatch'},"{""Output"": ""mismatch""}"
4165,{'Output': 'mismatch'},"'Merk\': \'Samsung\', \'Productserie\': \'Series 9HLA9LBQBE\', \'Product\': \'Samsung 22\"" 16:9 Widescreen LED Backlit Monitor 9HLA9LBQBE\', \'Uitvoering\': \'Black\', \'EAN\': \'084004"
4166,{'Output': 'mismatch'},"SI (SAS)6G SCL SC Enterprise Performance (EP) Solid State DriveIn Hot-Plug Drive\', \'description\': \'  ""653078-B21 HP G8 G9 200-GB 6G 2.5 SAS SC SSD"" ""Null"" ""Description:10 x HPE 200GB 2.5-inch (SFF)"
4167,{'Output': 'mismatch'},"-001\', \'type\': \'Memory Module\', \'description\': \'  ""Hewlett Packard Enterprise 2GB DDR-333 DDR 333MHz ECC memory module""@en ""Memory Module 2GB DDR-333 DDR 333MHz ECC""@en  ""Description: 2GB DIMM DDR 33"
4168,{'Output': 'mismatch'},"{""Output"": ""mismatch""}"
4169,{'Output': 'mismatch'},"mpn\': \'[bx80646i7502]\', \'brand\': \'Intel\', \'category\': \'Processors\', \'Processor Number\': \'i7-502\', \'Number of Cores\': \'4\', \'Number of Threads\': \'8\', \'Clock Speed\': \'3.4"
4170,{'Output': 'mismatch'},"{""Output"": ""mismatch""}"
4171,{'Output': 'mismatch'},"ketpost België\': \'€ 4,95\', \'Pakketpost Luxemburg\': \'€ 4,95\', \'description\': \'  ""SDSDUNC-064G-GN6IN Sandisk Ultra SDXC Class 10 UHS-I 80MB/s 64GB"" ""Null"" ""New 64GB Sandisk"
4172,{'Output': 'mismatch'},"\': \'Proliant Memory\', \'Sub-Category\': \'Genuine HP Memory\', \'Generation\': \'667MHz\', \'Part Number\': \'653078-B21\', \'Products ID\': \'143237\', \'Technology\': \'DDR RAM\', \'ECC /"
4173,{'Output': 'mismatch'},"Generation\': \'SAS\', \'Part Number\': \'3RA3851-AA5-2Pack\', \'Products ID\': \'455190\', \'Type\': \'Hard Drive - Hot-Swap\', \'Capacity\': \'72GB\', \'Interface Type\': \'Serial Attached SCSI\', \'Spindle"
4174,{'Output': 'match'},"{""Output"": ""match""}"
4175,{'Output': 'mismatch'},"description\': \'  ""293472-B22 HP 160GB Super DLT Tape Drive - External""@en ""▷ 293472-B22 HP 160GB Super DLT Tape Drive - External""@en  ""Description:\', \'title\': \'293472-B22 HP 160GB"
4176,{'Output': 'mismatch'},"\': \'[345628b21]\', \'brand\': \'HP\', \'category\': \'Null\', \'Category\': \'Proliant HardDrive\', \'Sub-Category\': \'10K\', \'Generation\': \'Ultra320\', \'Part Number\': \'3R-5628-"
4177,{'Output': 'mismatch'},"\': \'2666 MHz\', \'Socket Type\': \'AM3\', \'Memory Capacity\': \'16 GB\', \'Memory Type\': \'DDR3\', \'Memory Speed\': \'1333 MHz\', \'Output Power\': \'350 W\', \'Output Voltage\': \'+12V,"
4178,{'Output': 'mismatch'},"{""Output"": ""mismatch""}"
