{
    "epoch": 3.0,
    "total_flos": 1.079990412199854e+17,
    "train_loss": 0.24278861958095255,
    "train_runtime": 256.2131,
    "train_samples_per_second": 4.648,
    "train_steps_per_second": 0.199
}