{
    "epoch": 3.0,
    "total_flos": 1.9345399210835968e+17,
    "train_loss": 0.13835624439192937,
    "train_runtime": 609.0288,
    "train_samples_per_second": 7.098,
    "train_steps_per_second": 0.448
}