{
    "epoch": 2.0,
    "total_flos": 5.952430528475955e+16,
    "train_loss": 0.3929590845989532,
    "train_runtime": 93.926,
    "train_samples_per_second": 14.309,
    "train_steps_per_second": 0.447
}