{
    "epoch": 3.0,
    "total_flos": 1.2967795078935347e+17,
    "train_loss": 0.21194963287826135,
    "train_runtime": 412.8334,
    "train_samples_per_second": 7.063,
    "train_steps_per_second": 0.443
}