{
    "epoch": 3.0,
    "total_flos": 1.8920225580567757e+17,
    "train_loss": 0.14036351360889912,
    "train_runtime": 593.0623,
    "train_samples_per_second": 7.198,
    "train_steps_per_second": 0.45
}