,output,predict
0,"{""Brand"": ""Shout""}","{""Brand"": ""Shout""}"
1,"{""Specific uses"": ""Stain Remover""}","{""Specific uses"": ""Shout Stain Remover""}"
2,"{""Item form"": ""Liquid Refill""}","{""Item form"": ""Liquid Refill""}"
3,"{""Net content"": ""60 oz""}","{""Net content"": ""60 oz""}"
4,"{""Pack size"": ""2 pk""}","{""Pack size"": ""2 pk""}"
5,"{""Brand"": ""Glamorous Wash""}","{""Brand"": ""Tyler Candle Company""}"
6,"{""Specialty"": ""High Maintenance""}","{""Specialty"": ""High Maintenance""}"
7,"{""Brand"": ""Mrs. Meyer's Clean Day""}","{""Brand"": ""Mrs. Meyer's""}"
8,"{""Specific uses"": ""Laundry Scent Booster""}","{""Specific uses"": ""Laundry Scent Booster""}"
9,"{""Specialty"": ""Cruelty Free Formula""}","{""Specialty"": ""Cruelty Free Formula""}"
10,"{""Scent"": ""Lavender Scent""}","{""Scent"": ""Lavender Scent""}"
11,"{""Net content"": ""18 oz""}","{""Net content"": ""18 oz""}"
12,"{""Brand"": ""Arm & Hammer""}","{""Brand"": ""Arm & Hammer""}"
13,"{""Scent"": ""Clean & Simple""}","{""Scent"": ""Clean & Simple""}"
14,"{""Load size"": ""25 Loads""}","{""Load size"": ""25 Loads""}"
15,"{""Item form"": ""Liquid""}","{""Item form"": ""Liquid Laundry Detergent""}"
16,"{""Net content"": ""43.75 Fl oz""}","{""Net content"": ""43.75 Fl oz""}"
17,"{""Brand"": ""Puracy""}","{""Brand"": ""Puracy""}"
18,"{""Specialty"": ""Enzyme-Based""}","{""Specialty"": ""Free & Clear""}"
19,"{""Specific uses"": ""Spot Cleaner""}","{""Specific uses"": ""Enzyme-Based Spot Cleaner""}"
20,"{""Scent"": ""Free & Clear""}","{""Scent"": ""Free & Clear""}"
21,"{""Net content"": ""25 Ounce""}","{""Net content"": ""25 Ounce""}"
22,"{""Pack size"": ""Pack of 1""}","{""Pack size"": ""Pack of 1""}"
23,"{""Brand"": ""The Laundress New York""}","{""Brand"": ""The Laundress""}"
24,"{""Specialty"": ""Signature""}","{""Specialty"": ""Classic""}"
25,"{""Scent"": ""Classic""}","{""Scent"": ""Jasmine, Citrus, Fresh, Classic""}"
26,"{""Net content"": ""33.3 Fl Oz""}","{""Net content"": ""33.3 Fl Oz""}"
27,"{""Pack size"": ""Pack of 1""}","{""Pack size"": ""Pack of 1""}"
28,"{""Brand"": ""KIRKLAND SIGNATURE""}","{""Brand"": ""KIRKLAND SIGNATURE""}"
29,"{""Specialty"": ""Ultra Clean""}","{""Specialty"": ""Ultra Clean""}"
30,"{""Net content"": ""120""}","{""Net content"": ""120 Pacs""}"
31,"{""Item form"": ""Pacs""}","{""Item form"": ""Pacs""}"
32,"{""Brand"": ""Dreft Active""}","{""Brand"": ""Dreft""}"
33,"{""Item form"": ""Liquid""}","{""Item form"": ""Liquid Detergent""}"
34,"{""Scent"": ""Baby Blossom""}","{""Scent"": ""Baby Blossom""}"
35,"{""Net content"": ""50 Fl Oz""}","{""Net content"": ""50 Fl Oz""}"
36,"{""Brand"": ""Mrs. Meyer's""}","{""Brand"": ""Mrs. Meyer's""}"
37,"{""Item form"": ""Pacs""}","{""Item form"": ""Pacs""}"
38,"{""Scent"": ""Honeysuckle""}","{""Scent"": ""Honeysuckle""}"
39,"{""Net content"": ""45 CT""}","{""Net content"": ""45 CT""}"
40,"{""Brand"": ""Davis Instruments""}","{""Brand"": ""Davis Instruments""}"
41,"{""Specific uses"": ""FSR Fiberglass Stain Remover""}","{""Specific uses"": ""Fiberglass Stain Remover""}"
42,"{""Net content"": ""16-Ounce""}","{""Net content"": ""16-Ounce""}"
43,"{""Brand"": ""Zout""}","{""Brand"": ""Zout""}"
44,"{""Specialty"": ""Triple Enzyme Formula""}","{""Specialty"": ""Triple Enzyme Formula""}"
45,"{""Specific uses"": ""Stain Remover""}","{""Specific uses"": ""Laundry Stain Remover""}"
46,"{""Net content"": ""12 Oz""}","{""Net content"": ""12 Oz""}"
47,"{""Pack size"": ""Pack of 3""}","{""Pack size"": ""Pack of 3""}"
48,"{""Brand"": ""Downy""}","{""Brand"": ""Tide""}"
49,"{""Item form"": ""Liquid""}","{""Item form"": ""Liquid""}"
50,"{""Scent"": ""April Fresh""}","{""Scent"": ""April Fresh""}"
51,"{""Load size"": ""59 Loads""}","{""Load size"": ""92 fl oz""}"
52,"{""Net content"": ""92 fl oz""}","{""Net content"": ""92 fl oz""}"
53,"{""Brand"": ""Fels Naptha""}","{""Brand"": ""Fels Naptha""}"
54,"{""Item form"": ""Bar""}","{""Item form"": ""Bar""}"
55,"{""Specific uses"": ""Stain Remover""}","{""Specific uses"": ""Laundry Soap Bar & Stain Remover""}"
56,"{""Pack size"": ""Pack of 2""}","{""Pack size"": ""Pack of 2""}"
57,"{""Net content"": ""5.0 Oz per bar""}","{""Net content"": ""5.0 Oz per bar""}"
58,"{""Brand"": ""Purex""}","{""Brand"": ""Purex""}"
59,"{""Specialty"": ""Concentrate""}","{""Specialty"": ""Mountain Breeze""}"
60,"{""Item form"": ""Pail""}","{""Item form"": ""Liquid""}"
61,"{""Net content"": ""5 gal Capacity""}","{""Net content"": ""5 gal Capacity""}"
62,"{""Scent"": ""Mountain Breeze""}","{""Scent"": ""Mountain Breeze""}"
63,"{""Color"": ""Blue""}","{""Color"": ""Blue""}"
64,"{""Brand"": ""OxiClean""}","{""Brand"": ""OxiClean""}"
65,"{""Item form"": ""Liquid""}","{""Item form"": ""Liquid Stain Remover""}"
66,"{""Specific uses"": ""Stain Remover""}","{""Specific uses"": ""Liquid Stain Remover""}"
67,"{""Net content"": ""21.5 oz""}","{""Net content"": ""21.5 oz""}"
68,"{""Pack size"": ""Pack of 2""}","{""Pack size"": ""Pack of 2""}"
69,"{""Brand"": ""Persil""}","{""Brand"": ""Persil ProClean""}"
70,"{""Specialty"": ""ProClean""}","{""Specialty"": ""ProClean""}"
71,"{""Item form"": ""Liquid""}","{""Item form"": ""Liquid""}"
72,"{""Scent"": ""Original""}","{""Scent"": ""Original""}"
73,"{""Net content"": ""150 Fluid Ounces""}","{""Net content"": ""150 Fluid Ounces""}"
74,"{""Load size"": ""96 Loads""}","{""Load size"": ""96 Loads""}"
75,"{""Brand"": ""Shout""}","{""Brand"": ""Shout""}"
76,"{""Specific uses"": ""Stain Remover""}","{""Specific uses"": ""Stain Remover""}"
77,"{""Item form"": ""Refill""}","{""Item form"": ""Refill""}"
78,"{""Net content"": ""128 oz""}","{""Net content"": ""128 oz""}"
79,"{""Brand"": ""Gain""}","{""Brand"": ""Gain""}"
80,"{""Specialty"": ""High Efficiency""}","{""Specialty"": ""Green""}"
81,"{""Scent"": ""Original""}","{""Scent"": ""Green""}"
82,"{""Item form"": ""Liquid""}","{""Item form"": ""Liquid""}"
83,"{""Load size"": ""146 Loads""}","{""Load size"": ""146 Loads""}"
84,"{""Color"": ""Green""}","{""Color"": ""Green""}"
85,"{""Scent"": ""Original Scent""}","{""Scent"": ""Original Scent""}"
86,"{""Item form"": ""Powder""}","{""Item form"": ""Powder""}"
87,"{""Net content"": ""141 oz""}","{""Net content"": ""141 oz""}"
88,"{""Brand"": ""Ariel""}","{""Brand"": ""Ariel""}"
89,"{""Pack size"": ""1""}","{""Pack size"": ""1""}"
90,"{""Brand"": ""Gain Joyful Expressions""}","{""Brand"": ""Gain""}"
91,"{""Item form"": ""Liquid""}","{""Item form"": ""Liquid Detergent""}"
92,"{""Scent"": ""Apple Mango Tango""}","{""Scent"": ""Apple Mango Tango""}"
93,"{""Net content"": ""100 oz""}","{""Net content"": ""100 oz""}"
94,"{""Load size"": ""48 Loads""}","{""Load size"": ""48 Loads""}"
95,"{""Brand"": ""Earth Friendly Products ECOS""}","{""Brand"": ""Earth Friendly Products""}"
96,"{""Specialty"": ""Hypoallergenic""}","{""Specialty"": ""Hypoallergenic""}"
97,"{""Item form"": ""Liquid""}","{""Item form"": ""Liquid Laundry Detergent""}"
98,"{""Scent"": ""Free & Clear""}","{""Scent"": ""Free & Clear""}"
99,"{""Net content"": ""100 Ounce""}","{""Net content"": ""100 Ounce""}"
100,"{""Brand"": ""Grab Green Stoneworks""}","{""Brand"": ""Grab Green""}"
101,"{""Specialty"": ""Natural""}","{""Specialty"": ""Natural""}"
102,"{""Item form"": ""Powder Pods""}","{""Item form"": ""Pods""}"
103,"{""Scent"": ""Oak Tree""}","{""Scent"": ""Oak Tree""}"
104,"{""Load size"": ""50 Loads""}","{""Load size"": ""50 Loads""}"
105,"{""Brand"": ""Oil Vanish""}","{""Brand"": ""Oil Vanish""}"
106,"{""Specific uses"": ""Vanish Oil Stain Remover""}","{""Specific uses"": ""Oil Stain Remover""}"
107,"{""Color"": ""Clear""}","{""Color"": ""Clear""}"
108,"{""Brand"": ""Soakwash""}","{""Brand"": ""Soakwash""}"
109,"{""Item form"": ""Wash""}","{""Item form"": ""Liquid""}"
110,"{""Net content"": ""12-Ounce""}","{""Net content"": ""12-Ounce""}"
111,"{""Scent"": ""Scentless""}","{""Scent"": ""Scentless""}"
112,"{""Brand"": ""OxiClean""}","{""Brand"": ""OxiClean""}"
113,"{""Specialty"": ""MaxForce""}","{""Specialty"": ""MaxForce""}"
114,"{""Item form"": ""Gel Stick""}","{""Item form"": ""Gel Stick""}"
115,"{""Pack size"": ""Pack of 1""}","{""Pack size"": ""Pack of 1""}"
116,"{""Net content"": ""6.2 ounce""}","{""Net content"": ""6.2 ounce""}"
117,"{""Brand"": ""Amazon Brand - Solimo""}","{""Brand"": ""Amazon Brand""}"
118,"{""Specialty"": ""Concentrated""}","{""Specialty"": ""Free & Clear""}"
119,"{""Item form"": ""Liquid""}","{""Item form"": ""Liquid""}"
120,"{""Scent"": ""Free & Clear""}","{""Scent"": ""Free & Clear""}"
121,"{""Load size"": ""128 loads""}","{""Load size"": ""128 loads""}"
122,"{""Net content"": ""96 Fl Oz""}","{""Net content"": ""96 Fl Oz""}"
123,"{""Brand"": ""Clorox 2 Performance""}","{""Brand"": ""Clorox 2""}"
124,"{""Specific uses"": ""Color Boost""}","{""Specific uses"": ""Stain Remover/Color Boost""}"
125,"{""Load size"": ""82 Loads""}","{""Load size"": ""82 Loads""}"
126,"{""Net content"": ""112.75 Fl Oz""}","{""Net content"": ""112.75 Fl Oz""}"
127,"{""Brand"": ""Arm & Hammer""}","{""Brand"": ""Arm & Hammer""}"
128,"{""Skin type"": ""Sensitive Skin""}","{""Skin type"": ""Sensitive Skin""}"
129,"{""Scent"": ""Free & Clear""}","{""Scent"": ""Free & Clear""}"
130,"{""Load size"": ""140 Loads""}","{""Load size"": ""140 Loads""}"
131,"{""Item form"": ""Liquid""}","{""Item form"": ""Liquid Laundry Detergent""}"
132,"{""Net content"": ""210 Fl oz""}","{""Net content"": ""210 Fl oz""}"
133,"{""Brand"": ""Gain""}","{""Brand"": ""Gain""}"
134,"{""Item form"": ""Liquid""}","{""Item form"": ""Liquid""}"
135,"{""Scent"": ""Original""}","{""Scent"": ""Original""}"
136,"{""Net content"": ""48 Fluid Ounce""}","{""Net content"": ""48 Fluid Ounce""}"
137,"{""Pack size"": ""Pack of 3""}","{""Pack size"": ""Pack of 3""}"
138,"{""Brand"": ""Method""}","{""Brand"": ""Method""}"
139,"{""Scent"": ""Free + Clear""}","{""Scent"": ""Free + Clear""}"
140,"{""Net content"": ""53.5 Fluid Ounces""}","{""Net content"": ""53.5 Fluid Ounces""}"
141,"{""Load size"": ""66 Loads""}","{""Load size"": ""66 Loads""}"
142,"{""Pack size"": ""4 pack""}","{""Pack size"": ""4 pack""}"
143,"{""Brand"": ""Arm & Hammer""}","{""Brand"": ""Arm & Hammer""}"
144,"{""Specialty"": ""4-in-1""}","{""Specialty"": ""4-in-1""}"
145,"{""Item form"": ""Power Paks""}","{""Item form"": ""Power Paks""}"
146,"{""Net content"": ""62 Count""}","{""Net content"": ""62 Count""}"
147,"{""Brand"": ""Gain""}","{""Brand"": ""Gain""}"
148,"{""Item form"": ""Liquid""}","{""Item form"": ""Liquid Laundry Detergent""}"
149,"{""Scent"": ""Moonlight Breeze""}","{""Scent"": ""Moonlight Breeze""}"
150,"{""Net content"": ""2 Count, 75 fl oz Each""}","{""Net content"": ""96 Total Loads""}"
151,"{""Load size"": ""96 Total Loads""}","{""Load size"": ""96 Total Loads""}"
152,"{""Brand"": ""Shout""}","{""Brand"": ""Shout""}"
153,"{""Item form"": ""Spray and Wash""}","{""Item form"": ""Spray and Wash""}"
154,"{""Specialty"": ""Advanced Action""}","{""Specialty"": ""Advanced Action""}"
155,"{""Specific uses"": ""Stain Remover for Clothes""}","{""Specific uses"": ""Action Stain Remover for Clothes""}"
156,"{""Net content"": ""22 oz""}","{""Net content"": ""22 oz""}"
157,"{""Brand"": ""OxiClean""}","{""Brand"": ""OxiClean""}"
158,"{""Specialty"": ""Max Force""}","{""Specialty"": ""Max Force""}"
159,"{""Specific uses"": ""Stain Remover""}","{""Specific uses"": ""Laundry Stain Remover Spray""}"
160,"{""Item form"": ""Spray""}","{""Item form"": ""Spray""}"
161,"{""Net content"": ""12 Ounce""}","{""Net content"": ""12 Ounce""}"
162,"{""Pack size"": ""Pack of 3""}","{""Pack size"": ""Pack of 3""}"
163,"{""Brand"": ""Shout""}","{""Brand"": ""Shout""}"
164,"{""Specialty"": ""Triple-Acting""}","{""Specialty"": ""Triple-Acting""}"
165,"{""Specific uses"": ""Laundry Stain Remover""}","{""Specific uses"": ""Laundry Stain Remover""}"
166,"{""Item form"": ""Economy Refill""}","{""Item form"": ""Refill""}"
167,"{""Net content"": ""60 Fl.oz""}","{""Net content"": ""60 Fl.oz""}"
168,"{""Brand"": ""Persil""}","{""Brand"": ""Persil ProClean""}"
169,"{""Specialty"": ""ProClean""}","{""Specialty"": ""ProClean""}"
170,"{""Item form"": ""Liquid""}","{""Item form"": ""Liquid Laundry Detergent""}"
171,"{""Scent"": ""Original""}","{""Scent"": ""Original""}"
172,"{""Net content"": ""100 Fluid Ounces""}","{""Net content"": ""100 Fluid Ounces""}"
173,"{""Load size"": ""64 Loads""}","{""Load size"": ""64 Loads""}"
174,"{""Brand"": ""The Laundress New York""}","{""Brand"": ""The Laundress""}"
175,"{""Specific uses"": ""Laundry Stain Remover""}","{""Specific uses"": ""Laundry Stain Remover""}"
176,"{""Scent"": ""Unscented""}","{""Scent"": ""Unscented""}"
177,"{""Item form"": ""Liquid""}","{""Item form"": ""Liquid Spot Remover""}"
178,"{""Net content"": ""16 fl oz""}","{""Net content"": ""16 fl oz""}"
179,"{""Load size"": ""200 uses""}","{""Load size"": ""200 uses""}"
180,"{""Color"": ""clear""}","{""Color"": ""clear""}"
181,"{""Brand"": ""Amazon Brand - Presto!""}","{""Brand"": ""Amazon Brand""}"
182,"{""Specialty"": ""Concentrated""}","{""Specialty"": ""Fresh Scent""}"
183,"{""Item form"": ""Liquid""}","{""Item form"": ""Liquid""}"
184,"{""Scent"": ""Fresh Scent""}","{""Scent"": ""Fresh Scent""}"
185,"{""Load size"": ""128 Loads""}","{""Load size"": ""128 Loads""}"
186,"{""Net content"": ""96 Fl Oz""}","{""Net content"": ""96 Fl Oz""}"
187,"{""Brand"": ""OxiClean""}","{""Brand"": ""Arm & Hammer Plus""}"
188,"{""Specific uses"": ""Odor Blasters""}","{""Specific uses"": ""Odor Blasters""}"
189,"{""Scent"": ""Fresh Burst""}","{""Scent"": ""Fresh Burst""}"
190,"{""Load size"": ""35 Loads""}","{""Load size"": ""35 Loads""}"
191,"{""Item form"": ""Liquid""}","{""Item form"": ""Liquid Laundry Detergent""}"
192,"{""Net content"": ""61.25 Fl oz""}","{""Net content"": ""61.25 Fl oz""}"
193,"{""Brand"": ""Biokleen""}","{""Brand"": ""Biokleen""}"
194,"{""Specialty"": ""Concentrated""}","{""Specialty"": ""Natural""}"
195,"{""Specific uses"": ""Sport""}","{""Specific uses"": ""Concentrated Laundry Detergent""}"
196,"{""Load size"": ""300 Loads""}","{""Load size"": ""300 Loads""}"
197,"{""Brand"": ""Noodle & Boo""}","{""Brand"": ""Noodle & Boo""}"
198,"{""Specialty"": ""Ultra Safe Laundry Essentials""}","{""Specialty"": ""Ultra Safe""}"
199,"{""Net content"": ""64 Fl Oz""}","{""Net content"": ""64 Fl Oz""}"
200,"{""Brand"": ""Method""}","{""Brand"": ""Method""}"
201,"{""Specialty"": ""Concentrated""}","{""Specialty"": ""Fresh Air""}"
202,"{""Item form"": ""Pump""}","{""Item form"": ""Concentrated""}"
203,"{""Scent"": ""Fresh Air""}","{""Scent"": ""Fresh Air""}"
204,"{""Net content"": ""20 Fl Oz""}","{""Net content"": ""20 Fl Oz""}"
205,"{""Load size"": ""50 Loads""}","{""Load size"": ""50 Loads""}"
206,"{""Brand"": ""Crystals""}","{""Brand"": ""Purex""}"
207,"{""Item form"": ""Liquid""}","{""Item form"": ""Liquid""}"
208,"{""Scent"": ""Fresh Lavender Blossom""}","{""Scent"": ""Fresh Lavender Blossom""}"
209,"{""Net content"": ""150 Fluid Ounces""}","{""Net content"": ""150 Fluid Ounces""}"
210,"{""Load size"": ""115 Loads""}","{""Load size"": ""115 Loads""}"
211,"{""Brand"": ""Persil ProClean""}","{""Brand"": ""Persil""}"
212,"{""Item form"": ""Power-Liquid""}","{""Item form"": ""Power-Liquid""}"
213,"{""Scent"": ""Intense Fresh""}","{""Scent"": ""Intense Fresh""}"
214,"{""Net content"": ""40 Fl Oz""}","{""Net content"": ""40 Fl Oz""}"
215,"{""Brand"": ""Meliora Cleaning Products""}","{""Brand"": ""Meliora Cleaning Products""}"
216,"{""Item form"": ""Powder""}","{""Item form"": ""Laundry Powder""}"
217,"{""Scent"": ""Lavender""}","{""Scent"": ""Lavender""}"
218,"{""Load size"": ""128 HE (64 Standard) Loads""}","{""Load size"": ""128 HE (64 Standard) Loads""}"
219,"{""Brand"": ""Seventh Generation""}","{""Brand"": ""Seventh Generation""}"
220,"{""Specialty"": ""Concentrated""}","{""Specialty"": ""Geranium Blossom & Vanilla""}"
221,"{""Scent"": ""Geranium Blossom & Vanilla""}","{""Scent"": ""Geranium Blossom & Vanilla""}"
222,"{""Net content"": ""40 Fl Oz""}","{""Net content"": ""40 Fl Oz (Pack of 2)""}"
223,"{""Pack size"": ""Pack of 2""}","{""Pack size"": ""Pack of 2""}"
224,"{""Load size"": ""106 Loads""}","{""Load size"": ""106 Loads""}"
225,"{""Brand"": ""Amazon Brand - Solimo""}","{""Brand"": ""Amazon Brand""}"
226,"{""Specialty"": ""Concentrated""}","{""Specialty"": ""Lavender""}"
227,"{""Item form"": ""Liquid""}","{""Item form"": ""Liquid""}"
228,"{""Scent"": ""Lavender""}","{""Scent"": ""Lavender""}"
229,"{""Load size"": ""128 loads""}","{""Load size"": ""128 loads""}"
230,"{""Net content"": ""96 Fl Oz""}","{""Net content"": ""96 Fl Oz""}"
231,"{""Brand"": ""Good Natured Brand""}","{""Brand"": ""Good Natured Brand""}"
232,"{""Specialty"": ""Eco-friendly""}","{""Specialty"": ""All-Natural""}"
233,"{""Scent"": ""Lavender and Eucalyptus""}","{""Scent"": ""Lavender and Eucalyptus""}"
234,"{""Item form"": ""Laundry Soda/Detergent""}","{""Item form"": ""Soda/Detergent""}"
235,"{""Load size"": ""52 load bag""}","{""Load size"": ""52 load bag""}"
236,"{""Net content"": ""32 oz""}","{""Net content"": ""32 oz.""}"
237,"{""Brand"": ""Post""}","{""Brand"": ""Post""}"
238,"{""Sub brand"": ""Honey Bunches of Oats""}","{""Sub brand"": ""Cereal""}"
239,"{""Flavor"": ""Crunchy Honey Roasted""}","{""Flavor"": ""Honey Roasted""}"
240,"{""Cereal type"": ""Cereal""}","{""Cereal type"": ""Cereal""}"
241,"{""Net content"": ""18 Ounce""}","{""Net content"": ""18 Ounce""}"
242,"{""Pack size"": ""Pack of 1""}","{""Pack size"": ""Pack of 1""}"
243,"{""Container"": ""Box""}","{""Container"": ""Box""}"
244,"{""Brand"": ""Weetabix""}","{""Brand"": ""Weetabix""}"
245,"{""Flavor"": ""Whole Grain""}","{""Flavor"": ""Whole Grain""}"
246,"{""Sub brand"": ""Cereal Biscuits""}","{""Sub brand"": ""Cereal Biscuits""}"
247,"{""Specialty"": ""Vegan""}","{""Specialty"": ""Heart Healthy""}"
248,"{""Net content"": ""14 Oz""}","{""Net content"": ""14 Oz Box""}"
249,"{""Container"": ""Box""}","{""Container"": ""14 Oz Box""}"
250,"{""Brand"": ""Nature's Path""}","{""Brand"": ""Nature's Path""}"
251,"{""Specialty"": ""Organic""}","{""Specialty"": ""Blueberry Cinnamon Flax""}"
252,"{""Sub brand"": ""Instant Oatmeal""}","{""Sub brand"": ""Oatmeal""}"
253,"{""Flavor"": ""Blueberry Cinnamon Flax""}","{""Flavor"": ""Blueberry Cinnamon Flax""}"
254,"{""Net content"": ""11.3 Oz""}","{""Net content"": ""48""}"
255,"{""Container"": ""Boxes""}","{""Container"": ""48 Packets""}"
256,"{""Pack size"": ""Pack of 6""}","{""Pack size"": ""11.3 Oz Boxes""}"
257,"{""Brand"": ""Bob's Red Mill""}","{""Brand"": ""Bob's Red Mill""}"
258,"{""Container"": ""Resealable""}","{""Container"": ""Resealable""}"
259,"{""Flavor"": ""Classic""}","{""Flavor"": ""Classic""}"
260,"{""Sub brand"": ""Granola""}","{""Sub brand"": ""Classic Granola""}"
261,"{""Net content"": ""12 Oz""}","{""Net content"": ""12 Oz""}"
262,"{""Pack size"": ""4 Pack""}","{""Pack size"": ""4 Pack""}"
263,"{""Brand"": ""Bob's Red Mill""}","{""Brand"": ""Bob's Red Mill""}"
264,"{""Specialty"": ""Organic""}","{""Specialty"": ""Old Fashioned""}"
265,"{""Flavor"": ""Old Fashioned""}","{""Flavor"": ""Old Fashioned""}"
266,"{""Sub brand"": ""Rolled Oats""}","{""Sub brand"": ""Old Fashioned Rolled Oats""}"
267,"{""Net content"": ""16 Oz""}","{""Net content"": ""16 Oz""}"
268,"{""Brand"": ""Kellogg's""}","{""Brand"": ""Kellogg's""}"
269,"{""Sub brand"": ""Breakfast Cereal""}","{""Sub brand"": ""Krave""}"
270,"{""Flavor"": ""Double Chocolate, Filling Made with Real Chocolate""}","{""Flavor"": ""Double Chocolate""}"
271,"{""Net content"": ""11oz""}","{""Net content"": ""11oz Box""}"
272,"{""Container"": ""Box""}","{""Container"": ""Box""}"
273,"{""Pack size"": ""Pack of 10""}","{""Pack size"": ""Pack of 10""}"
274,"{""Brand"": ""Catalina Crunch""}","{""Brand"": ""Catalina Crunch""}"
275,"{""Flavor"": ""Maple Waffle""}","{""Flavor"": ""Maple""}"
276,"{""Sub brand"": ""Keto Cereal""}","{""Sub brand"": ""Maple Waffle""}"
277,"{""Specialty"": ""Gluten & Grain Free""}","{""Specialty"": ""Keto Friendly""}"
278,"{""Brand"": ""Bob's Red Mill""}","{""Brand"": ""Bob's Red Mill""}"
279,"{""Container"": ""Resealable""}","{""Container"": ""24-ounce""}"
280,"{""Flavor"": ""Steel Cut Oats""}","{""Flavor"": ""Steel Cut Oats""}"
281,"{""Net content"": ""24-ounce""}","{""Net content"": ""24-ounce""}"
282,"{""Pack size"": ""Pack of 4""}","{""Pack size"": ""Pack of 4""}"
283,"{""Brand"": ""Oats Overnight""}","{""Brand"": ""Oats Overnight""}"
284,"{""Flavor"": ""Chocolate Peanut Butter Banana""}","{""Flavor"": ""Chocolate Peanut Butter Banana""}"
285,"{""Pack size"": ""8 Pack""}","{""Pack size"": ""8 Pack""}"
286,"{""Specialty"": ""Non GMO""}","{""Specialty"": ""High Protein, Low Sugar, Gluten Free, High Fiber, Non GMO""}"
287,"{""Sub brand"": ""Oatmeal""}","{""Sub brand"": ""Oats Overnight""}"
288,"{""Net content"": ""2.7oz per pack""}","{""Net content"": ""2.7oz per pack""}"
289,"{""Brand"": ""Cream Of Rice""}","{""Brand"": ""Cream Of Rice""}"
290,"{""Specialty"": ""Gluten Free""}","{""Specialty"": ""Gluten Free""}"
291,"{""Sub brand"": ""Hot Cereal""}","{""Sub brand"": ""Hot Cereal""}"
292,"{""Net content"": ""28 oz""}","{""Net content"": ""28 oz""}"
293,"{""Pack size"": ""2 Pack""}","{""Pack size"": ""2 Pack""}"
294,"{""Brand"": ""Corn Chex""}","{""Brand"": ""Corn Chex""}"
295,"{""Specialty"": ""Gluten Free""}","{""Specialty"": ""Gluten Free""}"
296,"{""Net content"": ""18 oz""}","{""Net content"": ""18 oz""}"
297,"{""Brand"": ""Quaker""}","{""Brand"": ""Quaker""}"
298,"{""Sub brand"": ""Instant Oatmeal""}","{""Sub brand"": ""Oatmeal""}"
299,"{""Flavor"": ""Assorted""}","{""Flavor"": ""Assorted""}"
300,"{""Container"": ""Package""}","{""Container"": ""Package""}"
301,"{""Net content"": ""1.51 Oz""}","{""Net content"": ""1.51 Oz Package""}"
302,"{""Pack size"": ""52/Case""}","{""Pack size"": ""52/Case""}"
303,"{""Brand"": ""Quaker""}","{""Brand"": ""Quaker""}"
304,"{""Sub brand"": ""Quick 1 Minute Oats""}","{""Sub brand"": ""Oats""}"
305,"{""Specialty"": ""Non-GMO""}","{""Specialty"": ""Non-GMO""}"
306,"{""Brand"": ""Bob's Red Mill""}","{""Brand"": ""Bob's Red Mill""}"
307,"{""Specialty"": ""Gluten Free""}","{""Specialty"": ""Gluten Free""}"
308,"{""Sub brand"": ""Oatmeal""}","{""Sub brand"": ""Oatmeal Cup""}"
309,"{""Container"": ""Cup""}","{""Container"": ""2.47-ounce""}"
310,"{""Flavor"": ""Fruit & Seed""}","{""Flavor"": ""Fruit & Seed""}"
311,"{""Net content"": ""2.47-ounce""}","{""Net content"": ""2.47-ounce""}"
312,"{""Pack size"": ""Pack of 12""}","{""Pack size"": ""Pack of 12""}"
313,"{""Brand"": ""Kodiak Cakes""}","{""Brand"": ""Kodiak Cakes""}"
314,"{""Specialty"": ""Instant Protein""}","{""Specialty"": ""Protein""}"
315,"{""Flavor"": ""Cinnamon""}","{""Flavor"": ""Cinnamon""}"
316,"{""Sub brand"": ""Oatmeal""}","{""Sub brand"": ""Protein""}"
317,"{""Container"": ""Cup""}","{""Container"": ""2.12oz""}"
318,"{""Net content"": ""2.12oz""}","{""Net content"": ""2.12oz""}"
319,"{""Pack size"": ""Pack of 12""}","{""Pack size"": ""Pack of 12""}"
320,"{""Brand"": ""Trix""}","{""Brand"": ""Trix""}"
321,"{""Sub brand"": ""Cereal""}","{""Sub brand"": ""Cereal""}"
322,"{""Flavor"": ""Fruit Flavored Corn Puffs""}","{""Flavor"": ""Fruit Flavored""}"
323,"{""Net content"": ""13.9 oz""}","{""Net content"": ""13.9 oz""}"
324,"{""Brand"": ""Nature's Path""}","{""Brand"": ""Nature's Path""}"
325,"{""Specialty"": ""Organic""}","{""Specialty"": ""Heritage""}"
326,"{""Flavor"": ""Heritage Flakes""}","{""Flavor"": ""Heritage""}"
327,"{""Sub brand"": ""Cereal""}","{""Sub brand"": ""Heritage Flakes Cereal""}"
328,"{""Net content"": ""32 oz""}","{""Net content"": ""32 oz""}"
329,"{""Container"": ""Eco Pac Bags""}","{""Container"": ""Eco Pac Bags""}"
330,"{""Brand"": ""Kellogg's Special K""}","{""Brand"": ""Kellogg's""}"
331,"{""Sub brand"": ""Breakfast Cereal""}","{""Sub brand"": ""Granola""}"
332,"{""Flavor"": ""Touch of Honey""}","{""Flavor"": ""Touch of Honey""}"
333,"{""Specialty"": ""Low Fat""}","{""Specialty"": ""Low Fat""}"
334,"{""Net content"": ""11.3oz""}","{""Net content"": ""11.3oz Bag""}"
335,"{""Container"": ""Bag""}","{""Container"": ""Bag""}"
336,"{""Brand"": ""McCann's Irish Oatmeal""}","{""Brand"": ""McCann's""}"
337,"{""Flavor"": ""Traditional Steel Cut""}","{""Flavor"": ""Traditional""}"
338,"{""Net content"": ""28 Ounce""}","{""Net content"": ""28 Ounce""}"
339,"{""Pack size"": ""Pack of 4""}","{""Pack size"": ""Pack of 4""}"
340,"{""Brand"": ""Quaker""}","{""Brand"": ""Quaker""}"
341,"{""Flavor"": ""Maple Brown Sugar""}","{""Flavor"": ""Maple Brown Sugar""}"
342,"{""Sub brand"": ""Oatmeal Hot Cereal Instant""}","{""Sub brand"": ""Hot Cereal""}"
343,"{""Net content"": ""30.3 Oz""}","{""Net content"": ""30.3 Oz""}"
344,"{""Brand"": ""Arrowhead Mills""}","{""Brand"": ""Arrowhead Mills""}"
345,"{""Sub brand"": ""Spelt Flakes""}","{""Sub brand"": ""Cereal""}"
346,"{""Specialty"": ""Organic""}","{""Specialty"": ""Organic""}"
347,"{""Cereal type"": ""Cereal""}","{""Cereal type"": ""Cereal""}"
348,"{""Net content"": ""12 Ounce""}","{""Net content"": ""12 Ounce Box""}"
349,"{""Container"": ""Box""}","{""Container"": ""Box""}"
350,"{""Brand"": ""PURELY ELIZABETH""}","{""Brand"": ""PURELY ELIZABETH""}"
351,"{""Flavor"": ""Blueberry Lemon""}","{""Flavor"": ""Blueberry Lemon""}"
352,"{""Sub brand"": ""Vibrant Oats""}","{""Sub brand"": ""Vibrant Oats""}"
353,"{""Net content"": ""2 OZ""}","{""Net content"": ""2 OZ""}"
354,"{""Brand"": ""Malt-O-Meal""}","{""Brand"": ""Malt-O-Meal""}"
355,"{""Flavor"": ""Original""}","{""Flavor"": ""Hot Wheat""}"
356,"{""Sub brand"": ""Hot Wheat Cereal""}","{""Sub brand"": ""Hot Wheat Cereal""}"
357,"{""Pack size"": ""3 Pack""}","{""Pack size"": ""3 Pack""}"
358,"{""Brand"": ""Bakery on Main""}","{""Brand"": ""Bakery on Main""}"
359,"{""Flavor"": ""Happy Oats""}","{""Flavor"": ""Happy Oats""}"
360,"{""Sub brand"": ""Rolled Oats""}","{""Sub brand"": ""Rolled Oats""}"
361,"{""Specialty"": ""Kosher""}","{""Specialty"": ""Gluten-Free""}"
362,"{""Net content"": ""7.5 Pound""}","{""Net content"": ""7.5 Pound""}"
363,"{""Container"": ""Resealable Bag""}","{""Container"": ""Resealable Bag""}"
364,"{""Brand"": ""Bob's Red Mill""}","{""Brand"": ""Bob's Red Mill""}"
365,"{""Container"": ""Resealable""}","{""Container"": ""Resealable""}"
366,"{""Flavor"": ""Oat Bran""}","{""Flavor"": ""Oat Bran""}"
367,"{""Sub brand"": ""Hot Cereal""}","{""Sub brand"": ""Oat Bran Hot Cereal""}"
368,"{""Net content"": ""18 Oz""}","{""Net content"": ""18 Oz""}"
369,"{""Brand"": ""Happy Belly""}","{""Brand"": ""Amazon Brand""}"
370,"{""Sub brand"": ""Steel Cut Oats""}","{""Sub brand"": ""Steel Cut Oats""}"
371,"{""Net content"": ""25 Ounce""}","{""Net content"": ""25 Ounce""}"
372,"{""Brand"": ""AiPeazy""}","{""Brand"": ""AiPeazy""}"
373,"{""Sub brand"": ""Waffle Mix""}","{""Sub brand"": ""Parent""}"
374,"{""Brand"": ""Post""}","{""Brand"": ""Post""}"
375,"{""Flavor"": ""Cocoa Pebbles""}","{""Flavor"": ""Cocoa Pebbles""}"
376,"{""Specialty"": ""Gluten Free""}","{""Specialty"": ""Gluten Free""}"
377,"{""Net content"": ""11 Ounce""}","{""Net content"": ""11 Ounce""}"
378,"{""Pack size"": ""Pack of 12""}","{""Pack size"": ""Pack of 12""}"
379,"{""Brand"": ""Powerful Overnight Oats""}","{""Brand"": ""Powerful Overnight Oats""}"
380,"{""Container"": ""Oatmeal Cup""}","{""Container"": ""Cup""}"
381,"{""Specialty"": ""20g Protein""}","{""Specialty"": ""High Protein""}"
382,"{""Flavor"": ""Blueberry and Vanilla""}","{""Flavor"": ""Blueberry and Vanilla""}"
383,"{""Pack size"": ""6 Pack""}","{""Pack size"": ""6 Pack""}"
384,"{""Brand"": ""Protidiet""}","{""Brand"": ""Protidiet""}"
385,"{""Sub brand"": ""Oatmeal""}","{""Sub brand"": ""Oatmeal""}"
386,"{""Flavor"": ""Apple Cinnamon""}","{""Flavor"": ""Apple Cinnamon""}"
387,"{""Pack size"": ""pouches per box""}","{""Pack size"": ""6.2 oz pouches per box""}"
388,"{""Net content"": ""6.2 oz""}","{""Net content"": ""6.2 oz""}"
389,"{""Brand"": ""Kashi""}","{""Brand"": ""Kashi""}"
390,"{""Sub brand"": ""Golean Original Cereal""}","{""Sub brand"": ""Golean""}"
391,"{""Pack size"": ""Pack of 3""}","{""Pack size"": ""Pack of 3""}"
392,"{""Brand"": ""Quaker""}","{""Brand"": ""Quaker""}"
393,"{""Sub brand"": ""Instant Oatmeal""}","{""Sub brand"": ""Oatmeal""}"
394,"{""Flavor"": ""Maple Brown Sugar""}","{""Flavor"": ""Maple Brown Sugar""}"
395,"{""Pack size"": ""10 Ct""}","{""Pack size"": ""10 Ct""}"
396,"{""Brand"": ""365 Everyday Value""}","{""Brand"": ""365 Everyday Value""}"
397,"{""Sub brand"": ""Rainbow Morning Oats""}","{""Sub brand"": ""Rainbow Morning Oats""}"
398,"{""Net content"": ""12.2 oz""}","{""Net content"": ""12.2 oz""}"
399,"{""Brand"": ""Food For Life""}","{""Brand"": ""Food For Life""}"
400,"{""Sub brand"": ""Sprouted Grain Cereal""}","{""Sub brand"": ""Sprouted Grain""}"
401,"{""Specialty"": ""Organic""}","{""Specialty"": ""Sprouted Grain""}"
402,"{""Flavor"": ""Golden Flax""}","{""Flavor"": ""Golden Flax""}"
403,"{""Net content"": ""16-Ounce""}","{""Net content"": ""16-Ounce Boxes""}"
404,"{""Container"": ""Boxes""}","{""Container"": ""Boxes""}"
405,"{""Pack size"": ""Pack of 6""}","{""Pack size"": ""Pack of 6""}"
406,"{""Brand"": ""365 by Whole Foods Market""}","{""Brand"": ""365 by Whole Foods Market""}"
407,"{""Specialty"": ""Organic""}","{""Specialty"": ""Old-Fashioned Rolled Oats""}"
408,"{""Cereal type"": ""Hot Cereal""}","{""Cereal type"": ""Hot Cereal""}"
409,"{""Flavor"": ""Old-Fashioned""}","{""Flavor"": ""Old-Fashioned Rolled Oats""}"
410,"{""Sub brand"": ""Rolled Oats""}","{""Sub brand"": ""Hot Cereal""}"
411,"{""Net content"": ""42 Ounce""}","{""Net content"": ""42 Ounce""}"
412,"{""Brand"": ""Quaker""}","{""Brand"": ""Quaker""}"
413,"{""Sub brand"": ""Instant Oatmeal""}","{""Sub brand"": ""Oatmeal Express Cups""}"
414,"{""Container"": ""Express Cups""}","{""Container"": ""Cups""}"
415,"{""Flavor"": ""Maple & Brown Sugar""}","{""Flavor"": ""Maple & Brown Sugar""}"
416,"{""Pack size"": ""12 Count""}","{""Pack size"": ""12 Count""}"
417,"{""Brand"": ""Quaker""}","{""Brand"": ""Quaker""}"
418,"{""Flavor"": ""Cinnamon""}","{""Flavor"": ""Cinnamon Life""}"
419,"{""Sub brand"": ""Life Cereal""}","{""Sub brand"": ""Cereal""}"
420,"{""Net content"": ""13 Oz""}","{""Net content"": ""13 Oz""}"
421,"{""Brand"": ""Gerber""}","{""Brand"": ""Gerber Baby""}"
422,"{""Sub brand"": ""1st Foods""}","{""Sub brand"": ""Baby""}"
423,"{""Net content"": ""8 Ounce""}","{""Net content"": ""8 Ounce""}"
424,"{""Specialty"": ""Organic""}","{""Specialty"": ""1st Foods""}"
425,"{""Flavor"": ""Rice""}","{""Flavor"": ""Organic Rice""}"
426,"{""Brand"": ""Nature's Path""}","{""Brand"": ""Nature's Path""}"
427,"{""Specialty"": ""Organic""}","{""Specialty"": ""Organic""}"
428,"{""Sub brand"": ""Rice Puffs Cereal""}","{""Sub brand"": ""Rice Puffs""}"
429,"{""Net content"": ""6 oz""}","{""Net content"": ""6 oz""}"
430,"{""Brand"": ""Quaker""}","{""Brand"": ""Quaker""}"
431,"{""Flavor"": ""Quick 5 Minute""}","{""Flavor"": ""5 Minute""}"
432,"{""Sub brand"": ""Grits""}","{""Sub brand"": ""Grits""}"
433,"{""Net content"": ""24oz""}","{""Net content"": ""24oz""}"
434,"{""Container"": ""Box""}","{""Container"": ""24oz Box""}"
435,"{""Brand"": ""McCann's""}","{""Brand"": ""McCann's""}"
436,"{""Flavor"": ""Regular""}","{""Flavor"": ""Regular""}"
437,"{""Sub brand"": ""Instant Oatmeal""}","{""Sub brand"": ""Oatmeal""}"
438,"{""Net content"": ""12 Packets, 28 g Each""}","{""Net content"": ""28 g Each""}"
439,"{""Pack size"": ""Pack of 3""}","{""Pack size"": ""Pack of 3""}"
440,"{""Brand"": ""Nature's Path""}","{""Brand"": ""Nature's Path""}"
441,"{""Specialty"": ""Organic""}","{""Specialty"": ""Organic""}"
442,"{""Sub brand"": ""Instant Oatmeal""}","{""Sub brand"": ""Instant Oatmeal""}"
443,"{""Flavor"": ""Variety Pack""}","{""Flavor"": ""Variety Pack""}"
444,"{""Pack size"": ""8 Ct""}","{""Pack size"": ""8 Ct""}"
445,"{""Net content"": ""14 Ounces""}","{""Net content"": ""14 Ounces""}"
446,"{""Brand"": ""Reese's""}","{""Brand"": ""Reese's""}"
447,"{""Sub brand"": ""Breakfast Cereal""}","{""Sub brand"": ""Peanut Butter Puffs""}"
448,"{""Flavor"": ""Peanut Butter Puffs,""}","{""Flavor"": ""Peanut Butter Puffs""}"
449,"{""Net content"": ""16.7 Oz""}","{""Net content"": ""16.7 Oz""}"
450,"{""Brand"": ""365 by Whole Foods Market""}","{""Brand"": ""365 by Whole Foods Market""}"
451,"{""Specialty"": ""Organic""}","{""Specialty"": ""Organic""}"
452,"{""Sub brand"": ""Cereal""}","{""Sub brand"": ""Granola""}"
453,"{""Flavor"": ""French Vanilla Granola""}","{""Flavor"": ""French Vanilla""}"
454,"{""Net content"": ""17 Ounce""}","{""Net content"": ""17 Ounce""}"
455,"{""Brand"": ""Sakara""}","{""Brand"": ""Sakara""}"
456,"{""Sub brand"": ""Plant Protein""}","{""Sub brand"": ""Granola""}"
457,"{""Specialty"": ""Grain-Free""}","{""Specialty"": ""Grain-Free""}"
458,"{""Flavor"": ""Granola with Matcha and Mulberries""}","{""Flavor"": ""Matcha and Mulberries""}"
459,"{""Net content"": ""11.5oz""}","{""Net content"": ""11.5oz bag""}"
460,"{""Container"": ""bag""}","{""Container"": ""11.5oz bag""}"
461,"{""Brand"": ""General Mills Cereals""}","{""Brand"": ""General Mills""}"
462,"{""Container"": ""Cup""}","{""Container"": ""Pack of 60""}"
463,"{""Flavor"": ""Assorted Family Variety Pack""}","{""Flavor"": ""Assorted Family Variety Pack""}"
464,"{""Pack size"": ""Pack of 60""}","{""Pack size"": ""Pack of 60""}"
465,"{""Brand"": ""Cap'N Crunch""}","{""Brand"": ""Cap'N Crunch""}"
466,"{""Sub brand"": ""Cereal""}","{""Sub brand"": ""Cereal""}"
467,"{""Flavor"": ""Crunchberries""}","{""Flavor"": ""Crunchberries""}"
468,"{""Net content"": ""18.7oz""}","{""Net content"": ""18.7oz""}"
469,"{""Brand"": ""Nature's Path""}","{""Brand"": ""Nature's Path""}"
470,"{""Specialty"": ""Organic""}","{""Specialty"": ""Organic""}"
471,"{""Sub brand"": ""Cereal""}","{""Sub brand"": ""Cereal""}"
472,"{""Flavor"": ""Honey'd Corn Flakes""}","{""Flavor"": ""Honey'd Corn Flakes""}"
473,"{""Net content"": ""10.6 Oz""}","{""Net content"": ""10.6 Oz Box""}"
474,"{""Container"": ""Box""}","{""Container"": ""10.6 Oz Box""}"
475,"{""Brand"": ""Nature's Path""}","{""Brand"": ""Nature's Path""}"
476,"{""Sub brand"": ""Multigrain Oat Bran Flakes""}","{""Sub brand"": ""Oat Bran Flakes""}"
477,"{""Cereal type"": ""Cereal""}","{""Cereal type"": ""Oat Bran Flakes""}"
478,"{""Specialty"": ""Organic""}","{""Specialty"": ""Organic""}"
479,"{""Net content"": ""32 Ounce""}","{""Net content"": ""32 Ounce""}"
480,"{""Pack size"": ""Pack of 6""}","{""Pack size"": ""Pack of 6""}"
481,"{""Brand"": ""Great River Organic Milling""}","{""Brand"": ""Great River Organic Milling""}"
482,"{""Sub brand"": ""Oatmeal""}","{""Sub brand"": ""Rolled Oats""}"
483,"{""Flavor"": ""Regular Rolled Oats""}","{""Flavor"": ""Regular""}"
484,"{""Specialty"": ""Organic""}","{""Specialty"": ""Organic""}"
485,"{""Net content"": ""25-Pounds""}","{""Net content"": ""25-Pounds""}"
486,"{""Pack size"": ""Pack of 1""}","{""Pack size"": ""Pack of 1""}"
487,"{""Brand"": ""Lipton""}","{""Brand"": ""Lipton""}"
488,"{""Flavor"": ""Southern Sweet Iced Tea""}","{""Flavor"": ""Southern Sweet""}"
489,"{""Item form"": ""Bags""}","{""Item form"": ""Bags""}"
490,"{""Net content"": ""22 Count Family Size""}","{""Net content"": ""22 Count""}"
491,"{""Pack size"": ""Pack of 2""}","{""Pack size"": ""22 Count""}"
492,"{""Brand"": ""Global Moringa""}","{""Brand"": ""Global Moringa Tea""}"
493,"{""Flavor"": ""Original""}","{""Flavor"": ""Original""}"
494,"{""Specialty"": ""Organic""}","{""Specialty"": ""Organic""}"
495,"{""Tea variety"": ""Moringa Tea""}","{""Tea variety"": ""Moringa Tea""}"
496,"{""Net content"": ""30""}","{""Net content"": ""30 Tea Bags""}"
497,"{""Item form"": ""Tea Bags""}","{""Item form"": ""Tea Bags""}"
498,"{""Country"": ""American Seller""}","{""Country"": ""Ghana""}"
499,"{""Brand"": ""Traditional Medicinals""}","{""Brand"": ""Traditional Medicinals""}"
500,"{""Specialty"": ""Organic EveryDay Detox Tea""}","{""Specialty"": ""Organic""}"
501,"{""Net content"": ""16""}","{""Net content"": ""16""}"
502,"{""Item form"": ""Tea Bags""}","{""Item form"": ""Tea Bags""}"
503,"{""Pack size"": ""Pack of 6""}","{""Pack size"": ""Pack of 6""}"
504,"{""Brand"": ""Celestial Seasonings""}","{""Brand"": ""Celestial Seasonings""}"
505,"{""Tea variety"": ""Herbal Tea""}","{""Tea variety"": ""Herbal Tea""}"
506,"{""Flavor"": ""Vermont Maple Ginger""}","{""Flavor"": ""Vermont Maple Ginger""}"
507,"{""Net content"": ""20 Count""}","{""Net content"": ""20 Count""}"
508,"{""Pack size"": ""Pack of 6""}","{""Pack size"": ""Pack of 6""}"
509,"{""Brand"": ""Super Foods""}","{""Brand"": ""Super Foods""}"
510,"{""Flavor"": ""Raw Matcha""}","{""Flavor"": ""Matcha Green Tea Powder""}"
511,"{""Tea variety"": ""Green Tea""}","{""Tea variety"": ""Matcha Green Tea Powder""}"
512,"{""Item form"": ""Powder""}","{""Item form"": ""Powder""}"
513,"{""Brand"": ""The Republic Of Tea""}","{""Brand"": ""The Republic Of Tea""}"
514,"{""Flavor"": ""Honey Mango""}","{""Flavor"": ""Honey Mango""}"
515,"{""Tea variety"": ""100% White Tea""}","{""Tea variety"": ""White Tea""}"
516,"{""Net content"": ""50""}","{""Net content"": ""50""}"
517,"{""Item form"": ""Tin""}","{""Item form"": ""Tea Bag Tin""}"
518,"{""Brand"": ""Big Train""}","{""Brand"": ""Big Train""}"
519,"{""Tea variety"": ""Chai Tea Latte""}","{""Tea variety"": ""Chai Tea Latte""}"
520,"{""Flavor"": ""Raspberry""}","{""Flavor"": ""Raspberry""}"
521,"{""Net content"": ""56 Ounce""}","{""Net content"": ""56 Ounce""}"
522,"{""Item form"": ""Powdered Instant Chai Tea Latte Mix""}","{""Item form"": ""Powdered Instant Chai Tea Latte Mix""}"
523,"{""Brand"": ""Teavana""}","{""Brand"": ""Starbucks Teavana""}"
524,"{""Item form"": ""Sachets""}","{""Item form"": ""Sachets""}"
525,"{""Flavor"": ""The Chai""}","{""Flavor"": ""The Chai""}"
526,"{""Pack size"": ""Pack of 24""}","{""Pack size"": ""Pack of 24 Sachets""}"
527,"{""Flavor"": ""Lapsang Souchong""}","{""Flavor"": ""Lapsang Souchong""}"
528,"{""Item form"": ""Leaves""}","{""Item form"": ""Loose Leaf Tea""}"
529,"{""Net content"": ""Makes 130+ Cups of Tea""}","{""Net content"": ""12 ounces""}"
530,"{""Specialty"": ""Traditional""}","{""Specialty"": ""Pine-Smoked Black Tea Leaves""}"
531,"{""Country"": ""Chinese""}","{""Country"": ""China""}"
532,"{""Tea variety"": ""Pine-Smoked Black Tea""}","{""Tea variety"": ""Lapsang Souchong""}"
533,"{""Brand"": ""Rosamonte""}","{""Brand"": ""Rosamonte""}"
534,"{""Flavor"": ""Special Selection""}","{""Flavor"": ""Special Selection""}"
535,"{""Tea variety"": ""Yerba Mate Tea""}","{""Tea variety"": ""Yerba Mate Tea""}"
536,"{""Net content"": ""2.2 lbs/1 kilo""}","{""Net content"": ""2.2 lbs/1 kilo""}"
537,"{""Brand"": ""Tazo""}","{""Brand"": ""Tazo""}"
538,"{""Flavor"": ""Earl Grey""}","{""Flavor"": ""Earl Grey""}"
539,"{""Tea variety"": ""Black Tea""}","{""Tea variety"": ""Black Tea""}"
540,"{""Net content"": ""20""}","{""Net content"": ""2 pc""}"
541,"{""Item form"": ""Tea Bags""}","{""Item form"": ""Tea Bags""}"
542,"{""Pack size"": ""2 pc""}","{""Pack size"": ""2 pc""}"
543,"{""Brand"": ""Jade Leaf""}","{""Brand"": ""Jade Leaf""}"
544,"{""Specialty"": ""Teahouse Edition Premium First Harvest""}","{""Specialty"": ""First Harvest""}"
545,"{""Tea variety"": ""Matcha Green Tea""}","{""Tea variety"": ""Matcha Green Tea Powder""}"
546,"{""Item form"": ""Powder""}","{""Item form"": ""Powder""}"
547,"{""Country"": ""Authentic Japanese Origin""}","{""Country"": ""Japanese Origin""}"
548,"{""Net content"": ""1.06 Ounce""}","{""Net content"": ""1.06 Ounce""}"
549,"{""Brand"": ""Stash""}","{""Brand"": ""Stash Tea""}"
550,"{""Flavor"": ""Spicy Licorice Tea""}","{""Flavor"": ""Spicy Licorice""}"
551,"{""Net content"": ""20 ct""}","{""Net content"": ""20 ct""}"
552,"{""Brand"": ""Celestial Seasonings""}","{""Brand"": ""Celestial Seasonings""}"
553,"{""Flavor"": ""Spiced Espresso Chai Tea""}","{""Flavor"": ""Spiced Espresso Chai Tea""}"
554,"{""Pack size"": ""2 Pack""}","{""Pack size"": ""2 Pack""}"
555,"{""Brand"": ""Health King""}","{""Brand"": ""Health King""}"
556,"{""Specialty"": ""Cholesterol Guard""}","{""Specialty"": ""Herb Tea""}"
557,"{""Tea variety"": ""Herb Tea""}","{""Tea variety"": ""Herb Tea""}"
558,"{""Item form"": ""Teabags""}","{""Item form"": ""Teabags""}"
559,"{""Net content"": ""20 Count Box""}","{""Net content"": ""20 Count Box""}"
560,"{""Brand"": ""PG Tips""}","{""Brand"": ""PG Tips""}"
561,"{""Tea variety"": ""Premium Black Tea""}","{""Tea variety"": ""Black Tea""}"
562,"{""Caffeine content"": ""Classic Caffeinated Beverage""}","{""Caffeine content"": ""Black Tea""}"
563,"{""Item form"": ""Pyramid Black Tea Bags""}","{""Item form"": ""Pyramid Black Tea Bags""}"
564,"{""Net content"": ""40 Count""}","{""Net content"": ""40 Count""}"
565,"{""Pack size"": ""Pack of 6""}","{""Pack size"": ""40 Count (Pack of 6)""}"
566,"{""Brand"": ""Gts""}","{""Brand"": ""Kombucha Synergy""}"
567,"{""Tea variety"": ""Kombucha""}","{""Tea variety"": ""Kombucha""}"
568,"{""Flavor"": ""Watermelon Wonder""}","{""Flavor"": ""Watermelon Wonder""}"
569,"{""Net content"": ""16 Fl Oz""}","{""Net content"": ""16 Fl Oz""}"
570,"{""Pack size"": ""12 Pack""}","{""Pack size"": ""12 Pack""}"
571,"{""Brand"": ""Twinings of London""}","{""Brand"": ""Twinings of London""}"
572,"{""Flavor"": ""Irish Breakfast""}","{""Flavor"": ""Irish Breakfast""}"
573,"{""Item form"": ""Loose Tea Tin""}","{""Item form"": ""Loose Tea Tin""}"
574,"{""Net content"": ""3.53 Ounces""}","{""Net content"": ""3.53 Ounces""}"
575,"{""Brand"": ""The Republic of Tea""}","{""Brand"": ""The Republic of Tea""}"
576,"{""Flavor"": ""Kiwi Pear Tea""}","{""Flavor"": ""Kiwi Pear Tea""}"
577,"{""Net content"": ""50-Count""}","{""Net content"": ""50-Count""}"
578,"{""Flavor"": ""Oi Ocha""}","{""Flavor"": ""Bold""}"
579,"{""Specialty"": ""Unsweetened Zero Calories""}","{""Specialty"": ""Unsweetened""}"
580,"{""Tea variety"": ""Bold Green Tea""}","{""Tea variety"": ""Green Tea""}"
581,"{""Net content"": ""2 Liter""}","{""Net content"": ""2 Liter""}"
582,"{""Item form"": ""Bottle""}","{""Item form"": ""Bottle""}"
583,"{""Pack size"": ""Pack of 6""}","{""Pack size"": ""Pack of 6""}"
584,"{""Brand"": ""Twinings of London""}","{""Brand"": ""Twinings of London""}"
585,"{""Tea variety"": ""Premium Black Tea""}","{""Tea variety"": ""Black Tea""}"
586,"{""Flavor"": ""Mixed Berry""}","{""Flavor"": ""Mixed Berry""}"
587,"{""Net content"": ""20 Count""}","{""Net content"": ""20 Count""}"
588,"{""Pack size"": ""Pack of 6""}","{""Pack size"": ""20 Count (Pack of 6)""}"
589,"{""Brand"": ""Newman's Own""}","{""Brand"": ""Newman's Own Organics""}"
590,"{""Specialty"": ""Organics""}","{""Specialty"": ""Organics""}"
591,"{""Net content"": ""100""}","{""Net content"": ""100""}"
592,"{""Item form"": ""Teabags""}","{""Item form"": ""Teabags""}"
593,"{""Tea variety"": ""Black Tea""}","{""Tea variety"": ""Black Tea""}"
594,"{""Pack size"": ""Pack of 5""}","{""Pack size"": ""Pack of 5""}"
595,"{""Brand"": ""Jinglong Tea Factory""}","{""Brand"": ""Jinglong Tea Factory""}"
596,"{""Tea variety"": ""Puerh Tea""}","{""Tea variety"": ""Puerh Tea""}"
597,"{""Flavor"": ""Original""}","{""Flavor"": ""Original""}"
598,"{""Net content"": ""12.6 Ounce""}","{""Net content"": ""12.6 Ounce""}"
599,"{""Item form"": ""Ripe Pu-erh Tea Cake""}","{""Item form"": ""Tea Cake""}"
600,"{""Brand"": ""NalLife""}","{""Brand"": ""NalLife""}"
601,"{""Specialty"": ""Organic""}","{""Specialty"": ""Organic""}"
602,"{""Tea variety"": ""Soursop Graviola""}","{""Tea variety"": ""Soursop Graviola Leaves""}"
603,"{""Item form"": ""Leaves for Tea""}","{""Item form"": ""Leaves""}"
604,"{""Net content"": ""200 Leaves""}","{""Net content"": ""200""}"
605,"{""Brand"": ""Celestial Seasonings""}","{""Brand"": ""Celestial Seasonings""}"
606,"{""Tea variety"": ""Chamomile""}","{""Tea variety"": ""Herbal Tea""}"
607,"{""Specialty"": ""Organic""}","{""Specialty"": ""Organic""}"
608,"{""Flavor"": ""Lavender""}","{""Flavor"": ""Chamomile Lavender""}"
609,"{""Item form"": ""Bag""}","{""Item form"": ""Bag""}"
610,"{""Net content"": ""20 ct""}","{""Net content"": ""20 ct""}"
611,"{""Country"": ""Greek""}","{""Country"": ""Greek""}"
612,"{""Flavor"": ""Traditional Cretan""}","{""Flavor"": ""Mountain tea""}"
613,"{""Tea variety"": ""Mountain tea""}","{""Tea variety"": ""Mountain tea""}"
614,"{""Specialty"": ""100% Natural Product""}","{""Specialty"": ""Mountain tea""}"
615,"{""Brand"": ""Celestial Seasonings""}","{""Brand"": ""Celestial Seasonings""}"
616,"{""Flavor"": ""Sleepytime""}","{""Flavor"": ""Sleepytime Herbal Tea""}"
617,"{""Tea variety"": ""Herbal Tea""}","{""Tea variety"": ""Herbal Tea""}"
618,"{""Item form"": ""Single-Serve Keurig K-Cup Pods""}","{""Item form"": ""K-Cup Pods""}"
619,"{""Net content"": ""72 Count""}","{""Net content"": ""72 Count""}"
620,"{""Brand"": ""Twinings of London""}","{""Brand"": ""Twinings of London""}"
621,"{""Caffeine content"": ""Decaffeinated""}","{""Caffeine content"": ""Decaffeinated""}"
622,"{""Flavor"": ""Chai""}","{""Flavor"": ""Chai Tea""}"
623,"{""Item form"": ""Tea Bags""}","{""Item form"": ""Tea Bags""}"
624,"{""Net content"": ""20 Count""}","{""Net content"": ""20 Count""}"
625,"{""Pack size"": ""Pack of 6""}","{""Pack size"": ""Pack of 6""}"
626,"{""Flavor"": ""Rose Chamomile Lavender""}","{""Flavor"": ""Rose Chamomile Lavender""}"
627,"{""Tea variety"": ""Herbal Tea""}","{""Tea variety"": ""Herbal Tea""}"
628,"{""Net content"": ""4oz""}","{""Net content"": ""60 Cups""}"
629,"{""Specialty"": ""Organic Tea""}","{""Specialty"": ""Caffeine Free""}"
630,"{""Caffeine content"": ""Caffeine Free""}","{""Caffeine content"": ""Caffeine Free""}"
631,"{""Item form"": ""Loose Leaf""}","{""Item form"": ""Loose Leaf""}"
632,"{""Brand"": ""The Tea Company""}","{""Brand"": ""The Tea Company""}"
633,"{""Brand"": ""Twinings of London""}","{""Brand"": ""Twinings of London""}"
634,"{""Flavor"": ""Pure Peppermint""}","{""Flavor"": ""Pure Peppermint""}"
635,"{""Tea variety"": ""Herbal Tea""}","{""Tea variety"": ""Herbal Tea""}"
636,"{""Item form"": ""Bags""}","{""Item form"": ""Tea Bags""}"
637,"{""Net content"": ""20 Count""}","{""Net content"": ""20 Count""}"
638,"{""Pack size"": ""Pack of 1""}","{""Pack size"": ""Pack of 1""}"
639,"{""Brand"": ""Crystal Light""}","{""Brand"": ""Crystal Light""}"
640,"{""Flavor"": ""Peach Mango""}","{""Flavor"": ""Peach Mango""}"
641,"{""Tea variety"": ""Green Tea""}","{""Tea variety"": ""Green Tea Drink Mix""}"
642,"{""Item form"": ""Drink Mix""}","{""Item form"": ""Pitcher Packets""}"
643,"{""Pack size"": ""5 Pitcher Packets""}","{""Pack size"": ""5 Pitcher Packets""}"
644,"{""Tea variety"": ""Sakura Green Tea""}","{""Tea variety"": ""Green Tea""}"
645,"{""Country"": ""Japan ""}","{""Country"": ""Japan""}"
646,"{""Brand"": ""Japanese Tea KIMIKURA""}","{""Brand"": ""KIMIKURA""}"
647,"{""Net content"": ""50g/1.7oz""}","{""Net content"": ""50g/1.7oz""}"
648,"{""Brand"": ""Dong Suh""}","{""Brand"": ""Dong Suh""}"
649,"{""Country"": ""Korean""}","{""Country"": ""Korean""}"
650,"{""Net content"": ""50""}","{""Net content"": ""50 Bags""}"
651,"{""Item form"": ""Bags""}","{""Item form"": ""Bags""}"
652,"{""Flavor"": ""Solomon's Seal Tea""}","{""Flavor"": ""Solomon's Seal Tea""}"
653,"{""Brand"": ""SoMo Tea""}","{""Brand"": ""SoMo Tea""}"
654,"{""Item form"": ""Variety Pack, Gift Box Set\u2026""}","{""Item form"": ""Loose Leaf Tea""}"
655,"{""Flavor"": ""6 Flavor""}","{""Flavor"": ""Sweet Dreams""}"
656,"{""Tea variety"": ""Hot or Iced Herbal and Fruit Tea""}","{""Tea variety"": ""Herbal and Fruit Tea""}"
657,"{""Caffeine content"": ""Low and No Caffeine""}","{""Caffeine content"": ""Low and No Caffeine""}"
658,"{""Brand"": ""Lipton""}","{""Brand"": ""Lipton""}"
659,"{""Flavor"": ""Unsweetened""}","{""Flavor"": ""Black""}"
660,"{""Tea variety"": ""Black Iced Tea""}","{""Tea variety"": ""Black Iced Tea""}"
661,"{""Caffeine content"": ""Decaffeinated""}","{""Caffeine content"": ""Decaffeinated""}"
662,"{""Item form"": ""Tea Bags""}","{""Item form"": ""Tea Bags""}"
663,"{""Net content"": ""22 Ct""}","{""Net content"": ""22 Ct""}"
664,"{""Pack size"": ""Pack of 3""}","{""Pack size"": ""22 Ct""}"
665,"{""Brand"": ""Two Leaves and a Bud""}","{""Brand"": ""Two Leaves and a Bud""}"
666,"{""Specialty"": ""Organic""}","{""Specialty"": ""Whole Leaf""}"
667,"{""Flavor"": ""Assam Breakfast""}","{""Flavor"": ""Assam""}"
668,"{""Item form"": ""Sachets""}","{""Item form"": ""Sachets""}"
669,"{""Tea variety"": ""Black Tea""}","{""Tea variety"": ""Black Tea""}"
670,"{""Net content"": ""100 Count""}","{""Net content"": ""100 Count""}"
671,"{""Brand"": ""Gold Kili""}","{""Brand"": ""Gold Kili""}"
672,"{""Item form"": ""Instant""}","{""Item form"": ""Beverage""}"
673,"{""Flavor"": ""Ginger Beverage""}","{""Flavor"": ""Ginger Beverage""}"
674,"{""Net content"": ""12.60 Ounce""}","{""Net content"": ""12.60 Ounce""}"
675,"{""Brand"": ""Twinings""}","{""Brand"": ""Twinings""}"
676,"{""Flavor"": ""Camomile, Honey, and Vanilla""}","{""Flavor"": ""Camomile, Honey, and Vanilla""}"
677,"{""Net content"": ""40 Count""}","{""Net content"": ""40 Count""}"
678,"{""Brand"": ""Salem Botanicals""}","{""Brand"": ""Salem Botanicals""}"
679,"{""Tea variety"": ""Herbal Tea""}","{""Tea variety"": ""Herbal Tea""}"
680,"{""Specialty"": ""Kidney Support""}","{""Specialty"": ""Kidney Support""}"
681,"{""Net content"": ""20 Count""}","{""Net content"": ""20 Count""}"
682,"{""Brand"": ""Traditional Medicinals""}","{""Brand"": ""Traditional Medicinals""}"
683,"{""Specialty"": ""Cardiovascular Support""}","{""Specialty"": ""Cardiovascular Support""}"
684,"{""Tea variety"": ""Hibiscus""}","{""Tea variety"": ""Hibiscus""}"
685,"{""Caffeine content"": ""Caffeine Free""}","{""Caffeine content"": ""Caffeine Free""}"
686,"{""Net content"": ""16 CT""}","{""Net content"": ""16 CT""}"
687,"{""Pack size"": ""Pack of 2""}","{""Pack size"": ""Pack of 2""}"
688,"{""Brand"": ""Luzianne""}","{""Brand"": ""Luzianne""}"
689,"{""Item form"": ""Specially Blended gallon Size Iced Tea Bags""}","{""Item form"": ""Iced Tea Bags""}"
690,"{""Net content"": ""24 Count Box""}","{""Net content"": ""24 Count Box""}"
691,"{""Brand"": ""Yogi Tea""}","{""Brand"": ""Yogi Tea""}"
692,"{""Net content"": ""16""}","{""Net content"": ""16""}"
693,"{""Item form"": ""Tea Bags""}","{""Item form"": ""Tea Bags""}"
694,"{""Flavor"": ""Perfect Energy Raspberry Passion""}","{""Flavor"": ""Perfect Energy Raspberry Passion""}"
695,"{""Pack size"": ""1 Pack""}","{""Pack size"": ""1 Pack""}"
696,"{""Brand"": ""Twining""}","{""Brand"": ""Twining Tea""}"
697,"{""Flavor"": ""Earl Grey""}","{""Flavor"": ""Earl Grey Jasmine""}"
698,"{""Tea variety"": ""Jasmine""}","{""Tea variety"": ""Earl Grey Jasmine""}"
699,"{""Net content"": ""1.41 oz""}","{""Net content"": ""1.41 oz""}"
700,"{""Brand"": ""Snapple""}","{""Brand"": ""Snapple""}"
701,"{""Flavor"": ""Lemon Tea""}","{""Flavor"": ""Lemon Tea""}"
702,"{""Item form"": ""K-cups""}","{""Item form"": ""K-cups""}"
703,"{""Net content"": ""22-count""}","{""Net content"": ""22-count""}"
704,"{""Brand"": ""Bigelow""}","{""Brand"": ""Bigelow""}"
705,"{""Tea variety"": ""Green Tea""}","{""Tea variety"": ""Green Tea""}"
706,"{""Flavor"": ""Wild Blueberry & Acai""}","{""Flavor"": ""Green Tea with Wild Blueberry & Acai""}"
707,"{""Net content"": ""120""}","{""Net content"": ""120 Teabags Total""}"
708,"{""Pack size"": ""Pack of 6""}","{""Pack size"": ""Pack of 6""}"
709,"{""Caffeine content"": ""Caffeinated""}","{""Caffeine content"": ""Caffeinated Green Tea""}"
710,"{""Item form"": ""Teabags""}","{""Item form"": ""Teabags""}"
711,"{""Flavor"": ""Youthberry Wild Orange Blossom""}","{""Flavor"": ""Wild Orange Blossom""}"
712,"{""Item form"": ""Tea Blend""}","{""Item form"": ""Tea Blend""}"
713,"{""Brand"": ""Teavana""}","{""Brand"": ""Teavana""}"
714,"{""Flavor"": ""English Breakfast""}","{""Flavor"": ""English Breakfast""}"
715,"{""Tea variety"": ""Black Tea""}","{""Tea variety"": ""Black Tea""}"
716,"{""Item form"": ""K-Cups""}","{""Item form"": ""K-Cups""}"
717,"{""Brand"": ""Tea of a Kind""}","{""Brand"": ""Tea of a Kind""}"
718,"{""Tea variety"": ""Yerba Mate Tea""}","{""Tea variety"": ""Yerba Mate Tea""}"
719,"{""Flavor"": ""Raspberry""}","{""Flavor"": ""Raspberry""}"
720,"{""Net content"": ""192 Fl Oz""}","{""Net content"": ""192 Fl Oz""}"
721,"{""Pack size"": ""Pack Of 12""}","{""Pack size"": ""Pack Of 12""}"
722,"{""Brand"": ""Arizona""}","{""Brand"": ""Arizona""}"
723,"{""Tea variety"": ""Green Tea""}","{""Tea variety"": ""Green Tea""}"
724,"{""Flavor"": ""Ginseng and Honey""}","{""Flavor"": ""Green Tea with Ginseng and Honey""}"
725,"{""Net content"": ""16 Fl Oz""}","{""Net content"": ""16 Fl Oz""}"
726,"{""Pack size"": ""Pack of 12""}","{""Pack size"": ""Pack of 12""}"
727,"{""Brand"": ""TICK TOCK TEAS""}","{""Brand"": ""TICK TOCK TEAS""}"
728,"{""Item form"": ""Bags""}","{""Item form"": ""Bags""}"
729,"{""Flavor"": ""Earl Grey Rooibos Tea""}","{""Flavor"": ""Earl Grey Rooibos Tea""}"
730,"{""Net content"": ""40 Count""}","{""Net content"": ""40 Count""}"
731,"{""Brand"": ""Diesel""}","{""Brand"": ""Diesel""}"
732,"{""Gender"": ""Men's""}","{""Gender"": ""Men's""}"
733,"{""Model name"": ""Exposure""}","{""Model name"": ""Exposure""}"
734,"{""Shoe type"": ""High-Top Sneaker""}","{""Shoe type"": ""High-Top Sneaker""}"
735,"{""Brand"": ""Florsheim""}","{""Brand"": ""Florsheim""}"
736,"{""Gender"": ""Men's""}","{""Gender"": ""Men's""}"
737,"{""Model name"": ""Milano""}","{""Model name"": ""Milano""}"
738,"{""Shoe type"": ""Slip-On Loafer""}","{""Shoe type"": ""Slip-On Loafer""}"
739,"{""Color"": ""Burgundy""}","{""Color"": ""Burgundy""}"
740,"{""Size"": ""10 D US""}","{""Size"": ""10 D US""}"
741,"{""Brand"": ""Finn Comfort""}","{""Brand"": ""Finn Comfort""}"
742,"{""Gender"": ""Women's""}","{""Gender"": ""Women's""}"
743,"{""Model name"": ""2051-014099""}","{""Model name"": ""2051-014099""}"
744,"{""Brand"": ""Pearl Izumi""}","{""Brand"": ""Pearl Izumi""}"
745,"{""Gender"": ""Men's""}","{""Gender"": ""Men's""}"
746,"{""Model name"": ""X-Alp Low""}","{""Model name"": ""X-Alp Low""}"
747,"{""Size"": ""49""}","{""Size"": ""49""}"
748,"{""Color"": ""Black/Moonlight""}","{""Color"": ""Black/Moonlight""}"
749,"{""Brand"": ""G.H. Bass & Co.""}","{""Brand"": ""G.H. Bass & Co.""}"
750,"{""Gender"": ""Women's""}","{""Gender"": ""Women's""}"
751,"{""Model name"": ""Margie""}","{""Model name"": ""Margie""}"
752,"{""Shoe type"": ""Sandal""}","{""Shoe type"": ""Sandal""}"
753,"{""Brand"": ""Stacy Adams""}","{""Brand"": ""Stacy Adams""}"
754,"{""Gender"": ""Men's""}","{""Gender"": ""Men's""}"
755,"{""Model name"": ""Raynor""}","{""Model name"": ""Raynor""}"
756,"{""Shoe type"": ""Oxford""}","{""Shoe type"": ""Oxford""}"
757,"{""Brand"": ""Fila""}","{""Brand"": ""Fila""}"
758,"{""Gender"": ""Men's""}","{""Gender"": ""Men's""}"
759,"{""Model name"": ""Hometown Extra-M""}","{""Model name"": ""Hometown""}"
760,"{""Color"": ""Black/White/Vintage Red""}","{""Color"": ""Black/White/Vintage Red""}"
761,"{""Size"": ""10 M US""}","{""Size"": ""10 M US""}"
762,"{""Brand"": ""Cole Haan""}","{""Brand"": ""Cole Haan""}"
763,"{""Gender"": ""Men's""}","{""Gender"": ""Men's""}"
764,"{""Model name"": ""Howland Penny, T.Moro Crocodile""}","{""Model name"": ""Howland Penny""}"
765,"{""Size"": ""8 M US""}","{""Size"": ""8 M US""}"
766,"{""Brand"": ""Diesel""}","{""Brand"": ""Diesel""}"
767,"{""Gender"": ""Men's""}","{""Gender"": ""Men's""}"
768,"{""Model name"": ""Runaway""}","{""Model name"": ""Runaway""}"
769,"{""Shoe type"": ""Fashion Sneaker""}","{""Shoe type"": ""Fashion Sneaker""}"
770,"{""Color"": ""White""}","{""Color"": ""White""}"
771,"{""Size"": ""11 M US""}","{""Size"": ""11 M US""}"
772,"{""Brand"": ""Klogs USA""}","{""Brand"": ""Klogs USA""}"
773,"{""Gender"": ""Women's""}","{""Gender"": ""Women's""}"
774,"{""Color"": ""Dusty Black""}","{""Color"": ""Dusty Black""}"
775,"{""Brand"": ""Chaco""}","{""Brand"": ""Chaco""}"
776,"{""Gender"": ""Men's""}","{""Gender"": ""Men's""}"
777,"{""Model name"": ""Z1 Classic""}","{""Model name"": ""Z1 Classic""}"
778,"{""Color"": ""Amp Shamrock""}","{""Color"": ""Amp Shamrock""}"
779,"{""Size"": ""8""}","{""Size"": ""8""}"
780,"{""Brand"": ""Red Wing Heritage""}","{""Brand"": ""Red Wing Heritage""}"
781,"{""Gender"": ""Men's""}","{""Gender"": ""Men's""}"
782,"{""Model name"": ""101""}","{""Model name"": ""Postman""}"
783,"{""Shoe type"": ""Oxford""}","{""Shoe type"": ""Oxford""}"
784,"{""Brand"": ""Florsheim""}","{""Brand"": ""Florsheim""}"
785,"{""Model name"": ""Lakeside Ox""}","{""Model name"": ""Lakeside""}"
786,"{""Color"": ""Brown Nubuck""}","{""Color"": ""Ox Brown Nubuck""}"
787,"{""Size"": ""8""}","{""Size"": ""8""}"
788,"{""Brand"": ""Nike""}","{""Brand"": ""Nike""}"
789,"{""Gender"": ""Men's""}","{""Gender"": ""Men's""}"
790,"{""Model name"": ""Wild Trail""}","{""Model name"": ""Wild Trail""}"
791,"{""Color"": ""Black/Cool Grey/Dark Grey/Metallic Platinum""}","{""Color"": ""Black/Cool Grey/Dark Grey/Metallic Platinum""}"
792,"{""Size"": ""11.5 D - Medium""}","{""Size"": ""11.5 D""}"
793,"{""Brand"": ""Spring Step""}","{""Brand"": ""Spring Step""}"
794,"{""Gender"": ""Women's""}","{""Gender"": ""Women's""}"
795,"{""Model name"": ""Chino""}","{""Model name"": ""Chino""}"
796,"{""Color"": ""Brown""}","{""Color"": ""Brown""}"
797,"{""Size"": ""35 EU/4.5-5 M US""}","{""Size"": ""35 EU/4.5-5 M US""}"
798,"{""Brand"": ""Miz Mooz""}","{""Brand"": ""Miz Mooz""}"
799,"{""Gender"": ""Women's""}","{""Gender"": ""Women's""}"
800,"{""Model name"": ""Panthea""}","{""Model name"": ""Panthea""}"
801,"{""Brand"": ""Sanuk""}","{""Brand"": ""Sanuk""}"
802,"{""Model name"": ""Shuffle""}","{""Model name"": ""Shuffle""}"
803,"{""Brand"": ""Flojos""}","{""Brand"": ""Flojos""}"
804,"{""Gender"": ""Women's""}","{""Gender"": ""Women's""}"
805,"{""Model name"": ""Fiesta""}","{""Model name"": ""Fiesta""}"
806,"{""Color"": ""Black""}","{""Color"": ""Black""}"
807,"{""Size"": ""10 M US""}","{""Size"": ""10 M US""}"
808,"{""Brand"": ""Minnetonka""}","{""Brand"": ""Minnetonka""}"
809,"{""Gender"": ""Men's""}","{""Gender"": ""Men's""}"
810,"{""Material"": ""Moosehide""}","{""Material"": ""Moosehide""}"
811,"{""Model name"": ""Classic""}","{""Model name"": ""Classic""}"
812,"{""Shoe type"": ""Moccasin""}","{""Shoe type"": ""Moccasin""}"
813,"{""Color"": ""Chocolate Moose""}","{""Color"": ""Chocolate Moose""}"
814,"{""Size"": ""8.5 M US""}","{""Size"": ""8.5 M US""}"
815,"{""Brand"": ""Kenneth Cole REACTION""}","{""Brand"": ""Kenneth Cole REACTION""}"
816,"{""Gender"": ""Men's""}","{""Gender"": ""Men's""}"
817,"{""Model name"": ""Sim-Plicity""}","{""Model name"": ""Sim-Plicity""}"
818,"{""Shoe type"": ""Oxford""}","{""Shoe type"": ""Oxford""}"
819,"{""Color"": ""Black""}","{""Color"": ""Black""}"
820,"{""Size"": ""13""}","{""Size"": ""13""}"
821,"{""Brand"": ""Franco Sarto""}","{""Brand"": ""Franco Sarto""}"
822,"{""Gender"": ""Women's""}","{""Gender"": ""Women's""}"
823,"{""Model name"": ""Bocca""}","{""Model name"": ""Bocca""}"
824,"{""Shoe type"": ""Loafer""}","{""Shoe type"": ""Loafer""}"
825,"{""Color"": ""Black""}","{""Color"": ""Black""}"
826,"{""Size"": ""10.5 M""}","{""Size"": ""10.5 M""}"
827,"{""Brand"": ""SJP by Sarah Jessica Parker""}","{""Brand"": ""SJP""}"
828,"{""Gender"": ""Women's""}","{""Gender"": ""Women's""}"
829,"{""Model name"": ""Fawn""}","{""Model name"": ""Fawn""}"
830,"{""Shoe type"": ""Pointed Toe Dress Pump""}","{""Shoe type"": ""Pointed Toe Dress Pump""}"
831,"{""Color"": ""Candy""}","{""Color"": ""Candy""}"
832,"{""Size"": ""6.5 Medium US""}","{""Size"": ""6.5 Medium US""}"
833,"{""Brand"": ""Clarks""}","{""Brand"": ""Clarks""}"
834,"{""Gender"": ""Women's""}","{""Gender"": ""Women's""}"
835,"{""Model name"": ""Wave.Cruise""}","{""Model name"": ""Wave.Cruise""}"
836,"{""Shoe type"": ""Mary Jane""}","{""Shoe type"": ""Mary Jane""}"
837,"{""Brand"": ""Kenneth Cole REACTION""}","{""Brand"": ""Kenneth Cole REACTION""}"
838,"{""Gender"": ""Men's""}","{""Gender"": ""Men's""}"
839,"{""Model name"": ""Punchual""}","{""Model name"": ""Punchual""}"
840,"{""Shoe type"": ""Slip On Loafer""}","{""Shoe type"": ""Slip On Loafer""}"
841,"{""Color"": ""Whiskey""}","{""Color"": ""Whiskey""}"
842,"{""Size"": ""9.5""}","{""Size"": ""9.5""}"
843,"{""Brand"": ""Ellie Shoes""}","{""Brand"": ""Ellie Shoes""}"
844,"{""Gender"": ""Women's""}","{""Gender"": ""Women's""}"
845,"{""Model name"": ""557-eden""}","{""Model name"": ""557-eden""}"
846,"{""Color"": ""Black""}","{""Color"": ""Black""}"
847,"{""Size"": ""12 M US""}","{""Size"": ""12 M US""}"
848,"{""Brand"": ""Georgia""}","{""Brand"": ""Georgia""}"
849,"{""Gender"": ""Men's""}","{""Gender"": ""Men's""}"
850,"{""Model name"": ""G6152""}","{""Model name"": ""G6152""}"
851,"{""Shoe type"": ""Mid Calf Boot""}","{""Shoe type"": ""Mid Calf Boot""}"
852,"{""Color"": ""barracuda gold""}","{""Color"": ""barracuda gold""}"
853,"{""Size"": ""13 M US""}","{""Size"": ""13 M US""}"
854,"{""Brand"": ""The Highest Heel""}","{""Brand"": ""Classic""}"
855,"{""Gender"": ""womens""}","{""Gender"": ""womens""}"
856,"{""Model name"": ""Classic""}","{""Model name"": ""Classic""}"
857,"{""Shoe type"": ""4\"" Pump,""}","{""Shoe type"": ""Pump""}"
858,"{""Color"": ""Gold Metallic""}","{""Color"": ""Gold Metallic""}"
859,"{""Size"": ""6 US""}","{""Size"": ""6 US""}"
860,"{""Brand"": ""CL by Chinese Laundry""}","{""Brand"": ""Chinese Laundry""}"
861,"{""Gender"": ""Women's""}","{""Gender"": ""Women's""}"
862,"{""Model name"": ""Sonnet Vitello""}","{""Model name"": ""Sonnet""}"
863,"{""Shoe type"": ""Pump""}","{""Shoe type"": ""Pump""}"
864,"{""Brand"": ""Foamtreads""}","{""Brand"": ""Foamtreads""}"
865,"{""Gender"": ""Women's""}","{""Gender"": ""Women's""}"
866,"{""Model name"": ""CODDELSN""}","{""Model name"": ""CODDELSN""}"
867,"{""Color"": ""Mauve""}","{""Color"": ""Mauve""}"
868,"{""Size"": ""8.5 B US""}","{""Size"": ""8.5 B US""}"
869,"{""Brand"": ""Sanuk""}","{""Brand"": ""Sanuk""}"
870,"{""Model name"": ""Chiba""}","{""Model name"": ""Chiba""}"
871,"{""Color"": ""Black""}","{""Color"": ""Black""}"
872,"{""Size"": ""10""}","{""Size"": ""10""}"
873,"{""Brand"": ""Minnetonka""}","{""Brand"": ""Minnetonka""}"
874,"{""Gender"": ""Men's""}","{""Gender"": ""Men's""}"
875,"{""Material"": ""Moosehide""}","{""Material"": ""Moosehide""}"
876,"{""Shoe type"": ""Classic Moccasin""}","{""Shoe type"": ""Moccasin""}"
877,"{""Color"": ""Natural Moose""}","{""Color"": ""Natural Moose""}"
878,"{""Size"": ""10.5 M US""}","{""Size"": ""10.5 M US""}"
879,"{""Brand"": ""Allen Edmonds""}","{""Brand"": ""Allen Edmonds""}"
880,"{""Gender"": ""Men's""}","{""Gender"": ""Men's""}"
881,"{""Model name"": ""Grayson""}","{""Model name"": ""Grayson""}"
882,"{""Shoe type"": ""Tassel Loafer""}","{""Shoe type"": ""Tassel Loafer""}"
883,"{""Color"": ""Black""}","{""Color"": ""Black""}"
884,"{""Size"": ""9 D""}","{""Size"": ""9 D""}"
885,"{""Brand"": ""Donald J Pliner""}","{""Brand"": ""Donald J Pliner""}"
886,"{""Gender"": ""Womens""}","{""Gender"": ""Womens""}"
887,"{""Model name"": ""Honey -26""}","{""Model name"": ""Honey""}"
888,"{""Shoe type"": ""Closed Toe Loafers""}","{""Shoe type"": ""Closed Toe Loafers""}"
889,"{""Color"": ""Black""}","{""Color"": ""Black""}"
890,"{""Brand"": ""Trotters""}","{""Brand"": ""Trotters""}"
891,"{""Gender"": ""Women's""}","{""Gender"": ""Women's""}"
892,"{""Model name"": ""Lauren""}","{""Model name"": ""Lauren""}"
893,"{""Shoe type"": ""Dress Wedge""}","{""Shoe type"": ""Dress Wedge""}"
894,"{""Color"": ""Black""}","{""Color"": ""Black""}"
895,"{""Size"": ""7 N US""}","{""Size"": ""7 N US""}"
896,"{""Brand"": ""Anne Klein""}","{""Brand"": ""Anne Klein""}"
897,"{""Gender"": ""Women's""}","{""Gender"": ""Women's""}"
898,"{""Model name"": ""Fabulist""}","{""Model name"": ""Fabulist""}"
899,"{""Material"": ""Leather""}","{""Material"": ""Leather""}"
900,"{""Color"": ""Black""}","{""Color"": ""Black""}"
901,"{""Size"": ""7.5 M US""}","{""Size"": ""7.5 M US""}"
902,"{""Brand"": ""Cole Haan""}","{""Brand"": ""Cole Haan""}"
903,"{""Gender"": ""Men's""}","{""Gender"": ""Men's""}"
904,"{""Model name"": ""Pinch Penny""}","{""Model name"": ""Pinch""}"
905,"{""Shoe type"": ""Loafer""}","{""Shoe type"": ""Penny Loafer""}"
906,"{""Color"": ""Black""}","{""Color"": ""Black""}"
907,"{""Size"": ""11 D US""}","{""Size"": ""11 D US""}"
908,"{""Brand"": ""Skechers""}","{""Brand"": ""Skechers""}"
909,"{""Gender"": ""Women's""}","{""Gender"": ""Women's""}"
910,"{""Model name"": ""Parties-Mate""}","{""Model name"": ""Parties-Mate""}"
911,"{""Shoe type"": ""Oxford""}","{""Shoe type"": ""Oxford""}"
912,"{""Color"": ""Chocolate""}","{""Color"": ""Chocolate Suede Leather""}"
913,"{""Material"": ""Suede Leather""}","{""Material"": ""Chocolate Suede Leather""}"
914,"{""Size"": ""5.5 M US""}","{""Size"": ""5.5 M US""}"
915,"{""Brand"": ""Ellie Shoes""}","{""Brand"": ""Ellie Shoes""}"
916,"{""Gender"": ""Women's""}","{""Gender"": ""Women's""}"
917,"{""Model name"": ""8401""}","{""Model name"": ""8401""}"
918,"{""Color"": ""Black""}","{""Color"": ""Black""}"
919,"{""Size"": ""5 M US""}","{""Size"": ""5 M US""}"
920,"{""Brand"": ""Rockport""}","{""Brand"": ""Rockport""}"
921,"{""Gender"": ""Women's""}","{""Gender"": ""Women's""}"
922,"{""Model name"": ""World Tour Classic""}","{""Model name"": ""World Tour Classic""}"
923,"{""Sport"": ""Walking""}","{""Sport"": ""Walking""}"
924,"{""Color"": ""Chocolate""}","{""Color"": ""Chocolate""}"
925,"{""Size"": ""5 M US""}","{""Size"": ""5 M US""}"
926,"{""Brand"": ""Nike""}","{""Brand"": ""Nike Golf""}"
927,"{""Sport"": ""Golf""}","{""Sport"": ""Golf""}"
928,"{""Gender"": ""Men's""}","{""Gender"": ""Men's""}"
929,"{""Model name"": ""Heritage-M""}","{""Model name"": ""Heritage-M""}"
930,"{""Color"": ""White/Metallic Silver/Black""}","{""Color"": ""White/Metallic Silver/Black""}"
931,"{""Size"": ""13 W US""}","{""Size"": ""13 W US""}"
932,"{""Brand"": ""TOMS""}","{""Brand"": ""TOMS""}"
933,"{""Gender"": ""Womens""}","{""Gender"": ""Womens""}"
934,"{""Model name"": ""001001B07-BLK""}","{""Model name"": ""Classics""}"
935,"{""Color"": ""Black""}","{""Color"": ""Black Canvas""}"
936,"{""Material"": ""Canvas""}","{""Material"": ""Canvas""}"
937,"{""Size"": ""5""}","{""Size"": ""Womens 5""}"
938,"{""Brand"": ""Dockers""}","{""Brand"": ""Dockers""}"
939,"{""Gender"": ""Men's""}","{""Gender"": ""Men's""}"
940,"{""Model name"": ""Castaway""}","{""Model name"": ""Castaway""}"
941,"{""Shoe type"": ""Boat Shoe""}","{""Shoe type"": ""Boat Shoe""}"
942,"{""Color"": ""Raisin""}","{""Color"": ""Raisin""}"
943,"{""Size"": ""14 W US""}","{""Size"": ""14 W US""}"
944,"{""Brand"": ""Cole Haan""}","{""Brand"": ""Cole Haan""}"
945,"{""Gender"": ""Men's""}","{""Gender"": ""Men's""}"
946,"{""Model name"": ""Gunnison Driver""}","{""Model name"": ""Gunnison""}"
947,"{""Color"": ""Brown""}","{""Color"": ""Brown""}"
948,"{""Size"": ""9 D US""}","{""Size"": ""9 D US""}"
949,"{""Brand"": ""Diesel""}","{""Brand"": ""Diesel""}"
950,"{""Gender"": ""Men's""}","{""Gender"": ""Men's""}"
951,"{""Model name"": ""Pass On""}","{""Model name"": ""Pass On""}"
952,"{""Color"": ""Black/Silver""}","{""Color"": ""Black/Silver""}"
953,"{""Size"": ""7 M US""}","{""Size"": ""7 M US""}"
954,"{""Brand"": ""Calvin Klein""}","{""Brand"": ""Calvin Klein""}"
955,"{""Gender"": ""Men's""}","{""Gender"": ""Men's""}"
956,"{""Model name"": ""Merl Suede""}","{""Model name"": ""Merl""}"
957,"{""Color"": ""Navy""}","{""Color"": ""Navy""}"
958,"{""Size"": ""9.5 M US""}","{""Size"": ""9.5 M US""}"
959,"{""Brand"": ""Saucony""}","{""Brand"": ""Saucony""}"
960,"{""Gender"": ""Women's""}","{""Gender"": ""Women's""}"
961,"{""Model name"": ""Kinvara 11""}","{""Model name"": ""Kinvara 11""}"
962,"{""Color"": ""Aqu/Blu""}","{""Color"": ""Aqu/Blu""}"
963,"{""Size"": ""9 Wide""}","{""Size"": ""9 Wide""}"
964,"{""Brand"": ""Mephisto""}","{""Brand"": ""Mephisto""}"
965,"{""Gender"": ""Men's""}","{""Gender"": ""Men's""}"
966,"{""Model name"": ""Hurrikan""}","{""Model name"": ""Hurrikan""}"
967,"{""Shoe type"": ""Moccasin""}","{""Shoe type"": ""Moccasin""}"
968,"{""Brand"": ""Dansko""}","{""Brand"": ""Dansko""}"
969,"{""Model name"": ""Regular""}","{""Model name"": ""Wayne""}"
970,"{""Color"": ""Black""}","{""Color"": ""Black Full-Grain Leather""}"
971,"{""Material"": ""Full-Grain Leather""}","{""Material"": ""Full-Grain Leather""}"
972,"{""Size"": ""41 (US Men's 7.5-8)""}","{""Size"": ""41 (US Men's 7.5-8)""}"
973,"{""Brand"": ""Australian Gold""}","{""Brand"": ""Australian Gold""}"
974,"{""Specialty"": ""Water Resistant""}","{""Specialty"": ""Broad Spectrum""}"
975,"{""Item form"": ""Spray""}","{""Item form"": ""Spray""}"
976,"{""Protection level"": ""Broad Spectrum""}","{""Protection level"": ""Broad Spectrum | Water Resistant""}"
977,"{""Net content"": ""6 Ounce""}","{""Net content"": ""6 Ounce""}"
978,"{""Brand"": ""NO-AD""}","{""Brand"": ""NO-AD""}"
979,"{""Item form"": ""Lotion""}","{""Item form"": ""Lotion""}"
980,"{""Protection level"": ""SPF 45""}","{""Protection level"": ""SPF 45""}"
981,"{""Net content"": ""16 oz""}","{""Net content"": ""16 oz""}"
982,"{""Brand"": ""Epionce""}","{""Brand"": ""Epionce""}"
983,"{""Item form"": ""Daily Shield Lotion""}","{""Item form"": ""Lotion""}"
984,"{""Specialty"": ""Tinted""}","{""Specialty"": ""Daily Shield""}"
985,"{""Protection level"": ""SPF 50""}","{""Protection level"": ""Daily Shield Lotion Tinted SPF 50""}"
986,"{""Net content"": ""1.7 Fl Oz""}","{""Net content"": ""1.7 Fl Oz""}"
987,"{""Brand"": ""Hello Bello""}","{""Brand"": ""Hello Bello""}"
988,"{""Item form"": ""Lotion""}","{""Item form"": ""Lotion""}"
989,"{""Net content"": ""3oz""}","{""Net content"": ""3oz""}"
990,"{""Brand"": ""Hawaiian Tropic""}","{""Brand"": ""Hawaiian Tropic""}"
991,"{""Specialty"": ""Lightweight Sun Protection""}","{""Specialty"": ""Antioxidant+""}"
992,"{""Item form"": ""Lotion""}","{""Item form"": ""Lotion""}"
993,"{""Protection level"": ""SPF 50""}","{""Protection level"": ""Broad Spectrum, SPF 50""}"
994,"{""Net content"": ""6 Ounces""}","{""Net content"": ""6 Ounces""}"
995,"{""Brand"": ""THANKYOU FARMER""}","{""Brand"": ""THANKYOU FARMER""}"
996,"{""Item form"": ""Water Sun Cream""}","{""Item form"": ""Sun Cream""}"
997,"{""Net content"": ""1.75 Fl Oz (50ml)""}","{""Net content"": ""50ml""}"
998,"{""Brand"": ""Banana Boat""}","{""Brand"": ""Banana Boat""}"
999,"{""Age"": ""Kids""}","{""Age"": ""Kids""}"
1000,"{""Specialty"": ""Reef Friendly""}","{""Specialty"": ""Reef Friendly""}"
1001,"{""Item form"": ""Spray""}","{""Item form"": ""Sunscreen Spray""}"
1002,"{""Protection level"": ""SPF 50""}","{""Protection level"": ""SPF 50""}"
1003,"{""Net content"": ""9.5oz""}","{""Net content"": ""9.5oz""}"
1004,"{""Brand"": ""Goddess Garden""}","{""Brand"": ""Goddess Garden""}"
1005,"{""Specialty"": ""Mineral""}","{""Specialty"": ""Mineral Sunscreen""}"
1006,"{""Protection level"": ""SPF 50""}","{""Protection level"": ""SPF 50""}"
1007,"{""Item form"": ""Sunscreen Stick""}","{""Item form"": ""Stick""}"
1008,"{""Pack size"": ""1 Unit""}","{""Pack size"": ""1 Unit""}"
1009,"{""Brand"": ""La Roche-Posay""}","{""Brand"": ""La Roche-Posay""}"
1010,"{""Specialty"": ""Anti-Aging Primer with Sunscreen""}","{""Specialty"": ""Anti-Aging""}"
1011,"{""Protection level"": ""50""}","{""Protection level"": ""50""}"
1012,"{""Net content"": ""1.35 Fl Oz""}","{""Net content"": ""1.35 Fl Oz""}"
1013,"{""Brand"": ""Blue Lizard""}","{""Brand"": ""Blue Lizard""}"
1014,"{""Age"": ""Kids""}","{""Age"": ""Kids""}"
1015,"{""Specialty"": ""Easy to Apply""}","{""Specialty"": ""Fragrance Free""}"
1016,"{""Item form"": ""Stick""}","{""Item form"": ""Stick""}"
1017,"{""Protection level"": ""UVA/UVB Protection""}","{""Protection level"": ""SPF 50+""}"
1018,"{""Scent"": ""Fragrance Free""}","{""Scent"": ""Fragrance Free""}"
1019,"{""Net content"": ""5 oz""}","{""Net content"": ""5 oz""}"
1020,"{""Brand"": ""Alba Botanica""}","{""Brand"": ""Alba Botanica""}"
1021,"{""Item form"": ""Lotion""}","{""Item form"": ""Lotion""}"
1022,"{""Protection level"": ""SPF 45""}","{""Protection level"": ""SPF 45""}"
1023,"{""Scent"": ""Pure Lavender""}","{""Scent"": ""Pure Lavender""}"
1024,"{""Net content"": ""4 Oz""}","{""Net content"": ""4 Oz""}"
1025,"{""Brand"": ""Alba Botanica""}","{""Brand"": ""Alba Botanica""}"
1026,"{""Specialty"": ""Sport""}","{""Specialty"": ""Fragrance Free""}"
1027,"{""Item form"": ""Lotion""}","{""Item form"": ""Lotion""}"
1028,"{""Protection level"": ""SPF 45""}","{""Protection level"": ""SPF 45""}"
1029,"{""Scent"": ""Fragrance Free""}","{""Scent"": ""Fragrance Free""}"
1030,"{""Net content"": ""4 Oz""}","{""Net content"": ""4 Oz""}"
1031,"{""Brand"": ""Coola""}","{""Brand"": ""Coola""}"
1032,"{""Specialty"": ""Lip Care for Daily Protection""}","{""Specialty"": ""Broad Spectrum""}"
1033,"{""Skin type"": ""Lip""}","{""Skin type"": ""Lip Care""}"
1034,"{""Item form"": ""Balm""}","{""Item form"": ""Lip Balm Lip Care""}"
1035,"{""Protection level"": ""SPF 30 Safe""}","{""Protection level"": ""Broad Spectrum SPF 30""}"
1036,"{""Net content"": ""0.15 Oz""}","{""Net content"": ""1 Count""}"
1037,"{""Scent"": ""Coral Reef""}","{""Scent"": ""Coral Reef""}"
1038,"{""Pack size"": ""1 Count""}","{""Pack size"": ""1 Count""}"
1039,"{""Brand"": ""Coppertone""}","{""Brand"": ""Coppertone""}"
1040,"{""Age"": ""KIDS""}","{""Age"": ""KIDS""}"
1041,"{""Specialty"": ""Sunscreen""}","{""Specialty"": ""Pack of 1""}"
1042,"{""Item form"": ""Stick""}","{""Item form"": ""Sunscreen Stick""}"
1043,"{""Protection level"": ""SPF 50""}","{""Protection level"": ""SPF 50""}"
1044,"{""Net content"": ""0.5 Ounce ""}","{""Net content"": ""0.5 Ounce""}"
1045,"{""Pack size"": ""Pack of 1""}","{""Pack size"": ""Pack of 1""}"
1046,"{""Brand"": ""Banana Boat""}","{""Brand"": ""Banana Boat""}"
1047,"{""Scent"": ""Aloe Vera""}","{""Scent"": ""Aloe Vera""}"
1048,"{""Specialty"": ""Sun Burn Relief""}","{""Specialty"": ""Sun Burn Relief""}"
1049,"{""Item form"": ""After Sun Gel""}","{""Item form"": ""After Sun Gel""}"
1050,"{""Net content"": ""16 Ounce""}","{""Net content"": ""16 Ounce""}"
1051,"{""Pack size"": ""Pack of 3""}","{""Pack size"": ""Pack of 3""}"
1052,"{""Brand"": ""Hawaiian Tropic""}","{""Brand"": ""Hawaiian Tropic""}"
1053,"{""Specialty"": ""Ultra Light""}","{""Specialty"": ""High Performance Protection""}"
1054,"{""Item form"": ""Sunscreen Lotion""}","{""Item form"": ""Sunscreen Lotion""}"
1055,"{""Protection level"": ""SPF 15""}","{""Protection level"": ""High Performance Protection""}"
1056,"{""Net content"": ""8 Ounces""}","{""Net content"": ""8 Ounces""}"
1057,"{""Brand"": ""Bare Republic""}","{""Brand"": ""Bare Republic""}"
1058,"{""Specialty"": ""Sport""}","{""Specialty"": ""Mineral""}"
1059,"{""Protection level"": ""SPF 50""}","{""Protection level"": ""SPF 50""}"
1060,"{""Item form"": ""Stick""}","{""Item form"": ""Stick""}"
1061,"{""Net content"": "".5 oz""}","{""Net content"": "".5 oz""}"
1062,"{""Brand"": ""NO-AD""}","{""Brand"": ""NO-AD Sport""}"
1063,"{""Specialty"": ""Sport""}","{""Specialty"": ""NO-AD""}"
1064,"{""Item form"": ""Lotion""}","{""Item form"": ""Lotion""}"
1065,"{""Protection level"": ""SPF 50""}","{""Protection level"": ""SPF 50""}"
1066,"{""Net content"": ""16 oz""}","{""Net content"": ""16 oz""}"
1067,"{""Pack size"": ""Pack of 2""}","{""Pack size"": ""Pack of 2""}"
1068,"{""Brand"": ""Australian Gold Botanical""}","{""Brand"": ""Australian Gold""}"
1069,"{""Specialty"": ""Water Resistant""}","{""Specialty"": ""Broad Spectrum""}"
1070,"{""Item form"": ""Lotion""}","{""Item form"": ""Mineral Lotion""}"
1071,"{""Protection level"": ""Broad Spectrum""}","{""Protection level"": ""SPF 50""}"
1072,"{""Net content"": ""5 Ounce""}","{""Net content"": ""5 Ounce""}"
1073,"{""Brand"": ""Two Peas Organics""}","{""Brand"": ""Two Peas Organics""}"
1074,"{""Specialty"": ""Waterproof""}","{""Specialty"": ""All Natural""}"
1075,"{""Item form"": ""Lotion""}","{""Item form"": ""Lotion""}"
1076,"{""Age"": ""Baby, Kid & Family Friendly""}","{""Age"": ""Baby, Kid & Family Friendly""}"
1077,"{""Scent"": ""Unscented""}","{""Scent"": ""Unscented""}"
1078,"{""Protection level"": "" SPF 30""}","{""Protection level"": ""Waterproof & Unscented - SPF 30""}"
1079,"{""Net content"": ""3oz""}","{""Net content"": ""3oz""}"
1080,"{""Brand"": ""Coola""}","{""Brand"": ""Coola""}"
1081,"{""Specialty"": ""Reef Safe""}","{""Specialty"": ""Fragrance Free""}"
1082,"{""Protection level"": ""SPF 30""}","{""Protection level"": ""Broad Spectrum SPF 30""}"
1083,"{""Scent"": ""Unscented""}","{""Scent"": ""Fragrance Free""}"
1084,"{""Color"": ""Matte Tint""}","{""Color"": ""Matte Tint""}"
1085,"{""Net content"": ""1.7 Fl Oz""}","{""Net content"": ""1.7 Fl Oz""}"
1086,"{""Brand"": ""Banana Boat""}","{""Brand"": ""Banana Boat""}"
1087,"{""Item form"": ""Dry Oil Continuous Clear Spray""}","{""Item form"": ""Spray""}"
1088,"{""Specialty"": ""Deep Tanning""}","{""Specialty"": ""Continuous Clear Spray""}"
1089,"{""Protection level"": ""SPF 4""}","{""Protection level"": ""SPF 4""}"
1090,"{""Net content"": ""6 oz""}","{""Net content"": ""6 oz""}"
1091,"{""Brand"": ""Nivea""}","{""Brand"": ""Nivea Sun""}"
1092,"{""Specialty"": ""Moisture Moisturising""}","{""Specialty"": ""Moisturising""}"
1093,"{""Item form"": ""Lotion""}","{""Item form"": ""Lotion""}"
1094,"{""Protection level"": ""SPF 30""}","{""Protection level"": ""Moisturising Sun Lotion SPF 30""}"
1095,"{""Net content"": ""200 ml""}","{""Net content"": ""200 ml""}"
1096,"{""Brand"": ""Trader Joe's""}","{""Brand"": ""Trader Joe's""}"
1097,"{""Specialty"": ""Nourish""}","{""Specialty"": ""Broad Spectrum""}"
1098,"{""Item form"": ""Spray""}","{""Item form"": ""Spray""}"
1099,"{""Protection level"": ""SPF 50+ Broad Spectrum""}","{""Protection level"": ""Broad Spectrum""}"
1100,"{""Pack size"": ""2-Pack""}","{""Pack size"": ""2-Pack""}"
1101,"{""Brand"": ""Hawaiian Tropic""}","{""Brand"": ""Hawaiian Tropic""}"
1102,"{""Specialty"": ""Weightless""}","{""Specialty"": ""Weightless""}"
1103,"{""Item form"": ""Lotion""}","{""Item form"": ""Lotion""}"
1104,"{""Protection level"": ""SPF 50""}","{""Protection level"": ""Broad-Spectrum Protection""}"
1105,"{""Net content"": ""6 Ounces""}","{""Net content"": ""6 Ounces""}"
1106,"{""Pack size"": ""Pack of 3""}","{""Pack size"": ""Pack of 3""}"
1107,"{""Brand"": ""Earth Mama""}","{""Brand"": ""Earth Mama""}"
1108,"{""Specialty"": ""Medium/Dark Tint""}","{""Specialty"": ""Mineral Sunscreen""}"
1109,"{""Item form"": ""Stick""}","{""Item form"": ""Stick""}"
1110,"{""Protection level"": ""SPF 40""}","{""Protection level"": ""SPF 40""}"
1111,"{""Brand"": ""Babo Botanicals""}","{""Brand"": ""Babo Botanicals""}"
1112,"{""Item form"": ""Clear Zinc Sunscreen Lotion""}","{""Item form"": ""Lotion""}"
1113,"{""Protection level"": ""SPF 30""}","{""Protection level"": ""100% Mineral Active""}"
1114,"{""Specialty"": ""Vegan""}","{""Specialty"": ""Non-Nano""}"
1115,"{""Scent"": ""Summer Scent""}","{""Scent"": ""Summer Scent""}"
1116,"{""Net content"": ""3 oz""}","{""Net content"": ""3 oz.""}"
1117,"{""Brand"": ""The Ordinary""}","{""Brand"": ""The Ordinary""}"
1118,"{""Specialty"": ""Antioxidants""}","{""Specialty"": ""Antioxidants""}"
1119,"{""Protection level"": ""UV Filters SPF 15""}","{""Protection level"": ""SPF 15""}"
1120,"{""Brand"": ""ZO Skin Health""}","{""Brand"": ""ZO Skin Health""}"
1121,"{""Specialty"": ""Oclipse Sunscreen Primer""}","{""Specialty"": ""Sunscreen Primer""}"
1122,"{""Protection level"": ""SPF 30""}","{""Protection level"": ""30""}"
1123,"{""Net content"": ""1oz/30ml""}","{""Net content"": ""1oz/30ml""}"
1124,"{""Brand"": ""Sun Bum""}","{""Brand"": ""Sun Bum""}"
1125,"{""Item form"": ""Continuous Spray Sunscreen""}","{""Item form"": ""Continuous Spray Sunscreen""}"
1126,"{""Protection level"": ""SPF 50""}","{""Protection level"": ""SPF 50""}"
1127,"{""Pack size"": ""2 Pack""}","{""Pack size"": ""2 Pack""}"
1128,"{""Brand"": ""JM Solution""}","{""Brand"": ""JM Solution""}"
1129,"{""Scent"": ""Marine Luminous Pearl""}","{""Scent"": ""Marine""}"
1130,"{""Item form"": ""Sun Spray""}","{""Item form"": ""Sun Spray""}"
1131,"{""Protection level"": ""SPF50+PA++++""}","{""Protection level"": ""PA++++""}"
1132,"{""Net content"": ""180ml""}","{""Net content"": ""180ml""}"
1133,"{""Brand"": ""Shiseido""}","{""Brand"": ""Shiseido""}"
1134,"{""Item form"": ""UV Clear Stick Protector""}","{""Item form"": ""Protector""}"
1135,"{""Protection level"": ""SPF 50""}","{""Protection level"": ""SPF 50""}"
1136,"{""Brand"": ""Brush On Block""}","{""Brand"": ""Brush On Block""}"
1137,"{""Specialty"": ""Protective""}","{""Specialty"": ""Protective Lip Oil""}"
1138,"{""Item form"": ""Lip Oil""}","{""Item form"": ""Protective Lip Oil""}"
1139,"{""Protection level"": ""SPF 32""}","{""Protection level"": ""Broad Spectrum SPF 32""}"
1140,"{""Color"": ""Nude Tint""}","{""Color"": ""Nude Tint""}"
1141,"{""Brand"": ""Alba Botanica""}","{""Brand"": ""Alba Botanica""}"
1142,"{""Scent"": ""Tropical Fruit""}","{""Scent"": ""Tropical Fruit""}"
1143,"{""Item form"": ""Lotion""}","{""Item form"": ""Lotion""}"
1144,"{""Protection level"": ""SPF 45""}","{""Protection level"": ""SPF 45""}"
1145,"{""Net content"": ""4 Oz""}","{""Net content"": ""4 Oz""}"
1146,"{""Brand"": ""Hawaiian Tropic""}","{""Brand"": ""Hawaiian Tropic""}"
1147,"{""Specialty"": ""Silk Hydration""}","{""Specialty"": ""Weightless""}"
1148,"{""Item form"": ""Weightless Clear Spray""}","{""Item form"": ""Clear Spray""}"
1149,"{""Protection level"": ""SPF 15""}","{""Protection level"": ""Broad-Spectrum Protection, SPF 15""}"
1150,"{""Net content"": ""6 Ounces""}","{""Net content"": ""6 Ounces""}"
1151,"{""Brand"": ""Heliocare""}","{""Brand"": ""Heliocare""}"
1152,"{""Item form"": ""Color Gelcream""}","{""Item form"": ""Gelcream""}"
1153,"{""Color"": ""Brown""}","{""Color"": ""Brown""}"
1154,"{""Protection level"": ""SPF 50 (High Protection)""}","{""Protection level"": ""High Protection""}"
1155,"{""Brand"": ""Blue Lizard""}","{""Brand"": ""Blue Lizard""}"
1156,"{""Age"": ""Baby""}","{""Age"": ""Baby""}"
1157,"{""Color"": ""Multicolor""}","{""Color"": ""Multicolor""}"
1158,"{""Scent"": ""Unscented""}","{""Scent"": ""Unscented""}"
1159,"{""Net content"": ""3 Fl.Oz""}","{""Net content"": ""3 Fl.Oz""}"
1160,"{""Brand"": ""DABO""}","{""Brand"": ""DABO""}"
1161,"{""Color"": ""White""}","{""Color"": ""White""}"
1162,"{""Item form"": ""Sunblock Cream""}","{""Item form"": ""Sunblock Cream""}"
1163,"{""Protection level"": ""SPF50 PA+++""}","{""Protection level"": ""SPF50 PA+++""}"
1164,"{""Net content"": ""70ml""}","{""Net content"": ""70ml""}"
1165,"{""Brand"": ""Banana Boat""}","{""Brand"": ""Banana Boat""}"
1166,"{""Specialty"": ""Sport""}","{""Specialty"": ""Travel Packets""}"
1167,"{""Protection level"": ""SPF 30 Protection""}","{""Protection level"": ""SPF 30 Protection""}"
1168,"{""Item form"": ""Travel Packets""}","{""Item form"": ""Travel Packets""}"
1169,"{""Pack size"": ""200 Packs""}","{""Pack size"": ""200 Packs""}"
1170,"{""Brand"": ""Colorescience""}","{""Brand"": ""Colorescience""}"
1171,"{""Item form"": ""Brush-On Sunscreen Mineral Powder""}","{""Item form"": ""Mineral Powder""}"
1172,"{""Skin type"": ""Sensitive Skin""}","{""Skin type"": ""Sensitive Skin""}"
1173,"{""Color"": ""Tan""}","{""Color"": ""Tan""}"
1174,"{""Net content"": ""0.21 Oz""}","{""Net content"": ""0.21 Oz""}"
1175,"{""Brand"": ""Coppertone""}","{""Brand"": ""Coppertone""}"
1176,"{""Age"": ""KIDS""}","{""Age"": ""KIDS""}"
1177,"{""Item form"": ""Continuous Spray""}","{""Item form"": ""Continuous Spray""}"
1178,"{""Protection level"": ""SPF 50""}","{""Protection level"": ""SPF 50""}"
1179,"{""Net content"": ""5.5 Ounce""}","{""Net content"": ""5.5 Ounce""}"
1180,"{""Brand"": ""CICATRICURE""}","{""Brand"": ""CICATRICURE""}"
1181,"{""Specialty"": ""Aqua Defense""}","{""Specialty"": ""Aqua Defense""}"
1182,"{""Item form"": ""Day Cream""}","{""Item form"": ""Day Cream""}"
1183,"{""Protection level"": ""SPF 15""}","{""Protection level"": ""SPF 15""}"
1184,"{""Net content"": ""1.7 fluid ounce""}","{""Net content"": ""1.7 fluid ounce""}"
1185,"{""Brand"": ""Trader Joe's""}","{""Brand"": ""Trader Joe's""}"
1186,"{""Specialty"": ""Nourish""}","{""Specialty"": ""Broad Spectrum""}"
1187,"{""Item form"": ""Spray Sunscreen""}","{""Item form"": ""Spray""}"
1188,"{""Protection level"": ""SPF 50+ Broad Spectrum""}","{""Protection level"": ""Broad Spectrum""}"
1189,"{""Brand"": ""Hawaiian Tropic""}","{""Brand"": ""Hawaiian Tropic""}"
1190,"{""Item form"": ""Sheer Touch Lotion""}","{""Item form"": ""Lotion""}"
1191,"{""Specialty"": ""Moisturizing""}","{""Specialty"": ""Broad-Spectrum Protection""}"
1192,"{""Protection level"": ""SPF 15""}","{""Protection level"": ""Broad-Spectrum Protection""}"
1193,"{""Net content"": ""8 Ounces""}","{""Net content"": ""8 Ounces""}"
1194,"{""Brand"": ""Brush On Block""}","{""Brand"": ""Brush On Block""}"
1195,"{""Specialty"": ""Reef Friendly""}","{""Specialty"": ""Safe for Sensitive Skin""}"
1196,"{""Item form"": ""Refillable""}","{""Item form"": ""Powder""}"
1197,"{""Protection level"": ""UVA UVB Face Protection""}","{""Protection level"": ""Broad-Spectrum SPF 30""}"
1198,"{""Skin type"": ""Safe for Sensitive Skin""}","{""Skin type"": ""Sensitive Skin""}"
1199,"{""Color"": ""Touch of Tan""}","{""Color"": ""Touch of Tan""}"
1200,"{""Brand"": ""Burnout""}","{""Brand"": ""Burnout""}"
1201,"{""Specialty"": ""Ocean Tested""}","{""Specialty"": ""Ocean Tested""}"
1202,"{""Item form"": ""Physical""}","{""Item form"": ""3.4 OZ""}"
1203,"{""Protection level"": ""Spf30+""}","{""Protection level"": ""30+""}"
1204,"{""Net content"": ""3.4 OZ""}","{""Net content"": ""3.4 OZ""}"
1205,"{""Brand"": ""Raw Love""}","{""Brand"": ""Raw Love""}"
1206,"{""Specialty"": ""Mineral""}","{""Specialty"": ""Mineral""}"
1207,"{""Protection level"": ""SPF 35""}","{""Protection level"": ""Mineral SPF 35""}"
1208,"{""Net content"": ""2 Ounce""}","{""Net content"": ""2 Ounce""}"
1209,"{""Brand"": ""Glo Skin Beauty""}","{""Brand"": ""Glo Skin Beauty""}"
1210,"{""Protection level"": ""Solar Shade SPF 50""}","{""Protection level"": ""Solar Shade SPF 50""}"
1211,"{""Specialty"": ""Mineral""}","{""Specialty"": ""Natural Mineral""}"
1212,"{""Skin type"": ""Face""}","{""Skin type"": ""Sensitive Skin""}"
1213,"{""Brand"": ""Banana Boat""}","{""Brand"": ""Banana Boat""}"
1214,"{""Specialty"": ""Reef Friendly""}","{""Specialty"": ""Reef Friendly""}"
1215,"{""Item form"": ""Sunscreen Stick""}","{""Item form"": ""Stick""}"
1216,"{""Protection level"": ""Broad Spectrum SPF 50""}","{""Protection level"": ""Broad Spectrum SPF 50""}"
1217,"{""Net content"": ""1.5 Ounce""}","{""Net content"": ""1.5 Ounce""}"
1218,"{""Brand"": ""Banana Boat""}","{""Brand"": ""Banana Boat""}"
1219,"{""Specialty"": ""25% Fewer Ingredients""}","{""Specialty"": ""Mineral-Based""}"
1220,"{""Item form"": ""Stick""}","{""Item form"": ""Stick""}"
1221,"{""Age"": ""Baby""}","{""Age"": ""Baby""}"
1222,"{""Protection level"": ""SPF 50+""}","{""Protection level"": ""SPF 50+""}"
1223,"{""Net content"": ""0.5 Ounce""}","{""Net content"": ""0.5 Ounce""}"
1224,"{""Brand"": ""Maxwell House International""}","{""Brand"": ""Maxwell House International Coffee""}"
1225,"{""Flavor"": ""French Vanilla Iced Latte""}","{""Flavor"": ""French Vanilla""}"
1226,"{""Item form"": ""Singles""}","{""Item form"": ""Singles""}"
1227,"{""Net content"": ""2 Boxes""}","{""Net content"": ""3.42-Ounce""}"
1228,"{""Pack size"": ""Pack of 16""}","{""Pack size"": ""Pack of 16""}"
1229,"{""Brand"": ""Starbucks""}","{""Brand"": ""Starbucks""}"
1230,"{""Roast type"": ""Blonde Roast""}","{""Roast type"": ""Blonde Roast""}"
1231,"{""Item form"": ""Ground Coffee""}","{""Item form"": ""Ground Coffee""}"
1232,"{""Flavor"": ""100% Arabica""}","{""Flavor"": ""Veranda Blend""}"
1233,"{""Pack size"": ""6 bags""}","{""Pack size"": ""6 bags""}"
1234,"{""Net content"": ""12 oz. each""}","{""Net content"": ""12 oz.""}"
1235,"{""Brand"": ""TWO RIVERS COFFEE""}","{""Brand"": ""TWO RIVERS COFFEE""}"
1236,"{""Flavor"": ""Chocolate Coffee""}","{""Flavor"": ""Chocolate Coffee""}"
1237,"{""Item form"": ""Single Serve Cups""}","{""Item form"": ""Cups""}"
1238,"{""Net content"": ""40 Count""}","{""Net content"": ""40 Count""}"
1239,"{""Pack size"": ""Pack of 40""}","{""Pack size"": ""40 Count (Pack of 40)""}"
1240,"{""Brand"": ""Seattle's Best Coffee""}","{""Brand"": ""Seattle's Best Coffee""}"
1241,"{""Flavor"": ""Portside Blend (Previously Signature Blend No. 3)""}","{""Flavor"": ""Portside Blend""}"
1242,"{""Roast type"": ""Medium Roast""}","{""Roast type"": ""Medium Roast""}"
1243,"{""Item form"": ""Ground Coffee""}","{""Item form"": ""Ground Coffee""}"
1244,"{""Net content"": ""12 oz""}","{""Net content"": ""12 oz""}"
1245,"{""Brand"": ""Maxwell House International""}","{""Brand"": ""Maxwell House International""}"
1246,"{""Caffeine content"": ""Decaf""}","{""Caffeine content"": ""Decaf""}"
1247,"{""Flavor"": ""Suisse Mocha""}","{""Flavor"": ""Suisse Mocha""}"
1248,"{""Item form"": ""Instant Coffee""}","{""Item form"": ""Instant Coffee""}"
1249,"{""Net content"": ""4 oz Canisters""}","{""Net content"": ""4 oz""}"
1250,"{""Pack size"": ""Pack of 4""}","{""Pack size"": ""Pack of 4""}"
1251,"{""Brand"": ""Green Mountain Coffee Roasters""}","{""Brand"": ""Green Mountain Coffee Roasters""}"
1252,"{""Flavor"": ""Island Coconut""}","{""Flavor"": ""Island Coconut""}"
1253,"{""Item form"": ""Single-Serve Keurig K-Cup Pod""}","{""Item form"": ""Single-Serve Keurig K-Cup Pod""}"
1254,"{""Specialty"": ""Flavored""}","{""Specialty"": ""Light Roast Coffee""}"
1255,"{""Roast type"": ""Light Roast""}","{""Roast type"": ""Light Roast Coffee""}"
1256,"{""Net content"": ""72 Count""}","{""Net content"": ""72 Count""}"
1257,"{""Brand"": ""Dallmayr""}","{""Brand"": ""Dallmayr Coffee""}"
1258,"{""Item form"": ""Coffee Grnd""}","{""Item form"": ""Ground Coffee""}"
1259,"{""Flavor"": ""gold""}","{""Flavor"": ""Prodomo""}"
1260,"{""Net content"": ""8.8 Ounces""}","{""Net content"": ""8.8 Ounces""}"
1261,"{""Brand"": ""Green Mountain Coffee Roasters""}","{""Brand"": ""Green Mountain Coffee Roasters""}"
1262,"{""Flavor"": ""Breakfast Blend""}","{""Flavor"": ""Breakfast Blend""}"
1263,"{""Item form"": ""Single-Serve Keurig K-Cup Pods""}","{""Item form"": ""Single-Serve Keurig K-Cup Pods""}"
1264,"{""Roast type"": ""Light Roast""}","{""Roast type"": ""Light Roast Coffee""}"
1265,"{""Net content"": ""32 Count""}","{""Net content"": ""32 Count""}"
1266,"{""Brand"": ""AmazonFresh""}","{""Brand"": ""AmazonFresh""}"
1267,"{""Specialty"": ""Direct Trade""}","{""Specialty"": ""Direct Trade""}"
1268,"{""Country"": ""Rwanda""}","{""Country"": ""Rwanda""}"
1269,"{""Item form"": ""Ground Coffee""}","{""Item form"": ""Ground Coffee""}"
1270,"{""Roast type"": ""Light Roast""}","{""Roast type"": ""Light Roast""}"
1271,"{""Net content"": ""12 Ounce""}","{""Net content"": ""12 Ounce""}"
1272,"{""Brand"": ""New England Coffee""}","{""Brand"": ""New England Coffee""}"
1273,"{""Flavor"": ""New England Donut Shop Blend""}","{""Flavor"": ""Donut Shop Blend""}"
1274,"{""Roast type"": ""Light Roast""}","{""Roast type"": ""Light Roast""}"
1275,"{""Item form"": ""K-Cup Pods""}","{""Item form"": ""K-Cup Pods""}"
1276,"{""Net content"": ""32 ct. Box""}","{""Net content"": ""32 ct. Box""}"
1277,"{""Flavor"": ""Sanka""}","{""Flavor"": ""Naturally Decaffeinated""}"
1278,"{""Item form"": ""Instant Coffee""}","{""Item form"": ""Instant Coffee""}"
1279,"{""Caffeine content"": ""Naturally Decaffeinated""}","{""Caffeine content"": ""Decaffeinated""}"
1280,"{""Brand"": ""Maxwell House""}","{""Brand"": ""Maxwell House""}"
1281,"{""Net content"": ""4 Ounce Jar""}","{""Net content"": ""4 Ounce Jar""}"
1282,"{""Pack size"": ""2 Pack""}","{""Pack size"": ""2 Pack""}"
1283,"{""Brand"": ""REVV""}","{""Brand"": ""REVV""}"
1284,"{""Flavor"": ""NO SURRENDER""}","{""Flavor"": ""NO SURRENDER""}"
1285,"{""Machine type"": ""Keurig""}","{""Machine type"": ""Keurig""}"
1286,"{""Item form"": ""K-Cup Pods""}","{""Item form"": ""K-Cup Pods""}"
1287,"{""Net content"": ""96 Count""}","{""Net content"": ""96 Count""}"
1288,"{""Brand"": ""VINACAFE""}","{""Brand"": ""VINACAFE""}"
1289,"{""Item form"": ""INSTANT COFFEE MIX""}","{""Item form"": ""Instant Coffee Mix""}"
1290,"{""Flavor"": ""3 IN 1""}","{""Flavor"": ""3 IN 1""}"
1291,"{""Brand"": ""Trader Joe's""}","{""Brand"": ""Trader Joe's""}"
1292,"{""Specialty"": ""Low Acid""}","{""Specialty"": ""Low Acid""}"
1293,"{""Roast type"": ""Dark Roast""}","{""Roast type"": ""Dark Roast""}"
1294,"{""Net content"": ""13 Oz.""}","{""Net content"": ""13 Oz.""}"
1295,"{""Item form"": ""Whole Bean""}","{""Item form"": ""Whole Bean""}"
1296,"{""Brand"": ""Frozen Bean Frappe Blend""}","{""Brand"": ""Frozen Bean""}"
1297,"{""Flavor"": ""Mocha Latte""}","{""Flavor"": ""Mocha Latte""}"
1298,"{""Pack size"": ""4-pack""}","{""Pack size"": ""4-pack""}"
1299,"{""Brand"": ""Allegro Coffee""}","{""Brand"": ""Allegro Coffee""}"
1300,"{""Specialty"": ""Organic""}","{""Specialty"": ""Organic""}"
1301,"{""Flavor"": ""Espresso Sierra""}","{""Flavor"": ""Espresso""}"
1302,"{""Item form"": ""Whole Bean Coffee""}","{""Item form"": ""Whole Bean Coffee""}"
1303,"{""Net content"": ""12 oz""}","{""Net content"": ""12 oz""}"
1304,"{""Brand"": ""Cameron's Coffee""}","{""Brand"": ""Cameron's Coffee""}"
1305,"{""Roast type"": ""Roasted""}","{""Roast type"": ""Roasted""}"
1306,"{""Item form"": ""Ground Coffee Bag""}","{""Item form"": ""Ground Coffee""}"
1307,"{""Specialty"": ""Flavored""}","{""Specialty"": ""Chocolate Caramel Brownie""}"
1308,"{""Flavor"": ""Chocolate Caramel Brownie""}","{""Flavor"": ""Chocolate Caramel Brownie""}"
1309,"{""Net content"": ""12 Ounce""}","{""Net content"": ""12 Ounce""}"
1310,"{""Pack size"": ""Pack of 3""}","{""Pack size"": ""Pack of 3""}"
1311,"{""Brand"": ""Door County Coffee""}","{""Brand"": ""Door County Coffee""}"
1312,"{""Flavor"": ""Cherry Cr\u00e8me""}","{""Flavor"": ""Cherry Crème""}"
1313,"{""Specialty"": ""Flavored""}","{""Specialty"": ""Flavored""}"
1314,"{""Roast type"": ""Medium Roast""}","{""Roast type"": ""Medium Roast""}"
1315,"{""Item form"": ""Ground Coffee""}","{""Item form"": ""Ground Coffee""}"
1316,"{""Net content"": ""10 oz Bag""}","{""Net content"": ""10 oz Bag""}"
1317,"{""Brand"": ""Gloria Jean's Coffees""}","{""Brand"": ""Gloria Jean's Coffees""}"
1318,"{""Flavor"": ""Raspberry Chocolate Lava""}","{""Flavor"": ""Raspberry Chocolate Lava""}"
1319,"{""Item form"": ""Single-Serve Keurig K-Cup Pods""}","{""Item form"": ""Single-Serve Keurig K-Cup Pods""}"
1320,"{""Specialty"": ""Flavored""}","{""Specialty"": ""Flavored""}"
1321,"{""Roast type"": ""Medium Roast Coffee""}","{""Roast type"": ""Flavored Medium Roast Coffee""}"
1322,"{""Net content"": ""24 Count""}","{""Net content"": ""24 Count""}"
1323,"{""Brand"": ""Maxwell House""}","{""Brand"": ""Maxwell House""}"
1324,"{""Flavor"": ""Wake Up Roast""}","{""Flavor"": ""Wake Up Roast""}"
1325,"{""Roast type"": ""Medium Roast""}","{""Roast type"": ""Medium Roast""}"
1326,"{""Item form"": ""Ground Coffee""}","{""Item form"": ""Ground Coffee""}"
1327,"{""Net content"": ""30.65 Oz. Canister""}","{""Net content"": ""30.65 Oz.""}"
1328,"{""Brand"": ""Folgers""}","{""Brand"": ""Folgers Coffee""}"
1329,"{""Roast type"": ""Classic(Medium) Roast""}","{""Roast type"": ""Classic(Medium) Roast""}"
1330,"{""Net content"": ""51 Ounce""}","{""Net content"": ""51 Ounce""}"
1331,"{""Brand"": ""McCafe""}","{""Brand"": ""McCafe""}"
1332,"{""Roast type"": ""Premium Roast""}","{""Roast type"": ""Premium Roast""}"
1333,"{""Item form"": ""Ground Coffee""}","{""Item form"": ""Ground Coffee""}"
1334,"{""Net content"": ""12 oz Bag""}","{""Net content"": ""12 oz Bag""}"
1335,"{""Brand"": ""Cafe Du Monde""}","{""Brand"": ""Cafe Du Monde""}"
1336,"{""Flavor"": ""Coffee Chicory""}","{""Flavor"": ""Coffee Chicory""}"
1337,"{""Net content"": ""15-Ounce""}","{""Net content"": ""15-Ounce""}"
1338,"{""Pack size"": ""Pack of 3""}","{""Pack size"": ""Pack of 3""}"
1339,"{""Brand"": ""Green Mountain Coffee""}","{""Brand"": ""Green Mountain Coffee""}"
1340,"{""Flavor"": ""Cinnamon Sugar Cookie""}","{""Flavor"": ""Cinnamon Sugar Cookie""}"
1341,"{""Item form"": ""K-Cups""}","{""Item form"": ""K-Cups""}"
1342,"{""Machine type"": ""Keurig Brewers""}","{""Machine type"": ""Keurig Brewers""}"
1343,"{""Net content"": ""18 Count""}","{""Net content"": ""18 Count""}"
1344,"{""Brand"": ""New England Coffee""}","{""Brand"": ""New England Coffee""}"
1345,"{""Flavor"": ""Hazelnut Cr\u00e8me""}","{""Flavor"": ""Hazelnut Crème""}"
1346,"{""Roast type"": ""Medium Roast""}","{""Roast type"": ""Medium Roast""}"
1347,"{""Item form"": ""K-Cup Pods""}","{""Item form"": ""K-Cup Pods""}"
1348,"{""Net content"": ""12 ct. Box""}","{""Net content"": ""12 ct.""}"
1349,"{""Pack size"": ""Pack of 6""}","{""Pack size"": ""12 ct. Box""}"
1350,"{""Brand"": ""SF Bay Coffee""}","{""Brand"": ""SF Bay Coffee""}"
1351,"{""Specialty"": ""Organic""}","{""Specialty"": ""Organic""}"
1352,"{""Flavor"": ""Rainforest Blend""}","{""Flavor"": ""Rainforest Blend""}"
1353,"{""Item form"": ""Whole Bean""}","{""Item form"": ""Whole Bean""}"
1354,"{""Net content"": ""2LB (32 Ounce)""}","{""Net content"": ""32 Ounce""}"
1355,"{""Roast type"": ""Medium Roast""}","{""Roast type"": ""Medium Roast""}"
1356,"{""Brand"": ""Philz Coffee""}","{""Brand"": ""Philz Coffee""}"
1357,"{""Flavor"": ""Silken Splendor""}","{""Flavor"": ""Silken Splendor""}"
1358,"{""Net content"": ""12 Ounce""}","{""Net content"": ""12 Ounce""}"
1359,"{""Brand"": ""Jim Beam""}","{""Brand"": ""Jim Beam""}"
1360,"{""Flavor"": ""Bourbon Vanilla""}","{""Flavor"": ""Bourbon Vanilla""}"
1361,"{""Item form"": ""Single Serve Coffee""}","{""Item form"": ""Single Serve Coffee""}"
1362,"{""Net content"": ""18 cups""}","{""Net content"": ""18 cups""}"
1363,"{""Machine type"": ""Keurig 2.0 Compatible""}","{""Machine type"": ""Single Serve Coffee""}"
1364,"{""Brand"": ""Eight O'Clock Coffee""}","{""Brand"": ""Eight O'Clock Coffee""}"
1365,"{""Flavor"": ""100% Arabica""}","{""Flavor"": ""The Original""}"
1366,"{""Roast type"": ""Medium Roast""}","{""Roast type"": ""Medium Roast""}"
1367,"{""Item form"": ""Whole Bean Coffee""}","{""Item form"": ""Whole Bean Coffee""}"
1368,"{""Net content"": ""36 Ounce""}","{""Net content"": ""36 Ounce""}"
1369,"{""Pack size"": ""Pack of 1""}","{""Pack size"": ""Pack of 1""}"
1370,"{""Specialty"": ""Kosher Certified""}","{""Specialty"": ""Kosher Certified""}"
1371,"{""Brand"": ""Allegro Coffee""}","{""Brand"": ""Allegro Coffee""}"
1372,"{""Specialty"": ""Organic""}","{""Specialty"": ""Organic""}"
1373,"{""Flavor"": ""Espresso Sierra""}","{""Flavor"": ""Espresso""}"
1374,"{""Item form"": ""Ground Coffee""}","{""Item form"": ""Ground Coffee""}"
1375,"{""Net content"": ""12 oz""}","{""Net content"": ""12 oz""}"
1376,"{""Brand"": ""Green Mountain Coffee Roasters""}","{""Brand"": ""Green Mountain Coffee Roasters""}"
1377,"{""Flavor"": ""Sumatra Reserve""}","{""Flavor"": ""Sumatra Reserve""}"
1378,"{""Item form"": ""Ground Coffee""}","{""Item form"": ""Bagged""}"
1379,"{""Roast type"": ""Dark Roast""}","{""Roast type"": ""Dark Roast""}"
1380,"{""Net content"": ""Bagged 10 oz""}","{""Net content"": ""10 oz""}"
1381,"{""Brand"": ""Cafe Du Monde""}","{""Brand"": ""Cafe Du Monde""}"
1382,"{""Flavor"": ""Coffee and Chicory""}","{""Flavor"": ""Coffee and Chicory""}"
1383,"{""Item form"": ""Single-Serve Cup Pods""}","{""Item form"": ""Cup Pods""}"
1384,"{""Net content"": ""12 Count""}","{""Net content"": ""12 Count""}"
1385,"{""Brand"": ""Starbucks""}","{""Brand"": ""Starbucks""}"
1386,"{""Roast type"": ""French Roast""}","{""Roast type"": ""Dark Roast""}"
1387,"{""Item form"": ""Ground Coffee""}","{""Item form"": ""Ground Coffee""}"
1388,"{""Flavor"": ""100% Arabica""}","{""Flavor"": ""French Roast""}"
1389,"{""Pack size"": ""6 bags""}","{""Pack size"": ""6 bags""}"
1390,"{""Net content"": ""12 oz. each""}","{""Net content"": ""12 oz.""}"
1391,"{""Brand"": ""Folgers""}","{""Brand"": ""Folgers""}"
1392,"{""Flavor"": ""Hazelnut Cream Flavored Coffee""}","{""Flavor"": ""Hazelnut Cream""}"
1393,"{""Net content"": ""12""}","{""Net content"": ""12""}"
1394,"{""Item form"": ""Keurig K-Cup Pods""}","{""Item form"": ""Keurig K-Cup Pods""}"
1395,"{""Specialty"": ""Farm-fresh: 100% Kona Coffee""}","{""Specialty"": ""Farm-fresh""}"
1396,"{""Roast type"": ""Medium Roast""}","{""Roast type"": ""Medium Roast""}"
1397,"{""Item form"": ""Whole Beans""}","{""Item form"": ""Whole Beans""}"
1398,"{""Net content"": ""1 Lb""}","{""Net content"": ""1 Lb""}"
1399,"{""Pack size"": ""2 Box""}","{""Pack size"": ""2 Box""}"
1400,"{""Brand"": ""Organo Gold""}","{""Brand"": ""Organo Gold""}"
1401,"{""Flavor"": ""Cafe Mocha""}","{""Flavor"": ""Cafe Mocha""}"
1402,"{""Specialty"": ""Gourmet""}","{""Specialty"": ""Certified Organic""}"
1403,"{""Brand"": ""Entenmann's""}","{""Brand"": ""Entenmann's""}"
1404,"{""Flavor"": ""Chocolate Donut Flavor""}","{""Flavor"": ""Chocolate Donut""}"
1405,"{""Item form"": ""K-Cup""}","{""Item form"": ""K-Cup Coffee""}"
1406,"{""Net content"": ""2/10 ct boxes""}","{""Net content"": ""10 ct boxes""}"
1407,"{""Brand"": ""Cameron's Coffee""}","{""Brand"": ""Cameron's Coffee""}"
1408,"{""Item form"": ""Single Serve Pods""}","{""Item form"": ""Pods""}"
1409,"{""Specialty"": ""Flavored""}","{""Specialty"": ""Highlander Grog""}"
1410,"{""Flavor"": ""Highlander Grog""}","{""Flavor"": ""Highlander Grog""}"
1411,"{""Net content"": ""12 Count""}","{""Net content"": ""12 Count""}"
1412,"{""Pack size"": ""Pack of 1""}","{""Pack size"": ""12 Count""}"
1413,"{""Brand"": ""The Original Donut Shop""}","{""Brand"": ""The Original Donut Shop""}"
1414,"{""Caffeine content"": ""Decaf""}","{""Caffeine content"": ""Decaf""}"
1415,"{""Item form"": ""Single-Serve Keurig K-Cup Pods""}","{""Item form"": ""K-Cup Pods""}"
1416,"{""Roast type"": ""Medium Roast Coffee""}","{""Roast type"": ""Medium Roast Coffee""}"
1417,"{""Net content"": ""72 Count""}","{""Net content"": ""72 Count""}"
1418,"{""Brand"": ""Gevalia""}","{""Brand"": ""Gevalia""}"
1419,"{""Flavor"": ""Traditional Roast""}","{""Flavor"": ""Traditional Roast""}"
1420,"{""Roast type"": ""Mild Light Roast""}","{""Roast type"": ""Mild Light Roast""}"
1421,"{""Item form"": ""Ground Coffee""}","{""Item form"": ""Ground Coffee""}"
1422,"{""Net content"": ""12 oz Bag""}","{""Net content"": ""12 oz Bag""}"
1423,"{""Pack size"": ""Pack of 3""}","{""Pack size"": ""Pack of 3""}"
1424,"{""Brand"": ""Jim\u2019s Organic Coffee""}","{""Brand"": ""Jim's""}"
1425,"{""Flavor"": ""Double Chocolate""}","{""Flavor"": ""Double Chocolate""}"
1426,"{""Specialty"": ""All Natural Flavored Blend""}","{""Specialty"": ""All Natural""}"
1427,"{""Roast type"": ""Light Roast""}","{""Roast type"": ""Light Roast""}"
1428,"{""Item form"": ""Ground Coffee""}","{""Item form"": ""Ground Coffee""}"
1429,"{""Net content"": ""12 oz Bag""}","{""Net content"": ""12 oz Bag""}"
1430,"{""Brand"": ""Starbucks""}","{""Brand"": ""Starbucks""}"
1431,"{""Specialty"": ""Flavored""}","{""Specialty"": ""Cinnamon Dolce""}"
1432,"{""Item form"": ""K-Cup Coffee Pods""}","{""Item form"": ""Coffee Pods""}"
1433,"{""Flavor"": ""Cinnamon Dolce""}","{""Flavor"": ""Cinnamon Dolce""}"
1434,"{""Machine type"": ""Keurig Brewers""}","{""Machine type"": ""Keurig Brewers""}"
1435,"{""Net content"": ""60 pods total""}","{""Net content"": ""60 pods total""}"
1436,"{""Brand"": ""Market & Main""}","{""Brand"": ""Market & Main""}"
1437,"{""Flavor"": ""Jamaican Me Crazy Flavored Coffee""}","{""Flavor"": ""Jamaican Me Crazy""}"
1438,"{""Net content"": ""12 Ounces""}","{""Net content"": ""12 Ounces""}"
1439,"{""Brand"": ""Fresh Roasted Coffee LLC""}","{""Brand"": ""Fresh Roasted Coffee LLC""}"
1440,"{""Country"": ""Colombian""}","{""Country"": ""Colombian""}"
1441,"{""Flavor"": ""Supremo""}","{""Flavor"": ""Colombian Supremo Coffee""}"
1442,"{""Roast type"": ""Medium Roast""}","{""Roast type"": ""Medium Roast""}"
1443,"{""Item form"": ""Whole Bean""}","{""Item form"": ""Whole Bean""}"
1444,"{""Net content"": ""2 Pound Bag""}","{""Net content"": ""2 Pound Bag""}"
1445,"{""Brand"": ""International Delight""}","{""Brand"": ""International Delight""}"
1446,"{""Item form"": ""Iced Coffee""}","{""Item form"": ""Half Gallon""}"
1447,"{""Flavor"": ""Mocha""}","{""Flavor"": ""Mocha""}"
1448,"{""Net content"": ""64oz""}","{""Net content"": ""64oz""}"
1449,"{""Brand"": ""Gevalia""}","{""Brand"": ""Gevalia""}"
1450,"{""Flavor"": ""Caramel Macchiato Espresso""}","{""Flavor"": ""Caramel Macchiato""}"
1451,"{""Item form"": ""K-Cup Coffee Pods and Froth Packets""}","{""Item form"": ""Coffee Pods""}"
1452,"{""Net content"": ""6 Pods and Froth Packets""}","{""Net content"": ""6 Pods and Froth Packets""}"
1453,"{""Brand"": ""Don Francisco's""}","{""Brand"": ""Don Francisco's""}"
1454,"{""Caffeine content"": ""Decaf""}","{""Caffeine content"": ""Decaf""}"
1455,"{""Flavor"": ""Vanilla Nut""}","{""Flavor"": ""Vanilla Nut""}"
1456,"{""Specialty"": ""Flavored""}","{""Specialty"": ""Decaf""}"
1457,"{""Item form"": ""Ground Coffee""}","{""Item form"": ""Ground Coffee""}"
1458,"{""Pack size"": ""3 bags""}","{""Pack size"": ""3 bags""}"
1459,"{""Net content"": ""12 oz. each""}","{""Net content"": ""12 oz.""}"
1460,"{""Brand"": ""Bru""}","{""Brand"": ""Bru""}"
1461,"{""Item form"": ""Instant Coffee""}","{""Item form"": ""Ounce""}"
1462,"{""Flavor"": ""Roasted Chicory""}","{""Flavor"": ""Roasted Chicory""}"
1463,"{""Net content"": ""7 Ounce""}","{""Net content"": ""7 Ounce""}"
1464,"{""Brand"": ""Dunkin'""}","{""Brand"": ""Dunkin'""}"
1465,"{""Flavor"": ""100% Colombian""}","{""Flavor"": ""100% Colombian""}"
1466,"{""Roast type"": ""Medium Roast""}","{""Roast type"": ""Medium Roast""}"
1467,"{""Net content"": ""10""}","{""Net content"": ""10""}"
1468,"{""Item form"": ""Keurig K-Cup Pods""}","{""Item form"": ""K-Cup Pods""}"
1469,"{""Brand"": ""Tim Horton's""}","{""Brand"": ""Tim Horton's""}"
1470,"{""Flavor"": ""100% Arabica""}","{""Flavor"": ""Dark Roast""}"
1471,"{""Roast type"": ""Dark Roast""}","{""Roast type"": ""Dark Roast""}"
1472,"{""Item form"": ""Ground Coffee""}","{""Item form"": ""Ground Coffee""}"
1473,"{""Net content"": ""875g/30.86 Ounce""}","{""Net content"": ""875g/30.86 Ounce""}"
1474,"{""Brand"": ""Tom's of Maine""}","{""Brand"": ""Tom's of Maine""}"
1475,"{""Specialty"": ""Natural""}","{""Specialty"": ""Natural""}"
1476,"{""Age"": ""Toddler""}","{""Age"": ""Toddler""}"
1477,"{""Pack size"": ""1 Count (Pack of 6)""}","{""Pack size"": ""Pack of 6""}"
1478,"{""Brand"": ""Philips Sonicare""}","{""Brand"": ""Philips Sonicare""}"
1479,"{""Specialty"": ""Gum Health""}","{""Specialty"": ""Gum Health""}"
1480,"{""Power source"": ""Rechargeable""}","{""Power source"": ""rechargeable""}"
1481,"{""Operation mode"": ""electric""}","{""Operation mode"": ""electric""}"
1482,"{""Color"": ""Black""}","{""Color"": ""Black""}"
1483,"{""Pack size"": ""1 Count""}","{""Pack size"": ""1 Count""}"
1484,"{""Brand"": ""Philips Sonicare 2 Series""}","{""Brand"": ""Philips Sonicare""}"
1485,"{""Power source"": ""Rechargeable""}","{""Power source"": ""Rechargeable""}"
1486,"{""Color"": ""Guacamole""}","{""Color"": ""Guacamole""}"
1487,"{""Brand"": ""GUM""}","{""Brand"": ""GUM""}"
1488,"{""Specialty"": ""Technique Sensitive Care""}","{""Specialty"": ""Technique Sensitive Care""}"
1489,"{""Size"": ""Full""}","{""Size"": ""Full""}"
1490,"{""Firmness"": ""Ultra Soft""}","{""Firmness"": ""Ultra Soft""}"
1491,"{""Pack size"": ""3 Toothbrushes""}","{""Pack size"": ""3 Toothbrushes""}"
1492,"{""Color"": ""Assorted color""}","{""Color"": ""Assorted color""}"
1493,"{""Brand"": ""Philips Sonicare""}","{""Brand"": ""Philips Sonicare""}"
1494,"{""Specialty"": ""ProtectiveClean 4100""}","{""Specialty"": ""ProtectiveClean""}"
1495,"{""Power source"": ""Rechargeable""}","{""Power source"": ""rechargeable""}"
1496,"{""Operation mode"": ""Electric""}","{""Operation mode"": ""ProtectiveClean 4100""}"
1497,"{""Color"": ""White""}","{""Color"": ""White""}"
1498,"{""Brand"": ""Nano""}","{""Brand"": ""Nano""}"
1499,"{""Firmness"": ""Soft""}","{""Firmness"": ""Soft""}"
1500,"{""Pack size"": ""20 Count""}","{""Pack size"": ""20 Count""}"
1501,"{""Size"": ""Compact Head""}","{""Size"": ""Compact Head""}"
1502,"{""Brand"": ""Colgate""}","{""Brand"": ""Colgate""}"
1503,"{""Specialty"": ""My First Toothbrush""}","{""Specialty"": ""Extra Soft""}"
1504,"{""Age"": ""Ages 0-2""}","{""Age"": ""Ages 0-2""}"
1505,"{""Firmness"": ""Extra Soft 7""}","{""Firmness"": ""Extra Soft""}"
1506,"{""Pack size"": ""Pack of 4""}","{""Pack size"": ""Pack of 4""}"
1507,"{""Color"": ""Color Light Blue""}","{""Color"": ""Light Blue""}"
1508,"{""Brand"": ""Brusheez\u00ae""}","{""Brand"": ""Brusheez""}"
1509,"{""Age"": ""Ages 3+""}","{""Age"": ""Ages 3+""}"
1510,"{""Operation mode"": ""Electric""}","{""Operation mode"": ""Battery Operated""}"
1511,"{""Specialty"": ""Easy On/Off""}","{""Specialty"": ""Battery Operated""}"
1512,"{""Power source"": ""Battery Operated""}","{""Power source"": ""Battery Operated""}"
1513,"{""Firmness"": ""Soft Bristles""}","{""Firmness"": ""Soft Bristles""}"
1514,"{""Pack size"": ""2 Brush Heads""}","{""Pack size"": ""2 Brush Heads""}"
1515,"{""Color"": ""Buddy The Bear""}","{""Color"": ""Buddy The Bear""}"
1516,"{""Brand"": ""Disney's""}","{""Brand"": ""Oral-B""}"
1517,"{""Age"": ""Children and Toddlers 3+""}","{""Age"": ""Children and Toddlers 3+""}"
1518,"{""Color"": ""Frozen""}","{""Color"": ""Frozen""}"
1519,"{""Firmness"": ""Soft Bristles""}","{""Firmness"": ""Soft Bristles""}"
1520,"{""Pack size"": ""1 Count""}","{""Pack size"": ""1 Count""}"
1521,"{""Brand"": ""Philips Sonicare Series 2""}","{""Brand"": ""Philips Sonicare""}"
1522,"{""Power source"": ""Rechargeable""}","{""Power source"": ""rechargeable""}"
1523,"{""Color"": ""Steel Blue""}","{""Color"": ""Steel Blue""}"
1524,"{""Brand"": ""Oral-B Indicator Color Collection""}","{""Brand"": ""Oral-B""}"
1525,"{""Operation mode"": ""Manual""}","{""Operation mode"": ""Manual""}"
1526,"{""Firmness"": ""Soft""}","{""Firmness"": ""Soft""}"
1527,"{""Pack size"": ""4 Count""}","{""Pack size"": ""4 Count""}"
1528,"{""Brand"": ""Arm & Hammer Clinical Care""}","{""Brand"": ""Arm & Hammer Clinical Care""}"
1529,"{""Specialty"": ""Travel Dental Kit""}","{""Specialty"": ""Clinical Care""}"
1530,"{""Animal"": ""Toothbrush and Toothpaste Set for All Dogs""}","{""Animal"": ""Dogs""}"
1531,"{""Brand"": ""The Brushies""}","{""Brand"": ""The Brushies""}"
1532,"{""Age"": ""Baby & Toddler""}","{""Age"": ""Baby & Toddler""}"
1533,"{""Color"": ""Willa The Whale""}","{""Color"": ""Willa The Whale""}"
1534,"{""Brand"": ""Colgate""}","{""Brand"": ""Colgate""}"
1535,"{""Specialty"": ""Optic White""}","{""Specialty"": ""Battery Powered""}"
1536,"{""Power source"": ""Battery Powered""}","{""Power source"": ""Battery Powered""}"
1537,"{""Firmness"": ""Soft""}","{""Firmness"": ""Soft""}"
1538,"{""Brand"": ""Trueocity""}","{""Brand"": ""Trueocity""}"
1539,"{""Age"": ""0-2 Years""}","{""Age"": ""0-2 Years""}"
1540,"{""Pack size"": ""4 Pack""}","{""Pack size"": ""4 Pack""}"
1541,"{""Material"": ""Silicone""}","{""Material"": ""Soft Bristles""}"
1542,"{""Specialty"": ""Training""}","{""Specialty"": ""Soft Bristles""}"
1543,"{""Firmness"": ""Soft Bristles""}","{""Firmness"": ""Soft Bristles""}"
1544,"{""Color"": ""Multi Color Set""}","{""Color"": ""Multi Color Set""}"
1545,"{""Brand"": ""Doctor Plotka's Mouthwatchers""}","{""Brand"": ""Doctor Plotka's""}"
1546,"{""Specialty"": ""Antimicrobial Floss Bristle""}","{""Specialty"": ""Antimicrobial""}"
1547,"{""Material"": ""Silver""}","{""Material"": ""Bristle Silver""}"
1548,"{""Age"": ""Adult""}","{""Age"": ""Adult""}"
1549,"{""Pack size"": ""2 Pack""}","{""Pack size"": ""2 Pack""}"
1550,"{""Brand"": ""Oral-B""}","{""Brand"": ""Oral-B""}"
1551,"{""Age"": ""Kids 6+""}","{""Age"": ""Kids 6+""}"
1552,"{""Operation mode"": ""Electric""}","{""Operation mode"": ""Electric""}"
1553,"{""Color"": ""Star Wars""}","{""Color"": ""Star Wars""}"
1554,"{""Age"": ""Junior""}","{""Age"": ""Junior""}"
1555,"{""Pack size"": ""6-Pack""}","{""Pack size"": ""6-Pack""}"
1556,"{""Brand"": ""Colgate""}","{""Brand"": ""Colgate""}"
1557,"{""Color"": ""Bunny""}","{""Color"": ""Bunny""}"
1558,"{""Specialty"": ""Cavity and Gum Protection""}","{""Specialty"": ""Sensitive""}"
1559,"{""Firmness"": ""Extra Soft Bristle""}","{""Firmness"": ""Extra Soft Bristle""}"
1560,"{""Brand"": ""Philips Sonicare""}","{""Brand"": ""Philips Sonicare""}"
1561,"{""Specialty"": ""Bluetooth""}","{""Specialty"": ""ExpertClean""}"
1562,"{""Power source"": ""Rechargeable""}","{""Power source"": ""Rechargeable""}"
1563,"{""Operation mode"": ""Electric""}","{""Operation mode"": ""Bluetooth""}"
1564,"{""Color"": ""Pink""}","{""Color"": ""Pink""}"
1565,"{""Brand"": ""Philips Sonicare""}","{""Brand"": ""Philips Sonicare""}"
1566,"{""Specialty"": ""Healthy White""}","{""Specialty"": ""Healthy White""}"
1567,"{""Operation mode"": ""Electric""}","{""Operation mode"": ""Electric""}"
1568,"{""Color"": ""Lavender""}","{""Color"": ""Lavender""}"
1569,"{""Pack size"": ""1 Count""}","{""Pack size"": ""1 Count""}"
1570,"{""Brand"": ""Oral-B""}","{""Brand"": ""Oral-B""}"
1571,"{""Power source"": ""Rechargeable Battery""}","{""Power source"": ""rechargeable""}"
1572,"{""Operation mode"": ""Electric""}","{""Operation mode"": ""Battery""}"
1573,"{""Specialty"": ""Bluetooth Connectivity""}","{""Specialty"": ""Bluetooth Connectivity""}"
1574,"{""Color"": ""Sakura Pink""}","{""Color"": ""Sakura Pink""}"
1575,"{""Brand"": ""Philips Sonicare""}","{""Brand"": ""Philips Sonicare""}"
1576,"{""Specialty"": ""DiamondClean Smart 9700""}","{""Specialty"": ""DiamondClean""}"
1577,"{""Power source"": ""Rechargeable""}","{""Power source"": ""Rechargeable""}"
1578,"{""Operation mode"": ""Electric""}","{""Operation mode"": ""Sonic""}"
1579,"{""Color"": ""Rose Gold""}","{""Color"": ""Rose Gold""}"
1580,"{""Brand"": ""Colgate 360\u00b0""}","{""Brand"": ""Colgate""}"
1581,"{""Firmness"": ""Medium""}","{""Firmness"": ""Medium""}"
1582,"{""Pack size"": ""2 Count""}","{""Pack size"": ""2 Count""}"
1583,"{""Brand"": ""Oral-B Vitality""}","{""Brand"": ""Oral-B""}"
1584,"{""Specialty"": ""Dual Clean""}","{""Specialty"": ""Vitality""}"
1585,"{""Operation mode"": ""Electric""}","{""Operation mode"": ""Dual Clean""}"
1586,"{""Color"": ""White""}","{""Color"": ""White""}"
1587,"{""Pack size"": ""1 Count""}","{""Pack size"": ""1 Count""}"
1588,"{""Brand"": ""YTS""}","{""Brand"": ""YTS""}"
1589,"{""Age"": ""Baby""}","{""Age"": ""Baby""}"
1590,"{""Power source"": ""Electric""}","{""Power source"": ""Battery""}"
1591,"{""Pack size"": ""2 PCS""}","{""Pack size"": ""2 PCS""}"
1592,"{""Color"": ""ORANGE""}","{""Color"": ""ORANGE""}"
1593,"{""Age"": ""Kids & Baby""}","{""Age"": ""Kids & Baby""}"
1594,"{""Pack size"": ""12""}","{""Pack size"": ""12""}"
1595,"{""Material"": ""Wooden""}","{""Material"": ""Bamboo""}"
1596,"{""Specialty"": ""Eco Friendly""}","{""Specialty"": ""BPA Free""}"
1597,"{""Firmness"": ""Soft Bristles""}","{""Firmness"": ""Soft Bristles""}"
1598,"{""Brand"": ""Dr. Brown's""}","{""Brand"": ""Dr. Brown's""}"
1599,"{""Age"": ""Infant-to-Toddler""}","{""Age"": ""Infant-to-Toddler""}"
1600,"{""Color"": ""Blue""}","{""Color"": ""Blue""}"
1601,"{""Brand"": ""EcoFrenzy""}","{""Brand"": ""EcoFrenzy""}"
1602,"{""Age"": ""Child Size""}","{""Age"": ""Child Size""}"
1603,"{""Material"": ""Bamboo""}","{""Material"": ""BPA Free""}"
1604,"{""Firmness"": ""Soft""}","{""Firmness"": ""Soft BPA Free Color Safe Bristles""}"
1605,"{""Specialty"": ""BPA Free""}","{""Specialty"": ""BPA Free""}"
1606,"{""Color"": ""Color Safe""}","{""Color"": ""Color Safe""}"
1607,"{""Pack size"": ""4 Pack""}","{""Pack size"": ""4 Pack""}"
1608,"{""Brand"": ""Alliebe""}","{""Brand"": ""Alliebe""}"
1609,"{""Pack size"": ""8 Pieces""}","{""Pack size"": ""8 Pieces""}"
1610,"{""Firmness"": ""Extra Soft Bristles""}","{""Firmness"": ""Extra Soft Bristles""}"
1611,"{""Operation mode"": ""Manual""}","{""Operation mode"": ""Manual""}"
1612,"{""Specialty"": ""Fragile Gums""}","{""Specialty"": ""Extra Soft Bristles""}"
1613,"{""Age"": ""Children""}","{""Age"": ""Adult Kid Children""}"
1614,"{""Brand"": ""Oral-B""}","{""Brand"": ""Oral-B""}"
1615,"{""Specialty"": ""Pulsar""}","{""Specialty"": ""3D White""}"
1616,"{""Power source"": ""Battery Powered""}","{""Power source"": ""Battery Powered""}"
1617,"{""Firmness"": ""Medium Bristle""}","{""Firmness"": ""Medium Bristle""}"
1618,"{""Brand"": ""Baby Banana""}","{""Brand"": ""Baby Banana""}"
1619,"{""Color"": ""Sharky""}","{""Color"": ""Sharky""}"
1620,"{""Specialty"": ""Training Teether""}","{""Specialty"": ""Training""}"
1621,"{""Age"": ""Infant, Baby, and Toddler""}","{""Age"": ""Infant, Baby, and Toddler""}"
1622,"{""Brand"": ""Oral-B""}","{""Brand"": ""Oral-B""}"
1623,"{""Specialty"": ""Genius 6000""}","{""Specialty"": ""Genius 6000""}"
1624,"{""Operation mode"": ""Electric""}","{""Operation mode"": ""electric""}"
1625,"{""Color"": ""Orchid Purple""}","{""Color"": ""Orchid Purple""}"
1626,"{""Brand"": ""Quip""}","{""Brand"": ""Quip""}"
1627,"{""Age"": ""Kids""}","{""Age"": ""Kids""}"
1628,"{""Operation mode"": ""Electric""}","{""Operation mode"": ""Electric""}"
1629,"{""Color"": ""Green""}","{""Color"": ""Green""}"
1630,"{""Brand"": ""Colgate""}","{""Brand"": ""Colgate""}"
1631,"{""Specialty"": ""Premier Classic Clean""}","{""Specialty"": ""Classic Clean""}"
1632,"{""Firmness"": ""Medium""}","{""Firmness"": ""Classic Clean""}"
1633,"{""Pack size"": ""Card of 12""}","{""Pack size"": ""Card of 12""}"
1634,"{""Brand"": ""Philips Sonicare""}","{""Brand"": ""Philips Sonicare""}"
1635,"{""Age"": ""Kids""}","{""Age"": ""Kids""}"
1636,"{""Specialty"": ""Exclusive""}","{""Specialty"": ""Bluetooth Connected""}"
1637,"{""Power source"": ""Rechargeable""}","{""Power source"": ""Rechargeable""}"
1638,"{""Operation mode"": ""Electric""}","{""Operation mode"": ""Bluetooth Connected""}"
1639,"{""Brand"": ""Crayola""}","{""Brand"": ""GUM""}"
1640,"{""Age"": ""Ages 3+""}","{""Age"": ""Ages 3+""}"
1641,"{""Power source"": ""Power""}","{""Power source"": ""battery operated""}"
1642,"{""Cap"": ""Travel Cap""}","{""Cap"": ""Travel Cap""}"
1643,"{""Color"": ""Assorted Colors""}","{""Color"": ""Assorted Colors""}"
1644,"{""Brand"": ""Colgate 360""}","{""Brand"": ""Colgate""}"
1645,"{""Firmness"": ""Medium""}","{""Firmness"": ""Medium""}"
1646,"{""Pack size"": ""8 Pack""}","{""Pack size"": ""8 Pack""}"
1647,"{""Brand"": ""Colgate""}","{""Brand"": ""Colgate""}"
1648,"{""Specialty"": ""Extra Clean""}","{""Specialty"": ""Extra Clean""}"
1649,"{""Size"": ""Full Head""}","{""Size"": ""Full Head""}"
1650,"{""Firmness"": ""Soft""}","{""Firmness"": ""Soft""}"
1651,"{""Pack size"": ""6 Count""}","{""Pack size"": ""6 Count""}"
1652,"{""Brand"": ""Colgate 360""}","{""Brand"": ""Colgate""}"
1653,"{""Firmness"": ""Medium""}","{""Firmness"": ""Medium""}"
1654,"{""Pack size"": ""6 Count""}","{""Pack size"": ""6 Count""}"
1655,"{""Brand"": ""Arm & Hammer""}","{""Brand"": ""Arm & Hammer""}"
1656,"{""Specialty"": ""SpinBrush""}","{""Specialty"": ""Powered""}"
1657,"{""Age"": ""Kids""}","{""Age"": ""Kids""}"
1658,"{""Color"": ""Spiderman""}","{""Color"": ""Spiderman""}"
1659,"{""Operation mode"": ""Powered""}","{""Operation mode"": ""Powered""}"
1660,"{""Pack size"": ""1 ea""}","{""Pack size"": ""1 ea""}"
1661,"{""Brand"": ""Oral B Stage 2""}","{""Brand"": ""Oral B""}"
1662,"{""Color"": ""Minnie Mouse/Mickey Mouse""}","{""Color"": ""Minnie Mouse/Mickey Mouse""}"
1663,"{""Pack size"": ""2 pk""}","{""Pack size"": ""2 pk""}"
1664,"{""Firmness"": ""softer feeling""}","{""Firmness"": ""Ultra soft""}"
1665,"{""Pack size"": ""3 pack""}","{""Pack size"": ""3 pack""}"
1666,"{""Brand"": ""Curaprox""}","{""Brand"": ""Curaprox""}"
1667,"{""Specialty"": ""better cleaning""}","{""Specialty"": ""better cleaning""}"
1668,"{""Brand"": ""GUM""}","{""Brand"": ""GUM""}"
1669,"{""Specialty"": ""MicroTip Toothbrush""}","{""Specialty"": ""Ultra Soft""}"
1670,"{""Firmness"": ""Ultra Soft""}","{""Firmness"": ""Ultra Soft""}"
1671,"{""Pack size"": ""Pack of 3""}","{""Pack size"": ""Pack of 3""}"
1672,"{""Brand"": ""Safety 1st""}","{""Brand"": ""Safety 1st""}"
1673,"{""Brand"": ""Spinbrush""}","{""Brand"": ""Spinbrush PRO CLEAN""}"
1674,"{""Specialty"": ""PRO CLEAN""}","{""Specialty"": ""Battery Powered""}"
1675,"{""Power source"": ""Battery Powered""}","{""Power source"": ""Battery Powered""}"
1676,"{""Firmness"": ""Soft Bristles""}","{""Firmness"": ""Soft Bristles""}"
1677,"{""Pack size"": ""1 Count""}","{""Pack size"": ""1 Count""}"
1678,"{""Color"": ""Gold or Blue""}","{""Color"": ""Gold or Blue Color May Vary""}"
1679,"{""Brand"": ""RADIUS TOUR""}","{""Brand"": ""RADIUS""}"
1680,"{""Specialty"": ""Travel Brush""}","{""Specialty"": ""Travel""}"
1681,"{""Color"": ""Purple""}","{""Color"": ""Purple""}"
1682,"{""Pack size"": ""100 Pack""}","{""Pack size"": ""100 Pack""}"
1683,"{""Specialty"": ""Standard Classic""}","{""Specialty"": ""Individually Wrapped""}"
1684,"{""Firmness"": ""Medium Soft""}","{""Firmness"": ""Medium Soft""}"
1685,"{""Brand"": ""BriteBrush - GameBrush""}","{""Brand"": ""BriteBrush""}"
1686,"{""Specialty"": ""Smart""}","{""Specialty"": ""Interactive""}"
1687,"{""Age"": ""Kids""}","{""Age"": ""Kids""}"
1688,"{""Pack size"": ""1 Count""}","{""Pack size"": ""1 Count""}"
1689,"{""Brand"": ""Colgate Total 360""}","{""Brand"": ""Colgate Total 360""}"
1690,"{""Age"": ""Adult""}","{""Age"": ""Adult""}"
1691,"{""Firmness"": ""Soft""}","{""Firmness"": ""Soft Manual""}"
1692,"{""Operation mode"": ""Manual""}","{""Operation mode"": ""Manual""}"
1693,"{""Pack size"": ""2 Count""}","{""Pack size"": ""2 Count""}"
1694,"{""Color"": ""colors vary""}","{""Color"": ""colors vary""}"
1695,"{""Brand"": ""Oral-B""}","{""Brand"": ""Oral-B""}"
1696,"{""Specialty"": ""Pro-Flex""}","{""Specialty"": ""3D White""}"
1697,"{""Firmness"": ""Medium""}","{""Firmness"": ""38""}"
1698,"{""Operation mode"": ""Manual""}","{""Operation mode"": ""Manual""}"
1699,"{""Pack size"": ""Twin Pack""}","{""Pack size"": ""Twin Pack""}"
1700,"{""Brand"": ""Con.Struct""}","{""Brand"": ""Con.Struct""}"
1701,"{""Net content"": ""6-Pack""}","{""Net content"": ""6-Pack""}"
1702,"{""Reusability"": ""Washable""}","{""Reusability"": ""Washable""}"
1703,"{""Gender"": ""Unisex""}","{""Gender"": ""Unisex""}"
1704,"{""Material"": ""Cotton""}","{""Material"": ""Cotton Cloth""}"
1705,"{""Mask type"": ""Cloth""}","{""Mask type"": ""Washable""}"
1706,"{""Color"": ""Grey Multi Solid""}","{""Color"": ""Grey Multi Solid""}"
1707,"{""Brand"": ""Parquet""}","{""Brand"": ""Parquet""}"
1708,"{""Net content"": ""12 Pack""}","{""Net content"": ""12 Pack""}"
1709,"{""Reusability"": ""Washable""}","{""Reusability"": ""Washable""}"
1710,"{""Mask type"": ""Fabric""}","{""Mask type"": ""Fabric""}"
1711,"{""Material"": ""Stretchy & Soft""}","{""Material"": ""Washable Fabric""}"
1712,"{""Brand"": ""Blissy""}","{""Brand"": ""Blissy""}"
1713,"{""Material"": ""100% Mulberry Silk""}","{""Material"": ""Mulberry Silk""}"
1714,"{""Closure type"": ""Adjustable""}","{""Closure type"": ""Adjustable & Washable""}"
1715,"{""Reusability"": ""Washable""}","{""Reusability"": ""Washable""}"
1716,"{""Color"": ""Black""}","{""Color"": ""Black""}"
1717,"{""Brand"": ""Hanes""}","{""Brand"": ""Hanes""}"
1718,"{""Gender"": ""unisex""}","{""Gender"": ""Unisex""}"
1719,"{""Age range"": ""adult""}","{""Age range"": ""One Size Fits Most US""}"
1720,"{""Net content"": ""Pack of 10""}","{""Net content"": ""One Size Fits Most US""}"
1721,"{""Color"": ""Black""}","{""Color"": ""Black""}"
1722,"{""Size"": ""One Size Fits Most""}","{""Size"": ""One Size Fits Most US""}"
1723,"{""Country"": ""US""}","{""Country"": ""US""}"
1724,"{""Brand"": ""Breathe Healthy""}","{""Brand"": ""Breathe Healthy""}"
1725,"{""Size"": ""Adult Size""}","{""Size"": ""Adult Size""}"
1726,"{""Mask type"": ""Cloth""}","{""Mask type"": ""Cloth""}"
1727,"{""Color"": ""Silver""}","{""Color"": ""Silver""}"
1728,"{""Brand"": ""WeCare""}","{""Brand"": ""WeCare""}"
1729,"{""Reusability"": ""Disposable""}","{""Reusability"": ""Individually Wrapped""}"
1730,"{""Age range"": ""Kids""}","{""Age range"": ""For Kids""}"
1731,"{""Net content"": ""50""}","{""Net content"": ""50""}"
1732,"{""Color"": ""Navy""}","{""Color"": ""Navy""}"
1733,"{""Package type"": ""Individually Wrapped""}","{""Package type"": ""Individually Wrapped""}"
1734,"{""Mask type"": ""Face Protection""}","{""Mask type"": ""Fashion""}"
1735,"{""Material"": ""Cotton""}","{""Material"": ""Cute Heart Pattern""}"
1736,"{""Gender"": ""Unisex""}","{""Gender"": ""Unisex""}"
1737,"{""Reusability"": ""Reusable""}","{""Reusability"": ""Washable Reusable""}"
1738,"{""Color"": ""Cute Heart Pattern""}","{""Color"": ""Cute Heart Pattern""}"
1739,"{""Brand"": ""Swiss Eagle""}","{""Brand"": ""Swiss Eagle""}"
1740,"{""Color"": ""Black Grey Brown Royal Blue""}","{""Color"": ""Black Grey Brown Royal Blue""}"
1741,"{""Material"": ""Cotton""}","{""Material"": ""Cotton""}"
1742,"{""Mask type"": ""Outdoor""}","{""Mask type"": ""Outdoor""}"
1743,"{""Layer"": ""6 Layer""}","{""Layer"": ""6 Layer""}"
1744,"{""Reusability"": ""Reusable""}","{""Reusability"": ""Reusable Outdoor Face Mask""}"
1745,"{""Net content"": ""PACK OF 4""}","{""Net content"": ""6 Layer""}"
1746,"{""Brand"": ""kensie""}","{""Brand"": ""kensie""}"
1747,"{""Gender"": ""Women's""}","{""Gender"": ""Women's""}"
1748,"{""Net content"": ""2-Piece""}","{""Net content"": ""Standard""}"
1749,"{""Color"": ""Tye Dye Ombre""}","{""Color"": ""Tye Dye Ombre""}"
1750,"{""Size"": ""Standard""}","{""Size"": ""Standard""}"
1751,"{""Reusability"": ""Reusable""}","{""Reusability"": ""Cloth Reusable""}"
1752,"{""Closure type"": ""Adjustable Ear Loops & Nose Wire""}","{""Closure type"": ""Adjustable Ear Loops & Nose Wire""}"
1753,"{""Layer"": ""Filter Pocket""}","{""Layer"": ""3 Layers,100% Cotton Inner Layer""}"
1754,"{""Material"": ""100% Cotton""}","{""Material"": ""100% Cotton Inner Layer""}"
1755,"{""Mask type"": ""Cloth""}","{""Mask type"": ""Washable""}"
1756,"{""Color"": ""Blue Butterfly Floral""}","{""Color"": ""Blue Butterfly Floral""}"
1757,"{""Brand"": ""Comix""}","{""Brand"": ""Comix""}"
1758,"{""Layer"": ""3-Layer""}","{""Layer"": ""3-Layer""}"
1759,"{""Color"": ""Pink""}","{""Color"": ""Pink""}"
1760,"{""Reusability"": ""Disposable""}","{""Reusability"": ""Disposable Masks""}"
1761,"{""Mask type"": ""School Use""}","{""Mask type"": ""Disposable Masks""}"
1762,"{""Net content"": ""Pack of 50""}","{""Net content"": ""50""}"
1763,"{""Brand"": ""ZTANPS""}","{""Brand"": ""ZTANPS""}"
1764,"{""Net content"": ""Pack of 50""}","{""Net content"": ""Pack of 50""}"
1765,"{""Color"": ""Color""}","{""Color"": ""Black Disposable""}"
1766,"{""Reusability"": ""Disposable""}","{""Reusability"": ""Disposable""}"
1767,"{""Gender"": ""Men & Women""}","{""Gender"": ""Men & Women""}"
1768,"{""Brand"": ""PAGE ONE""}","{""Brand"": ""PAGE ONE""}"
1769,"{""Gender"": ""Unisex""}","{""Gender"": ""Unisex""}"
1770,"{""Material"": ""Cotton""}","{""Material"": ""Cotton Cloth""}"
1771,"{""Mask type"": ""Anti-Fog Dust-Proof Mouth Cover""}","{""Mask type"": ""Anti-Fog Dust-Proof Mouth Cover""}"
1772,"{""Reusability"": ""Washable""}","{""Reusability"": ""Washable""}"
1773,"{""Color"": ""Black""}","{""Color"": ""Black Mask""}"
1774,"{""Net content"": ""6PC""}","{""Net content"": ""6PC""}"
1775,"{""Brand"": ""BASE CAMP""}","{""Brand"": ""BASE CAMP""}"
1776,"{""Material"": ""Activated Carbon""}","{""Material"": ""Activated Carbon""}"
1777,"{""Mask type"": ""M Cross Mask""}","{""Mask type"": ""Activated Carbon Replacement Filters Only""}"
1778,"{""Net content"": ""12 Pack""}","{""Net content"": ""12 Pack""}"
1779,"{""Brand"": ""SPRING SEAON""}","{""Brand"": ""SPRING SEAON""}"
1780,"{""Gender"": ""Unisex""}","{""Gender"": ""Unisex""}"
1781,"{""Reusability"": ""Washable and Reusable""}","{""Reusability"": ""Reusable""}"
1782,"{""Mask type"": ""Warm Windproof""}","{""Mask type"": ""Windproof""}"
1783,"{""Material"": ""Cotton""}","{""Material"": ""Cotton""}"
1784,"{""Brand"": ""SfAVEreak""}","{""Brand"": ""SfAVEreak""}"
1785,"{""Reusability"": ""Disposable""}","{""Reusability"": ""Disposable""}"
1786,"{""Net content"": ""50Pcs""}","{""Net content"": ""50Pcs""}"
1787,"{""Color"": ""Grey""}","{""Color"": ""Grey""}"
1788,"{""Brand"": ""Sheal""}","{""Brand"": ""Sheal Kids""}"
1789,"{""Age range"": ""Kids""}","{""Age range"": ""Kids""}"
1790,"{""Reusability"": ""Disposable""}","{""Reusability"": ""Disposable""}"
1791,"{""Net content"": ""100PCS""}","{""Net content"": ""100PCS""}"
1792,"{""Color"": ""5-Cartoons""}","{""Color"": ""5-Cartoons""}"
1793,"{""Brand"": ""ABG Accessories""}","{""Brand"": ""ABG Accessories""}"
1794,"{""Gender"": ""Boys'""}","{""Gender"": ""Boys'""}"
1795,"{""Net content"": ""3-pack""}","{""Net content"": ""3-pack""}"
1796,"{""Mask type"": ""Fabric""}","{""Mask type"": ""Fashionable Protection""}"
1797,"{""Reusability"": ""Reusable""}","{""Reusability"": ""Reusable Fabric""}"
1798,"{""Age range"": ""kids""}","{""Age range"": ""Boys' 3-7""}"
1799,"{""Color"": ""Cat Design""}","{""Color"": ""Cat Design""}"
1800,"{""Reusability"": ""Reusable""}","{""Reusability"": ""Reusable""}"
1801,"{""Layer"": ""Multilayer""}","{""Layer"": ""Air Mesh""}"
1802,"{""Mask type"": ""Fabric Face Mask wih Air Mesh""}","{""Mask type"": ""Fabric""}"
1803,"{""Color"": ""Multicolor""}","{""Color"": ""Multicolor""}"
1804,"{""Net content"": ""Pack of 3""}","{""Net content"": ""Multicolor Pack of 3""}"
1805,"{""Brand"": ""Badger Smith""}","{""Brand"": ""Badger Smith""}"
1806,"{""Brand"": ""Aulin\u00e9 Collection""}","{""Brand"": ""Aulin\u00e9 Collection""}"
1807,"{""Country"": ""Made in USA""}","{""Country"": ""Made in USA""}"
1808,"{""Mask type"": ""Fashion""}","{""Mask type"": ""Fashion""}"
1809,"{""Reusability"": ""Reusable""}","{""Reusability"": ""Washable""}"
1810,"{""Net content"": ""1PK""}","{""Net content"": ""1PK""}"
1811,"{""Material"": ""Sequin""}","{""Material"": ""Fabric""}"
1812,"{""Color"": ""Navy""}","{""Color"": ""Sequin Navy""}"
1813,"{""Net content"": ""5 Pack Pieces per Box""}","{""Net content"": ""5 Pack Pieces per Box""}"
1814,"{""Brand"": ""Craft & Soul Mattana""}","{""Brand"": ""Craft & Soul""}"
1815,"{""Reusability"": ""Washable""}","{""Reusability"": ""Washable""}"
1816,"{""Mask type"": ""Fabric Cloth""}","{""Mask type"": ""Washable""}"
1817,"{""Reusability"": ""Reusable""}","{""Reusability"": ""Cloth Reusable""}"
1818,"{""Closure type"": ""Adjustable Ear Loops & Nose Wire""}","{""Closure type"": ""Adjustable Ear Loops & Nose Wire""}"
1819,"{""Layer"": ""Filter Pocket""}","{""Layer"": ""3 Layers""}"
1820,"{""Material"": ""100% Cotton""}","{""Material"": ""100% Cotton Inner Layer""}"
1821,"{""Mask type"": ""Cloth""}","{""Mask type"": ""Washable""}"
1822,"{""Color"": ""Teal Multicolor Butterfly""}","{""Color"": ""Teal Multicolor Butterfly""}"
1823,"{""Net content"": ""10PC""}","{""Net content"": ""10PC""}"
1824,"{""Age range"": ""Adult's""}","{""Age range"": ""Adult's""}"
1825,"{""Reusability"": ""Washable""}","{""Reusability"": ""Washable""}"
1826,"{""Material"": ""Ice Silk""}","{""Material"": ""Silk""}"
1827,"{""Color"": ""Multicolor""}","{""Color"": ""Multicolor""}"
1828,"{""Material"": ""Rhinestone""}","{""Material"": ""Rhinestone Mesh""}"
1829,"{""Gender"": ""Girls""}","{""Gender"": ""Women""}"
1830,"{""Color"": ""Colorful""}","{""Color"": ""Colorful Rhinestone-1pcs""}"
1831,"{""Net content"": ""1pcs""}","{""Net content"": ""1pcs""}"
1832,"{""Brand"": ""HALYARD""}","{""Brand"": ""HALYARD""}"
1833,"{""Mask type"": ""FLUIDSHIELD 3 Fog-Free Procedure Mask""}","{""Mask type"": ""Procedure Mask""}"
1834,"{""Layer"": ""w/SO Soft Lining""}","{""Layer"": ""SO Soft Lining""}"
1835,"{""Net content"": ""Box of 25""}","{""Net content"": ""Box of 25""}"
1836,"{""Brand"": ""ililily""}","{""Brand"": ""ililily""}"
1837,"{""Material"": ""Cotton""}","{""Material"": ""Filter Lining""}"
1838,"{""Layer"": ""Filter Lining Shield""}","{""Layer"": ""Filter Lining Shield""}"
1839,"{""Color"": ""Pink""}","{""Color"": ""Pink""}"
1840,"{""Reusability"": ""Washable""}","{""Reusability"": ""Washable Filter Lining Shield""}"
1841,"{""Mask type"": ""Against Particle Pollutants""}","{""Mask type"": ""Dust Protective Cloth""}"
1842,"{""Gender"": ""Unisex""}","{""Gender"": ""Unisex""}"
1843,"{""Material"": ""Cotton Fabric""}","{""Material"": ""Cotton Fabric""}"
1844,"{""Reusability"": ""Reusable""}","{""Reusability"": ""Reusable""}"
1845,"{""Color"": ""Black""}","{""Color"": ""Black""}"
1846,"{""Net content"": ""2 Pack""}","{""Net content"": ""2 Pack""}"
1847,"{""Brand"": ""ABG Accessories""}","{""Brand"": ""ABG Accessories""}"
1848,"{""Gender"": ""Girls'""}","{""Gender"": ""Girls'""}"
1849,"{""Net content"": ""3-Pack""}","{""Net content"": ""3-Pack""}"
1850,"{""Age range"": ""Kid""}","{""Age range"": ""Age 3-7""}"
1851,"{""Mask type"": ""Fabric""}","{""Mask type"": ""Fabric""}"
1852,"{""Reusability"": ""Reusable""}","{""Reusability"": ""Reusable Fabric""}"
1853,"{""Size"": ""Age 3-7""}","{""Size"": ""3-7""}"
1854,"{""Color"": ""Sunshine Design""}","{""Color"": ""Sunshine Design""}"
1855,"{""Brand"": ""Delafino""}","{""Brand"": ""Delafino""}"
1856,"{""Material"": ""Ice Silk Cotton""}","{""Material"": ""Ice Silk Cotton""}"
1857,"{""Specialty"": ""Thin/Breathable""}","{""Specialty"": ""Reusable & Washable""}"
1858,"{""Reusability"": ""Reusable & Washable""}","{""Reusability"": ""Reusable & Washable""}"
1859,"{""Color"": ""Black""}","{""Color"": ""Black""}"
1860,"{""Brand"": ""PALE MALE BOX""}","{""Brand"": ""PALE MALE BOX""}"
1861,"{""Material"": ""FABRIC""}","{""Material"": ""Water Repellent""}"
1862,"{""Mask type"": ""Water Repellent Pleated Style""}","{""Mask type"": ""Pleated Style""}"
1863,"{""Closure type"": ""Nose Wire""}","{""Closure type"": ""Nose Wire""}"
1864,"{""Color"": ""FLORAL:NAVY-BLUE-PINK""}","{""Color"": ""NAVY-BLUE-PINK""}"
1865,"{""Net content"": ""20 Masks Pieces per Pack""}","{""Net content"": ""20""}"
1866,"{""Brand"": ""Craft & Soul Mattana""}","{""Brand"": ""Craft & Soul""}"
1867,"{""Reusability"": ""Washable""}","{""Reusability"": ""Washable & Reusable""}"
1868,"{""Mask type"": ""Fabric Cloth""}","{""Mask type"": ""Washable""}"
1869,"{""Brand"": ""Under Armour""}","{""Brand"": ""Under Armour""}"
1870,"{""Age range"": ""Adult""}","{""Age range"": ""Adult""}"
1871,"{""Mask type"": ""Sports""}","{""Mask type"": ""Sports""}"
1872,"{""Color"": ""Black (002)/Silver Chrome""}","{""Color"": ""Black (002)/Silver Chrome""}"
1873,"{""Size"": ""Small/Medium""}","{""Size"": ""Small/Medium""}"
1874,"{""Brand"": ""Con.Struct""}","{""Brand"": ""Con.Struct""}"
1875,"{""Net content"": ""6-Pack""}","{""Net content"": ""6-Pack""}"
1876,"{""Reusability"": ""Washable""}","{""Reusability"": ""Washable""}"
1877,"{""Gender"": ""Unisex""}","{""Gender"": ""Unisex""}"
1878,"{""Material"": ""Cotton""}","{""Material"": ""Cotton Cloth""}"
1879,"{""Mask type"": ""Cloth""}","{""Mask type"": ""Washable""}"
1880,"{""Color"": ""Grey Floral""}","{""Color"": ""Grey Floral""}"
1881,"{""Net content"": ""20PC""}","{""Net content"": ""20PC""}"
1882,"{""Reusability"": ""Washable""}","{""Reusability"": ""Washable""}"
1883,"{""Material"": ""Cotton""}","{""Material"": ""Dust Cotton""}"
1884,"{""Mask type"": ""Protective""}","{""Mask type"": ""Fashion Protective""}"
1885,"{""Gender"": ""Unisex""}","{""Gender"": ""Unisex""}"
1886,"{""Color"": ""Black Dust""}","{""Color"": ""Black Dust Cotton""}"
1887,"{""Material"": ""Cotton""}","{""Material"": ""Windproof""}"
1888,"{""Mask type"": ""Windproof""}","{""Mask type"": ""Windproof""}"
1889,"{""Reusability"": ""Reusable""}","{""Reusability"": ""Washable""}"
1890,"{""Brand"": ""Coolha""}","{""Brand"": ""Coolha""}"
1891,"{""Material"": ""Cotton""}","{""Material"": ""Cotton Mouth Cover""}"
1892,"{""Mask type"": ""Costume mask""}","{""Mask type"": ""Party Fashion""}"
1893,"{""Color"": ""Anime Cartoon""}","{""Color"": ""001""}"
1894,"{""Gender"": ""Men""}","{""Gender"": ""Women""}"
1895,"{""Reusability"": ""Reusable""}","{""Reusability"": ""Cloth Reusable""}"
1896,"{""Closure type"": ""Adjustable Ear Loops & Nose Wire""}","{""Closure type"": ""Adjustable Ear Loops & Nose Wire""}"
1897,"{""Layer"": ""Filter Pocket""}","{""Layer"": ""3 Layers""}"
1898,"{""Material"": ""100% Cotton""}","{""Material"": ""100% Cotton Inner Layer""}"
1899,"{""Mask type"": ""Cloth""}","{""Mask type"": ""Cloth Reusable""}"
1900,"{""Country"": ""Made in USA""}","{""Country"": ""Made in USA""}"
1901,"{""Color"": ""Denim Tie Dye""}","{""Color"": ""Denim Tie Dye""}"
1902,"{""Age range"": ""Childrens""}","{""Age range"": ""Childrens""}"
1903,"{""Reusability"": ""Reusable""}","{""Reusability"": ""Washable Reusable""}"
1904,"{""Material"": ""cotton""}","{""Material"": ""cotton""}"
1905,"{""Closure type"": ""Adjustable""}","{""Closure type"": ""Adjustable""}"
1906,"{""Layer"": ""Two-layer""}","{""Layer"": ""Two-layer""}"
1907,"{""Specialty"": ""Lightweight Breathable""}","{""Specialty"": ""Breathable""}"
1908,"{""Net content"": ""10 PCS""}","{""Net content"": ""10 PCS""}"
1909,"{""Brand"": ""Blu Horn""}","{""Brand"": ""Blu Horn""}"
1910,"{""Size"": ""Large""}","{""Size"": ""Large""}"
1911,"{""Reusability"": ""Reusable""}","{""Reusability"": ""Reusable""}"
1912,"{""Net content"": ""3 Pack""}","{""Net content"": ""3 Pack""}"
1913,"{""Brand"": ""Halo Life""}","{""Brand"": ""Halo Life""}"
1914,"{""Reusability"": "" Reusable/Washable""}","{""Reusability"": ""Reusable/Washable""}"
1915,"{""Layer"": ""Replaceable Nanofiber Filter""}","{""Layer"": ""Replaceable Nanofiber Filter""}"
1916,"{""Specialty"": ""Lightweight Ultra-Breathable""}","{""Specialty"": ""Replaceable Nanofiber Filter""}"
1917,"{""Size"": ""Specific Sizes""}","{""Size"": ""Specific Sizes""}"
1918,"{""Closure type"": ""Adjustable to fit""}","{""Closure type"": ""Adjustable to fit""}"
1919,"{""Age range"": ""Women/Men/Children""}","{""Age range"": ""Women/Men/Children""}"
1920,"{""Color"": ""Black""}","{""Color"": ""Black""}"
1921,"{""Brand"": ""Medi+Sons Supply""}","{""Brand"": ""Medi+Sons Supply""}"
1922,"{""Reusability"": ""Washable""}","{""Reusability"": ""Washable 3 Layer Designer""}"
1923,"{""Layer"": ""3 Layer""}","{""Layer"": ""3 Layer Designer""}"
1924,"{""Mask type"": ""Designer""}","{""Mask type"": ""Designer""}"
1925,"{""Age range"": ""Women's""}","{""Age range"": ""Women's""}"
1926,"{""Color"": ""Designer Floral and Animal Patterns""}","{""Color"": ""Designer Floral and Animal Patterns""}"
1927,"{""Net content"": ""3 Pack""}","{""Net content"": ""3 Pack""}"
1928,"{""Brand"": ""Biwisy""}","{""Brand"": ""Biwisy""}"
1929,"{""Net content"": ""50 Pcs""}","{""Net content"": ""50 Pcs""}"
1930,"{""Reusability"": ""Disposable""}","{""Reusability"": ""Disposable""}"
1931,"{""Layer"": ""3 Ply""}","{""Layer"": ""3 Ply""}"
1932,"{""Mask type"": ""Safety""}","{""Mask type"": ""Non-Woven""}"
1933,"{""Material"": ""Non-Woven""}","{""Material"": ""Non-Woven""}"
1934,"{""Specialty"": ""Breathable""}","{""Specialty"": ""Non-Woven""}"
1935,"{""Color"": ""Purple""}","{""Color"": ""Purple Masks""}"
1936,"{""Brand"": ""Breathe Healthy""}","{""Brand"": ""Breathe Healthy""}"
1937,"{""Age range"": ""Adult""}","{""Age range"": ""Adult Size""}"
1938,"{""Reusability"": ""Washable""}","{""Reusability"": ""Washable""}"
1939,"{""Gender"": ""Men and Women""}","{""Gender"": ""Men and Women""}"
1940,"{""Closure type"": ""Adjustable""}","{""Closure type"": ""Adjustable""}"
1941,"{""Specialty"": ""Breathable""}","{""Specialty"": ""Breathable""}"
1942,"{""Country"": ""Made in USA""}","{""Country"": ""Made in USA""}"
1943,"{""Color"": ""Black""}","{""Color"": ""Black""}"
1944,"{""Color"": ""Black""}","{""Color"": ""Black""}"
1945,"{""Mask type"": ""Face Shield""}","{""Mask type"": ""Face Shield""}"
1946,"{""Reusability"": ""Washable""}","{""Reusability"": ""Washable Cotton Fabric""}"
1947,"{""Material"": ""Cotton Fabric""}","{""Material"": ""Cotton Fabric""}"
1948,"{""Net content"": ""20PCS""}","{""Net content"": ""20PCS""}"
1949,"{""Brand"": ""3M""}","{""Brand"": ""3M""}"
1950,"{""Mask type"": ""Paint Spray Resp""}","{""Mask type"": ""Paint Spray Resp.""}"
1951,"{""Size"": ""Medium""}","{""Size"": ""Medium""}"
1952,"{""Brand"": ""DXLOVER""}","{""Brand"": ""DXLOVER""}"
1953,"{""Reusability"": ""Disposable""}","{""Reusability"": ""Disposable""}"
1954,"{""Layer"": ""3 Layer""}","{""Layer"": ""3 Layer""}"
1955,"{""Mask type"": ""Mouth Cover Protection""}","{""Mask type"": ""Disposable""}"
1956,"{""Net content"": ""50 Pack/Box""}","{""Net content"": ""50 Pack/Box""}"
1957,"{""Brand"": ""Indotribe""}","{""Brand"": ""Indotribe""}"
1958,"{""Specialty"": ""Anti Fogging""}","{""Specialty"": ""Anti Fogging""}"
1959,"{""Mask type"": ""Cloth""}","{""Mask type"": ""Cloth""}"
1960,"{""Closure type"": ""Nose Wire & Adjustable Earloops""}","{""Closure type"": ""Nose Wire & Adjustable Earloops""}"
1961,"{""Brand"": ""Snoozies""}","{""Brand"": ""Snoozies""}"
1962,"{""Layer"": ""Filters""}","{""Layer"": ""3-Layer""}"
1963,"{""Reusability"": ""Washable""}","{""Reusability"": ""Washable""}"
1964,"{""Closure type"": ""Nose Bridge""}","{""Closure type"": ""Nose Bridge""}"
1965,"{""Color"": ""Paint Splatter""}","{""Color"": ""Paint Splatter""}"
1966,"{""Brand"": ""Halyard Health""}","{""Brand"": ""Halyard Health""}"
1967,"{""Mask type"": ""Lite One Surgical""}","{""Mask type"": ""Surgical Masks""}"
1968,"{""Color"": ""Blue""}","{""Color"": ""Blue""}"
1969,"{""Net content"": ""50 Per Box""}","{""Net content"": ""50 Per Box""}"
1970,"{""Brand"": ""Comix""}","{""Brand"": ""Comix""}"
1971,"{""Layer"": ""3-Layer""}","{""Layer"": ""3-Layer""}"
1972,"{""Color"": ""Blue""}","{""Color"": ""Blue Disposable Masks""}"
1973,"{""Reusability"": ""Disposable""}","{""Reusability"": ""Disposable""}"
1974,"{""Certified grade"": ""L707""}","{""Certified grade"": ""Blue""}"
1975,"{""Net content"": ""Pack of 100""}","{""Net content"": ""100""}"
1976,"{""Brand"": ""Bumble and Bumble""}","{""Brand"": ""Bumble and Bumble""}"
1977,"{""Specialty"": ""Super Rich""}","{""Specialty"": ""Super Rich""}"
1978,"{""Item form"": ""Conditioner""}","{""Item form"": ""Conditioner""}"
1979,"{""Volume"": ""8 Fl Oz""}","{""Volume"": ""8 Fl Oz""}"
1980,"{""Brand"": ""Grave Before Shave""}","{""Brand"": ""Grave Before Shave""}"
1981,"{""Hair type"": ""Beard""}","{""Hair type"": ""Beard""}"
1982,"{""Item form"": ""Care Pack""}","{""Item form"": ""Beard Care Pack""}"
1983,"{""Scent"": ""Bay Rum Blend""}","{""Scent"": ""Bay Rum Blend""}"
1984,"{""Brand"": ""Magic Beard Balm by Mountaineer Brand""}","{""Brand"": ""Mountaineer Brand""}"
1985,"{""Specialty"": ""All Natural""}","{""Specialty"": ""All Natural""}"
1986,"{""Hair type"": ""Beard""}","{""Hair type"": ""Beard""}"
1987,"{""Benefit"": ""Conditioning""}","{""Benefit"": ""Beard Conditioning""}"
1988,"{""Item form"": ""Balm""}","{""Item form"": ""Balm""}"
1989,"{""Scent"": ""Original""}","{""Scent"": ""Original""}"
1990,"{""Brand"": ""Alba Botanica""}","{""Brand"": ""Alba Botanica""}"
1991,"{""Benefit"": ""More Moisture""}","{""Benefit"": ""More Moisture""}"
1992,"{""Item form"": ""Conditioner""}","{""Item form"": ""Conditioner""}"
1993,"{""Scent"": ""Coconut Milk""}","{""Scent"": ""Coconut Milk""}"
1994,"{""Volume"": ""12 Oz""}","{""Volume"": ""12 Oz""}"
1995,"{""Brand"": ""Mielle""}","{""Brand"": ""Mielle Organics""}"
1996,"{""Specialty"": ""Sulfate and Paraben Free""}","{""Specialty"": ""Sulfate and Paraben Free""}"
1997,"{""Scent"": ""Pomegranate & Honey""}","{""Scent"": ""Pomegranate & Honey""}"
1998,"{""Item form"": ""Leave-in Condish""}","{""Item form"": ""Leave-in Condish""}"
1999,"{""Volume"": ""12 Ounces""}","{""Volume"": ""12 Ounces""}"
2000,"{""Brand"": ""Nioxin System 2""}","{""Brand"": ""Nioxin""}"
2001,"{""Benefit"": ""Scalp Therapy""}","{""Benefit"": ""Natural Hair""}"
2002,"{""Item form"": ""Conditioner""}","{""Item form"": ""Conditioner""}"
2003,"{""Hair type"": ""Natural Hair with Progressed Thinning""}","{""Hair type"": ""Natural Hair""}"
2004,"{""Volume"": ""33.8 Oz""}","{""Volume"": ""33.8 Oz""}"
2005,"{""Brand"": ""Redken""}","{""Brand"": ""Redken""}"
2006,"{""Item form"": ""Conditioner""}","{""Item form"": ""Conditioner""}"
2007,"{""Benefit"": ""Strengthen & Repair""}","{""Benefit"": ""Strengthen & Repair Damaged Hair""}"
2008,"{""Hair type"": ""Damaged Hair""}","{""Hair type"": ""Damaged Hair""}"
2009,"{""Volume"": ""33.8 Ounce""}","{""Volume"": ""33.8 Ounce""}"
2010,"{""Brand"": ""YOUTHAIR""}","{""Brand"": ""YOUTHAIR""}"
2011,"{""Item form"": ""Creme""}","{""Item form"": ""Creme""}"
2012,"{""Gender"": ""Men and Women""}","{""Gender"": ""Men and Women""}"
2013,"{""Benefit"": ""Natural Color Gradually""}","{""Benefit"": ""Natural Color""}"
2014,"{""Volume"": ""16oz/473ml""}","{""Volume"": ""16oz/473ml""}"
2015,"{""Brand"": ""Ion""}","{""Brand"": ""Ion""}"
2016,"{""Item form"": ""Conditioner""}","{""Item form"": ""Conditioner""}"
2017,"{""Brand"": ""AMERICAN CREW""}","{""Brand"": ""AMERICAN CREW""}"
2018,"{""Item form"": ""Conditioner""}","{""Item form"": ""Conditioner""}"
2019,"{""Gender"": ""Men""}","{""Gender"": ""Men""}"
2020,"{""Volume"": ""33.8 Fl Oz""}","{""Volume"": ""33.8 Fl Oz""}"
2021,"{""Brand"": ""DevaCurl One Condition""}","{""Brand"": ""DevaCurl""}"
2022,"{""Benefit"": ""Conditioner""}","{""Benefit"": ""One Condition""}"
2023,"{""Volume"": ""12oz""}","{""Volume"": ""12oz""}"
2024,"{""Hair type"": ""Curls, Coils and Waves""}","{""Hair type"": ""Curls, Coils and Waves""}"
2025,"{""Brand"": ""Carol's Daughter""}","{""Brand"": ""Carol's Daughter""}"
2026,"{""Item form"": ""Conditioner""}","{""Item form"": ""Cleansing Conditioner""}"
2027,"{""Specialty"": ""Sulfate Free""}","{""Specialty"": ""Sulfate Free""}"
2028,"{""Benefit"": ""Cleansing""}","{""Benefit"": ""Cleansing""}"
2029,"{""Brand"": ""Design Essentials""}","{""Brand"": ""Design Essentials""}"
2030,"{""Scent"": ""Agave & Lavender""}","{""Scent"": ""Agave & Lavender""}"
2031,"{""Benefit"": ""Detangling""}","{""Benefit"": ""Moisturizing & Detangling""}"
2032,"{""Item form"": ""Conditioner""}","{""Item form"": ""Conditioner""}"
2033,"{""Specialty"": ""Blow-Dry & Silk Press Collection""}","{""Specialty"": ""Blow-Dry & Silk Press Collection""}"
2034,"{""Volume"": ""12oz""}","{""Volume"": ""12oz""}"
2035,"{""Brand"": ""The mane choice""}","{""Brand"": ""The Mane Choice""}"
2036,"{""Scent"": ""tropical moringa sweet oil & honey""}","{""Scent"": ""tropical""}"
2037,"{""Item form"": ""rinse out or leave in conditioner""}","{""Item form"": ""Conditioner""}"
2038,"{""Volume"": ""8 Fl Oz""}","{""Volume"": ""8 Fl Oz""}"
2039,"{""Brand"": ""Tea Tree""}","{""Brand"": ""Tea Tree""}"
2040,"{""Scent"": ""Special""}","{""Scent"": ""Tea Tree""}"
2041,"{""Item form"": ""Conditioner""}","{""Item form"": ""Conditioner""}"
2042,"{""Volume"": ""33.8 fl. oz""}","{""Volume"": ""33.8 fl. oz.""}"
2043,"{""Brand"": ""GRAVE BEFORE SHAVE""}","{""Brand"": ""GRAVE BEFORE SHAVE""}"
2044,"{""Hair type"": ""BEARD""}","{""Hair type"": ""Beard""}"
2045,"{""Item form"": ""Conditioner""}","{""Item form"": ""Conditioner""}"
2046,"{""Brand"": ""Beard Guyz""}","{""Brand"": ""Beard Guyz""}"
2047,"{""Hair type"": ""Beard""}","{""Hair type"": ""Beard""}"
2048,"{""Item form"": ""Wash""}","{""Item form"": ""Wash""}"
2049,"{""Benefit"": ""Invigorate""}","{""Benefit"": ""Invigorate Your Beard""}"
2050,"{""Volume"": ""8 oz""}","{""Volume"": ""8 oz""}"
2051,"{""Brand"": ""Alba Botanica""}","{""Brand"": ""Alba Botanica""}"
2052,"{""Benefit"": ""So Smooth""}","{""Benefit"": ""So Smooth""}"
2053,"{""Item form"": ""Conditioner""}","{""Item form"": ""Conditioner""}"
2054,"{""Scent"": ""Gardenia""}","{""Scent"": ""Gardenia""}"
2055,"{""Volume"": ""32 Oz""}","{""Volume"": ""32 Oz""}"
2056,"{""Brand"": ""Suiphar Tricovit""}","{""Brand"": ""Suiphar""}"
2057,"{""Benefit"": ""Forte Capillary""}","{""Benefit"": ""Forte""}"
2058,"{""Item form"": ""Lotion""}","{""Item form"": ""Capillary Lotion""}"
2059,"{""Pack size"": ""5 packs""}","{""Pack size"": ""5 packs""}"
2060,"{""Brand"": ""Oliology""}","{""Brand"": ""Oliology""}"
2061,"{""Scent"": ""Coconut Oil""}","{""Scent"": ""Botanically Infused""}"
2062,"{""Item form"": ""Conditioner""}","{""Item form"": ""Conditioner""}"
2063,"{""Specialty"": ""Paraben Free""}","{""Specialty"": ""Botanically Infused""}"
2064,"{""Benefit"": ""Restores Vibrancy""}","{""Benefit"": ""Restores Vibrancy""}"
2065,"{""Brand"": ""Not Your Mother's""}","{""Brand"": ""Not Your Mother's Naturals""}"
2066,"{""Specialty"": ""Naturals""}","{""Specialty"": ""Basic""}"
2067,"{""Scent"": ""Mango""}","{""Scent"": ""Mango""}"
2068,"{""Benefit"": ""Curl Defining""}","{""Benefit"": ""Curl Defining""}"
2069,"{""Item form"": ""Conditioner""}","{""Item form"": ""Conditioner""}"
2070,"{""Volume"": ""16 Fl Oz""}","{""Volume"": ""16 Fl Oz""}"
2071,"{""Hair type"": ""Thicker Hair Care""}","{""Hair type"": ""Fuller Hair""}"
2072,"{""Brand"": ""Thicker Fuller Hair""}","{""Brand"": ""Thicker Hair Care""}"
2073,"{""Benefit"": ""Repairing""}","{""Benefit"": ""Fuller Hair Repairing""}"
2074,"{""Item form"": ""Conditioner""}","{""Item form"": ""Conditioner""}"
2075,"{""Volume"": ""12 Oz""}","{""Volume"": ""12 Oz""}"
2076,"{""Brand"": ""Obagi Medical Professional-C""}","{""Brand"": ""Obagi Medical""}"
2077,"{""Specialty"": ""Peptide Complex""}","{""Specialty"": ""Professional""}"
2078,"{""Volume"": ""1 fl. oz""}","{""Volume"": ""1 fl. oz.""}"
2079,"{""Pack size"": ""Pack of 1""}","{""Pack size"": ""Pack of 1""}"
2080,"{""Brand"": ""L'Oreal Paris EverCurl""}","{""Brand"": ""L'Oreal Paris""}"
2081,"{""Benefit"": ""Hydracharge""}","{""Benefit"": ""Hydracharge""}"
2082,"{""Item form"": ""Leave-In Cream""}","{""Item form"": ""Leave-In Cream""}"
2083,"{""Volume"": ""6.0 Fluid Ounce""}","{""Volume"": ""6.0 Fluid Ounce""}"
2084,"{""Brand"": ""Total Miracle 3 Minute Miracle""}","{""Brand"": ""Aussie""}"
2085,"{""Specialty"": ""Paraben-Free""}","{""Specialty"": ""Total Miracle""}"
2086,"{""Item form"": ""Conditioner""}","{""Item form"": ""Conditioner""}"
2087,"{""Scent"": ""Apricot""}","{""Scent"": ""Apricot""}"
2088,"{""Hair type"": ""Damaged Hair""}","{""Hair type"": ""Damaged Hair""}"
2089,"{""Volume"": ""8.0 fl oz""}","{""Volume"": ""8.0 fl oz""}"
2090,"{""Brand"": ""Bumble and Bumble""}","{""Brand"": ""Bumble and Bumble""}"
2091,"{""Benefit"": ""While You Sleep Damage Repair""}","{""Benefit"": ""Damage Repair""}"
2092,"{""Item form"": ""Masque""}","{""Item form"": ""Masque""}"
2093,"{""Volume"": ""6.4 Fl Oz""}","{""Volume"": ""6.4 Fl Oz""}"
2094,"{""Brand"": ""Blue Magic""}","{""Brand"": ""Blue Magic""}"
2095,"{""Scent"": ""Coconut Oil""}","{""Scent"": ""Coconut Oil""}"
2096,"{""Item form"": ""Hair Conditioner""}","{""Item form"": ""Conditioner""}"
2097,"{""Volume"": ""12 oz""}","{""Volume"": ""12 oz""}"
2098,"{""Pack size"": ""Pack of 2""}","{""Pack size"": ""Pack of 2""}"
2099,"{""Brand"": ""Fairy Tales""}","{""Brand"": ""Fairy Tales""}"
2100,"{""Scent"": ""Rosemary Repel""}","{""Scent"": ""Rosemary Repel""}"
2101,"{""Specialty"": ""Lice Shampoo""}","{""Specialty"": ""Lice Prevention""}"
2102,"{""Age"": ""Kids""}","{""Age"": ""Daily Kids""}"
2103,"{""Item form"": ""Shampoo""}","{""Item form"": ""Shampoo""}"
2104,"{""Benefit"": ""Lice Prevention""}","{""Benefit"": ""Lice Repel""}"
2105,"{""Volume"": ""12 Fl. Oz""}","{""Volume"": ""12 Fl. Oz""}"
2106,"{""Pack size"": ""Pack of 1""}","{""Pack size"": ""Pack of 1""}"
2107,"{""Brand"": ""Original Sprout""}","{""Brand"": ""Original Sprout""}"
2108,"{""Benefit"": ""Classic Hair Moisturizer""}","{""Benefit"": ""Miracle Detangler""}"
2109,"{""Item form"": ""Leave-In Conditioner Spray""}","{""Item form"": ""Leave-In Conditioner Spray""}"
2110,"{""Volume"": ""4 Ounces""}","{""Volume"": ""4 Ounces""}"
2111,"{""Pack size"": ""2 Pack""}","{""Pack size"": ""2 Pack.""}"
2112,"{""Brand"": ""Aveda""}","{""Brand"": ""Aveda""}"
2113,"{""Scent"": ""Rosemary Mint""}","{""Scent"": ""Rosemary Mint""}"
2114,"{""Specialty"": ""Weightless""}","{""Specialty"": ""Weightless""}"
2115,"{""Item form"": ""Creme""}","{""Item form"": ""Conditioner""}"
2116,"{""Volume"": ""8.5 oz""}","{""Volume"": ""8.5 oz""}"
2117,"{""Brand"": ""Nature's Baby""}","{""Brand"": ""Nature's Baby Organics""}"
2118,"{""Specialty"": ""Organics""}","{""Specialty"": ""Organics""}"
2119,"{""Benefit"": ""Detangler""}","{""Benefit"": ""Detangler""}"
2120,"{""Scent"": ""Coconut Pineapple""}","{""Scent"": ""Coconut Pineapple""}"
2121,"{""Item form"": ""Conditioner""}","{""Item form"": ""Conditioner""}"
2122,"{""Volume"": ""16 Fl Oz""}","{""Volume"": ""16 Fl Oz""}"
2123,"{""Brand"": ""KMS THERMASHAPE""}","{""Brand"": ""KMS""}"
2124,"{""Benefit"": ""Quick Blow Dry""}","{""Benefit"": ""Quick Blow Dry""}"
2125,"{""Item form"": ""Spray""}","{""Item form"": ""Spray""}"
2126,"{""Volume"": ""6.7 oz""}","{""Volume"": ""6.7 oz""}"
2127,"{""Brand"": ""Aveda""}","{""Brand"": ""Aveda""}"
2128,"{""Benefit"": ""Damage Remedy""}","{""Benefit"": ""Damage Remedy""}"
2129,"{""Item form"": ""Conditioner""}","{""Item form"": ""Conditioner""}"
2130,"{""Volume"": ""6.7 Ounce""}","{""Volume"": ""6.7 Ounce""}"
2131,"{""Brand"": ""It's A 10""}","{""Brand"": ""It's A 10""}"
2132,"{""Hair type"": ""Blow Dry""}","{""Hair type"": ""Glossing""}"
2133,"{""Benefit"": ""Miracle Glossing""}","{""Benefit"": ""Glossing Glaze""}"
2134,"{""Item form"": ""Glaze Conditioner""}","{""Item form"": ""Conditioner""}"
2135,"{""Volume"": ""10 Ounce""}","{""Volume"": ""10 Ounce""}"
2136,"{""Brand"": ""KMS MOISTREPAIR""}","{""Brand"": ""KMS""}"
2137,"{""Item form"": ""Conditioner""}","{""Item form"": ""Conditioner""}"
2138,"{""Volume"": ""25.3 oz""}","{""Volume"": ""25.3 oz""}"
2139,"{""Brand"": ""John Frieda""}","{""Brand"": ""John Frieda""}"
2140,"{""Hair type"": ""Brunette""}","{""Hair type"": ""Brunette""}"
2141,"{""Benefit"": ""Deepening""}","{""Benefit"": ""Deepening""}"
2142,"{""Item form"": ""Conditioner""}","{""Item form"": ""Conditioner""}"
2143,"{""Volume"": ""8.3 Ounces""}","{""Volume"": ""8.3 Ounces""}"
2144,"{""Brand"": ""AG Hair""}","{""Brand"": ""AG Hair Colour Care""}"
2145,"{""Benefit"": ""Conditioner""}","{""Benefit"": ""Toning""}"
2146,"{""Volume"": ""6 Fl Oz""}","{""Volume"": ""6 Fl Oz""}"
2147,"{""Brand"": ""Rock Your Hair""}","{""Brand"": ""Rock Your Hair""}"
2148,"{""Item form"": ""Leave In Conditioner""}","{""Item form"": ""Leave In Conditioner""}"
2149,"{""Benefit"": ""Weightless Detangler""}","{""Benefit"": ""Detangler""}"
2150,"{""Volume"": ""7.5 Oz""}","{""Volume"": ""7.5 Oz.""}"
2151,"{""Brand"": ""Suave Professionals""}","{""Brand"": ""Suave Professionals""}"
2152,"{""Item form"": ""Conditioner""}","{""Item form"": ""Conditioner""}"
2153,"{""Scent"": ""Black Raspberry + White Tea""}","{""Scent"": ""Black Raspberry + White Tea""}"
2154,"{""Volume"": ""12.6 Fl Oz""}","{""Volume"": ""12.6 Fl Oz""}"
2155,"{""Pack size"": ""Pack of 6""}","{""Pack size"": ""Pack of 6""}"
2156,"{""Brand"": ""RENPURE solutions""}","{""Brand"": ""RENPURE solutions""}"
2157,"{""Benefit"": ""cleansing""}","{""Benefit"": ""Basic""}"
2158,"{""Item form"": ""conditioner""}","{""Item form"": ""conditioner""}"
2159,"{""Hair type"": ""Basic""}","{""Hair type"": ""Basic""}"
2160,"{""Scent"": ""Rosemary Mint""}","{""Scent"": ""Rosemary Mint""}"
2161,"{""Volume"": ""16 Fl Oz""}","{""Volume"": ""16 Fl Oz""}"
2162,"{""Brand"": ""ETUDE HOUSE Silk Scarf""}","{""Brand"": ""ETUDE HOUSE""}"
2163,"{""Item form"": ""Oil Complex""}","{""Item form"": ""Hair Serum""}"
2164,"{""Volume"": ""120ml""}","{""Volume"": ""120ml""}"
2165,"{""Scent"": ""Fruity Floral Water Scent""}","{""Scent"": ""Fruity Floral Water""}"
2166,"{""Benefit"": ""Provides Volume, Moisturizing and Care""}","{""Benefit"": ""Volume""}"
2167,"{""Hair type"": ""Damaged Hair""}","{""Hair type"": ""Damaged Hair""}"
2168,"{""Brand"": ""Paul Mitchell""}","{""Brand"": ""Paul Mitchell""}"
2169,"{""Benefit"": ""Color Protect""}","{""Benefit"": ""Color Protect""}"
2170,"{""Item form"": ""Conditioner""}","{""Item form"": ""Conditioner""}"
2171,"{""Brand"": ""Okay""}","{""Brand"": ""Okay""}"
2172,"{""Scent"": ""Coconut""}","{""Scent"": ""Coconut""}"
2173,"{""Benefit"": ""Helps Replenish Moisture And Elasticity For Healthy Strong Hair""}","{""Benefit"": ""Deep Moisturizing""}"
2174,"{""Item form"": ""Leave In Conditioner""}","{""Item form"": ""Leave In Conditioner""}"
2175,"{""Specialty"": ""Sulfate,Silicone,Paraben Free""}","{""Specialty"": ""Sulfate,Silicone,Paraben Free""}"
2176,"{""Hair type"": ""For All Hair Types and Textures""}","{""Hair type"": ""All Hair Types and Textures""}"
2177,"{""Volume"": ""8oz""}","{""Volume"": ""8oz""}"
2178,"{""Brand"": ""Not Your Mother's Beach Babe""}","{""Brand"": ""Not Your Mother's""}"
2179,"{""Item form"": ""Butter Masque""}","{""Item form"": ""Masque""}"
2180,"{""Volume"": ""10 Oz""}","{""Volume"": ""10 Oz""}"
2181,"{""Brand"": ""Grave Before Shave Gentlemen's Blend""}","{""Brand"": ""Grave Before Shave""}"
2182,"{""Hair type"": ""Beard""}","{""Hair type"": ""Beard""}"
2183,"{""Item form"": ""Butter""}","{""Item form"": ""Butter""}"
2184,"{""Brand"": ""NOW Supplements""}","{""Brand"": ""NOW Supplements""}"
2185,"{""Supplement type"": ""Vitamin A (Fish Liver Oil)""}","{""Supplement type"": ""Fish Liver Oil""}"
2186,"{""Dosage"": ""25,000 IU""}","{""Dosage"": ""25,000 IU""}"
2187,"{""Health benefit"": ""Essential Nutrition""}","{""Health benefit"": ""Essential Nutrition""}"
2188,"{""Net content"": ""250""}","{""Net content"": ""250""}"
2189,"{""Item form"": ""Softgels""}","{""Item form"": ""Softgels""}"
2190,"{""Net content"": ""50""}","{""Net content"": ""400mg""}"
2191,"{""Brand"": ""Evion""}","{""Brand"": ""Evion""}"
2192,"{""Item form"": ""Capsules""}","{""Item form"": ""Capsules""}"
2193,"{""Supplement type"": ""Vitamin E""}","{""Supplement type"": ""Vitamin E""}"
2194,"{""Health benefit"": ""For Glowing Face,Strong Hair,Acne,Nails, Glowing Skin""}","{""Health benefit"": ""Glowing Face,Strong Hair,Acne,Nails, Glowing Skin""}"
2195,"{""Pack size"": ""400mg""}","{""Pack size"": ""400mg""}"
2196,"{""Brand"": ""Amazon Elements""}","{""Brand"": ""Amazon Elements""}"
2197,"{""Supplement type"": ""Vitamin K2""}","{""Supplement type"": ""Vitamin K2""}"
2198,"{""Dosage"": ""100 mcg""}","{""Dosage"": ""100 mcg""}"
2199,"{""Diet"": ""Vegan""}","{""Diet"": ""Vegan""}"
2200,"{""Net content"": ""65""}","{""Net content"": ""65""}"
2201,"{""Item form"": ""Capsules""}","{""Item form"": ""Capsules""}"
2202,"{""Supply size"": ""2 month supply""}","{""Supply size"": ""2 month supply""}"
2203,"{""Brand"": ""Centrum MultiGummies""}","{""Brand"": ""Centrum""}"
2204,"{""Item form"": ""Gummy""}","{""Item form"": ""Gummy Multivitamin""}"
2205,"{""Supplement type"": ""Vitamins D, B and E""}","{""Supplement type"": ""MultiGummies""}"
2206,"{""Age"": ""Adults""}","{""Age"": ""Adults""}"
2207,"{""Flavor"": ""Fruit""}","{""Flavor"": ""Assorted Flavor""}"
2208,"{""Net content"": ""150 Count""}","{""Net content"": ""150 Count""}"
2209,"{""Brand"": ""Thorne Research""}","{""Brand"": ""Thorne Research""}"
2210,"{""Supplement type"": ""B-Complex #12 - Vitamin B Complex with Active B12 and Folate""}","{""Supplement type"": ""Vitamin B Complex""}"
2211,"{""Net content"": ""60""}","{""Net content"": ""60 Capsules""}"
2212,"{""Item form"": ""Capsules""}","{""Item form"": ""Capsules""}"
2213,"{""Brand"": ""Nutricost""}","{""Brand"": ""Nutricost""}"
2214,"{""Supplement type"": ""Pantothenic Acid (Vitamin B5)""}","{""Supplement type"": ""Pantothenic Acid (Vitamin B5)""}"
2215,"{""Dosage"": ""500mg""}","{""Dosage"": ""500mg""}"
2216,"{""Net content"": ""240""}","{""Net content"": ""240""}"
2217,"{""Item form"": ""Capsules""}","{""Item form"": ""Capsules""}"
2218,"{""Brand"": ""365 by Whole Foods Market""}","{""Brand"": ""365 by Whole Foods Market""}"
2219,"{""Supplement type"": ""Supplements - Vitamins, C 500mg""}","{""Supplement type"": ""Vitamins""}"
2220,"{""Item form"": ""Chewable""}","{""Item form"": ""Chewable""}"
2221,"{""Net content"": ""100 Count""}","{""Net content"": ""100 Count""}"
2222,"{""Brand"": ""Terrasoul Superfoods""}","{""Brand"": ""Terrasoul Superfoods""}"
2223,"{""Specialty"": ""Organic""}","{""Specialty"": ""Rich in Antioxidant Vitamin C | Supports Immunity""}"
2224,"{""Supplement type"": ""Amalaki""}","{""Supplement type"": ""Amla Berry Powder""}"
2225,"{""Item form"": ""Powder""}","{""Item form"": ""Powder""}"
2226,"{""Net content"": ""16 Oz""}","{""Net content"": ""16 Oz""}"
2227,"{""Health benefit"": ""Supports Immunity""}","{""Health benefit"": ""Supports Immunity""}"
2228,"{""Supplement type"": ""Amalaki Gooseberry""}","{""Supplement type"": ""Amla Powder""}"
2229,"{""Item form"": ""Powder Capsules""}","{""Item form"": ""Capsules""}"
2230,"{""Dosage"": ""600 mg""}","{""Dosage"": ""600 mg""}"
2231,"{""Health benefit"": ""Immune Support""}","{""Health benefit"": ""Immune Support""}"
2232,"{""Brand"": ""Jiva Botanicals""}","{""Brand"": ""Jiva Botanicals""}"
2233,"{""Brand"": ""Country Life""}","{""Brand"": ""Country Life""}"
2234,"{""Supplement type"": ""Vitamin D3""}","{""Supplement type"": ""Vitamin D3""}"
2235,"{""Dosage"": ""5000 I.U""}","{""Dosage"": ""5000 I.U""}"
2236,"{""Net content"": ""200""}","{""Net content"": ""200""}"
2237,"{""Item form"": ""Softgel""}","{""Item form"": ""Softgel""}"
2238,"{""Supplement type"": ""Dietary Supplement""}","{""Supplement type"": ""Prenatal""}"
2239,"{""Brand"": ""Nature's Bounty""}","{""Brand"": ""Nature's Bounty""}"
2240,"{""Health benefit"": ""Supports Baby's Healthy Growth and Development""}","{""Health benefit"": ""Supports Baby's Healthy Growth and Development""}"
2241,"{""Net content"": ""60""}","{""Net content"": ""60""}"
2242,"{""Item form"": ""Softgels""}","{""Item form"": ""Softgels""}"
2243,"{""Brand"": ""Dr. Mercola""}","{""Brand"": ""Dr. Mercola""}"
2244,"{""Supplement type"": ""Liposomal Vitamin C""}","{""Supplement type"": ""Liposomal Vitamin C""}"
2245,"{""Gender"": ""Kids""}","{""Gender"": ""Kids""}"
2246,"{""Item form"": ""Capsules""}","{""Item form"": ""Capsules""}"
2247,"{""Net content"": ""30""}","{""Net content"": ""30""}"
2248,"{""Specialty"": ""Non GMO""}","{""Specialty"": ""Non GMO""}"
2249,"{""Diet"": ""Gluten Free""}","{""Diet"": ""Soy Free""}"
2250,"{""Brand"": ""Kirkland Signature""}","{""Brand"": ""Kirkland Signature""}"
2251,"{""Supplement type"": ""Vitamin C""}","{""Supplement type"": ""Vitamin C""}"
2252,"{""Dosage"": ""1000mg""}","{""Dosage"": ""1000mg""}"
2253,"{""Flavor"": ""Rose Hips""}","{""Flavor"": ""Rose Hips""}"
2254,"{""Net content"": ""500""}","{""Net content"": ""500 Tabs each""}"
2255,"{""Item form"": ""Tabs""}","{""Item form"": ""Tabs""}"
2256,"{""Pack size"": ""pack of 2""}","{""Pack size"": ""pack of 2""}"
2257,"{""Brand"": ""The Ordinary""}","{""Brand"": ""The Ordinary""}"
2258,"{""Supplement type"": ""Vitamin C""}","{""Supplement type"": ""L-Ascorbic Acid Powder""}"
2259,"{""Item form"": ""Fine 325 Mesh Topical Powder ""}","{""Item form"": ""Powder""}"
2260,"{""Brand"": ""Garden of Life""}","{""Brand"": ""Garden of Life""}"
2261,"{""Specialty"": ""Non-GMO""}","{""Specialty"": ""Non-GMO""}"
2262,"{""Supplement type"": ""Vitamin C Supplement - Living Vitamin and Antioxidant Whole Food Nutrition""}","{""Supplement type"": ""Vitamin C Supplement""}"
2263,"{""Diet"": ""Vegetarian""}","{""Diet"": ""Vegetarian""}"
2264,"{""Net content"": ""60""}","{""Net content"": ""60""}"
2265,"{""Item form"": ""Caplets""}","{""Item form"": ""Caplets""}"
2266,"{""Brand"": ""Terrasoul Superfoods""}","{""Brand"": ""Terrasoul Superfoods""}"
2267,"{""Specialty"": ""Organic""}","{""Specialty"": ""Organic""}"
2268,"{""Supplement type"": ""Amalaki""}","{""Supplement type"": ""Amla Berry Powder""}"
2269,"{""Item form"": ""Powder""}","{""Item form"": ""Powder""}"
2270,"{""Net content"": ""12 Oz""}","{""Net content"": ""12 Oz""}"
2271,"{""Health benefit"": ""Supports Immunity""}","{""Health benefit"": ""Supports Immunity""}"
2272,"{""Gender"": ""Women""}","{""Gender"": ""Women""}"
2273,"{""Supplement type"": ""Vitamin Supplements""}","{""Supplement type"": ""Multivitamin""}"
2274,"{""Brand"": ""Nature's Bounty""}","{""Brand"": ""Nature's Bounty""}"
2275,"{""Age"": ""Adult""}","{""Age"": ""Adults""}"
2276,"{""Flavor"": ""Fruit Flavored""}","{""Flavor"": ""Fruit Flavored""}"
2277,"{""Net content"": ""90""}","{""Net content"": ""90""}"
2278,"{""Item form"": ""Gummies""}","{""Item form"": ""Gummies""}"
2279,"{""Brand"": ""Nature's Bounty""}","{""Brand"": ""Nature's Bounty""}"
2280,"{""Health benefit"": ""Energy""}","{""Health benefit"": ""Energy Complex""}"
2281,"{""Supplement type"": ""Complex""}","{""Supplement type"": ""Energy Complex""}"
2282,"{""Item form"": ""Gummies""}","{""Item form"": ""Gummies""}"
2283,"{""Net content"": ""60 Count""}","{""Net content"": ""60 Count""}"
2284,"{""Brand"": ""Solaray""}","{""Brand"": ""Solaray""}"
2285,"{""Supplement type"": ""B-Complex 50""}","{""Supplement type"": ""B-Complex""}"
2286,"{""Net content"": ""250""}","{""Net content"": ""250""}"
2287,"{""Item form"": ""Capsules""}","{""Item form"": ""Capsules""}"
2288,"{""Brand"": ""Thorne Research""}","{""Brand"": ""Thorne Research""}"
2289,"{""Supplement type"": ""Vitamin C Supplement""}","{""Supplement type"": ""Ascorbic Acid""}"
2290,"{""Dosage"": ""1 Gram""}","{""Dosage"": ""1 Gram""}"
2291,"{""Health benefit"": ""Antioxidant Support and Healthy Immune Function""}","{""Health benefit"": ""Antioxidant Support and Healthy Immune Function""}"
2292,"{""Net content"": ""250""}","{""Net content"": ""250""}"
2293,"{""Item form"": ""Capsules""}","{""Item form"": ""Capsules""}"
2294,"{""Brand"": ""Amazon Elements""}","{""Brand"": ""Amazon Elements""}"
2295,"{""Supplement type"": ""Vitamin E""}","{""Supplement type"": ""Vitamin E""}"
2296,"{""Dosage"": ""400 IU""}","{""Dosage"": ""400 IU""}"
2297,"{""Net content"": ""100""}","{""Net content"": ""100""}"
2298,"{""Item form"": ""Softgels""}","{""Item form"": ""Softgels""}"
2299,"{""Supply size"": ""more than a 3 month supply""}","{""Supply size"": ""more than a 3 month supply""}"
2300,"{""Brand"": ""One A Day""}","{""Brand"": ""One A Day""}"
2301,"{""Gender"": ""Women's""}","{""Gender"": ""Women's""}"
2302,"{""Age"": ""50+""}","{""Age"": ""50+""}"
2303,"{""Supplement type"": ""Advantage Multivitamins""}","{""Supplement type"": ""Advantage Multivitamins""}"
2304,"{""Net content"": ""New Larger Size of 220 Count""}","{""Net content"": ""220 Count""}"
2305,"{""Brand"": ""Country Life""}","{""Brand"": ""Country Life""}"
2306,"{""Supplement type"": ""Vitamin C Complex Natural Antioxidants & Citrus Bioflavonoids""}","{""Supplement type"": ""Vitamin C Complex""}"
2307,"{""Dosage"": ""500mg""}","{""Dosage"": ""500mg""}"
2308,"{""Item form"": ""Wafers""}","{""Item form"": ""Wafers""}"
2309,"{""Health benefit"": ""Powerful Immune Health Support""}","{""Health benefit"": ""Powerful Immune Health Support""}"
2310,"{""Diet"": ""Vegan""}","{""Diet"": ""Gluten-Free, Vegan""}"
2311,"{""Flavor"": ""Berry Flavor""}","{""Flavor"": ""Berry Flavor""}"
2312,"{""Net content"": ""90""}","{""Net content"": ""90 Wafers""}"
2313,"{""Supplement type"": ""Folic Acid""}","{""Supplement type"": ""Folic Acid""}"
2314,"{""Net content"": ""180""}","{""Net content"": ""180Tablets""}"
2315,"{""Item form"": ""Tablets""}","{""Item form"": ""Tablets""}"
2316,"{""Brand"": ""Natural Factors""}","{""Brand"": ""Natural Factors""}"
2317,"{""Brand"": ""Nutricost""}","{""Brand"": ""Nutricost""}"
2318,"{""Supplement type"": ""Vitamin B1 (Thiamine)""}","{""Supplement type"": ""Vitamin B1 (Thiamine)""}"
2319,"{""Dosage"": ""500mg""}","{""Dosage"": ""500mg""}"
2320,"{""Net content"": ""120""}","{""Net content"": ""120""}"
2321,"{""Item form"": ""Capsules""}","{""Item form"": ""Capsules""}"
2322,"{""Brand"": ""Spring Valley""}","{""Brand"": ""Spring Valley""}"
2323,"{""Supplement type"": ""Vitamin E""}","{""Supplement type"": ""Vitamin E""}"
2324,"{""Dosage"": ""400 IU""}","{""Dosage"": ""400 IU""}"
2325,"{""Net content"": ""100 Count""}","{""Net content"": ""100 Count""}"
2326,"{""Pack size"": ""Pack of 2""}","{""Pack size"": ""Pack of 2""}"
2327,"{""Brand"": ""NovaFerrum""}","{""Brand"": ""NovaFerrum""}"
2328,"{""Diet"": ""Plant-Based""}","{""Diet"": ""Vegan""}"
2329,"{""Supplement type"": ""D-3)""}","{""Supplement type"": ""Vegan Multivitamin with Iron""}"
2330,"{""Age"": ""Infants and Toddlers""}","{""Age"": ""Infants and Toddlers""}"
2331,"{""Specialty"": ""Organic""}","{""Specialty"": ""Organic Plant-Based""}"
2332,"{""Brand"": ""Kirkland Signature""}","{""Brand"": ""Kirkland Signature""}"
2333,"{""Item form"": ""Gummies""}","{""Item form"": ""Gummies""}"
2334,"{""Supplement type"": ""Calcium with Vitamin D3""}","{""Supplement type"": ""Calcium with Vitamin D3""}"
2335,"{""Age"": ""Adult""}","{""Age"": ""Adult""}"
2336,"{""Net content"": ""120 ct""}","{""Net content"": ""120 ct""}"
2337,"{""Pack size"": ""1 Bottle""}","{""Pack size"": ""1 Bottle""}"
2338,"{""Brand"": ""Source Naturals""}","{""Brand"": ""Source Naturals""}"
2339,"{""Supplement type"": ""Vitamin B-6""}","{""Supplement type"": ""Vitamin B-6""}"
2340,"{""Dosage"": ""500 mg""}","{""Dosage"": ""500 mg""}"
2341,"{""Health benefit"": ""Immune System Support""}","{""Health benefit"": ""Immune System Support""}"
2342,"{""Net content"": ""100""}","{""Net content"": ""100 Tablets""}"
2343,"{""Item form"": ""Tablets""}","{""Item form"": ""Tablets""}"
2344,"{""Brand"": ""Jarrow Formulas""}","{""Brand"": ""Jarrow Formulas""}"
2345,"{""Supplement type"": ""Vitamin D3""}","{""Supplement type"": ""Vitamin D3""}"
2346,"{""Health benefit"": ""Supports: Calcium and Bone Metabolism""}","{""Health benefit"": ""Calcium and Bone Metabolism""}"
2347,"{""Dosage"": ""2500 IU""}","{""Dosage"": ""2500 IU""}"
2348,"{""Net content"": ""100""}","{""Net content"": ""100""}"
2349,"{""Item form"": ""Softgels""}","{""Item form"": ""Softgels""}"
2350,"{""Brand"": ""mykind Organic""}","{""Brand"": ""Garden of Life""}"
2351,"{""Supplement type"": ""Whole Food Vitamin D Supplement with Plant Omegas""}","{""Supplement type"": ""Vitamin D""}"
2352,"{""Diet"": ""Vegan""}","{""Diet"": ""Vegan""}"
2353,"{""Flavor"": ""Vanilla""}","{""Flavor"": ""Vanilla""}"
2354,"{""Net content"": ""2oz""}","{""Net content"": ""2oz Liquid""}"
2355,"{""Item form"": ""Liquid""}","{""Item form"": ""Liquid""}"
2356,"{""Brand"": ""Spring Valley""}","{""Brand"": ""Spring Valley""}"
2357,"{""Supplement type"": ""Vitamin C with Rose Hips""}","{""Supplement type"": ""Vitamin C""}"
2358,"{""Net content"": ""250""}","{""Net content"": ""250""}"
2359,"{""Item form"": ""Tablets""}","{""Item form"": ""Tablets""}"
2360,"{""Brand"": ""Seeking Health""}","{""Brand"": ""Seeking Health""}"
2361,"{""Supplement type"": ""B12 Vitamin, MTHFR""}","{""Supplement type"": ""Vitamin B12""}"
2362,"{""Net content"": ""60""}","{""Net content"": ""60""}"
2363,"{""Item form"": ""Lozenges""}","{""Item form"": ""Lozenges""}"
2364,"{""Health benefit"": ""Supports Cellular Health, Cognitive Health, and Healthy Energy Levels""}","{""Health benefit"": ""Supports Cellular Health, Cognitive Health, and Healthy Energy Levels""}"
2365,"{""Diet"": ""Vegan- and Vegetarian-Friendly""}","{""Diet"": ""Vegan- and Vegetarian-Friendly""}"
2366,"{""Brand"": ""Nature Made""}","{""Brand"": ""Nature Made""}"
2367,"{""Supplement type"": ""Vitamin D3 and Iron""}","{""Supplement type"": ""Multivitamin""}"
2368,"{""Item form"": ""Softgels""}","{""Item form"": ""Softgels""}"
2369,"{""Net content"": ""60 Count""}","{""Net content"": ""60 Count""}"
2370,"{""Brand"": ""Kirkland Signature""}","{""Brand"": ""Kirkland Signature""}"
2371,"{""Age"": ""Adult""}","{""Age"": ""Adult""}"
2372,"{""Supplement type"": ""Multi""}","{""Supplement type"": ""Multi""}"
2373,"{""Item form"": ""Gummies""}","{""Item form"": ""Gummies""}"
2374,"{""Net content"": ""320 ct""}","{""Net content"": ""320 ct""}"
2375,"{""Pack size"": ""2 pk""}","{""Pack size"": ""2 pk""}"
2376,"{""Brand"": ""Nature's Wonder""}","{""Brand"": ""Nature's Wonder""}"
2377,"{""Supplement type"": ""Timed Release B12""}","{""Supplement type"": ""B12""}"
2378,"{""Dosage"": ""1000mcg""}","{""Dosage"": ""1000mcg""}"
2379,"{""Item form"": ""Tablets""}","{""Item form"": ""Tablets""}"
2380,"{""Net content"": ""240 Count""}","{""Net content"": ""240 Count""}"
2381,"{""Brand"": ""Country Life""}","{""Brand"": ""Country Life""}"
2382,"{""Supplement type"": ""Coenzyme B Complex""}","{""Supplement type"": ""Coenzyme B Complex""}"
2383,"{""Net content"": ""240-Count""}","{""Net content"": ""240-Count""}"
2384,"{""Brand"": ""Herb Pharm""}","{""Brand"": ""Herb Pharm""}"
2385,"{""Health benefit"": ""Relaxing Sleep""}","{""Health benefit"": ""Relaxing Sleep""}"
2386,"{""Supplement type"": ""Herbal Formula with Valerian""}","{""Supplement type"": ""Herbal Formula""}"
2387,"{""Item form"": ""Liquid Extract""}","{""Item form"": ""Liquid Extract""}"
2388,"{""Net content"": ""1 Ounce""}","{""Net content"": ""1 Ounce""}"
2389,"{""Brand"": ""Spring Valley""}","{""Brand"": ""Spring Valley""}"
2390,"{""Supplement type"": ""Vitamin C""}","{""Supplement type"": ""Vitamin C""}"
2391,"{""Flavor"": ""Multiple Fruit Flavors""}","{""Flavor"": ""Multiple Fruit Flavors""}"
2392,"{""Dosage"": ""500 mg""}","{""Dosage"": ""500 mg""}"
2393,"{""Net content"": ""200""}","{""Net content"": ""200""}"
2394,"{""Item form"": ""Chewable Tablets""}","{""Item form"": ""Chewable Tablets""}"
2395,"{""Brand"": ""GAT Sport Essentials""}","{""Brand"": ""GAT Sport Essentials""}"
2396,"{""Gender"": ""Men""}","{""Gender"": ""Men""}"
2397,"{""Supplement type"": ""Multi Plus Test""}","{""Supplement type"": ""Multi Plus""}"
2398,"{""Item form"": ""Capsules""}","{""Item form"": ""Capsules""}"
2399,"{""Net content"": ""150 Count""}","{""Net content"": ""150 Count""}"
2400,"{""Brand"": ""MYOS""}","{""Brand"": ""MYOS""}"
2401,"{""Health benefit"": ""Muscle Building Supplement - Reduce Muscle Loss in Aging Dogs and Improve Recovery from Injury or Surgery""}","{""Health benefit"": ""Muscle Building""}"
2402,"{""Specialty"": ""All-Natural""}","{""Specialty"": ""All-Natural""}"
2403,"{""Net content"": ""12.7 Ounce""}","{""Net content"": ""12.7 Ounce""}"
2404,"{""Brand"": ""One A Day""}","{""Brand"": ""One A Day""}"
2405,"{""Supplement type"": ""Multi""}","{""Supplement type"": ""Multi""}"
2406,"{""Item form"": ""Gummies""}","{""Item form"": ""Gummies""}"
2407,"{""Gender"": ""Women""}","{""Gender"": ""Women""}"
2408,"{""Net content"": ""230 Count""}","{""Net content"": ""230 Count""}"
2409,"{""Brand"": ""Nature's Bounty""}","{""Brand"": ""Nature's Bounty""}"
2410,"{""Health benefit"": ""Hair Skin and Nails""}","{""Health benefit"": ""Hair Skin and Nails""}"
2411,"{""Net content"": ""230 Count""}","{""Net content"": ""230 Count""}"
2412,"{""Item form"": ""Gummies""}","{""Item form"": ""Gummies""}"
2413,"{""Pack size"": ""Pack of 1""}","{""Pack size"": ""Pack of 1""}"
2414,"{""Brand"": ""Solaray""}","{""Brand"": ""Solaray""}"
2415,"{""Supplement type"": ""Lipotropic 1000 Plus Vitamin""}","{""Supplement type"": ""Lipotropic""}"
2416,"{""Item form"": ""Capsules""}","{""Item form"": ""Capsules""}"
2417,"{""Net content"": ""100 Count""}","{""Net content"": ""100 Count""}"
2418,"{""Brand"": ""Spring Valley""}","{""Brand"": ""Spring Valley""}"
2419,"{""Supplement type"": ""Folic Acid""}","{""Supplement type"": ""Prenatal""}"
2420,"{""Net content"": ""100""}","{""Net content"": ""100""}"
2421,"{""Item form"": ""Tablets""}","{""Item form"": ""Tablets""}"
2422,"{""Brand"": ""Nature's Truth""}","{""Brand"": ""Nature's Truth""}"
2423,"{""Health benefit"": ""Superior Strength Hair/Skin/Nails""}","{""Health benefit"": ""Hair/Skin/Nails""}"
2424,"{""Supplement type"": ""Argan/Coconut Oil/Collagen""}","{""Supplement type"": ""Hair/Skin/Nails""}"
2425,"{""Net content"": ""165 Count""}","{""Net content"": ""165 Count""}"
2426,"{""Brand"": ""Puritans Pride""}","{""Brand"": ""Puritans Pride""}"
2427,"{""Supplement type"": ""Vitamin B-2""}","{""Supplement type"": ""Vitamin B-2""}"
2428,"{""Dosage"": ""100 Mg""}","{""Dosage"": ""100 Mg""}"
2429,"{""Item form"": ""Tablets""}","{""Item form"": ""Tablets""}"
2430,"{""Net content"": ""100 Count""}","{""Net content"": ""100 Count""}"
2431,"{""Brand"": ""Micro Ingredients""}","{""Brand"": ""Micro Ingredients""}"
2432,"{""Supplement type"": ""Pure Quercetin Dihydrate""}","{""Supplement type"": ""Quercetin Dihydrate""}"
2433,"{""Item form"": ""Powder""}","{""Item form"": ""Powder""}"
2434,"{""Net content"": ""3.5274 Ounce""}","{""Net content"": ""3.5274 Ounce""}"
2435,"{""Health benefit"": ""Powerful Antioxidant Supports Energy Immune System""}","{""Health benefit"": ""Supports Energy Immune System""}"
2436,"{""Specialty"": ""No GMOs""}","{""Specialty"": ""No GMOs""}"
2437,"{""Flavor"": ""Unflavored""}","{""Flavor"": ""Unflavored""}"
2438,"{""Brand"": ""EZ Melts""}","{""Brand"": ""EZ Melts""}"
2439,"{""Supplement type"": ""B-Complex with Methylcobalamin and Methylfolate""}","{""Supplement type"": ""B-Complex""}"
2440,"{""Administration type"": ""Sublingual Vitamins""}","{""Administration type"": ""Sublingual""}"
2441,"{""Diet"": ""Vegan""}","{""Diet"": ""Zero Sugar""}"
2442,"{""Specialty"": ""Zero Sugar""}","{""Specialty"": ""Zero Sugar""}"
2443,"{""Flavor"": ""Natural Strawberry Flavor""}","{""Flavor"": ""Natural Strawberry Flavor""}"
2444,"{""Net content"": ""60""}","{""Net content"": ""60""}"
2445,"{""Item form"": ""Fast Dissolve Tablets""}","{""Item form"": ""Fast Dissolve Tablets""}"
2446,"{""Brand"": ""Best Naturals""}","{""Brand"": ""Best Naturals""}"
2447,"{""Supplement type"": "" Brewers Yeast 7-1/2 Grains with vitamin B1, Vitamin B2 and Niacin""}","{""Supplement type"": ""Brewers Yeast""}"
2448,"{""Dosage"": ""500 mg""}","{""Dosage"": ""500 mg""}"
2449,"{""Net content"": ""240""}","{""Net content"": ""240 Tablets""}"
2450,"{""Item form"": ""Tablets""}","{""Item form"": ""Tablets""}"
