,output,predict
0,{'Output': 'mismatch'},{'Output': 'mismatch'}
1,{'Output': 'mismatch'},{'Output': 'mismatch'}
2,{'Output': 'mismatch'},{'Output': 'mismatch'}
3,{'Output': 'mismatch'},{'Output': 'mismatch'}
4,{'Output': 'mismatch'},{'Output': 'mismatch'}
5,{'Output': 'mismatch'},{'Output': 'mismatch'}
6,{'Output': 'mismatch'},{'Output': 'mismatch'}
7,{'Output': 'mismatch'},{'Output': 'mismatch'}
8,{'Output': 'mismatch'},{'Output': 'mismatch'}
9,{'Output': 'mismatch'},{'Output': 'mismatch'}
10,{'Output': 'mismatch'},{'Output': 'mismatch'}
11,{'Output': 'mismatch'},{'Output': 'mismatch'}
12,{'Output': 'mismatch'},{'Output': 'mismatch'}
13,{'Output': 'mismatch'},{'Output': 'mismatch'}
14,{'Output': 'mismatch'},{'Output': 'mismatch'}
15,{'Output': 'mismatch'},{'Output': 'mismatch'}
16,{'Output': 'mismatch'},{'Output': 'mismatch'}
17,{'Output': 'mismatch'},{'Output': 'mismatch'}
18,{'Output': 'mismatch'},{'Output': 'mismatch'}
19,{'Output': 'mismatch'},{'Output': 'mismatch'}
20,{'Output': 'mismatch'},{'Output': 'mismatch'}
21,{'Output': 'mismatch'},{'Output': 'mismatch'}
22,{'Output': 'mismatch'},{'Output': 'mismatch'}
23,{'Output': 'mismatch'},{'Output': 'mismatch'}
24,{'Output': 'mismatch'},{'Output': 'mismatch'}
25,{'Output': 'mismatch'},{'Output': 'mismatch'}
26,{'Output': 'mismatch'},{'Output': 'mismatch'}
27,{'Output': 'mismatch'},{'Output': 'mismatch'}
28,{'Output': 'mismatch'},{'Output': 'mismatch'}
29,{'Output': 'mismatch'},{'Output': 'mismatch'}
30,{'Output': 'mismatch'},{'Output': 'mismatch'}
31,{'Output': 'mismatch'},{'Output': 'mismatch'}
32,{'Output': 'mismatch'},{'Output': 'mismatch'}
33,{'Output': 'mismatch'},{'Output': 'mismatch'}
34,{'Output': 'mismatch'},{'Output': 'mismatch'}
35,{'Output': 'mismatch'},{'Output': 'mismatch'}
36,{'Output': 'mismatch'},{'Output': 'mismatch'}
37,{'Output': 'mismatch'},{'Output': 'mismatch'}
38,{'Output': 'mismatch'},{'Output': 'mismatch'}
39,{'Output': 'mismatch'},{'Output': 'mismatch'}
40,{'Output': 'mismatch'},{'Output': 'mismatch'}
41,{'Output': 'mismatch'},{'Output': 'mismatch'}
42,{'Output': 'mismatch'},{'Output': 'mismatch'}
43,{'Output': 'mismatch'},{'Output': 'mismatch'}
44,{'Output': 'mismatch'},{'Output': 'mismatch'}
45,{'Output': 'mismatch'},{'Output': 'mismatch'}
46,{'Output': 'mismatch'},{'Output': 'mismatch'}
47,{'Output': 'mismatch'},{'Output': 'mismatch'}
48,{'Output': 'mismatch'},{'Output': 'mismatch'}
49,{'Output': 'mismatch'},{'Output': 'mismatch'}
50,{'Output': 'mismatch'},{'Output': 'mismatch'}
51,{'Output': 'mismatch'},{'Output': 'mismatch'}
52,{'Output': 'mismatch'},{'Output': 'mismatch'}
53,{'Output': 'mismatch'},{'Output': 'mismatch'}
54,{'Output': 'mismatch'},{'Output': 'mismatch'}
55,{'Output': 'mismatch'},{'Output': 'mismatch'}
56,{'Output': 'mismatch'},{'Output': 'mismatch'}
57,{'Output': 'mismatch'},{'Output': 'mismatch'}
58,{'Output': 'mismatch'},{'Output': 'mismatch'}
59,{'Output': 'mismatch'},{'Output': 'mismatch'}
60,{'Output': 'mismatch'},{'Output': 'mismatch'}
61,{'Output': 'mismatch'},{'Output': 'mismatch'}
62,{'Output': 'mismatch'},{'Output': 'mismatch'}
63,{'Output': 'mismatch'},{'Output': 'mismatch'}
64,{'Output': 'mismatch'},{'Output': 'mismatch'}
65,{'Output': 'mismatch'},{'Output': 'mismatch'}
66,{'Output': 'mismatch'},{'Output': 'mismatch'}
67,{'Output': 'mismatch'},{'Output': 'mismatch'}
68,{'Output': 'mismatch'},{'Output': 'mismatch'}
69,{'Output': 'mismatch'},{'Output': 'mismatch'}
70,{'Output': 'mismatch'},{'Output': 'mismatch'}
71,{'Output': 'mismatch'},{'Output': 'mismatch'}
72,{'Output': 'mismatch'},{'Output': 'mismatch'}
73,{'Output': 'mismatch'},{'Output': 'mismatch'}
74,{'Output': 'mismatch'},{'Output': 'mismatch'}
75,{'Output': 'mismatch'},{'Output': 'mismatch'}
76,{'Output': 'mismatch'},{'Output': 'mismatch'}
77,{'Output': 'mismatch'},{'Output': 'mismatch'}
78,{'Output': 'mismatch'},{'Output': 'mismatch'}
79,{'Output': 'mismatch'},{'Output': 'mismatch'}
80,{'Output': 'mismatch'},{'Output': 'mismatch'}
81,{'Output': 'mismatch'},{'Output': 'mismatch'}
82,{'Output': 'mismatch'},{'Output': 'mismatch'}
83,{'Output': 'mismatch'},{'Output': 'mismatch'}
84,{'Output': 'mismatch'},{'Output': 'mismatch'}
85,{'Output': 'mismatch'},{'Output': 'mismatch'}
86,{'Output': 'mismatch'},{'Output': 'mismatch'}
87,{'Output': 'mismatch'},{'Output': 'mismatch'}
88,{'Output': 'mismatch'},{'Output': 'mismatch'}
89,{'Output': 'match'},{'Output': 'mismatch'}
90,{'Output': 'mismatch'},{'Output': 'mismatch'}
91,{'Output': 'mismatch'},{'Output': 'mismatch'}
92,{'Output': 'mismatch'},{'Output': 'mismatch'}
93,{'Output': 'mismatch'},{'Output': 'mismatch'}
94,{'Output': 'mismatch'},{'Output': 'mismatch'}
95,{'Output': 'mismatch'},{'Output': 'mismatch'}
96,{'Output': 'mismatch'},{'Output': 'mismatch'}
97,{'Output': 'mismatch'},{'Output': 'mismatch'}
98,{'Output': 'mismatch'},{'Output': 'mismatch'}
99,{'Output': 'mismatch'},{'Output': 'mismatch'}
100,{'Output': 'mismatch'},{'Output': 'mismatch'}
101,{'Output': 'mismatch'},{'Output': 'mismatch'}
102,{'Output': 'mismatch'},{'Output': 'mismatch'}
103,{'Output': 'mismatch'},{'Output': 'mismatch'}
104,{'Output': 'mismatch'},{'Output': 'mismatch'}
105,{'Output': 'mismatch'},{'Output': 'mismatch'}
106,{'Output': 'mismatch'},{'Output': 'mismatch'}
107,{'Output': 'mismatch'},{'Output': 'mismatch'}
108,{'Output': 'mismatch'},{'Output': 'mismatch'}
109,{'Output': 'mismatch'},{'Output': 'mismatch'}
110,{'Output': 'mismatch'},{'Output': 'mismatch'}
111,{'Output': 'mismatch'},{'Output': 'mismatch'}
112,{'Output': 'mismatch'},{'Output': 'mismatch'}
113,{'Output': 'mismatch'},{'Output': 'mismatch'}
114,{'Output': 'mismatch'},{'Output': 'mismatch'}
115,{'Output': 'mismatch'},{'Output': 'mismatch'}
116,{'Output': 'mismatch'},{'Output': 'mismatch'}
117,{'Output': 'mismatch'},{'Output': 'mismatch'}
118,{'Output': 'mismatch'},{'Output': 'mismatch'}
119,{'Output': 'mismatch'},{'Output': 'mismatch'}
120,{'Output': 'mismatch'},{'Output': 'mismatch'}
121,{'Output': 'mismatch'},{'Output': 'mismatch'}
122,{'Output': 'mismatch'},{'Output': 'mismatch'}
123,{'Output': 'mismatch'},{'Output': 'mismatch'}
124,{'Output': 'mismatch'},{'Output': 'mismatch'}
125,{'Output': 'mismatch'},{'Output': 'mismatch'}
126,{'Output': 'mismatch'},{'Output': 'mismatch'}
127,{'Output': 'mismatch'},{'Output': 'mismatch'}
128,{'Output': 'mismatch'},{'Output': 'mismatch'}
129,{'Output': 'mismatch'},{'Output': 'mismatch'}
130,{'Output': 'mismatch'},{'Output': 'mismatch'}
131,{'Output': 'mismatch'},{'Output': 'mismatch'}
132,{'Output': 'mismatch'},{'Output': 'mismatch'}
133,{'Output': 'mismatch'},{'Output': 'mismatch'}
134,{'Output': 'mismatch'},{'Output': 'mismatch'}
135,{'Output': 'mismatch'},{'Output': 'mismatch'}
136,{'Output': 'mismatch'},{'Output': 'mismatch'}
137,{'Output': 'mismatch'},{'Output': 'mismatch'}
138,{'Output': 'mismatch'},{'Output': 'mismatch'}
139,{'Output': 'mismatch'},{'Output': 'mismatch'}
140,{'Output': 'mismatch'},{'Output': 'mismatch'}
141,{'Output': 'mismatch'},{'Output': 'mismatch'}
142,{'Output': 'mismatch'},{'Output': 'mismatch'}
143,{'Output': 'mismatch'},{'Output': 'mismatch'}
144,{'Output': 'mismatch'},{'Output': 'mismatch'}
145,{'Output': 'mismatch'},{'Output': 'mismatch'}
146,{'Output': 'mismatch'},{'Output': 'mismatch'}
147,{'Output': 'mismatch'},{'Output': 'mismatch'}
148,{'Output': 'mismatch'},{'Output': 'mismatch'}
149,{'Output': 'mismatch'},{'Output': 'mismatch'}
150,{'Output': 'mismatch'},{'Output': 'mismatch'}
151,{'Output': 'mismatch'},{'Output': 'mismatch'}
152,{'Output': 'mismatch'},{'Output': 'mismatch'}
153,{'Output': 'mismatch'},{'Output': 'mismatch'}
154,{'Output': 'mismatch'},{'Output': 'mismatch'}
155,{'Output': 'mismatch'},{'Output': 'mismatch'}
156,{'Output': 'mismatch'},{'Output': 'mismatch'}
157,{'Output': 'mismatch'},{'Output': 'mismatch'}
158,{'Output': 'mismatch'},{'Output': 'mismatch'}
159,{'Output': 'mismatch'},{'Output': 'mismatch'}
160,{'Output': 'mismatch'},{'Output': 'mismatch'}
161,{'Output': 'mismatch'},{'Output': 'mismatch'}
162,{'Output': 'mismatch'},{'Output': 'mismatch'}
163,{'Output': 'mismatch'},{'Output': 'mismatch'}
164,{'Output': 'mismatch'},{'Output': 'mismatch'}
165,{'Output': 'mismatch'},{'Output': 'mismatch'}
166,{'Output': 'mismatch'},{'Output': 'mismatch'}
167,{'Output': 'mismatch'},{'Output': 'mismatch'}
168,{'Output': 'mismatch'},{'Output': 'mismatch'}
169,{'Output': 'mismatch'},{'Output': 'mismatch'}
170,{'Output': 'mismatch'},{'Output': 'mismatch'}
171,{'Output': 'mismatch'},{'Output': 'mismatch'}
172,{'Output': 'mismatch'},{'Output': 'mismatch'}
173,{'Output': 'mismatch'},{'Output': 'mismatch'}
174,{'Output': 'mismatch'},{'Output': 'mismatch'}
175,{'Output': 'mismatch'},{'Output': 'mismatch'}
176,{'Output': 'mismatch'},{'Output': 'mismatch'}
177,{'Output': 'mismatch'},{'Output': 'mismatch'}
178,{'Output': 'mismatch'},{'Output': 'mismatch'}
179,{'Output': 'mismatch'},{'Output': 'mismatch'}
180,{'Output': 'mismatch'},{'Output': 'mismatch'}
181,{'Output': 'mismatch'},{'Output': 'mismatch'}
182,{'Output': 'mismatch'},{'Output': 'mismatch'}
183,{'Output': 'mismatch'},{'Output': 'mismatch'}
184,{'Output': 'mismatch'},{'Output': 'mismatch'}
185,{'Output': 'mismatch'},{'Output': 'mismatch'}
186,{'Output': 'mismatch'},{'Output': 'mismatch'}
187,{'Output': 'mismatch'},{'Output': 'mismatch'}
188,{'Output': 'mismatch'},{'Output': 'mismatch'}
189,{'Output': 'mismatch'},{'Output': 'mismatch'}
190,{'Output': 'mismatch'},{'Output': 'mismatch'}
191,{'Output': 'mismatch'},{'Output': 'mismatch'}
192,{'Output': 'mismatch'},{'Output': 'mismatch'}
193,{'Output': 'mismatch'},{'Output': 'mismatch'}
194,{'Output': 'mismatch'},{'Output': 'mismatch'}
195,{'Output': 'mismatch'},{'Output': 'mismatch'}
196,{'Output': 'mismatch'},{'Output': 'mismatch'}
197,{'Output': 'mismatch'},{'Output': 'mismatch'}
198,{'Output': 'mismatch'},{'Output': 'mismatch'}
199,{'Output': 'mismatch'},{'Output': 'mismatch'}
200,{'Output': 'mismatch'},{'Output': 'mismatch'}
201,{'Output': 'mismatch'},{'Output': 'mismatch'}
202,{'Output': 'mismatch'},{'Output': 'mismatch'}
203,{'Output': 'mismatch'},{'Output': 'mismatch'}
204,{'Output': 'mismatch'},{'Output': 'mismatch'}
205,{'Output': 'mismatch'},{'Output': 'mismatch'}
206,{'Output': 'mismatch'},{'Output': 'mismatch'}
207,{'Output': 'mismatch'},{'Output': 'mismatch'}
208,{'Output': 'mismatch'},{'Output': 'mismatch'}
209,{'Output': 'mismatch'},{'Output': 'mismatch'}
210,{'Output': 'mismatch'},{'Output': 'mismatch'}
211,{'Output': 'mismatch'},{'Output': 'mismatch'}
212,{'Output': 'mismatch'},{'Output': 'mismatch'}
213,{'Output': 'mismatch'},{'Output': 'mismatch'}
214,{'Output': 'mismatch'},{'Output': 'mismatch'}
215,{'Output': 'mismatch'},{'Output': 'mismatch'}
216,{'Output': 'mismatch'},{'Output': 'mismatch'}
217,{'Output': 'mismatch'},{'Output': 'mismatch'}
218,{'Output': 'mismatch'},{'Output': 'mismatch'}
219,{'Output': 'mismatch'},{'Output': 'mismatch'}
220,{'Output': 'mismatch'},{'Output': 'mismatch'}
221,{'Output': 'mismatch'},{'Output': 'mismatch'}
222,{'Output': 'mismatch'},{'Output': 'mismatch'}
223,{'Output': 'mismatch'},{'Output': 'mismatch'}
224,{'Output': 'mismatch'},{'Output': 'mismatch'}
225,{'Output': 'mismatch'},{'Output': 'mismatch'}
226,{'Output': 'mismatch'},{'Output': 'mismatch'}
227,{'Output': 'mismatch'},{'Output': 'mismatch'}
228,{'Output': 'mismatch'},{'Output': 'mismatch'}
229,{'Output': 'mismatch'},{'Output': 'mismatch'}
230,{'Output': 'mismatch'},{'Output': 'mismatch'}
231,{'Output': 'mismatch'},{'Output': 'mismatch'}
232,{'Output': 'mismatch'},{'Output': 'mismatch'}
233,{'Output': 'mismatch'},{'Output': 'mismatch'}
234,{'Output': 'mismatch'},{'Output': 'mismatch'}
235,{'Output': 'mismatch'},{'Output': 'mismatch'}
236,{'Output': 'mismatch'},{'Output': 'mismatch'}
237,{'Output': 'mismatch'},{'Output': 'mismatch'}
238,{'Output': 'mismatch'},{'Output': 'mismatch'}
239,{'Output': 'mismatch'},{'Output': 'mismatch'}
240,{'Output': 'mismatch'},{'Output': 'mismatch'}
241,{'Output': 'mismatch'},{'Output': 'mismatch'}
242,{'Output': 'mismatch'},{'Output': 'mismatch'}
243,{'Output': 'mismatch'},{'Output': 'mismatch'}
244,{'Output': 'mismatch'},{'Output': 'mismatch'}
245,{'Output': 'mismatch'},{'Output': 'mismatch'}
246,{'Output': 'mismatch'},{'Output': 'mismatch'}
247,{'Output': 'mismatch'},{'Output': 'mismatch'}
248,{'Output': 'mismatch'},{'Output': 'mismatch'}
249,{'Output': 'mismatch'},{'Output': 'mismatch'}
250,{'Output': 'mismatch'},{'Output': 'mismatch'}
251,{'Output': 'mismatch'},{'Output': 'mismatch'}
252,{'Output': 'mismatch'},{'Output': 'mismatch'}
253,{'Output': 'mismatch'},{'Output': 'mismatch'}
254,{'Output': 'mismatch'},{'Output': 'mismatch'}
255,{'Output': 'mismatch'},{'Output': 'mismatch'}
256,{'Output': 'mismatch'},{'Output': 'mismatch'}
257,{'Output': 'mismatch'},{'Output': 'mismatch'}
258,{'Output': 'mismatch'},{'Output': 'mismatch'}
259,{'Output': 'mismatch'},{'Output': 'mismatch'}
260,{'Output': 'mismatch'},{'Output': 'mismatch'}
261,{'Output': 'mismatch'},{'Output': 'mismatch'}
262,{'Output': 'mismatch'},{'Output': 'mismatch'}
263,{'Output': 'mismatch'},{'Output': 'mismatch'}
264,{'Output': 'mismatch'},{'Output': 'mismatch'}
265,{'Output': 'mismatch'},{'Output': 'mismatch'}
266,{'Output': 'mismatch'},{'Output': 'mismatch'}
267,{'Output': 'mismatch'},{'Output': 'mismatch'}
268,{'Output': 'mismatch'},{'Output': 'mismatch'}
269,{'Output': 'mismatch'},{'Output': 'mismatch'}
270,{'Output': 'mismatch'},{'Output': 'mismatch'}
271,{'Output': 'mismatch'},{'Output': 'mismatch'}
272,{'Output': 'mismatch'},{'Output': 'mismatch'}
273,{'Output': 'mismatch'},{'Output': 'mismatch'}
274,{'Output': 'mismatch'},{'Output': 'mismatch'}
275,{'Output': 'mismatch'},{'Output': 'mismatch'}
276,{'Output': 'mismatch'},{'Output': 'mismatch'}
277,{'Output': 'mismatch'},{'Output': 'mismatch'}
278,{'Output': 'mismatch'},{'Output': 'mismatch'}
279,{'Output': 'mismatch'},{'Output': 'mismatch'}
280,{'Output': 'mismatch'},{'Output': 'mismatch'}
281,{'Output': 'mismatch'},{'Output': 'mismatch'}
282,{'Output': 'mismatch'},{'Output': 'mismatch'}
283,{'Output': 'mismatch'},{'Output': 'mismatch'}
284,{'Output': 'mismatch'},{'Output': 'mismatch'}
285,{'Output': 'mismatch'},{'Output': 'mismatch'}
286,{'Output': 'mismatch'},{'Output': 'mismatch'}
287,{'Output': 'mismatch'},{'Output': 'mismatch'}
288,{'Output': 'mismatch'},{'Output': 'mismatch'}
289,{'Output': 'mismatch'},{'Output': 'mismatch'}
290,{'Output': 'mismatch'},{'Output': 'mismatch'}
291,{'Output': 'mismatch'},{'Output': 'mismatch'}
292,{'Output': 'mismatch'},{'Output': 'mismatch'}
293,{'Output': 'mismatch'},{'Output': 'mismatch'}
294,{'Output': 'mismatch'},{'Output': 'mismatch'}
295,{'Output': 'mismatch'},{'Output': 'mismatch'}
296,{'Output': 'mismatch'},{'Output': 'mismatch'}
297,{'Output': 'mismatch'},{'Output': 'mismatch'}
298,{'Output': 'mismatch'},{'Output': 'mismatch'}
299,{'Output': 'mismatch'},{'Output': 'mismatch'}
300,{'Output': 'mismatch'},{'Output': 'mismatch'}
301,{'Output': 'mismatch'},{'Output': 'mismatch'}
302,{'Output': 'mismatch'},{'Output': 'mismatch'}
303,{'Output': 'mismatch'},{'Output': 'mismatch'}
304,{'Output': 'mismatch'},{'Output': 'mismatch'}
305,{'Output': 'mismatch'},{'Output': 'mismatch'}
306,{'Output': 'mismatch'},{'Output': 'mismatch'}
307,{'Output': 'mismatch'},{'Output': 'mismatch'}
308,{'Output': 'mismatch'},{'Output': 'mismatch'}
309,{'Output': 'mismatch'},{'Output': 'mismatch'}
310,{'Output': 'mismatch'},{'Output': 'mismatch'}
311,{'Output': 'mismatch'},{'Output': 'mismatch'}
312,{'Output': 'mismatch'},{'Output': 'mismatch'}
313,{'Output': 'mismatch'},{'Output': 'mismatch'}
314,{'Output': 'mismatch'},{'Output': 'mismatch'}
315,{'Output': 'mismatch'},{'Output': 'mismatch'}
316,{'Output': 'mismatch'},{'Output': 'mismatch'}
317,{'Output': 'mismatch'},{'Output': 'mismatch'}
318,{'Output': 'mismatch'},{'Output': 'mismatch'}
319,{'Output': 'mismatch'},{'Output': 'mismatch'}
320,{'Output': 'mismatch'},{'Output': 'mismatch'}
321,{'Output': 'mismatch'},{'Output': 'mismatch'}
322,{'Output': 'mismatch'},{'Output': 'mismatch'}
323,{'Output': 'mismatch'},{'Output': 'mismatch'}
324,{'Output': 'mismatch'},{'Output': 'mismatch'}
325,{'Output': 'mismatch'},{'Output': 'mismatch'}
326,{'Output': 'mismatch'},{'Output': 'mismatch'}
327,{'Output': 'mismatch'},{'Output': 'mismatch'}
328,{'Output': 'mismatch'},{'Output': 'mismatch'}
329,{'Output': 'mismatch'},{'Output': 'mismatch'}
330,{'Output': 'mismatch'},{'Output': 'mismatch'}
331,{'Output': 'mismatch'},{'Output': 'mismatch'}
332,{'Output': 'mismatch'},{'Output': 'mismatch'}
333,{'Output': 'mismatch'},{'Output': 'mismatch'}
334,{'Output': 'mismatch'},{'Output': 'mismatch'}
335,{'Output': 'mismatch'},{'Output': 'mismatch'}
336,{'Output': 'mismatch'},{'Output': 'mismatch'}
337,{'Output': 'mismatch'},{'Output': 'mismatch'}
338,{'Output': 'mismatch'},{'Output': 'mismatch'}
339,{'Output': 'mismatch'},{'Output': 'mismatch'}
340,{'Output': 'mismatch'},{'Output': 'mismatch'}
341,{'Output': 'mismatch'},{'Output': 'mismatch'}
342,{'Output': 'mismatch'},{'Output': 'mismatch'}
343,{'Output': 'mismatch'},{'Output': 'mismatch'}
344,{'Output': 'mismatch'},{'Output': 'mismatch'}
345,{'Output': 'mismatch'},{'Output': 'mismatch'}
346,{'Output': 'mismatch'},{'Output': 'mismatch'}
347,{'Output': 'mismatch'},{'Output': 'mismatch'}
348,{'Output': 'mismatch'},{'Output': 'mismatch'}
349,{'Output': 'mismatch'},{'Output': 'mismatch'}
350,{'Output': 'mismatch'},{'Output': 'mismatch'}
351,{'Output': 'mismatch'},{'Output': 'mismatch'}
352,{'Output': 'mismatch'},{'Output': 'mismatch'}
353,{'Output': 'mismatch'},{'Output': 'mismatch'}
354,{'Output': 'mismatch'},{'Output': 'mismatch'}
355,{'Output': 'mismatch'},{'Output': 'mismatch'}
356,{'Output': 'mismatch'},{'Output': 'mismatch'}
357,{'Output': 'mismatch'},{'Output': 'mismatch'}
358,{'Output': 'mismatch'},{'Output': 'mismatch'}
359,{'Output': 'mismatch'},{'Output': 'mismatch'}
360,{'Output': 'mismatch'},{'Output': 'mismatch'}
361,{'Output': 'mismatch'},{'Output': 'mismatch'}
362,{'Output': 'mismatch'},{'Output': 'mismatch'}
363,{'Output': 'mismatch'},{'Output': 'mismatch'}
364,{'Output': 'mismatch'},{'Output': 'mismatch'}
365,{'Output': 'mismatch'},{'Output': 'mismatch'}
366,{'Output': 'mismatch'},{'Output': 'mismatch'}
367,{'Output': 'mismatch'},{'Output': 'mismatch'}
368,{'Output': 'mismatch'},{'Output': 'mismatch'}
369,{'Output': 'mismatch'},{'Output': 'mismatch'}
370,{'Output': 'mismatch'},{'Output': 'mismatch'}
371,{'Output': 'mismatch'},{'Output': 'mismatch'}
372,{'Output': 'mismatch'},{'Output': 'mismatch'}
373,{'Output': 'mismatch'},{'Output': 'mismatch'}
374,{'Output': 'mismatch'},{'Output': 'mismatch'}
375,{'Output': 'mismatch'},{'Output': 'mismatch'}
376,{'Output': 'mismatch'},{'Output': 'mismatch'}
377,{'Output': 'mismatch'},{'Output': 'mismatch'}
378,{'Output': 'mismatch'},{'Output': 'mismatch'}
379,{'Output': 'mismatch'},{'Output': 'mismatch'}
380,{'Output': 'mismatch'},{'Output': 'mismatch'}
381,{'Output': 'mismatch'},{'Output': 'mismatch'}
382,{'Output': 'mismatch'},{'Output': 'mismatch'}
383,{'Output': 'mismatch'},{'Output': 'mismatch'}
384,{'Output': 'mismatch'},{'Output': 'mismatch'}
385,{'Output': 'mismatch'},{'Output': 'mismatch'}
386,{'Output': 'mismatch'},{'Output': 'mismatch'}
387,{'Output': 'mismatch'},{'Output': 'mismatch'}
388,{'Output': 'mismatch'},{'Output': 'mismatch'}
389,{'Output': 'mismatch'},{'Output': 'mismatch'}
390,{'Output': 'mismatch'},{'Output': 'mismatch'}
391,{'Output': 'mismatch'},{'Output': 'mismatch'}
392,{'Output': 'mismatch'},{'Output': 'mismatch'}
393,{'Output': 'mismatch'},{'Output': 'mismatch'}
394,{'Output': 'mismatch'},{'Output': 'mismatch'}
395,{'Output': 'mismatch'},{'Output': 'mismatch'}
396,{'Output': 'mismatch'},{'Output': 'mismatch'}
397,{'Output': 'mismatch'},{'Output': 'mismatch'}
398,{'Output': 'mismatch'},{'Output': 'mismatch'}
399,{'Output': 'mismatch'},{'Output': 'mismatch'}
400,{'Output': 'mismatch'},{'Output': 'mismatch'}
401,{'Output': 'mismatch'},{'Output': 'mismatch'}
402,{'Output': 'mismatch'},{'Output': 'mismatch'}
403,{'Output': 'mismatch'},{'Output': 'mismatch'}
404,{'Output': 'mismatch'},{'Output': 'mismatch'}
405,{'Output': 'mismatch'},{'Output': 'mismatch'}
406,{'Output': 'mismatch'},{'Output': 'mismatch'}
407,{'Output': 'mismatch'},{'Output': 'mismatch'}
408,{'Output': 'mismatch'},{'Output': 'mismatch'}
409,{'Output': 'mismatch'},{'Output': 'mismatch'}
410,{'Output': 'mismatch'},{'Output': 'mismatch'}
411,{'Output': 'mismatch'},{'Output': 'mismatch'}
412,{'Output': 'mismatch'},{'Output': 'mismatch'}
413,{'Output': 'mismatch'},{'Output': 'mismatch'}
414,{'Output': 'mismatch'},{'Output': 'mismatch'}
415,{'Output': 'mismatch'},{'Output': 'mismatch'}
416,{'Output': 'mismatch'},{'Output': 'mismatch'}
417,{'Output': 'mismatch'},{'Output': 'mismatch'}
418,{'Output': 'mismatch'},{'Output': 'mismatch'}
419,{'Output': 'mismatch'},{'Output': 'mismatch'}
420,{'Output': 'mismatch'},{'Output': 'mismatch'}
421,{'Output': 'mismatch'},{'Output': 'mismatch'}
422,{'Output': 'mismatch'},{'Output': 'mismatch'}
423,{'Output': 'mismatch'},{'Output': 'mismatch'}
424,{'Output': 'mismatch'},{'Output': 'mismatch'}
425,{'Output': 'mismatch'},{'Output': 'mismatch'}
426,{'Output': 'mismatch'},{'Output': 'mismatch'}
427,{'Output': 'mismatch'},{'Output': 'mismatch'}
428,{'Output': 'mismatch'},{'Output': 'mismatch'}
429,{'Output': 'mismatch'},{'Output': 'mismatch'}
430,{'Output': 'mismatch'},{'Output': 'mismatch'}
431,{'Output': 'mismatch'},{'Output': 'mismatch'}
432,{'Output': 'mismatch'},{'Output': 'mismatch'}
433,{'Output': 'mismatch'},{'Output': 'mismatch'}
434,{'Output': 'mismatch'},{'Output': 'mismatch'}
435,{'Output': 'mismatch'},{'Output': 'mismatch'}
436,{'Output': 'mismatch'},{'Output': 'mismatch'}
437,{'Output': 'mismatch'},{'Output': 'mismatch'}
438,{'Output': 'mismatch'},{'Output': 'mismatch'}
439,{'Output': 'mismatch'},{'Output': 'mismatch'}
440,{'Output': 'mismatch'},{'Output': 'mismatch'}
441,{'Output': 'mismatch'},{'Output': 'mismatch'}
442,{'Output': 'mismatch'},{'Output': 'mismatch'}
443,{'Output': 'mismatch'},{'Output': 'mismatch'}
444,{'Output': 'mismatch'},{'Output': 'mismatch'}
445,{'Output': 'mismatch'},{'Output': 'mismatch'}
446,{'Output': 'mismatch'},{'Output': 'mismatch'}
447,{'Output': 'mismatch'},{'Output': 'mismatch'}
448,{'Output': 'mismatch'},{'Output': 'mismatch'}
449,{'Output': 'mismatch'},{'Output': 'mismatch'}
450,{'Output': 'mismatch'},{'Output': 'mismatch'}
451,{'Output': 'mismatch'},{'Output': 'mismatch'}
452,{'Output': 'mismatch'},{'Output': 'mismatch'}
453,{'Output': 'mismatch'},{'Output': 'mismatch'}
454,{'Output': 'mismatch'},{'Output': 'mismatch'}
455,{'Output': 'mismatch'},{'Output': 'mismatch'}
456,{'Output': 'mismatch'},{'Output': 'mismatch'}
457,{'Output': 'mismatch'},{'Output': 'mismatch'}
458,{'Output': 'mismatch'},{'Output': 'mismatch'}
459,{'Output': 'mismatch'},{'Output': 'mismatch'}
460,{'Output': 'mismatch'},{'Output': 'mismatch'}
461,{'Output': 'mismatch'},{'Output': 'mismatch'}
462,{'Output': 'mismatch'},{'Output': 'mismatch'}
463,{'Output': 'mismatch'},{'Output': 'mismatch'}
464,{'Output': 'mismatch'},{'Output': 'mismatch'}
465,{'Output': 'mismatch'},{'Output': 'mismatch'}
466,{'Output': 'mismatch'},{'Output': 'mismatch'}
467,{'Output': 'mismatch'},{'Output': 'mismatch'}
468,{'Output': 'mismatch'},{'Output': 'mismatch'}
469,{'Output': 'mismatch'},{'Output': 'mismatch'}
470,{'Output': 'mismatch'},{'Output': 'mismatch'}
471,{'Output': 'mismatch'},{'Output': 'mismatch'}
472,{'Output': 'mismatch'},{'Output': 'mismatch'}
473,{'Output': 'mismatch'},{'Output': 'mismatch'}
474,{'Output': 'mismatch'},{'Output': 'mismatch'}
475,{'Output': 'mismatch'},{'Output': 'mismatch'}
476,{'Output': 'mismatch'},{'Output': 'mismatch'}
477,{'Output': 'mismatch'},{'Output': 'mismatch'}
478,{'Output': 'mismatch'},{'Output': 'mismatch'}
479,{'Output': 'mismatch'},{'Output': 'mismatch'}
480,{'Output': 'mismatch'},{'Output': 'mismatch'}
481,{'Output': 'mismatch'},{'Output': 'mismatch'}
482,{'Output': 'mismatch'},{'Output': 'mismatch'}
483,{'Output': 'mismatch'},{'Output': 'mismatch'}
484,{'Output': 'mismatch'},{'Output': 'mismatch'}
485,{'Output': 'mismatch'},{'Output': 'mismatch'}
486,{'Output': 'mismatch'},{'Output': 'mismatch'}
487,{'Output': 'mismatch'},{'Output': 'mismatch'}
488,{'Output': 'mismatch'},{'Output': 'mismatch'}
489,{'Output': 'mismatch'},{'Output': 'mismatch'}
490,{'Output': 'mismatch'},{'Output': 'mismatch'}
491,{'Output': 'mismatch'},{'Output': 'mismatch'}
492,{'Output': 'mismatch'},{'Output': 'mismatch'}
493,{'Output': 'mismatch'},{'Output': 'mismatch'}
494,{'Output': 'mismatch'},{'Output': 'mismatch'}
495,{'Output': 'mismatch'},{'Output': 'mismatch'}
496,{'Output': 'mismatch'},{'Output': 'mismatch'}
497,{'Output': 'mismatch'},{'Output': 'mismatch'}
498,{'Output': 'mismatch'},{'Output': 'mismatch'}
499,{'Output': 'mismatch'},{'Output': 'mismatch'}
500,{'Output': 'mismatch'},{'Output': 'mismatch'}
501,{'Output': 'mismatch'},{'Output': 'mismatch'}
502,{'Output': 'mismatch'},{'Output': 'mismatch'}
503,{'Output': 'mismatch'},{'Output': 'mismatch'}
504,{'Output': 'mismatch'},{'Output': 'mismatch'}
505,{'Output': 'mismatch'},{'Output': 'mismatch'}
506,{'Output': 'mismatch'},{'Output': 'mismatch'}
507,{'Output': 'mismatch'},{'Output': 'mismatch'}
508,{'Output': 'mismatch'},{'Output': 'mismatch'}
509,{'Output': 'mismatch'},{'Output': 'mismatch'}
510,{'Output': 'mismatch'},{'Output': 'mismatch'}
511,{'Output': 'mismatch'},{'Output': 'mismatch'}
512,{'Output': 'mismatch'},{'Output': 'mismatch'}
513,{'Output': 'mismatch'},{'Output': 'mismatch'}
514,{'Output': 'mismatch'},{'Output': 'mismatch'}
515,{'Output': 'mismatch'},{'Output': 'mismatch'}
516,{'Output': 'mismatch'},{'Output': 'mismatch'}
517,{'Output': 'mismatch'},{'Output': 'mismatch'}
518,{'Output': 'mismatch'},{'Output': 'mismatch'}
519,{'Output': 'mismatch'},{'Output': 'mismatch'}
520,{'Output': 'mismatch'},{'Output': 'mismatch'}
521,{'Output': 'mismatch'},{'Output': 'mismatch'}
522,{'Output': 'mismatch'},{'Output': 'mismatch'}
523,{'Output': 'mismatch'},{'Output': 'mismatch'}
524,{'Output': 'mismatch'},{'Output': 'mismatch'}
525,{'Output': 'mismatch'},{'Output': 'mismatch'}
526,{'Output': 'mismatch'},{'Output': 'mismatch'}
527,{'Output': 'mismatch'},{'Output': 'mismatch'}
528,{'Output': 'mismatch'},{'Output': 'mismatch'}
529,{'Output': 'mismatch'},{'Output': 'mismatch'}
530,{'Output': 'mismatch'},{'Output': 'mismatch'}
531,{'Output': 'mismatch'},{'Output': 'mismatch'}
532,{'Output': 'mismatch'},{'Output': 'mismatch'}
533,{'Output': 'mismatch'},{'Output': 'mismatch'}
534,{'Output': 'mismatch'},{'Output': 'mismatch'}
535,{'Output': 'mismatch'},{'Output': 'mismatch'}
536,{'Output': 'mismatch'},{'Output': 'mismatch'}
537,{'Output': 'mismatch'},{'Output': 'mismatch'}
538,{'Output': 'mismatch'},{'Output': 'mismatch'}
539,{'Output': 'mismatch'},{'Output': 'mismatch'}
540,{'Output': 'mismatch'},{'Output': 'mismatch'}
541,{'Output': 'mismatch'},{'Output': 'mismatch'}
542,{'Output': 'mismatch'},{'Output': 'mismatch'}
543,{'Output': 'mismatch'},{'Output': 'mismatch'}
544,{'Output': 'mismatch'},{'Output': 'mismatch'}
545,{'Output': 'mismatch'},{'Output': 'mismatch'}
546,{'Output': 'mismatch'},{'Output': 'mismatch'}
547,{'Output': 'mismatch'},{'Output': 'mismatch'}
548,{'Output': 'mismatch'},{'Output': 'mismatch'}
549,{'Output': 'mismatch'},{'Output': 'mismatch'}
550,{'Output': 'mismatch'},{'Output': 'mismatch'}
551,{'Output': 'mismatch'},{'Output': 'mismatch'}
552,{'Output': 'mismatch'},{'Output': 'mismatch'}
553,{'Output': 'mismatch'},{'Output': 'mismatch'}
554,{'Output': 'mismatch'},{'Output': 'mismatch'}
555,{'Output': 'mismatch'},{'Output': 'mismatch'}
556,{'Output': 'mismatch'},{'Output': 'mismatch'}
557,{'Output': 'mismatch'},{'Output': 'mismatch'}
558,{'Output': 'mismatch'},{'Output': 'mismatch'}
559,{'Output': 'mismatch'},{'Output': 'mismatch'}
560,{'Output': 'mismatch'},{'Output': 'mismatch'}
561,{'Output': 'mismatch'},{'Output': 'mismatch'}
562,{'Output': 'mismatch'},{'Output': 'mismatch'}
563,{'Output': 'mismatch'},{'Output': 'mismatch'}
564,{'Output': 'mismatch'},{'Output': 'mismatch'}
565,{'Output': 'mismatch'},{'Output': 'mismatch'}
566,{'Output': 'mismatch'},{'Output': 'mismatch'}
567,{'Output': 'mismatch'},{'Output': 'mismatch'}
568,{'Output': 'mismatch'},{'Output': 'mismatch'}
569,{'Output': 'mismatch'},{'Output': 'mismatch'}
570,{'Output': 'mismatch'},{'Output': 'mismatch'}
571,{'Output': 'mismatch'},{'Output': 'mismatch'}
572,{'Output': 'mismatch'},{'Output': 'mismatch'}
573,{'Output': 'mismatch'},{'Output': 'mismatch'}
574,{'Output': 'mismatch'},{'Output': 'mismatch'}
575,{'Output': 'mismatch'},{'Output': 'mismatch'}
576,{'Output': 'mismatch'},{'Output': 'mismatch'}
577,{'Output': 'mismatch'},{'Output': 'mismatch'}
578,{'Output': 'mismatch'},{'Output': 'mismatch'}
579,{'Output': 'mismatch'},{'Output': 'mismatch'}
580,{'Output': 'mismatch'},{'Output': 'mismatch'}
581,{'Output': 'mismatch'},{'Output': 'mismatch'}
582,{'Output': 'mismatch'},{'Output': 'mismatch'}
583,{'Output': 'mismatch'},{'Output': 'mismatch'}
584,{'Output': 'mismatch'},{'Output': 'mismatch'}
585,{'Output': 'mismatch'},{'Output': 'mismatch'}
586,{'Output': 'mismatch'},{'Output': 'mismatch'}
587,{'Output': 'mismatch'},{'Output': 'mismatch'}
588,{'Output': 'mismatch'},{'Output': 'mismatch'}
589,{'Output': 'mismatch'},{'Output': 'mismatch'}
590,{'Output': 'mismatch'},{'Output': 'mismatch'}
591,{'Output': 'mismatch'},{'Output': 'mismatch'}
592,{'Output': 'mismatch'},{'Output': 'mismatch'}
593,{'Output': 'mismatch'},{'Output': 'mismatch'}
594,{'Output': 'mismatch'},{'Output': 'mismatch'}
595,{'Output': 'mismatch'},{'Output': 'mismatch'}
596,{'Output': 'mismatch'},{'Output': 'mismatch'}
597,{'Output': 'mismatch'},{'Output': 'mismatch'}
598,{'Output': 'mismatch'},{'Output': 'mismatch'}
599,{'Output': 'mismatch'},{'Output': 'mismatch'}
600,{'Output': 'mismatch'},{'Output': 'mismatch'}
601,{'Output': 'mismatch'},{'Output': 'mismatch'}
602,{'Output': 'mismatch'},{'Output': 'mismatch'}
603,{'Output': 'mismatch'},{'Output': 'mismatch'}
604,{'Output': 'mismatch'},{'Output': 'mismatch'}
605,{'Output': 'mismatch'},{'Output': 'mismatch'}
606,{'Output': 'mismatch'},{'Output': 'mismatch'}
607,{'Output': 'mismatch'},{'Output': 'mismatch'}
608,{'Output': 'mismatch'},{'Output': 'mismatch'}
609,{'Output': 'mismatch'},{'Output': 'mismatch'}
610,{'Output': 'mismatch'},{'Output': 'mismatch'}
611,{'Output': 'mismatch'},{'Output': 'mismatch'}
612,{'Output': 'mismatch'},{'Output': 'mismatch'}
613,{'Output': 'mismatch'},{'Output': 'mismatch'}
614,{'Output': 'mismatch'},{'Output': 'mismatch'}
615,{'Output': 'mismatch'},{'Output': 'mismatch'}
616,{'Output': 'mismatch'},{'Output': 'mismatch'}
617,{'Output': 'mismatch'},{'Output': 'mismatch'}
618,{'Output': 'mismatch'},{'Output': 'mismatch'}
619,{'Output': 'mismatch'},{'Output': 'mismatch'}
620,{'Output': 'mismatch'},{'Output': 'mismatch'}
621,{'Output': 'mismatch'},{'Output': 'mismatch'}
622,{'Output': 'mismatch'},{'Output': 'mismatch'}
623,{'Output': 'mismatch'},{'Output': 'mismatch'}
624,{'Output': 'mismatch'},{'Output': 'mismatch'}
625,{'Output': 'mismatch'},{'Output': 'mismatch'}
626,{'Output': 'mismatch'},{'Output': 'mismatch'}
627,{'Output': 'mismatch'},{'Output': 'mismatch'}
628,{'Output': 'mismatch'},{'Output': 'mismatch'}
629,{'Output': 'mismatch'},{'Output': 'mismatch'}
630,{'Output': 'mismatch'},{'Output': 'mismatch'}
631,{'Output': 'mismatch'},{'Output': 'mismatch'}
632,{'Output': 'mismatch'},{'Output': 'mismatch'}
633,{'Output': 'mismatch'},{'Output': 'mismatch'}
634,{'Output': 'mismatch'},{'Output': 'mismatch'}
635,{'Output': 'mismatch'},{'Output': 'mismatch'}
636,{'Output': 'mismatch'},{'Output': 'mismatch'}
637,{'Output': 'mismatch'},{'Output': 'mismatch'}
638,{'Output': 'mismatch'},{'Output': 'mismatch'}
639,{'Output': 'mismatch'},{'Output': 'mismatch'}
640,{'Output': 'mismatch'},{'Output': 'mismatch'}
641,{'Output': 'mismatch'},{'Output': 'mismatch'}
642,{'Output': 'mismatch'},{'Output': 'mismatch'}
643,{'Output': 'mismatch'},{'Output': 'mismatch'}
644,{'Output': 'mismatch'},{'Output': 'mismatch'}
645,{'Output': 'mismatch'},{'Output': 'mismatch'}
646,{'Output': 'mismatch'},{'Output': 'mismatch'}
647,{'Output': 'mismatch'},{'Output': 'mismatch'}
648,{'Output': 'mismatch'},{'Output': 'mismatch'}
649,{'Output': 'mismatch'},{'Output': 'mismatch'}
650,{'Output': 'mismatch'},{'Output': 'mismatch'}
651,{'Output': 'mismatch'},{'Output': 'mismatch'}
652,{'Output': 'mismatch'},{'Output': 'mismatch'}
653,{'Output': 'mismatch'},{'Output': 'mismatch'}
654,{'Output': 'mismatch'},{'Output': 'mismatch'}
655,{'Output': 'mismatch'},{'Output': 'mismatch'}
656,{'Output': 'mismatch'},{'Output': 'mismatch'}
657,{'Output': 'mismatch'},{'Output': 'mismatch'}
658,{'Output': 'mismatch'},{'Output': 'mismatch'}
659,{'Output': 'mismatch'},{'Output': 'mismatch'}
660,{'Output': 'mismatch'},{'Output': 'mismatch'}
661,{'Output': 'mismatch'},{'Output': 'mismatch'}
662,{'Output': 'mismatch'},{'Output': 'mismatch'}
663,{'Output': 'mismatch'},{'Output': 'mismatch'}
664,{'Output': 'mismatch'},{'Output': 'mismatch'}
665,{'Output': 'mismatch'},{'Output': 'mismatch'}
666,{'Output': 'mismatch'},{'Output': 'mismatch'}
667,{'Output': 'mismatch'},{'Output': 'mismatch'}
668,{'Output': 'mismatch'},{'Output': 'mismatch'}
669,{'Output': 'mismatch'},{'Output': 'mismatch'}
670,{'Output': 'mismatch'},{'Output': 'mismatch'}
671,{'Output': 'mismatch'},{'Output': 'mismatch'}
672,{'Output': 'mismatch'},{'Output': 'mismatch'}
673,{'Output': 'mismatch'},{'Output': 'mismatch'}
674,{'Output': 'mismatch'},{'Output': 'mismatch'}
675,{'Output': 'mismatch'},{'Output': 'mismatch'}
676,{'Output': 'mismatch'},{'Output': 'mismatch'}
677,{'Output': 'mismatch'},{'Output': 'mismatch'}
678,{'Output': 'mismatch'},{'Output': 'mismatch'}
679,{'Output': 'mismatch'},{'Output': 'mismatch'}
680,{'Output': 'mismatch'},{'Output': 'mismatch'}
681,{'Output': 'mismatch'},{'Output': 'mismatch'}
682,{'Output': 'mismatch'},{'Output': 'mismatch'}
683,{'Output': 'mismatch'},{'Output': 'mismatch'}
684,{'Output': 'mismatch'},{'Output': 'mismatch'}
685,{'Output': 'mismatch'},{'Output': 'mismatch'}
686,{'Output': 'mismatch'},{'Output': 'mismatch'}
687,{'Output': 'mismatch'},{'Output': 'mismatch'}
688,{'Output': 'mismatch'},{'Output': 'mismatch'}
689,{'Output': 'mismatch'},{'Output': 'mismatch'}
690,{'Output': 'mismatch'},{'Output': 'mismatch'}
691,{'Output': 'mismatch'},{'Output': 'mismatch'}
692,{'Output': 'mismatch'},{'Output': 'mismatch'}
693,{'Output': 'mismatch'},{'Output': 'mismatch'}
694,{'Output': 'mismatch'},{'Output': 'mismatch'}
695,{'Output': 'mismatch'},{'Output': 'mismatch'}
696,{'Output': 'mismatch'},{'Output': 'mismatch'}
697,{'Output': 'mismatch'},{'Output': 'mismatch'}
698,{'Output': 'mismatch'},{'Output': 'mismatch'}
699,{'Output': 'mismatch'},{'Output': 'mismatch'}
700,{'Output': 'mismatch'},{'Output': 'mismatch'}
701,{'Output': 'mismatch'},{'Output': 'mismatch'}
702,{'Output': 'mismatch'},{'Output': 'mismatch'}
703,{'Output': 'mismatch'},{'Output': 'match'}
704,{'Output': 'mismatch'},{'Output': 'mismatch'}
705,{'Output': 'mismatch'},{'Output': 'mismatch'}
706,{'Output': 'mismatch'},{'Output': 'mismatch'}
707,{'Output': 'mismatch'},{'Output': 'mismatch'}
708,{'Output': 'mismatch'},{'Output': 'mismatch'}
709,{'Output': 'mismatch'},{'Output': 'mismatch'}
710,{'Output': 'mismatch'},{'Output': 'mismatch'}
711,{'Output': 'mismatch'},{'Output': 'mismatch'}
712,{'Output': 'mismatch'},{'Output': 'mismatch'}
713,{'Output': 'mismatch'},{'Output': 'mismatch'}
714,{'Output': 'mismatch'},{'Output': 'mismatch'}
715,{'Output': 'mismatch'},{'Output': 'mismatch'}
716,{'Output': 'mismatch'},{'Output': 'mismatch'}
717,{'Output': 'mismatch'},{'Output': 'mismatch'}
718,{'Output': 'mismatch'},{'Output': 'mismatch'}
719,{'Output': 'mismatch'},{'Output': 'mismatch'}
720,{'Output': 'mismatch'},{'Output': 'mismatch'}
721,{'Output': 'mismatch'},{'Output': 'mismatch'}
722,{'Output': 'mismatch'},{'Output': 'mismatch'}
723,{'Output': 'mismatch'},{'Output': 'mismatch'}
724,{'Output': 'mismatch'},{'Output': 'mismatch'}
725,{'Output': 'mismatch'},{'Output': 'mismatch'}
726,{'Output': 'mismatch'},{'Output': 'mismatch'}
727,{'Output': 'mismatch'},{'Output': 'mismatch'}
728,{'Output': 'mismatch'},{'Output': 'mismatch'}
729,{'Output': 'mismatch'},{'Output': 'mismatch'}
730,{'Output': 'mismatch'},{'Output': 'mismatch'}
731,{'Output': 'mismatch'},{'Output': 'mismatch'}
732,{'Output': 'mismatch'},{'Output': 'mismatch'}
733,{'Output': 'mismatch'},{'Output': 'mismatch'}
734,{'Output': 'mismatch'},{'Output': 'mismatch'}
735,{'Output': 'mismatch'},{'Output': 'mismatch'}
736,{'Output': 'mismatch'},{'Output': 'mismatch'}
737,{'Output': 'mismatch'},{'Output': 'mismatch'}
738,{'Output': 'mismatch'},{'Output': 'mismatch'}
739,{'Output': 'mismatch'},{'Output': 'mismatch'}
740,{'Output': 'mismatch'},{'Output': 'mismatch'}
741,{'Output': 'mismatch'},{'Output': 'mismatch'}
742,{'Output': 'mismatch'},{'Output': 'mismatch'}
743,{'Output': 'mismatch'},{'Output': 'mismatch'}
744,{'Output': 'mismatch'},{'Output': 'mismatch'}
745,{'Output': 'mismatch'},{'Output': 'mismatch'}
746,{'Output': 'mismatch'},{'Output': 'mismatch'}
747,{'Output': 'mismatch'},{'Output': 'mismatch'}
748,{'Output': 'mismatch'},{'Output': 'mismatch'}
749,{'Output': 'mismatch'},{'Output': 'mismatch'}
750,{'Output': 'mismatch'},{'Output': 'mismatch'}
751,{'Output': 'mismatch'},{'Output': 'mismatch'}
752,{'Output': 'mismatch'},{'Output': 'mismatch'}
753,{'Output': 'mismatch'},{'Output': 'mismatch'}
754,{'Output': 'mismatch'},{'Output': 'mismatch'}
755,{'Output': 'mismatch'},{'Output': 'mismatch'}
756,{'Output': 'mismatch'},{'Output': 'mismatch'}
757,{'Output': 'mismatch'},{'Output': 'mismatch'}
758,{'Output': 'mismatch'},{'Output': 'mismatch'}
759,{'Output': 'mismatch'},{'Output': 'mismatch'}
760,{'Output': 'mismatch'},{'Output': 'mismatch'}
761,{'Output': 'mismatch'},{'Output': 'mismatch'}
762,{'Output': 'mismatch'},{'Output': 'mismatch'}
763,{'Output': 'mismatch'},{'Output': 'mismatch'}
764,{'Output': 'mismatch'},{'Output': 'mismatch'}
765,{'Output': 'mismatch'},{'Output': 'mismatch'}
766,{'Output': 'mismatch'},{'Output': 'mismatch'}
767,{'Output': 'mismatch'},{'Output': 'mismatch'}
768,{'Output': 'mismatch'},{'Output': 'mismatch'}
769,{'Output': 'mismatch'},{'Output': 'mismatch'}
770,{'Output': 'mismatch'},{'Output': 'mismatch'}
771,{'Output': 'mismatch'},{'Output': 'mismatch'}
772,{'Output': 'mismatch'},{'Output': 'mismatch'}
773,{'Output': 'mismatch'},{'Output': 'mismatch'}
774,{'Output': 'mismatch'},{'Output': 'mismatch'}
775,{'Output': 'mismatch'},{'Output': 'mismatch'}
776,{'Output': 'mismatch'},{'Output': 'mismatch'}
777,{'Output': 'mismatch'},{'Output': 'mismatch'}
778,{'Output': 'mismatch'},{'Output': 'mismatch'}
779,{'Output': 'mismatch'},{'Output': 'mismatch'}
780,{'Output': 'mismatch'},{'Output': 'mismatch'}
781,{'Output': 'mismatch'},{'Output': 'mismatch'}
782,{'Output': 'mismatch'},{'Output': 'mismatch'}
783,{'Output': 'mismatch'},{'Output': 'mismatch'}
784,{'Output': 'mismatch'},{'Output': 'match'}
785,{'Output': 'mismatch'},{'Output': 'mismatch'}
786,{'Output': 'mismatch'},{'Output': 'mismatch'}
787,{'Output': 'mismatch'},{'Output': 'mismatch'}
788,{'Output': 'mismatch'},{'Output': 'mismatch'}
789,{'Output': 'mismatch'},{'Output': 'mismatch'}
790,{'Output': 'mismatch'},{'Output': 'mismatch'}
791,{'Output': 'mismatch'},{'Output': 'mismatch'}
792,{'Output': 'mismatch'},{'Output': 'mismatch'}
793,{'Output': 'mismatch'},{'Output': 'mismatch'}
794,{'Output': 'mismatch'},{'Output': 'mismatch'}
795,{'Output': 'mismatch'},{'Output': 'mismatch'}
796,{'Output': 'mismatch'},{'Output': 'mismatch'}
797,{'Output': 'mismatch'},{'Output': 'mismatch'}
798,{'Output': 'mismatch'},{'Output': 'mismatch'}
799,{'Output': 'mismatch'},{'Output': 'mismatch'}
800,{'Output': 'mismatch'},{'Output': 'mismatch'}
801,{'Output': 'mismatch'},{'Output': 'mismatch'}
802,{'Output': 'mismatch'},{'Output': 'mismatch'}
803,{'Output': 'mismatch'},{'Output': 'mismatch'}
804,{'Output': 'mismatch'},{'Output': 'mismatch'}
805,{'Output': 'mismatch'},{'Output': 'mismatch'}
806,{'Output': 'mismatch'},{'Output': 'mismatch'}
807,{'Output': 'mismatch'},{'Output': 'mismatch'}
808,{'Output': 'mismatch'},{'Output': 'mismatch'}
809,{'Output': 'mismatch'},{'Output': 'mismatch'}
810,{'Output': 'mismatch'},{'Output': 'mismatch'}
811,{'Output': 'mismatch'},{'Output': 'mismatch'}
812,{'Output': 'mismatch'},{'Output': 'mismatch'}
813,{'Output': 'mismatch'},{'Output': 'mismatch'}
814,{'Output': 'mismatch'},{'Output': 'mismatch'}
815,{'Output': 'mismatch'},{'Output': 'mismatch'}
816,{'Output': 'mismatch'},{'Output': 'mismatch'}
817,{'Output': 'mismatch'},{'Output': 'mismatch'}
818,{'Output': 'mismatch'},{'Output': 'mismatch'}
819,{'Output': 'mismatch'},{'Output': 'mismatch'}
820,{'Output': 'mismatch'},{'Output': 'mismatch'}
821,{'Output': 'mismatch'},{'Output': 'mismatch'}
822,{'Output': 'mismatch'},{'Output': 'mismatch'}
823,{'Output': 'mismatch'},{'Output': 'mismatch'}
824,{'Output': 'mismatch'},{'Output': 'mismatch'}
825,{'Output': 'mismatch'},{'Output': 'mismatch'}
826,{'Output': 'mismatch'},{'Output': 'mismatch'}
827,{'Output': 'mismatch'},{'Output': 'mismatch'}
828,{'Output': 'mismatch'},{'Output': 'mismatch'}
829,{'Output': 'mismatch'},{'Output': 'mismatch'}
830,{'Output': 'mismatch'},{'Output': 'mismatch'}
831,{'Output': 'mismatch'},{'Output': 'mismatch'}
832,{'Output': 'mismatch'},{'Output': 'mismatch'}
833,{'Output': 'mismatch'},{'Output': 'mismatch'}
834,{'Output': 'mismatch'},{'Output': 'mismatch'}
835,{'Output': 'mismatch'},{'Output': 'mismatch'}
836,{'Output': 'mismatch'},{'Output': 'mismatch'}
837,{'Output': 'mismatch'},{'Output': 'mismatch'}
838,{'Output': 'mismatch'},{'Output': 'mismatch'}
839,{'Output': 'mismatch'},{'Output': 'mismatch'}
840,{'Output': 'mismatch'},{'Output': 'mismatch'}
841,{'Output': 'mismatch'},{'Output': 'mismatch'}
842,{'Output': 'mismatch'},{'Output': 'mismatch'}
843,{'Output': 'mismatch'},{'Output': 'mismatch'}
844,{'Output': 'mismatch'},{'Output': 'mismatch'}
845,{'Output': 'mismatch'},{'Output': 'mismatch'}
846,{'Output': 'mismatch'},{'Output': 'mismatch'}
847,{'Output': 'mismatch'},{'Output': 'mismatch'}
848,{'Output': 'mismatch'},{'Output': 'mismatch'}
849,{'Output': 'mismatch'},{'Output': 'mismatch'}
850,{'Output': 'mismatch'},{'Output': 'mismatch'}
851,{'Output': 'mismatch'},{'Output': 'mismatch'}
852,{'Output': 'mismatch'},{'Output': 'mismatch'}
853,{'Output': 'mismatch'},{'Output': 'mismatch'}
854,{'Output': 'mismatch'},{'Output': 'mismatch'}
855,{'Output': 'mismatch'},{'Output': 'mismatch'}
856,{'Output': 'mismatch'},{'Output': 'mismatch'}
857,{'Output': 'mismatch'},{'Output': 'mismatch'}
858,{'Output': 'mismatch'},{'Output': 'mismatch'}
859,{'Output': 'mismatch'},{'Output': 'mismatch'}
860,{'Output': 'mismatch'},{'Output': 'mismatch'}
861,{'Output': 'mismatch'},{'Output': 'mismatch'}
862,{'Output': 'mismatch'},{'Output': 'mismatch'}
863,{'Output': 'mismatch'},{'Output': 'mismatch'}
864,{'Output': 'mismatch'},{'Output': 'mismatch'}
865,{'Output': 'mismatch'},{'Output': 'mismatch'}
866,{'Output': 'mismatch'},{'Output': 'mismatch'}
867,{'Output': 'mismatch'},{'Output': 'mismatch'}
868,{'Output': 'mismatch'},{'Output': 'mismatch'}
869,{'Output': 'mismatch'},{'Output': 'mismatch'}
870,{'Output': 'mismatch'},{'Output': 'mismatch'}
871,{'Output': 'mismatch'},{'Output': 'mismatch'}
872,{'Output': 'mismatch'},{'Output': 'mismatch'}
873,{'Output': 'mismatch'},{'Output': 'mismatch'}
874,{'Output': 'mismatch'},{'Output': 'mismatch'}
875,{'Output': 'mismatch'},{'Output': 'mismatch'}
876,{'Output': 'mismatch'},{'Output': 'mismatch'}
877,{'Output': 'mismatch'},{'Output': 'mismatch'}
878,{'Output': 'mismatch'},{'Output': 'mismatch'}
879,{'Output': 'mismatch'},{'Output': 'mismatch'}
880,{'Output': 'mismatch'},{'Output': 'mismatch'}
881,{'Output': 'mismatch'},{'Output': 'mismatch'}
882,{'Output': 'mismatch'},{'Output': 'mismatch'}
883,{'Output': 'mismatch'},{'Output': 'mismatch'}
884,{'Output': 'mismatch'},{'Output': 'mismatch'}
885,{'Output': 'mismatch'},{'Output': 'mismatch'}
886,{'Output': 'mismatch'},{'Output': 'mismatch'}
887,{'Output': 'mismatch'},{'Output': 'mismatch'}
888,{'Output': 'mismatch'},{'Output': 'mismatch'}
889,{'Output': 'mismatch'},{'Output': 'mismatch'}
890,{'Output': 'mismatch'},{'Output': 'mismatch'}
891,{'Output': 'mismatch'},{'Output': 'mismatch'}
892,{'Output': 'mismatch'},{'Output': 'mismatch'}
893,{'Output': 'mismatch'},{'Output': 'mismatch'}
894,{'Output': 'mismatch'},{'Output': 'mismatch'}
895,{'Output': 'mismatch'},{'Output': 'mismatch'}
896,{'Output': 'mismatch'},{'Output': 'mismatch'}
897,{'Output': 'mismatch'},{'Output': 'mismatch'}
898,{'Output': 'mismatch'},{'Output': 'mismatch'}
899,{'Output': 'mismatch'},{'Output': 'mismatch'}
900,{'Output': 'mismatch'},{'Output': 'mismatch'}
901,{'Output': 'mismatch'},{'Output': 'mismatch'}
902,{'Output': 'mismatch'},{'Output': 'mismatch'}
903,{'Output': 'mismatch'},{'Output': 'mismatch'}
904,{'Output': 'mismatch'},{'Output': 'mismatch'}
905,{'Output': 'mismatch'},{'Output': 'mismatch'}
906,{'Output': 'mismatch'},{'Output': 'mismatch'}
907,{'Output': 'mismatch'},{'Output': 'mismatch'}
908,{'Output': 'mismatch'},{'Output': 'mismatch'}
909,{'Output': 'mismatch'},{'Output': 'mismatch'}
910,{'Output': 'mismatch'},{'Output': 'mismatch'}
911,{'Output': 'mismatch'},{'Output': 'mismatch'}
912,{'Output': 'mismatch'},{'Output': 'mismatch'}
913,{'Output': 'mismatch'},{'Output': 'mismatch'}
914,{'Output': 'mismatch'},{'Output': 'mismatch'}
915,{'Output': 'mismatch'},{'Output': 'mismatch'}
916,{'Output': 'mismatch'},{'Output': 'mismatch'}
917,{'Output': 'mismatch'},{'Output': 'mismatch'}
918,{'Output': 'mismatch'},{'Output': 'mismatch'}
919,{'Output': 'mismatch'},{'Output': 'mismatch'}
920,{'Output': 'mismatch'},{'Output': 'mismatch'}
921,{'Output': 'mismatch'},{'Output': 'mismatch'}
922,{'Output': 'mismatch'},{'Output': 'mismatch'}
923,{'Output': 'mismatch'},{'Output': 'mismatch'}
924,{'Output': 'mismatch'},{'Output': 'mismatch'}
925,{'Output': 'mismatch'},{'Output': 'mismatch'}
926,{'Output': 'mismatch'},{'Output': 'mismatch'}
927,{'Output': 'mismatch'},{'Output': 'mismatch'}
928,{'Output': 'mismatch'},{'Output': 'mismatch'}
929,{'Output': 'mismatch'},{'Output': 'mismatch'}
930,{'Output': 'mismatch'},{'Output': 'mismatch'}
931,{'Output': 'mismatch'},{'Output': 'mismatch'}
932,{'Output': 'mismatch'},{'Output': 'mismatch'}
933,{'Output': 'mismatch'},{'Output': 'mismatch'}
934,{'Output': 'mismatch'},{'Output': 'mismatch'}
935,{'Output': 'mismatch'},{'Output': 'mismatch'}
936,{'Output': 'mismatch'},{'Output': 'mismatch'}
937,{'Output': 'mismatch'},{'Output': 'mismatch'}
938,{'Output': 'mismatch'},{'Output': 'mismatch'}
939,{'Output': 'mismatch'},{'Output': 'mismatch'}
940,{'Output': 'mismatch'},{'Output': 'mismatch'}
941,{'Output': 'mismatch'},{'Output': 'mismatch'}
942,{'Output': 'mismatch'},{'Output': 'mismatch'}
943,{'Output': 'mismatch'},{'Output': 'mismatch'}
944,{'Output': 'mismatch'},{'Output': 'mismatch'}
945,{'Output': 'mismatch'},{'Output': 'mismatch'}
946,{'Output': 'mismatch'},{'Output': 'mismatch'}
947,{'Output': 'mismatch'},{'Output': 'mismatch'}
948,{'Output': 'mismatch'},{'Output': 'mismatch'}
949,{'Output': 'mismatch'},{'Output': 'mismatch'}
950,{'Output': 'mismatch'},{'Output': 'mismatch'}
951,{'Output': 'mismatch'},{'Output': 'mismatch'}
952,{'Output': 'mismatch'},{'Output': 'mismatch'}
953,{'Output': 'mismatch'},{'Output': 'mismatch'}
954,{'Output': 'mismatch'},{'Output': 'mismatch'}
955,{'Output': 'mismatch'},{'Output': 'mismatch'}
956,{'Output': 'mismatch'},{'Output': 'mismatch'}
957,{'Output': 'mismatch'},{'Output': 'mismatch'}
958,{'Output': 'mismatch'},{'Output': 'mismatch'}
959,{'Output': 'mismatch'},{'Output': 'mismatch'}
960,{'Output': 'mismatch'},{'Output': 'mismatch'}
961,{'Output': 'mismatch'},{'Output': 'mismatch'}
962,{'Output': 'mismatch'},{'Output': 'mismatch'}
963,{'Output': 'mismatch'},{'Output': 'mismatch'}
964,{'Output': 'mismatch'},{'Output': 'mismatch'}
965,{'Output': 'mismatch'},{'Output': 'mismatch'}
966,{'Output': 'mismatch'},{'Output': 'mismatch'}
967,{'Output': 'mismatch'},{'Output': 'mismatch'}
968,{'Output': 'mismatch'},{'Output': 'mismatch'}
969,{'Output': 'mismatch'},{'Output': 'mismatch'}
970,{'Output': 'mismatch'},{'Output': 'mismatch'}
971,{'Output': 'mismatch'},{'Output': 'mismatch'}
972,{'Output': 'mismatch'},{'Output': 'mismatch'}
973,{'Output': 'mismatch'},{'Output': 'mismatch'}
974,{'Output': 'mismatch'},{'Output': 'mismatch'}
975,{'Output': 'mismatch'},{'Output': 'mismatch'}
976,{'Output': 'mismatch'},{'Output': 'mismatch'}
977,{'Output': 'mismatch'},{'Output': 'mismatch'}
978,{'Output': 'mismatch'},{'Output': 'mismatch'}
979,{'Output': 'mismatch'},{'Output': 'mismatch'}
980,{'Output': 'mismatch'},{'Output': 'mismatch'}
981,{'Output': 'mismatch'},{'Output': 'mismatch'}
982,{'Output': 'mismatch'},{'Output': 'mismatch'}
983,{'Output': 'mismatch'},{'Output': 'mismatch'}
984,{'Output': 'mismatch'},{'Output': 'mismatch'}
985,{'Output': 'mismatch'},{'Output': 'mismatch'}
986,{'Output': 'mismatch'},{'Output': 'mismatch'}
987,{'Output': 'mismatch'},{'Output': 'mismatch'}
988,{'Output': 'mismatch'},{'Output': 'mismatch'}
989,{'Output': 'mismatch'},{'Output': 'mismatch'}
990,{'Output': 'mismatch'},{'Output': 'mismatch'}
991,{'Output': 'mismatch'},{'Output': 'mismatch'}
992,{'Output': 'mismatch'},{'Output': 'mismatch'}
993,{'Output': 'mismatch'},{'Output': 'mismatch'}
994,{'Output': 'mismatch'},{'Output': 'mismatch'}
995,{'Output': 'mismatch'},{'Output': 'mismatch'}
996,{'Output': 'mismatch'},{'Output': 'mismatch'}
997,{'Output': 'mismatch'},{'Output': 'mismatch'}
998,{'Output': 'mismatch'},{'Output': 'mismatch'}
999,{'Output': 'mismatch'},{'Output': 'mismatch'}
1000,{'Output': 'mismatch'},{'Output': 'mismatch'}
1001,{'Output': 'mismatch'},{'Output': 'mismatch'}
1002,{'Output': 'mismatch'},{'Output': 'mismatch'}
1003,{'Output': 'mismatch'},{'Output': 'mismatch'}
1004,{'Output': 'mismatch'},{'Output': 'mismatch'}
1005,{'Output': 'mismatch'},{'Output': 'mismatch'}
1006,{'Output': 'mismatch'},{'Output': 'mismatch'}
1007,{'Output': 'mismatch'},{'Output': 'mismatch'}
1008,{'Output': 'mismatch'},{'Output': 'mismatch'}
1009,{'Output': 'mismatch'},{'Output': 'mismatch'}
1010,{'Output': 'mismatch'},{'Output': 'mismatch'}
1011,{'Output': 'mismatch'},{'Output': 'mismatch'}
1012,{'Output': 'mismatch'},{'Output': 'mismatch'}
1013,{'Output': 'mismatch'},{'Output': 'mismatch'}
1014,{'Output': 'mismatch'},{'Output': 'mismatch'}
1015,{'Output': 'mismatch'},{'Output': 'mismatch'}
1016,{'Output': 'mismatch'},{'Output': 'mismatch'}
1017,{'Output': 'mismatch'},{'Output': 'mismatch'}
1018,{'Output': 'mismatch'},{'Output': 'mismatch'}
1019,{'Output': 'mismatch'},{'Output': 'mismatch'}
1020,{'Output': 'mismatch'},{'Output': 'mismatch'}
1021,{'Output': 'mismatch'},{'Output': 'mismatch'}
1022,{'Output': 'mismatch'},{'Output': 'mismatch'}
1023,{'Output': 'mismatch'},{'Output': 'mismatch'}
1024,{'Output': 'mismatch'},{'Output': 'mismatch'}
1025,{'Output': 'mismatch'},{'Output': 'mismatch'}
1026,{'Output': 'mismatch'},{'Output': 'mismatch'}
1027,{'Output': 'mismatch'},{'Output': 'mismatch'}
1028,{'Output': 'mismatch'},{'Output': 'mismatch'}
1029,{'Output': 'mismatch'},{'Output': 'mismatch'}
1030,{'Output': 'mismatch'},{'Output': 'mismatch'}
1031,{'Output': 'mismatch'},{'Output': 'mismatch'}
1032,{'Output': 'mismatch'},{'Output': 'mismatch'}
1033,{'Output': 'mismatch'},{'Output': 'mismatch'}
1034,{'Output': 'mismatch'},{'Output': 'mismatch'}
1035,{'Output': 'mismatch'},{'Output': 'mismatch'}
1036,{'Output': 'mismatch'},{'Output': 'mismatch'}
1037,{'Output': 'mismatch'},{'Output': 'mismatch'}
1038,{'Output': 'mismatch'},{'Output': 'mismatch'}
1039,{'Output': 'mismatch'},{'Output': 'mismatch'}
1040,{'Output': 'mismatch'},{'Output': 'mismatch'}
1041,{'Output': 'mismatch'},{'Output': 'mismatch'}
1042,{'Output': 'mismatch'},{'Output': 'mismatch'}
1043,{'Output': 'mismatch'},{'Output': 'mismatch'}
1044,{'Output': 'mismatch'},{'Output': 'mismatch'}
1045,{'Output': 'mismatch'},{'Output': 'mismatch'}
1046,{'Output': 'mismatch'},{'Output': 'mismatch'}
1047,{'Output': 'mismatch'},{'Output': 'mismatch'}
1048,{'Output': 'mismatch'},{'Output': 'mismatch'}
1049,{'Output': 'mismatch'},{'Output': 'mismatch'}
1050,{'Output': 'mismatch'},{'Output': 'mismatch'}
1051,{'Output': 'mismatch'},{'Output': 'mismatch'}
1052,{'Output': 'mismatch'},{'Output': 'mismatch'}
1053,{'Output': 'mismatch'},{'Output': 'mismatch'}
1054,{'Output': 'mismatch'},{'Output': 'mismatch'}
1055,{'Output': 'mismatch'},{'Output': 'mismatch'}
1056,{'Output': 'mismatch'},{'Output': 'mismatch'}
1057,{'Output': 'match'},{'Output': 'mismatch'}
1058,{'Output': 'mismatch'},{'Output': 'match'}
1059,{'Output': 'mismatch'},{'Output': 'mismatch'}
1060,{'Output': 'mismatch'},{'Output': 'mismatch'}
1061,{'Output': 'mismatch'},{'Output': 'mismatch'}
1062,{'Output': 'mismatch'},{'Output': 'mismatch'}
1063,{'Output': 'mismatch'},{'Output': 'mismatch'}
1064,{'Output': 'mismatch'},{'Output': 'mismatch'}
1065,{'Output': 'mismatch'},{'Output': 'mismatch'}
1066,{'Output': 'mismatch'},{'Output': 'mismatch'}
1067,{'Output': 'mismatch'},{'Output': 'mismatch'}
1068,{'Output': 'mismatch'},{'Output': 'mismatch'}
1069,{'Output': 'mismatch'},{'Output': 'mismatch'}
1070,{'Output': 'mismatch'},{'Output': 'mismatch'}
1071,{'Output': 'mismatch'},{'Output': 'mismatch'}
1072,{'Output': 'mismatch'},{'Output': 'mismatch'}
1073,{'Output': 'mismatch'},{'Output': 'mismatch'}
1074,{'Output': 'mismatch'},{'Output': 'mismatch'}
1075,{'Output': 'mismatch'},{'Output': 'mismatch'}
1076,{'Output': 'mismatch'},{'Output': 'mismatch'}
1077,{'Output': 'mismatch'},{'Output': 'mismatch'}
1078,{'Output': 'mismatch'},{'Output': 'mismatch'}
1079,{'Output': 'mismatch'},{'Output': 'mismatch'}
1080,{'Output': 'mismatch'},{'Output': 'mismatch'}
1081,{'Output': 'mismatch'},{'Output': 'mismatch'}
1082,{'Output': 'mismatch'},{'Output': 'mismatch'}
1083,{'Output': 'mismatch'},{'Output': 'mismatch'}
1084,{'Output': 'mismatch'},{'Output': 'mismatch'}
1085,{'Output': 'mismatch'},{'Output': 'mismatch'}
1086,{'Output': 'mismatch'},{'Output': 'mismatch'}
1087,{'Output': 'mismatch'},{'Output': 'mismatch'}
1088,{'Output': 'mismatch'},{'Output': 'mismatch'}
1089,{'Output': 'mismatch'},{'Output': 'mismatch'}
1090,{'Output': 'mismatch'},{'Output': 'mismatch'}
1091,{'Output': 'mismatch'},{'Output': 'mismatch'}
1092,{'Output': 'mismatch'},{'Output': 'mismatch'}
1093,{'Output': 'mismatch'},{'Output': 'mismatch'}
1094,{'Output': 'mismatch'},{'Output': 'mismatch'}
1095,{'Output': 'mismatch'},{'Output': 'mismatch'}
1096,{'Output': 'mismatch'},{'Output': 'mismatch'}
1097,{'Output': 'mismatch'},{'Output': 'mismatch'}
1098,{'Output': 'mismatch'},{'Output': 'mismatch'}
1099,{'Output': 'mismatch'},{'Output': 'mismatch'}
1100,{'Output': 'mismatch'},{'Output': 'mismatch'}
1101,{'Output': 'mismatch'},{'Output': 'mismatch'}
1102,{'Output': 'mismatch'},{'Output': 'mismatch'}
1103,{'Output': 'mismatch'},{'Output': 'mismatch'}
1104,{'Output': 'mismatch'},{'Output': 'mismatch'}
1105,{'Output': 'mismatch'},{'Output': 'mismatch'}
1106,{'Output': 'mismatch'},{'Output': 'mismatch'}
1107,{'Output': 'mismatch'},{'Output': 'mismatch'}
1108,{'Output': 'mismatch'},{'Output': 'mismatch'}
1109,{'Output': 'mismatch'},{'Output': 'mismatch'}
1110,{'Output': 'mismatch'},{'Output': 'mismatch'}
1111,{'Output': 'mismatch'},{'Output': 'mismatch'}
1112,{'Output': 'mismatch'},{'Output': 'mismatch'}
1113,{'Output': 'mismatch'},{'Output': 'mismatch'}
1114,{'Output': 'mismatch'},{'Output': 'mismatch'}
1115,{'Output': 'mismatch'},{'Output': 'mismatch'}
1116,{'Output': 'mismatch'},{'Output': 'mismatch'}
1117,{'Output': 'mismatch'},{'Output': 'mismatch'}
1118,{'Output': 'mismatch'},{'Output': 'mismatch'}
1119,{'Output': 'mismatch'},{'Output': 'mismatch'}
1120,{'Output': 'mismatch'},{'Output': 'mismatch'}
1121,{'Output': 'mismatch'},{'Output': 'mismatch'}
1122,{'Output': 'mismatch'},{'Output': 'mismatch'}
1123,{'Output': 'mismatch'},{'Output': 'mismatch'}
1124,{'Output': 'mismatch'},{'Output': 'mismatch'}
1125,{'Output': 'mismatch'},{'Output': 'mismatch'}
1126,{'Output': 'mismatch'},{'Output': 'mismatch'}
1127,{'Output': 'mismatch'},{'Output': 'mismatch'}
1128,{'Output': 'mismatch'},{'Output': 'mismatch'}
1129,{'Output': 'mismatch'},{'Output': 'mismatch'}
1130,{'Output': 'mismatch'},{'Output': 'mismatch'}
1131,{'Output': 'mismatch'},{'Output': 'mismatch'}
1132,{'Output': 'match'},{'Output': 'mismatch'}
1133,{'Output': 'mismatch'},{'Output': 'mismatch'}
1134,{'Output': 'mismatch'},{'Output': 'mismatch'}
1135,{'Output': 'mismatch'},{'Output': 'mismatch'}
1136,{'Output': 'mismatch'},{'Output': 'mismatch'}
1137,{'Output': 'mismatch'},{'Output': 'mismatch'}
1138,{'Output': 'mismatch'},{'Output': 'mismatch'}
1139,{'Output': 'mismatch'},{'Output': 'mismatch'}
1140,{'Output': 'mismatch'},{'Output': 'mismatch'}
1141,{'Output': 'mismatch'},{'Output': 'mismatch'}
1142,{'Output': 'mismatch'},{'Output': 'mismatch'}
1143,{'Output': 'mismatch'},{'Output': 'mismatch'}
1144,{'Output': 'mismatch'},{'Output': 'mismatch'}
1145,{'Output': 'mismatch'},{'Output': 'mismatch'}
1146,{'Output': 'mismatch'},{'Output': 'mismatch'}
1147,{'Output': 'mismatch'},{'Output': 'mismatch'}
1148,{'Output': 'mismatch'},{'Output': 'mismatch'}
1149,{'Output': 'mismatch'},{'Output': 'mismatch'}
1150,{'Output': 'mismatch'},{'Output': 'mismatch'}
1151,{'Output': 'mismatch'},{'Output': 'mismatch'}
1152,{'Output': 'mismatch'},{'Output': 'mismatch'}
1153,{'Output': 'mismatch'},{'Output': 'mismatch'}
1154,{'Output': 'mismatch'},{'Output': 'mismatch'}
1155,{'Output': 'mismatch'},{'Output': 'mismatch'}
1156,{'Output': 'mismatch'},{'Output': 'mismatch'}
1157,{'Output': 'mismatch'},{'Output': 'mismatch'}
1158,{'Output': 'mismatch'},{'Output': 'mismatch'}
1159,{'Output': 'mismatch'},{'Output': 'mismatch'}
1160,{'Output': 'mismatch'},{'Output': 'mismatch'}
1161,{'Output': 'mismatch'},{'Output': 'mismatch'}
1162,{'Output': 'mismatch'},{'Output': 'mismatch'}
1163,{'Output': 'mismatch'},{'Output': 'mismatch'}
1164,{'Output': 'mismatch'},{'Output': 'mismatch'}
1165,{'Output': 'mismatch'},{'Output': 'mismatch'}
1166,{'Output': 'mismatch'},{'Output': 'mismatch'}
1167,{'Output': 'mismatch'},{'Output': 'mismatch'}
1168,{'Output': 'mismatch'},{'Output': 'mismatch'}
1169,{'Output': 'mismatch'},{'Output': 'mismatch'}
1170,{'Output': 'mismatch'},{'Output': 'mismatch'}
1171,{'Output': 'mismatch'},{'Output': 'mismatch'}
1172,{'Output': 'mismatch'},{'Output': 'mismatch'}
1173,{'Output': 'mismatch'},{'Output': 'mismatch'}
1174,{'Output': 'mismatch'},{'Output': 'mismatch'}
1175,{'Output': 'mismatch'},{'Output': 'mismatch'}
1176,{'Output': 'mismatch'},{'Output': 'mismatch'}
1177,{'Output': 'mismatch'},{'Output': 'mismatch'}
1178,{'Output': 'mismatch'},{'Output': 'mismatch'}
1179,{'Output': 'mismatch'},{'Output': 'mismatch'}
1180,{'Output': 'mismatch'},{'Output': 'mismatch'}
1181,{'Output': 'mismatch'},{'Output': 'mismatch'}
1182,{'Output': 'mismatch'},{'Output': 'mismatch'}
1183,{'Output': 'mismatch'},{'Output': 'mismatch'}
1184,{'Output': 'mismatch'},{'Output': 'mismatch'}
1185,{'Output': 'mismatch'},{'Output': 'mismatch'}
1186,{'Output': 'mismatch'},{'Output': 'mismatch'}
1187,{'Output': 'mismatch'},{'Output': 'mismatch'}
1188,{'Output': 'mismatch'},{'Output': 'mismatch'}
1189,{'Output': 'mismatch'},{'Output': 'mismatch'}
1190,{'Output': 'mismatch'},{'Output': 'mismatch'}
1191,{'Output': 'mismatch'},{'Output': 'mismatch'}
1192,{'Output': 'mismatch'},{'Output': 'mismatch'}
1193,{'Output': 'mismatch'},{'Output': 'mismatch'}
1194,{'Output': 'mismatch'},{'Output': 'mismatch'}
1195,{'Output': 'mismatch'},{'Output': 'mismatch'}
1196,{'Output': 'mismatch'},{'Output': 'mismatch'}
1197,{'Output': 'mismatch'},{'Output': 'mismatch'}
1198,{'Output': 'mismatch'},{'Output': 'mismatch'}
1199,{'Output': 'mismatch'},{'Output': 'mismatch'}
1200,{'Output': 'mismatch'},{'Output': 'mismatch'}
1201,{'Output': 'mismatch'},{'Output': 'mismatch'}
1202,{'Output': 'mismatch'},{'Output': 'mismatch'}
1203,{'Output': 'mismatch'},{'Output': 'mismatch'}
1204,{'Output': 'mismatch'},{'Output': 'mismatch'}
1205,{'Output': 'mismatch'},{'Output': 'mismatch'}
1206,{'Output': 'mismatch'},{'Output': 'mismatch'}
1207,{'Output': 'mismatch'},{'Output': 'mismatch'}
1208,{'Output': 'mismatch'},{'Output': 'mismatch'}
1209,{'Output': 'mismatch'},{'Output': 'mismatch'}
1210,{'Output': 'mismatch'},{'Output': 'mismatch'}
1211,{'Output': 'mismatch'},{'Output': 'mismatch'}
1212,{'Output': 'mismatch'},{'Output': 'mismatch'}
1213,{'Output': 'mismatch'},{'Output': 'mismatch'}
1214,{'Output': 'mismatch'},{'Output': 'mismatch'}
1215,{'Output': 'mismatch'},{'Output': 'mismatch'}
1216,{'Output': 'mismatch'},{'Output': 'mismatch'}
1217,{'Output': 'mismatch'},{'Output': 'mismatch'}
1218,{'Output': 'mismatch'},{'Output': 'mismatch'}
1219,{'Output': 'mismatch'},{'Output': 'mismatch'}
1220,{'Output': 'mismatch'},{'Output': 'mismatch'}
1221,{'Output': 'mismatch'},{'Output': 'mismatch'}
1222,{'Output': 'mismatch'},{'Output': 'mismatch'}
1223,{'Output': 'mismatch'},{'Output': 'mismatch'}
1224,{'Output': 'mismatch'},{'Output': 'mismatch'}
1225,{'Output': 'mismatch'},{'Output': 'mismatch'}
1226,{'Output': 'mismatch'},{'Output': 'mismatch'}
1227,{'Output': 'mismatch'},{'Output': 'mismatch'}
1228,{'Output': 'mismatch'},{'Output': 'mismatch'}
1229,{'Output': 'mismatch'},{'Output': 'mismatch'}
1230,{'Output': 'mismatch'},{'Output': 'mismatch'}
1231,{'Output': 'mismatch'},{'Output': 'mismatch'}
1232,{'Output': 'mismatch'},{'Output': 'mismatch'}
1233,{'Output': 'mismatch'},{'Output': 'mismatch'}
1234,{'Output': 'match'},{'Output': 'mismatch'}
1235,{'Output': 'mismatch'},{'Output': 'mismatch'}
1236,{'Output': 'mismatch'},{'Output': 'mismatch'}
1237,{'Output': 'mismatch'},{'Output': 'mismatch'}
1238,{'Output': 'mismatch'},{'Output': 'mismatch'}
1239,{'Output': 'mismatch'},{'Output': 'mismatch'}
1240,{'Output': 'mismatch'},{'Output': 'mismatch'}
1241,{'Output': 'mismatch'},{'Output': 'mismatch'}
1242,{'Output': 'mismatch'},{'Output': 'mismatch'}
1243,{'Output': 'mismatch'},{'Output': 'mismatch'}
1244,{'Output': 'mismatch'},{'Output': 'mismatch'}
1245,{'Output': 'mismatch'},{'Output': 'mismatch'}
1246,{'Output': 'mismatch'},{'Output': 'mismatch'}
1247,{'Output': 'mismatch'},{'Output': 'mismatch'}
1248,{'Output': 'mismatch'},{'Output': 'mismatch'}
1249,{'Output': 'mismatch'},{'Output': 'mismatch'}
1250,{'Output': 'mismatch'},{'Output': 'mismatch'}
1251,{'Output': 'mismatch'},{'Output': 'mismatch'}
1252,{'Output': 'mismatch'},{'Output': 'mismatch'}
1253,{'Output': 'mismatch'},{'Output': 'mismatch'}
1254,{'Output': 'mismatch'},{'Output': 'mismatch'}
1255,{'Output': 'mismatch'},{'Output': 'mismatch'}
1256,{'Output': 'mismatch'},{'Output': 'mismatch'}
1257,{'Output': 'mismatch'},{'Output': 'mismatch'}
1258,{'Output': 'mismatch'},{'Output': 'mismatch'}
1259,{'Output': 'mismatch'},{'Output': 'mismatch'}
1260,{'Output': 'mismatch'},{'Output': 'mismatch'}
1261,{'Output': 'mismatch'},{'Output': 'mismatch'}
1262,{'Output': 'mismatch'},{'Output': 'mismatch'}
1263,{'Output': 'mismatch'},{'Output': 'mismatch'}
1264,{'Output': 'mismatch'},{'Output': 'mismatch'}
1265,{'Output': 'mismatch'},{'Output': 'mismatch'}
1266,{'Output': 'mismatch'},{'Output': 'mismatch'}
1267,{'Output': 'mismatch'},{'Output': 'mismatch'}
1268,{'Output': 'mismatch'},{'Output': 'mismatch'}
1269,{'Output': 'mismatch'},{'Output': 'mismatch'}
1270,{'Output': 'mismatch'},{'Output': 'mismatch'}
1271,{'Output': 'mismatch'},{'Output': 'mismatch'}
1272,{'Output': 'mismatch'},{'Output': 'mismatch'}
1273,{'Output': 'mismatch'},{'Output': 'mismatch'}
1274,{'Output': 'mismatch'},{'Output': 'mismatch'}
1275,{'Output': 'mismatch'},{'Output': 'mismatch'}
1276,{'Output': 'mismatch'},{'Output': 'mismatch'}
1277,{'Output': 'mismatch'},{'Output': 'mismatch'}
1278,{'Output': 'mismatch'},{'Output': 'mismatch'}
1279,{'Output': 'mismatch'},{'Output': 'mismatch'}
1280,{'Output': 'mismatch'},{'Output': 'mismatch'}
1281,{'Output': 'mismatch'},{'Output': 'mismatch'}
1282,{'Output': 'mismatch'},{'Output': 'mismatch'}
1283,{'Output': 'mismatch'},{'Output': 'mismatch'}
1284,{'Output': 'mismatch'},{'Output': 'mismatch'}
1285,{'Output': 'mismatch'},{'Output': 'mismatch'}
1286,{'Output': 'mismatch'},{'Output': 'mismatch'}
1287,{'Output': 'mismatch'},{'Output': 'mismatch'}
1288,{'Output': 'mismatch'},{'Output': 'mismatch'}
1289,{'Output': 'mismatch'},{'Output': 'mismatch'}
1290,{'Output': 'mismatch'},{'Output': 'mismatch'}
1291,{'Output': 'mismatch'},{'Output': 'mismatch'}
1292,{'Output': 'mismatch'},{'Output': 'mismatch'}
1293,{'Output': 'mismatch'},{'Output': 'match'}
1294,{'Output': 'mismatch'},{'Output': 'mismatch'}
1295,{'Output': 'mismatch'},{'Output': 'mismatch'}
1296,{'Output': 'mismatch'},{'Output': 'mismatch'}
1297,{'Output': 'mismatch'},{'Output': 'mismatch'}
1298,{'Output': 'mismatch'},{'Output': 'mismatch'}
1299,{'Output': 'mismatch'},{'Output': 'mismatch'}
1300,{'Output': 'mismatch'},{'Output': 'mismatch'}
1301,{'Output': 'mismatch'},{'Output': 'mismatch'}
1302,{'Output': 'mismatch'},{'Output': 'mismatch'}
1303,{'Output': 'mismatch'},{'Output': 'mismatch'}
1304,{'Output': 'mismatch'},{'Output': 'mismatch'}
1305,{'Output': 'mismatch'},{'Output': 'mismatch'}
1306,{'Output': 'mismatch'},{'Output': 'mismatch'}
1307,{'Output': 'mismatch'},{'Output': 'mismatch'}
1308,{'Output': 'mismatch'},{'Output': 'mismatch'}
1309,{'Output': 'mismatch'},{'Output': 'mismatch'}
1310,{'Output': 'mismatch'},{'Output': 'mismatch'}
1311,{'Output': 'mismatch'},{'Output': 'mismatch'}
1312,{'Output': 'mismatch'},{'Output': 'mismatch'}
1313,{'Output': 'mismatch'},{'Output': 'mismatch'}
1314,{'Output': 'mismatch'},{'Output': 'mismatch'}
1315,{'Output': 'mismatch'},{'Output': 'mismatch'}
1316,{'Output': 'mismatch'},{'Output': 'mismatch'}
1317,{'Output': 'mismatch'},{'Output': 'mismatch'}
1318,{'Output': 'mismatch'},{'Output': 'mismatch'}
1319,{'Output': 'mismatch'},{'Output': 'mismatch'}
1320,{'Output': 'mismatch'},{'Output': 'mismatch'}
1321,{'Output': 'mismatch'},{'Output': 'mismatch'}
1322,{'Output': 'mismatch'},{'Output': 'mismatch'}
1323,{'Output': 'mismatch'},{'Output': 'mismatch'}
1324,{'Output': 'mismatch'},{'Output': 'mismatch'}
1325,{'Output': 'mismatch'},{'Output': 'mismatch'}
1326,{'Output': 'mismatch'},{'Output': 'mismatch'}
1327,{'Output': 'mismatch'},{'Output': 'mismatch'}
1328,{'Output': 'mismatch'},{'Output': 'mismatch'}
1329,{'Output': 'mismatch'},{'Output': 'mismatch'}
1330,{'Output': 'mismatch'},{'Output': 'mismatch'}
1331,{'Output': 'mismatch'},{'Output': 'mismatch'}
1332,{'Output': 'mismatch'},{'Output': 'mismatch'}
1333,{'Output': 'mismatch'},{'Output': 'mismatch'}
1334,{'Output': 'mismatch'},{'Output': 'mismatch'}
1335,{'Output': 'mismatch'},{'Output': 'mismatch'}
1336,{'Output': 'mismatch'},{'Output': 'mismatch'}
1337,{'Output': 'mismatch'},{'Output': 'mismatch'}
1338,{'Output': 'mismatch'},{'Output': 'mismatch'}
1339,{'Output': 'mismatch'},{'Output': 'mismatch'}
1340,{'Output': 'mismatch'},{'Output': 'mismatch'}
1341,{'Output': 'mismatch'},{'Output': 'mismatch'}
1342,{'Output': 'mismatch'},{'Output': 'mismatch'}
1343,{'Output': 'mismatch'},{'Output': 'mismatch'}
1344,{'Output': 'mismatch'},{'Output': 'mismatch'}
1345,{'Output': 'mismatch'},{'Output': 'mismatch'}
1346,{'Output': 'mismatch'},{'Output': 'mismatch'}
1347,{'Output': 'mismatch'},{'Output': 'mismatch'}
1348,{'Output': 'mismatch'},{'Output': 'mismatch'}
1349,{'Output': 'mismatch'},{'Output': 'mismatch'}
1350,{'Output': 'mismatch'},{'Output': 'mismatch'}
1351,{'Output': 'mismatch'},{'Output': 'mismatch'}
1352,{'Output': 'mismatch'},{'Output': 'mismatch'}
1353,{'Output': 'mismatch'},{'Output': 'mismatch'}
1354,{'Output': 'mismatch'},{'Output': 'mismatch'}
1355,{'Output': 'mismatch'},{'Output': 'mismatch'}
1356,{'Output': 'mismatch'},{'Output': 'mismatch'}
1357,{'Output': 'mismatch'},{'Output': 'mismatch'}
1358,{'Output': 'match'},{'Output': 'mismatch'}
1359,{'Output': 'mismatch'},{'Output': 'mismatch'}
1360,{'Output': 'mismatch'},{'Output': 'mismatch'}
1361,{'Output': 'mismatch'},{'Output': 'mismatch'}
1362,{'Output': 'mismatch'},{'Output': 'mismatch'}
1363,{'Output': 'mismatch'},{'Output': 'mismatch'}
1364,{'Output': 'mismatch'},{'Output': 'mismatch'}
1365,{'Output': 'mismatch'},{'Output': 'mismatch'}
1366,{'Output': 'mismatch'},{'Output': 'mismatch'}
1367,{'Output': 'mismatch'},{'Output': 'mismatch'}
1368,{'Output': 'mismatch'},{'Output': 'mismatch'}
1369,{'Output': 'mismatch'},{'Output': 'mismatch'}
1370,{'Output': 'mismatch'},{'Output': 'mismatch'}
1371,{'Output': 'mismatch'},{'Output': 'mismatch'}
1372,{'Output': 'mismatch'},{'Output': 'mismatch'}
1373,{'Output': 'mismatch'},{'Output': 'mismatch'}
1374,{'Output': 'mismatch'},{'Output': 'mismatch'}
1375,{'Output': 'mismatch'},{'Output': 'mismatch'}
1376,{'Output': 'mismatch'},{'Output': 'mismatch'}
1377,{'Output': 'mismatch'},{'Output': 'mismatch'}
1378,{'Output': 'mismatch'},{'Output': 'mismatch'}
1379,{'Output': 'mismatch'},{'Output': 'mismatch'}
1380,{'Output': 'mismatch'},{'Output': 'mismatch'}
1381,{'Output': 'mismatch'},{'Output': 'mismatch'}
1382,{'Output': 'mismatch'},{'Output': 'mismatch'}
1383,{'Output': 'mismatch'},{'Output': 'mismatch'}
1384,{'Output': 'mismatch'},{'Output': 'mismatch'}
1385,{'Output': 'mismatch'},{'Output': 'mismatch'}
1386,{'Output': 'mismatch'},{'Output': 'mismatch'}
1387,{'Output': 'mismatch'},{'Output': 'mismatch'}
1388,{'Output': 'mismatch'},{'Output': 'mismatch'}
1389,{'Output': 'mismatch'},{'Output': 'mismatch'}
1390,{'Output': 'mismatch'},{'Output': 'mismatch'}
1391,{'Output': 'mismatch'},{'Output': 'mismatch'}
1392,{'Output': 'mismatch'},{'Output': 'mismatch'}
1393,{'Output': 'mismatch'},{'Output': 'mismatch'}
1394,{'Output': 'mismatch'},{'Output': 'mismatch'}
1395,{'Output': 'mismatch'},{'Output': 'mismatch'}
1396,{'Output': 'mismatch'},{'Output': 'mismatch'}
1397,{'Output': 'mismatch'},{'Output': 'mismatch'}
1398,{'Output': 'mismatch'},{'Output': 'mismatch'}
1399,{'Output': 'mismatch'},{'Output': 'mismatch'}
1400,{'Output': 'mismatch'},{'Output': 'mismatch'}
1401,{'Output': 'mismatch'},{'Output': 'mismatch'}
1402,{'Output': 'mismatch'},{'Output': 'mismatch'}
1403,{'Output': 'mismatch'},{'Output': 'mismatch'}
1404,{'Output': 'mismatch'},{'Output': 'mismatch'}
1405,{'Output': 'mismatch'},{'Output': 'mismatch'}
1406,{'Output': 'mismatch'},{'Output': 'mismatch'}
1407,{'Output': 'mismatch'},{'Output': 'mismatch'}
1408,{'Output': 'mismatch'},{'Output': 'mismatch'}
1409,{'Output': 'mismatch'},{'Output': 'mismatch'}
1410,{'Output': 'mismatch'},{'Output': 'mismatch'}
1411,{'Output': 'match'},{'Output': 'mismatch'}
1412,{'Output': 'mismatch'},{'Output': 'mismatch'}
1413,{'Output': 'mismatch'},{'Output': 'mismatch'}
1414,{'Output': 'mismatch'},{'Output': 'mismatch'}
1415,{'Output': 'mismatch'},{'Output': 'mismatch'}
1416,{'Output': 'mismatch'},{'Output': 'mismatch'}
1417,{'Output': 'mismatch'},{'Output': 'mismatch'}
1418,{'Output': 'mismatch'},{'Output': 'mismatch'}
1419,{'Output': 'mismatch'},{'Output': 'mismatch'}
1420,{'Output': 'mismatch'},{'Output': 'mismatch'}
1421,{'Output': 'mismatch'},{'Output': 'mismatch'}
1422,{'Output': 'mismatch'},{'Output': 'mismatch'}
1423,{'Output': 'mismatch'},{'Output': 'mismatch'}
1424,{'Output': 'mismatch'},{'Output': 'mismatch'}
1425,{'Output': 'mismatch'},{'Output': 'mismatch'}
1426,{'Output': 'match'},{'Output': 'mismatch'}
1427,{'Output': 'mismatch'},{'Output': 'mismatch'}
1428,{'Output': 'mismatch'},{'Output': 'mismatch'}
1429,{'Output': 'mismatch'},{'Output': 'mismatch'}
1430,{'Output': 'mismatch'},{'Output': 'mismatch'}
1431,{'Output': 'mismatch'},{'Output': 'mismatch'}
1432,{'Output': 'mismatch'},{'Output': 'mismatch'}
1433,{'Output': 'mismatch'},{'Output': 'mismatch'}
1434,{'Output': 'mismatch'},{'Output': 'mismatch'}
1435,{'Output': 'mismatch'},{'Output': 'mismatch'}
1436,{'Output': 'mismatch'},{'Output': 'mismatch'}
1437,{'Output': 'mismatch'},{'Output': 'mismatch'}
1438,{'Output': 'mismatch'},{'Output': 'mismatch'}
1439,{'Output': 'mismatch'},{'Output': 'mismatch'}
1440,{'Output': 'mismatch'},{'Output': 'mismatch'}
1441,{'Output': 'mismatch'},{'Output': 'mismatch'}
1442,{'Output': 'mismatch'},{'Output': 'mismatch'}
1443,{'Output': 'mismatch'},{'Output': 'mismatch'}
1444,{'Output': 'mismatch'},{'Output': 'mismatch'}
1445,{'Output': 'mismatch'},{'Output': 'mismatch'}
1446,{'Output': 'mismatch'},{'Output': 'mismatch'}
1447,{'Output': 'mismatch'},{'Output': 'mismatch'}
1448,{'Output': 'mismatch'},{'Output': 'mismatch'}
1449,{'Output': 'mismatch'},{'Output': 'mismatch'}
1450,{'Output': 'mismatch'},{'Output': 'mismatch'}
1451,{'Output': 'mismatch'},{'Output': 'mismatch'}
1452,{'Output': 'mismatch'},{'Output': 'mismatch'}
1453,{'Output': 'mismatch'},{'Output': 'mismatch'}
1454,{'Output': 'mismatch'},{'Output': 'mismatch'}
1455,{'Output': 'mismatch'},{'Output': 'mismatch'}
1456,{'Output': 'mismatch'},{'Output': 'mismatch'}
1457,{'Output': 'mismatch'},{'Output': 'mismatch'}
1458,{'Output': 'mismatch'},{'Output': 'mismatch'}
1459,{'Output': 'mismatch'},{'Output': 'mismatch'}
1460,{'Output': 'mismatch'},{'Output': 'mismatch'}
1461,{'Output': 'mismatch'},{'Output': 'mismatch'}
1462,{'Output': 'mismatch'},{'Output': 'mismatch'}
1463,{'Output': 'mismatch'},{'Output': 'mismatch'}
1464,{'Output': 'mismatch'},{'Output': 'mismatch'}
1465,{'Output': 'mismatch'},{'Output': 'mismatch'}
1466,{'Output': 'mismatch'},{'Output': 'mismatch'}
1467,{'Output': 'mismatch'},{'Output': 'mismatch'}
1468,{'Output': 'mismatch'},{'Output': 'mismatch'}
1469,{'Output': 'mismatch'},{'Output': 'mismatch'}
1470,{'Output': 'mismatch'},{'Output': 'mismatch'}
1471,{'Output': 'mismatch'},{'Output': 'mismatch'}
1472,{'Output': 'mismatch'},{'Output': 'mismatch'}
1473,{'Output': 'mismatch'},{'Output': 'mismatch'}
1474,{'Output': 'mismatch'},{'Output': 'mismatch'}
1475,{'Output': 'mismatch'},{'Output': 'mismatch'}
1476,{'Output': 'mismatch'},{'Output': 'mismatch'}
1477,{'Output': 'mismatch'},{'Output': 'mismatch'}
1478,{'Output': 'mismatch'},{'Output': 'mismatch'}
1479,{'Output': 'mismatch'},{'Output': 'mismatch'}
1480,{'Output': 'mismatch'},{'Output': 'mismatch'}
1481,{'Output': 'mismatch'},{'Output': 'mismatch'}
1482,{'Output': 'mismatch'},{'Output': 'mismatch'}
1483,{'Output': 'mismatch'},{'Output': 'mismatch'}
1484,{'Output': 'mismatch'},{'Output': 'mismatch'}
1485,{'Output': 'mismatch'},{'Output': 'mismatch'}
1486,{'Output': 'mismatch'},{'Output': 'mismatch'}
1487,{'Output': 'mismatch'},{'Output': 'mismatch'}
1488,{'Output': 'mismatch'},{'Output': 'mismatch'}
1489,{'Output': 'mismatch'},{'Output': 'mismatch'}
1490,{'Output': 'mismatch'},{'Output': 'mismatch'}
1491,{'Output': 'mismatch'},{'Output': 'mismatch'}
1492,{'Output': 'mismatch'},{'Output': 'mismatch'}
1493,{'Output': 'mismatch'},{'Output': 'mismatch'}
1494,{'Output': 'mismatch'},{'Output': 'mismatch'}
1495,{'Output': 'mismatch'},{'Output': 'mismatch'}
1496,{'Output': 'mismatch'},{'Output': 'mismatch'}
1497,{'Output': 'mismatch'},{'Output': 'mismatch'}
1498,{'Output': 'mismatch'},{'Output': 'mismatch'}
1499,{'Output': 'mismatch'},{'Output': 'mismatch'}
1500,{'Output': 'mismatch'},{'Output': 'mismatch'}
1501,{'Output': 'mismatch'},{'Output': 'mismatch'}
1502,{'Output': 'mismatch'},{'Output': 'mismatch'}
1503,{'Output': 'mismatch'},{'Output': 'mismatch'}
1504,{'Output': 'mismatch'},{'Output': 'mismatch'}
1505,{'Output': 'mismatch'},{'Output': 'mismatch'}
1506,{'Output': 'mismatch'},{'Output': 'mismatch'}
1507,{'Output': 'mismatch'},{'Output': 'mismatch'}
1508,{'Output': 'mismatch'},{'Output': 'mismatch'}
1509,{'Output': 'mismatch'},{'Output': 'mismatch'}
1510,{'Output': 'mismatch'},{'Output': 'mismatch'}
1511,{'Output': 'mismatch'},{'Output': 'mismatch'}
1512,{'Output': 'mismatch'},{'Output': 'mismatch'}
1513,{'Output': 'mismatch'},{'Output': 'mismatch'}
1514,{'Output': 'mismatch'},{'Output': 'mismatch'}
1515,{'Output': 'mismatch'},{'Output': 'mismatch'}
1516,{'Output': 'mismatch'},{'Output': 'mismatch'}
1517,{'Output': 'mismatch'},{'Output': 'mismatch'}
1518,{'Output': 'mismatch'},{'Output': 'mismatch'}
1519,{'Output': 'mismatch'},{'Output': 'mismatch'}
1520,{'Output': 'mismatch'},{'Output': 'mismatch'}
1521,{'Output': 'mismatch'},{'Output': 'mismatch'}
1522,{'Output': 'mismatch'},{'Output': 'mismatch'}
1523,{'Output': 'mismatch'},{'Output': 'mismatch'}
1524,{'Output': 'mismatch'},{'Output': 'mismatch'}
1525,{'Output': 'mismatch'},{'Output': 'mismatch'}
1526,{'Output': 'mismatch'},{'Output': 'mismatch'}
1527,{'Output': 'mismatch'},{'Output': 'mismatch'}
1528,{'Output': 'mismatch'},{'Output': 'mismatch'}
1529,{'Output': 'mismatch'},{'Output': 'mismatch'}
1530,{'Output': 'mismatch'},{'Output': 'mismatch'}
1531,{'Output': 'mismatch'},{'Output': 'mismatch'}
1532,{'Output': 'mismatch'},{'Output': 'mismatch'}
1533,{'Output': 'mismatch'},{'Output': 'mismatch'}
1534,{'Output': 'mismatch'},{'Output': 'mismatch'}
1535,{'Output': 'mismatch'},{'Output': 'mismatch'}
1536,{'Output': 'mismatch'},{'Output': 'mismatch'}
1537,{'Output': 'mismatch'},{'Output': 'mismatch'}
1538,{'Output': 'mismatch'},{'Output': 'mismatch'}
1539,{'Output': 'mismatch'},{'Output': 'mismatch'}
1540,{'Output': 'mismatch'},{'Output': 'mismatch'}
1541,{'Output': 'mismatch'},{'Output': 'mismatch'}
1542,{'Output': 'mismatch'},{'Output': 'mismatch'}
1543,{'Output': 'mismatch'},{'Output': 'mismatch'}
1544,{'Output': 'mismatch'},{'Output': 'mismatch'}
1545,{'Output': 'mismatch'},{'Output': 'mismatch'}
1546,{'Output': 'mismatch'},{'Output': 'mismatch'}
1547,{'Output': 'mismatch'},{'Output': 'mismatch'}
1548,{'Output': 'mismatch'},{'Output': 'mismatch'}
1549,{'Output': 'mismatch'},{'Output': 'mismatch'}
1550,{'Output': 'mismatch'},{'Output': 'mismatch'}
1551,{'Output': 'mismatch'},{'Output': 'mismatch'}
1552,{'Output': 'mismatch'},{'Output': 'mismatch'}
1553,{'Output': 'mismatch'},{'Output': 'match'}
1554,{'Output': 'mismatch'},{'Output': 'mismatch'}
1555,{'Output': 'mismatch'},{'Output': 'mismatch'}
1556,{'Output': 'mismatch'},{'Output': 'mismatch'}
1557,{'Output': 'mismatch'},{'Output': 'mismatch'}
1558,{'Output': 'mismatch'},{'Output': 'mismatch'}
1559,{'Output': 'mismatch'},{'Output': 'mismatch'}
1560,{'Output': 'mismatch'},{'Output': 'mismatch'}
1561,{'Output': 'mismatch'},{'Output': 'mismatch'}
1562,{'Output': 'mismatch'},{'Output': 'mismatch'}
1563,{'Output': 'mismatch'},{'Output': 'mismatch'}
1564,{'Output': 'mismatch'},{'Output': 'mismatch'}
1565,{'Output': 'mismatch'},{'Output': 'mismatch'}
1566,{'Output': 'mismatch'},{'Output': 'mismatch'}
1567,{'Output': 'mismatch'},{'Output': 'mismatch'}
1568,{'Output': 'mismatch'},{'Output': 'mismatch'}
1569,{'Output': 'mismatch'},{'Output': 'mismatch'}
1570,{'Output': 'mismatch'},{'Output': 'mismatch'}
1571,{'Output': 'mismatch'},{'Output': 'mismatch'}
1572,{'Output': 'mismatch'},{'Output': 'mismatch'}
1573,{'Output': 'mismatch'},{'Output': 'mismatch'}
1574,{'Output': 'mismatch'},{'Output': 'mismatch'}
1575,{'Output': 'mismatch'},{'Output': 'mismatch'}
1576,{'Output': 'mismatch'},{'Output': 'mismatch'}
1577,{'Output': 'mismatch'},{'Output': 'mismatch'}
1578,{'Output': 'mismatch'},{'Output': 'mismatch'}
1579,{'Output': 'mismatch'},{'Output': 'mismatch'}
1580,{'Output': 'mismatch'},{'Output': 'mismatch'}
1581,{'Output': 'mismatch'},{'Output': 'mismatch'}
1582,{'Output': 'mismatch'},{'Output': 'mismatch'}
1583,{'Output': 'mismatch'},{'Output': 'mismatch'}
1584,{'Output': 'mismatch'},{'Output': 'mismatch'}
1585,{'Output': 'mismatch'},{'Output': 'mismatch'}
1586,{'Output': 'mismatch'},{'Output': 'mismatch'}
1587,{'Output': 'mismatch'},{'Output': 'mismatch'}
1588,{'Output': 'mismatch'},{'Output': 'mismatch'}
1589,{'Output': 'mismatch'},{'Output': 'mismatch'}
1590,{'Output': 'mismatch'},{'Output': 'mismatch'}
1591,{'Output': 'mismatch'},{'Output': 'mismatch'}
1592,{'Output': 'mismatch'},{'Output': 'mismatch'}
1593,{'Output': 'mismatch'},{'Output': 'mismatch'}
1594,{'Output': 'mismatch'},{'Output': 'mismatch'}
1595,{'Output': 'mismatch'},{'Output': 'mismatch'}
1596,{'Output': 'mismatch'},{'Output': 'mismatch'}
1597,{'Output': 'mismatch'},{'Output': 'mismatch'}
1598,{'Output': 'mismatch'},{'Output': 'mismatch'}
1599,{'Output': 'mismatch'},{'Output': 'mismatch'}
1600,{'Output': 'mismatch'},{'Output': 'mismatch'}
1601,{'Output': 'mismatch'},{'Output': 'mismatch'}
1602,{'Output': 'mismatch'},{'Output': 'mismatch'}
1603,{'Output': 'mismatch'},{'Output': 'mismatch'}
1604,{'Output': 'mismatch'},{'Output': 'mismatch'}
1605,{'Output': 'mismatch'},{'Output': 'mismatch'}
1606,{'Output': 'mismatch'},{'Output': 'mismatch'}
1607,{'Output': 'mismatch'},{'Output': 'mismatch'}
1608,{'Output': 'mismatch'},{'Output': 'mismatch'}
1609,{'Output': 'mismatch'},{'Output': 'mismatch'}
1610,{'Output': 'mismatch'},{'Output': 'mismatch'}
1611,{'Output': 'mismatch'},{'Output': 'mismatch'}
1612,{'Output': 'mismatch'},{'Output': 'mismatch'}
1613,{'Output': 'mismatch'},{'Output': 'mismatch'}
1614,{'Output': 'mismatch'},{'Output': 'mismatch'}
1615,{'Output': 'mismatch'},{'Output': 'mismatch'}
1616,{'Output': 'mismatch'},{'Output': 'mismatch'}
1617,{'Output': 'mismatch'},{'Output': 'mismatch'}
1618,{'Output': 'mismatch'},{'Output': 'mismatch'}
1619,{'Output': 'mismatch'},{'Output': 'mismatch'}
1620,{'Output': 'mismatch'},{'Output': 'mismatch'}
1621,{'Output': 'mismatch'},{'Output': 'mismatch'}
1622,{'Output': 'mismatch'},{'Output': 'mismatch'}
1623,{'Output': 'mismatch'},{'Output': 'mismatch'}
1624,{'Output': 'mismatch'},{'Output': 'mismatch'}
1625,{'Output': 'mismatch'},{'Output': 'mismatch'}
1626,{'Output': 'mismatch'},{'Output': 'mismatch'}
1627,{'Output': 'mismatch'},{'Output': 'mismatch'}
1628,{'Output': 'mismatch'},{'Output': 'mismatch'}
1629,{'Output': 'mismatch'},{'Output': 'mismatch'}
1630,{'Output': 'mismatch'},{'Output': 'mismatch'}
1631,{'Output': 'mismatch'},{'Output': 'mismatch'}
1632,{'Output': 'mismatch'},{'Output': 'mismatch'}
1633,{'Output': 'mismatch'},{'Output': 'mismatch'}
1634,{'Output': 'mismatch'},{'Output': 'mismatch'}
1635,{'Output': 'mismatch'},{'Output': 'mismatch'}
1636,{'Output': 'mismatch'},{'Output': 'mismatch'}
1637,{'Output': 'mismatch'},{'Output': 'mismatch'}
1638,{'Output': 'mismatch'},{'Output': 'mismatch'}
1639,{'Output': 'mismatch'},{'Output': 'mismatch'}
1640,{'Output': 'mismatch'},{'Output': 'mismatch'}
1641,{'Output': 'mismatch'},{'Output': 'mismatch'}
1642,{'Output': 'mismatch'},{'Output': 'mismatch'}
1643,{'Output': 'mismatch'},{'Output': 'mismatch'}
1644,{'Output': 'mismatch'},{'Output': 'mismatch'}
1645,{'Output': 'mismatch'},{'Output': 'mismatch'}
1646,{'Output': 'mismatch'},{'Output': 'mismatch'}
1647,{'Output': 'mismatch'},{'Output': 'mismatch'}
1648,{'Output': 'mismatch'},{'Output': 'mismatch'}
1649,{'Output': 'match'},{'Output': 'mismatch'}
1650,{'Output': 'mismatch'},{'Output': 'mismatch'}
1651,{'Output': 'mismatch'},{'Output': 'mismatch'}
1652,{'Output': 'mismatch'},{'Output': 'mismatch'}
1653,{'Output': 'mismatch'},{'Output': 'mismatch'}
1654,{'Output': 'mismatch'},{'Output': 'mismatch'}
1655,{'Output': 'mismatch'},{'Output': 'mismatch'}
1656,{'Output': 'mismatch'},{'Output': 'mismatch'}
1657,{'Output': 'mismatch'},{'Output': 'mismatch'}
1658,{'Output': 'mismatch'},{'Output': 'mismatch'}
1659,{'Output': 'mismatch'},{'Output': 'mismatch'}
1660,{'Output': 'mismatch'},{'Output': 'mismatch'}
1661,{'Output': 'mismatch'},{'Output': 'mismatch'}
1662,{'Output': 'mismatch'},{'Output': 'mismatch'}
1663,{'Output': 'mismatch'},{'Output': 'mismatch'}
1664,{'Output': 'mismatch'},{'Output': 'mismatch'}
1665,{'Output': 'mismatch'},{'Output': 'mismatch'}
1666,{'Output': 'mismatch'},{'Output': 'mismatch'}
1667,{'Output': 'mismatch'},{'Output': 'mismatch'}
1668,{'Output': 'mismatch'},{'Output': 'mismatch'}
1669,{'Output': 'mismatch'},{'Output': 'mismatch'}
1670,{'Output': 'mismatch'},{'Output': 'mismatch'}
1671,{'Output': 'mismatch'},{'Output': 'mismatch'}
1672,{'Output': 'mismatch'},{'Output': 'mismatch'}
1673,{'Output': 'mismatch'},{'Output': 'mismatch'}
1674,{'Output': 'mismatch'},{'Output': 'mismatch'}
1675,{'Output': 'mismatch'},{'Output': 'mismatch'}
1676,{'Output': 'mismatch'},{'Output': 'mismatch'}
1677,{'Output': 'mismatch'},{'Output': 'mismatch'}
1678,{'Output': 'mismatch'},{'Output': 'mismatch'}
1679,{'Output': 'mismatch'},{'Output': 'mismatch'}
1680,{'Output': 'mismatch'},{'Output': 'mismatch'}
1681,{'Output': 'mismatch'},{'Output': 'mismatch'}
1682,{'Output': 'mismatch'},{'Output': 'mismatch'}
1683,{'Output': 'mismatch'},{'Output': 'mismatch'}
1684,{'Output': 'mismatch'},{'Output': 'mismatch'}
1685,{'Output': 'mismatch'},{'Output': 'mismatch'}
1686,{'Output': 'mismatch'},{'Output': 'mismatch'}
1687,{'Output': 'mismatch'},{'Output': 'mismatch'}
1688,{'Output': 'mismatch'},{'Output': 'mismatch'}
1689,{'Output': 'mismatch'},{'Output': 'mismatch'}
1690,{'Output': 'mismatch'},{'Output': 'mismatch'}
1691,{'Output': 'mismatch'},{'Output': 'mismatch'}
1692,{'Output': 'mismatch'},{'Output': 'mismatch'}
1693,{'Output': 'mismatch'},{'Output': 'mismatch'}
1694,{'Output': 'mismatch'},{'Output': 'mismatch'}
1695,{'Output': 'mismatch'},{'Output': 'mismatch'}
1696,{'Output': 'mismatch'},{'Output': 'mismatch'}
1697,{'Output': 'mismatch'},{'Output': 'mismatch'}
1698,{'Output': 'match'},{'Output': 'mismatch'}
1699,{'Output': 'mismatch'},{'Output': 'mismatch'}
1700,{'Output': 'mismatch'},{'Output': 'mismatch'}
1701,{'Output': 'mismatch'},{'Output': 'mismatch'}
1702,{'Output': 'mismatch'},{'Output': 'mismatch'}
1703,{'Output': 'mismatch'},{'Output': 'mismatch'}
1704,{'Output': 'mismatch'},{'Output': 'mismatch'}
1705,{'Output': 'mismatch'},{'Output': 'mismatch'}
1706,{'Output': 'mismatch'},{'Output': 'mismatch'}
1707,{'Output': 'mismatch'},{'Output': 'mismatch'}
1708,{'Output': 'mismatch'},{'Output': 'mismatch'}
1709,{'Output': 'mismatch'},{'Output': 'mismatch'}
1710,{'Output': 'mismatch'},{'Output': 'mismatch'}
1711,{'Output': 'mismatch'},{'Output': 'mismatch'}
1712,{'Output': 'mismatch'},{'Output': 'mismatch'}
1713,{'Output': 'mismatch'},{'Output': 'mismatch'}
1714,{'Output': 'mismatch'},{'Output': 'mismatch'}
1715,{'Output': 'mismatch'},{'Output': 'mismatch'}
1716,{'Output': 'mismatch'},{'Output': 'mismatch'}
1717,{'Output': 'mismatch'},{'Output': 'mismatch'}
1718,{'Output': 'mismatch'},{'Output': 'mismatch'}
1719,{'Output': 'mismatch'},{'Output': 'mismatch'}
1720,{'Output': 'mismatch'},{'Output': 'mismatch'}
1721,{'Output': 'mismatch'},{'Output': 'mismatch'}
1722,{'Output': 'mismatch'},{'Output': 'mismatch'}
1723,{'Output': 'mismatch'},{'Output': 'mismatch'}
1724,{'Output': 'mismatch'},{'Output': 'mismatch'}
1725,{'Output': 'mismatch'},{'Output': 'mismatch'}
1726,{'Output': 'mismatch'},{'Output': 'mismatch'}
1727,{'Output': 'mismatch'},{'Output': 'mismatch'}
1728,{'Output': 'mismatch'},{'Output': 'mismatch'}
1729,{'Output': 'mismatch'},{'Output': 'mismatch'}
1730,{'Output': 'mismatch'},{'Output': 'mismatch'}
1731,{'Output': 'mismatch'},{'Output': 'mismatch'}
1732,{'Output': 'mismatch'},{'Output': 'mismatch'}
1733,{'Output': 'mismatch'},{'Output': 'mismatch'}
1734,{'Output': 'mismatch'},{'Output': 'mismatch'}
1735,{'Output': 'mismatch'},{'Output': 'mismatch'}
1736,{'Output': 'mismatch'},{'Output': 'mismatch'}
1737,{'Output': 'mismatch'},{'Output': 'mismatch'}
1738,{'Output': 'mismatch'},{'Output': 'mismatch'}
1739,{'Output': 'mismatch'},{'Output': 'mismatch'}
1740,{'Output': 'mismatch'},{'Output': 'mismatch'}
1741,{'Output': 'mismatch'},{'Output': 'mismatch'}
1742,{'Output': 'mismatch'},{'Output': 'mismatch'}
1743,{'Output': 'mismatch'},{'Output': 'mismatch'}
1744,{'Output': 'mismatch'},{'Output': 'mismatch'}
1745,{'Output': 'mismatch'},{'Output': 'mismatch'}
1746,{'Output': 'mismatch'},{'Output': 'mismatch'}
1747,{'Output': 'mismatch'},{'Output': 'mismatch'}
1748,{'Output': 'mismatch'},{'Output': 'mismatch'}
1749,{'Output': 'mismatch'},{'Output': 'mismatch'}
1750,{'Output': 'mismatch'},{'Output': 'mismatch'}
1751,{'Output': 'mismatch'},{'Output': 'mismatch'}
1752,{'Output': 'mismatch'},{'Output': 'mismatch'}
1753,{'Output': 'mismatch'},{'Output': 'mismatch'}
1754,{'Output': 'mismatch'},{'Output': 'mismatch'}
1755,{'Output': 'mismatch'},{'Output': 'mismatch'}
1756,{'Output': 'mismatch'},{'Output': 'mismatch'}
1757,{'Output': 'mismatch'},{'Output': 'mismatch'}
1758,{'Output': 'mismatch'},{'Output': 'mismatch'}
1759,{'Output': 'mismatch'},{'Output': 'mismatch'}
1760,{'Output': 'mismatch'},{'Output': 'mismatch'}
1761,{'Output': 'mismatch'},{'Output': 'mismatch'}
1762,{'Output': 'mismatch'},{'Output': 'mismatch'}
1763,{'Output': 'mismatch'},{'Output': 'mismatch'}
1764,{'Output': 'mismatch'},{'Output': 'mismatch'}
1765,{'Output': 'mismatch'},{'Output': 'mismatch'}
1766,{'Output': 'mismatch'},{'Output': 'mismatch'}
1767,{'Output': 'mismatch'},{'Output': 'mismatch'}
1768,{'Output': 'mismatch'},{'Output': 'mismatch'}
1769,{'Output': 'mismatch'},{'Output': 'mismatch'}
1770,{'Output': 'mismatch'},{'Output': 'mismatch'}
1771,{'Output': 'mismatch'},{'Output': 'mismatch'}
1772,{'Output': 'match'},{'Output': 'mismatch'}
1773,{'Output': 'mismatch'},{'Output': 'mismatch'}
1774,{'Output': 'mismatch'},{'Output': 'mismatch'}
1775,{'Output': 'mismatch'},{'Output': 'mismatch'}
1776,{'Output': 'mismatch'},{'Output': 'mismatch'}
1777,{'Output': 'mismatch'},{'Output': 'mismatch'}
1778,{'Output': 'mismatch'},{'Output': 'mismatch'}
1779,{'Output': 'mismatch'},{'Output': 'mismatch'}
1780,{'Output': 'mismatch'},{'Output': 'mismatch'}
1781,{'Output': 'mismatch'},{'Output': 'mismatch'}
1782,{'Output': 'mismatch'},{'Output': 'mismatch'}
1783,{'Output': 'mismatch'},{'Output': 'mismatch'}
1784,{'Output': 'mismatch'},{'Output': 'mismatch'}
1785,{'Output': 'mismatch'},{'Output': 'mismatch'}
1786,{'Output': 'mismatch'},{'Output': 'mismatch'}
1787,{'Output': 'mismatch'},{'Output': 'mismatch'}
1788,{'Output': 'mismatch'},{'Output': 'mismatch'}
1789,{'Output': 'mismatch'},{'Output': 'mismatch'}
1790,{'Output': 'mismatch'},{'Output': 'mismatch'}
1791,{'Output': 'mismatch'},{'Output': 'mismatch'}
1792,{'Output': 'mismatch'},{'Output': 'mismatch'}
1793,{'Output': 'mismatch'},{'Output': 'mismatch'}
1794,{'Output': 'mismatch'},{'Output': 'mismatch'}
1795,{'Output': 'mismatch'},{'Output': 'mismatch'}
1796,{'Output': 'mismatch'},{'Output': 'mismatch'}
1797,{'Output': 'mismatch'},{'Output': 'mismatch'}
1798,{'Output': 'mismatch'},{'Output': 'mismatch'}
1799,{'Output': 'mismatch'},{'Output': 'mismatch'}
1800,{'Output': 'mismatch'},{'Output': 'mismatch'}
1801,{'Output': 'mismatch'},{'Output': 'mismatch'}
1802,{'Output': 'mismatch'},{'Output': 'mismatch'}
1803,{'Output': 'mismatch'},{'Output': 'mismatch'}
1804,{'Output': 'mismatch'},{'Output': 'mismatch'}
1805,{'Output': 'mismatch'},{'Output': 'mismatch'}
1806,{'Output': 'mismatch'},{'Output': 'mismatch'}
1807,{'Output': 'mismatch'},{'Output': 'mismatch'}
1808,{'Output': 'mismatch'},{'Output': 'mismatch'}
1809,{'Output': 'mismatch'},{'Output': 'mismatch'}
1810,{'Output': 'mismatch'},{'Output': 'mismatch'}
1811,{'Output': 'mismatch'},{'Output': 'mismatch'}
1812,{'Output': 'mismatch'},{'Output': 'mismatch'}
1813,{'Output': 'mismatch'},{'Output': 'mismatch'}
1814,{'Output': 'mismatch'},{'Output': 'mismatch'}
1815,{'Output': 'mismatch'},{'Output': 'mismatch'}
1816,{'Output': 'mismatch'},{'Output': 'mismatch'}
1817,{'Output': 'mismatch'},{'Output': 'mismatch'}
1818,{'Output': 'mismatch'},{'Output': 'mismatch'}
1819,{'Output': 'mismatch'},{'Output': 'mismatch'}
1820,{'Output': 'mismatch'},{'Output': 'mismatch'}
1821,{'Output': 'mismatch'},{'Output': 'mismatch'}
1822,{'Output': 'mismatch'},{'Output': 'mismatch'}
1823,{'Output': 'mismatch'},{'Output': 'mismatch'}
1824,{'Output': 'mismatch'},{'Output': 'mismatch'}
1825,{'Output': 'mismatch'},{'Output': 'mismatch'}
1826,{'Output': 'mismatch'},{'Output': 'mismatch'}
1827,{'Output': 'mismatch'},{'Output': 'mismatch'}
1828,{'Output': 'mismatch'},{'Output': 'mismatch'}
1829,{'Output': 'mismatch'},{'Output': 'mismatch'}
1830,{'Output': 'mismatch'},{'Output': 'mismatch'}
1831,{'Output': 'mismatch'},{'Output': 'mismatch'}
1832,{'Output': 'mismatch'},{'Output': 'mismatch'}
1833,{'Output': 'mismatch'},{'Output': 'mismatch'}
1834,{'Output': 'mismatch'},{'Output': 'mismatch'}
1835,{'Output': 'mismatch'},{'Output': 'mismatch'}
1836,{'Output': 'mismatch'},{'Output': 'mismatch'}
1837,{'Output': 'mismatch'},{'Output': 'mismatch'}
1838,{'Output': 'mismatch'},{'Output': 'mismatch'}
1839,{'Output': 'mismatch'},{'Output': 'mismatch'}
1840,{'Output': 'mismatch'},{'Output': 'mismatch'}
1841,{'Output': 'mismatch'},{'Output': 'mismatch'}
1842,{'Output': 'mismatch'},{'Output': 'mismatch'}
1843,{'Output': 'mismatch'},{'Output': 'mismatch'}
1844,{'Output': 'mismatch'},{'Output': 'mismatch'}
1845,{'Output': 'mismatch'},{'Output': 'mismatch'}
1846,{'Output': 'mismatch'},{'Output': 'mismatch'}
1847,{'Output': 'mismatch'},{'Output': 'mismatch'}
1848,{'Output': 'mismatch'},{'Output': 'mismatch'}
1849,{'Output': 'mismatch'},{'Output': 'mismatch'}
1850,{'Output': 'mismatch'},{'Output': 'mismatch'}
1851,{'Output': 'mismatch'},{'Output': 'mismatch'}
1852,{'Output': 'mismatch'},{'Output': 'mismatch'}
1853,{'Output': 'mismatch'},{'Output': 'mismatch'}
1854,{'Output': 'mismatch'},{'Output': 'mismatch'}
1855,{'Output': 'mismatch'},{'Output': 'mismatch'}
1856,{'Output': 'mismatch'},{'Output': 'mismatch'}
1857,{'Output': 'mismatch'},{'Output': 'mismatch'}
1858,{'Output': 'mismatch'},{'Output': 'mismatch'}
1859,{'Output': 'mismatch'},{'Output': 'mismatch'}
1860,{'Output': 'mismatch'},{'Output': 'mismatch'}
1861,{'Output': 'mismatch'},{'Output': 'mismatch'}
1862,{'Output': 'mismatch'},{'Output': 'mismatch'}
1863,{'Output': 'mismatch'},{'Output': 'mismatch'}
1864,{'Output': 'mismatch'},{'Output': 'mismatch'}
1865,{'Output': 'mismatch'},{'Output': 'mismatch'}
1866,{'Output': 'mismatch'},{'Output': 'mismatch'}
1867,{'Output': 'mismatch'},{'Output': 'mismatch'}
1868,{'Output': 'mismatch'},{'Output': 'mismatch'}
1869,{'Output': 'mismatch'},{'Output': 'mismatch'}
1870,{'Output': 'mismatch'},{'Output': 'mismatch'}
1871,{'Output': 'mismatch'},{'Output': 'mismatch'}
1872,{'Output': 'mismatch'},{'Output': 'mismatch'}
1873,{'Output': 'mismatch'},{'Output': 'mismatch'}
1874,{'Output': 'mismatch'},{'Output': 'mismatch'}
1875,{'Output': 'mismatch'},{'Output': 'mismatch'}
1876,{'Output': 'mismatch'},{'Output': 'mismatch'}
1877,{'Output': 'mismatch'},{'Output': 'mismatch'}
1878,{'Output': 'mismatch'},{'Output': 'mismatch'}
1879,{'Output': 'mismatch'},{'Output': 'mismatch'}
1880,{'Output': 'mismatch'},{'Output': 'mismatch'}
1881,{'Output': 'mismatch'},{'Output': 'mismatch'}
1882,{'Output': 'mismatch'},{'Output': 'mismatch'}
1883,{'Output': 'mismatch'},{'Output': 'mismatch'}
1884,{'Output': 'mismatch'},{'Output': 'mismatch'}
1885,{'Output': 'mismatch'},{'Output': 'mismatch'}
1886,{'Output': 'mismatch'},{'Output': 'mismatch'}
1887,{'Output': 'mismatch'},{'Output': 'mismatch'}
1888,{'Output': 'mismatch'},{'Output': 'mismatch'}
1889,{'Output': 'mismatch'},{'Output': 'mismatch'}
1890,{'Output': 'mismatch'},{'Output': 'mismatch'}
1891,{'Output': 'mismatch'},{'Output': 'mismatch'}
1892,{'Output': 'mismatch'},{'Output': 'mismatch'}
1893,{'Output': 'mismatch'},{'Output': 'mismatch'}
1894,{'Output': 'mismatch'},{'Output': 'mismatch'}
1895,{'Output': 'mismatch'},{'Output': 'mismatch'}
1896,{'Output': 'mismatch'},{'Output': 'mismatch'}
1897,{'Output': 'mismatch'},{'Output': 'mismatch'}
1898,{'Output': 'mismatch'},{'Output': 'mismatch'}
1899,{'Output': 'mismatch'},{'Output': 'mismatch'}
1900,{'Output': 'mismatch'},{'Output': 'mismatch'}
1901,{'Output': 'mismatch'},{'Output': 'mismatch'}
1902,{'Output': 'mismatch'},{'Output': 'mismatch'}
1903,{'Output': 'mismatch'},{'Output': 'mismatch'}
1904,{'Output': 'mismatch'},{'Output': 'mismatch'}
1905,{'Output': 'mismatch'},{'Output': 'mismatch'}
1906,{'Output': 'match'},{'Output': 'match'}
1907,{'Output': 'mismatch'},{'Output': 'mismatch'}
1908,{'Output': 'mismatch'},{'Output': 'mismatch'}
1909,{'Output': 'mismatch'},{'Output': 'mismatch'}
1910,{'Output': 'mismatch'},{'Output': 'mismatch'}
1911,{'Output': 'mismatch'},{'Output': 'mismatch'}
1912,{'Output': 'mismatch'},{'Output': 'mismatch'}
1913,{'Output': 'mismatch'},{'Output': 'mismatch'}
1914,{'Output': 'mismatch'},{'Output': 'mismatch'}
1915,{'Output': 'mismatch'},{'Output': 'mismatch'}
1916,{'Output': 'mismatch'},{'Output': 'mismatch'}
1917,{'Output': 'mismatch'},{'Output': 'mismatch'}
1918,{'Output': 'mismatch'},{'Output': 'mismatch'}
1919,{'Output': 'mismatch'},{'Output': 'mismatch'}
1920,{'Output': 'mismatch'},{'Output': 'mismatch'}
1921,{'Output': 'mismatch'},{'Output': 'mismatch'}
1922,{'Output': 'mismatch'},{'Output': 'mismatch'}
1923,{'Output': 'mismatch'},{'Output': 'mismatch'}
1924,{'Output': 'mismatch'},{'Output': 'mismatch'}
1925,{'Output': 'mismatch'},{'Output': 'mismatch'}
1926,{'Output': 'mismatch'},{'Output': 'mismatch'}
1927,{'Output': 'mismatch'},{'Output': 'mismatch'}
1928,{'Output': 'mismatch'},{'Output': 'mismatch'}
1929,{'Output': 'mismatch'},{'Output': 'mismatch'}
1930,{'Output': 'mismatch'},{'Output': 'mismatch'}
1931,{'Output': 'mismatch'},{'Output': 'mismatch'}
1932,{'Output': 'mismatch'},{'Output': 'mismatch'}
1933,{'Output': 'mismatch'},{'Output': 'mismatch'}
1934,{'Output': 'mismatch'},{'Output': 'mismatch'}
1935,{'Output': 'mismatch'},{'Output': 'mismatch'}
1936,{'Output': 'mismatch'},{'Output': 'mismatch'}
1937,{'Output': 'mismatch'},{'Output': 'mismatch'}
1938,{'Output': 'mismatch'},{'Output': 'mismatch'}
1939,{'Output': 'mismatch'},{'Output': 'mismatch'}
1940,{'Output': 'mismatch'},{'Output': 'mismatch'}
1941,{'Output': 'mismatch'},{'Output': 'mismatch'}
1942,{'Output': 'mismatch'},{'Output': 'mismatch'}
1943,{'Output': 'mismatch'},{'Output': 'mismatch'}
1944,{'Output': 'mismatch'},{'Output': 'mismatch'}
1945,{'Output': 'mismatch'},{'Output': 'mismatch'}
1946,{'Output': 'mismatch'},{'Output': 'mismatch'}
1947,{'Output': 'mismatch'},{'Output': 'mismatch'}
1948,{'Output': 'mismatch'},{'Output': 'mismatch'}
1949,{'Output': 'mismatch'},{'Output': 'mismatch'}
1950,{'Output': 'mismatch'},{'Output': 'mismatch'}
1951,{'Output': 'mismatch'},{'Output': 'mismatch'}
1952,{'Output': 'mismatch'},{'Output': 'mismatch'}
1953,{'Output': 'mismatch'},{'Output': 'mismatch'}
1954,{'Output': 'mismatch'},{'Output': 'mismatch'}
1955,{'Output': 'mismatch'},{'Output': 'mismatch'}
1956,{'Output': 'mismatch'},{'Output': 'mismatch'}
1957,{'Output': 'mismatch'},{'Output': 'mismatch'}
1958,{'Output': 'mismatch'},{'Output': 'mismatch'}
1959,{'Output': 'mismatch'},{'Output': 'mismatch'}
1960,{'Output': 'match'},{'Output': 'mismatch'}
1961,{'Output': 'mismatch'},{'Output': 'mismatch'}
1962,{'Output': 'mismatch'},{'Output': 'mismatch'}
1963,{'Output': 'mismatch'},{'Output': 'mismatch'}
1964,{'Output': 'mismatch'},{'Output': 'mismatch'}
1965,{'Output': 'mismatch'},{'Output': 'mismatch'}
1966,{'Output': 'mismatch'},{'Output': 'mismatch'}
1967,{'Output': 'mismatch'},{'Output': 'mismatch'}
1968,{'Output': 'mismatch'},{'Output': 'mismatch'}
1969,{'Output': 'mismatch'},{'Output': 'mismatch'}
1970,{'Output': 'mismatch'},{'Output': 'mismatch'}
1971,{'Output': 'mismatch'},{'Output': 'mismatch'}
1972,{'Output': 'mismatch'},{'Output': 'mismatch'}
1973,{'Output': 'mismatch'},{'Output': 'mismatch'}
1974,{'Output': 'mismatch'},{'Output': 'mismatch'}
1975,{'Output': 'mismatch'},{'Output': 'mismatch'}
1976,{'Output': 'mismatch'},{'Output': 'mismatch'}
1977,{'Output': 'mismatch'},{'Output': 'mismatch'}
1978,{'Output': 'mismatch'},{'Output': 'mismatch'}
1979,{'Output': 'mismatch'},{'Output': 'mismatch'}
1980,{'Output': 'mismatch'},{'Output': 'mismatch'}
1981,{'Output': 'mismatch'},{'Output': 'mismatch'}
1982,{'Output': 'mismatch'},{'Output': 'mismatch'}
1983,{'Output': 'mismatch'},{'Output': 'mismatch'}
1984,{'Output': 'mismatch'},{'Output': 'mismatch'}
1985,{'Output': 'mismatch'},{'Output': 'mismatch'}
1986,{'Output': 'mismatch'},{'Output': 'mismatch'}
1987,{'Output': 'mismatch'},{'Output': 'mismatch'}
1988,{'Output': 'mismatch'},{'Output': 'mismatch'}
1989,{'Output': 'mismatch'},{'Output': 'mismatch'}
1990,{'Output': 'mismatch'},{'Output': 'mismatch'}
1991,{'Output': 'mismatch'},{'Output': 'mismatch'}
1992,{'Output': 'mismatch'},{'Output': 'mismatch'}
1993,{'Output': 'mismatch'},{'Output': 'mismatch'}
1994,{'Output': 'mismatch'},{'Output': 'mismatch'}
1995,{'Output': 'mismatch'},{'Output': 'mismatch'}
1996,{'Output': 'mismatch'},{'Output': 'mismatch'}
1997,{'Output': 'mismatch'},{'Output': 'mismatch'}
1998,{'Output': 'mismatch'},{'Output': 'mismatch'}
1999,{'Output': 'mismatch'},{'Output': 'mismatch'}
2000,{'Output': 'mismatch'},{'Output': 'mismatch'}
2001,{'Output': 'mismatch'},{'Output': 'mismatch'}
2002,{'Output': 'mismatch'},{'Output': 'mismatch'}
2003,{'Output': 'mismatch'},{'Output': 'mismatch'}
2004,{'Output': 'mismatch'},{'Output': 'mismatch'}
2005,{'Output': 'mismatch'},{'Output': 'mismatch'}
2006,{'Output': 'mismatch'},{'Output': 'mismatch'}
2007,{'Output': 'mismatch'},{'Output': 'mismatch'}
2008,{'Output': 'mismatch'},{'Output': 'mismatch'}
2009,{'Output': 'mismatch'},{'Output': 'mismatch'}
2010,{'Output': 'mismatch'},{'Output': 'mismatch'}
2011,{'Output': 'mismatch'},{'Output': 'mismatch'}
2012,{'Output': 'mismatch'},{'Output': 'mismatch'}
2013,{'Output': 'mismatch'},{'Output': 'mismatch'}
2014,{'Output': 'mismatch'},{'Output': 'mismatch'}
2015,{'Output': 'mismatch'},{'Output': 'mismatch'}
2016,{'Output': 'mismatch'},{'Output': 'mismatch'}
2017,{'Output': 'mismatch'},{'Output': 'mismatch'}
2018,{'Output': 'mismatch'},{'Output': 'mismatch'}
2019,{'Output': 'mismatch'},{'Output': 'mismatch'}
2020,{'Output': 'mismatch'},{'Output': 'mismatch'}
2021,{'Output': 'mismatch'},{'Output': 'mismatch'}
2022,{'Output': 'mismatch'},{'Output': 'mismatch'}
2023,{'Output': 'mismatch'},{'Output': 'mismatch'}
2024,{'Output': 'mismatch'},{'Output': 'mismatch'}
2025,{'Output': 'mismatch'},{'Output': 'mismatch'}
2026,{'Output': 'mismatch'},{'Output': 'mismatch'}
2027,{'Output': 'mismatch'},{'Output': 'mismatch'}
2028,{'Output': 'mismatch'},{'Output': 'mismatch'}
2029,{'Output': 'mismatch'},{'Output': 'mismatch'}
2030,{'Output': 'mismatch'},{'Output': 'mismatch'}
2031,{'Output': 'mismatch'},{'Output': 'mismatch'}
2032,{'Output': 'mismatch'},{'Output': 'mismatch'}
2033,{'Output': 'mismatch'},{'Output': 'mismatch'}
2034,{'Output': 'mismatch'},{'Output': 'mismatch'}
2035,{'Output': 'mismatch'},{'Output': 'mismatch'}
2036,{'Output': 'mismatch'},{'Output': 'mismatch'}
2037,{'Output': 'mismatch'},{'Output': 'mismatch'}
2038,{'Output': 'mismatch'},{'Output': 'mismatch'}
2039,{'Output': 'mismatch'},{'Output': 'mismatch'}
2040,{'Output': 'mismatch'},{'Output': 'mismatch'}
2041,{'Output': 'mismatch'},{'Output': 'mismatch'}
2042,{'Output': 'mismatch'},{'Output': 'mismatch'}
2043,{'Output': 'mismatch'},{'Output': 'mismatch'}
2044,{'Output': 'mismatch'},{'Output': 'mismatch'}
2045,{'Output': 'mismatch'},{'Output': 'mismatch'}
2046,{'Output': 'mismatch'},{'Output': 'mismatch'}
2047,{'Output': 'mismatch'},{'Output': 'mismatch'}
2048,{'Output': 'mismatch'},{'Output': 'mismatch'}
2049,{'Output': 'mismatch'},{'Output': 'mismatch'}
2050,{'Output': 'mismatch'},{'Output': 'mismatch'}
2051,{'Output': 'mismatch'},{'Output': 'mismatch'}
2052,{'Output': 'mismatch'},{'Output': 'mismatch'}
2053,{'Output': 'mismatch'},{'Output': 'mismatch'}
2054,{'Output': 'mismatch'},{'Output': 'mismatch'}
2055,{'Output': 'mismatch'},{'Output': 'mismatch'}
2056,{'Output': 'mismatch'},{'Output': 'mismatch'}
2057,{'Output': 'mismatch'},{'Output': 'mismatch'}
2058,{'Output': 'mismatch'},{'Output': 'mismatch'}
2059,{'Output': 'mismatch'},{'Output': 'match'}
2060,{'Output': 'mismatch'},{'Output': 'mismatch'}
2061,{'Output': 'mismatch'},{'Output': 'mismatch'}
2062,{'Output': 'mismatch'},{'Output': 'mismatch'}
2063,{'Output': 'mismatch'},{'Output': 'mismatch'}
2064,{'Output': 'mismatch'},{'Output': 'mismatch'}
2065,{'Output': 'mismatch'},{'Output': 'mismatch'}
2066,{'Output': 'mismatch'},{'Output': 'mismatch'}
2067,{'Output': 'mismatch'},{'Output': 'mismatch'}
2068,{'Output': 'mismatch'},{'Output': 'mismatch'}
2069,{'Output': 'mismatch'},{'Output': 'mismatch'}
2070,{'Output': 'mismatch'},{'Output': 'mismatch'}
2071,{'Output': 'mismatch'},{'Output': 'mismatch'}
2072,{'Output': 'mismatch'},{'Output': 'mismatch'}
2073,{'Output': 'mismatch'},{'Output': 'mismatch'}
2074,{'Output': 'mismatch'},{'Output': 'mismatch'}
2075,{'Output': 'mismatch'},{'Output': 'mismatch'}
2076,{'Output': 'mismatch'},{'Output': 'mismatch'}
2077,{'Output': 'mismatch'},{'Output': 'mismatch'}
2078,{'Output': 'mismatch'},{'Output': 'mismatch'}
2079,{'Output': 'mismatch'},{'Output': 'mismatch'}
2080,{'Output': 'mismatch'},{'Output': 'mismatch'}
2081,{'Output': 'mismatch'},{'Output': 'mismatch'}
2082,{'Output': 'mismatch'},{'Output': 'mismatch'}
2083,{'Output': 'mismatch'},{'Output': 'mismatch'}
2084,{'Output': 'mismatch'},{'Output': 'mismatch'}
2085,{'Output': 'mismatch'},{'Output': 'mismatch'}
2086,{'Output': 'mismatch'},{'Output': 'mismatch'}
2087,{'Output': 'mismatch'},{'Output': 'mismatch'}
2088,{'Output': 'mismatch'},{'Output': 'mismatch'}
2089,{'Output': 'mismatch'},{'Output': 'mismatch'}
2090,{'Output': 'mismatch'},{'Output': 'mismatch'}
2091,{'Output': 'mismatch'},{'Output': 'mismatch'}
2092,{'Output': 'mismatch'},{'Output': 'mismatch'}
2093,{'Output': 'mismatch'},{'Output': 'mismatch'}
2094,{'Output': 'mismatch'},{'Output': 'mismatch'}
2095,{'Output': 'mismatch'},{'Output': 'mismatch'}
2096,{'Output': 'mismatch'},{'Output': 'mismatch'}
2097,{'Output': 'mismatch'},{'Output': 'mismatch'}
2098,{'Output': 'mismatch'},{'Output': 'mismatch'}
2099,{'Output': 'mismatch'},{'Output': 'mismatch'}
2100,{'Output': 'mismatch'},{'Output': 'mismatch'}
2101,{'Output': 'mismatch'},{'Output': 'mismatch'}
2102,{'Output': 'mismatch'},{'Output': 'mismatch'}
2103,{'Output': 'mismatch'},{'Output': 'mismatch'}
2104,{'Output': 'mismatch'},{'Output': 'mismatch'}
2105,{'Output': 'mismatch'},{'Output': 'mismatch'}
2106,{'Output': 'mismatch'},{'Output': 'mismatch'}
2107,{'Output': 'mismatch'},{'Output': 'mismatch'}
2108,{'Output': 'mismatch'},{'Output': 'mismatch'}
2109,{'Output': 'mismatch'},{'Output': 'mismatch'}
2110,{'Output': 'mismatch'},{'Output': 'mismatch'}
2111,{'Output': 'mismatch'},{'Output': 'mismatch'}
2112,{'Output': 'mismatch'},{'Output': 'mismatch'}
2113,{'Output': 'mismatch'},{'Output': 'mismatch'}
2114,{'Output': 'mismatch'},{'Output': 'mismatch'}
2115,{'Output': 'mismatch'},{'Output': 'mismatch'}
2116,{'Output': 'mismatch'},{'Output': 'mismatch'}
2117,{'Output': 'mismatch'},{'Output': 'mismatch'}
2118,{'Output': 'mismatch'},{'Output': 'mismatch'}
2119,{'Output': 'mismatch'},{'Output': 'mismatch'}
2120,{'Output': 'mismatch'},{'Output': 'mismatch'}
2121,{'Output': 'mismatch'},{'Output': 'mismatch'}
2122,{'Output': 'mismatch'},{'Output': 'mismatch'}
2123,{'Output': 'mismatch'},{'Output': 'mismatch'}
2124,{'Output': 'mismatch'},{'Output': 'mismatch'}
2125,{'Output': 'mismatch'},{'Output': 'mismatch'}
2126,{'Output': 'mismatch'},{'Output': 'mismatch'}
2127,{'Output': 'mismatch'},{'Output': 'mismatch'}
2128,{'Output': 'mismatch'},{'Output': 'mismatch'}
2129,{'Output': 'mismatch'},{'Output': 'mismatch'}
2130,{'Output': 'mismatch'},{'Output': 'mismatch'}
2131,{'Output': 'mismatch'},{'Output': 'mismatch'}
2132,{'Output': 'mismatch'},{'Output': 'mismatch'}
2133,{'Output': 'mismatch'},{'Output': 'mismatch'}
2134,{'Output': 'mismatch'},{'Output': 'mismatch'}
2135,{'Output': 'mismatch'},{'Output': 'mismatch'}
2136,{'Output': 'mismatch'},{'Output': 'mismatch'}
2137,{'Output': 'mismatch'},{'Output': 'mismatch'}
2138,{'Output': 'mismatch'},{'Output': 'mismatch'}
2139,{'Output': 'mismatch'},{'Output': 'mismatch'}
2140,{'Output': 'mismatch'},{'Output': 'mismatch'}
2141,{'Output': 'mismatch'},{'Output': 'mismatch'}
2142,{'Output': 'mismatch'},{'Output': 'mismatch'}
2143,{'Output': 'mismatch'},{'Output': 'mismatch'}
2144,{'Output': 'mismatch'},{'Output': 'mismatch'}
2145,{'Output': 'mismatch'},{'Output': 'mismatch'}
2146,{'Output': 'mismatch'},{'Output': 'mismatch'}
2147,{'Output': 'mismatch'},{'Output': 'mismatch'}
2148,{'Output': 'mismatch'},{'Output': 'mismatch'}
2149,{'Output': 'mismatch'},{'Output': 'mismatch'}
2150,{'Output': 'mismatch'},{'Output': 'mismatch'}
2151,{'Output': 'mismatch'},{'Output': 'mismatch'}
2152,{'Output': 'mismatch'},{'Output': 'mismatch'}
2153,{'Output': 'mismatch'},{'Output': 'mismatch'}
2154,{'Output': 'mismatch'},{'Output': 'mismatch'}
2155,{'Output': 'mismatch'},{'Output': 'mismatch'}
2156,{'Output': 'mismatch'},{'Output': 'mismatch'}
2157,{'Output': 'mismatch'},{'Output': 'mismatch'}
2158,{'Output': 'mismatch'},{'Output': 'mismatch'}
2159,{'Output': 'mismatch'},{'Output': 'mismatch'}
2160,{'Output': 'mismatch'},{'Output': 'mismatch'}
2161,{'Output': 'mismatch'},{'Output': 'mismatch'}
2162,{'Output': 'mismatch'},{'Output': 'mismatch'}
2163,{'Output': 'mismatch'},{'Output': 'mismatch'}
2164,{'Output': 'mismatch'},{'Output': 'mismatch'}
2165,{'Output': 'mismatch'},{'Output': 'mismatch'}
2166,{'Output': 'mismatch'},{'Output': 'mismatch'}
2167,{'Output': 'mismatch'},{'Output': 'mismatch'}
2168,{'Output': 'mismatch'},{'Output': 'mismatch'}
2169,{'Output': 'mismatch'},{'Output': 'mismatch'}
2170,{'Output': 'mismatch'},{'Output': 'mismatch'}
2171,{'Output': 'mismatch'},{'Output': 'mismatch'}
2172,{'Output': 'mismatch'},{'Output': 'mismatch'}
2173,{'Output': 'mismatch'},{'Output': 'mismatch'}
2174,{'Output': 'mismatch'},{'Output': 'mismatch'}
2175,{'Output': 'mismatch'},{'Output': 'mismatch'}
2176,{'Output': 'mismatch'},{'Output': 'mismatch'}
2177,{'Output': 'mismatch'},{'Output': 'mismatch'}
2178,{'Output': 'mismatch'},{'Output': 'mismatch'}
2179,{'Output': 'mismatch'},{'Output': 'mismatch'}
2180,{'Output': 'mismatch'},{'Output': 'mismatch'}
2181,{'Output': 'mismatch'},{'Output': 'mismatch'}
2182,{'Output': 'mismatch'},{'Output': 'mismatch'}
2183,{'Output': 'mismatch'},{'Output': 'mismatch'}
2184,{'Output': 'mismatch'},{'Output': 'mismatch'}
2185,{'Output': 'mismatch'},{'Output': 'mismatch'}
2186,{'Output': 'mismatch'},{'Output': 'mismatch'}
2187,{'Output': 'mismatch'},{'Output': 'mismatch'}
2188,{'Output': 'mismatch'},{'Output': 'mismatch'}
2189,{'Output': 'mismatch'},{'Output': 'mismatch'}
2190,{'Output': 'mismatch'},{'Output': 'mismatch'}
2191,{'Output': 'mismatch'},{'Output': 'mismatch'}
2192,{'Output': 'mismatch'},{'Output': 'mismatch'}
2193,{'Output': 'mismatch'},{'Output': 'mismatch'}
2194,{'Output': 'mismatch'},{'Output': 'mismatch'}
2195,{'Output': 'mismatch'},{'Output': 'mismatch'}
2196,{'Output': 'mismatch'},{'Output': 'mismatch'}
2197,{'Output': 'mismatch'},{'Output': 'mismatch'}
2198,{'Output': 'mismatch'},{'Output': 'mismatch'}
2199,{'Output': 'mismatch'},{'Output': 'mismatch'}
2200,{'Output': 'mismatch'},{'Output': 'mismatch'}
2201,{'Output': 'mismatch'},{'Output': 'mismatch'}
2202,{'Output': 'mismatch'},{'Output': 'mismatch'}
2203,{'Output': 'mismatch'},{'Output': 'mismatch'}
2204,{'Output': 'mismatch'},{'Output': 'mismatch'}
2205,{'Output': 'mismatch'},{'Output': 'mismatch'}
2206,{'Output': 'mismatch'},{'Output': 'mismatch'}
2207,{'Output': 'mismatch'},{'Output': 'mismatch'}
2208,{'Output': 'mismatch'},{'Output': 'mismatch'}
2209,{'Output': 'mismatch'},{'Output': 'mismatch'}
2210,{'Output': 'mismatch'},{'Output': 'mismatch'}
2211,{'Output': 'mismatch'},{'Output': 'mismatch'}
2212,{'Output': 'mismatch'},{'Output': 'mismatch'}
2213,{'Output': 'mismatch'},{'Output': 'mismatch'}
2214,{'Output': 'mismatch'},{'Output': 'mismatch'}
2215,{'Output': 'mismatch'},{'Output': 'mismatch'}
2216,{'Output': 'mismatch'},{'Output': 'mismatch'}
2217,{'Output': 'mismatch'},{'Output': 'mismatch'}
2218,{'Output': 'mismatch'},{'Output': 'mismatch'}
2219,{'Output': 'mismatch'},{'Output': 'mismatch'}
2220,{'Output': 'mismatch'},{'Output': 'mismatch'}
2221,{'Output': 'mismatch'},{'Output': 'mismatch'}
2222,{'Output': 'mismatch'},{'Output': 'mismatch'}
2223,{'Output': 'mismatch'},{'Output': 'mismatch'}
2224,{'Output': 'mismatch'},{'Output': 'mismatch'}
2225,{'Output': 'mismatch'},{'Output': 'mismatch'}
2226,{'Output': 'mismatch'},{'Output': 'mismatch'}
2227,{'Output': 'mismatch'},{'Output': 'mismatch'}
2228,{'Output': 'mismatch'},{'Output': 'mismatch'}
2229,{'Output': 'mismatch'},{'Output': 'mismatch'}
2230,{'Output': 'mismatch'},{'Output': 'mismatch'}
2231,{'Output': 'mismatch'},{'Output': 'mismatch'}
2232,{'Output': 'mismatch'},{'Output': 'mismatch'}
2233,{'Output': 'mismatch'},{'Output': 'mismatch'}
2234,{'Output': 'mismatch'},{'Output': 'mismatch'}
2235,{'Output': 'mismatch'},{'Output': 'mismatch'}
2236,{'Output': 'mismatch'},{'Output': 'mismatch'}
2237,{'Output': 'mismatch'},{'Output': 'mismatch'}
2238,{'Output': 'mismatch'},{'Output': 'mismatch'}
2239,{'Output': 'mismatch'},{'Output': 'mismatch'}
2240,{'Output': 'mismatch'},{'Output': 'mismatch'}
2241,{'Output': 'match'},{'Output': 'mismatch'}
2242,{'Output': 'mismatch'},{'Output': 'mismatch'}
2243,{'Output': 'mismatch'},{'Output': 'mismatch'}
2244,{'Output': 'mismatch'},{'Output': 'mismatch'}
2245,{'Output': 'mismatch'},{'Output': 'mismatch'}
2246,{'Output': 'mismatch'},{'Output': 'mismatch'}
2247,{'Output': 'mismatch'},{'Output': 'mismatch'}
2248,{'Output': 'mismatch'},{'Output': 'mismatch'}
2249,{'Output': 'mismatch'},{'Output': 'mismatch'}
2250,{'Output': 'mismatch'},{'Output': 'mismatch'}
2251,{'Output': 'mismatch'},{'Output': 'mismatch'}
2252,{'Output': 'mismatch'},{'Output': 'mismatch'}
2253,{'Output': 'mismatch'},{'Output': 'mismatch'}
2254,{'Output': 'mismatch'},{'Output': 'mismatch'}
2255,{'Output': 'mismatch'},{'Output': 'mismatch'}
2256,{'Output': 'mismatch'},{'Output': 'mismatch'}
2257,{'Output': 'mismatch'},{'Output': 'mismatch'}
2258,{'Output': 'mismatch'},{'Output': 'mismatch'}
2259,{'Output': 'mismatch'},{'Output': 'mismatch'}
2260,{'Output': 'mismatch'},{'Output': 'mismatch'}
2261,{'Output': 'mismatch'},{'Output': 'mismatch'}
2262,{'Output': 'mismatch'},{'Output': 'mismatch'}
2263,{'Output': 'mismatch'},{'Output': 'mismatch'}
2264,{'Output': 'mismatch'},{'Output': 'mismatch'}
2265,{'Output': 'mismatch'},{'Output': 'mismatch'}
2266,{'Output': 'mismatch'},{'Output': 'mismatch'}
2267,{'Output': 'mismatch'},{'Output': 'mismatch'}
2268,{'Output': 'mismatch'},{'Output': 'mismatch'}
2269,{'Output': 'mismatch'},{'Output': 'mismatch'}
2270,{'Output': 'mismatch'},{'Output': 'mismatch'}
2271,{'Output': 'mismatch'},{'Output': 'mismatch'}
2272,{'Output': 'mismatch'},{'Output': 'mismatch'}
2273,{'Output': 'mismatch'},{'Output': 'mismatch'}
2274,{'Output': 'mismatch'},{'Output': 'mismatch'}
2275,{'Output': 'mismatch'},{'Output': 'mismatch'}
2276,{'Output': 'mismatch'},{'Output': 'mismatch'}
2277,{'Output': 'mismatch'},{'Output': 'mismatch'}
2278,{'Output': 'mismatch'},{'Output': 'mismatch'}
2279,{'Output': 'mismatch'},{'Output': 'mismatch'}
2280,{'Output': 'mismatch'},{'Output': 'mismatch'}
2281,{'Output': 'mismatch'},{'Output': 'mismatch'}
2282,{'Output': 'mismatch'},{'Output': 'mismatch'}
2283,{'Output': 'mismatch'},{'Output': 'mismatch'}
2284,{'Output': 'mismatch'},{'Output': 'mismatch'}
2285,{'Output': 'mismatch'},{'Output': 'mismatch'}
2286,{'Output': 'mismatch'},{'Output': 'mismatch'}
2287,{'Output': 'mismatch'},{'Output': 'mismatch'}
2288,{'Output': 'mismatch'},{'Output': 'mismatch'}
2289,{'Output': 'mismatch'},{'Output': 'mismatch'}
2290,{'Output': 'mismatch'},{'Output': 'mismatch'}
2291,{'Output': 'mismatch'},{'Output': 'mismatch'}
2292,{'Output': 'mismatch'},{'Output': 'mismatch'}
2293,{'Output': 'mismatch'},{'Output': 'mismatch'}
2294,{'Output': 'mismatch'},{'Output': 'mismatch'}
2295,{'Output': 'mismatch'},{'Output': 'mismatch'}
2296,{'Output': 'mismatch'},{'Output': 'mismatch'}
2297,{'Output': 'mismatch'},{'Output': 'mismatch'}
2298,{'Output': 'mismatch'},{'Output': 'mismatch'}
2299,{'Output': 'mismatch'},{'Output': 'mismatch'}
2300,{'Output': 'mismatch'},{'Output': 'mismatch'}
2301,{'Output': 'mismatch'},{'Output': 'mismatch'}
2302,{'Output': 'mismatch'},{'Output': 'mismatch'}
2303,{'Output': 'mismatch'},{'Output': 'mismatch'}
2304,{'Output': 'mismatch'},{'Output': 'mismatch'}
2305,{'Output': 'mismatch'},{'Output': 'mismatch'}
2306,{'Output': 'mismatch'},{'Output': 'mismatch'}
2307,{'Output': 'mismatch'},{'Output': 'mismatch'}
2308,{'Output': 'mismatch'},{'Output': 'mismatch'}
2309,{'Output': 'mismatch'},{'Output': 'mismatch'}
2310,{'Output': 'mismatch'},{'Output': 'mismatch'}
2311,{'Output': 'mismatch'},{'Output': 'mismatch'}
2312,{'Output': 'mismatch'},{'Output': 'mismatch'}
2313,{'Output': 'mismatch'},{'Output': 'mismatch'}
2314,{'Output': 'mismatch'},{'Output': 'mismatch'}
2315,{'Output': 'mismatch'},{'Output': 'mismatch'}
2316,{'Output': 'mismatch'},{'Output': 'mismatch'}
2317,{'Output': 'mismatch'},{'Output': 'mismatch'}
2318,{'Output': 'mismatch'},{'Output': 'mismatch'}
2319,{'Output': 'mismatch'},{'Output': 'mismatch'}
2320,{'Output': 'mismatch'},{'Output': 'mismatch'}
2321,{'Output': 'mismatch'},{'Output': 'mismatch'}
2322,{'Output': 'mismatch'},{'Output': 'mismatch'}
2323,{'Output': 'mismatch'},{'Output': 'mismatch'}
2324,{'Output': 'mismatch'},{'Output': 'mismatch'}
2325,{'Output': 'mismatch'},{'Output': 'mismatch'}
2326,{'Output': 'mismatch'},{'Output': 'mismatch'}
2327,{'Output': 'mismatch'},{'Output': 'mismatch'}
2328,{'Output': 'mismatch'},{'Output': 'mismatch'}
2329,{'Output': 'mismatch'},{'Output': 'mismatch'}
2330,{'Output': 'mismatch'},{'Output': 'mismatch'}
2331,{'Output': 'mismatch'},{'Output': 'mismatch'}
2332,{'Output': 'mismatch'},{'Output': 'mismatch'}
2333,{'Output': 'mismatch'},{'Output': 'mismatch'}
2334,{'Output': 'mismatch'},{'Output': 'mismatch'}
2335,{'Output': 'mismatch'},{'Output': 'mismatch'}
2336,{'Output': 'mismatch'},{'Output': 'mismatch'}
2337,{'Output': 'mismatch'},{'Output': 'mismatch'}
2338,{'Output': 'mismatch'},{'Output': 'mismatch'}
2339,{'Output': 'mismatch'},{'Output': 'mismatch'}
2340,{'Output': 'mismatch'},{'Output': 'mismatch'}
2341,{'Output': 'mismatch'},{'Output': 'mismatch'}
2342,{'Output': 'mismatch'},{'Output': 'mismatch'}
2343,{'Output': 'mismatch'},{'Output': 'mismatch'}
2344,{'Output': 'mismatch'},{'Output': 'mismatch'}
2345,{'Output': 'mismatch'},{'Output': 'mismatch'}
2346,{'Output': 'mismatch'},{'Output': 'mismatch'}
2347,{'Output': 'mismatch'},{'Output': 'mismatch'}
2348,{'Output': 'mismatch'},{'Output': 'mismatch'}
2349,{'Output': 'mismatch'},{'Output': 'mismatch'}
2350,{'Output': 'mismatch'},{'Output': 'mismatch'}
2351,{'Output': 'mismatch'},{'Output': 'mismatch'}
2352,{'Output': 'mismatch'},{'Output': 'mismatch'}
2353,{'Output': 'mismatch'},{'Output': 'mismatch'}
2354,{'Output': 'mismatch'},{'Output': 'mismatch'}
2355,{'Output': 'mismatch'},{'Output': 'mismatch'}
2356,{'Output': 'mismatch'},{'Output': 'mismatch'}
2357,{'Output': 'mismatch'},{'Output': 'mismatch'}
2358,{'Output': 'mismatch'},{'Output': 'mismatch'}
2359,{'Output': 'mismatch'},{'Output': 'mismatch'}
2360,{'Output': 'mismatch'},{'Output': 'mismatch'}
2361,{'Output': 'mismatch'},{'Output': 'mismatch'}
2362,{'Output': 'mismatch'},{'Output': 'mismatch'}
2363,{'Output': 'mismatch'},{'Output': 'mismatch'}
2364,{'Output': 'mismatch'},{'Output': 'mismatch'}
2365,{'Output': 'mismatch'},{'Output': 'mismatch'}
2366,{'Output': 'mismatch'},{'Output': 'mismatch'}
2367,{'Output': 'mismatch'},{'Output': 'mismatch'}
2368,{'Output': 'mismatch'},{'Output': 'mismatch'}
2369,{'Output': 'mismatch'},{'Output': 'mismatch'}
2370,{'Output': 'mismatch'},{'Output': 'mismatch'}
2371,{'Output': 'mismatch'},{'Output': 'mismatch'}
2372,{'Output': 'mismatch'},{'Output': 'mismatch'}
2373,{'Output': 'mismatch'},{'Output': 'mismatch'}
2374,{'Output': 'mismatch'},{'Output': 'mismatch'}
2375,{'Output': 'mismatch'},{'Output': 'mismatch'}
2376,{'Output': 'mismatch'},{'Output': 'mismatch'}
2377,{'Output': 'mismatch'},{'Output': 'mismatch'}
2378,{'Output': 'mismatch'},{'Output': 'mismatch'}
2379,{'Output': 'mismatch'},{'Output': 'mismatch'}
2380,{'Output': 'mismatch'},{'Output': 'mismatch'}
2381,{'Output': 'mismatch'},{'Output': 'mismatch'}
2382,{'Output': 'mismatch'},{'Output': 'mismatch'}
2383,{'Output': 'mismatch'},{'Output': 'mismatch'}
2384,{'Output': 'mismatch'},{'Output': 'mismatch'}
2385,{'Output': 'mismatch'},{'Output': 'mismatch'}
2386,{'Output': 'mismatch'},{'Output': 'mismatch'}
2387,{'Output': 'mismatch'},{'Output': 'mismatch'}
2388,{'Output': 'mismatch'},{'Output': 'mismatch'}
2389,{'Output': 'mismatch'},{'Output': 'mismatch'}
2390,{'Output': 'mismatch'},{'Output': 'mismatch'}
2391,{'Output': 'mismatch'},{'Output': 'mismatch'}
2392,{'Output': 'mismatch'},{'Output': 'mismatch'}
2393,{'Output': 'mismatch'},{'Output': 'mismatch'}
2394,{'Output': 'mismatch'},{'Output': 'mismatch'}
2395,{'Output': 'mismatch'},{'Output': 'mismatch'}
2396,{'Output': 'mismatch'},{'Output': 'mismatch'}
2397,{'Output': 'mismatch'},{'Output': 'mismatch'}
2398,{'Output': 'mismatch'},{'Output': 'mismatch'}
2399,{'Output': 'mismatch'},{'Output': 'mismatch'}
2400,{'Output': 'mismatch'},{'Output': 'mismatch'}
2401,{'Output': 'mismatch'},{'Output': 'mismatch'}
2402,{'Output': 'mismatch'},{'Output': 'mismatch'}
2403,{'Output': 'mismatch'},{'Output': 'mismatch'}
2404,{'Output': 'mismatch'},{'Output': 'mismatch'}
2405,{'Output': 'mismatch'},{'Output': 'mismatch'}
2406,{'Output': 'mismatch'},{'Output': 'mismatch'}
2407,{'Output': 'mismatch'},{'Output': 'mismatch'}
2408,{'Output': 'mismatch'},{'Output': 'mismatch'}
2409,{'Output': 'mismatch'},{'Output': 'mismatch'}
2410,{'Output': 'mismatch'},{'Output': 'mismatch'}
2411,{'Output': 'mismatch'},{'Output': 'mismatch'}
2412,{'Output': 'mismatch'},{'Output': 'mismatch'}
2413,{'Output': 'mismatch'},{'Output': 'mismatch'}
2414,{'Output': 'mismatch'},{'Output': 'mismatch'}
2415,{'Output': 'mismatch'},{'Output': 'mismatch'}
2416,{'Output': 'mismatch'},{'Output': 'mismatch'}
2417,{'Output': 'mismatch'},{'Output': 'mismatch'}
2418,{'Output': 'mismatch'},{'Output': 'mismatch'}
2419,{'Output': 'mismatch'},{'Output': 'mismatch'}
2420,{'Output': 'mismatch'},{'Output': 'mismatch'}
2421,{'Output': 'mismatch'},{'Output': 'mismatch'}
2422,{'Output': 'mismatch'},{'Output': 'mismatch'}
2423,{'Output': 'mismatch'},{'Output': 'mismatch'}
2424,{'Output': 'mismatch'},{'Output': 'mismatch'}
2425,{'Output': 'mismatch'},{'Output': 'mismatch'}
2426,{'Output': 'mismatch'},{'Output': 'mismatch'}
2427,{'Output': 'mismatch'},{'Output': 'mismatch'}
2428,{'Output': 'mismatch'},{'Output': 'mismatch'}
2429,{'Output': 'mismatch'},{'Output': 'mismatch'}
2430,{'Output': 'mismatch'},{'Output': 'mismatch'}
2431,{'Output': 'mismatch'},{'Output': 'mismatch'}
2432,{'Output': 'mismatch'},{'Output': 'mismatch'}
2433,{'Output': 'mismatch'},{'Output': 'mismatch'}
2434,{'Output': 'mismatch'},{'Output': 'mismatch'}
2435,{'Output': 'mismatch'},{'Output': 'mismatch'}
2436,{'Output': 'mismatch'},{'Output': 'mismatch'}
2437,{'Output': 'mismatch'},{'Output': 'mismatch'}
2438,{'Output': 'mismatch'},{'Output': 'mismatch'}
2439,{'Output': 'mismatch'},{'Output': 'mismatch'}
2440,{'Output': 'mismatch'},{'Output': 'mismatch'}
2441,{'Output': 'match'},{'Output': 'mismatch'}
2442,{'Output': 'mismatch'},{'Output': 'mismatch'}
2443,{'Output': 'mismatch'},{'Output': 'mismatch'}
2444,{'Output': 'mismatch'},{'Output': 'mismatch'}
2445,{'Output': 'mismatch'},{'Output': 'mismatch'}
2446,{'Output': 'mismatch'},{'Output': 'mismatch'}
2447,{'Output': 'mismatch'},{'Output': 'mismatch'}
2448,{'Output': 'mismatch'},{'Output': 'mismatch'}
2449,{'Output': 'mismatch'},{'Output': 'mismatch'}
2450,{'Output': 'mismatch'},{'Output': 'mismatch'}
2451,{'Output': 'mismatch'},{'Output': 'mismatch'}
2452,{'Output': 'mismatch'},{'Output': 'mismatch'}
2453,{'Output': 'mismatch'},{'Output': 'mismatch'}
2454,{'Output': 'mismatch'},{'Output': 'mismatch'}
2455,{'Output': 'mismatch'},{'Output': 'mismatch'}
2456,{'Output': 'mismatch'},{'Output': 'mismatch'}
2457,{'Output': 'mismatch'},{'Output': 'mismatch'}
2458,{'Output': 'mismatch'},{'Output': 'mismatch'}
2459,{'Output': 'mismatch'},{'Output': 'mismatch'}
2460,{'Output': 'mismatch'},{'Output': 'mismatch'}
2461,{'Output': 'mismatch'},{'Output': 'mismatch'}
2462,{'Output': 'mismatch'},{'Output': 'mismatch'}
2463,{'Output': 'mismatch'},{'Output': 'mismatch'}
2464,{'Output': 'mismatch'},{'Output': 'mismatch'}
2465,{'Output': 'mismatch'},{'Output': 'mismatch'}
2466,{'Output': 'mismatch'},{'Output': 'mismatch'}
2467,{'Output': 'mismatch'},{'Output': 'mismatch'}
2468,{'Output': 'mismatch'},{'Output': 'mismatch'}
2469,{'Output': 'mismatch'},{'Output': 'mismatch'}
2470,{'Output': 'mismatch'},{'Output': 'mismatch'}
2471,{'Output': 'mismatch'},{'Output': 'mismatch'}
2472,{'Output': 'mismatch'},{'Output': 'mismatch'}
2473,{'Output': 'mismatch'},{'Output': 'mismatch'}
2474,{'Output': 'mismatch'},{'Output': 'mismatch'}
2475,{'Output': 'mismatch'},{'Output': 'mismatch'}
2476,{'Output': 'mismatch'},{'Output': 'mismatch'}
2477,{'Output': 'mismatch'},{'Output': 'mismatch'}
2478,{'Output': 'mismatch'},{'Output': 'mismatch'}
2479,{'Output': 'mismatch'},{'Output': 'mismatch'}
2480,{'Output': 'mismatch'},{'Output': 'mismatch'}
2481,{'Output': 'mismatch'},{'Output': 'mismatch'}
2482,{'Output': 'mismatch'},{'Output': 'mismatch'}
2483,{'Output': 'mismatch'},{'Output': 'mismatch'}
2484,{'Output': 'mismatch'},{'Output': 'mismatch'}
2485,{'Output': 'mismatch'},{'Output': 'mismatch'}
2486,{'Output': 'mismatch'},{'Output': 'mismatch'}
2487,{'Output': 'mismatch'},{'Output': 'mismatch'}
2488,{'Output': 'mismatch'},{'Output': 'mismatch'}
2489,{'Output': 'mismatch'},{'Output': 'mismatch'}
2490,{'Output': 'mismatch'},{'Output': 'mismatch'}
2491,{'Output': 'mismatch'},{'Output': 'mismatch'}
2492,{'Output': 'mismatch'},{'Output': 'mismatch'}
2493,{'Output': 'mismatch'},{'Output': 'mismatch'}
2494,{'Output': 'mismatch'},{'Output': 'mismatch'}
2495,{'Output': 'mismatch'},{'Output': 'mismatch'}
2496,{'Output': 'mismatch'},{'Output': 'mismatch'}
2497,{'Output': 'mismatch'},{'Output': 'mismatch'}
2498,{'Output': 'mismatch'},{'Output': 'mismatch'}
2499,{'Output': 'mismatch'},{'Output': 'mismatch'}
2500,{'Output': 'mismatch'},{'Output': 'mismatch'}
2501,{'Output': 'mismatch'},{'Output': 'mismatch'}
2502,{'Output': 'mismatch'},{'Output': 'mismatch'}
2503,{'Output': 'mismatch'},{'Output': 'mismatch'}
2504,{'Output': 'mismatch'},{'Output': 'mismatch'}
2505,{'Output': 'mismatch'},{'Output': 'mismatch'}
2506,{'Output': 'mismatch'},{'Output': 'mismatch'}
2507,{'Output': 'mismatch'},{'Output': 'mismatch'}
2508,{'Output': 'mismatch'},{'Output': 'match'}
2509,{'Output': 'mismatch'},{'Output': 'mismatch'}
2510,{'Output': 'mismatch'},{'Output': 'mismatch'}
2511,{'Output': 'mismatch'},{'Output': 'mismatch'}
2512,{'Output': 'mismatch'},{'Output': 'mismatch'}
2513,{'Output': 'mismatch'},{'Output': 'mismatch'}
2514,{'Output': 'mismatch'},{'Output': 'mismatch'}
2515,{'Output': 'mismatch'},{'Output': 'mismatch'}
2516,{'Output': 'mismatch'},{'Output': 'mismatch'}
2517,{'Output': 'mismatch'},{'Output': 'mismatch'}
2518,{'Output': 'mismatch'},{'Output': 'mismatch'}
2519,{'Output': 'mismatch'},{'Output': 'mismatch'}
2520,{'Output': 'mismatch'},{'Output': 'mismatch'}
2521,{'Output': 'mismatch'},{'Output': 'mismatch'}
2522,{'Output': 'mismatch'},{'Output': 'mismatch'}
2523,{'Output': 'mismatch'},{'Output': 'mismatch'}
2524,{'Output': 'mismatch'},{'Output': 'mismatch'}
2525,{'Output': 'mismatch'},{'Output': 'mismatch'}
2526,{'Output': 'mismatch'},{'Output': 'mismatch'}
2527,{'Output': 'mismatch'},{'Output': 'mismatch'}
2528,{'Output': 'mismatch'},{'Output': 'mismatch'}
2529,{'Output': 'mismatch'},{'Output': 'mismatch'}
2530,{'Output': 'mismatch'},{'Output': 'mismatch'}
2531,{'Output': 'mismatch'},{'Output': 'mismatch'}
2532,{'Output': 'mismatch'},{'Output': 'mismatch'}
2533,{'Output': 'mismatch'},{'Output': 'mismatch'}
2534,{'Output': 'mismatch'},{'Output': 'mismatch'}
2535,{'Output': 'mismatch'},{'Output': 'mismatch'}
2536,{'Output': 'mismatch'},{'Output': 'mismatch'}
2537,{'Output': 'mismatch'},{'Output': 'mismatch'}
2538,{'Output': 'mismatch'},{'Output': 'mismatch'}
2539,{'Output': 'mismatch'},{'Output': 'mismatch'}
2540,{'Output': 'mismatch'},{'Output': 'mismatch'}
2541,{'Output': 'mismatch'},{'Output': 'mismatch'}
2542,{'Output': 'mismatch'},{'Output': 'mismatch'}
2543,{'Output': 'mismatch'},{'Output': 'mismatch'}
2544,{'Output': 'mismatch'},{'Output': 'mismatch'}
2545,{'Output': 'mismatch'},{'Output': 'mismatch'}
2546,{'Output': 'mismatch'},{'Output': 'mismatch'}
2547,{'Output': 'mismatch'},{'Output': 'mismatch'}
2548,{'Output': 'mismatch'},{'Output': 'mismatch'}
2549,{'Output': 'mismatch'},{'Output': 'mismatch'}
2550,{'Output': 'mismatch'},{'Output': 'mismatch'}
2551,{'Output': 'mismatch'},{'Output': 'mismatch'}
2552,{'Output': 'mismatch'},{'Output': 'mismatch'}
2553,{'Output': 'mismatch'},{'Output': 'mismatch'}
2554,{'Output': 'mismatch'},{'Output': 'mismatch'}
2555,{'Output': 'mismatch'},{'Output': 'mismatch'}
2556,{'Output': 'mismatch'},{'Output': 'mismatch'}
2557,{'Output': 'mismatch'},{'Output': 'mismatch'}
2558,{'Output': 'mismatch'},{'Output': 'mismatch'}
2559,{'Output': 'mismatch'},{'Output': 'mismatch'}
2560,{'Output': 'mismatch'},{'Output': 'mismatch'}
2561,{'Output': 'mismatch'},{'Output': 'mismatch'}
2562,{'Output': 'mismatch'},{'Output': 'mismatch'}
2563,{'Output': 'mismatch'},{'Output': 'mismatch'}
2564,{'Output': 'mismatch'},{'Output': 'mismatch'}
2565,{'Output': 'mismatch'},{'Output': 'mismatch'}
2566,{'Output': 'mismatch'},{'Output': 'mismatch'}
2567,{'Output': 'mismatch'},{'Output': 'mismatch'}
2568,{'Output': 'mismatch'},{'Output': 'mismatch'}
2569,{'Output': 'mismatch'},{'Output': 'mismatch'}
2570,{'Output': 'mismatch'},{'Output': 'mismatch'}
2571,{'Output': 'mismatch'},{'Output': 'mismatch'}
2572,{'Output': 'mismatch'},{'Output': 'mismatch'}
2573,{'Output': 'mismatch'},{'Output': 'mismatch'}
2574,{'Output': 'mismatch'},{'Output': 'mismatch'}
2575,{'Output': 'mismatch'},{'Output': 'mismatch'}
2576,{'Output': 'mismatch'},{'Output': 'mismatch'}
2577,{'Output': 'mismatch'},{'Output': 'mismatch'}
2578,{'Output': 'mismatch'},{'Output': 'mismatch'}
2579,{'Output': 'mismatch'},{'Output': 'mismatch'}
2580,{'Output': 'mismatch'},{'Output': 'mismatch'}
2581,{'Output': 'mismatch'},{'Output': 'mismatch'}
2582,{'Output': 'mismatch'},{'Output': 'mismatch'}
2583,{'Output': 'mismatch'},{'Output': 'mismatch'}
2584,{'Output': 'mismatch'},{'Output': 'mismatch'}
2585,{'Output': 'mismatch'},{'Output': 'mismatch'}
2586,{'Output': 'mismatch'},{'Output': 'mismatch'}
2587,{'Output': 'mismatch'},{'Output': 'mismatch'}
2588,{'Output': 'mismatch'},{'Output': 'mismatch'}
2589,{'Output': 'mismatch'},{'Output': 'mismatch'}
2590,{'Output': 'mismatch'},{'Output': 'mismatch'}
2591,{'Output': 'mismatch'},{'Output': 'mismatch'}
2592,{'Output': 'mismatch'},{'Output': 'mismatch'}
2593,{'Output': 'mismatch'},{'Output': 'mismatch'}
2594,{'Output': 'mismatch'},{'Output': 'mismatch'}
2595,{'Output': 'mismatch'},{'Output': 'mismatch'}
2596,{'Output': 'mismatch'},{'Output': 'mismatch'}
2597,{'Output': 'mismatch'},{'Output': 'mismatch'}
2598,{'Output': 'mismatch'},{'Output': 'mismatch'}
2599,{'Output': 'mismatch'},{'Output': 'mismatch'}
2600,{'Output': 'mismatch'},{'Output': 'mismatch'}
2601,{'Output': 'mismatch'},{'Output': 'mismatch'}
2602,{'Output': 'mismatch'},{'Output': 'mismatch'}
2603,{'Output': 'mismatch'},{'Output': 'mismatch'}
2604,{'Output': 'mismatch'},{'Output': 'mismatch'}
2605,{'Output': 'mismatch'},{'Output': 'mismatch'}
2606,{'Output': 'mismatch'},{'Output': 'mismatch'}
2607,{'Output': 'mismatch'},{'Output': 'mismatch'}
2608,{'Output': 'mismatch'},{'Output': 'mismatch'}
2609,{'Output': 'mismatch'},{'Output': 'mismatch'}
2610,{'Output': 'mismatch'},{'Output': 'mismatch'}
2611,{'Output': 'mismatch'},{'Output': 'mismatch'}
2612,{'Output': 'mismatch'},{'Output': 'mismatch'}
2613,{'Output': 'mismatch'},{'Output': 'mismatch'}
2614,{'Output': 'mismatch'},{'Output': 'mismatch'}
2615,{'Output': 'mismatch'},{'Output': 'mismatch'}
2616,{'Output': 'mismatch'},{'Output': 'mismatch'}
2617,{'Output': 'mismatch'},{'Output': 'mismatch'}
2618,{'Output': 'mismatch'},{'Output': 'mismatch'}
2619,{'Output': 'mismatch'},{'Output': 'mismatch'}
2620,{'Output': 'mismatch'},{'Output': 'mismatch'}
2621,{'Output': 'mismatch'},{'Output': 'mismatch'}
2622,{'Output': 'mismatch'},{'Output': 'mismatch'}
2623,{'Output': 'mismatch'},{'Output': 'mismatch'}
2624,{'Output': 'mismatch'},{'Output': 'mismatch'}
2625,{'Output': 'mismatch'},{'Output': 'mismatch'}
2626,{'Output': 'mismatch'},{'Output': 'mismatch'}
2627,{'Output': 'mismatch'},{'Output': 'mismatch'}
2628,{'Output': 'mismatch'},{'Output': 'mismatch'}
2629,{'Output': 'mismatch'},{'Output': 'mismatch'}
2630,{'Output': 'mismatch'},{'Output': 'mismatch'}
2631,{'Output': 'mismatch'},{'Output': 'mismatch'}
2632,{'Output': 'mismatch'},{'Output': 'mismatch'}
2633,{'Output': 'mismatch'},{'Output': 'mismatch'}
2634,{'Output': 'mismatch'},{'Output': 'mismatch'}
2635,{'Output': 'mismatch'},{'Output': 'mismatch'}
2636,{'Output': 'mismatch'},{'Output': 'mismatch'}
2637,{'Output': 'mismatch'},{'Output': 'mismatch'}
2638,{'Output': 'mismatch'},{'Output': 'mismatch'}
2639,{'Output': 'mismatch'},{'Output': 'mismatch'}
2640,{'Output': 'mismatch'},{'Output': 'mismatch'}
2641,{'Output': 'mismatch'},{'Output': 'mismatch'}
2642,{'Output': 'mismatch'},{'Output': 'mismatch'}
2643,{'Output': 'mismatch'},{'Output': 'mismatch'}
2644,{'Output': 'mismatch'},{'Output': 'mismatch'}
2645,{'Output': 'mismatch'},{'Output': 'mismatch'}
2646,{'Output': 'mismatch'},{'Output': 'mismatch'}
2647,{'Output': 'mismatch'},{'Output': 'mismatch'}
2648,{'Output': 'mismatch'},{'Output': 'mismatch'}
2649,{'Output': 'mismatch'},{'Output': 'mismatch'}
2650,{'Output': 'mismatch'},{'Output': 'mismatch'}
2651,{'Output': 'mismatch'},{'Output': 'mismatch'}
2652,{'Output': 'mismatch'},{'Output': 'mismatch'}
2653,{'Output': 'mismatch'},{'Output': 'mismatch'}
2654,{'Output': 'mismatch'},{'Output': 'mismatch'}
2655,{'Output': 'mismatch'},{'Output': 'mismatch'}
2656,{'Output': 'mismatch'},{'Output': 'mismatch'}
2657,{'Output': 'mismatch'},{'Output': 'mismatch'}
2658,{'Output': 'mismatch'},{'Output': 'mismatch'}
2659,{'Output': 'mismatch'},{'Output': 'mismatch'}
2660,{'Output': 'mismatch'},{'Output': 'mismatch'}
2661,{'Output': 'mismatch'},{'Output': 'mismatch'}
2662,{'Output': 'mismatch'},{'Output': 'mismatch'}
2663,{'Output': 'mismatch'},{'Output': 'mismatch'}
2664,{'Output': 'mismatch'},{'Output': 'mismatch'}
2665,{'Output': 'mismatch'},{'Output': 'mismatch'}
2666,{'Output': 'mismatch'},{'Output': 'mismatch'}
2667,{'Output': 'mismatch'},{'Output': 'mismatch'}
2668,{'Output': 'mismatch'},{'Output': 'mismatch'}
2669,{'Output': 'mismatch'},{'Output': 'mismatch'}
2670,{'Output': 'mismatch'},{'Output': 'mismatch'}
2671,{'Output': 'mismatch'},{'Output': 'mismatch'}
2672,{'Output': 'mismatch'},{'Output': 'mismatch'}
2673,{'Output': 'mismatch'},{'Output': 'mismatch'}
2674,{'Output': 'mismatch'},{'Output': 'mismatch'}
2675,{'Output': 'mismatch'},{'Output': 'mismatch'}
2676,{'Output': 'mismatch'},{'Output': 'mismatch'}
2677,{'Output': 'mismatch'},{'Output': 'mismatch'}
2678,{'Output': 'mismatch'},{'Output': 'mismatch'}
2679,{'Output': 'mismatch'},{'Output': 'mismatch'}
2680,{'Output': 'mismatch'},{'Output': 'mismatch'}
2681,{'Output': 'mismatch'},{'Output': 'mismatch'}
2682,{'Output': 'mismatch'},{'Output': 'mismatch'}
2683,{'Output': 'mismatch'},{'Output': 'mismatch'}
2684,{'Output': 'mismatch'},{'Output': 'mismatch'}
2685,{'Output': 'mismatch'},{'Output': 'mismatch'}
2686,{'Output': 'mismatch'},{'Output': 'mismatch'}
2687,{'Output': 'mismatch'},{'Output': 'mismatch'}
2688,{'Output': 'mismatch'},{'Output': 'mismatch'}
2689,{'Output': 'mismatch'},{'Output': 'mismatch'}
2690,{'Output': 'mismatch'},{'Output': 'mismatch'}
2691,{'Output': 'mismatch'},{'Output': 'mismatch'}
2692,{'Output': 'mismatch'},{'Output': 'mismatch'}
2693,{'Output': 'mismatch'},{'Output': 'mismatch'}
2694,{'Output': 'mismatch'},{'Output': 'mismatch'}
2695,{'Output': 'mismatch'},{'Output': 'mismatch'}
2696,{'Output': 'mismatch'},{'Output': 'mismatch'}
2697,{'Output': 'mismatch'},{'Output': 'mismatch'}
2698,{'Output': 'mismatch'},{'Output': 'mismatch'}
2699,{'Output': 'mismatch'},{'Output': 'mismatch'}
2700,{'Output': 'mismatch'},{'Output': 'mismatch'}
2701,{'Output': 'mismatch'},{'Output': 'mismatch'}
2702,{'Output': 'mismatch'},{'Output': 'mismatch'}
2703,{'Output': 'mismatch'},{'Output': 'mismatch'}
2704,{'Output': 'mismatch'},{'Output': 'mismatch'}
2705,{'Output': 'mismatch'},{'Output': 'mismatch'}
2706,{'Output': 'mismatch'},{'Output': 'mismatch'}
2707,{'Output': 'mismatch'},{'Output': 'mismatch'}
2708,{'Output': 'mismatch'},{'Output': 'mismatch'}
2709,{'Output': 'mismatch'},{'Output': 'mismatch'}
2710,{'Output': 'mismatch'},{'Output': 'mismatch'}
2711,{'Output': 'mismatch'},{'Output': 'mismatch'}
2712,{'Output': 'mismatch'},{'Output': 'mismatch'}
2713,{'Output': 'mismatch'},{'Output': 'mismatch'}
2714,{'Output': 'mismatch'},{'Output': 'mismatch'}
2715,{'Output': 'mismatch'},{'Output': 'mismatch'}
2716,{'Output': 'mismatch'},{'Output': 'mismatch'}
2717,{'Output': 'mismatch'},{'Output': 'mismatch'}
2718,{'Output': 'mismatch'},{'Output': 'mismatch'}
2719,{'Output': 'mismatch'},{'Output': 'mismatch'}
2720,{'Output': 'mismatch'},{'Output': 'mismatch'}
2721,{'Output': 'mismatch'},{'Output': 'mismatch'}
2722,{'Output': 'mismatch'},{'Output': 'mismatch'}
2723,{'Output': 'mismatch'},{'Output': 'mismatch'}
2724,{'Output': 'mismatch'},{'Output': 'mismatch'}
2725,{'Output': 'mismatch'},{'Output': 'mismatch'}
2726,{'Output': 'mismatch'},{'Output': 'mismatch'}
2727,{'Output': 'mismatch'},{'Output': 'mismatch'}
2728,{'Output': 'mismatch'},{'Output': 'mismatch'}
2729,{'Output': 'mismatch'},{'Output': 'mismatch'}
2730,{'Output': 'mismatch'},{'Output': 'mismatch'}
2731,{'Output': 'mismatch'},{'Output': 'mismatch'}
2732,{'Output': 'mismatch'},{'Output': 'mismatch'}
2733,{'Output': 'mismatch'},{'Output': 'mismatch'}
2734,{'Output': 'mismatch'},{'Output': 'mismatch'}
2735,{'Output': 'mismatch'},{'Output': 'mismatch'}
2736,{'Output': 'mismatch'},{'Output': 'mismatch'}
2737,{'Output': 'mismatch'},{'Output': 'mismatch'}
2738,{'Output': 'mismatch'},{'Output': 'mismatch'}
2739,{'Output': 'mismatch'},{'Output': 'mismatch'}
2740,{'Output': 'mismatch'},{'Output': 'mismatch'}
2741,{'Output': 'mismatch'},{'Output': 'mismatch'}
2742,{'Output': 'mismatch'},{'Output': 'mismatch'}
2743,{'Output': 'mismatch'},{'Output': 'mismatch'}
2744,{'Output': 'mismatch'},{'Output': 'mismatch'}
2745,{'Output': 'mismatch'},{'Output': 'mismatch'}
2746,{'Output': 'mismatch'},{'Output': 'mismatch'}
2747,{'Output': 'mismatch'},{'Output': 'mismatch'}
2748,{'Output': 'mismatch'},{'Output': 'mismatch'}
2749,{'Output': 'mismatch'},{'Output': 'mismatch'}
2750,{'Output': 'mismatch'},{'Output': 'mismatch'}
2751,{'Output': 'mismatch'},{'Output': 'mismatch'}
2752,{'Output': 'mismatch'},{'Output': 'mismatch'}
2753,{'Output': 'mismatch'},{'Output': 'mismatch'}
2754,{'Output': 'mismatch'},{'Output': 'mismatch'}
2755,{'Output': 'mismatch'},{'Output': 'mismatch'}
2756,{'Output': 'mismatch'},{'Output': 'mismatch'}
2757,{'Output': 'mismatch'},{'Output': 'mismatch'}
2758,{'Output': 'mismatch'},{'Output': 'mismatch'}
2759,{'Output': 'mismatch'},{'Output': 'mismatch'}
2760,{'Output': 'mismatch'},{'Output': 'mismatch'}
2761,{'Output': 'mismatch'},{'Output': 'mismatch'}
2762,{'Output': 'mismatch'},{'Output': 'mismatch'}
2763,{'Output': 'mismatch'},{'Output': 'mismatch'}
2764,{'Output': 'mismatch'},{'Output': 'mismatch'}
2765,{'Output': 'mismatch'},{'Output': 'mismatch'}
2766,{'Output': 'mismatch'},{'Output': 'mismatch'}
2767,{'Output': 'mismatch'},{'Output': 'mismatch'}
2768,{'Output': 'mismatch'},{'Output': 'mismatch'}
2769,{'Output': 'mismatch'},{'Output': 'mismatch'}
2770,{'Output': 'mismatch'},{'Output': 'mismatch'}
2771,{'Output': 'mismatch'},{'Output': 'mismatch'}
2772,{'Output': 'mismatch'},{'Output': 'mismatch'}
2773,{'Output': 'mismatch'},{'Output': 'mismatch'}
2774,{'Output': 'mismatch'},{'Output': 'mismatch'}
2775,{'Output': 'mismatch'},{'Output': 'mismatch'}
2776,{'Output': 'mismatch'},{'Output': 'mismatch'}
2777,{'Output': 'mismatch'},{'Output': 'mismatch'}
2778,{'Output': 'mismatch'},{'Output': 'mismatch'}
2779,{'Output': 'mismatch'},{'Output': 'mismatch'}
2780,{'Output': 'mismatch'},{'Output': 'mismatch'}
2781,{'Output': 'mismatch'},{'Output': 'mismatch'}
2782,{'Output': 'mismatch'},{'Output': 'mismatch'}
2783,{'Output': 'mismatch'},{'Output': 'mismatch'}
2784,{'Output': 'mismatch'},{'Output': 'mismatch'}
2785,{'Output': 'mismatch'},{'Output': 'mismatch'}
2786,{'Output': 'mismatch'},{'Output': 'mismatch'}
2787,{'Output': 'mismatch'},{'Output': 'mismatch'}
2788,{'Output': 'mismatch'},{'Output': 'mismatch'}
2789,{'Output': 'match'},{'Output': 'mismatch'}
2790,{'Output': 'mismatch'},{'Output': 'mismatch'}
2791,{'Output': 'mismatch'},{'Output': 'mismatch'}
2792,{'Output': 'mismatch'},{'Output': 'mismatch'}
2793,{'Output': 'mismatch'},{'Output': 'mismatch'}
2794,{'Output': 'mismatch'},{'Output': 'mismatch'}
2795,{'Output': 'mismatch'},{'Output': 'mismatch'}
2796,{'Output': 'mismatch'},{'Output': 'mismatch'}
2797,{'Output': 'mismatch'},{'Output': 'mismatch'}
2798,{'Output': 'mismatch'},{'Output': 'mismatch'}
2799,{'Output': 'mismatch'},{'Output': 'mismatch'}
2800,{'Output': 'mismatch'},{'Output': 'mismatch'}
2801,{'Output': 'mismatch'},{'Output': 'mismatch'}
2802,{'Output': 'mismatch'},{'Output': 'mismatch'}
2803,{'Output': 'mismatch'},{'Output': 'mismatch'}
2804,{'Output': 'mismatch'},{'Output': 'mismatch'}
2805,{'Output': 'mismatch'},{'Output': 'mismatch'}
2806,{'Output': 'mismatch'},{'Output': 'mismatch'}
2807,{'Output': 'mismatch'},{'Output': 'mismatch'}
2808,{'Output': 'mismatch'},{'Output': 'mismatch'}
2809,{'Output': 'mismatch'},{'Output': 'mismatch'}
2810,{'Output': 'mismatch'},{'Output': 'mismatch'}
2811,{'Output': 'mismatch'},{'Output': 'mismatch'}
2812,{'Output': 'mismatch'},{'Output': 'mismatch'}
2813,{'Output': 'mismatch'},{'Output': 'mismatch'}
2814,{'Output': 'mismatch'},{'Output': 'mismatch'}
2815,{'Output': 'mismatch'},{'Output': 'mismatch'}
2816,{'Output': 'mismatch'},{'Output': 'mismatch'}
2817,{'Output': 'mismatch'},{'Output': 'mismatch'}
2818,{'Output': 'mismatch'},{'Output': 'mismatch'}
2819,{'Output': 'mismatch'},{'Output': 'mismatch'}
2820,{'Output': 'mismatch'},{'Output': 'mismatch'}
2821,{'Output': 'mismatch'},{'Output': 'mismatch'}
2822,{'Output': 'mismatch'},{'Output': 'mismatch'}
2823,{'Output': 'mismatch'},{'Output': 'mismatch'}
2824,{'Output': 'mismatch'},{'Output': 'mismatch'}
2825,{'Output': 'mismatch'},{'Output': 'mismatch'}
2826,{'Output': 'mismatch'},{'Output': 'mismatch'}
2827,{'Output': 'mismatch'},{'Output': 'mismatch'}
2828,{'Output': 'mismatch'},{'Output': 'mismatch'}
2829,{'Output': 'mismatch'},{'Output': 'mismatch'}
2830,{'Output': 'mismatch'},{'Output': 'mismatch'}
2831,{'Output': 'mismatch'},{'Output': 'mismatch'}
2832,{'Output': 'mismatch'},{'Output': 'mismatch'}
2833,{'Output': 'mismatch'},{'Output': 'mismatch'}
2834,{'Output': 'mismatch'},{'Output': 'mismatch'}
2835,{'Output': 'mismatch'},{'Output': 'mismatch'}
2836,{'Output': 'mismatch'},{'Output': 'mismatch'}
2837,{'Output': 'mismatch'},{'Output': 'mismatch'}
2838,{'Output': 'mismatch'},{'Output': 'mismatch'}
2839,{'Output': 'mismatch'},{'Output': 'mismatch'}
2840,{'Output': 'mismatch'},{'Output': 'mismatch'}
2841,{'Output': 'mismatch'},{'Output': 'mismatch'}
2842,{'Output': 'mismatch'},{'Output': 'mismatch'}
2843,{'Output': 'mismatch'},{'Output': 'mismatch'}
2844,{'Output': 'mismatch'},{'Output': 'mismatch'}
2845,{'Output': 'mismatch'},{'Output': 'mismatch'}
2846,{'Output': 'mismatch'},{'Output': 'mismatch'}
2847,{'Output': 'mismatch'},{'Output': 'mismatch'}
2848,{'Output': 'mismatch'},{'Output': 'mismatch'}
2849,{'Output': 'mismatch'},{'Output': 'mismatch'}
2850,{'Output': 'mismatch'},{'Output': 'mismatch'}
2851,{'Output': 'mismatch'},{'Output': 'mismatch'}
2852,{'Output': 'mismatch'},{'Output': 'mismatch'}
2853,{'Output': 'mismatch'},{'Output': 'mismatch'}
2854,{'Output': 'mismatch'},{'Output': 'mismatch'}
2855,{'Output': 'mismatch'},{'Output': 'mismatch'}
2856,{'Output': 'mismatch'},{'Output': 'mismatch'}
2857,{'Output': 'mismatch'},{'Output': 'mismatch'}
2858,{'Output': 'mismatch'},{'Output': 'mismatch'}
2859,{'Output': 'mismatch'},{'Output': 'mismatch'}
2860,{'Output': 'match'},{'Output': 'mismatch'}
2861,{'Output': 'mismatch'},{'Output': 'mismatch'}
2862,{'Output': 'mismatch'},{'Output': 'mismatch'}
2863,{'Output': 'mismatch'},{'Output': 'mismatch'}
2864,{'Output': 'mismatch'},{'Output': 'mismatch'}
2865,{'Output': 'mismatch'},{'Output': 'mismatch'}
2866,{'Output': 'mismatch'},{'Output': 'mismatch'}
2867,{'Output': 'mismatch'},{'Output': 'mismatch'}
2868,{'Output': 'mismatch'},{'Output': 'mismatch'}
2869,{'Output': 'mismatch'},{'Output': 'mismatch'}
2870,{'Output': 'mismatch'},{'Output': 'mismatch'}
2871,{'Output': 'mismatch'},{'Output': 'mismatch'}
2872,{'Output': 'mismatch'},{'Output': 'mismatch'}
2873,{'Output': 'mismatch'},{'Output': 'mismatch'}
2874,{'Output': 'mismatch'},{'Output': 'mismatch'}
2875,{'Output': 'mismatch'},{'Output': 'mismatch'}
2876,{'Output': 'mismatch'},{'Output': 'mismatch'}
2877,{'Output': 'mismatch'},{'Output': 'mismatch'}
2878,{'Output': 'mismatch'},{'Output': 'mismatch'}
2879,{'Output': 'mismatch'},{'Output': 'mismatch'}
2880,{'Output': 'mismatch'},{'Output': 'mismatch'}
2881,{'Output': 'mismatch'},{'Output': 'mismatch'}
2882,{'Output': 'mismatch'},{'Output': 'mismatch'}
2883,{'Output': 'mismatch'},{'Output': 'mismatch'}
2884,{'Output': 'mismatch'},{'Output': 'mismatch'}
2885,{'Output': 'mismatch'},{'Output': 'mismatch'}
2886,{'Output': 'mismatch'},{'Output': 'mismatch'}
2887,{'Output': 'mismatch'},{'Output': 'mismatch'}
2888,{'Output': 'mismatch'},{'Output': 'mismatch'}
2889,{'Output': 'mismatch'},{'Output': 'mismatch'}
2890,{'Output': 'mismatch'},{'Output': 'mismatch'}
2891,{'Output': 'mismatch'},{'Output': 'mismatch'}
2892,{'Output': 'mismatch'},{'Output': 'mismatch'}
2893,{'Output': 'mismatch'},{'Output': 'mismatch'}
2894,{'Output': 'mismatch'},{'Output': 'mismatch'}
2895,{'Output': 'mismatch'},{'Output': 'mismatch'}
2896,{'Output': 'mismatch'},{'Output': 'mismatch'}
2897,{'Output': 'mismatch'},{'Output': 'mismatch'}
2898,{'Output': 'mismatch'},{'Output': 'mismatch'}
2899,{'Output': 'mismatch'},{'Output': 'mismatch'}
2900,{'Output': 'mismatch'},{'Output': 'mismatch'}
2901,{'Output': 'mismatch'},{'Output': 'mismatch'}
2902,{'Output': 'mismatch'},{'Output': 'mismatch'}
2903,{'Output': 'mismatch'},{'Output': 'mismatch'}
2904,{'Output': 'mismatch'},{'Output': 'mismatch'}
2905,{'Output': 'mismatch'},{'Output': 'mismatch'}
2906,{'Output': 'mismatch'},{'Output': 'mismatch'}
2907,{'Output': 'mismatch'},{'Output': 'mismatch'}
2908,{'Output': 'mismatch'},{'Output': 'mismatch'}
2909,{'Output': 'mismatch'},{'Output': 'mismatch'}
2910,{'Output': 'mismatch'},{'Output': 'mismatch'}
2911,{'Output': 'mismatch'},{'Output': 'mismatch'}
2912,{'Output': 'mismatch'},{'Output': 'mismatch'}
2913,{'Output': 'mismatch'},{'Output': 'mismatch'}
2914,{'Output': 'mismatch'},{'Output': 'mismatch'}
2915,{'Output': 'mismatch'},{'Output': 'mismatch'}
2916,{'Output': 'mismatch'},{'Output': 'mismatch'}
2917,{'Output': 'mismatch'},{'Output': 'mismatch'}
2918,{'Output': 'mismatch'},{'Output': 'mismatch'}
2919,{'Output': 'mismatch'},{'Output': 'mismatch'}
2920,{'Output': 'mismatch'},{'Output': 'mismatch'}
2921,{'Output': 'mismatch'},{'Output': 'mismatch'}
2922,{'Output': 'mismatch'},{'Output': 'mismatch'}
2923,{'Output': 'mismatch'},{'Output': 'mismatch'}
2924,{'Output': 'mismatch'},{'Output': 'mismatch'}
2925,{'Output': 'mismatch'},{'Output': 'mismatch'}
2926,{'Output': 'mismatch'},{'Output': 'mismatch'}
2927,{'Output': 'mismatch'},{'Output': 'mismatch'}
2928,{'Output': 'mismatch'},{'Output': 'mismatch'}
2929,{'Output': 'mismatch'},{'Output': 'mismatch'}
2930,{'Output': 'mismatch'},{'Output': 'mismatch'}
2931,{'Output': 'mismatch'},{'Output': 'mismatch'}
2932,{'Output': 'mismatch'},{'Output': 'mismatch'}
2933,{'Output': 'mismatch'},{'Output': 'mismatch'}
2934,{'Output': 'mismatch'},{'Output': 'mismatch'}
2935,{'Output': 'mismatch'},{'Output': 'mismatch'}
2936,{'Output': 'mismatch'},{'Output': 'mismatch'}
2937,{'Output': 'mismatch'},{'Output': 'mismatch'}
2938,{'Output': 'mismatch'},{'Output': 'mismatch'}
2939,{'Output': 'mismatch'},{'Output': 'mismatch'}
2940,{'Output': 'mismatch'},{'Output': 'mismatch'}
2941,{'Output': 'mismatch'},{'Output': 'mismatch'}
2942,{'Output': 'mismatch'},{'Output': 'mismatch'}
2943,{'Output': 'mismatch'},{'Output': 'mismatch'}
2944,{'Output': 'mismatch'},{'Output': 'mismatch'}
2945,{'Output': 'mismatch'},{'Output': 'mismatch'}
2946,{'Output': 'mismatch'},{'Output': 'mismatch'}
2947,{'Output': 'mismatch'},{'Output': 'mismatch'}
2948,{'Output': 'mismatch'},{'Output': 'mismatch'}
2949,{'Output': 'mismatch'},{'Output': 'mismatch'}
2950,{'Output': 'mismatch'},{'Output': 'mismatch'}
2951,{'Output': 'mismatch'},{'Output': 'mismatch'}
2952,{'Output': 'mismatch'},{'Output': 'mismatch'}
2953,{'Output': 'mismatch'},{'Output': 'mismatch'}
2954,{'Output': 'mismatch'},{'Output': 'mismatch'}
2955,{'Output': 'mismatch'},{'Output': 'mismatch'}
2956,{'Output': 'mismatch'},{'Output': 'mismatch'}
2957,{'Output': 'mismatch'},{'Output': 'mismatch'}
2958,{'Output': 'mismatch'},{'Output': 'mismatch'}
2959,{'Output': 'mismatch'},{'Output': 'mismatch'}
2960,{'Output': 'mismatch'},{'Output': 'mismatch'}
2961,{'Output': 'mismatch'},{'Output': 'mismatch'}
2962,{'Output': 'mismatch'},{'Output': 'mismatch'}
2963,{'Output': 'mismatch'},{'Output': 'mismatch'}
2964,{'Output': 'mismatch'},{'Output': 'mismatch'}
2965,{'Output': 'mismatch'},{'Output': 'mismatch'}
2966,{'Output': 'mismatch'},{'Output': 'mismatch'}
2967,{'Output': 'match'},{'Output': 'mismatch'}
2968,{'Output': 'mismatch'},{'Output': 'mismatch'}
2969,{'Output': 'mismatch'},{'Output': 'mismatch'}
2970,{'Output': 'mismatch'},{'Output': 'mismatch'}
2971,{'Output': 'mismatch'},{'Output': 'mismatch'}
2972,{'Output': 'mismatch'},{'Output': 'mismatch'}
2973,{'Output': 'mismatch'},{'Output': 'mismatch'}
2974,{'Output': 'mismatch'},{'Output': 'mismatch'}
2975,{'Output': 'mismatch'},{'Output': 'mismatch'}
2976,{'Output': 'mismatch'},{'Output': 'mismatch'}
2977,{'Output': 'mismatch'},{'Output': 'mismatch'}
2978,{'Output': 'mismatch'},{'Output': 'mismatch'}
2979,{'Output': 'mismatch'},{'Output': 'mismatch'}
2980,{'Output': 'mismatch'},{'Output': 'mismatch'}
2981,{'Output': 'mismatch'},{'Output': 'mismatch'}
2982,{'Output': 'mismatch'},{'Output': 'mismatch'}
2983,{'Output': 'mismatch'},{'Output': 'mismatch'}
2984,{'Output': 'mismatch'},{'Output': 'mismatch'}
2985,{'Output': 'mismatch'},{'Output': 'mismatch'}
2986,{'Output': 'mismatch'},{'Output': 'mismatch'}
2987,{'Output': 'mismatch'},{'Output': 'mismatch'}
2988,{'Output': 'mismatch'},{'Output': 'mismatch'}
2989,{'Output': 'mismatch'},{'Output': 'mismatch'}
2990,{'Output': 'mismatch'},{'Output': 'mismatch'}
2991,{'Output': 'mismatch'},{'Output': 'mismatch'}
2992,{'Output': 'mismatch'},{'Output': 'mismatch'}
2993,{'Output': 'mismatch'},{'Output': 'mismatch'}
2994,{'Output': 'mismatch'},{'Output': 'mismatch'}
2995,{'Output': 'mismatch'},{'Output': 'mismatch'}
2996,{'Output': 'mismatch'},{'Output': 'mismatch'}
2997,{'Output': 'mismatch'},{'Output': 'mismatch'}
2998,{'Output': 'mismatch'},{'Output': 'mismatch'}
2999,{'Output': 'mismatch'},{'Output': 'mismatch'}
3000,{'Output': 'mismatch'},{'Output': 'mismatch'}
3001,{'Output': 'mismatch'},{'Output': 'mismatch'}
3002,{'Output': 'mismatch'},{'Output': 'mismatch'}
3003,{'Output': 'mismatch'},{'Output': 'mismatch'}
3004,{'Output': 'mismatch'},{'Output': 'mismatch'}
3005,{'Output': 'mismatch'},{'Output': 'mismatch'}
3006,{'Output': 'mismatch'},{'Output': 'mismatch'}
3007,{'Output': 'mismatch'},{'Output': 'mismatch'}
3008,{'Output': 'mismatch'},{'Output': 'mismatch'}
3009,{'Output': 'mismatch'},{'Output': 'mismatch'}
3010,{'Output': 'mismatch'},{'Output': 'mismatch'}
3011,{'Output': 'mismatch'},{'Output': 'mismatch'}
3012,{'Output': 'mismatch'},{'Output': 'mismatch'}
3013,{'Output': 'mismatch'},{'Output': 'mismatch'}
3014,{'Output': 'mismatch'},{'Output': 'mismatch'}
3015,{'Output': 'mismatch'},{'Output': 'mismatch'}
3016,{'Output': 'mismatch'},{'Output': 'mismatch'}
3017,{'Output': 'mismatch'},{'Output': 'mismatch'}
3018,{'Output': 'mismatch'},{'Output': 'mismatch'}
3019,{'Output': 'mismatch'},{'Output': 'mismatch'}
3020,{'Output': 'mismatch'},{'Output': 'mismatch'}
3021,{'Output': 'mismatch'},{'Output': 'mismatch'}
3022,{'Output': 'mismatch'},{'Output': 'mismatch'}
3023,{'Output': 'mismatch'},{'Output': 'mismatch'}
3024,{'Output': 'mismatch'},{'Output': 'mismatch'}
3025,{'Output': 'mismatch'},{'Output': 'mismatch'}
3026,{'Output': 'mismatch'},{'Output': 'mismatch'}
3027,{'Output': 'mismatch'},{'Output': 'mismatch'}
3028,{'Output': 'mismatch'},{'Output': 'mismatch'}
3029,{'Output': 'mismatch'},{'Output': 'mismatch'}
3030,{'Output': 'mismatch'},{'Output': 'mismatch'}
3031,{'Output': 'mismatch'},{'Output': 'mismatch'}
3032,{'Output': 'mismatch'},{'Output': 'mismatch'}
3033,{'Output': 'mismatch'},{'Output': 'mismatch'}
3034,{'Output': 'mismatch'},{'Output': 'mismatch'}
3035,{'Output': 'mismatch'},{'Output': 'mismatch'}
3036,{'Output': 'mismatch'},{'Output': 'mismatch'}
3037,{'Output': 'mismatch'},{'Output': 'mismatch'}
3038,{'Output': 'mismatch'},{'Output': 'mismatch'}
3039,{'Output': 'mismatch'},{'Output': 'mismatch'}
3040,{'Output': 'mismatch'},{'Output': 'mismatch'}
3041,{'Output': 'mismatch'},{'Output': 'mismatch'}
3042,{'Output': 'mismatch'},{'Output': 'mismatch'}
3043,{'Output': 'mismatch'},{'Output': 'mismatch'}
3044,{'Output': 'mismatch'},{'Output': 'mismatch'}
3045,{'Output': 'mismatch'},{'Output': 'mismatch'}
3046,{'Output': 'mismatch'},{'Output': 'mismatch'}
3047,{'Output': 'mismatch'},{'Output': 'mismatch'}
3048,{'Output': 'mismatch'},{'Output': 'mismatch'}
3049,{'Output': 'mismatch'},{'Output': 'mismatch'}
3050,{'Output': 'mismatch'},{'Output': 'mismatch'}
3051,{'Output': 'mismatch'},{'Output': 'mismatch'}
3052,{'Output': 'mismatch'},{'Output': 'mismatch'}
3053,{'Output': 'match'},{'Output': 'mismatch'}
3054,{'Output': 'mismatch'},{'Output': 'mismatch'}
3055,{'Output': 'mismatch'},{'Output': 'mismatch'}
3056,{'Output': 'mismatch'},{'Output': 'mismatch'}
3057,{'Output': 'mismatch'},{'Output': 'mismatch'}
3058,{'Output': 'mismatch'},{'Output': 'mismatch'}
3059,{'Output': 'mismatch'},{'Output': 'mismatch'}
3060,{'Output': 'mismatch'},{'Output': 'mismatch'}
3061,{'Output': 'mismatch'},{'Output': 'mismatch'}
3062,{'Output': 'mismatch'},{'Output': 'mismatch'}
3063,{'Output': 'mismatch'},{'Output': 'mismatch'}
3064,{'Output': 'mismatch'},{'Output': 'mismatch'}
3065,{'Output': 'mismatch'},{'Output': 'mismatch'}
3066,{'Output': 'mismatch'},{'Output': 'mismatch'}
3067,{'Output': 'mismatch'},{'Output': 'mismatch'}
3068,{'Output': 'match'},{'Output': 'mismatch'}
3069,{'Output': 'mismatch'},{'Output': 'mismatch'}
3070,{'Output': 'mismatch'},{'Output': 'mismatch'}
3071,{'Output': 'mismatch'},{'Output': 'mismatch'}
3072,{'Output': 'mismatch'},{'Output': 'mismatch'}
3073,{'Output': 'mismatch'},{'Output': 'mismatch'}
3074,{'Output': 'mismatch'},{'Output': 'mismatch'}
3075,{'Output': 'mismatch'},{'Output': 'mismatch'}
3076,{'Output': 'mismatch'},{'Output': 'mismatch'}
3077,{'Output': 'mismatch'},{'Output': 'mismatch'}
3078,{'Output': 'mismatch'},{'Output': 'mismatch'}
3079,{'Output': 'mismatch'},{'Output': 'mismatch'}
3080,{'Output': 'mismatch'},{'Output': 'mismatch'}
3081,{'Output': 'mismatch'},{'Output': 'mismatch'}
3082,{'Output': 'mismatch'},{'Output': 'mismatch'}
3083,{'Output': 'mismatch'},{'Output': 'mismatch'}
3084,{'Output': 'mismatch'},{'Output': 'mismatch'}
3085,{'Output': 'mismatch'},{'Output': 'mismatch'}
3086,{'Output': 'mismatch'},{'Output': 'mismatch'}
3087,{'Output': 'mismatch'},{'Output': 'mismatch'}
3088,{'Output': 'mismatch'},{'Output': 'mismatch'}
3089,{'Output': 'mismatch'},{'Output': 'mismatch'}
3090,{'Output': 'mismatch'},{'Output': 'mismatch'}
3091,{'Output': 'mismatch'},{'Output': 'mismatch'}
3092,{'Output': 'mismatch'},{'Output': 'mismatch'}
3093,{'Output': 'mismatch'},{'Output': 'mismatch'}
3094,{'Output': 'mismatch'},{'Output': 'mismatch'}
3095,{'Output': 'mismatch'},{'Output': 'mismatch'}
3096,{'Output': 'match'},{'Output': 'mismatch'}
3097,{'Output': 'mismatch'},{'Output': 'mismatch'}
3098,{'Output': 'mismatch'},{'Output': 'mismatch'}
3099,{'Output': 'mismatch'},{'Output': 'mismatch'}
3100,{'Output': 'mismatch'},{'Output': 'mismatch'}
3101,{'Output': 'mismatch'},{'Output': 'mismatch'}
3102,{'Output': 'mismatch'},{'Output': 'mismatch'}
3103,{'Output': 'mismatch'},{'Output': 'mismatch'}
3104,{'Output': 'mismatch'},{'Output': 'mismatch'}
3105,{'Output': 'mismatch'},{'Output': 'mismatch'}
3106,{'Output': 'mismatch'},{'Output': 'mismatch'}
3107,{'Output': 'mismatch'},{'Output': 'mismatch'}
3108,{'Output': 'mismatch'},{'Output': 'mismatch'}
3109,{'Output': 'mismatch'},{'Output': 'mismatch'}
3110,{'Output': 'mismatch'},{'Output': 'mismatch'}
3111,{'Output': 'mismatch'},{'Output': 'mismatch'}
3112,{'Output': 'mismatch'},{'Output': 'mismatch'}
3113,{'Output': 'mismatch'},{'Output': 'mismatch'}
3114,{'Output': 'mismatch'},{'Output': 'mismatch'}
3115,{'Output': 'mismatch'},{'Output': 'mismatch'}
3116,{'Output': 'mismatch'},{'Output': 'mismatch'}
3117,{'Output': 'mismatch'},{'Output': 'mismatch'}
3118,{'Output': 'mismatch'},{'Output': 'mismatch'}
3119,{'Output': 'mismatch'},{'Output': 'mismatch'}
3120,{'Output': 'mismatch'},{'Output': 'mismatch'}
3121,{'Output': 'mismatch'},{'Output': 'mismatch'}
3122,{'Output': 'mismatch'},{'Output': 'mismatch'}
3123,{'Output': 'mismatch'},{'Output': 'mismatch'}
3124,{'Output': 'mismatch'},{'Output': 'mismatch'}
3125,{'Output': 'mismatch'},{'Output': 'mismatch'}
3126,{'Output': 'mismatch'},{'Output': 'mismatch'}
3127,{'Output': 'mismatch'},{'Output': 'mismatch'}
3128,{'Output': 'mismatch'},{'Output': 'mismatch'}
3129,{'Output': 'mismatch'},{'Output': 'mismatch'}
3130,{'Output': 'mismatch'},{'Output': 'mismatch'}
3131,{'Output': 'mismatch'},{'Output': 'mismatch'}
3132,{'Output': 'mismatch'},{'Output': 'mismatch'}
3133,{'Output': 'mismatch'},{'Output': 'mismatch'}
3134,{'Output': 'mismatch'},{'Output': 'mismatch'}
3135,{'Output': 'mismatch'},{'Output': 'mismatch'}
3136,{'Output': 'mismatch'},{'Output': 'mismatch'}
3137,{'Output': 'mismatch'},{'Output': 'mismatch'}
3138,{'Output': 'mismatch'},{'Output': 'mismatch'}
3139,{'Output': 'mismatch'},{'Output': 'mismatch'}
3140,{'Output': 'mismatch'},{'Output': 'mismatch'}
3141,{'Output': 'mismatch'},{'Output': 'mismatch'}
3142,{'Output': 'mismatch'},{'Output': 'mismatch'}
3143,{'Output': 'mismatch'},{'Output': 'mismatch'}
3144,{'Output': 'mismatch'},{'Output': 'mismatch'}
3145,{'Output': 'mismatch'},{'Output': 'mismatch'}
3146,{'Output': 'mismatch'},{'Output': 'mismatch'}
3147,{'Output': 'mismatch'},{'Output': 'mismatch'}
3148,{'Output': 'mismatch'},{'Output': 'mismatch'}
3149,{'Output': 'mismatch'},{'Output': 'mismatch'}
3150,{'Output': 'mismatch'},{'Output': 'mismatch'}
3151,{'Output': 'mismatch'},{'Output': 'mismatch'}
3152,{'Output': 'mismatch'},{'Output': 'mismatch'}
3153,{'Output': 'mismatch'},{'Output': 'mismatch'}
3154,{'Output': 'mismatch'},{'Output': 'mismatch'}
3155,{'Output': 'mismatch'},{'Output': 'mismatch'}
3156,{'Output': 'mismatch'},{'Output': 'mismatch'}
3157,{'Output': 'match'},{'Output': 'mismatch'}
3158,{'Output': 'mismatch'},{'Output': 'mismatch'}
3159,{'Output': 'mismatch'},{'Output': 'mismatch'}
3160,{'Output': 'mismatch'},{'Output': 'mismatch'}
3161,{'Output': 'mismatch'},{'Output': 'mismatch'}
3162,{'Output': 'mismatch'},{'Output': 'mismatch'}
3163,{'Output': 'mismatch'},{'Output': 'mismatch'}
3164,{'Output': 'mismatch'},{'Output': 'mismatch'}
3165,{'Output': 'mismatch'},{'Output': 'mismatch'}
3166,{'Output': 'mismatch'},{'Output': 'mismatch'}
3167,{'Output': 'mismatch'},{'Output': 'mismatch'}
3168,{'Output': 'mismatch'},{'Output': 'mismatch'}
3169,{'Output': 'mismatch'},{'Output': 'mismatch'}
3170,{'Output': 'mismatch'},{'Output': 'mismatch'}
3171,{'Output': 'mismatch'},{'Output': 'mismatch'}
3172,{'Output': 'mismatch'},{'Output': 'mismatch'}
3173,{'Output': 'mismatch'},{'Output': 'mismatch'}
3174,{'Output': 'mismatch'},{'Output': 'mismatch'}
3175,{'Output': 'mismatch'},{'Output': 'mismatch'}
3176,{'Output': 'mismatch'},{'Output': 'mismatch'}
3177,{'Output': 'mismatch'},{'Output': 'mismatch'}
3178,{'Output': 'mismatch'},{'Output': 'mismatch'}
3179,{'Output': 'mismatch'},{'Output': 'mismatch'}
3180,{'Output': 'mismatch'},{'Output': 'mismatch'}
3181,{'Output': 'mismatch'},{'Output': 'mismatch'}
3182,{'Output': 'mismatch'},{'Output': 'mismatch'}
3183,{'Output': 'mismatch'},{'Output': 'mismatch'}
3184,{'Output': 'mismatch'},{'Output': 'mismatch'}
3185,{'Output': 'mismatch'},{'Output': 'mismatch'}
3186,{'Output': 'mismatch'},{'Output': 'mismatch'}
3187,{'Output': 'mismatch'},{'Output': 'mismatch'}
3188,{'Output': 'mismatch'},{'Output': 'mismatch'}
3189,{'Output': 'mismatch'},{'Output': 'mismatch'}
3190,{'Output': 'mismatch'},{'Output': 'mismatch'}
3191,{'Output': 'mismatch'},{'Output': 'mismatch'}
3192,{'Output': 'mismatch'},{'Output': 'mismatch'}
3193,{'Output': 'mismatch'},{'Output': 'mismatch'}
3194,{'Output': 'mismatch'},{'Output': 'mismatch'}
3195,{'Output': 'mismatch'},{'Output': 'mismatch'}
3196,{'Output': 'mismatch'},{'Output': 'mismatch'}
3197,{'Output': 'mismatch'},{'Output': 'mismatch'}
3198,{'Output': 'mismatch'},{'Output': 'mismatch'}
3199,{'Output': 'mismatch'},{'Output': 'mismatch'}
3200,{'Output': 'mismatch'},{'Output': 'mismatch'}
3201,{'Output': 'mismatch'},{'Output': 'mismatch'}
3202,{'Output': 'mismatch'},{'Output': 'mismatch'}
3203,{'Output': 'mismatch'},{'Output': 'mismatch'}
3204,{'Output': 'mismatch'},{'Output': 'mismatch'}
3205,{'Output': 'mismatch'},{'Output': 'mismatch'}
3206,{'Output': 'mismatch'},{'Output': 'mismatch'}
3207,{'Output': 'mismatch'},{'Output': 'mismatch'}
3208,{'Output': 'mismatch'},{'Output': 'mismatch'}
3209,{'Output': 'mismatch'},{'Output': 'mismatch'}
3210,{'Output': 'mismatch'},{'Output': 'mismatch'}
3211,{'Output': 'mismatch'},{'Output': 'mismatch'}
3212,{'Output': 'mismatch'},{'Output': 'mismatch'}
3213,{'Output': 'mismatch'},{'Output': 'mismatch'}
3214,{'Output': 'mismatch'},{'Output': 'mismatch'}
3215,{'Output': 'mismatch'},{'Output': 'mismatch'}
3216,{'Output': 'mismatch'},{'Output': 'mismatch'}
3217,{'Output': 'mismatch'},{'Output': 'mismatch'}
3218,{'Output': 'mismatch'},{'Output': 'mismatch'}
3219,{'Output': 'mismatch'},{'Output': 'mismatch'}
3220,{'Output': 'mismatch'},{'Output': 'mismatch'}
3221,{'Output': 'mismatch'},{'Output': 'mismatch'}
3222,{'Output': 'mismatch'},{'Output': 'mismatch'}
3223,{'Output': 'mismatch'},{'Output': 'mismatch'}
3224,{'Output': 'mismatch'},{'Output': 'mismatch'}
3225,{'Output': 'mismatch'},{'Output': 'mismatch'}
3226,{'Output': 'mismatch'},{'Output': 'mismatch'}
3227,{'Output': 'mismatch'},{'Output': 'mismatch'}
3228,{'Output': 'mismatch'},{'Output': 'mismatch'}
3229,{'Output': 'mismatch'},{'Output': 'mismatch'}
3230,{'Output': 'mismatch'},{'Output': 'mismatch'}
3231,{'Output': 'mismatch'},{'Output': 'mismatch'}
3232,{'Output': 'mismatch'},{'Output': 'mismatch'}
3233,{'Output': 'mismatch'},{'Output': 'mismatch'}
3234,{'Output': 'mismatch'},{'Output': 'mismatch'}
3235,{'Output': 'mismatch'},{'Output': 'mismatch'}
3236,{'Output': 'mismatch'},{'Output': 'mismatch'}
3237,{'Output': 'mismatch'},{'Output': 'mismatch'}
3238,{'Output': 'mismatch'},{'Output': 'mismatch'}
3239,{'Output': 'mismatch'},{'Output': 'mismatch'}
3240,{'Output': 'mismatch'},{'Output': 'mismatch'}
3241,{'Output': 'mismatch'},{'Output': 'mismatch'}
3242,{'Output': 'mismatch'},{'Output': 'mismatch'}
3243,{'Output': 'mismatch'},{'Output': 'mismatch'}
3244,{'Output': 'mismatch'},{'Output': 'mismatch'}
3245,{'Output': 'mismatch'},{'Output': 'mismatch'}
3246,{'Output': 'mismatch'},{'Output': 'mismatch'}
3247,{'Output': 'mismatch'},{'Output': 'mismatch'}
3248,{'Output': 'mismatch'},{'Output': 'mismatch'}
3249,{'Output': 'mismatch'},{'Output': 'mismatch'}
3250,{'Output': 'mismatch'},{'Output': 'mismatch'}
3251,{'Output': 'mismatch'},{'Output': 'mismatch'}
3252,{'Output': 'mismatch'},{'Output': 'mismatch'}
3253,{'Output': 'mismatch'},{'Output': 'mismatch'}
3254,{'Output': 'mismatch'},{'Output': 'mismatch'}
3255,{'Output': 'mismatch'},{'Output': 'mismatch'}
3256,{'Output': 'mismatch'},{'Output': 'mismatch'}
3257,{'Output': 'mismatch'},{'Output': 'mismatch'}
3258,{'Output': 'mismatch'},{'Output': 'mismatch'}
3259,{'Output': 'mismatch'},{'Output': 'mismatch'}
3260,{'Output': 'mismatch'},{'Output': 'mismatch'}
3261,{'Output': 'mismatch'},{'Output': 'mismatch'}
3262,{'Output': 'mismatch'},{'Output': 'mismatch'}
3263,{'Output': 'mismatch'},{'Output': 'mismatch'}
3264,{'Output': 'mismatch'},{'Output': 'mismatch'}
3265,{'Output': 'mismatch'},{'Output': 'mismatch'}
3266,{'Output': 'mismatch'},{'Output': 'mismatch'}
3267,{'Output': 'mismatch'},{'Output': 'mismatch'}
3268,{'Output': 'mismatch'},{'Output': 'mismatch'}
3269,{'Output': 'mismatch'},{'Output': 'mismatch'}
3270,{'Output': 'mismatch'},{'Output': 'mismatch'}
3271,{'Output': 'mismatch'},{'Output': 'mismatch'}
3272,{'Output': 'mismatch'},{'Output': 'mismatch'}
3273,{'Output': 'mismatch'},{'Output': 'mismatch'}
3274,{'Output': 'mismatch'},{'Output': 'mismatch'}
3275,{'Output': 'mismatch'},{'Output': 'mismatch'}
3276,{'Output': 'mismatch'},{'Output': 'mismatch'}
3277,{'Output': 'mismatch'},{'Output': 'mismatch'}
3278,{'Output': 'mismatch'},{'Output': 'mismatch'}
3279,{'Output': 'mismatch'},{'Output': 'mismatch'}
3280,{'Output': 'mismatch'},{'Output': 'mismatch'}
3281,{'Output': 'mismatch'},{'Output': 'mismatch'}
3282,{'Output': 'mismatch'},{'Output': 'mismatch'}
3283,{'Output': 'mismatch'},{'Output': 'mismatch'}
3284,{'Output': 'mismatch'},{'Output': 'mismatch'}
3285,{'Output': 'mismatch'},{'Output': 'mismatch'}
3286,{'Output': 'mismatch'},{'Output': 'mismatch'}
3287,{'Output': 'mismatch'},{'Output': 'mismatch'}
3288,{'Output': 'mismatch'},{'Output': 'mismatch'}
3289,{'Output': 'mismatch'},{'Output': 'mismatch'}
3290,{'Output': 'mismatch'},{'Output': 'mismatch'}
3291,{'Output': 'mismatch'},{'Output': 'mismatch'}
3292,{'Output': 'mismatch'},{'Output': 'mismatch'}
3293,{'Output': 'mismatch'},{'Output': 'mismatch'}
3294,{'Output': 'mismatch'},{'Output': 'mismatch'}
3295,{'Output': 'mismatch'},{'Output': 'mismatch'}
3296,{'Output': 'match'},{'Output': 'mismatch'}
3297,{'Output': 'mismatch'},{'Output': 'mismatch'}
3298,{'Output': 'mismatch'},{'Output': 'mismatch'}
3299,{'Output': 'mismatch'},{'Output': 'mismatch'}
3300,{'Output': 'mismatch'},{'Output': 'mismatch'}
3301,{'Output': 'mismatch'},{'Output': 'mismatch'}
3302,{'Output': 'mismatch'},{'Output': 'mismatch'}
3303,{'Output': 'mismatch'},{'Output': 'mismatch'}
3304,{'Output': 'mismatch'},{'Output': 'mismatch'}
3305,{'Output': 'mismatch'},{'Output': 'mismatch'}
3306,{'Output': 'mismatch'},{'Output': 'mismatch'}
3307,{'Output': 'mismatch'},{'Output': 'mismatch'}
3308,{'Output': 'mismatch'},{'Output': 'mismatch'}
3309,{'Output': 'mismatch'},{'Output': 'match'}
3310,{'Output': 'mismatch'},{'Output': 'mismatch'}
3311,{'Output': 'match'},{'Output': 'mismatch'}
3312,{'Output': 'mismatch'},{'Output': 'mismatch'}
3313,{'Output': 'mismatch'},{'Output': 'mismatch'}
3314,{'Output': 'mismatch'},{'Output': 'mismatch'}
3315,{'Output': 'mismatch'},{'Output': 'mismatch'}
3316,{'Output': 'mismatch'},{'Output': 'mismatch'}
3317,{'Output': 'mismatch'},{'Output': 'mismatch'}
3318,{'Output': 'mismatch'},{'Output': 'mismatch'}
3319,{'Output': 'mismatch'},{'Output': 'mismatch'}
3320,{'Output': 'mismatch'},{'Output': 'mismatch'}
3321,{'Output': 'mismatch'},{'Output': 'mismatch'}
3322,{'Output': 'mismatch'},{'Output': 'mismatch'}
3323,{'Output': 'mismatch'},{'Output': 'mismatch'}
3324,{'Output': 'mismatch'},{'Output': 'mismatch'}
3325,{'Output': 'mismatch'},{'Output': 'mismatch'}
3326,{'Output': 'mismatch'},{'Output': 'mismatch'}
3327,{'Output': 'mismatch'},{'Output': 'mismatch'}
3328,{'Output': 'mismatch'},{'Output': 'mismatch'}
3329,{'Output': 'mismatch'},{'Output': 'mismatch'}
3330,{'Output': 'mismatch'},{'Output': 'mismatch'}
3331,{'Output': 'mismatch'},{'Output': 'mismatch'}
3332,{'Output': 'mismatch'},{'Output': 'mismatch'}
3333,{'Output': 'mismatch'},{'Output': 'mismatch'}
3334,{'Output': 'mismatch'},{'Output': 'mismatch'}
3335,{'Output': 'mismatch'},{'Output': 'mismatch'}
3336,{'Output': 'mismatch'},{'Output': 'mismatch'}
3337,{'Output': 'mismatch'},{'Output': 'mismatch'}
3338,{'Output': 'mismatch'},{'Output': 'mismatch'}
3339,{'Output': 'mismatch'},{'Output': 'mismatch'}
3340,{'Output': 'mismatch'},{'Output': 'mismatch'}
3341,{'Output': 'mismatch'},{'Output': 'mismatch'}
3342,{'Output': 'mismatch'},{'Output': 'mismatch'}
3343,{'Output': 'mismatch'},{'Output': 'mismatch'}
3344,{'Output': 'mismatch'},{'Output': 'mismatch'}
3345,{'Output': 'mismatch'},{'Output': 'mismatch'}
3346,{'Output': 'mismatch'},{'Output': 'mismatch'}
3347,{'Output': 'mismatch'},{'Output': 'mismatch'}
3348,{'Output': 'mismatch'},{'Output': 'mismatch'}
3349,{'Output': 'mismatch'},{'Output': 'mismatch'}
3350,{'Output': 'mismatch'},{'Output': 'mismatch'}
3351,{'Output': 'mismatch'},{'Output': 'mismatch'}
3352,{'Output': 'mismatch'},{'Output': 'mismatch'}
3353,{'Output': 'mismatch'},{'Output': 'mismatch'}
3354,{'Output': 'mismatch'},{'Output': 'mismatch'}
3355,{'Output': 'mismatch'},{'Output': 'mismatch'}
3356,{'Output': 'mismatch'},{'Output': 'mismatch'}
3357,{'Output': 'mismatch'},{'Output': 'mismatch'}
3358,{'Output': 'mismatch'},{'Output': 'mismatch'}
3359,{'Output': 'mismatch'},{'Output': 'mismatch'}
3360,{'Output': 'mismatch'},{'Output': 'mismatch'}
3361,{'Output': 'mismatch'},{'Output': 'mismatch'}
3362,{'Output': 'mismatch'},{'Output': 'mismatch'}
3363,{'Output': 'mismatch'},{'Output': 'mismatch'}
3364,{'Output': 'mismatch'},{'Output': 'mismatch'}
3365,{'Output': 'mismatch'},{'Output': 'mismatch'}
3366,{'Output': 'mismatch'},{'Output': 'mismatch'}
3367,{'Output': 'mismatch'},{'Output': 'mismatch'}
3368,{'Output': 'mismatch'},{'Output': 'mismatch'}
3369,{'Output': 'mismatch'},{'Output': 'mismatch'}
3370,{'Output': 'mismatch'},{'Output': 'mismatch'}
3371,{'Output': 'mismatch'},{'Output': 'mismatch'}
3372,{'Output': 'mismatch'},{'Output': 'mismatch'}
3373,{'Output': 'mismatch'},{'Output': 'mismatch'}
3374,{'Output': 'mismatch'},{'Output': 'mismatch'}
3375,{'Output': 'mismatch'},{'Output': 'mismatch'}
3376,{'Output': 'mismatch'},{'Output': 'mismatch'}
3377,{'Output': 'mismatch'},{'Output': 'mismatch'}
3378,{'Output': 'mismatch'},{'Output': 'mismatch'}
3379,{'Output': 'mismatch'},{'Output': 'mismatch'}
3380,{'Output': 'mismatch'},{'Output': 'mismatch'}
3381,{'Output': 'mismatch'},{'Output': 'mismatch'}
3382,{'Output': 'mismatch'},{'Output': 'mismatch'}
3383,{'Output': 'mismatch'},{'Output': 'mismatch'}
3384,{'Output': 'mismatch'},{'Output': 'mismatch'}
3385,{'Output': 'mismatch'},{'Output': 'mismatch'}
3386,{'Output': 'mismatch'},{'Output': 'mismatch'}
3387,{'Output': 'mismatch'},{'Output': 'mismatch'}
3388,{'Output': 'mismatch'},{'Output': 'mismatch'}
3389,{'Output': 'mismatch'},{'Output': 'mismatch'}
3390,{'Output': 'mismatch'},{'Output': 'mismatch'}
3391,{'Output': 'mismatch'},{'Output': 'mismatch'}
3392,{'Output': 'mismatch'},{'Output': 'mismatch'}
3393,{'Output': 'mismatch'},{'Output': 'mismatch'}
3394,{'Output': 'mismatch'},{'Output': 'mismatch'}
3395,{'Output': 'mismatch'},{'Output': 'mismatch'}
3396,{'Output': 'mismatch'},{'Output': 'mismatch'}
3397,{'Output': 'mismatch'},{'Output': 'mismatch'}
3398,{'Output': 'mismatch'},{'Output': 'mismatch'}
3399,{'Output': 'mismatch'},{'Output': 'mismatch'}
3400,{'Output': 'mismatch'},{'Output': 'mismatch'}
3401,{'Output': 'mismatch'},{'Output': 'mismatch'}
3402,{'Output': 'mismatch'},{'Output': 'mismatch'}
3403,{'Output': 'mismatch'},{'Output': 'mismatch'}
3404,{'Output': 'mismatch'},{'Output': 'mismatch'}
3405,{'Output': 'mismatch'},{'Output': 'mismatch'}
3406,{'Output': 'mismatch'},{'Output': 'mismatch'}
3407,{'Output': 'mismatch'},{'Output': 'mismatch'}
3408,{'Output': 'mismatch'},{'Output': 'mismatch'}
3409,{'Output': 'mismatch'},{'Output': 'mismatch'}
3410,{'Output': 'mismatch'},{'Output': 'mismatch'}
3411,{'Output': 'mismatch'},{'Output': 'mismatch'}
3412,{'Output': 'mismatch'},{'Output': 'mismatch'}
3413,{'Output': 'mismatch'},{'Output': 'mismatch'}
3414,{'Output': 'mismatch'},{'Output': 'mismatch'}
3415,{'Output': 'mismatch'},{'Output': 'mismatch'}
3416,{'Output': 'mismatch'},{'Output': 'mismatch'}
3417,{'Output': 'mismatch'},{'Output': 'mismatch'}
3418,{'Output': 'mismatch'},{'Output': 'mismatch'}
3419,{'Output': 'mismatch'},{'Output': 'mismatch'}
3420,{'Output': 'mismatch'},{'Output': 'mismatch'}
3421,{'Output': 'mismatch'},{'Output': 'mismatch'}
3422,{'Output': 'mismatch'},{'Output': 'mismatch'}
3423,{'Output': 'mismatch'},{'Output': 'mismatch'}
3424,{'Output': 'mismatch'},{'Output': 'mismatch'}
3425,{'Output': 'mismatch'},{'Output': 'mismatch'}
3426,{'Output': 'mismatch'},{'Output': 'mismatch'}
3427,{'Output': 'mismatch'},{'Output': 'mismatch'}
3428,{'Output': 'mismatch'},{'Output': 'mismatch'}
3429,{'Output': 'mismatch'},{'Output': 'mismatch'}
3430,{'Output': 'mismatch'},{'Output': 'mismatch'}
3431,{'Output': 'mismatch'},{'Output': 'mismatch'}
3432,{'Output': 'mismatch'},{'Output': 'mismatch'}
3433,{'Output': 'mismatch'},{'Output': 'mismatch'}
3434,{'Output': 'mismatch'},{'Output': 'mismatch'}
3435,{'Output': 'mismatch'},{'Output': 'mismatch'}
3436,{'Output': 'mismatch'},{'Output': 'mismatch'}
3437,{'Output': 'mismatch'},{'Output': 'mismatch'}
3438,{'Output': 'mismatch'},{'Output': 'mismatch'}
3439,{'Output': 'mismatch'},{'Output': 'mismatch'}
3440,{'Output': 'mismatch'},{'Output': 'mismatch'}
3441,{'Output': 'match'},{'Output': 'mismatch'}
3442,{'Output': 'mismatch'},{'Output': 'mismatch'}
3443,{'Output': 'mismatch'},{'Output': 'mismatch'}
3444,{'Output': 'mismatch'},{'Output': 'mismatch'}
3445,{'Output': 'mismatch'},{'Output': 'mismatch'}
3446,{'Output': 'mismatch'},{'Output': 'mismatch'}
3447,{'Output': 'mismatch'},{'Output': 'mismatch'}
3448,{'Output': 'mismatch'},{'Output': 'mismatch'}
3449,{'Output': 'mismatch'},{'Output': 'mismatch'}
3450,{'Output': 'mismatch'},{'Output': 'mismatch'}
3451,{'Output': 'mismatch'},{'Output': 'mismatch'}
3452,{'Output': 'mismatch'},{'Output': 'mismatch'}
3453,{'Output': 'mismatch'},{'Output': 'mismatch'}
3454,{'Output': 'mismatch'},{'Output': 'mismatch'}
3455,{'Output': 'mismatch'},{'Output': 'mismatch'}
3456,{'Output': 'mismatch'},{'Output': 'mismatch'}
3457,{'Output': 'mismatch'},{'Output': 'mismatch'}
3458,{'Output': 'mismatch'},{'Output': 'mismatch'}
3459,{'Output': 'mismatch'},{'Output': 'mismatch'}
3460,{'Output': 'mismatch'},{'Output': 'mismatch'}
3461,{'Output': 'mismatch'},{'Output': 'mismatch'}
3462,{'Output': 'mismatch'},{'Output': 'mismatch'}
3463,{'Output': 'mismatch'},{'Output': 'mismatch'}
3464,{'Output': 'mismatch'},{'Output': 'mismatch'}
3465,{'Output': 'mismatch'},{'Output': 'mismatch'}
3466,{'Output': 'mismatch'},{'Output': 'mismatch'}
3467,{'Output': 'mismatch'},{'Output': 'mismatch'}
3468,{'Output': 'mismatch'},{'Output': 'mismatch'}
3469,{'Output': 'mismatch'},{'Output': 'mismatch'}
3470,{'Output': 'mismatch'},{'Output': 'mismatch'}
3471,{'Output': 'mismatch'},{'Output': 'mismatch'}
3472,{'Output': 'mismatch'},{'Output': 'mismatch'}
3473,{'Output': 'mismatch'},{'Output': 'mismatch'}
3474,{'Output': 'mismatch'},{'Output': 'mismatch'}
3475,{'Output': 'mismatch'},{'Output': 'mismatch'}
3476,{'Output': 'mismatch'},{'Output': 'mismatch'}
3477,{'Output': 'mismatch'},{'Output': 'mismatch'}
3478,{'Output': 'mismatch'},{'Output': 'mismatch'}
3479,{'Output': 'mismatch'},{'Output': 'mismatch'}
3480,{'Output': 'mismatch'},{'Output': 'mismatch'}
3481,{'Output': 'mismatch'},{'Output': 'mismatch'}
3482,{'Output': 'mismatch'},{'Output': 'mismatch'}
3483,{'Output': 'mismatch'},{'Output': 'mismatch'}
3484,{'Output': 'mismatch'},{'Output': 'mismatch'}
3485,{'Output': 'mismatch'},{'Output': 'mismatch'}
3486,{'Output': 'mismatch'},{'Output': 'mismatch'}
3487,{'Output': 'mismatch'},{'Output': 'mismatch'}
3488,{'Output': 'mismatch'},{'Output': 'mismatch'}
3489,{'Output': 'mismatch'},{'Output': 'mismatch'}
3490,{'Output': 'mismatch'},{'Output': 'mismatch'}
3491,{'Output': 'mismatch'},{'Output': 'mismatch'}
3492,{'Output': 'mismatch'},{'Output': 'mismatch'}
3493,{'Output': 'mismatch'},{'Output': 'mismatch'}
3494,{'Output': 'mismatch'},{'Output': 'mismatch'}
3495,{'Output': 'mismatch'},{'Output': 'mismatch'}
3496,{'Output': 'mismatch'},{'Output': 'mismatch'}
3497,{'Output': 'mismatch'},{'Output': 'mismatch'}
3498,{'Output': 'mismatch'},{'Output': 'mismatch'}
3499,{'Output': 'mismatch'},{'Output': 'mismatch'}
3500,{'Output': 'mismatch'},{'Output': 'mismatch'}
3501,{'Output': 'mismatch'},{'Output': 'mismatch'}
3502,{'Output': 'mismatch'},{'Output': 'mismatch'}
3503,{'Output': 'mismatch'},{'Output': 'mismatch'}
3504,{'Output': 'mismatch'},{'Output': 'mismatch'}
3505,{'Output': 'mismatch'},{'Output': 'mismatch'}
3506,{'Output': 'mismatch'},{'Output': 'mismatch'}
3507,{'Output': 'mismatch'},{'Output': 'mismatch'}
3508,{'Output': 'mismatch'},{'Output': 'mismatch'}
3509,{'Output': 'mismatch'},{'Output': 'mismatch'}
3510,{'Output': 'mismatch'},{'Output': 'mismatch'}
3511,{'Output': 'mismatch'},{'Output': 'mismatch'}
3512,{'Output': 'mismatch'},{'Output': 'mismatch'}
3513,{'Output': 'mismatch'},{'Output': 'mismatch'}
3514,{'Output': 'mismatch'},{'Output': 'mismatch'}
3515,{'Output': 'mismatch'},{'Output': 'mismatch'}
3516,{'Output': 'mismatch'},{'Output': 'mismatch'}
3517,{'Output': 'mismatch'},{'Output': 'mismatch'}
3518,{'Output': 'mismatch'},{'Output': 'mismatch'}
3519,{'Output': 'mismatch'},{'Output': 'mismatch'}
3520,{'Output': 'mismatch'},{'Output': 'mismatch'}
3521,{'Output': 'mismatch'},{'Output': 'mismatch'}
3522,{'Output': 'mismatch'},{'Output': 'mismatch'}
3523,{'Output': 'mismatch'},{'Output': 'mismatch'}
3524,{'Output': 'mismatch'},{'Output': 'mismatch'}
3525,{'Output': 'mismatch'},{'Output': 'mismatch'}
3526,{'Output': 'mismatch'},{'Output': 'mismatch'}
3527,{'Output': 'mismatch'},{'Output': 'mismatch'}
3528,{'Output': 'mismatch'},{'Output': 'mismatch'}
3529,{'Output': 'mismatch'},{'Output': 'mismatch'}
3530,{'Output': 'mismatch'},{'Output': 'mismatch'}
3531,{'Output': 'mismatch'},{'Output': 'mismatch'}
3532,{'Output': 'mismatch'},{'Output': 'mismatch'}
3533,{'Output': 'mismatch'},{'Output': 'mismatch'}
3534,{'Output': 'mismatch'},{'Output': 'mismatch'}
3535,{'Output': 'mismatch'},{'Output': 'mismatch'}
3536,{'Output': 'mismatch'},{'Output': 'mismatch'}
3537,{'Output': 'mismatch'},{'Output': 'mismatch'}
3538,{'Output': 'match'},{'Output': 'match'}
3539,{'Output': 'mismatch'},{'Output': 'mismatch'}
3540,{'Output': 'mismatch'},{'Output': 'mismatch'}
3541,{'Output': 'mismatch'},{'Output': 'mismatch'}
3542,{'Output': 'mismatch'},{'Output': 'mismatch'}
3543,{'Output': 'mismatch'},{'Output': 'mismatch'}
3544,{'Output': 'mismatch'},{'Output': 'mismatch'}
3545,{'Output': 'mismatch'},{'Output': 'mismatch'}
3546,{'Output': 'mismatch'},{'Output': 'mismatch'}
3547,{'Output': 'mismatch'},{'Output': 'mismatch'}
3548,{'Output': 'mismatch'},{'Output': 'mismatch'}
3549,{'Output': 'mismatch'},{'Output': 'mismatch'}
3550,{'Output': 'mismatch'},{'Output': 'mismatch'}
3551,{'Output': 'mismatch'},{'Output': 'mismatch'}
3552,{'Output': 'mismatch'},{'Output': 'mismatch'}
3553,{'Output': 'mismatch'},{'Output': 'mismatch'}
3554,{'Output': 'mismatch'},{'Output': 'mismatch'}
3555,{'Output': 'mismatch'},{'Output': 'mismatch'}
3556,{'Output': 'mismatch'},{'Output': 'mismatch'}
3557,{'Output': 'mismatch'},{'Output': 'mismatch'}
3558,{'Output': 'mismatch'},{'Output': 'mismatch'}
3559,{'Output': 'mismatch'},{'Output': 'mismatch'}
3560,{'Output': 'mismatch'},{'Output': 'mismatch'}
3561,{'Output': 'mismatch'},{'Output': 'mismatch'}
3562,{'Output': 'mismatch'},{'Output': 'mismatch'}
3563,{'Output': 'mismatch'},{'Output': 'mismatch'}
3564,{'Output': 'mismatch'},{'Output': 'mismatch'}
3565,{'Output': 'mismatch'},{'Output': 'mismatch'}
3566,{'Output': 'mismatch'},{'Output': 'mismatch'}
3567,{'Output': 'mismatch'},{'Output': 'mismatch'}
3568,{'Output': 'mismatch'},{'Output': 'mismatch'}
3569,{'Output': 'mismatch'},{'Output': 'mismatch'}
3570,{'Output': 'mismatch'},{'Output': 'mismatch'}
3571,{'Output': 'mismatch'},{'Output': 'mismatch'}
3572,{'Output': 'mismatch'},{'Output': 'mismatch'}
3573,{'Output': 'mismatch'},{'Output': 'mismatch'}
3574,{'Output': 'mismatch'},{'Output': 'mismatch'}
3575,{'Output': 'mismatch'},{'Output': 'mismatch'}
3576,{'Output': 'mismatch'},{'Output': 'mismatch'}
3577,{'Output': 'mismatch'},{'Output': 'mismatch'}
3578,{'Output': 'mismatch'},{'Output': 'mismatch'}
3579,{'Output': 'mismatch'},{'Output': 'mismatch'}
3580,{'Output': 'mismatch'},{'Output': 'mismatch'}
3581,{'Output': 'mismatch'},{'Output': 'mismatch'}
3582,{'Output': 'mismatch'},{'Output': 'mismatch'}
3583,{'Output': 'mismatch'},{'Output': 'mismatch'}
3584,{'Output': 'mismatch'},{'Output': 'mismatch'}
3585,{'Output': 'mismatch'},{'Output': 'mismatch'}
3586,{'Output': 'mismatch'},{'Output': 'mismatch'}
3587,{'Output': 'mismatch'},{'Output': 'mismatch'}
3588,{'Output': 'mismatch'},{'Output': 'mismatch'}
3589,{'Output': 'mismatch'},{'Output': 'mismatch'}
3590,{'Output': 'mismatch'},{'Output': 'mismatch'}
3591,{'Output': 'mismatch'},{'Output': 'mismatch'}
3592,{'Output': 'mismatch'},{'Output': 'mismatch'}
3593,{'Output': 'mismatch'},{'Output': 'mismatch'}
3594,{'Output': 'mismatch'},{'Output': 'mismatch'}
3595,{'Output': 'mismatch'},{'Output': 'mismatch'}
3596,{'Output': 'mismatch'},{'Output': 'mismatch'}
3597,{'Output': 'mismatch'},{'Output': 'mismatch'}
3598,{'Output': 'mismatch'},{'Output': 'mismatch'}
3599,{'Output': 'mismatch'},{'Output': 'mismatch'}
3600,{'Output': 'mismatch'},{'Output': 'mismatch'}
3601,{'Output': 'mismatch'},{'Output': 'mismatch'}
3602,{'Output': 'mismatch'},{'Output': 'mismatch'}
3603,{'Output': 'mismatch'},{'Output': 'mismatch'}
3604,{'Output': 'mismatch'},{'Output': 'mismatch'}
3605,{'Output': 'mismatch'},{'Output': 'mismatch'}
3606,{'Output': 'mismatch'},{'Output': 'mismatch'}
3607,{'Output': 'mismatch'},{'Output': 'mismatch'}
3608,{'Output': 'mismatch'},{'Output': 'mismatch'}
3609,{'Output': 'mismatch'},{'Output': 'mismatch'}
3610,{'Output': 'mismatch'},{'Output': 'mismatch'}
3611,{'Output': 'mismatch'},{'Output': 'mismatch'}
3612,{'Output': 'mismatch'},{'Output': 'mismatch'}
3613,{'Output': 'mismatch'},{'Output': 'mismatch'}
3614,{'Output': 'mismatch'},{'Output': 'mismatch'}
3615,{'Output': 'mismatch'},{'Output': 'mismatch'}
3616,{'Output': 'mismatch'},{'Output': 'mismatch'}
3617,{'Output': 'mismatch'},{'Output': 'mismatch'}
3618,{'Output': 'mismatch'},{'Output': 'mismatch'}
3619,{'Output': 'mismatch'},{'Output': 'mismatch'}
3620,{'Output': 'mismatch'},{'Output': 'mismatch'}
3621,{'Output': 'mismatch'},{'Output': 'mismatch'}
3622,{'Output': 'mismatch'},{'Output': 'mismatch'}
3623,{'Output': 'mismatch'},{'Output': 'mismatch'}
3624,{'Output': 'mismatch'},{'Output': 'mismatch'}
3625,{'Output': 'mismatch'},{'Output': 'mismatch'}
3626,{'Output': 'mismatch'},{'Output': 'mismatch'}
3627,{'Output': 'mismatch'},{'Output': 'mismatch'}
3628,{'Output': 'mismatch'},{'Output': 'mismatch'}
3629,{'Output': 'mismatch'},{'Output': 'mismatch'}
3630,{'Output': 'mismatch'},{'Output': 'mismatch'}
3631,{'Output': 'mismatch'},{'Output': 'mismatch'}
3632,{'Output': 'mismatch'},{'Output': 'mismatch'}
3633,{'Output': 'mismatch'},{'Output': 'mismatch'}
3634,{'Output': 'mismatch'},{'Output': 'mismatch'}
3635,{'Output': 'mismatch'},{'Output': 'mismatch'}
3636,{'Output': 'mismatch'},{'Output': 'mismatch'}
3637,{'Output': 'mismatch'},{'Output': 'mismatch'}
3638,{'Output': 'mismatch'},{'Output': 'mismatch'}
3639,{'Output': 'mismatch'},{'Output': 'mismatch'}
3640,{'Output': 'mismatch'},{'Output': 'mismatch'}
3641,{'Output': 'mismatch'},{'Output': 'mismatch'}
3642,{'Output': 'mismatch'},{'Output': 'mismatch'}
3643,{'Output': 'mismatch'},{'Output': 'mismatch'}
3644,{'Output': 'mismatch'},{'Output': 'mismatch'}
3645,{'Output': 'mismatch'},{'Output': 'mismatch'}
3646,{'Output': 'mismatch'},{'Output': 'mismatch'}
3647,{'Output': 'mismatch'},{'Output': 'mismatch'}
3648,{'Output': 'mismatch'},{'Output': 'mismatch'}
3649,{'Output': 'mismatch'},{'Output': 'mismatch'}
3650,{'Output': 'mismatch'},{'Output': 'mismatch'}
3651,{'Output': 'mismatch'},{'Output': 'mismatch'}
3652,{'Output': 'mismatch'},{'Output': 'mismatch'}
3653,{'Output': 'mismatch'},{'Output': 'mismatch'}
3654,{'Output': 'mismatch'},{'Output': 'mismatch'}
3655,{'Output': 'mismatch'},{'Output': 'mismatch'}
3656,{'Output': 'mismatch'},{'Output': 'mismatch'}
3657,{'Output': 'mismatch'},{'Output': 'mismatch'}
3658,{'Output': 'mismatch'},{'Output': 'mismatch'}
3659,{'Output': 'mismatch'},{'Output': 'mismatch'}
3660,{'Output': 'mismatch'},{'Output': 'mismatch'}
3661,{'Output': 'mismatch'},{'Output': 'mismatch'}
3662,{'Output': 'mismatch'},{'Output': 'mismatch'}
3663,{'Output': 'mismatch'},{'Output': 'mismatch'}
3664,{'Output': 'mismatch'},{'Output': 'mismatch'}
3665,{'Output': 'mismatch'},{'Output': 'mismatch'}
3666,{'Output': 'mismatch'},{'Output': 'mismatch'}
3667,{'Output': 'mismatch'},{'Output': 'mismatch'}
3668,{'Output': 'mismatch'},{'Output': 'mismatch'}
3669,{'Output': 'mismatch'},{'Output': 'mismatch'}
3670,{'Output': 'mismatch'},{'Output': 'mismatch'}
3671,{'Output': 'mismatch'},{'Output': 'mismatch'}
3672,{'Output': 'mismatch'},{'Output': 'mismatch'}
3673,{'Output': 'mismatch'},{'Output': 'mismatch'}
3674,{'Output': 'mismatch'},{'Output': 'mismatch'}
3675,{'Output': 'mismatch'},{'Output': 'mismatch'}
3676,{'Output': 'mismatch'},{'Output': 'mismatch'}
3677,{'Output': 'mismatch'},{'Output': 'mismatch'}
3678,{'Output': 'mismatch'},{'Output': 'mismatch'}
3679,{'Output': 'mismatch'},{'Output': 'mismatch'}
3680,{'Output': 'mismatch'},{'Output': 'mismatch'}
3681,{'Output': 'mismatch'},{'Output': 'mismatch'}
3682,{'Output': 'mismatch'},{'Output': 'mismatch'}
3683,{'Output': 'mismatch'},{'Output': 'mismatch'}
3684,{'Output': 'mismatch'},{'Output': 'mismatch'}
3685,{'Output': 'mismatch'},{'Output': 'mismatch'}
3686,{'Output': 'mismatch'},{'Output': 'mismatch'}
3687,{'Output': 'mismatch'},{'Output': 'mismatch'}
3688,{'Output': 'mismatch'},{'Output': 'mismatch'}
3689,{'Output': 'mismatch'},{'Output': 'mismatch'}
3690,{'Output': 'mismatch'},{'Output': 'mismatch'}
3691,{'Output': 'mismatch'},{'Output': 'mismatch'}
3692,{'Output': 'mismatch'},{'Output': 'mismatch'}
3693,{'Output': 'mismatch'},{'Output': 'mismatch'}
3694,{'Output': 'mismatch'},{'Output': 'mismatch'}
3695,{'Output': 'mismatch'},{'Output': 'mismatch'}
3696,{'Output': 'mismatch'},{'Output': 'mismatch'}
3697,{'Output': 'mismatch'},{'Output': 'mismatch'}
3698,{'Output': 'mismatch'},{'Output': 'mismatch'}
3699,{'Output': 'mismatch'},{'Output': 'mismatch'}
3700,{'Output': 'mismatch'},{'Output': 'mismatch'}
3701,{'Output': 'mismatch'},{'Output': 'mismatch'}
3702,{'Output': 'mismatch'},{'Output': 'mismatch'}
3703,{'Output': 'mismatch'},{'Output': 'mismatch'}
3704,{'Output': 'mismatch'},{'Output': 'mismatch'}
3705,{'Output': 'mismatch'},{'Output': 'mismatch'}
3706,{'Output': 'mismatch'},{'Output': 'mismatch'}
3707,{'Output': 'mismatch'},{'Output': 'mismatch'}
3708,{'Output': 'mismatch'},{'Output': 'mismatch'}
3709,{'Output': 'mismatch'},{'Output': 'mismatch'}
3710,{'Output': 'mismatch'},{'Output': 'mismatch'}
3711,{'Output': 'mismatch'},{'Output': 'mismatch'}
3712,{'Output': 'mismatch'},{'Output': 'mismatch'}
3713,{'Output': 'mismatch'},{'Output': 'mismatch'}
3714,{'Output': 'mismatch'},{'Output': 'mismatch'}
3715,{'Output': 'mismatch'},{'Output': 'mismatch'}
3716,{'Output': 'mismatch'},{'Output': 'mismatch'}
3717,{'Output': 'mismatch'},{'Output': 'mismatch'}
3718,{'Output': 'mismatch'},{'Output': 'mismatch'}
3719,{'Output': 'mismatch'},{'Output': 'mismatch'}
3720,{'Output': 'mismatch'},{'Output': 'mismatch'}
3721,{'Output': 'mismatch'},{'Output': 'mismatch'}
3722,{'Output': 'mismatch'},{'Output': 'mismatch'}
3723,{'Output': 'mismatch'},{'Output': 'mismatch'}
3724,{'Output': 'mismatch'},{'Output': 'mismatch'}
3725,{'Output': 'mismatch'},{'Output': 'mismatch'}
3726,{'Output': 'mismatch'},{'Output': 'mismatch'}
3727,{'Output': 'mismatch'},{'Output': 'mismatch'}
3728,{'Output': 'mismatch'},{'Output': 'mismatch'}
3729,{'Output': 'mismatch'},{'Output': 'mismatch'}
3730,{'Output': 'mismatch'},{'Output': 'mismatch'}
3731,{'Output': 'mismatch'},{'Output': 'mismatch'}
3732,{'Output': 'mismatch'},{'Output': 'mismatch'}
3733,{'Output': 'mismatch'},{'Output': 'mismatch'}
3734,{'Output': 'mismatch'},{'Output': 'mismatch'}
3735,{'Output': 'mismatch'},{'Output': 'mismatch'}
3736,{'Output': 'mismatch'},{'Output': 'mismatch'}
3737,{'Output': 'mismatch'},{'Output': 'mismatch'}
3738,{'Output': 'mismatch'},{'Output': 'mismatch'}
3739,{'Output': 'match'},{'Output': 'mismatch'}
3740,{'Output': 'mismatch'},{'Output': 'mismatch'}
3741,{'Output': 'mismatch'},{'Output': 'mismatch'}
3742,{'Output': 'mismatch'},{'Output': 'mismatch'}
3743,{'Output': 'mismatch'},{'Output': 'mismatch'}
3744,{'Output': 'mismatch'},{'Output': 'mismatch'}
3745,{'Output': 'mismatch'},{'Output': 'mismatch'}
3746,{'Output': 'mismatch'},{'Output': 'mismatch'}
3747,{'Output': 'mismatch'},{'Output': 'mismatch'}
3748,{'Output': 'mismatch'},{'Output': 'mismatch'}
3749,{'Output': 'mismatch'},{'Output': 'mismatch'}
3750,{'Output': 'mismatch'},{'Output': 'mismatch'}
3751,{'Output': 'mismatch'},{'Output': 'mismatch'}
3752,{'Output': 'mismatch'},{'Output': 'mismatch'}
3753,{'Output': 'mismatch'},{'Output': 'mismatch'}
3754,{'Output': 'mismatch'},{'Output': 'mismatch'}
3755,{'Output': 'mismatch'},{'Output': 'mismatch'}
3756,{'Output': 'mismatch'},{'Output': 'mismatch'}
3757,{'Output': 'mismatch'},{'Output': 'mismatch'}
3758,{'Output': 'mismatch'},{'Output': 'mismatch'}
3759,{'Output': 'mismatch'},{'Output': 'mismatch'}
3760,{'Output': 'mismatch'},{'Output': 'mismatch'}
3761,{'Output': 'mismatch'},{'Output': 'mismatch'}
3762,{'Output': 'mismatch'},{'Output': 'mismatch'}
3763,{'Output': 'mismatch'},{'Output': 'mismatch'}
3764,{'Output': 'mismatch'},{'Output': 'mismatch'}
3765,{'Output': 'mismatch'},{'Output': 'mismatch'}
3766,{'Output': 'mismatch'},{'Output': 'mismatch'}
3767,{'Output': 'mismatch'},{'Output': 'mismatch'}
3768,{'Output': 'mismatch'},{'Output': 'mismatch'}
3769,{'Output': 'mismatch'},{'Output': 'mismatch'}
3770,{'Output': 'mismatch'},{'Output': 'mismatch'}
3771,{'Output': 'mismatch'},{'Output': 'mismatch'}
3772,{'Output': 'mismatch'},{'Output': 'mismatch'}
3773,{'Output': 'mismatch'},{'Output': 'mismatch'}
3774,{'Output': 'mismatch'},{'Output': 'mismatch'}
3775,{'Output': 'mismatch'},{'Output': 'mismatch'}
3776,{'Output': 'mismatch'},{'Output': 'mismatch'}
3777,{'Output': 'mismatch'},{'Output': 'mismatch'}
3778,{'Output': 'mismatch'},{'Output': 'mismatch'}
3779,{'Output': 'mismatch'},{'Output': 'mismatch'}
3780,{'Output': 'mismatch'},{'Output': 'mismatch'}
3781,{'Output': 'mismatch'},{'Output': 'mismatch'}
3782,{'Output': 'mismatch'},{'Output': 'mismatch'}
3783,{'Output': 'mismatch'},{'Output': 'mismatch'}
3784,{'Output': 'mismatch'},{'Output': 'mismatch'}
3785,{'Output': 'mismatch'},{'Output': 'mismatch'}
3786,{'Output': 'mismatch'},{'Output': 'mismatch'}
3787,{'Output': 'mismatch'},{'Output': 'mismatch'}
3788,{'Output': 'mismatch'},{'Output': 'mismatch'}
3789,{'Output': 'mismatch'},{'Output': 'mismatch'}
3790,{'Output': 'mismatch'},{'Output': 'mismatch'}
3791,{'Output': 'mismatch'},{'Output': 'mismatch'}
3792,{'Output': 'mismatch'},{'Output': 'mismatch'}
3793,{'Output': 'mismatch'},{'Output': 'mismatch'}
3794,{'Output': 'mismatch'},{'Output': 'mismatch'}
3795,{'Output': 'mismatch'},{'Output': 'mismatch'}
3796,{'Output': 'mismatch'},{'Output': 'mismatch'}
3797,{'Output': 'mismatch'},{'Output': 'mismatch'}
3798,{'Output': 'mismatch'},{'Output': 'mismatch'}
3799,{'Output': 'mismatch'},{'Output': 'mismatch'}
3800,{'Output': 'mismatch'},{'Output': 'mismatch'}
3801,{'Output': 'mismatch'},{'Output': 'mismatch'}
3802,{'Output': 'mismatch'},{'Output': 'mismatch'}
3803,{'Output': 'mismatch'},{'Output': 'mismatch'}
3804,{'Output': 'mismatch'},{'Output': 'mismatch'}
3805,{'Output': 'mismatch'},{'Output': 'mismatch'}
3806,{'Output': 'mismatch'},{'Output': 'mismatch'}
3807,{'Output': 'mismatch'},{'Output': 'mismatch'}
3808,{'Output': 'mismatch'},{'Output': 'mismatch'}
3809,{'Output': 'mismatch'},{'Output': 'mismatch'}
3810,{'Output': 'mismatch'},{'Output': 'mismatch'}
3811,{'Output': 'mismatch'},{'Output': 'mismatch'}
3812,{'Output': 'mismatch'},{'Output': 'mismatch'}
3813,{'Output': 'mismatch'},{'Output': 'mismatch'}
3814,{'Output': 'mismatch'},{'Output': 'mismatch'}
3815,{'Output': 'mismatch'},{'Output': 'mismatch'}
3816,{'Output': 'mismatch'},{'Output': 'mismatch'}
3817,{'Output': 'mismatch'},{'Output': 'mismatch'}
3818,{'Output': 'mismatch'},{'Output': 'mismatch'}
3819,{'Output': 'mismatch'},{'Output': 'mismatch'}
3820,{'Output': 'mismatch'},{'Output': 'mismatch'}
3821,{'Output': 'mismatch'},{'Output': 'mismatch'}
3822,{'Output': 'mismatch'},{'Output': 'mismatch'}
3823,{'Output': 'mismatch'},{'Output': 'mismatch'}
3824,{'Output': 'mismatch'},{'Output': 'mismatch'}
3825,{'Output': 'mismatch'},{'Output': 'mismatch'}
3826,{'Output': 'mismatch'},{'Output': 'mismatch'}
3827,{'Output': 'mismatch'},{'Output': 'mismatch'}
3828,{'Output': 'mismatch'},{'Output': 'mismatch'}
3829,{'Output': 'mismatch'},{'Output': 'mismatch'}
3830,{'Output': 'mismatch'},{'Output': 'mismatch'}
3831,{'Output': 'mismatch'},{'Output': 'mismatch'}
3832,{'Output': 'mismatch'},{'Output': 'mismatch'}
3833,{'Output': 'mismatch'},{'Output': 'mismatch'}
3834,{'Output': 'mismatch'},{'Output': 'mismatch'}
3835,{'Output': 'mismatch'},{'Output': 'mismatch'}
3836,{'Output': 'mismatch'},{'Output': 'mismatch'}
3837,{'Output': 'mismatch'},{'Output': 'mismatch'}
3838,{'Output': 'mismatch'},{'Output': 'mismatch'}
3839,{'Output': 'mismatch'},{'Output': 'mismatch'}
3840,{'Output': 'mismatch'},{'Output': 'mismatch'}
3841,{'Output': 'mismatch'},{'Output': 'mismatch'}
3842,{'Output': 'mismatch'},{'Output': 'mismatch'}
3843,{'Output': 'mismatch'},{'Output': 'mismatch'}
3844,{'Output': 'mismatch'},{'Output': 'mismatch'}
3845,{'Output': 'mismatch'},{'Output': 'mismatch'}
3846,{'Output': 'mismatch'},{'Output': 'mismatch'}
3847,{'Output': 'mismatch'},{'Output': 'mismatch'}
3848,{'Output': 'mismatch'},{'Output': 'mismatch'}
3849,{'Output': 'mismatch'},{'Output': 'mismatch'}
3850,{'Output': 'mismatch'},{'Output': 'mismatch'}
3851,{'Output': 'mismatch'},{'Output': 'mismatch'}
3852,{'Output': 'mismatch'},{'Output': 'mismatch'}
3853,{'Output': 'mismatch'},{'Output': 'mismatch'}
3854,{'Output': 'mismatch'},{'Output': 'mismatch'}
3855,{'Output': 'mismatch'},{'Output': 'mismatch'}
3856,{'Output': 'mismatch'},{'Output': 'mismatch'}
3857,{'Output': 'mismatch'},{'Output': 'mismatch'}
3858,{'Output': 'mismatch'},{'Output': 'mismatch'}
3859,{'Output': 'mismatch'},{'Output': 'mismatch'}
3860,{'Output': 'mismatch'},{'Output': 'mismatch'}
3861,{'Output': 'mismatch'},{'Output': 'mismatch'}
3862,{'Output': 'mismatch'},{'Output': 'mismatch'}
3863,{'Output': 'mismatch'},{'Output': 'mismatch'}
3864,{'Output': 'mismatch'},{'Output': 'mismatch'}
3865,{'Output': 'mismatch'},{'Output': 'mismatch'}
3866,{'Output': 'mismatch'},{'Output': 'mismatch'}
3867,{'Output': 'mismatch'},{'Output': 'mismatch'}
3868,{'Output': 'mismatch'},{'Output': 'mismatch'}
3869,{'Output': 'mismatch'},{'Output': 'mismatch'}
3870,{'Output': 'mismatch'},{'Output': 'mismatch'}
3871,{'Output': 'mismatch'},{'Output': 'mismatch'}
3872,{'Output': 'mismatch'},{'Output': 'mismatch'}
3873,{'Output': 'mismatch'},{'Output': 'mismatch'}
3874,{'Output': 'mismatch'},{'Output': 'mismatch'}
3875,{'Output': 'mismatch'},{'Output': 'mismatch'}
3876,{'Output': 'mismatch'},{'Output': 'mismatch'}
3877,{'Output': 'mismatch'},{'Output': 'mismatch'}
3878,{'Output': 'mismatch'},{'Output': 'mismatch'}
3879,{'Output': 'mismatch'},{'Output': 'mismatch'}
3880,{'Output': 'mismatch'},{'Output': 'mismatch'}
3881,{'Output': 'mismatch'},{'Output': 'mismatch'}
3882,{'Output': 'mismatch'},{'Output': 'mismatch'}
3883,{'Output': 'mismatch'},{'Output': 'mismatch'}
3884,{'Output': 'mismatch'},{'Output': 'mismatch'}
3885,{'Output': 'mismatch'},{'Output': 'mismatch'}
3886,{'Output': 'mismatch'},{'Output': 'mismatch'}
3887,{'Output': 'mismatch'},{'Output': 'mismatch'}
3888,{'Output': 'mismatch'},{'Output': 'mismatch'}
3889,{'Output': 'mismatch'},{'Output': 'mismatch'}
3890,{'Output': 'mismatch'},{'Output': 'mismatch'}
3891,{'Output': 'mismatch'},{'Output': 'mismatch'}
3892,{'Output': 'mismatch'},{'Output': 'mismatch'}
3893,{'Output': 'mismatch'},{'Output': 'mismatch'}
3894,{'Output': 'mismatch'},{'Output': 'mismatch'}
3895,{'Output': 'mismatch'},{'Output': 'mismatch'}
3896,{'Output': 'mismatch'},{'Output': 'mismatch'}
3897,{'Output': 'mismatch'},{'Output': 'mismatch'}
3898,{'Output': 'mismatch'},{'Output': 'mismatch'}
3899,{'Output': 'mismatch'},{'Output': 'mismatch'}
3900,{'Output': 'mismatch'},{'Output': 'mismatch'}
3901,{'Output': 'mismatch'},{'Output': 'mismatch'}
3902,{'Output': 'mismatch'},{'Output': 'mismatch'}
3903,{'Output': 'mismatch'},{'Output': 'mismatch'}
3904,{'Output': 'mismatch'},{'Output': 'mismatch'}
3905,{'Output': 'mismatch'},{'Output': 'mismatch'}
3906,{'Output': 'mismatch'},{'Output': 'mismatch'}
3907,{'Output': 'mismatch'},{'Output': 'mismatch'}
3908,{'Output': 'mismatch'},{'Output': 'mismatch'}
3909,{'Output': 'mismatch'},{'Output': 'mismatch'}
3910,{'Output': 'mismatch'},{'Output': 'mismatch'}
3911,{'Output': 'mismatch'},{'Output': 'mismatch'}
3912,{'Output': 'mismatch'},{'Output': 'mismatch'}
3913,{'Output': 'mismatch'},{'Output': 'mismatch'}
3914,{'Output': 'mismatch'},{'Output': 'mismatch'}
3915,{'Output': 'mismatch'},{'Output': 'mismatch'}
3916,{'Output': 'mismatch'},{'Output': 'mismatch'}
3917,{'Output': 'mismatch'},{'Output': 'mismatch'}
3918,{'Output': 'mismatch'},{'Output': 'mismatch'}
3919,{'Output': 'mismatch'},{'Output': 'mismatch'}
3920,{'Output': 'mismatch'},{'Output': 'mismatch'}
3921,{'Output': 'mismatch'},{'Output': 'mismatch'}
3922,{'Output': 'mismatch'},{'Output': 'mismatch'}
3923,{'Output': 'mismatch'},{'Output': 'mismatch'}
3924,{'Output': 'mismatch'},{'Output': 'mismatch'}
3925,{'Output': 'mismatch'},{'Output': 'mismatch'}
3926,{'Output': 'mismatch'},{'Output': 'mismatch'}
3927,{'Output': 'mismatch'},{'Output': 'mismatch'}
3928,{'Output': 'mismatch'},{'Output': 'mismatch'}
3929,{'Output': 'mismatch'},{'Output': 'mismatch'}
3930,{'Output': 'mismatch'},{'Output': 'mismatch'}
3931,{'Output': 'mismatch'},{'Output': 'mismatch'}
3932,{'Output': 'mismatch'},{'Output': 'mismatch'}
3933,{'Output': 'mismatch'},{'Output': 'mismatch'}
3934,{'Output': 'mismatch'},{'Output': 'mismatch'}
3935,{'Output': 'mismatch'},{'Output': 'mismatch'}
3936,{'Output': 'mismatch'},{'Output': 'mismatch'}
3937,{'Output': 'mismatch'},{'Output': 'mismatch'}
3938,{'Output': 'mismatch'},{'Output': 'mismatch'}
3939,{'Output': 'mismatch'},{'Output': 'mismatch'}
3940,{'Output': 'mismatch'},{'Output': 'mismatch'}
3941,{'Output': 'mismatch'},{'Output': 'mismatch'}
3942,{'Output': 'mismatch'},{'Output': 'mismatch'}
3943,{'Output': 'mismatch'},{'Output': 'mismatch'}
3944,{'Output': 'mismatch'},{'Output': 'mismatch'}
3945,{'Output': 'mismatch'},{'Output': 'mismatch'}
3946,{'Output': 'mismatch'},{'Output': 'mismatch'}
3947,{'Output': 'mismatch'},{'Output': 'mismatch'}
3948,{'Output': 'mismatch'},{'Output': 'mismatch'}
3949,{'Output': 'mismatch'},{'Output': 'mismatch'}
3950,{'Output': 'match'},{'Output': 'mismatch'}
3951,{'Output': 'mismatch'},{'Output': 'mismatch'}
3952,{'Output': 'mismatch'},{'Output': 'mismatch'}
3953,{'Output': 'mismatch'},{'Output': 'mismatch'}
3954,{'Output': 'mismatch'},{'Output': 'mismatch'}
3955,{'Output': 'mismatch'},{'Output': 'mismatch'}
3956,{'Output': 'mismatch'},{'Output': 'mismatch'}
3957,{'Output': 'mismatch'},{'Output': 'mismatch'}
3958,{'Output': 'mismatch'},{'Output': 'mismatch'}
3959,{'Output': 'mismatch'},{'Output': 'mismatch'}
3960,{'Output': 'mismatch'},{'Output': 'mismatch'}
3961,{'Output': 'mismatch'},{'Output': 'mismatch'}
3962,{'Output': 'mismatch'},{'Output': 'mismatch'}
3963,{'Output': 'mismatch'},{'Output': 'mismatch'}
3964,{'Output': 'match'},{'Output': 'mismatch'}
3965,{'Output': 'mismatch'},{'Output': 'mismatch'}
3966,{'Output': 'mismatch'},{'Output': 'mismatch'}
3967,{'Output': 'mismatch'},{'Output': 'mismatch'}
3968,{'Output': 'mismatch'},{'Output': 'mismatch'}
3969,{'Output': 'mismatch'},{'Output': 'mismatch'}
3970,{'Output': 'mismatch'},{'Output': 'mismatch'}
3971,{'Output': 'mismatch'},{'Output': 'mismatch'}
3972,{'Output': 'mismatch'},{'Output': 'mismatch'}
3973,{'Output': 'mismatch'},{'Output': 'mismatch'}
3974,{'Output': 'mismatch'},{'Output': 'mismatch'}
3975,{'Output': 'mismatch'},{'Output': 'mismatch'}
3976,{'Output': 'mismatch'},{'Output': 'mismatch'}
3977,{'Output': 'mismatch'},{'Output': 'mismatch'}
3978,{'Output': 'mismatch'},{'Output': 'mismatch'}
3979,{'Output': 'mismatch'},{'Output': 'mismatch'}
3980,{'Output': 'mismatch'},{'Output': 'mismatch'}
3981,{'Output': 'mismatch'},{'Output': 'mismatch'}
3982,{'Output': 'mismatch'},{'Output': 'mismatch'}
3983,{'Output': 'mismatch'},{'Output': 'mismatch'}
3984,{'Output': 'mismatch'},{'Output': 'mismatch'}
3985,{'Output': 'mismatch'},{'Output': 'mismatch'}
3986,{'Output': 'mismatch'},{'Output': 'mismatch'}
3987,{'Output': 'mismatch'},{'Output': 'mismatch'}
3988,{'Output': 'mismatch'},{'Output': 'mismatch'}
3989,{'Output': 'mismatch'},{'Output': 'mismatch'}
3990,{'Output': 'mismatch'},{'Output': 'mismatch'}
3991,{'Output': 'mismatch'},{'Output': 'mismatch'}
3992,{'Output': 'mismatch'},{'Output': 'mismatch'}
3993,{'Output': 'mismatch'},{'Output': 'mismatch'}
3994,{'Output': 'mismatch'},{'Output': 'mismatch'}
3995,{'Output': 'mismatch'},{'Output': 'mismatch'}
3996,{'Output': 'mismatch'},{'Output': 'mismatch'}
3997,{'Output': 'mismatch'},{'Output': 'mismatch'}
3998,{'Output': 'mismatch'},{'Output': 'mismatch'}
3999,{'Output': 'mismatch'},{'Output': 'mismatch'}
4000,{'Output': 'mismatch'},{'Output': 'mismatch'}
4001,{'Output': 'mismatch'},{'Output': 'mismatch'}
4002,{'Output': 'mismatch'},{'Output': 'mismatch'}
4003,{'Output': 'mismatch'},{'Output': 'mismatch'}
4004,{'Output': 'mismatch'},{'Output': 'mismatch'}
4005,{'Output': 'mismatch'},{'Output': 'mismatch'}
4006,{'Output': 'mismatch'},{'Output': 'mismatch'}
4007,{'Output': 'mismatch'},{'Output': 'mismatch'}
4008,{'Output': 'mismatch'},{'Output': 'mismatch'}
4009,{'Output': 'mismatch'},{'Output': 'mismatch'}
4010,{'Output': 'mismatch'},{'Output': 'mismatch'}
4011,{'Output': 'mismatch'},{'Output': 'mismatch'}
4012,{'Output': 'mismatch'},{'Output': 'mismatch'}
4013,{'Output': 'mismatch'},{'Output': 'mismatch'}
4014,{'Output': 'match'},{'Output': 'match'}
4015,{'Output': 'mismatch'},{'Output': 'mismatch'}
4016,{'Output': 'mismatch'},{'Output': 'mismatch'}
4017,{'Output': 'mismatch'},{'Output': 'mismatch'}
4018,{'Output': 'mismatch'},{'Output': 'mismatch'}
4019,{'Output': 'mismatch'},{'Output': 'mismatch'}
4020,{'Output': 'mismatch'},{'Output': 'mismatch'}
4021,{'Output': 'mismatch'},{'Output': 'mismatch'}
4022,{'Output': 'mismatch'},{'Output': 'mismatch'}
4023,{'Output': 'mismatch'},{'Output': 'mismatch'}
4024,{'Output': 'mismatch'},{'Output': 'mismatch'}
4025,{'Output': 'mismatch'},{'Output': 'mismatch'}
4026,{'Output': 'mismatch'},{'Output': 'mismatch'}
4027,{'Output': 'mismatch'},{'Output': 'mismatch'}
4028,{'Output': 'mismatch'},{'Output': 'mismatch'}
4029,{'Output': 'mismatch'},{'Output': 'mismatch'}
4030,{'Output': 'mismatch'},{'Output': 'mismatch'}
4031,{'Output': 'mismatch'},{'Output': 'mismatch'}
4032,{'Output': 'mismatch'},{'Output': 'mismatch'}
4033,{'Output': 'mismatch'},{'Output': 'mismatch'}
4034,{'Output': 'mismatch'},{'Output': 'mismatch'}
4035,{'Output': 'mismatch'},{'Output': 'mismatch'}
4036,{'Output': 'mismatch'},{'Output': 'mismatch'}
4037,{'Output': 'mismatch'},{'Output': 'mismatch'}
4038,{'Output': 'mismatch'},{'Output': 'mismatch'}
4039,{'Output': 'mismatch'},{'Output': 'mismatch'}
4040,{'Output': 'mismatch'},{'Output': 'mismatch'}
4041,{'Output': 'mismatch'},{'Output': 'mismatch'}
4042,{'Output': 'mismatch'},{'Output': 'mismatch'}
4043,{'Output': 'mismatch'},{'Output': 'mismatch'}
4044,{'Output': 'mismatch'},{'Output': 'mismatch'}
4045,{'Output': 'mismatch'},{'Output': 'mismatch'}
4046,{'Output': 'mismatch'},{'Output': 'mismatch'}
4047,{'Output': 'mismatch'},{'Output': 'mismatch'}
4048,{'Output': 'mismatch'},{'Output': 'mismatch'}
4049,{'Output': 'mismatch'},{'Output': 'mismatch'}
4050,{'Output': 'mismatch'},{'Output': 'mismatch'}
4051,{'Output': 'mismatch'},{'Output': 'mismatch'}
4052,{'Output': 'mismatch'},{'Output': 'mismatch'}
4053,{'Output': 'mismatch'},{'Output': 'mismatch'}
4054,{'Output': 'mismatch'},{'Output': 'mismatch'}
4055,{'Output': 'mismatch'},{'Output': 'mismatch'}
4056,{'Output': 'mismatch'},{'Output': 'mismatch'}
4057,{'Output': 'mismatch'},{'Output': 'mismatch'}
4058,{'Output': 'mismatch'},{'Output': 'mismatch'}
4059,{'Output': 'mismatch'},{'Output': 'mismatch'}
4060,{'Output': 'mismatch'},{'Output': 'mismatch'}
4061,{'Output': 'mismatch'},{'Output': 'mismatch'}
4062,{'Output': 'mismatch'},{'Output': 'mismatch'}
4063,{'Output': 'mismatch'},{'Output': 'mismatch'}
4064,{'Output': 'mismatch'},{'Output': 'mismatch'}
4065,{'Output': 'mismatch'},{'Output': 'mismatch'}
4066,{'Output': 'mismatch'},{'Output': 'mismatch'}
4067,{'Output': 'mismatch'},{'Output': 'mismatch'}
4068,{'Output': 'mismatch'},{'Output': 'mismatch'}
4069,{'Output': 'mismatch'},{'Output': 'mismatch'}
4070,{'Output': 'mismatch'},{'Output': 'mismatch'}
4071,{'Output': 'mismatch'},{'Output': 'mismatch'}
4072,{'Output': 'mismatch'},{'Output': 'mismatch'}
4073,{'Output': 'mismatch'},{'Output': 'mismatch'}
4074,{'Output': 'mismatch'},{'Output': 'mismatch'}
4075,{'Output': 'mismatch'},{'Output': 'mismatch'}
4076,{'Output': 'mismatch'},{'Output': 'mismatch'}
4077,{'Output': 'mismatch'},{'Output': 'mismatch'}
4078,{'Output': 'mismatch'},{'Output': 'mismatch'}
4079,{'Output': 'mismatch'},{'Output': 'mismatch'}
4080,{'Output': 'mismatch'},{'Output': 'mismatch'}
4081,{'Output': 'mismatch'},{'Output': 'mismatch'}
4082,{'Output': 'mismatch'},{'Output': 'mismatch'}
4083,{'Output': 'mismatch'},{'Output': 'mismatch'}
4084,{'Output': 'mismatch'},{'Output': 'mismatch'}
4085,{'Output': 'mismatch'},{'Output': 'mismatch'}
4086,{'Output': 'mismatch'},{'Output': 'mismatch'}
4087,{'Output': 'mismatch'},{'Output': 'mismatch'}
4088,{'Output': 'mismatch'},{'Output': 'mismatch'}
4089,{'Output': 'mismatch'},{'Output': 'mismatch'}
4090,{'Output': 'mismatch'},{'Output': 'mismatch'}
4091,{'Output': 'mismatch'},{'Output': 'mismatch'}
4092,{'Output': 'mismatch'},{'Output': 'mismatch'}
4093,{'Output': 'mismatch'},{'Output': 'mismatch'}
4094,{'Output': 'mismatch'},{'Output': 'mismatch'}
4095,{'Output': 'mismatch'},{'Output': 'mismatch'}
4096,{'Output': 'mismatch'},{'Output': 'mismatch'}
4097,{'Output': 'mismatch'},{'Output': 'mismatch'}
4098,{'Output': 'mismatch'},{'Output': 'mismatch'}
4099,{'Output': 'mismatch'},{'Output': 'mismatch'}
4100,{'Output': 'mismatch'},{'Output': 'mismatch'}
4101,{'Output': 'mismatch'},{'Output': 'mismatch'}
4102,{'Output': 'mismatch'},{'Output': 'mismatch'}
4103,{'Output': 'mismatch'},{'Output': 'mismatch'}
4104,{'Output': 'mismatch'},{'Output': 'mismatch'}
4105,{'Output': 'mismatch'},{'Output': 'mismatch'}
4106,{'Output': 'mismatch'},{'Output': 'mismatch'}
4107,{'Output': 'mismatch'},{'Output': 'mismatch'}
4108,{'Output': 'mismatch'},{'Output': 'mismatch'}
4109,{'Output': 'mismatch'},{'Output': 'mismatch'}
4110,{'Output': 'mismatch'},{'Output': 'mismatch'}
4111,{'Output': 'mismatch'},{'Output': 'mismatch'}
4112,{'Output': 'mismatch'},{'Output': 'mismatch'}
4113,{'Output': 'mismatch'},{'Output': 'mismatch'}
4114,{'Output': 'mismatch'},{'Output': 'mismatch'}
4115,{'Output': 'mismatch'},{'Output': 'mismatch'}
4116,{'Output': 'mismatch'},{'Output': 'mismatch'}
4117,{'Output': 'mismatch'},{'Output': 'mismatch'}
4118,{'Output': 'mismatch'},{'Output': 'mismatch'}
4119,{'Output': 'mismatch'},{'Output': 'mismatch'}
4120,{'Output': 'mismatch'},{'Output': 'mismatch'}
4121,{'Output': 'mismatch'},{'Output': 'mismatch'}
4122,{'Output': 'mismatch'},{'Output': 'mismatch'}
4123,{'Output': 'mismatch'},{'Output': 'mismatch'}
4124,{'Output': 'mismatch'},{'Output': 'mismatch'}
4125,{'Output': 'mismatch'},{'Output': 'mismatch'}
4126,{'Output': 'mismatch'},{'Output': 'mismatch'}
4127,{'Output': 'mismatch'},{'Output': 'mismatch'}
4128,{'Output': 'mismatch'},{'Output': 'mismatch'}
4129,{'Output': 'mismatch'},{'Output': 'mismatch'}
4130,{'Output': 'mismatch'},{'Output': 'mismatch'}
4131,{'Output': 'mismatch'},{'Output': 'mismatch'}
4132,{'Output': 'mismatch'},{'Output': 'mismatch'}
4133,{'Output': 'mismatch'},{'Output': 'mismatch'}
4134,{'Output': 'mismatch'},{'Output': 'mismatch'}
4135,{'Output': 'mismatch'},{'Output': 'mismatch'}
4136,{'Output': 'mismatch'},{'Output': 'mismatch'}
4137,{'Output': 'mismatch'},{'Output': 'mismatch'}
4138,{'Output': 'mismatch'},{'Output': 'mismatch'}
4139,{'Output': 'mismatch'},{'Output': 'mismatch'}
4140,{'Output': 'mismatch'},{'Output': 'mismatch'}
4141,{'Output': 'mismatch'},{'Output': 'mismatch'}
4142,{'Output': 'mismatch'},{'Output': 'mismatch'}
4143,{'Output': 'mismatch'},{'Output': 'mismatch'}
4144,{'Output': 'mismatch'},{'Output': 'mismatch'}
4145,{'Output': 'mismatch'},{'Output': 'mismatch'}
4146,{'Output': 'mismatch'},{'Output': 'mismatch'}
4147,{'Output': 'mismatch'},{'Output': 'mismatch'}
4148,{'Output': 'mismatch'},{'Output': 'mismatch'}
4149,{'Output': 'mismatch'},{'Output': 'mismatch'}
4150,{'Output': 'mismatch'},{'Output': 'mismatch'}
4151,{'Output': 'mismatch'},{'Output': 'mismatch'}
4152,{'Output': 'mismatch'},{'Output': 'mismatch'}
4153,{'Output': 'mismatch'},{'Output': 'mismatch'}
4154,{'Output': 'mismatch'},{'Output': 'mismatch'}
4155,{'Output': 'mismatch'},{'Output': 'mismatch'}
4156,{'Output': 'mismatch'},{'Output': 'mismatch'}
4157,{'Output': 'mismatch'},{'Output': 'mismatch'}
4158,{'Output': 'mismatch'},{'Output': 'mismatch'}
4159,{'Output': 'mismatch'},{'Output': 'mismatch'}
4160,{'Output': 'mismatch'},{'Output': 'mismatch'}
4161,{'Output': 'mismatch'},{'Output': 'mismatch'}
4162,{'Output': 'mismatch'},{'Output': 'mismatch'}
4163,{'Output': 'mismatch'},{'Output': 'mismatch'}
4164,{'Output': 'mismatch'},{'Output': 'mismatch'}
4165,{'Output': 'mismatch'},{'Output': 'mismatch'}
4166,{'Output': 'mismatch'},{'Output': 'mismatch'}
4167,{'Output': 'mismatch'},{'Output': 'mismatch'}
4168,{'Output': 'mismatch'},{'Output': 'mismatch'}
4169,{'Output': 'mismatch'},{'Output': 'mismatch'}
4170,{'Output': 'mismatch'},{'Output': 'mismatch'}
4171,{'Output': 'mismatch'},{'Output': 'mismatch'}
4172,{'Output': 'mismatch'},{'Output': 'mismatch'}
4173,{'Output': 'mismatch'},{'Output': 'mismatch'}
4174,{'Output': 'mismatch'},{'Output': 'mismatch'}
4175,{'Output': 'mismatch'},{'Output': 'mismatch'}
4176,{'Output': 'mismatch'},{'Output': 'mismatch'}
4177,{'Output': 'mismatch'},{'Output': 'mismatch'}
4178,{'Output': 'mismatch'},{'Output': 'mismatch'}
4179,{'Output': 'mismatch'},{'Output': 'mismatch'}
4180,{'Output': 'mismatch'},{'Output': 'mismatch'}
4181,{'Output': 'mismatch'},{'Output': 'mismatch'}
4182,{'Output': 'mismatch'},{'Output': 'mismatch'}
4183,{'Output': 'mismatch'},{'Output': 'mismatch'}
4184,{'Output': 'mismatch'},{'Output': 'mismatch'}
4185,{'Output': 'mismatch'},{'Output': 'mismatch'}
4186,{'Output': 'mismatch'},{'Output': 'mismatch'}
4187,{'Output': 'mismatch'},{'Output': 'mismatch'}
4188,{'Output': 'mismatch'},{'Output': 'mismatch'}
4189,{'Output': 'mismatch'},{'Output': 'mismatch'}
4190,{'Output': 'mismatch'},{'Output': 'mismatch'}
4191,{'Output': 'mismatch'},{'Output': 'mismatch'}
4192,{'Output': 'mismatch'},{'Output': 'mismatch'}
4193,{'Output': 'mismatch'},{'Output': 'mismatch'}
4194,{'Output': 'mismatch'},{'Output': 'mismatch'}
4195,{'Output': 'mismatch'},{'Output': 'mismatch'}
4196,{'Output': 'mismatch'},{'Output': 'mismatch'}
4197,{'Output': 'mismatch'},{'Output': 'mismatch'}
4198,{'Output': 'mismatch'},{'Output': 'mismatch'}
4199,{'Output': 'mismatch'},{'Output': 'mismatch'}
4200,{'Output': 'mismatch'},{'Output': 'mismatch'}
4201,{'Output': 'mismatch'},{'Output': 'mismatch'}
4202,{'Output': 'mismatch'},{'Output': 'mismatch'}
4203,{'Output': 'mismatch'},{'Output': 'mismatch'}
4204,{'Output': 'mismatch'},{'Output': 'mismatch'}
4205,{'Output': 'mismatch'},{'Output': 'mismatch'}
4206,{'Output': 'mismatch'},{'Output': 'mismatch'}
4207,{'Output': 'mismatch'},{'Output': 'mismatch'}
4208,{'Output': 'mismatch'},{'Output': 'mismatch'}
4209,{'Output': 'mismatch'},{'Output': 'mismatch'}
4210,{'Output': 'mismatch'},{'Output': 'mismatch'}
4211,{'Output': 'mismatch'},{'Output': 'mismatch'}
4212,{'Output': 'mismatch'},{'Output': 'mismatch'}
4213,{'Output': 'mismatch'},{'Output': 'mismatch'}
4214,{'Output': 'mismatch'},{'Output': 'mismatch'}
4215,{'Output': 'mismatch'},{'Output': 'mismatch'}
4216,{'Output': 'mismatch'},{'Output': 'mismatch'}
4217,{'Output': 'mismatch'},{'Output': 'mismatch'}
4218,{'Output': 'mismatch'},{'Output': 'mismatch'}
4219,{'Output': 'mismatch'},{'Output': 'mismatch'}
4220,{'Output': 'mismatch'},{'Output': 'mismatch'}
4221,{'Output': 'mismatch'},{'Output': 'mismatch'}
4222,{'Output': 'mismatch'},{'Output': 'mismatch'}
4223,{'Output': 'mismatch'},{'Output': 'mismatch'}
4224,{'Output': 'mismatch'},{'Output': 'mismatch'}
4225,{'Output': 'mismatch'},{'Output': 'mismatch'}
4226,{'Output': 'mismatch'},{'Output': 'mismatch'}
4227,{'Output': 'mismatch'},{'Output': 'mismatch'}
4228,{'Output': 'mismatch'},{'Output': 'mismatch'}
4229,{'Output': 'mismatch'},{'Output': 'mismatch'}
4230,{'Output': 'mismatch'},{'Output': 'mismatch'}
4231,{'Output': 'mismatch'},{'Output': 'mismatch'}
4232,{'Output': 'mismatch'},{'Output': 'mismatch'}
4233,{'Output': 'mismatch'},{'Output': 'mismatch'}
4234,{'Output': 'mismatch'},{'Output': 'mismatch'}
4235,{'Output': 'mismatch'},{'Output': 'mismatch'}
4236,{'Output': 'mismatch'},{'Output': 'mismatch'}
4237,{'Output': 'mismatch'},{'Output': 'mismatch'}
4238,{'Output': 'mismatch'},{'Output': 'mismatch'}
4239,{'Output': 'mismatch'},{'Output': 'mismatch'}
4240,{'Output': 'mismatch'},{'Output': 'mismatch'}
4241,{'Output': 'mismatch'},{'Output': 'mismatch'}
4242,{'Output': 'mismatch'},{'Output': 'mismatch'}
4243,{'Output': 'mismatch'},{'Output': 'mismatch'}
4244,{'Output': 'mismatch'},{'Output': 'mismatch'}
4245,{'Output': 'mismatch'},{'Output': 'mismatch'}
4246,{'Output': 'mismatch'},{'Output': 'mismatch'}
4247,{'Output': 'mismatch'},{'Output': 'mismatch'}
4248,{'Output': 'mismatch'},{'Output': 'mismatch'}
4249,{'Output': 'mismatch'},{'Output': 'mismatch'}
4250,{'Output': 'mismatch'},{'Output': 'mismatch'}
4251,{'Output': 'mismatch'},{'Output': 'mismatch'}
4252,{'Output': 'mismatch'},{'Output': 'mismatch'}
4253,{'Output': 'mismatch'},{'Output': 'mismatch'}
4254,{'Output': 'mismatch'},{'Output': 'mismatch'}
4255,{'Output': 'mismatch'},{'Output': 'mismatch'}
4256,{'Output': 'mismatch'},{'Output': 'mismatch'}
4257,{'Output': 'mismatch'},{'Output': 'mismatch'}
4258,{'Output': 'mismatch'},{'Output': 'mismatch'}
4259,{'Output': 'mismatch'},{'Output': 'mismatch'}
4260,{'Output': 'mismatch'},{'Output': 'mismatch'}
4261,{'Output': 'mismatch'},{'Output': 'mismatch'}
4262,{'Output': 'mismatch'},{'Output': 'mismatch'}
4263,{'Output': 'mismatch'},{'Output': 'mismatch'}
4264,{'Output': 'mismatch'},{'Output': 'mismatch'}
4265,{'Output': 'mismatch'},{'Output': 'mismatch'}
4266,{'Output': 'mismatch'},{'Output': 'mismatch'}
4267,{'Output': 'mismatch'},{'Output': 'mismatch'}
4268,{'Output': 'mismatch'},{'Output': 'mismatch'}
4269,{'Output': 'mismatch'},{'Output': 'mismatch'}
4270,{'Output': 'mismatch'},{'Output': 'mismatch'}
4271,{'Output': 'mismatch'},{'Output': 'mismatch'}
4272,{'Output': 'mismatch'},{'Output': 'mismatch'}
4273,{'Output': 'mismatch'},{'Output': 'mismatch'}
4274,{'Output': 'mismatch'},{'Output': 'mismatch'}
4275,{'Output': 'mismatch'},{'Output': 'mismatch'}
4276,{'Output': 'mismatch'},{'Output': 'mismatch'}
4277,{'Output': 'mismatch'},{'Output': 'mismatch'}
4278,{'Output': 'mismatch'},{'Output': 'mismatch'}
4279,{'Output': 'mismatch'},{'Output': 'mismatch'}
4280,{'Output': 'mismatch'},{'Output': 'mismatch'}
4281,{'Output': 'mismatch'},{'Output': 'mismatch'}
4282,{'Output': 'mismatch'},{'Output': 'mismatch'}
4283,{'Output': 'mismatch'},{'Output': 'mismatch'}
4284,{'Output': 'mismatch'},{'Output': 'mismatch'}
4285,{'Output': 'mismatch'},{'Output': 'mismatch'}
4286,{'Output': 'mismatch'},{'Output': 'mismatch'}
4287,{'Output': 'mismatch'},{'Output': 'mismatch'}
4288,{'Output': 'mismatch'},{'Output': 'mismatch'}
4289,{'Output': 'mismatch'},{'Output': 'mismatch'}
4290,{'Output': 'mismatch'},{'Output': 'mismatch'}
4291,{'Output': 'mismatch'},{'Output': 'mismatch'}
4292,{'Output': 'mismatch'},{'Output': 'mismatch'}
4293,{'Output': 'mismatch'},{'Output': 'mismatch'}
4294,{'Output': 'mismatch'},{'Output': 'mismatch'}
4295,{'Output': 'mismatch'},{'Output': 'mismatch'}
4296,{'Output': 'mismatch'},{'Output': 'mismatch'}
4297,{'Output': 'mismatch'},{'Output': 'mismatch'}
4298,{'Output': 'mismatch'},{'Output': 'mismatch'}
4299,{'Output': 'mismatch'},{'Output': 'mismatch'}
4300,{'Output': 'mismatch'},{'Output': 'mismatch'}
4301,{'Output': 'mismatch'},{'Output': 'mismatch'}
4302,{'Output': 'mismatch'},{'Output': 'mismatch'}
4303,{'Output': 'mismatch'},{'Output': 'mismatch'}
4304,{'Output': 'mismatch'},{'Output': 'mismatch'}
4305,{'Output': 'mismatch'},{'Output': 'mismatch'}
4306,{'Output': 'mismatch'},{'Output': 'mismatch'}
4307,{'Output': 'mismatch'},{'Output': 'mismatch'}
4308,{'Output': 'mismatch'},{'Output': 'mismatch'}
4309,{'Output': 'mismatch'},{'Output': 'mismatch'}
4310,{'Output': 'mismatch'},{'Output': 'mismatch'}
4311,{'Output': 'mismatch'},{'Output': 'mismatch'}
4312,{'Output': 'mismatch'},{'Output': 'mismatch'}
4313,{'Output': 'mismatch'},{'Output': 'mismatch'}
4314,{'Output': 'mismatch'},{'Output': 'mismatch'}
4315,{'Output': 'mismatch'},{'Output': 'mismatch'}
4316,{'Output': 'mismatch'},{'Output': 'mismatch'}
4317,{'Output': 'mismatch'},{'Output': 'mismatch'}
4318,{'Output': 'mismatch'},{'Output': 'mismatch'}
4319,{'Output': 'mismatch'},{'Output': 'mismatch'}
4320,{'Output': 'mismatch'},{'Output': 'mismatch'}
4321,{'Output': 'mismatch'},{'Output': 'mismatch'}
4322,{'Output': 'mismatch'},{'Output': 'mismatch'}
4323,{'Output': 'mismatch'},{'Output': 'mismatch'}
4324,{'Output': 'mismatch'},{'Output': 'mismatch'}
4325,{'Output': 'mismatch'},{'Output': 'mismatch'}
4326,{'Output': 'mismatch'},{'Output': 'mismatch'}
4327,{'Output': 'mismatch'},{'Output': 'mismatch'}
4328,{'Output': 'mismatch'},{'Output': 'mismatch'}
4329,{'Output': 'mismatch'},{'Output': 'mismatch'}
4330,{'Output': 'mismatch'},{'Output': 'mismatch'}
4331,{'Output': 'mismatch'},{'Output': 'mismatch'}
4332,{'Output': 'mismatch'},{'Output': 'mismatch'}
4333,{'Output': 'mismatch'},{'Output': 'mismatch'}
4334,{'Output': 'mismatch'},{'Output': 'mismatch'}
4335,{'Output': 'mismatch'},{'Output': 'mismatch'}
4336,{'Output': 'mismatch'},{'Output': 'mismatch'}
4337,{'Output': 'mismatch'},{'Output': 'mismatch'}
4338,{'Output': 'mismatch'},{'Output': 'mismatch'}
4339,{'Output': 'mismatch'},{'Output': 'mismatch'}
4340,{'Output': 'mismatch'},{'Output': 'mismatch'}
4341,{'Output': 'mismatch'},{'Output': 'mismatch'}
4342,{'Output': 'mismatch'},{'Output': 'mismatch'}
4343,{'Output': 'mismatch'},{'Output': 'mismatch'}
4344,{'Output': 'mismatch'},{'Output': 'mismatch'}
4345,{'Output': 'mismatch'},{'Output': 'mismatch'}
4346,{'Output': 'mismatch'},{'Output': 'mismatch'}
4347,{'Output': 'mismatch'},{'Output': 'mismatch'}
4348,{'Output': 'mismatch'},{'Output': 'mismatch'}
4349,{'Output': 'mismatch'},{'Output': 'mismatch'}
4350,{'Output': 'mismatch'},{'Output': 'mismatch'}
4351,{'Output': 'mismatch'},{'Output': 'mismatch'}
4352,{'Output': 'mismatch'},{'Output': 'mismatch'}
4353,{'Output': 'mismatch'},{'Output': 'mismatch'}
4354,{'Output': 'mismatch'},{'Output': 'mismatch'}
4355,{'Output': 'mismatch'},{'Output': 'mismatch'}
4356,{'Output': 'mismatch'},{'Output': 'mismatch'}
4357,{'Output': 'mismatch'},{'Output': 'mismatch'}
4358,{'Output': 'mismatch'},{'Output': 'mismatch'}
4359,{'Output': 'mismatch'},{'Output': 'mismatch'}
4360,{'Output': 'mismatch'},{'Output': 'mismatch'}
4361,{'Output': 'mismatch'},{'Output': 'mismatch'}
4362,{'Output': 'mismatch'},{'Output': 'mismatch'}
4363,{'Output': 'mismatch'},{'Output': 'mismatch'}
4364,{'Output': 'mismatch'},{'Output': 'mismatch'}
4365,{'Output': 'mismatch'},{'Output': 'mismatch'}
4366,{'Output': 'mismatch'},{'Output': 'mismatch'}
4367,{'Output': 'mismatch'},{'Output': 'mismatch'}
4368,{'Output': 'mismatch'},{'Output': 'mismatch'}
4369,{'Output': 'mismatch'},{'Output': 'mismatch'}
4370,{'Output': 'mismatch'},{'Output': 'mismatch'}
4371,{'Output': 'mismatch'},{'Output': 'mismatch'}
4372,{'Output': 'mismatch'},{'Output': 'mismatch'}
4373,{'Output': 'mismatch'},{'Output': 'mismatch'}
4374,{'Output': 'mismatch'},{'Output': 'mismatch'}
4375,{'Output': 'mismatch'},{'Output': 'mismatch'}
4376,{'Output': 'mismatch'},{'Output': 'mismatch'}
4377,{'Output': 'match'},{'Output': 'mismatch'}
4378,{'Output': 'mismatch'},{'Output': 'mismatch'}
4379,{'Output': 'mismatch'},{'Output': 'mismatch'}
4380,{'Output': 'mismatch'},{'Output': 'mismatch'}
4381,{'Output': 'mismatch'},{'Output': 'mismatch'}
4382,{'Output': 'mismatch'},{'Output': 'mismatch'}
4383,{'Output': 'mismatch'},{'Output': 'mismatch'}
4384,{'Output': 'mismatch'},{'Output': 'mismatch'}
4385,{'Output': 'mismatch'},{'Output': 'mismatch'}
4386,{'Output': 'mismatch'},{'Output': 'mismatch'}
4387,{'Output': 'mismatch'},{'Output': 'mismatch'}
4388,{'Output': 'mismatch'},{'Output': 'mismatch'}
4389,{'Output': 'mismatch'},{'Output': 'mismatch'}
4390,{'Output': 'mismatch'},{'Output': 'mismatch'}
4391,{'Output': 'mismatch'},{'Output': 'mismatch'}
4392,{'Output': 'mismatch'},{'Output': 'mismatch'}
4393,{'Output': 'mismatch'},{'Output': 'mismatch'}
4394,{'Output': 'mismatch'},{'Output': 'mismatch'}
4395,{'Output': 'mismatch'},{'Output': 'mismatch'}
4396,{'Output': 'mismatch'},{'Output': 'mismatch'}
4397,{'Output': 'mismatch'},{'Output': 'mismatch'}
4398,{'Output': 'mismatch'},{'Output': 'mismatch'}
4399,{'Output': 'mismatch'},{'Output': 'mismatch'}
4400,{'Output': 'mismatch'},{'Output': 'mismatch'}
4401,{'Output': 'mismatch'},{'Output': 'mismatch'}
4402,{'Output': 'mismatch'},{'Output': 'mismatch'}
4403,{'Output': 'mismatch'},{'Output': 'mismatch'}
4404,{'Output': 'mismatch'},{'Output': 'mismatch'}
4405,{'Output': 'mismatch'},{'Output': 'mismatch'}
4406,{'Output': 'mismatch'},{'Output': 'mismatch'}
4407,{'Output': 'mismatch'},{'Output': 'mismatch'}
4408,{'Output': 'mismatch'},{'Output': 'mismatch'}
4409,{'Output': 'mismatch'},{'Output': 'mismatch'}
4410,{'Output': 'mismatch'},{'Output': 'mismatch'}
4411,{'Output': 'mismatch'},{'Output': 'mismatch'}
4412,{'Output': 'mismatch'},{'Output': 'mismatch'}
4413,{'Output': 'mismatch'},{'Output': 'mismatch'}
4414,{'Output': 'mismatch'},{'Output': 'mismatch'}
4415,{'Output': 'mismatch'},{'Output': 'mismatch'}
4416,{'Output': 'mismatch'},{'Output': 'mismatch'}
4417,{'Output': 'mismatch'},{'Output': 'mismatch'}
4418,{'Output': 'mismatch'},{'Output': 'mismatch'}
4419,{'Output': 'mismatch'},{'Output': 'mismatch'}
4420,{'Output': 'mismatch'},{'Output': 'mismatch'}
4421,{'Output': 'mismatch'},{'Output': 'mismatch'}
4422,{'Output': 'mismatch'},{'Output': 'mismatch'}
4423,{'Output': 'mismatch'},{'Output': 'mismatch'}
4424,{'Output': 'mismatch'},{'Output': 'mismatch'}
4425,{'Output': 'match'},{'Output': 'match'}
4426,{'Output': 'mismatch'},{'Output': 'mismatch'}
4427,{'Output': 'mismatch'},{'Output': 'mismatch'}
4428,{'Output': 'mismatch'},{'Output': 'mismatch'}
4429,{'Output': 'mismatch'},{'Output': 'mismatch'}
4430,{'Output': 'mismatch'},{'Output': 'mismatch'}
4431,{'Output': 'mismatch'},{'Output': 'mismatch'}
4432,{'Output': 'mismatch'},{'Output': 'mismatch'}
4433,{'Output': 'mismatch'},{'Output': 'mismatch'}
4434,{'Output': 'mismatch'},{'Output': 'mismatch'}
4435,{'Output': 'mismatch'},{'Output': 'mismatch'}
4436,{'Output': 'mismatch'},{'Output': 'mismatch'}
4437,{'Output': 'mismatch'},{'Output': 'mismatch'}
4438,{'Output': 'mismatch'},{'Output': 'mismatch'}
4439,{'Output': 'mismatch'},{'Output': 'mismatch'}
4440,{'Output': 'mismatch'},{'Output': 'mismatch'}
4441,{'Output': 'mismatch'},{'Output': 'mismatch'}
4442,{'Output': 'mismatch'},{'Output': 'mismatch'}
4443,{'Output': 'mismatch'},{'Output': 'mismatch'}
4444,{'Output': 'mismatch'},{'Output': 'mismatch'}
4445,{'Output': 'mismatch'},{'Output': 'mismatch'}
4446,{'Output': 'mismatch'},{'Output': 'mismatch'}
4447,{'Output': 'mismatch'},{'Output': 'mismatch'}
4448,{'Output': 'mismatch'},{'Output': 'mismatch'}
4449,{'Output': 'mismatch'},{'Output': 'mismatch'}
4450,{'Output': 'mismatch'},{'Output': 'mismatch'}
4451,{'Output': 'mismatch'},{'Output': 'mismatch'}
4452,{'Output': 'mismatch'},{'Output': 'mismatch'}
4453,{'Output': 'mismatch'},{'Output': 'mismatch'}
4454,{'Output': 'mismatch'},{'Output': 'mismatch'}
4455,{'Output': 'mismatch'},{'Output': 'mismatch'}
4456,{'Output': 'match'},{'Output': 'mismatch'}
4457,{'Output': 'mismatch'},{'Output': 'mismatch'}
4458,{'Output': 'mismatch'},{'Output': 'mismatch'}
4459,{'Output': 'mismatch'},{'Output': 'mismatch'}
4460,{'Output': 'mismatch'},{'Output': 'mismatch'}
4461,{'Output': 'mismatch'},{'Output': 'mismatch'}
4462,{'Output': 'mismatch'},{'Output': 'mismatch'}
4463,{'Output': 'mismatch'},{'Output': 'mismatch'}
4464,{'Output': 'mismatch'},{'Output': 'mismatch'}
4465,{'Output': 'mismatch'},{'Output': 'mismatch'}
4466,{'Output': 'match'},{'Output': 'match'}
4467,{'Output': 'mismatch'},{'Output': 'mismatch'}
4468,{'Output': 'mismatch'},{'Output': 'mismatch'}
4469,{'Output': 'mismatch'},{'Output': 'mismatch'}
4470,{'Output': 'mismatch'},{'Output': 'mismatch'}
4471,{'Output': 'mismatch'},{'Output': 'mismatch'}
4472,{'Output': 'mismatch'},{'Output': 'mismatch'}
4473,{'Output': 'mismatch'},{'Output': 'mismatch'}
4474,{'Output': 'mismatch'},{'Output': 'mismatch'}
4475,{'Output': 'mismatch'},{'Output': 'mismatch'}
4476,{'Output': 'mismatch'},{'Output': 'mismatch'}
4477,{'Output': 'mismatch'},{'Output': 'mismatch'}
4478,{'Output': 'mismatch'},{'Output': 'mismatch'}
4479,{'Output': 'mismatch'},{'Output': 'mismatch'}
4480,{'Output': 'mismatch'},{'Output': 'mismatch'}
4481,{'Output': 'mismatch'},{'Output': 'mismatch'}
4482,{'Output': 'mismatch'},{'Output': 'mismatch'}
4483,{'Output': 'mismatch'},{'Output': 'mismatch'}
4484,{'Output': 'mismatch'},{'Output': 'mismatch'}
4485,{'Output': 'mismatch'},{'Output': 'mismatch'}
4486,{'Output': 'mismatch'},{'Output': 'mismatch'}
4487,{'Output': 'mismatch'},{'Output': 'mismatch'}
4488,{'Output': 'mismatch'},{'Output': 'mismatch'}
4489,{'Output': 'mismatch'},{'Output': 'mismatch'}
4490,{'Output': 'mismatch'},{'Output': 'mismatch'}
4491,{'Output': 'mismatch'},{'Output': 'mismatch'}
4492,{'Output': 'mismatch'},{'Output': 'mismatch'}
4493,{'Output': 'mismatch'},{'Output': 'mismatch'}
4494,{'Output': 'mismatch'},{'Output': 'mismatch'}
4495,{'Output': 'mismatch'},{'Output': 'mismatch'}
4496,{'Output': 'mismatch'},{'Output': 'mismatch'}
4497,{'Output': 'mismatch'},{'Output': 'mismatch'}
4498,{'Output': 'mismatch'},{'Output': 'mismatch'}
4499,{'Output': 'mismatch'},{'Output': 'mismatch'}
4500,{'Output': 'mismatch'},{'Output': 'mismatch'}
4501,{'Output': 'mismatch'},{'Output': 'mismatch'}
4502,{'Output': 'mismatch'},{'Output': 'mismatch'}
4503,{'Output': 'mismatch'},{'Output': 'mismatch'}
4504,{'Output': 'mismatch'},{'Output': 'mismatch'}
4505,{'Output': 'mismatch'},{'Output': 'mismatch'}
4506,{'Output': 'mismatch'},{'Output': 'mismatch'}
4507,{'Output': 'mismatch'},{'Output': 'mismatch'}
4508,{'Output': 'mismatch'},{'Output': 'mismatch'}
4509,{'Output': 'mismatch'},{'Output': 'mismatch'}
4510,{'Output': 'mismatch'},{'Output': 'mismatch'}
4511,{'Output': 'mismatch'},{'Output': 'mismatch'}
4512,{'Output': 'mismatch'},{'Output': 'mismatch'}
4513,{'Output': 'mismatch'},{'Output': 'mismatch'}
4514,{'Output': 'mismatch'},{'Output': 'mismatch'}
4515,{'Output': 'mismatch'},{'Output': 'mismatch'}
4516,{'Output': 'mismatch'},{'Output': 'mismatch'}
4517,{'Output': 'mismatch'},{'Output': 'mismatch'}
4518,{'Output': 'mismatch'},{'Output': 'mismatch'}
4519,{'Output': 'mismatch'},{'Output': 'mismatch'}
4520,{'Output': 'mismatch'},{'Output': 'mismatch'}
4521,{'Output': 'mismatch'},{'Output': 'mismatch'}
4522,{'Output': 'mismatch'},{'Output': 'mismatch'}
4523,{'Output': 'mismatch'},{'Output': 'mismatch'}
4524,{'Output': 'mismatch'},{'Output': 'mismatch'}
4525,{'Output': 'mismatch'},{'Output': 'mismatch'}
4526,{'Output': 'mismatch'},{'Output': 'mismatch'}
4527,{'Output': 'mismatch'},{'Output': 'mismatch'}
4528,{'Output': 'mismatch'},{'Output': 'mismatch'}
4529,{'Output': 'mismatch'},{'Output': 'mismatch'}
4530,{'Output': 'mismatch'},{'Output': 'mismatch'}
4531,{'Output': 'mismatch'},{'Output': 'mismatch'}
4532,{'Output': 'mismatch'},{'Output': 'mismatch'}
4533,{'Output': 'mismatch'},{'Output': 'mismatch'}
4534,{'Output': 'mismatch'},{'Output': 'mismatch'}
4535,{'Output': 'mismatch'},{'Output': 'mismatch'}
4536,{'Output': 'mismatch'},{'Output': 'mismatch'}
4537,{'Output': 'mismatch'},{'Output': 'mismatch'}
4538,{'Output': 'mismatch'},{'Output': 'mismatch'}
4539,{'Output': 'mismatch'},{'Output': 'mismatch'}
4540,{'Output': 'mismatch'},{'Output': 'mismatch'}
4541,{'Output': 'mismatch'},{'Output': 'mismatch'}
4542,{'Output': 'mismatch'},{'Output': 'mismatch'}
4543,{'Output': 'mismatch'},{'Output': 'mismatch'}
4544,{'Output': 'mismatch'},{'Output': 'mismatch'}
4545,{'Output': 'mismatch'},{'Output': 'mismatch'}
4546,{'Output': 'mismatch'},{'Output': 'mismatch'}
4547,{'Output': 'mismatch'},{'Output': 'mismatch'}
4548,{'Output': 'mismatch'},{'Output': 'mismatch'}
4549,{'Output': 'mismatch'},{'Output': 'mismatch'}
4550,{'Output': 'mismatch'},{'Output': 'mismatch'}
4551,{'Output': 'mismatch'},{'Output': 'mismatch'}
4552,{'Output': 'mismatch'},{'Output': 'mismatch'}
4553,{'Output': 'mismatch'},{'Output': 'mismatch'}
4554,{'Output': 'mismatch'},{'Output': 'mismatch'}
4555,{'Output': 'mismatch'},{'Output': 'mismatch'}
4556,{'Output': 'mismatch'},{'Output': 'mismatch'}
4557,{'Output': 'mismatch'},{'Output': 'mismatch'}
4558,{'Output': 'mismatch'},{'Output': 'mismatch'}
4559,{'Output': 'mismatch'},{'Output': 'mismatch'}
4560,{'Output': 'mismatch'},{'Output': 'mismatch'}
4561,{'Output': 'mismatch'},{'Output': 'mismatch'}
4562,{'Output': 'mismatch'},{'Output': 'mismatch'}
4563,{'Output': 'mismatch'},{'Output': 'mismatch'}
4564,{'Output': 'mismatch'},{'Output': 'mismatch'}
4565,{'Output': 'mismatch'},{'Output': 'mismatch'}
4566,{'Output': 'mismatch'},{'Output': 'mismatch'}
4567,{'Output': 'mismatch'},{'Output': 'mismatch'}
4568,{'Output': 'mismatch'},{'Output': 'mismatch'}
4569,{'Output': 'mismatch'},{'Output': 'mismatch'}
4570,{'Output': 'mismatch'},{'Output': 'mismatch'}
4571,{'Output': 'mismatch'},{'Output': 'mismatch'}
4572,{'Output': 'mismatch'},{'Output': 'mismatch'}
4573,{'Output': 'mismatch'},{'Output': 'mismatch'}
4574,{'Output': 'mismatch'},{'Output': 'mismatch'}
4575,{'Output': 'mismatch'},{'Output': 'mismatch'}
4576,{'Output': 'mismatch'},{'Output': 'mismatch'}
4577,{'Output': 'mismatch'},{'Output': 'mismatch'}
4578,{'Output': 'mismatch'},{'Output': 'mismatch'}
4579,{'Output': 'mismatch'},{'Output': 'mismatch'}
4580,{'Output': 'mismatch'},{'Output': 'mismatch'}
4581,{'Output': 'mismatch'},{'Output': 'mismatch'}
4582,{'Output': 'mismatch'},{'Output': 'mismatch'}
4583,{'Output': 'mismatch'},{'Output': 'mismatch'}
4584,{'Output': 'match'},{'Output': 'mismatch'}
4585,{'Output': 'mismatch'},{'Output': 'mismatch'}
4586,{'Output': 'mismatch'},{'Output': 'mismatch'}
4587,{'Output': 'mismatch'},{'Output': 'mismatch'}
4588,{'Output': 'mismatch'},{'Output': 'mismatch'}
4589,{'Output': 'mismatch'},{'Output': 'mismatch'}
4590,{'Output': 'mismatch'},{'Output': 'mismatch'}
4591,{'Output': 'mismatch'},{'Output': 'mismatch'}
4592,{'Output': 'mismatch'},{'Output': 'mismatch'}
4593,{'Output': 'mismatch'},{'Output': 'mismatch'}
4594,{'Output': 'mismatch'},{'Output': 'mismatch'}
4595,{'Output': 'mismatch'},{'Output': 'mismatch'}
4596,{'Output': 'mismatch'},{'Output': 'mismatch'}
4597,{'Output': 'mismatch'},{'Output': 'mismatch'}
4598,{'Output': 'mismatch'},{'Output': 'mismatch'}
4599,{'Output': 'mismatch'},{'Output': 'mismatch'}
4600,{'Output': 'mismatch'},{'Output': 'mismatch'}
4601,{'Output': 'mismatch'},{'Output': 'mismatch'}
4602,{'Output': 'mismatch'},{'Output': 'mismatch'}
4603,{'Output': 'mismatch'},{'Output': 'mismatch'}
4604,{'Output': 'mismatch'},{'Output': 'mismatch'}
4605,{'Output': 'mismatch'},{'Output': 'mismatch'}
4606,{'Output': 'mismatch'},{'Output': 'mismatch'}
4607,{'Output': 'mismatch'},{'Output': 'mismatch'}
4608,{'Output': 'mismatch'},{'Output': 'mismatch'}
4609,{'Output': 'mismatch'},{'Output': 'mismatch'}
4610,{'Output': 'mismatch'},{'Output': 'mismatch'}
4611,{'Output': 'mismatch'},{'Output': 'mismatch'}
4612,{'Output': 'mismatch'},{'Output': 'mismatch'}
4613,{'Output': 'mismatch'},{'Output': 'mismatch'}
4614,{'Output': 'mismatch'},{'Output': 'mismatch'}
4615,{'Output': 'mismatch'},{'Output': 'mismatch'}
4616,{'Output': 'mismatch'},{'Output': 'mismatch'}
4617,{'Output': 'mismatch'},{'Output': 'mismatch'}
4618,{'Output': 'mismatch'},{'Output': 'mismatch'}
4619,{'Output': 'mismatch'},{'Output': 'mismatch'}
4620,{'Output': 'mismatch'},{'Output': 'mismatch'}
4621,{'Output': 'mismatch'},{'Output': 'mismatch'}
4622,{'Output': 'mismatch'},{'Output': 'mismatch'}
4623,{'Output': 'mismatch'},{'Output': 'mismatch'}
4624,{'Output': 'mismatch'},{'Output': 'mismatch'}
4625,{'Output': 'mismatch'},{'Output': 'mismatch'}
4626,{'Output': 'mismatch'},{'Output': 'mismatch'}
4627,{'Output': 'mismatch'},{'Output': 'mismatch'}
4628,{'Output': 'mismatch'},{'Output': 'mismatch'}
4629,{'Output': 'mismatch'},{'Output': 'mismatch'}
4630,{'Output': 'mismatch'},{'Output': 'mismatch'}
4631,{'Output': 'mismatch'},{'Output': 'mismatch'}
4632,{'Output': 'mismatch'},{'Output': 'mismatch'}
4633,{'Output': 'mismatch'},{'Output': 'mismatch'}
4634,{'Output': 'mismatch'},{'Output': 'mismatch'}
4635,{'Output': 'mismatch'},{'Output': 'mismatch'}
4636,{'Output': 'mismatch'},{'Output': 'mismatch'}
4637,{'Output': 'mismatch'},{'Output': 'mismatch'}
4638,{'Output': 'mismatch'},{'Output': 'mismatch'}
4639,{'Output': 'mismatch'},{'Output': 'mismatch'}
4640,{'Output': 'mismatch'},{'Output': 'mismatch'}
4641,{'Output': 'mismatch'},{'Output': 'mismatch'}
4642,{'Output': 'mismatch'},{'Output': 'mismatch'}
4643,{'Output': 'mismatch'},{'Output': 'mismatch'}
4644,{'Output': 'mismatch'},{'Output': 'mismatch'}
4645,{'Output': 'mismatch'},{'Output': 'mismatch'}
4646,{'Output': 'mismatch'},{'Output': 'mismatch'}
4647,{'Output': 'mismatch'},{'Output': 'mismatch'}
4648,{'Output': 'mismatch'},{'Output': 'mismatch'}
4649,{'Output': 'mismatch'},{'Output': 'mismatch'}
4650,{'Output': 'mismatch'},{'Output': 'mismatch'}
4651,{'Output': 'mismatch'},{'Output': 'mismatch'}
4652,{'Output': 'mismatch'},{'Output': 'mismatch'}
4653,{'Output': 'mismatch'},{'Output': 'mismatch'}
4654,{'Output': 'mismatch'},{'Output': 'mismatch'}
4655,{'Output': 'mismatch'},{'Output': 'mismatch'}
4656,{'Output': 'mismatch'},{'Output': 'mismatch'}
4657,{'Output': 'mismatch'},{'Output': 'mismatch'}
4658,{'Output': 'mismatch'},{'Output': 'mismatch'}
4659,{'Output': 'mismatch'},{'Output': 'mismatch'}
4660,{'Output': 'mismatch'},{'Output': 'mismatch'}
4661,{'Output': 'mismatch'},{'Output': 'mismatch'}
4662,{'Output': 'mismatch'},{'Output': 'match'}
4663,{'Output': 'mismatch'},{'Output': 'mismatch'}
4664,{'Output': 'mismatch'},{'Output': 'mismatch'}
4665,{'Output': 'mismatch'},{'Output': 'mismatch'}
4666,{'Output': 'mismatch'},{'Output': 'mismatch'}
4667,{'Output': 'mismatch'},{'Output': 'mismatch'}
4668,{'Output': 'mismatch'},{'Output': 'mismatch'}
4669,{'Output': 'mismatch'},{'Output': 'mismatch'}
4670,{'Output': 'mismatch'},{'Output': 'mismatch'}
4671,{'Output': 'mismatch'},{'Output': 'mismatch'}
4672,{'Output': 'mismatch'},{'Output': 'mismatch'}
4673,{'Output': 'mismatch'},{'Output': 'mismatch'}
4674,{'Output': 'mismatch'},{'Output': 'mismatch'}
4675,{'Output': 'mismatch'},{'Output': 'mismatch'}
4676,{'Output': 'mismatch'},{'Output': 'mismatch'}
4677,{'Output': 'mismatch'},{'Output': 'mismatch'}
4678,{'Output': 'mismatch'},{'Output': 'mismatch'}
4679,{'Output': 'mismatch'},{'Output': 'mismatch'}
4680,{'Output': 'mismatch'},{'Output': 'mismatch'}
4681,{'Output': 'mismatch'},{'Output': 'mismatch'}
4682,{'Output': 'mismatch'},{'Output': 'mismatch'}
4683,{'Output': 'mismatch'},{'Output': 'mismatch'}
4684,{'Output': 'mismatch'},{'Output': 'mismatch'}
4685,{'Output': 'mismatch'},{'Output': 'mismatch'}
4686,{'Output': 'mismatch'},{'Output': 'mismatch'}
4687,{'Output': 'mismatch'},{'Output': 'mismatch'}
4688,{'Output': 'mismatch'},{'Output': 'mismatch'}
4689,{'Output': 'mismatch'},{'Output': 'mismatch'}
4690,{'Output': 'mismatch'},{'Output': 'mismatch'}
4691,{'Output': 'mismatch'},{'Output': 'mismatch'}
4692,{'Output': 'mismatch'},{'Output': 'mismatch'}
4693,{'Output': 'mismatch'},{'Output': 'mismatch'}
4694,{'Output': 'mismatch'},{'Output': 'mismatch'}
4695,{'Output': 'mismatch'},{'Output': 'mismatch'}
4696,{'Output': 'mismatch'},{'Output': 'mismatch'}
4697,{'Output': 'mismatch'},{'Output': 'mismatch'}
4698,{'Output': 'mismatch'},{'Output': 'mismatch'}
4699,{'Output': 'mismatch'},{'Output': 'mismatch'}
4700,{'Output': 'mismatch'},{'Output': 'mismatch'}
4701,{'Output': 'mismatch'},{'Output': 'mismatch'}
4702,{'Output': 'mismatch'},{'Output': 'mismatch'}
4703,{'Output': 'mismatch'},{'Output': 'mismatch'}
4704,{'Output': 'mismatch'},{'Output': 'mismatch'}
4705,{'Output': 'mismatch'},{'Output': 'mismatch'}
4706,{'Output': 'mismatch'},{'Output': 'mismatch'}
4707,{'Output': 'mismatch'},{'Output': 'mismatch'}
4708,{'Output': 'mismatch'},{'Output': 'mismatch'}
4709,{'Output': 'mismatch'},{'Output': 'mismatch'}
4710,{'Output': 'mismatch'},{'Output': 'mismatch'}
4711,{'Output': 'mismatch'},{'Output': 'mismatch'}
4712,{'Output': 'mismatch'},{'Output': 'mismatch'}
4713,{'Output': 'mismatch'},{'Output': 'mismatch'}
4714,{'Output': 'mismatch'},{'Output': 'mismatch'}
4715,{'Output': 'mismatch'},{'Output': 'mismatch'}
4716,{'Output': 'mismatch'},{'Output': 'mismatch'}
4717,{'Output': 'mismatch'},{'Output': 'mismatch'}
4718,{'Output': 'mismatch'},{'Output': 'mismatch'}
4719,{'Output': 'mismatch'},{'Output': 'mismatch'}
4720,{'Output': 'mismatch'},{'Output': 'mismatch'}
4721,{'Output': 'mismatch'},{'Output': 'mismatch'}
4722,{'Output': 'mismatch'},{'Output': 'mismatch'}
4723,{'Output': 'mismatch'},{'Output': 'mismatch'}
4724,{'Output': 'mismatch'},{'Output': 'mismatch'}
4725,{'Output': 'mismatch'},{'Output': 'mismatch'}
4726,{'Output': 'mismatch'},{'Output': 'mismatch'}
4727,{'Output': 'mismatch'},{'Output': 'mismatch'}
4728,{'Output': 'mismatch'},{'Output': 'mismatch'}
4729,{'Output': 'mismatch'},{'Output': 'mismatch'}
4730,{'Output': 'mismatch'},{'Output': 'mismatch'}
4731,{'Output': 'mismatch'},{'Output': 'mismatch'}
4732,{'Output': 'mismatch'},{'Output': 'mismatch'}
4733,{'Output': 'mismatch'},{'Output': 'mismatch'}
4734,{'Output': 'mismatch'},{'Output': 'mismatch'}
4735,{'Output': 'mismatch'},{'Output': 'mismatch'}
4736,{'Output': 'mismatch'},{'Output': 'mismatch'}
4737,{'Output': 'mismatch'},{'Output': 'mismatch'}
4738,{'Output': 'mismatch'},{'Output': 'mismatch'}
4739,{'Output': 'mismatch'},{'Output': 'mismatch'}
4740,{'Output': 'mismatch'},{'Output': 'mismatch'}
4741,{'Output': 'match'},{'Output': 'match'}
4742,{'Output': 'mismatch'},{'Output': 'mismatch'}
4743,{'Output': 'mismatch'},{'Output': 'mismatch'}
4744,{'Output': 'mismatch'},{'Output': 'mismatch'}
4745,{'Output': 'mismatch'},{'Output': 'mismatch'}
4746,{'Output': 'mismatch'},{'Output': 'mismatch'}
4747,{'Output': 'mismatch'},{'Output': 'mismatch'}
4748,{'Output': 'mismatch'},{'Output': 'mismatch'}
4749,{'Output': 'mismatch'},{'Output': 'mismatch'}
4750,{'Output': 'mismatch'},{'Output': 'mismatch'}
4751,{'Output': 'mismatch'},{'Output': 'mismatch'}
4752,{'Output': 'mismatch'},{'Output': 'mismatch'}
4753,{'Output': 'mismatch'},{'Output': 'mismatch'}
4754,{'Output': 'mismatch'},{'Output': 'mismatch'}
4755,{'Output': 'mismatch'},{'Output': 'mismatch'}
4756,{'Output': 'mismatch'},{'Output': 'mismatch'}
4757,{'Output': 'mismatch'},{'Output': 'mismatch'}
4758,{'Output': 'mismatch'},{'Output': 'mismatch'}
4759,{'Output': 'mismatch'},{'Output': 'mismatch'}
4760,{'Output': 'mismatch'},{'Output': 'mismatch'}
4761,{'Output': 'mismatch'},{'Output': 'mismatch'}
4762,{'Output': 'mismatch'},{'Output': 'mismatch'}
4763,{'Output': 'mismatch'},{'Output': 'mismatch'}
4764,{'Output': 'mismatch'},{'Output': 'mismatch'}
4765,{'Output': 'mismatch'},{'Output': 'mismatch'}
4766,{'Output': 'mismatch'},{'Output': 'mismatch'}
4767,{'Output': 'mismatch'},{'Output': 'mismatch'}
4768,{'Output': 'mismatch'},{'Output': 'mismatch'}
4769,{'Output': 'mismatch'},{'Output': 'mismatch'}
4770,{'Output': 'mismatch'},{'Output': 'mismatch'}
4771,{'Output': 'mismatch'},{'Output': 'mismatch'}
4772,{'Output': 'mismatch'},{'Output': 'mismatch'}
4773,{'Output': 'mismatch'},{'Output': 'mismatch'}
4774,{'Output': 'mismatch'},{'Output': 'mismatch'}
4775,{'Output': 'mismatch'},{'Output': 'mismatch'}
4776,{'Output': 'mismatch'},{'Output': 'mismatch'}
4777,{'Output': 'mismatch'},{'Output': 'mismatch'}
4778,{'Output': 'mismatch'},{'Output': 'mismatch'}
4779,{'Output': 'mismatch'},{'Output': 'mismatch'}
4780,{'Output': 'mismatch'},{'Output': 'mismatch'}
4781,{'Output': 'mismatch'},{'Output': 'mismatch'}
4782,{'Output': 'mismatch'},{'Output': 'mismatch'}
4783,{'Output': 'mismatch'},{'Output': 'mismatch'}
4784,{'Output': 'mismatch'},{'Output': 'mismatch'}
4785,{'Output': 'mismatch'},{'Output': 'mismatch'}
4786,{'Output': 'mismatch'},{'Output': 'mismatch'}
4787,{'Output': 'mismatch'},{'Output': 'mismatch'}
4788,{'Output': 'mismatch'},{'Output': 'mismatch'}
4789,{'Output': 'mismatch'},{'Output': 'mismatch'}
4790,{'Output': 'mismatch'},{'Output': 'mismatch'}
4791,{'Output': 'mismatch'},{'Output': 'mismatch'}
4792,{'Output': 'mismatch'},{'Output': 'mismatch'}
4793,{'Output': 'mismatch'},{'Output': 'mismatch'}
4794,{'Output': 'mismatch'},{'Output': 'mismatch'}
4795,{'Output': 'mismatch'},{'Output': 'mismatch'}
4796,{'Output': 'mismatch'},{'Output': 'mismatch'}
4797,{'Output': 'mismatch'},{'Output': 'mismatch'}
4798,{'Output': 'mismatch'},{'Output': 'mismatch'}
4799,{'Output': 'mismatch'},{'Output': 'mismatch'}
4800,{'Output': 'mismatch'},{'Output': 'mismatch'}
4801,{'Output': 'mismatch'},{'Output': 'mismatch'}
4802,{'Output': 'mismatch'},{'Output': 'mismatch'}
4803,{'Output': 'mismatch'},{'Output': 'mismatch'}
4804,{'Output': 'mismatch'},{'Output': 'mismatch'}
4805,{'Output': 'mismatch'},{'Output': 'mismatch'}
4806,{'Output': 'mismatch'},{'Output': 'mismatch'}
4807,{'Output': 'mismatch'},{'Output': 'mismatch'}
4808,{'Output': 'mismatch'},{'Output': 'mismatch'}
4809,{'Output': 'mismatch'},{'Output': 'mismatch'}
4810,{'Output': 'mismatch'},{'Output': 'mismatch'}
4811,{'Output': 'mismatch'},{'Output': 'mismatch'}
4812,{'Output': 'mismatch'},{'Output': 'mismatch'}
4813,{'Output': 'mismatch'},{'Output': 'mismatch'}
4814,{'Output': 'mismatch'},{'Output': 'mismatch'}
4815,{'Output': 'mismatch'},{'Output': 'mismatch'}
4816,{'Output': 'mismatch'},{'Output': 'mismatch'}
4817,{'Output': 'mismatch'},{'Output': 'mismatch'}
4818,{'Output': 'mismatch'},{'Output': 'mismatch'}
4819,{'Output': 'mismatch'},{'Output': 'mismatch'}
4820,{'Output': 'mismatch'},{'Output': 'mismatch'}
4821,{'Output': 'mismatch'},{'Output': 'mismatch'}
4822,{'Output': 'mismatch'},{'Output': 'mismatch'}
4823,{'Output': 'mismatch'},{'Output': 'mismatch'}
4824,{'Output': 'mismatch'},{'Output': 'mismatch'}
4825,{'Output': 'mismatch'},{'Output': 'mismatch'}
4826,{'Output': 'mismatch'},{'Output': 'mismatch'}
4827,{'Output': 'mismatch'},{'Output': 'mismatch'}
4828,{'Output': 'mismatch'},{'Output': 'mismatch'}
4829,{'Output': 'mismatch'},{'Output': 'mismatch'}
4830,{'Output': 'mismatch'},{'Output': 'mismatch'}
4831,{'Output': 'mismatch'},{'Output': 'mismatch'}
4832,{'Output': 'mismatch'},{'Output': 'mismatch'}
4833,{'Output': 'mismatch'},{'Output': 'mismatch'}
4834,{'Output': 'mismatch'},{'Output': 'mismatch'}
4835,{'Output': 'mismatch'},{'Output': 'mismatch'}
4836,{'Output': 'mismatch'},{'Output': 'mismatch'}
4837,{'Output': 'mismatch'},{'Output': 'mismatch'}
4838,{'Output': 'mismatch'},{'Output': 'mismatch'}
4839,{'Output': 'mismatch'},{'Output': 'mismatch'}
4840,{'Output': 'mismatch'},{'Output': 'mismatch'}
4841,{'Output': 'mismatch'},{'Output': 'mismatch'}
4842,{'Output': 'mismatch'},{'Output': 'mismatch'}
4843,{'Output': 'mismatch'},{'Output': 'mismatch'}
4844,{'Output': 'mismatch'},{'Output': 'mismatch'}
4845,{'Output': 'mismatch'},{'Output': 'mismatch'}
4846,{'Output': 'mismatch'},{'Output': 'mismatch'}
4847,{'Output': 'mismatch'},{'Output': 'mismatch'}
4848,{'Output': 'mismatch'},{'Output': 'mismatch'}
4849,{'Output': 'mismatch'},{'Output': 'mismatch'}
4850,{'Output': 'mismatch'},{'Output': 'mismatch'}
4851,{'Output': 'mismatch'},{'Output': 'mismatch'}
4852,{'Output': 'mismatch'},{'Output': 'mismatch'}
4853,{'Output': 'mismatch'},{'Output': 'mismatch'}
4854,{'Output': 'mismatch'},{'Output': 'mismatch'}
4855,{'Output': 'mismatch'},{'Output': 'mismatch'}
4856,{'Output': 'mismatch'},{'Output': 'mismatch'}
4857,{'Output': 'mismatch'},{'Output': 'mismatch'}
4858,{'Output': 'mismatch'},{'Output': 'mismatch'}
4859,{'Output': 'match'},{'Output': 'mismatch'}
4860,{'Output': 'mismatch'},{'Output': 'mismatch'}
4861,{'Output': 'mismatch'},{'Output': 'mismatch'}
4862,{'Output': 'mismatch'},{'Output': 'mismatch'}
4863,{'Output': 'mismatch'},{'Output': 'mismatch'}
4864,{'Output': 'mismatch'},{'Output': 'mismatch'}
4865,{'Output': 'mismatch'},{'Output': 'mismatch'}
4866,{'Output': 'mismatch'},{'Output': 'mismatch'}
4867,{'Output': 'mismatch'},{'Output': 'mismatch'}
4868,{'Output': 'mismatch'},{'Output': 'mismatch'}
4869,{'Output': 'mismatch'},{'Output': 'mismatch'}
4870,{'Output': 'mismatch'},{'Output': 'mismatch'}
4871,{'Output': 'mismatch'},{'Output': 'mismatch'}
4872,{'Output': 'mismatch'},{'Output': 'mismatch'}
4873,{'Output': 'mismatch'},{'Output': 'mismatch'}
4874,{'Output': 'mismatch'},{'Output': 'mismatch'}
4875,{'Output': 'mismatch'},{'Output': 'mismatch'}
4876,{'Output': 'mismatch'},{'Output': 'mismatch'}
4877,{'Output': 'mismatch'},{'Output': 'mismatch'}
4878,{'Output': 'mismatch'},{'Output': 'mismatch'}
4879,{'Output': 'mismatch'},{'Output': 'mismatch'}
4880,{'Output': 'mismatch'},{'Output': 'mismatch'}
4881,{'Output': 'mismatch'},{'Output': 'mismatch'}
4882,{'Output': 'mismatch'},{'Output': 'mismatch'}
4883,{'Output': 'mismatch'},{'Output': 'mismatch'}
4884,{'Output': 'mismatch'},{'Output': 'mismatch'}
4885,{'Output': 'mismatch'},{'Output': 'mismatch'}
4886,{'Output': 'mismatch'},{'Output': 'mismatch'}
4887,{'Output': 'mismatch'},{'Output': 'mismatch'}
4888,{'Output': 'mismatch'},{'Output': 'mismatch'}
4889,{'Output': 'mismatch'},{'Output': 'mismatch'}
4890,{'Output': 'mismatch'},{'Output': 'mismatch'}
4891,{'Output': 'mismatch'},{'Output': 'mismatch'}
4892,{'Output': 'mismatch'},{'Output': 'mismatch'}
4893,{'Output': 'mismatch'},{'Output': 'mismatch'}
4894,{'Output': 'mismatch'},{'Output': 'mismatch'}
4895,{'Output': 'mismatch'},{'Output': 'mismatch'}
4896,{'Output': 'mismatch'},{'Output': 'mismatch'}
4897,{'Output': 'mismatch'},{'Output': 'mismatch'}
4898,{'Output': 'mismatch'},{'Output': 'mismatch'}
4899,{'Output': 'mismatch'},{'Output': 'mismatch'}
4900,{'Output': 'mismatch'},{'Output': 'mismatch'}
4901,{'Output': 'mismatch'},{'Output': 'mismatch'}
4902,{'Output': 'mismatch'},{'Output': 'mismatch'}
4903,{'Output': 'mismatch'},{'Output': 'mismatch'}
4904,{'Output': 'mismatch'},{'Output': 'mismatch'}
4905,{'Output': 'mismatch'},{'Output': 'mismatch'}
4906,{'Output': 'mismatch'},{'Output': 'mismatch'}
4907,{'Output': 'mismatch'},{'Output': 'mismatch'}
4908,{'Output': 'mismatch'},{'Output': 'mismatch'}
4909,{'Output': 'mismatch'},{'Output': 'mismatch'}
4910,{'Output': 'mismatch'},{'Output': 'mismatch'}
4911,{'Output': 'mismatch'},{'Output': 'mismatch'}
4912,{'Output': 'mismatch'},{'Output': 'mismatch'}
4913,{'Output': 'mismatch'},{'Output': 'mismatch'}
4914,{'Output': 'mismatch'},{'Output': 'mismatch'}
4915,{'Output': 'mismatch'},{'Output': 'mismatch'}
4916,{'Output': 'mismatch'},{'Output': 'mismatch'}
4917,{'Output': 'mismatch'},{'Output': 'mismatch'}
4918,{'Output': 'mismatch'},{'Output': 'mismatch'}
4919,{'Output': 'mismatch'},{'Output': 'mismatch'}
4920,{'Output': 'mismatch'},{'Output': 'mismatch'}
4921,{'Output': 'mismatch'},{'Output': 'mismatch'}
4922,{'Output': 'mismatch'},{'Output': 'mismatch'}
4923,{'Output': 'mismatch'},{'Output': 'mismatch'}
4924,{'Output': 'mismatch'},{'Output': 'mismatch'}
4925,{'Output': 'mismatch'},{'Output': 'mismatch'}
4926,{'Output': 'mismatch'},{'Output': 'mismatch'}
4927,{'Output': 'mismatch'},{'Output': 'mismatch'}
4928,{'Output': 'mismatch'},{'Output': 'mismatch'}
4929,{'Output': 'mismatch'},{'Output': 'mismatch'}
4930,{'Output': 'mismatch'},{'Output': 'mismatch'}
4931,{'Output': 'mismatch'},{'Output': 'mismatch'}
4932,{'Output': 'mismatch'},{'Output': 'mismatch'}
4933,{'Output': 'mismatch'},{'Output': 'mismatch'}
4934,{'Output': 'mismatch'},{'Output': 'mismatch'}
4935,{'Output': 'mismatch'},{'Output': 'mismatch'}
4936,{'Output': 'mismatch'},{'Output': 'mismatch'}
4937,{'Output': 'mismatch'},{'Output': 'mismatch'}
4938,{'Output': 'mismatch'},{'Output': 'mismatch'}
4939,{'Output': 'mismatch'},{'Output': 'mismatch'}
4940,{'Output': 'mismatch'},{'Output': 'mismatch'}
4941,{'Output': 'mismatch'},{'Output': 'mismatch'}
4942,{'Output': 'mismatch'},{'Output': 'mismatch'}
4943,{'Output': 'mismatch'},{'Output': 'mismatch'}
4944,{'Output': 'mismatch'},{'Output': 'mismatch'}
4945,{'Output': 'mismatch'},{'Output': 'mismatch'}
4946,{'Output': 'mismatch'},{'Output': 'mismatch'}
4947,{'Output': 'mismatch'},{'Output': 'mismatch'}
4948,{'Output': 'mismatch'},{'Output': 'mismatch'}
4949,{'Output': 'mismatch'},{'Output': 'mismatch'}
4950,{'Output': 'mismatch'},{'Output': 'mismatch'}
4951,{'Output': 'mismatch'},{'Output': 'mismatch'}
4952,{'Output': 'mismatch'},{'Output': 'mismatch'}
4953,{'Output': 'mismatch'},{'Output': 'mismatch'}
4954,{'Output': 'mismatch'},{'Output': 'mismatch'}
4955,{'Output': 'mismatch'},{'Output': 'mismatch'}
4956,{'Output': 'mismatch'},{'Output': 'mismatch'}
4957,{'Output': 'mismatch'},{'Output': 'mismatch'}
4958,{'Output': 'mismatch'},{'Output': 'mismatch'}
4959,{'Output': 'mismatch'},{'Output': 'mismatch'}
4960,{'Output': 'mismatch'},{'Output': 'mismatch'}
4961,{'Output': 'mismatch'},{'Output': 'mismatch'}
4962,{'Output': 'mismatch'},{'Output': 'mismatch'}
4963,{'Output': 'mismatch'},{'Output': 'mismatch'}
4964,{'Output': 'mismatch'},{'Output': 'mismatch'}
4965,{'Output': 'mismatch'},{'Output': 'mismatch'}
4966,{'Output': 'mismatch'},{'Output': 'mismatch'}
4967,{'Output': 'mismatch'},{'Output': 'mismatch'}
4968,{'Output': 'mismatch'},{'Output': 'mismatch'}
4969,{'Output': 'mismatch'},{'Output': 'mismatch'}
4970,{'Output': 'mismatch'},{'Output': 'mismatch'}
4971,{'Output': 'mismatch'},{'Output': 'mismatch'}
4972,{'Output': 'mismatch'},{'Output': 'mismatch'}
4973,{'Output': 'mismatch'},{'Output': 'mismatch'}
4974,{'Output': 'mismatch'},{'Output': 'mismatch'}
4975,{'Output': 'mismatch'},{'Output': 'mismatch'}
4976,{'Output': 'mismatch'},{'Output': 'mismatch'}
4977,{'Output': 'mismatch'},{'Output': 'mismatch'}
4978,{'Output': 'mismatch'},{'Output': 'mismatch'}
4979,{'Output': 'mismatch'},{'Output': 'mismatch'}
4980,{'Output': 'mismatch'},{'Output': 'mismatch'}
4981,{'Output': 'mismatch'},{'Output': 'mismatch'}
4982,{'Output': 'mismatch'},{'Output': 'mismatch'}
4983,{'Output': 'mismatch'},{'Output': 'mismatch'}
4984,{'Output': 'mismatch'},{'Output': 'mismatch'}
4985,{'Output': 'mismatch'},{'Output': 'mismatch'}
4986,{'Output': 'mismatch'},{'Output': 'mismatch'}
4987,{'Output': 'mismatch'},{'Output': 'mismatch'}
4988,{'Output': 'mismatch'},{'Output': 'mismatch'}
4989,{'Output': 'mismatch'},{'Output': 'mismatch'}
4990,{'Output': 'mismatch'},{'Output': 'mismatch'}
4991,{'Output': 'mismatch'},{'Output': 'mismatch'}
4992,{'Output': 'mismatch'},{'Output': 'mismatch'}
4993,{'Output': 'mismatch'},{'Output': 'mismatch'}
4994,{'Output': 'mismatch'},{'Output': 'mismatch'}
4995,{'Output': 'mismatch'},{'Output': 'mismatch'}
4996,{'Output': 'mismatch'},{'Output': 'mismatch'}
4997,{'Output': 'mismatch'},{'Output': 'mismatch'}
4998,{'Output': 'mismatch'},{'Output': 'mismatch'}
4999,{'Output': 'mismatch'},{'Output': 'mismatch'}
5000,{'Output': 'mismatch'},{'Output': 'mismatch'}
5001,{'Output': 'mismatch'},{'Output': 'mismatch'}
5002,{'Output': 'mismatch'},{'Output': 'mismatch'}
5003,{'Output': 'mismatch'},{'Output': 'mismatch'}
5004,{'Output': 'mismatch'},{'Output': 'mismatch'}
5005,{'Output': 'mismatch'},{'Output': 'mismatch'}
5006,{'Output': 'mismatch'},{'Output': 'mismatch'}
5007,{'Output': 'mismatch'},{'Output': 'mismatch'}
5008,{'Output': 'mismatch'},{'Output': 'mismatch'}
5009,{'Output': 'mismatch'},{'Output': 'mismatch'}
5010,{'Output': 'mismatch'},{'Output': 'mismatch'}
5011,{'Output': 'mismatch'},{'Output': 'mismatch'}
5012,{'Output': 'mismatch'},{'Output': 'mismatch'}
5013,{'Output': 'mismatch'},{'Output': 'mismatch'}
5014,{'Output': 'mismatch'},{'Output': 'mismatch'}
5015,{'Output': 'mismatch'},{'Output': 'mismatch'}
5016,{'Output': 'mismatch'},{'Output': 'mismatch'}
5017,{'Output': 'mismatch'},{'Output': 'mismatch'}
5018,{'Output': 'mismatch'},{'Output': 'mismatch'}
5019,{'Output': 'mismatch'},{'Output': 'mismatch'}
5020,{'Output': 'mismatch'},{'Output': 'mismatch'}
5021,{'Output': 'mismatch'},{'Output': 'mismatch'}
5022,{'Output': 'mismatch'},{'Output': 'mismatch'}
5023,{'Output': 'mismatch'},{'Output': 'mismatch'}
5024,{'Output': 'mismatch'},{'Output': 'mismatch'}
5025,{'Output': 'mismatch'},{'Output': 'mismatch'}
5026,{'Output': 'mismatch'},{'Output': 'mismatch'}
5027,{'Output': 'mismatch'},{'Output': 'mismatch'}
5028,{'Output': 'mismatch'},{'Output': 'mismatch'}
5029,{'Output': 'mismatch'},{'Output': 'mismatch'}
5030,{'Output': 'mismatch'},{'Output': 'mismatch'}
5031,{'Output': 'mismatch'},{'Output': 'mismatch'}
5032,{'Output': 'mismatch'},{'Output': 'mismatch'}
5033,{'Output': 'mismatch'},{'Output': 'mismatch'}
5034,{'Output': 'mismatch'},{'Output': 'mismatch'}
5035,{'Output': 'mismatch'},{'Output': 'mismatch'}
5036,{'Output': 'mismatch'},{'Output': 'mismatch'}
5037,{'Output': 'mismatch'},{'Output': 'mismatch'}
5038,{'Output': 'mismatch'},{'Output': 'mismatch'}
5039,{'Output': 'mismatch'},{'Output': 'mismatch'}
5040,{'Output': 'mismatch'},{'Output': 'mismatch'}
5041,{'Output': 'mismatch'},{'Output': 'mismatch'}
5042,{'Output': 'mismatch'},{'Output': 'mismatch'}
5043,{'Output': 'mismatch'},{'Output': 'mismatch'}
5044,{'Output': 'mismatch'},{'Output': 'mismatch'}
5045,{'Output': 'mismatch'},{'Output': 'mismatch'}
5046,{'Output': 'mismatch'},{'Output': 'mismatch'}
5047,{'Output': 'mismatch'},{'Output': 'mismatch'}
5048,{'Output': 'mismatch'},{'Output': 'mismatch'}
5049,{'Output': 'mismatch'},{'Output': 'mismatch'}
5050,{'Output': 'mismatch'},{'Output': 'mismatch'}
5051,{'Output': 'mismatch'},{'Output': 'mismatch'}
5052,{'Output': 'mismatch'},{'Output': 'mismatch'}
5053,{'Output': 'mismatch'},{'Output': 'mismatch'}
5054,{'Output': 'mismatch'},{'Output': 'mismatch'}
5055,{'Output': 'mismatch'},{'Output': 'mismatch'}
5056,{'Output': 'mismatch'},{'Output': 'mismatch'}
5057,{'Output': 'mismatch'},{'Output': 'mismatch'}
5058,{'Output': 'mismatch'},{'Output': 'mismatch'}
5059,{'Output': 'mismatch'},{'Output': 'mismatch'}
5060,{'Output': 'mismatch'},{'Output': 'mismatch'}
5061,{'Output': 'mismatch'},{'Output': 'mismatch'}
5062,{'Output': 'mismatch'},{'Output': 'mismatch'}
5063,{'Output': 'mismatch'},{'Output': 'mismatch'}
5064,{'Output': 'mismatch'},{'Output': 'mismatch'}
5065,{'Output': 'mismatch'},{'Output': 'mismatch'}
5066,{'Output': 'mismatch'},{'Output': 'mismatch'}
5067,{'Output': 'mismatch'},{'Output': 'mismatch'}
5068,{'Output': 'mismatch'},{'Output': 'mismatch'}
5069,{'Output': 'mismatch'},{'Output': 'mismatch'}
5070,{'Output': 'mismatch'},{'Output': 'mismatch'}
5071,{'Output': 'mismatch'},{'Output': 'mismatch'}
5072,{'Output': 'mismatch'},{'Output': 'mismatch'}
5073,{'Output': 'mismatch'},{'Output': 'mismatch'}
5074,{'Output': 'mismatch'},{'Output': 'mismatch'}
5075,{'Output': 'mismatch'},{'Output': 'mismatch'}
5076,{'Output': 'mismatch'},{'Output': 'mismatch'}
5077,{'Output': 'mismatch'},{'Output': 'mismatch'}
5078,{'Output': 'mismatch'},{'Output': 'mismatch'}
5079,{'Output': 'mismatch'},{'Output': 'mismatch'}
5080,{'Output': 'mismatch'},{'Output': 'mismatch'}
5081,{'Output': 'mismatch'},{'Output': 'mismatch'}
5082,{'Output': 'mismatch'},{'Output': 'mismatch'}
5083,{'Output': 'mismatch'},{'Output': 'mismatch'}
5084,{'Output': 'mismatch'},{'Output': 'mismatch'}
5085,{'Output': 'mismatch'},{'Output': 'mismatch'}
5086,{'Output': 'mismatch'},{'Output': 'mismatch'}
5087,{'Output': 'mismatch'},{'Output': 'mismatch'}
5088,{'Output': 'mismatch'},{'Output': 'mismatch'}
5089,{'Output': 'mismatch'},{'Output': 'mismatch'}
5090,{'Output': 'mismatch'},{'Output': 'mismatch'}
5091,{'Output': 'mismatch'},{'Output': 'mismatch'}
5092,{'Output': 'mismatch'},{'Output': 'mismatch'}
5093,{'Output': 'mismatch'},{'Output': 'mismatch'}
5094,{'Output': 'mismatch'},{'Output': 'mismatch'}
5095,{'Output': 'mismatch'},{'Output': 'mismatch'}
5096,{'Output': 'mismatch'},{'Output': 'mismatch'}
5097,{'Output': 'mismatch'},{'Output': 'mismatch'}
5098,{'Output': 'mismatch'},{'Output': 'mismatch'}
5099,{'Output': 'mismatch'},{'Output': 'mismatch'}
5100,{'Output': 'mismatch'},{'Output': 'mismatch'}
5101,{'Output': 'mismatch'},{'Output': 'mismatch'}
5102,{'Output': 'mismatch'},{'Output': 'mismatch'}
5103,{'Output': 'mismatch'},{'Output': 'mismatch'}
5104,{'Output': 'mismatch'},{'Output': 'mismatch'}
5105,{'Output': 'mismatch'},{'Output': 'mismatch'}
5106,{'Output': 'mismatch'},{'Output': 'mismatch'}
5107,{'Output': 'mismatch'},{'Output': 'mismatch'}
5108,{'Output': 'mismatch'},{'Output': 'mismatch'}
5109,{'Output': 'mismatch'},{'Output': 'mismatch'}
5110,{'Output': 'mismatch'},{'Output': 'mismatch'}
5111,{'Output': 'mismatch'},{'Output': 'mismatch'}
5112,{'Output': 'mismatch'},{'Output': 'mismatch'}
5113,{'Output': 'mismatch'},{'Output': 'mismatch'}
5114,{'Output': 'mismatch'},{'Output': 'mismatch'}
5115,{'Output': 'mismatch'},{'Output': 'mismatch'}
5116,{'Output': 'mismatch'},{'Output': 'mismatch'}
5117,{'Output': 'mismatch'},{'Output': 'mismatch'}
5118,{'Output': 'mismatch'},{'Output': 'mismatch'}
5119,{'Output': 'mismatch'},{'Output': 'mismatch'}
5120,{'Output': 'mismatch'},{'Output': 'mismatch'}
5121,{'Output': 'mismatch'},{'Output': 'mismatch'}
5122,{'Output': 'mismatch'},{'Output': 'mismatch'}
5123,{'Output': 'mismatch'},{'Output': 'mismatch'}
5124,{'Output': 'mismatch'},{'Output': 'mismatch'}
5125,{'Output': 'mismatch'},{'Output': 'mismatch'}
5126,{'Output': 'mismatch'},{'Output': 'mismatch'}
