{
    "epoch": 3.0,
    "total_flos": 4.889496533336064e+16,
    "train_loss": 0.31968399342419446,
    "train_runtime": 160.8665,
    "train_samples_per_second": 6.583,
    "train_steps_per_second": 0.429
}