{
    "epoch": 5.0,
    "total_flos": 8.578180211403653e+17,
    "train_loss": 0.16201175082490216,
    "train_runtime": 719.855,
    "train_samples_per_second": 27.068,
    "train_steps_per_second": 0.424
}