{
    "epoch": 5.0,
    "total_flos": 3.937525342939382e+17,
    "train_loss": 0.2818854646757245,
    "train_runtime": 391.4161,
    "train_samples_per_second": 11.126,
    "train_steps_per_second": 0.179
}