,output,predict
0,"{""article_jcreated_at"": ""1/1/71""}","{""article_jcreated_at"": ""1/71/01""}"
1,"{""article_jvolumn"": ""-1""}","{""article_jvolumn"": ""-1""}"
2,"{""article_jissue"": ""-1""}","{""article_jissue"": ""-1""}"
3,"{""article_jcreated_at"": ""2/15/04""}","{""article_jcreated_at"": ""2/15/04""}"
4,"{""article_jcreated_at"": ""1/6/12""}","{""article_jcreated_at"": ""1/6/12""}"
5,"{""article_jcreated_at"": ""1/13/01""}","{""article_jcreated_at"": ""1/13/01""}"
6,"{""article_jcreated_at"": ""1/15/10""}","{""article_jcreated_at"": ""1/15/10""}"
7,"{""article_jcreated_at"": ""1/9/01""}","{""article_jcreated_at"": ""1/9/01""}"
8,"{""article_jcreated_at"": ""1/1/73""}","{""article_jcreated_at"": ""1/73/01""}"
9,"{""article_jcreated_at"": ""1/1/07""}","{""article_jcreated_at"": ""1/1/07""}"
10,"{""author_list"": ""{\""St_ber F\"",\""Mutz N\"",\""Wrigge H\"",\""Putensen C\"",\""Zinserling J\"",\""Zech S\"",\""Von Spiegel T\""}""}","{""author_list"": ""{\""St_ber F\"",\""Mutz N\"",\""Wrigge H\"",\""Putensen C\"",\""Zinserling J\"",\""Zech S\"",\""Von Spiegel T\""}""}"
11,"{""article_jcreated_at"": ""1/11/01""}","{""article_jcreated_at"": ""1/11/01""}"
12,"{""article_jcreated_at"": ""1/6/01""}","{""article_jcreated_at"": ""1/6/01""}"
13,"{""article_jcreated_at"": ""1/9/01""}","{""article_jcreated_at"": ""1/9/01""}"
14,"{""article_jcreated_at"": ""1/15/01""}","{""article_jcreated_at"": ""1/15/01""}"
15,"{""article_jcreated_at"": ""1/13/01""}","{""article_jcreated_at"": ""1/13/01""}"
16,"{""article_jcreated_at"": ""1/11/01""}","{""article_jcreated_at"": ""1/11/01""}"
17,"{""article_jcreated_at"": ""1/11/01""}","{""article_jcreated_at"": ""1/11/01""}"
18,"{""article_jcreated_at"": ""5/1/99""}","{""article_jcreated_at"": ""1/99/05""}"
19,"{""article_jissue"": ""-1""}","{""article_jissue"": ""-1""}"
20,"{""article_jcreated_at"": ""1/12/01""}","{""article_jcreated_at"": ""1/12/01""}"
21,"{""article_jcreated_at"": ""1/5/01""}","{""article_jcreated_at"": ""1/5/01""}"
22,"{""journal_issn"": ""Jan-68""}","{""journal_issn"": ""68-Jan""}"
23,"{""article_jcreated_at"": ""1/1/97""}","{""article_jcreated_at"": ""1/97""}"
24,"{""article_jcreated_at"": ""1/7/06""}","{""article_jcreated_at"": ""1/7/06""}"
25,"{""article_jcreated_at"": ""1/13/12""}","{""article_jcreated_at"": ""1/13/12""}"
26,"{""article_jcreated_at"": ""1/11/01""}","{""article_jcreated_at"": ""1/11/01""}"
27,"{""article_jcreated_at"": ""1/14/12""}","{""article_jcreated_at"": ""1/14/12""}"
28,"{""article_jcreated_at"": ""1/12/01""}","{""article_jcreated_at"": ""1/12/01""}"
29,"{""article_jcreated_at"": ""1/14/03""}","{""article_jcreated_at"": ""1/14/03""}"
30,"{""article_pagination"": ""22-Dec""}","{""article_pagination"": ""Dec-22""}"
31,"{""article_jcreated_at"": ""1/8/12""}","{""article_jcreated_at"": ""1/8/12""}"
32,"{""article_jcreated_at"": ""1/1/86""}","{""article_jcreated_at"": ""1/86/01""}"
33,"{""article_jcreated_at"": ""1/13/01""}","{""article_jcreated_at"": ""1/13/01""}"
34,"{""article_jcreated_at"": ""1/9/01""}","{""article_jcreated_at"": ""1/9/01""}"
35,"{""article_jcreated_at"": ""1/8/12""}","{""article_jcreated_at"": ""1/8/12""}"
36,"{""article_jcreated_at"": ""1/7/09""}","{""article_jcreated_at"": ""1/7/09""}"
37,"{""article_jcreated_at"": ""1/1/74""}","{""article_jcreated_at"": ""1/74""}"
38,"{""article_jissue"": ""-1""}","{""article_jissue"": ""-1""}"
39,"{""article_jcreated_at"": ""5/1/00""}","{""article_jcreated_at"": ""1/00/05""}"
40,"{""article_jcreated_at"": ""1/15/02""}","{""article_jcreated_at"": ""1/15/02""}"
41,"{""article_jcreated_at"": ""1/8/01""}","{""article_jcreated_at"": ""1/8/01""}"
42,"{""article_jcreated_at"": ""1/14/01""}","{""article_jcreated_at"": ""1/14/01""}"
43,"{""article_jcreated_at"": ""1/9/02""}","{""article_jcreated_at"": ""1/9/02""}"
44,"{""author_list"": ""{\""R Loch Macdonald\"",\""Farbod Asgarzadie-Gadim\"",\""Yeon Gyoe Jang\"",\""Daniel J Curry\"",\""Rachel N Yanowitch\"",\""Kim E Schultheiss\"",\""Jocelyn Tolentino\"",\""J_rgen L_ders\""}""}","{""author_list"": ""{\""R Loch Macdonald\"",\""Farbod Asgarzadie-Gadim\"",\""Yeon Gyoe Jang\"",\""Daniel J Curry\"",\""Rachel N Yanowitch\"",\""Kim E Schultheiss\"",\""Jocelyn Tolentino\"",\""J_rgen L_ders\""}""}"
45,"{""article_jcreated_at"": ""1/1/95""}","{""article_jcreated_at"": ""1/95""}"
46,"{""article_jcreated_at"": ""1/8/06""}","{""article_jcreated_at"": ""1/8/06""}"
47,"{""article_jcreated_at"": ""1/14/10""}","{""article_jcreated_at"": ""1/14/10""}"
48,"{""article_jcreated_at"": ""1/1/97""}","{""article_jcreated_at"": ""1/97""}"
49,"{""article_jcreated_at"": ""1/14/01""}","{""article_jcreated_at"": ""1/14/01""}"
50,"{""article_jcreated_at"": ""1/10/01""}","{""article_jcreated_at"": ""1/10/01""}"
51,"{""article_jissue"": ""-1""}","{""article_jissue"": ""-1""}"
52,"{""article_jcreated_at"": ""1/13/01""}","{""article_jcreated_at"": ""1/13/01""}"
53,"{""article_jcreated_at"": ""1/10/11""}","{""article_jcreated_at"": ""1/10/11""}"
54,"{""article_jcreated_at"": ""1/10/01""}","{""article_jcreated_at"": ""1/10/01""}"
55,"{""article_jcreated_at"": ""1/1/99""}","{""article_jcreated_at"": ""1/99/01""}"
56,"{""article_jcreated_at"": ""1/1/94""}","{""article_jcreated_at"": ""1/94""}"
57,"{""article_jcreated_at"": ""1/12/11""}","{""article_jcreated_at"": ""1/12/11""}"
58,"{""article_jcreated_at"": ""1/10/11""}","{""article_jcreated_at"": ""1/10/11""}"
59,"{""article_jcreated_at"": ""1/7/01""}","{""article_jcreated_at"": ""1/7/01""}"
60,"{""article_jissue"": ""-1""}","{""article_jissue"": ""-1""}"
61,"{""article_jcreated_at"": ""4/14/12""}","{""article_jcreated_at"": ""4/14/12""}"
62,"{""article_jcreated_at"": ""1/6/09""}","{""article_jcreated_at"": ""1/6/09""}"
63,"{""article_jcreated_at"": ""1/12/01""}","{""article_jcreated_at"": ""1/12/01""}"
64,"{""article_jcreated_at"": ""1/10/10""}","{""article_jcreated_at"": ""1/10/10""}"
65,"{""article_jcreated_at"": ""1/14/12""}","{""article_jcreated_at"": ""1/14/12""}"
66,"{""article_jcreated_at"": ""1/15/01""}","{""article_jcreated_at"": ""1/15/01""}"
67,"{""article_jcreated_at"": ""1/2/04""}","{""article_jcreated_at"": ""1/2/04""}"
68,"{""article_jcreated_at"": ""1/11/01""}","{""article_jcreated_at"": ""1/11/01""}"
69,"{""article_jcreated_at"": ""1/5/01""}","{""article_jcreated_at"": ""1/5/01""}"
70,"{""article_jissue"": ""-1""}","{""article_jissue"": ""-1""}"
71,"{""article_jcreated_at"": ""1/9/01""}","{""article_jcreated_at"": ""1/9/01""}"
72,"{""article_jissue"": ""1""}","{""article_jissue"": ""-1""}"
73,"{""article_jcreated_at"": ""1/8/01""}","{""article_jcreated_at"": ""1/8/01""}"
74,"{""article_jcreated_at"": ""1/8/01""}","{""article_jcreated_at"": ""1/8/01""}"
75,"{""article_jcreated_at"": ""1/10/01""}","{""article_jcreated_at"": ""1/10/01""}"
76,"{""author_list"": ""{\""M. Pujol\"",\""P. Barragn\"",\""J.M. Tiraboschi\"",\""A. Imaz\"",\""M.. Dom_nguez\"",\""D. Podzamczer\""}""}","{""author_list"": ""{\""M. Pujol\"",\""P. Barnag\ufffdn\"",\""J.M. Tiraboschi\"",\""A. Imaz\"",\""M. Dom_nguez\"",\""D. Podzamczer\""}""}"
77,"{""article_jcreated_at"": ""1/12/06""}","{""article_jcreated_at"": ""1/12/06""}"
78,"{""article_jcreated_at"": ""3/1/99""}","{""article_jcreated_at"": ""1/99/03""}"
79,"{""author_list"": ""{\""O Ceki_\"",\""C Batman\""}""}","{""author_list"": ""{\""O Ceki_,\""C Batman\""}""}"
80,"{""article_jcreated_at"": ""1/12/01""}","{""article_jcreated_at"": ""1/12/01""}"
81,"{""author_list"": ""{\""Cecilia Bj_rkelund\"",\""Margaretha Jerlock\""}""}","{""author_list"": ""{\""Cecilia Bj_rkelund\"",\""Margaretha Jerlock\""}""}"
82,"{""article_jcreated_at"": ""1/15/01""}","{""article_jcreated_at"": ""1/15/01""}"
83,"{""article_jcreated_at"": ""1/3/07""}","{""article_jcreated_at"": ""1/3/07""}"
84,"{""article_jcreated_at"": ""1/13/01""}","{""article_jcreated_at"": ""1/13/01""}"
85,"{""article_pagination"": ""17-Aug""}","{""article_pagination"": ""Aug-17""}"
86,"{""article_jcreated_at"": ""1/11/01""}","{""article_jcreated_at"": ""1/11/01""}"
87,"{""article_jcreated_at"": ""1/6/01""}","{""article_jcreated_at"": ""1/6/01""}"
88,"{""article_jcreated_at"": ""11/1/96""}","{""article_jcreated_at"": ""1/96/11""}"
89,"{""article_jcreated_at"": ""1/8/01""}","{""article_jcreated_at"": ""1/8/01""}"
90,"{""article_jcreated_at"": ""1/10/01""}","{""article_jcreated_at"": ""1/10/01""}"
91,"{""article_jcreated_at"": ""1/7/02""}","{""article_jcreated_at"": ""1/7/02""}"
92,"{""article_jcreated_at"": ""1/5/01""}","{""article_jcreated_at"": ""1/5/01""}"
93,"{""article_jcreated_at"": ""1/15/05""}","{""article_jcreated_at"": ""1/15/05""}"
94,"{""author_list"": ""{\""E Huguet\"",\""O Porta\"",\""E Mart_nez\"",\""I Mora\"",\""M Sim_\"",\""J Pubill\"",\""J A Ortega\"",\""M T Castillo\""}""}","{""author_list"": ""{\""E Huguet\"",\""O Porta\"",\""E Mart_nez\"",\""I Mora\"",\""M Sim_\"",\""J Pubill\"",\""J A Ortega\"",\""M T Castillo\""}""}"
95,"{""article_jcreated_at"": ""1/14/01""}","{""article_jcreated_at"": ""1/14/01""}"
96,"{""article_jcreated_at"": ""1/8/01""}","{""article_jcreated_at"": ""1/8/01""}"
97,"{""author_list"": ""{\""Miquel S_nchez-Marr\"",\""Geoff Holmes\"",\""Joaqu_n Izquierdo\"",\""Joaquim Comas\"",\""Ioannis Athanasiadis\"",\""Karina Gibert\""}""}","{""author_list"": ""{\""Miquel S_nchez-Marr\"",\""Geoff Holmes\"",\""Joaqu_n Izquierdo\"",\""Joaquim Comas\"",\""Ioannis Athanasiadis\"",\""Karina Gibert\""}""}"
98,"{""article_jcreated_at"": ""1/6/12""}","{""article_jcreated_at"": ""1/6/12""}"
99,"{""article_jcreated_at"": ""1/12/01""}","{""article_jcreated_at"": ""1/12/01""}"
100,"{""article_jcreated_at"": ""1/1/99""}","{""article_jcreated_at"": ""1/99/01""}"
101,"{""article_pagination"": ""10-May""}","{""article_pagination"": ""May-10""}"
102,"{""article_jcreated_at"": ""1/8/01""}","{""article_jcreated_at"": ""1/8/01""}"
103,"{""article_jcreated_at"": ""1/9/03""}","{""article_jcreated_at"": ""1/9/03""}"
104,"{""article_jcreated_at"": ""1/10/01""}","{""article_jcreated_at"": ""1/10/01""}"
105,"{""article_pagination"": ""Jul-93""}","{""article_pagination"": ""Jul-93""}"
106,"{""article_jcreated_at"": ""1/1/99""}","{""article_jcreated_at"": ""1/99/01""}"
107,"{""article_jcreated_at"": ""1/11/01""}","{""article_jcreated_at"": ""1/11/01""}"
108,"{""article_jcreated_at"": ""1/13/01""}","{""article_jcreated_at"": ""1/13/01""}"
109,"{""article_jcreated_at"": ""1/7/01""}","{""article_jcreated_at"": ""1/7/01""}"
110,"{""article_jcreated_at"": ""1/9/01""}","{""article_jcreated_at"": ""1/9/01""}"
111,"{""author_list"": ""{\""N. Jakubik\"",\""L. Trzpil\"",\""F. Raciborski\"",\""U. Samolinska-Zawisza\"",\""L. Samoliski\"",\""D. Paczesny\"",\""Z. Halat\"",\""J. Marszalkowska\"",\""B. Samolinski\"",\""P. Samel-Kowalik\"",\""A. Lusawa\"",\""J. Gutowska\"",\""A. Tomaszewska\"",\""A. Walkiewicz\""}""}","{""author_list"": ""{\""}"
112,"{""article_jcreated_at"": ""1/1/92""}","{""article_jcreated_at"": ""1/92/01""}"
113,"{""article_jcreated_at"": ""1/2/09""}","{""article_jcreated_at"": ""1/2/09""}"
114,"{""article_jcreated_at"": ""1/1/92""}","{""article_jcreated_at"": ""1/92/01""}"
115,"{""article_jcreated_at"": ""1/14/01""}","{""article_jcreated_at"": ""1/14/01""}"
116,"{""author_list"": ""{\""M. Tercedor Snchez\"",\""J.A. Prieto Velasco\""}""}","{""author_list"": ""{\""M. Tercedor Sanchez\"",\""J.A. Prieto Velasco\""}""}"
117,"{""article_jcreated_at"": ""1/15/01""}","{""article_jcreated_at"": ""1/15/01""}"
118,"{""article_jcreated_at"": ""1/9/08""}","{""article_jcreated_at"": ""1/9/08""}"
119,"{""article_jcreated_at"": ""1/14/04""}","{""article_jcreated_at"": ""1/14/04""}"
120,"{""article_jcreated_at"": ""1/6/03""}","{""article_jcreated_at"": ""1/6/03""}"
121,"{""article_jcreated_at"": ""1/12/01""}","{""article_jcreated_at"": ""1/12/01""}"
122,"{""article_jcreated_at"": ""1/12/01""}","{""article_jcreated_at"": ""1/12/01""}"
123,"{""article_jcreated_at"": ""1/3/04""}","{""article_jcreated_at"": ""1/3/04""}"
124,"{""article_jvolumn"": ""-1""}","{""article_jvolumn"": ""-1""}"
125,"{""article_jcreated_at"": ""1/1/00""}","{""article_jcreated_at"": ""1/00/01""}"
126,"{""article_jcreated_at"": ""1/14/09""}","{""article_jcreated_at"": ""1/14/09""}"
127,"{""article_jcreated_at"": ""1/13/01""}","{""article_jcreated_at"": ""1/13/01""}"
128,"{""article_jcreated_at"": ""1/7/01""}","{""article_jcreated_at"": ""1/7/01""}"
129,"{""article_jcreated_at"": ""1/11/01""}","{""article_jcreated_at"": ""1/11/01""}"
130,"{""article_jcreated_at"": ""1/1/04""}","{""article_jcreated_at"": ""1/1/04""}"
131,"{""article_jcreated_at"": ""1/1/76""}","{""article_jcreated_at"": ""1/76/01""}"
132,"{""article_jcreated_at"": ""1/10/01""}","{""article_jcreated_at"": ""1/10/01""}"
133,"{""article_title"": ""Effet d'une intervention non mdicamenteuse, Voix d'Or, sur les troubles du comportement dans la maladie d'Alzheimer ou une maladie apparente. [Effect of a non-pharmacological intervention, Voix d'Or, on behavior disturbances in Alzheimer disease and associated disorders.]""}","{""article_title"": ""Effet d'une intervention non médicamenteuse, Voix d'Or, sur les troubles du comportement dans la maladie d'Alzheimer ou une maladie apparentée. [Effect of a non-pharmacological intervention, Voix d'Or, on behavior disturbances in Alzheimer disease and associated disorders.]""}"
134,"{""journal_title"": ""Griatrie et Psychologie Neuropsychiatrie du Vieillissement""}","{""journal_title"": ""Geriatrie et Psychologie Neuropsychiatrie du Vieillissement""}"
135,"{""author_list"": ""{\""Graldine Martin-Gaujard\"",\""Floriane Delphin-Combe\"",\""Isabelle Rouch\"",\""Solveig Relland\"",\""Pierre Krolak-Salmon\""}""}","{""author_list"": ""{\""Geraldine Martin-Gaujard\"",\""Floriane Delphin-Combe\"",\""Isabelle Rouch\"",\""Solveig Relland\"",\""Pierre Krolak-Salmon\""}""}"
136,"{""article_jcreated_at"": ""1/1/66""}","{""article_jcreated_at"": ""1/66/01""}"
137,"{""journal_issn"": ""22-Mar""}","{""journal_issn"": ""22-Mar""}"
138,"{""article_jcreated_at"": ""11/1/96""}","{""article_jcreated_at"": ""1/96/11""}"
139,"{""article_jcreated_at"": ""1/12/02""}","{""article_jcreated_at"": ""1/12/02""}"
140,"{""article_jissue"": ""-1""}","{""article_jissue"": ""-1""}"
141,"{""article_jcreated_at"": ""1/13/01""}","{""article_jcreated_at"": ""1/13/01""}"
142,"{""article_jcreated_at"": ""1/13/01""}","{""article_jcreated_at"": ""1/13/01""}"
143,"{""article_jcreated_at"": ""1/11/01""}","{""article_jcreated_at"": ""1/11/01""}"
144,"{""article_jcreated_at"": ""1/12/05""}","{""article_jcreated_at"": ""1/12/05""}"
145,"{""author_list"": ""{\""V Cus_\"",\""H Galvez\"",\""M Iriondo\"",\""J Campistol\"",\""I Mlaga\"",\""A Garc_a Cazorla\""}""}","{""author_list"": ""{\""V Cus_,\"",\""H Galvez\"",\""M Iriondo\"",\""J Campistol\"",\""I M_laga\"",\""A Garc_a Cazorla\""}""}"
146,"{""article_jcreated_at"": ""1/11/01""}","{""article_jcreated_at"": ""1/11/01""}"
147,"{""article_jcreated_at"": ""1/8/01""}","{""article_jcreated_at"": ""1/8/01""}"
148,"{""article_jcreated_at"": ""4/1/99""}","{""article_jcreated_at"": ""1/99/04""}"
149,"{""author_list"": ""{\""di Raimondo D.\"",\""Pinto A.\"",\""Lucifora B.\"",\""Tuttolomondo A.\"",\""Licata G.\"",\""Butt_ C.\""}""}","{""author_list"": ""{\""di Raimondo D.\"",\""Pinto A.\"",\""Lucifora B.\"",\""Tuttolomondo A.\"",\""Licata G.\"",\""Butt C.\""}""}"
150,"{""journal_issn"": ""14-Feb""}","{""journal_issn"": ""14-Feb""}"
151,"{""article_jcreated_at"": ""1/13/01""}","{""article_jcreated_at"": ""1/13/01""}"
152,"{""journal_issn"": ""Feb-37""}","{""journal_issn"": ""37-Feb""}"
153,"{""article_jcreated_at"": ""1/3/06""}","{""article_jcreated_at"": ""1/3/06""}"
154,"{""article_jcreated_at"": ""1/5/01""}","{""article_jcreated_at"": ""1/5/01""}"
155,"{""article_jcreated_at"": ""12/1/00""}","{""article_jcreated_at"": ""1/00/12""}"
156,"{""article_jcreated_at"": ""1/14/11""}","{""article_jcreated_at"": ""1/14/11""}"
157,"{""article_jcreated_at"": ""1/5/01""}","{""article_jcreated_at"": ""1/5/01""}"
158,"{""article_jcreated_at"": ""1/14/01""}","{""article_jcreated_at"": ""1/14/01""}"
159,"{""article_jcreated_at"": ""1/14/01""}","{""article_jcreated_at"": ""1/14/01""}"
160,"{""article_jcreated_at"": ""1/11/01""}","{""article_jcreated_at"": ""1/11/01""}"
161,"{""article_jcreated_at"": ""1/9/01""}","{""article_jcreated_at"": ""1/9/01""}"
162,"{""article_jcreated_at"": ""1/11/01""}","{""article_jcreated_at"": ""1/11/01""}"
163,"{""article_jcreated_at"": ""1/5/01""}","{""article_jcreated_at"": ""1/5/01""}"
164,"{""article_jcreated_at"": ""1/7/03""}","{""article_jcreated_at"": ""1/7/03""}"
165,"{""article_jcreated_at"": ""1/12/01""}","{""article_jcreated_at"": ""1/12/01""}"
166,"{""article_jcreated_at"": ""1/14/01""}","{""article_jcreated_at"": ""1/14/01""}"
167,"{""article_jcreated_at"": ""8/1/65""}","{""article_jcreated_at"": ""1/65/08""}"
168,"{""article_jcreated_at"": ""1/4/05""}","{""article_jcreated_at"": ""1/4/05""}"
169,"{""article_jcreated_at"": ""1/7/01""}","{""article_jcreated_at"": ""1/7/01""}"
170,"{""article_jcreated_at"": ""1/12/10""}","{""article_jcreated_at"": ""1/12/10""}"
171,"{""article_jcreated_at"": ""1/1/99""}","{""article_jcreated_at"": ""1/99/01""}"
172,"{""article_jcreated_at"": ""1/1/76""}","{""article_jcreated_at"": ""1/76/01""}"
173,"{""article_jcreated_at"": ""6/30/07""}","{""article_jcreated_at"": ""30/7/06""}"
174,"{""article_jcreated_at"": ""1/9/01""}","{""article_jcreated_at"": ""1/9/01""}"
175,"{""article_jissue"": ""-1""}","{""article_jissue"": ""-1""}"
176,"{""article_jcreated_at"": ""1/13/12""}","{""article_jcreated_at"": ""1/13/12""}"
177,"{""journal_title"": ""Paliativn_ Schanzova osteotomie p_i nereponibiln_ luxaci kyeln_ho kloubu u pacient s d_tskou mozkovou obrnou v adolescentn_m v_u""}","{""journal_title"": ""Paliativn_ Schanzova osteotomie p_i nereponibil_ luxaci ky_el_n_ho kloubu u pacient_ s d_tskou mozkovou obrnou v adolescent_m""}"
178,"{""journal_issn"": ""15-Jan""}","{""journal_issn"": ""15-Jan""}"
179,"{""article_jcreated_at"": ""1/13/01""}","{""article_jcreated_at"": ""1/13/01""}"
180,"{""author_list"": ""{\""D Chochol\"",\""R Chaloupka\"",\""B Kala\"",\""J Gallo\"",\""M Netval\""}""}","{""author_list"": ""{\""D Chochol_d\"",\""R Chaloupka\"",\""B Kala\"",\""J Gallo\"",\""M Netval\""}""}"
181,"{""article_jcreated_at"": ""1/14/01""}","{""article_jcreated_at"": ""1/14/01""}"
182,"{""article_jcreated_at"": ""1/14/05""}","{""article_jcreated_at"": ""1/14/05""}"
183,"{""article_jcreated_at"": ""1/14/01""}","{""article_jcreated_at"": ""1/14/01""}"
184,"{""article_jcreated_at"": ""1/11/01""}","{""article_jcreated_at"": ""1/11/01""}"
185,"{""article_jcreated_at"": ""1/1/95""}","{""article_jcreated_at"": ""1/95""}"
186,"{""article_jcreated_at"": ""1/7/01""}","{""article_jcreated_at"": ""1/7/01""}"
187,"{""article_jcreated_at"": ""1/10/01""}","{""article_jcreated_at"": ""1/10/01""}"
188,"{""article_pagination"": ""Apr-43""}","{""article_pagination"": ""Apr-43""}"
189,"{""article_jcreated_at"": ""1/8/08""}","{""article_jcreated_at"": ""1/8/08""}"
190,"{""article_jcreated_at"": ""1/13/01""}","{""article_jcreated_at"": ""1/13/01""}"
191,"{""article_jcreated_at"": ""1/6/07""}","{""article_jcreated_at"": ""1/6/07""}"
192,"{""author_list"": ""{\""A Philotheou\"",\""S R Heller\"",\""J Jendle\"",\""M-A Gall\"",\""K Klendorf\"",\""G P Ross\"",\""G Perriello\"",\""I Pavlic-Renar\""}""}","{""author_list"": ""{\""A Philotheou\"",\""S R Heller\"",\""J Jendle\"",\""M-A Gall\"",\""K K_lendorf\"",\""G P Ross\"",\""G Perriello\"",\""I Pavlic-Renar\""}""}"
193,"{""article_jcreated_at"": ""1/5/01""}","{""article_jcreated_at"": ""1/5/01""}"
194,"{""article_title"": ""Association of transforming growth factor-_1__T869C, G915C, and C509T gene polymorphisms with rheumatoid arthritis risk.""}","{""article_title"": ""Association of transforming growth factor-_1_T869C, G915C, and C509T gene polymorphisms with rheumatoid arthritis risk.""}"
195,"{""article_jcreated_at"": ""1/14/12""}","{""article_jcreated_at"": ""1/14/12""}"
196,"{""article_jcreated_at"": ""1/1/93""}","{""article_jcreated_at"": ""1/93""}"
197,"{""article_jcreated_at"": ""1/2/01""}","{""article_jcreated_at"": ""1/2/01""}"
198,"{""article_jissue"": ""-1""}","{""article_jissue"": ""-1""}"
199,"{""article_jcreated_at"": ""1/1/92""}","{""article_jcreated_at"": ""1/92/01""}"
200,"{""article_jcreated_at"": ""1/9/01""}","{""article_jcreated_at"": ""1/9/01""}"
201,"{""article_jcreated_at"": ""1/14/01""}","{""article_jcreated_at"": ""1/14/01""}"
202,"{""article_jcreated_at"": ""1/13/10""}","{""article_jcreated_at"": ""1/13/10""}"
203,"{""article_jcreated_at"": ""1/14/01""}","{""article_jcreated_at"": ""1/14/01""}"
204,"{""article_jvolumn"": ""-1""}","{""article_jvolumn"": ""-1""}"
205,"{""article_jissue"": ""-1""}","{""article_jissue"": ""-1""}"
206,"{""author_list"": ""{\""Michiel A J Kompier\"",\""Etty G A Wielenga-Meijer\"",\""Dani_l H J Wigboldus\"",\""Toon W Taris\""}""}","{""author_list"": ""{\""Michiel A J Kompier\"",\""Etty G A Wielenga-Meijer\"",\""Danil H J Wigboldus\"",\""Toon W Taris\""}""}"
207,"{""article_jcreated_at"": ""1/7/01""}","{""article_jcreated_at"": ""1/7/01""}"
208,"{""article_jcreated_at"": ""1/12/01""}","{""article_jcreated_at"": ""1/12/01""}"
209,"{""article_jcreated_at"": ""1/12/01""}","{""article_jcreated_at"": ""1/12/01""}"
210,"{""article_jcreated_at"": ""1/10/01""}","{""article_jcreated_at"": ""1/10/01""}"
211,"{""article_jcreated_at"": ""1/12/01""}","{""article_jcreated_at"": ""1/12/01""}"
212,"{""article_jcreated_at"": ""1/13/01""}","{""article_jcreated_at"": ""1/13/01""}"
213,"{""article_jcreated_at"": ""1/9/01""}","{""article_jcreated_at"": ""1/9/01""}"
214,"{""article_jcreated_at"": ""1/6/03""}","{""article_jcreated_at"": ""1/6/03""}"
215,"{""article_jcreated_at"": ""2/6/08""}","{""article_jcreated_at"": ""2/6/08""}"
216,"{""article_jcreated_at"": ""1/12/01""}","{""article_jcreated_at"": ""1/12/01""}"
217,"{""article_jcreated_at"": ""1/9/01""}","{""article_jcreated_at"": ""1/9/01""}"
218,"{""article_jvolumn"": ""-1""}","{""article_jvolumn"": ""-1""}"
219,"{""article_jissue"": ""-1""}","{""article_jissue"": ""-1""}"
220,"{""article_jcreated_at"": ""8/13/14""}","{""article_jcreated_at"": ""13/14/08""}"
221,"{""article_jissue"": ""-1""}","{""article_jissue"": ""-1""}"
222,"{""article_jcreated_at"": ""1/12/01""}","{""article_jcreated_at"": ""1/12/01""}"
223,"{""article_jcreated_at"": ""1/14/07""}","{""article_jcreated_at"": ""1/14/07""}"
224,"{""author_list"": ""{\""John M O__Callaghan\"",\""Robert D Morgan\"",\""Peter J Morris\"",\""Simon R Knight\""}""}","{""author_list"": ""{\""John M O_Callaghan\"",\""Robert D Morgan\"",\""Peter J Morris\"",\""Simon R Knight\""}""}"
225,"{""article_jcreated_at"": ""1/4/04""}","{""article_jcreated_at"": ""1/4/04""}"
226,"{""article_jissue"": ""-1""}","{""article_jissue"": ""-1""}"
227,"{""article_jcreated_at"": ""1/14/12""}","{""article_jcreated_at"": ""1/14/12""}"
228,"{""article_jcreated_at"": ""1/13/01""}","{""article_jcreated_at"": ""1/13/01""}"
229,"{""article_jcreated_at"": ""1/7/07""}","{""article_jcreated_at"": ""1/7/07""}"
230,"{""article_jcreated_at"": ""1/6/01""}","{""article_jcreated_at"": ""1/6/01""}"
231,"{""article_jcreated_at"": ""1/13/01""}","{""article_jcreated_at"": ""1/13/01""}"
232,"{""article_jcreated_at"": ""1/13/01""}","{""article_jcreated_at"": ""1/13/01""}"
233,"{""article_jcreated_at"": ""1/1/95""}","{""article_jcreated_at"": ""1/95""}"
234,"{""article_jvolumn"": ""-1""}","{""article_jvolumn"": ""-1""}"
235,"{""article_jissue"": ""1""}","{""article_jissue"": ""-1""}"
236,"{""article_jcreated_at"": ""10/15/09""}","{""article_jcreated_at"": ""10/15/09""}"
237,"{""article_jcreated_at"": ""1/11/03""}","{""article_jcreated_at"": ""1/11/03""}"
238,"{""article_jcreated_at"": ""1/1/94""}","{""article_jcreated_at"": ""1/94""}"
239,"{""article_jcreated_at"": ""1/2/01""}","{""article_jcreated_at"": ""1/2/01""}"
240,"{""article_jcreated_at"": ""1/12/10""}","{""article_jcreated_at"": ""1/12/10""}"
241,"{""article_jcreated_at"": ""1/12/01""}","{""article_jcreated_at"": ""1/12/01""}"
242,"{""article_jcreated_at"": ""1/1/93""}","{""article_jcreated_at"": ""1/93/01""}"
243,"{""article_jcreated_at"": ""1/8/01""}","{""article_jcreated_at"": ""1/8/01""}"
244,"{""article_jcreated_at"": ""1/10/01""}","{""article_jcreated_at"": ""1/10/01""}"
245,"{""article_jcreated_at"": ""1/6/01""}","{""article_jcreated_at"": ""1/6/01""}"
246,"{""article_jcreated_at"": ""11/1/98""}","{""article_jcreated_at"": ""1/98/11""}"
247,"{""article_jcreated_at"": ""1/1/99""}","{""article_jcreated_at"": ""1/99/01""}"
248,"{""article_jcreated_at"": ""1/9/01""}","{""article_jcreated_at"": ""1/9/01""}"
249,"{""article_jcreated_at"": ""1/13/09""}","{""article_jcreated_at"": ""1/13/09""}"
250,"{""article_jcreated_at"": ""1/1/06""}","{""article_jcreated_at"": ""1/1/06""}"
251,"{""article_jcreated_at"": ""1/6/01""}","{""article_jcreated_at"": ""1/6/01""}"
252,"{""article_jcreated_at"": ""1/6/01""}","{""article_jcreated_at"": ""1/6/01""}"
253,"{""article_jcreated_at"": ""1/14/07""}","{""article_jcreated_at"": ""1/14/07""}"
254,"{""article_jcreated_at"": ""1/9/01""}","{""article_jcreated_at"": ""1/9/01""}"
255,"{""article_jcreated_at"": ""1/12/01""}","{""article_jcreated_at"": ""1/12/01""}"
256,"{""article_jcreated_at"": ""1/13/01""}","{""article_jcreated_at"": ""1/13/01""}"
257,"{""journal_issn"": ""Jan-47""}","{""journal_issn"": ""47-Jan""}"
258,"{""article_jcreated_at"": ""1/12/01""}","{""article_jcreated_at"": ""1/12/01""}"
259,"{""article_jcreated_at"": ""1/3/12""}","{""article_jcreated_at"": ""1/3/12""}"
260,"{""author_list"": ""{\""Andreas M_gge\"",\""Christoph Hanefeld\"",\""Rainer H B_ger\"",\""[Collective Name] CARDIAC study investigators\""}""}","{""author_list"": ""{\""Andreas M_gge\"",\""Christoph Hanefeld\"",\""Rainer H B_ger\"",\""[Collective Name] CARDIAC study investigators\""}""}"
261,"{""journal_title"": ""Schlafst_rungen bei kritisch kranken patienten""}","{""journal_title"": ""Schlafstunden bei kritisch kranken patienten""}"
262,"{""journal_issn"": ""17-Mar""}","{""journal_issn"": ""17-Mar""}"
263,"{""article_jissue"": ""-1""}","{""article_jissue"": ""-1""}"
264,"{""article_jcreated_at"": ""2/1/96""}","{""article_jcreated_at"": ""1/96/02""}"
265,"{""article_jcreated_at"": ""1/14/01""}","{""article_jcreated_at"": ""1/14/01""}"
266,"{""article_jcreated_at"": ""1/1/11""}","{""article_jcreated_at"": ""1/1/11""}"
267,"{""author_list"": ""{\""L Ramos\"",\""S Mathur_n\"",\""A Mateo\"",\""C L_pez\"",\""C G_mez\""}""}","{""author_list"": ""{\""L Ramos\"",\""S Mathur_n\"",\""A Mateo\"",\""C L_pez\"",\""C G_mez\""}""}"
268,"{""article_jissue"": ""-1""}","{""article_jissue"": ""-1""}"
269,"{""article_jcreated_at"": ""1/7/01""}","{""article_jcreated_at"": ""1/7/01""}"
270,"{""article_jcreated_at"": ""1/12/02""}","{""article_jcreated_at"": ""1/12/02""}"
271,"{""article_jcreated_at"": ""1/14/01""}","{""article_jcreated_at"": ""1/14/01""}"
272,"{""author_list"": ""{\""Anders Halling\"",\""Hkan Odeberg\"",\""Henrik Forssell\"",\""Jacob Odeberg\"",\""Marie-Louise Persson\"",\""Lennart Rstam\"",\""Ivar Vaara\"",\""Ulf Lindblad\"",\""Michael Freitag\""}""}","{""author_list"": ""{\""Anders Halling\"",\""H_kan Odeberg\"",\""Henrik Forssell\"",\""Jacob Odeberg\"",\""Marie-Louise Persson\"",\""Lennart R_stam\"",\""Ivar Vaara\"",\""Ulf Lindblad\"",\""Michael Freitag\""}""}"
273,"{""article_jcreated_at"": ""1/13/01""}","{""article_jcreated_at"": ""1/13/01""}"
274,"{""article_jcreated_at"": ""1/13/01""}","{""article_jcreated_at"": ""1/13/01""}"
275,"{""article_jcreated_at"": ""1/10/01""}","{""article_jcreated_at"": ""1/10/01""}"
276,"{""article_jcreated_at"": ""1/8/12""}","{""article_jcreated_at"": ""1/8/12""}"
277,"{""author_list"": ""{\""Luiz Rogrio de Carvalho Oliveira\"",\""Nilza Aparecida Almeida de Carvalho\"",\""Flvio C L Cavalcanti Ara_jo\"",\""Izabela Menezes Pagotto\"",\""Paulo Chiavone\""}""}","{""author_list"": ""{\""Luiz Rogrio de Carvalho Oliveira\"",\""Nilza Aparecida Almeida de Carvalho\"",\""Flvio C L Cavalcanti Arajo\"",\""Izabela Menezes Pagotto\"",\""Paulo Chiavone\""}""}"
278,"{""article_jcreated_at"": ""1/2/09""}","{""article_jcreated_at"": ""1/2/09""}"
279,"{""article_jcreated_at"": ""1/9/01""}","{""article_jcreated_at"": ""1/9/01""}"
280,"{""article_jcreated_at"": ""1/11/01""}","{""article_jcreated_at"": ""1/11/01""}"
281,"{""article_jcreated_at"": ""1/1/97""}","{""article_jcreated_at"": ""1/97""}"
282,"{""article_jcreated_at"": ""1/13/10""}","{""article_jcreated_at"": ""1/13/10""}"
283,"{""article_jcreated_at"": ""1/14/04""}","{""article_jcreated_at"": ""1/14/04""}"
284,"{""article_jcreated_at"": ""1/14/01""}","{""article_jcreated_at"": ""1/14/01""}"
285,"{""article_jcreated_at"": ""1/14/05""}","{""article_jcreated_at"": ""1/14/05""}"
286,"{""article_jcreated_at"": ""1/12/01""}","{""article_jcreated_at"": ""1/12/01""}"
287,"{""article_jcreated_at"": ""1/6/10""}","{""article_jcreated_at"": ""1/6/10""}"
288,"{""article_jcreated_at"": ""1/1/75""}","{""article_jcreated_at"": ""1/75/01""}"
289,"{""article_jcreated_at"": ""1/5/07""}","{""article_jcreated_at"": ""1/5/07""}"
290,"{""article_jcreated_at"": ""1/5/01""}","{""article_jcreated_at"": ""1/5/01""}"
291,"{""article_jcreated_at"": ""1/7/01""}","{""article_jcreated_at"": ""1/7/01""}"
292,"{""article_jcreated_at"": ""1/6/02""}","{""article_jcreated_at"": ""1/6/02""}"
293,"{""article_jcreated_at"": ""1/4/07""}","{""article_jcreated_at"": ""1/4/07""}"
294,"{""article_jcreated_at"": ""1/15/01""}","{""article_jcreated_at"": ""1/15/01""}"
295,"{""article_jcreated_at"": ""1/14/01""}","{""article_jcreated_at"": ""1/14/01""}"
296,"{""article_jcreated_at"": ""1/3/01""}","{""article_jcreated_at"": ""1/3/01""}"
297,"{""article_pagination"": ""10-Oct""}","{""article_pagination"": ""Oct-10""}"
298,"{""article_jcreated_at"": ""1/10/01""}","{""article_jcreated_at"": ""1/10/01""}"
299,"{""article_jcreated_at"": ""1/1/98""}","{""article_jcreated_at"": ""1/98""}"
300,"{""article_jcreated_at"": ""1/11/01""}","{""article_jcreated_at"": ""1/11/01""}"
301,"{""article_jcreated_at"": ""1/11/01""}","{""article_jcreated_at"": ""1/11/01""}"
302,"{""article_jcreated_at"": ""1/1/89""}","{""article_jcreated_at"": ""1/8/01""}"
303,"{""article_jcreated_at"": ""1/2/05""}","{""article_jcreated_at"": ""1/2/05""}"
304,"{""article_jcreated_at"": ""1/11/11""}","{""article_jcreated_at"": ""1/11/11""}"
305,"{""article_jcreated_at"": ""1/15/01""}","{""article_jcreated_at"": ""1/15/01""}"
306,"{""article_jcreated_at"": ""1/11/01""}","{""article_jcreated_at"": ""1/11/01""}"
307,"{""article_jcreated_at"": ""1/14/09""}","{""article_jcreated_at"": ""1/14/09""}"
308,"{""article_jcreated_at"": ""1/14/01""}","{""article_jcreated_at"": ""1/14/01""}"
309,"{""article_jcreated_at"": ""1/7/01""}","{""article_jcreated_at"": ""1/7/01""}"
310,"{""article_jcreated_at"": ""1/1/92""}","{""article_jcreated_at"": ""1/92/01""}"
311,"{""article_jcreated_at"": ""1/13/10""}","{""article_jcreated_at"": ""1/13/10""}"
312,"{""article_jcreated_at"": ""1/14/01""}","{""article_jcreated_at"": ""1/14/01""}"
313,"{""author_list"": ""{\""N. M. Pinheiro\"",\""R. Almeida-Reis\"",\""L. Oliva\"",\""M. A. Martins\"",\""M. L. V. Oliva\"",\""O. A. Theodoro-Junior\"",\""E. A. Leick\"",\""I. F. L. C. Tibrio\"",\""C. M. Prado\"",\""R. F. Righetti\"",\""B. T. M. Oliveira\""}""}","{""author_list"": ""{\""}"
314,"{""article_jcreated_at"": ""1/12/01""}","{""article_jcreated_at"": ""1/12/01""}"
315,"{""article_jcreated_at"": ""1/14/01""}","{""article_jcreated_at"": ""1/14/01""}"
316,"{""author_list"": ""{\""M. Niewada\"",\""J. Paweska\"",\""A. Budaj\"",\""T. Macioch\"",\""P. Perkowski\""}""}","{""author_list"": ""{\""M. Niewada\"",\""J. Paweska\"",\""A. Budaj\"",\""T. Macioch\"",\""P. Perkowski\""}""}"
317,"{""article_jcreated_at"": ""1/1/96""}","{""article_jcreated_at"": ""1/96""}"
318,"{""article_jcreated_at"": ""1/15/01""}","{""article_jcreated_at"": ""1/15/01""}"
319,"{""article_jcreated_at"": ""1/9/02""}","{""article_jcreated_at"": ""1/9/02""}"
320,"{""author_list"": ""{\""Ge H.-Y.\"",\""Fernndez-de-las-Peas C.\"",\""Yue S.-W.\""}""}","{""author_list"": ""{\""Ge H.-Y.\"",\""Fernndez-de-las-Peas C.\"",\""Yue S.-W.\""}""}"
321,"{""article_jcreated_at"": ""1/11/01""}","{""article_jcreated_at"": ""1/11/01""}"
322,"{""article_jcreated_at"": ""1/14/03""}","{""article_jcreated_at"": ""1/14/03""}"
323,"{""article_jcreated_at"": ""1/6/01""}","{""article_jcreated_at"": ""1/6/01""}"
324,"{""article_jissue"": ""-1""}","{""article_jissue"": ""-1""}"
325,"{""article_jcreated_at"": ""1/1/91""}","{""article_jcreated_at"": ""1/91/01""}"
326,"{""article_jcreated_at"": ""1/14/01""}","{""article_jcreated_at"": ""1/14/01""}"
327,"{""article_jcreated_at"": ""1/13/11""}","{""article_jcreated_at"": ""1/13/11""}"
328,"{""article_jcreated_at"": ""1/4/01""}","{""article_jcreated_at"": ""1/4/01""}"
329,"{""article_jcreated_at"": ""1/7/01""}","{""article_jcreated_at"": ""1/7/01""}"
330,"{""article_jcreated_at"": ""1/10/01""}","{""article_jcreated_at"": ""1/10/01""}"
331,"{""article_jcreated_at"": ""1/2/01""}","{""article_jcreated_at"": ""1/2/01""}"
332,"{""author_list"": ""{\""Costin M.\"",\""Dumbrav__ E.L.\"",\""Postolache P.\"",\""Cojocaru D.C.\""}""}","{""author_list"": ""{\""Costin M.\"",\""Dumbrav_ E.L.\"",\""Postolache P.\"",\""Cojocaru D.C.\""}""}"
333,"{""article_jcreated_at"": ""1/1/93""}","{""article_jcreated_at"": ""1/93/01""}"
334,"{""article_jcreated_at"": ""1/3/01""}","{""article_jcreated_at"": ""1/3/01""}"
335,"{""article_jcreated_at"": ""1/1/12""}","{""article_jcreated_at"": ""1/1/12""}"
336,"{""article_jcreated_at"": ""1/15/01""}","{""article_jcreated_at"": ""1/15/01""}"
337,"{""article_jcreated_at"": ""1/12/01""}","{""article_jcreated_at"": ""1/12/01""}"
338,"{""article_jvolumn"": ""-1""}","{""article_jvolumn"": ""-1""}"
339,"{""article_jissue"": ""-1""}","{""article_jissue"": ""-1""}"
340,"{""article_jcreated_at"": ""8/15/10""}","{""article_jcreated_at"": ""8/15/10""}"
341,"{""article_jcreated_at"": ""1/3/01""}","{""article_jcreated_at"": ""1/3/01""}"
342,"{""article_jcreated_at"": ""1/10/01""}","{""article_jcreated_at"": ""1/10/01""}"
343,"{""article_jcreated_at"": ""1/14/02""}","{""article_jcreated_at"": ""1/14/02""}"
344,"{""article_jcreated_at"": ""1/1/93""}","{""article_jcreated_at"": ""1/93""}"
345,"{""article_jcreated_at"": ""1/9/01""}","{""article_jcreated_at"": ""1/9/01""}"
346,"{""article_jcreated_at"": ""1/4/06""}","{""article_jcreated_at"": ""1/4/06""}"
347,"{""article_jcreated_at"": ""1/14/06""}","{""article_jcreated_at"": ""1/14/06""}"
348,"{""author_list"": ""{\""Jesper I Reimers\"",\""Sabrina G Ellese\"",\""Henrik  Andersen\""}""}","{""author_list"": ""{\""Jesper I Reimers\"",\""Sabrina G Elles\"",\""Henrik Andersen\""}""}"
349,"{""article_jcreated_at"": ""1/3/01""}","{""article_jcreated_at"": ""1/3/01""}"
350,"{""article_jcreated_at"": ""1/13/01""}","{""article_jcreated_at"": ""1/13/01""}"
351,"{""author_list"": ""{\""S Murat\"",\""H Avsever\"",\""S Y_ksel\"",\""C S Paksoy\"",\""B Onder\"",\""K Kamburoglu\""}""}","{""author_list"": ""{\""S Murat\"",\""H Avsever\"",\""S Y_ksel\"",\""C S Paksoy\"",\""B Onder\"",\""K Kamburoglu\""}""}"
352,"{""journal_title"": ""Actas espaolas de psiquiatr_a""}","{""journal_title"": ""Actas espaolas de psiquiatr_a""}"
353,"{""article_jcreated_at"": ""1/13/05""}","{""article_jcreated_at"": ""1/13/05""}"
354,"{""author_list"": ""{\""Angel Rosa-Alczar\"",\""Ana I Rosa-Alczar\"",\""Marina Iniesta-Sep_lveda\""}""}","{""author_list"": ""{\""Angel Rosa-Alczar\"",\""Ana I Rosa-Alczar\"",\""Marina Iniesta-Sep_lveda\""}""}"
355,"{""article_jvolumn"": ""-1""}","{""article_jvolumn"": ""-1""}"
356,"{""article_jissue"": ""-1""}","{""article_jissue"": ""-1""}"
357,"{""article_jcreated_at"": ""7/15/01""}","{""article_jcreated_at"": ""7/15/01""}"
358,"{""article_jcreated_at"": ""1/6/01""}","{""article_jcreated_at"": ""1/6/01""}"
359,"{""article_jcreated_at"": ""1/12/05""}","{""article_jcreated_at"": ""1/12/05""}"
360,"{""author_list"": ""{\""Diana Duro\"",\""Augusto Goulo\"",\""Gon_alo Santos\"",\""Nuno Mendon_a\"",\""Isabel Santana\"",\""Eg_dio Machado\""}""}","{""author_list"": ""{\""Diana Duro\"",\""Augusto Goulão\"",\""Gonçalo Santos\"",\""Nuno Mendonça\"",\""Isabel Santana\"",\""Egídio Machado\""}""}"
361,"{""article_jcreated_at"": ""1/10/01""}","{""article_jcreated_at"": ""1/10/01""}"
362,"{""article_jcreated_at"": ""1/13/01""}","{""article_jcreated_at"": ""1/13/01""}"
363,"{""article_pagination"": ""26-Jan""}","{""article_pagination"": ""Jan-26""}"
364,"{""article_jissue"": ""-1""}","{""article_jissue"": ""-1""}"
365,"{""article_jcreated_at"": ""1/9/12""}","{""article_jcreated_at"": ""1/9/12""}"
366,"{""article_jcreated_at"": ""1/6/01""}","{""article_jcreated_at"": ""1/6/01""}"
367,"{""article_jcreated_at"": ""1/7/01""}","{""article_jcreated_at"": ""1/7/01""}"
368,"{""article_jcreated_at"": ""12/1/97""}","{""article_jcreated_at"": ""1/97/12""}"
369,"{""article_jcreated_at"": ""9/1/00""}","{""article_jcreated_at"": ""1/00/09""}"
370,"{""author_list"": ""{\""G Vaksmann\"",\""A Vincentelli\"",\""C Francart\"",\""M A Cajot\"",\""G M Brevire\"",\""F Godart\"",\""J M Coullet\"",\""P Devos\"",\""C Rey\""}""}","{""author_list"": ""{\""G Vaksmann\"",\""A Vincentelli\"",\""C Francart\"",\""M A Cajot\"",\""G M Breviere\"",\""F Godart\"",\""J M Coullet\"",\""P Devos\"",\""C Rey\""}""}"
371,"{""article_jcreated_at"": ""1/5/10""}","{""article_jcreated_at"": ""1/5/10""}"
372,"{""article_jcreated_at"": ""1/12/01""}","{""article_jcreated_at"": ""1/12/01""}"
373,"{""article_jcreated_at"": ""1/4/01""}","{""article_jcreated_at"": ""1/4/01""}"
374,"{""article_title"": ""A controlled trial of anterior spinal fusion and dbridement in the surgical management of tuberculosis of the spine in patients on standard chemotherapy: a study in two centres in South Africa. Seventh Report of the Medical Research Council Working Party on tuberculosis of the spine""}","{""article_title"": ""A controlled trial of anterior spinal fusion and dbridement in the surgical management of tuberculosis of the spine in patients on standard chemotherapy: a study in two centres in South Africa. Seventh Report of the Medical Research Council Working Party on tuberculosis of the spine""}"
375,"{""article_jcreated_at"": ""1/1/78""}","{""article_jcreated_at"": ""1/7/01""}"
376,"{""article_jvolumn"": ""1""}","{""article_jvolumn"": ""-1""}"
377,"{""article_jissue"": ""-1""}","{""article_jissue"": ""-1""}"
378,"{""article_jcreated_at"": ""9/15/10""}","{""article_jcreated_at"": ""9/15/10""}"
379,"{""article_jcreated_at"": ""1/1/88""}","{""article_jcreated_at"": ""1/88/01""}"
380,"{""article_jcreated_at"": ""1/9/09""}","{""article_jcreated_at"": ""1/9/09""}"
381,"{""author_list"": ""{\""Renata Vrsalovi_\"",\""Eva Verona\"",\""Iva Mihatov-Stefanovi_\"",\""Biserka Cicak\""}""}","{""author_list"": ""{\""Renata Vrsalovi_,\"",\""Eva Verona\"",\""Iva Mihatov-Stefanovi_,\"",\""Biserka Cicak\""}""}"
382,"{""article_jcreated_at"": ""1/5/01""}","{""article_jcreated_at"": ""1/5/01""}"
383,"{""article_jcreated_at"": ""1/1/06""}","{""article_jcreated_at"": ""1/1/06""}"
384,"{""article_jcreated_at"": ""1/9/03""}","{""article_jcreated_at"": ""1/9/03""}"
385,"{""article_jcreated_at"": ""1/12/05""}","{""article_jcreated_at"": ""1/12/05""}"
386,"{""article_jcreated_at"": ""1/9/01""}","{""article_jcreated_at"": ""1/9/01""}"
387,"{""article_jcreated_at"": ""1/12/01""}","{""article_jcreated_at"": ""1/12/01""}"
388,"{""article_jcreated_at"": ""1/1/98""}","{""article_jcreated_at"": ""1/98""}"
389,"{""article_jcreated_at"": ""1/15/01""}","{""article_jcreated_at"": ""1/15/01""}"
390,"{""article_jissue"": ""-1""}","{""article_jissue"": ""-1""}"
391,"{""article_jcreated_at"": ""1/12/01""}","{""article_jcreated_at"": ""1/12/01""}"
392,"{""article_jcreated_at"": ""1/15/08""}","{""article_jcreated_at"": ""1/15/08""}"
393,"{""article_jcreated_at"": ""1/10/01""}","{""article_jcreated_at"": ""1/10/01""}"
394,"{""article_jvolumn"": ""1""}","{""article_jvolumn"": ""-1""}"
395,"{""article_jissue"": ""-1""}","{""article_jissue"": ""-1""}"
396,"{""article_jcreated_at"": ""7/15/03""}","{""article_jcreated_at"": ""7/15/03""}"
397,"{""article_jcreated_at"": ""1/8/07""}","{""article_jcreated_at"": ""1/8/07""}"
398,"{""author_list"": ""{\""Akin Uz_mc_gil\"",\""Meral Top_u\"",\""M Fani Bozkurt\"",\""Sinem Akg_l\""}""}","{""author_list"": ""{\""Akin Uz_mc_gil\"",\""Meral Top_u\"",\""M Fani Bozkurt\"",\""Sinem Akg_l\""}""}"
399,"{""article_jcreated_at"": ""1/1/01""}","{""article_jcreated_at"": ""1/1/01""}"
400,"{""article_jvolumn"": ""-1""}","{""article_jvolumn"": ""-1""}"
401,"{""article_jissue"": ""-1""}","{""article_jissue"": ""-1""}"
402,"{""article_jcreated_at"": ""1/6/01""}","{""article_jcreated_at"": ""1/6/01""}"
403,"{""article_jcreated_at"": ""1/13/02""}","{""article_jcreated_at"": ""1/13/02""}"
404,"{""article_jcreated_at"": ""1/12/01""}","{""article_jcreated_at"": ""1/12/01""}"
405,"{""article_jissue"": ""-1""}","{""article_jissue"": ""-1""}"
406,"{""article_jcreated_at"": ""1/14/01""}","{""article_jcreated_at"": ""1/14/01""}"
407,"{""article_jcreated_at"": ""1/9/01""}","{""article_jcreated_at"": ""1/9/01""}"
408,"{""article_jcreated_at"": ""10/1/94""}","{""article_jcreated_at"": ""1/9/10""}"
409,"{""article_jcreated_at"": ""1/10/01""}","{""article_jcreated_at"": ""1/10/01""}"
410,"{""article_jcreated_at"": ""1/11/01""}","{""article_jcreated_at"": ""1/11/01""}"
411,"{""article_jcreated_at"": ""3/1/84""}","{""article_jcreated_at"": ""1/8/03""}"
412,"{""article_jcreated_at"": ""2/14/09""}","{""article_jcreated_at"": ""2/14/09""}"
413,"{""author_list"": ""{\""Waleed Alhazzani\"",\""Lehana Thabane\"",\""Deborah J Cook\"",\""Wojciech Szczeklik\"",\""Anees Sindi\"",\""Qi Zhou\"",\""Sultan Altayyar\"",\""Anna Wludarczyk\"",\""Gordon H Guyatt\"",\""[Collective Name] Fluids in Sepsis and Septic Shock Group\"",\""Michael Wang\"",\""Guowei Li\"",\""Roman Jaeschke\"",\""Diane Heels-Ansdell\"",\""Alison Fox-Robichaud\"",\""Bram Rochwerg\"",\""Fayez Alshamsi\"",\""Wang-Chun Ip\"",\""Djillali Annane\"",\""Lawrence Mbuagbaw\""}""}","{""author_list"": ""{\""}"
414,"{""article_jcreated_at"": ""1/12/01""}","{""article_jcreated_at"": ""1/12/01""}"
415,"{""article_jcreated_at"": ""1/14/01""}","{""article_jcreated_at"": ""1/14/01""}"
416,"{""article_jcreated_at"": ""1/5/01""}","{""article_jcreated_at"": ""1/5/01""}"
417,"{""article_jcreated_at"": ""1/14/07""}","{""article_jcreated_at"": ""1/14/07""}"
418,"{""article_jcreated_at"": ""1/15/01""}","{""article_jcreated_at"": ""1/15/01""}"
419,"{""article_jcreated_at"": ""1/12/01""}","{""article_jcreated_at"": ""1/12/01""}"
420,"{""article_jcreated_at"": ""1/1/96""}","{""article_jcreated_at"": ""1/96""}"
421,"{""article_jcreated_at"": ""1/4/01""}","{""article_jcreated_at"": ""1/4/01""}"
422,"{""article_jcreated_at"": ""1/6/05""}","{""article_jcreated_at"": ""1/6/05""}"
423,"{""article_jcreated_at"": ""9/1/99""}","{""article_jcreated_at"": ""1/9/99""}"
424,"{""article_jcreated_at"": ""1/5/08""}","{""article_jcreated_at"": ""1/5/08""}"
425,"{""article_jcreated_at"": ""1/12/01""}","{""article_jcreated_at"": ""1/12/01""}"
426,"{""article_jcreated_at"": ""1/9/01""}","{""article_jcreated_at"": ""1/9/01""}"
427,"{""article_pagination"": ""Jun-70""}","{""article_pagination"": ""Jun-70""}"
428,"{""author_list"": ""{\""T Reinhold\"",\""F M_ller-Riemenschneider\"",\""S N Willich\""}""}","{""author_list"": ""{\""T Reinhold\"",\""F M_ller-Riemenschneider\"",\""S N Willich\""}""}"
429,"{""article_jcreated_at"": ""1/1/85""}","{""article_jcreated_at"": ""1/8/5""}"
430,"{""article_jcreated_at"": ""1/7/01""}","{""article_jcreated_at"": ""1/7/01""}"
431,"{""article_jcreated_at"": ""1/5/01""}","{""article_jcreated_at"": ""1/5/01""}"
432,"{""article_jcreated_at"": ""1/12/01""}","{""article_jcreated_at"": ""1/12/01""}"
433,"{""journal_issn"": ""Feb-62""}","{""journal_issn"": ""62-Feb""}"
434,"{""article_jcreated_at"": ""2/1/81""}","{""article_jcreated_at"": ""1/8/22""}"
435,"{""journal_title"": ""Cirug_a Peditrica: Organo Oficial De La Sociedad Espaola De Cirug_a Peditrica""}","{""journal_title"": ""Cirug_a Peditrica: Organo Oficial De La Sociedad Espaola De Cirug_a Peditrica""}"
436,"{""article_jcreated_at"": ""1/8/07""}","{""article_jcreated_at"": ""1/8/07""}"
437,"{""author_list"": ""{\""J Arana\"",\""E Rezola\"",\""A Villanueva\"",\""M I Intxaurrondo\"",\""M Suol\"",\""I Eizaguirre\"",\""J Garay\""}""}","{""author_list"": ""{\""J Arana\"",\""E Rezola\"",\""A Villanueva\"",\""M I Intxaurrondo\"",\""M Suol\"",\""I Eizaguirre\"",\""J Garay\""}""}"
438,"{""article_jcreated_at"": ""1/8/12""}","{""article_jcreated_at"": ""1/8/12""}"
439,"{""article_jcreated_at"": ""1/12/01""}","{""article_jcreated_at"": ""1/12/01""}"
440,"{""article_jcreated_at"": ""1/12/08""}","{""article_jcreated_at"": ""1/12/08""}"
441,"{""article_jcreated_at"": ""1/14/04""}","{""article_jcreated_at"": ""1/14/04""}"
442,"{""article_jcreated_at"": ""1/11/01""}","{""article_jcreated_at"": ""1/11/01""}"
443,"{""article_pagination"": ""11-Jan""}","{""article_pagination"": ""Jan-11""}"
444,"{""article_jcreated_at"": ""1/14/03""}","{""article_jcreated_at"": ""1/14/03""}"
445,"{""article_jcreated_at"": ""1/13/01""}","{""article_jcreated_at"": ""1/13/01""}"
446,"{""article_jcreated_at"": ""1/14/02""}","{""article_jcreated_at"": ""1/14/02""}"
447,"{""article_jcreated_at"": ""1/14/01""}","{""article_jcreated_at"": ""1/14/01""}"
448,"{""article_jcreated_at"": ""1/12/01""}","{""article_jcreated_at"": ""1/12/01""}"
449,"{""article_jcreated_at"": ""1/13/02""}","{""article_jcreated_at"": ""1/13/02""}"
450,"{""article_title"": ""Clinical and pharmacologic phase I study of Cemadotin-HCl (LU103793), a novel antimitotic peptide, given as 24-hour infusion in patients with advanced cancer. A study of the Arbeitsgemeinschaft Internistische Onkologie (AIO) Phase I Group and Arbeitsgruppe Pharmakologie in der Onkologie und Haematologie (APOH) Group of the German Cancer Society.""}","{""article_title"": ""Clinical and pharmacologic phase I study of Cemadotin-HCl (LU103793), a novel antimitotic peptide, given as 24-hour infusion in patients with advanced cancer. A study of the Arbeitsgemeinschaft Internistische Onkologie (AIO) Phase I Group and Arbeitsgruppe Pharmakologie in der Onk"
451,"{""article_jcreated_at"": ""12/1/98""}","{""article_jcreated_at"": ""1/9/12""}"
452,"{""article_jcreated_at"": ""1/9/04""}","{""article_jcreated_at"": ""1/9/04""}"
453,"{""article_jcreated_at"": ""1/13/07""}","{""article_jcreated_at"": ""1/13/07""}"
454,"{""article_jcreated_at"": ""1/4/01""}","{""article_jcreated_at"": ""1/4/01""}"
455,"{""article_jcreated_at"": ""1/1/97""}","{""article_jcreated_at"": ""1/97""}"
456,"{""article_jcreated_at"": ""1/10/01""}","{""article_jcreated_at"": ""1/10/01""}"
457,"{""article_jcreated_at"": ""1/6/03""}","{""article_jcreated_at"": ""1/6/03""}"
458,"{""article_pagination"": ""15-Jan""}","{""article_pagination"": ""Jan-15""}"
459,"{""article_jcreated_at"": ""1/10/11""}","{""article_jcreated_at"": ""1/10/11""}"
460,"{""article_jcreated_at"": ""1/1/00""}","{""article_jcreated_at"": ""1/00/01""}"
461,"{""article_title"": ""Safety and efficacy of weekly nab_-paclitaxel in combination with carboplatin as first-line therapy in elderly patients with advanced non-small-cell lung cancer.""}","{""article_title"": ""Safety and efficacy of weekly nab-paclitaxel in combination with carboplatin as first-line therapy in elderly patients with advanced non-small-cell lung cancer.""}"
462,"{""article_jcreated_at"": ""1/13/02""}","{""article_jcreated_at"": ""1/13/02""}"
463,"{""article_jcreated_at"": ""3/1/99""}","{""article_jcreated_at"": ""1/99/03""}"
464,"{""article_pagination"": ""Mar-91""}","{""article_pagination"": ""Mar-91""}"
465,"{""article_jcreated_at"": ""1/4/01""}","{""article_jcreated_at"": ""1/4/01""}"
466,"{""article_jcreated_at"": ""1/8/01""}","{""article_jcreated_at"": ""1/8/01""}"
467,"{""article_jissue"": ""-1""}","{""article_jissue"": ""-1""}"
468,"{""article_jcreated_at"": ""1/1/63""}","{""article_jcreated_at"": ""1/63/01""}"
469,"{""article_jcreated_at"": ""1/12/01""}","{""article_jcreated_at"": ""1/12/01""}"
470,"{""article_jcreated_at"": ""1/15/01""}","{""article_jcreated_at"": ""1/15/01""}"
471,"{""article_pagination"": ""Aug-43""}","{""article_pagination"": ""Aug-43""}"
472,"{""article_jcreated_at"": ""1/9/01""}","{""article_jcreated_at"": ""1/9/01""}"
473,"{""article_jcreated_at"": ""1/1/95""}","{""article_jcreated_at"": ""1/95/01""}"
474,"{""article_jcreated_at"": ""1/9/12""}","{""article_jcreated_at"": ""1/9/12""}"
475,"{""author_list"": ""{\""Serkan Durdu\"",\""Ahmet R__han Akar\"",\""G_nseli Cubuk_uolu Deniz\""}""}","{""author_list"": ""{\""Serkan Durdu\"",\""Ahmet R_han Akar\"",\""G_nseli Cubuk_o Deniz\""}""}"
476,"{""article_jcreated_at"": ""1/1/97""}","{""article_jcreated_at"": ""1/97""}"
477,"{""author_list"": ""{\""K. Tamaki\"",\""A. G. C_lar\"",\""S. Beyrer\"",\""H. Aoki\""}""}","{""author_list"": ""{\""K. Tamaki\"",\""A. G. Clar\"",\""S. Beyrer\"",\""H. Aoki\""}""}"
478,"{""article_jcreated_at"": ""1/1/00""}","{""article_jcreated_at"": ""1/1/00""}"
479,"{""article_jcreated_at"": ""1/7/01""}","{""article_jcreated_at"": ""1/7/01""}"
480,"{""article_jcreated_at"": ""1/11/01""}","{""article_jcreated_at"": ""1/11/01""}"
481,"{""article_jcreated_at"": ""1/13/01""}","{""article_jcreated_at"": ""1/13/01""}"
482,"{""journal_issn"": ""Feb-65""}","{""journal_issn"": ""65-Feb""}"
483,"{""article_jcreated_at"": ""1/8/01""}","{""article_jcreated_at"": ""1/8/01""}"
484,"{""author_list"": ""{\""J. Naesdal\"",\""M. Danilewitz\"",\""J. Adler\"",\""D. G. DA  - Oct DO  - 10.1111/j.1572-0241.2008.02115.x DP  - NLM ET  - 2008/09/09 Silberg\"",\""C. Hwang\"",\""D. A. Drossman\""}""}","{""author_list"": ""{\""}"
485,"{""article_jissue"": ""1""}","{""article_jissue"": ""-1""}"
486,"{""article_jcreated_at"": ""1/14/01""}","{""article_jcreated_at"": ""1/14/01""}"
487,"{""author_list"": ""{\""Yi Wang\"",\""Yu Zhou\"",\""RongDang Hu\"",\""XiuYing Wang\"",\""Gerald Volire\""}""}","{""author_list"": ""{\""Yi Wang\"",\""Yu Zhou\"",\""RongDang Hu\"",\""XiuYing Wang\"",\""Gerald Voliare\""}""}"
488,"{""article_jcreated_at"": ""1/11/01""}","{""article_jcreated_at"": ""1/11/01""}"
489,"{""article_jcreated_at"": ""1/15/01""}","{""article_jcreated_at"": ""1/15/01""}"
490,"{""author_list"": ""{\""M Raderer\"",\""C Gedlicka\"",\""A Lenauer\"",\""D Depisch\"",\""W Scheithauer\"",\""B Schneeweiss\"",\""W Fiebiger\"",\""F Lang\"",\""G V Kornek\"",\""B Sch_ll\""}""}","{""author_list"": ""{\""M Raderer\"",\""C Gedlicka\"",\""A Lenauer\"",\""D Depisch\"",\""W Scheithauer\"",\""B Schneeweiss\"",\""W Fiebiger\"",\""F Lang\"",\""G V Kornek\"",\""B Sch_ll\""}""}"
491,"{""journal_issn"": ""14-Feb""}","{""journal_issn"": ""14-Feb""}"
492,"{""article_jcreated_at"": ""1/14/04""}","{""article_jcreated_at"": ""1/14/04""}"
493,"{""article_jcreated_at"": ""1/14/06""}","{""article_jcreated_at"": ""1/14/06""}"
494,"{""article_jcreated_at"": ""1/7/01""}","{""article_jcreated_at"": ""1/7/01""}"
495,"{""article_jcreated_at"": ""1/7/01""}","{""article_jcreated_at"": ""1/7/01""}"
496,"{""article_jvolumn"": ""-1""}","{""article_jvolumn"": ""-1""}"
497,"{""article_jissue"": ""-1""}","{""article_jissue"": ""-1""}"
498,"{""article_jissue"": ""-1""}","{""article_jissue"": ""-1""}"
499,"{""article_jcreated_at"": ""1/13/01""}","{""article_jcreated_at"": ""1/13/01""}"
500,"{""article_jcreated_at"": ""1/7/01""}","{""article_jcreated_at"": ""1/7/01""}"
501,"{""article_jcreated_at"": ""1/14/05""}","{""article_jcreated_at"": ""1/14/05""}"
502,"{""author_list"": ""{\""Marie-Pierre Gagnon\"",\""Claude Sicotte\"",\""_dith-Romy Nsangou\"",\""Sonya Grenier\"",\""Julie Payne-Gagnon\""}""}","{""author_list"": ""{\""Marie-Pierre Gagnon\"",\""Claude Sicotte\"",\""Dith-Romy Nsangou\"",\""Sonya Grenier\"",\""Julie Payne-Gagnon\""}""}"
503,"{""article_jcreated_at"": ""1/3/01""}","{""article_jcreated_at"": ""1/3/01""}"
504,"{""article_jcreated_at"": ""1/9/05""}","{""article_jcreated_at"": ""1/9/05""}"
505,"{""article_jcreated_at"": ""1/12/09""}","{""article_jcreated_at"": ""1/12/09""}"
506,"{""article_jcreated_at"": ""1/10/01""}","{""article_jcreated_at"": ""1/10/01""}"
507,"{""article_jcreated_at"": ""1/11/01""}","{""article_jcreated_at"": ""1/11/01""}"
508,"{""article_jcreated_at"": ""1/4/01""}","{""article_jcreated_at"": ""1/4/01""}"
509,"{""journal_title"": ""Nowoczesne biomateria_y jako opatrunki hemostatyczne w chirurgii oszczedzajacej miazsz nerki--model zwierzecy. Doniesienie wstepne.""}","{""journal_title"": ""Nowoczesne biomateria_y jako opatrunki hemostatyczne w chirurgii oszczedzajacej miazsz nerki--model zwierzecy. Doniesienie wstepne.""}"
510,"{""article_jcreated_at"": ""1/7/01""}","{""article_jcreated_at"": ""1/7/01""}"
511,"{""article_pagination"": ""May-51""}","{""article_pagination"": ""May-51""}"
512,"{""author_list"": ""{\""Przemys_aw P Szyber\"",\""Artur Pupka\"",\""Piotr Szyber\"",\""Jerzy Garcarek\""}""}","{""author_list"": ""{\""Przemys_aw P Szyber\"",\""Artur Pupka\"",\""Piotr Szyber\"",\""Jerzy Garcarek\""}""}"
513,"{""article_jcreated_at"": ""1/9/01""}","{""article_jcreated_at"": ""1/9/01""}"
514,"{""article_jcreated_at"": ""1/12/12""}","{""article_jcreated_at"": ""1/12/12""}"
515,"{""article_jcreated_at"": ""1/9/01""}","{""article_jcreated_at"": ""1/9/01""}"
516,"{""article_jcreated_at"": ""1/9/01""}","{""article_jcreated_at"": ""1/9/01""}"
517,"{""article_jcreated_at"": ""1/12/01""}","{""article_jcreated_at"": ""1/12/01""}"
518,"{""article_jcreated_at"": ""1/13/11""}","{""article_jcreated_at"": ""1/13/11""}"
519,"{""article_jcreated_at"": ""1/14/12""}","{""article_jcreated_at"": ""1/14/12""}"
520,"{""author_list"": ""{\""Makbule Gezmen-Karadag\"",\""Anke Oenema\"",\""Saskia J te Velde\"",\""Hilal Yildiran\"",\""Mai J M Chinapaw\"",\""Johannes Brug\"",\""Mine Yildirim\"",\""Eda Koksal\"",\""Saniye Bilici\"",\""Nilufer Acar-Tek\"",\""Gamze Akbulut\"",\""Nevin Sanlier\"",\""Maartje M van Stralen\"",\""Judith S B de Meij\"",\""Amika S Singh\""}""}","{""author_list"": ""{\""}"
521,"{""article_jcreated_at"": ""1/4/01""}","{""article_jcreated_at"": ""1/4/01""}"
522,"{""article_jcreated_at"": ""1/13/01""}","{""article_jcreated_at"": ""1/13/01""}"
523,"{""article_jcreated_at"": ""1/11/01""}","{""article_jcreated_at"": ""1/11/01""}"
524,"{""article_jcreated_at"": ""1/15/01""}","{""article_jcreated_at"": ""1/15/01""}"
525,"{""article_jcreated_at"": ""1/11/05""}","{""article_jcreated_at"": ""1/11/05""}"
526,"{""author_list"": ""{\""Nielsen H.O.\"",\""Edwin B.\"",\""H_nerbein M.\"",\""Hovendal C.\"",\""Liedman B.\"",\""Mortensen M.B.\""}""}","{""author_list"": ""{\""Nielsen H.O.\"",\""Edwin B.\"",\""H_nerbein M.\"",\""Hovendal C.\"",\""Liedman B.\"",\""Mortensen M.B.\""}""}"
527,"{""article_jcreated_at"": ""1/13/01""}","{""article_jcreated_at"": ""1/13/01""}"
528,"{""article_jcreated_at"": ""1/13/01""}","{""article_jcreated_at"": ""1/13/01""}"
529,"{""article_jcreated_at"": ""1/9/05""}","{""article_jcreated_at"": ""1/9/05""}"
530,"{""article_jcreated_at"": ""3/15/04""}","{""article_jcreated_at"": ""3/15/04""}"
531,"{""article_jissue"": ""-1""}","{""article_jissue"": ""-1""}"
532,"{""article_jcreated_at"": ""1/13/01""}","{""article_jcreated_at"": ""1/13/01""}"
533,"{""article_jcreated_at"": ""1/12/07""}","{""article_jcreated_at"": ""1/12/07""}"
534,"{""article_jcreated_at"": ""1/14/03""}","{""article_jcreated_at"": ""1/14/03""}"
535,"{""article_jcreated_at"": ""1/11/01""}","{""article_jcreated_at"": ""1/11/01""}"
536,"{""article_jcreated_at"": ""1/9/04""}","{""article_jcreated_at"": ""1/9/04""}"
537,"{""article_pagination"": ""Sep-94""}","{""article_pagination"": ""Sep-94""}"
538,"{""article_jcreated_at"": ""1/6/01""}","{""article_jcreated_at"": ""1/6/01""}"
539,"{""article_jcreated_at"": ""1/1/99""}","{""article_jcreated_at"": ""1/99/01""}"
540,"{""article_jcreated_at"": ""1/11/04""}","{""article_jcreated_at"": ""1/11/04""}"
541,"{""author_list"": ""{\""Linsenmaier U\"",\""Geyer LL\"",\""K_rner M\"",\""Meisel CD\"",\""Wirth S\"",\""Reiser MF\""}""}","{""author_list"": ""{\""Linsenmaier U\"",\""Geyer LL\"",\""K_rner M\"",\""Meisel CD\"",\""Wirth S\"",\""Reiser MF\""}""}"
542,"{""article_jcreated_at"": ""6/1/96""}","{""article_jcreated_at"": ""1/96/06""}"
543,"{""article_jcreated_at"": ""1/1/99""}","{""article_jcreated_at"": ""1/99/01""}"
544,"{""article_jcreated_at"": ""1/1/00""}","{""article_jcreated_at"": ""1/00/01""}"
545,"{""author_list"": ""{\""L Lenhardt\"",\""S Mozes\"",\""A Martinkov\""}""}","{""author_list"": ""{\""L Lenhardt\"",\""S Mozes\"",\""A Martinkov\""}""}"
546,"{""article_jcreated_at"": ""1/10/03""}","{""article_jcreated_at"": ""1/10/03""}"
547,"{""article_jcreated_at"": ""1/14/01""}","{""article_jcreated_at"": ""1/14/01""}"
548,"{""article_jcreated_at"": ""1/12/07""}","{""article_jcreated_at"": ""1/12/07""}"
549,"{""article_jcreated_at"": ""1/10/09""}","{""article_jcreated_at"": ""1/10/09""}"
550,"{""article_jcreated_at"": ""1/7/01""}","{""article_jcreated_at"": ""1/7/01""}"
551,"{""article_jcreated_at"": ""4/1/68""}","{""article_jcreated_at"": ""1/68/04""}"
552,"{""article_jcreated_at"": ""1/13/08""}","{""article_jcreated_at"": ""1/13/08""}"
553,"{""article_jcreated_at"": ""1/10/01""}","{""article_jcreated_at"": ""1/10/01""}"
554,"{""article_jcreated_at"": ""1/5/01""}","{""article_jcreated_at"": ""1/5/01""}"
555,"{""article_jcreated_at"": ""1/11/01""}","{""article_jcreated_at"": ""1/11/01""}"
556,"{""article_jcreated_at"": ""1/4/01""}","{""article_jcreated_at"": ""1/4/01""}"
557,"{""article_jcreated_at"": ""12/7/02""}","{""article_jcreated_at"": ""12/7/02""}"
558,"{""author_list"": ""{\""Sren Brostrm\"",\""Gunnar Lose\""}""}","{""author_list"": ""{\""Sren Brostrm\"",\""Gunnar Lose\""}""}"
559,"{""article_jcreated_at"": ""1/1/91""}","{""article_jcreated_at"": ""1/91/01""}"
560,"{""article_jcreated_at"": ""1/11/01""}","{""article_jcreated_at"": ""1/11/01""}"
561,"{""article_jcreated_at"": ""1/9/01""}","{""article_jcreated_at"": ""1/9/01""}"
562,"{""article_jcreated_at"": ""1/8/03""}","{""article_jcreated_at"": ""1/8/03""}"
563,"{""author_list"": ""{\""E A M Janssen\"",\""C Brodin\"",\""P Ogreid\"",\""K Kjellevold\"",\""L G Gransson\"",\""L Vatten\"",\""P R Romundstad\"",\""R Omdal\"",\""K Wildhagen\""}""}","{""author_list"": ""{\""E A M Janssen\"",\""C Brodin\"",\""P Ogreid\"",\""K Kjellevold\"",\""L G G_ransson\"",\""L Vatten\"",\""P R Romundstad\"",\""R Omdal\"",\""K Wildhagen\""}""}"
564,"{""article_jcreated_at"": ""1/1/00""}","{""article_jcreated_at"": ""1/00/01""}"
565,"{""journal_issn"": ""Nov-53""}","{""journal_issn"": ""53-Nov""}"
566,"{""article_jcreated_at"": ""1/1/67""}","{""article_jcreated_at"": ""1/67""}"
567,"{""article_jcreated_at"": ""1/13/01""}","{""article_jcreated_at"": ""1/13/01""}"
568,"{""article_jcreated_at"": ""1/13/01""}","{""article_jcreated_at"": ""1/13/01""}"
569,"{""article_jcreated_at"": ""1/2/01""}","{""article_jcreated_at"": ""1/2/01""}"
570,"{""article_jcreated_at"": ""1/15/06""}","{""article_jcreated_at"": ""1/15/06""}"
571,"{""article_jissue"": ""-1""}","{""article_jissue"": ""-1""}"
572,"{""article_jcreated_at"": ""1/13/01""}","{""article_jcreated_at"": ""1/13/01""}"
573,"{""article_jcreated_at"": ""1/1/97""}","{""article_jcreated_at"": ""1/97""}"
574,"{""article_jcreated_at"": ""1/14/04""}","{""article_jcreated_at"": ""1/14/04""}"
575,"{""article_jcreated_at"": ""1/11/01""}","{""article_jcreated_at"": ""1/11/01""}"
576,"{""article_jcreated_at"": ""1/13/08""}","{""article_jcreated_at"": ""1/13/08""}"
577,"{""article_jcreated_at"": ""1/11/10""}","{""article_jcreated_at"": ""1/11/10""}"
578,"{""article_jcreated_at"": ""1/1/77""}","{""article_jcreated_at"": ""1/77""}"
579,"{""article_jcreated_at"": ""1/13/01""}","{""article_jcreated_at"": ""1/13/01""}"
580,"{""article_jvolumn"": ""-1""}","{""article_jvolumn"": ""-1""}"
581,"{""article_jcreated_at"": ""1/1/00""}","{""article_jcreated_at"": ""1/00/01""}"
582,"{""article_jcreated_at"": ""1/15/04""}","{""article_jcreated_at"": ""1/15/04""}"
583,"{""article_jcreated_at"": ""3/14/10""}","{""article_jcreated_at"": ""3/14/10""}"
584,"{""article_jcreated_at"": ""5/8/10""}","{""article_jcreated_at"": ""5/8/10""}"
585,"{""article_jcreated_at"": ""1/8/03""}","{""article_jcreated_at"": ""1/8/03""}"
586,"{""article_pagination"": ""Jul-83""}","{""article_pagination"": ""Jul-83""}"
587,"{""article_jcreated_at"": ""1/14/01""}","{""article_jcreated_at"": ""1/14/01""}"
588,"{""article_jcreated_at"": ""1/14/01""}","{""article_jcreated_at"": ""1/14/01""}"
589,"{""article_jcreated_at"": ""1/9/06""}","{""article_jcreated_at"": ""1/9/06""}"
590,"{""article_jcreated_at"": ""11/7/05""}","{""article_jcreated_at"": ""11/7/05""}"
591,"{""article_title"": ""The parvalbumin-positive interneurons in the mouse dentate gyrus express GABAA receptor subunits 1, _2, and  along their extrasynaptic cell membrane.""}","{""article_title"": ""The parvalbumin-positive interneurons in the mouse dentate gyrus express GABAA receptor subunits 1, _2, and  along their extrasynaptic cell membrane.""}"
592,"{""article_jissue"": ""-1""}","{""article_jissue"": ""-1""}"
593,"{""author_list"": ""{\""H H_ger\"",\""W Sieghart\"",\""T Klausberger\"",\""I Milenkovic\"",\""M Vasiljevic\"",\""D Maurer\""}""}","{""author_list"": ""{\""H H_ger\"",\""W Sieghart\"",\""T Klausberger\"",\""I Milenkovic\"",\""M Vasiljevic\"",\""D Maurer\""}""}"
594,"{""article_jvolumn"": ""-1""}","{""article_jvolumn"": ""-1""}"
595,"{""article_jissue"": ""-1""}","{""article_jissue"": ""-1""}"
596,"{""article_jcreated_at"": ""5/22/14""}","{""article_jcreated_at"": ""22/14/05""}"
597,"{""article_jcreated_at"": ""1/1/05""}","{""article_jcreated_at"": ""1/1/05""}"
598,"{""article_jcreated_at"": ""3/1/00""}","{""article_jcreated_at"": ""1/00/03""}"
599,"{""article_jcreated_at"": ""1/11/10""}","{""article_jcreated_at"": ""1/11/10""}"
600,"{""article_jcreated_at"": ""1/6/01""}","{""article_jcreated_at"": ""1/6/01""}"
601,"{""article_jcreated_at"": ""1/4/01""}","{""article_jcreated_at"": ""1/4/01""}"
602,"{""article_jcreated_at"": ""1/5/05""}","{""article_jcreated_at"": ""1/5/05""}"
603,"{""article_jcreated_at"": ""1/1/95""}","{""article_jcreated_at"": ""1/95""}"
604,"{""article_jcreated_at"": ""1/4/01""}","{""article_jcreated_at"": ""1/4/01""}"
605,"{""article_jcreated_at"": ""1/5/01""}","{""article_jcreated_at"": ""1/5/01""}"
606,"{""article_jcreated_at"": ""1/6/01""}","{""article_jcreated_at"": ""1/6/01""}"
607,"{""article_jcreated_at"": ""1/14/01""}","{""article_jcreated_at"": ""1/14/01""}"
608,"{""article_jcreated_at"": ""3/1/92""}","{""article_jcreated_at"": ""1/92/03""}"
609,"{""article_jvolumn"": ""-1""}","{""article_jvolumn"": ""-1""}"
610,"{""article_jissue"": ""-1""}","{""article_jissue"": ""-1""}"
611,"{""article_jcreated_at"": ""7/28/14""}","{""article_jcreated_at"": ""28/14/07""}"
612,"{""article_jvolumn"": ""-1""}","{""article_jvolumn"": ""-1""}"
613,"{""article_jissue"": ""-1""}","{""article_jissue"": ""-1""}"
614,"{""article_jcreated_at"": ""1/9/01""}","{""article_jcreated_at"": ""1/9/01""}"
615,"{""article_jcreated_at"": ""1/7/01""}","{""article_jcreated_at"": ""1/7/01""}"
616,"{""article_jcreated_at"": ""1/12/09""}","{""article_jcreated_at"": ""1/12/09""}"
617,"{""article_jcreated_at"": ""1/12/06""}","{""article_jcreated_at"": ""1/12/06""}"
618,"{""author_list"": ""{\""R Carraro\"",\""M F Rasmussen\"",\""L Niskanen\"",\""A Harper\"",\""N Finer\"",\""S R_ssner\"",\""M Kunesova\"",\""L Van Gaal\"",\""M E J Lean\"",\""A Astrup\"",\""A Rissanen\"",\""M J Savolainen\"",\""[Collective Name] NN8022-1807 Investigators\""}""}","{""author_list"": ""{\""}"
619,"{""article_jcreated_at"": ""1/10/01""}","{""article_jcreated_at"": ""1/10/01""}"
620,"{""article_jcreated_at"": ""1/13/01""}","{""article_jcreated_at"": ""1/13/01""}"
621,"{""article_jcreated_at"": ""1/1/98""}","{""article_jcreated_at"": ""1/98""}"
622,"{""article_jcreated_at"": ""10/1/96""}","{""article_jcreated_at"": ""1/96/10""}"
623,"{""article_jcreated_at"": ""1/11/01""}","{""article_jcreated_at"": ""1/11/01""}"
624,"{""article_jcreated_at"": ""1/12/11""}","{""article_jcreated_at"": ""1/12/11""}"
625,"{""author_list"": ""{\""Gerlane ngela da Costa Moreira\"",\""Denyse Dutra Alencar Vasconcelos\"",\""Amanda Costa de Freitas\"",\""Carla Cristina Braga Maranho\"",\""Danielle Figueiredo Patricio\""}""}","{""author_list"": ""{\""Gerlane ngela da Costa Moreira\"",\""Denyse Dutra Alencar Vasconcelos\"",\""Amanda Costa de Freitas\"",\""Carla Cristina Braga Maranh_o\"",\""Danielle Figueiredo Patricio\""}""}"
626,"{""article_jcreated_at"": ""1/4/01""}","{""article_jcreated_at"": ""1/4/01""}"
627,"{""article_jcreated_at"": ""1/10/05""}","{""article_jcreated_at"": ""1/10/05""}"
628,"{""author_list"": ""{\""Philipp Martius\"",\""Anna Buchheim\"",\""Peter Buchheim\"",\""Susanne H_rz\"",\""Michael Rentrop\"",\""Cord Benecke\"",\""Peter Schuster\"",\""Melitta Fischer-Kern\"",\""Stephan Doering\""}""}","{""author_list"": ""{\""Philipp Martius\"",\""Anna Buchheim\"",\""Peter Buchheim\"",\""Susanne Hörz\"",\""Michael Rentrop\"",\""Cord Benecke\"",\""Peter Schuster\"",\""Melitta Fischer-Kern\"",\""Stephan Doering\""}""}"
629,"{""article_jcreated_at"": ""1/11/01""}","{""article_jcreated_at"": ""1/11/01""}"
630,"{""article_jcreated_at"": ""1/15/02""}","{""article_jcreated_at"": ""1/15/02""}"
631,"{""article_jcreated_at"": ""1/5/01""}","{""article_jcreated_at"": ""1/5/01""}"
632,"{""article_jcreated_at"": ""1/10/01""}","{""article_jcreated_at"": ""1/10/01""}"
633,"{""article_jcreated_at"": ""6/1/00""}","{""article_jcreated_at"": ""1/00/06""}"
634,"{""article_jcreated_at"": ""1/11/07""}","{""article_jcreated_at"": ""1/11/07""}"
635,"{""author_list"": ""{\""Ana Maria Baptista Menezes\"",\""David Alejandro Gonzlez\"",\""Elaine Cardozo Macedo\"",\""Pedro Curi Hallal\"",\""Maria de Ftima Maia\"",\""Marli Knorst\"",\""Samuel Carvalho Dumith\"",\""Jeovany Mart_nez-Mesa\"",\""Ricardo Bica Noal\"",\""Fernando Csar Wehrmeister\"",\""Jos Roberto Jardim\""}""}","{""author_list"": ""{\""}"
636,"{""article_jcreated_at"": ""1/12/01""}","{""article_jcreated_at"": ""1/12/01""}"
637,"{""article_jcreated_at"": ""1/12/01""}","{""article_jcreated_at"": ""1/12/01""}"
638,"{""article_jcreated_at"": ""1/1/96""}","{""article_jcreated_at"": ""1/96""}"
639,"{""article_jcreated_at"": ""1/14/03""}","{""article_jcreated_at"": ""1/14/03""}"
640,"{""article_jcreated_at"": ""1/5/01""}","{""article_jcreated_at"": ""1/5/01""}"
641,"{""article_jcreated_at"": ""1/14/06""}","{""article_jcreated_at"": ""1/14/06""}"
642,"{""article_jcreated_at"": ""1/14/01""}","{""article_jcreated_at"": ""1/14/01""}"
643,"{""article_jcreated_at"": ""1/8/01""}","{""article_jcreated_at"": ""1/8/01""}"
644,"{""article_jcreated_at"": ""1/7/07""}","{""article_jcreated_at"": ""1/7/07""}"
645,"{""article_jcreated_at"": ""1/10/06""}","{""article_jcreated_at"": ""1/10/06""}"
646,"{""article_jcreated_at"": ""1/14/04""}","{""article_jcreated_at"": ""1/14/04""}"
647,"{""author_list"": ""{\""Anna Nidecker\"",\""Siamak Ardekani\"",\""E Mark Mahone\"",\""Firouzeh Tannazi\"",\""Jarunee Intrapiromkul\"",\""Moody Wharam\"",\""Larry J Brant\"",\""Alena Horsk\""}""}","{""author_list"": ""{\""Anna Nidecker\"",\""Siamak Ardekani\"",\""E Mark Mahone\"",\""Firouzeh Tannazi\"",\""Jarunee Intrapiromkul\"",\""Moody Wharam\"",\""Larry J Brant\"",\""Alena Horsk\""}""}"
648,"{""article_jcreated_at"": ""1/13/01""}","{""article_jcreated_at"": ""1/13/01""}"
649,"{""article_jcreated_at"": ""1/11/01""}","{""article_jcreated_at"": ""1/11/01""}"
650,"{""article_jcreated_at"": ""1/9/10""}","{""article_jcreated_at"": ""1/9/10""}"
651,"{""article_jcreated_at"": ""1/9/09""}","{""article_jcreated_at"": ""1/9/09""}"
652,"{""article_jcreated_at"": ""1/3/12""}","{""article_jcreated_at"": ""1/3/12""}"
653,"{""article_jcreated_at"": ""1/13/01""}","{""article_jcreated_at"": ""1/13/01""}"
654,"{""article_jcreated_at"": ""1/1/95""}","{""article_jcreated_at"": ""1/95""}"
655,"{""article_jcreated_at"": ""1/13/01""}","{""article_jcreated_at"": ""1/13/01""}"
656,"{""article_pagination"": ""Mar-81""}","{""article_pagination"": ""Mar-81""}"
657,"{""article_jcreated_at"": ""1/14/01""}","{""article_jcreated_at"": ""1/14/01""}"
658,"{""article_jcreated_at"": ""1/1/98""}","{""article_jcreated_at"": ""1/98/01""}"
659,"{""article_jcreated_at"": ""1/5/01""}","{""article_jcreated_at"": ""1/5/01""}"
660,"{""article_jcreated_at"": ""1/5/04""}","{""article_jcreated_at"": ""1/5/04""}"
661,"{""article_jcreated_at"": ""1/10/01""}","{""article_jcreated_at"": ""1/10/01""}"
662,"{""article_jcreated_at"": ""1/10/10""}","{""article_jcreated_at"": ""1/10/10""}"
663,"{""article_jcreated_at"": ""1/2/01""}","{""article_jcreated_at"": ""1/2/01""}"
664,"{""article_jcreated_at"": ""1/11/01""}","{""article_jcreated_at"": ""1/11/01""}"
665,"{""article_jcreated_at"": ""1/14/01""}","{""article_jcreated_at"": ""1/14/01""}"
666,"{""article_jcreated_at"": ""1/15/09""}","{""article_jcreated_at"": ""1/15/09""}"
667,"{""article_jcreated_at"": ""1/14/01""}","{""article_jcreated_at"": ""1/14/01""}"
668,"{""article_jcreated_at"": ""1/7/08""}","{""article_jcreated_at"": ""1/7/08""}"
669,"{""article_jcreated_at"": ""1/12/01""}","{""article_jcreated_at"": ""1/12/01""}"
670,"{""article_jissue"": ""-1""}","{""article_jissue"": ""-1""}"
671,"{""article_jcreated_at"": ""1/14/10""}","{""article_jcreated_at"": ""1/14/10""}"
672,"{""article_jcreated_at"": ""1/1/99""}","{""article_jcreated_at"": ""1/99""}"
673,"{""article_jcreated_at"": ""1/9/01""}","{""article_jcreated_at"": ""1/9/01""}"
674,"{""article_title"": ""Optical turbulence: weak turbulence, condensates and collapsing filaments in the nonlinear Schr_dinger equation""}","{""article_title"": ""Optical turbulence: weak turbulence, condensates and collapsing filaments in the nonlinear Schrödinger equation""}"
675,"{""journal_title"": ""Zeitschrift fr Erkrankungen der Atmungsorgane mit Folia bronchologica""}","{""journal_title"": ""Zeitschrift fur Erkrankungen der Atmungsorgane mit Folia bronchologica""}"
676,"{""article_jcreated_at"": ""12/1/70""}","{""article_jcreated_at"": ""1/7/12""}"
677,"{""article_jcreated_at"": ""1/3/12""}","{""article_jcreated_at"": ""1/3/12""}"
678,"{""article_jcreated_at"": ""1/14/09""}","{""article_jcreated_at"": ""1/14/09""}"
679,"{""article_jcreated_at"": ""1/3/10""}","{""article_jcreated_at"": ""1/3/10""}"
680,"{""article_jcreated_at"": ""1/1/86""}","{""article_jcreated_at"": ""1/86/01""}"
681,"{""article_jcreated_at"": ""1/13/01""}","{""article_jcreated_at"": ""1/13/01""}"
682,"{""article_jcreated_at"": ""1/11/04""}","{""article_jcreated_at"": ""1/11/04""}"
683,"{""author_list"": ""{\""Gilles Montalescot\"",\""Gordon FitzGerald\"",\""Kurt G Barringhaus\"",\""[Collective Name] GRACE Investigators\"",\""Frans Van de Werf\"",\""Joel M Gore\"",\""David D McManus\"",\""Jos L_pez-Send_n\"",\""Philippe Gabriel Steg\"",\""Kay Lee Park\""}""}","{""author_list"": ""{\""Gilles Montalescot\"",\""Gordon FitzGerald\"",\""Kurt G Barringhaus\"",\""[Collective Name] GRACE Investigators\"",\""Frans Van de Werf\"",\""Joel M Gore\"",\""David D McManus\"",\""Jos_ L_pez-Send_n\"",\""Philippe Gabriel Steg\"",\""Kay Lee Park\""}""}"
684,"{""article_jcreated_at"": ""6/14/02""}","{""article_jcreated_at"": ""6/14/02""}"
685,"{""article_pagination"": ""Jun-93""}","{""article_pagination"": ""Jun-93""}"
686,"{""author_list"": ""{\""Marcus R Munaf_\"",\""Mike W Peacey\"",\""In-Uck Park\""}""}","{""author_list"": ""{\""Marcus R Munaf_r\"",\""Mike W Peacey\"",\""In-Uck Park\""}""}"
687,"{""article_jcreated_at"": ""1/4/09""}","{""article_jcreated_at"": ""1/4/09""}"
688,"{""article_jcreated_at"": ""1/8/01""}","{""article_jcreated_at"": ""1/8/01""}"
689,"{""article_jcreated_at"": ""1/14/01""}","{""article_jcreated_at"": ""1/14/01""}"
690,"{""article_jcreated_at"": ""1/6/01""}","{""article_jcreated_at"": ""1/6/01""}"
691,"{""article_jcreated_at"": ""1/10/08""}","{""article_jcreated_at"": ""1/10/08""}"
692,"{""author_list"": ""{\""R Schwarz\"",\""J Ernst\"",\""M Zenger\"",\""E Br_hler\"",\""R Schmidt\""}""}","{""author_list"": ""{\""R Schwarz\"",\""J Ernst\"",\""M Zenger\"",\""E Br_hler\"",\""R Schmidt\""}""}"
693,"{""article_jcreated_at"": ""1/5/01""}","{""article_jcreated_at"": ""1/5/01""}"
694,"{""author_list"": ""{\""M. Rossignol\"",\""F. A. Allaert\"",\""B. Bannwarth\"",\""J. P. C1  - Frn RCT-s_kningen CN  - Pubmed DA  - Jun DP  - NLM ET  - 2005/06/09 Valat\"",\""S. Rozenberg\"",\""B. Avouac\""}""}","{""author_list"": ""{\""}"
695,"{""article_jcreated_at"": ""1/13/01""}","{""article_jcreated_at"": ""1/13/01""}"
696,"{""article_jcreated_at"": ""1/11/01""}","{""article_jcreated_at"": ""1/11/01""}"
697,"{""article_jcreated_at"": ""1/8/09""}","{""article_jcreated_at"": ""1/8/09""}"
698,"{""article_jcreated_at"": ""5/1/90""}","{""article_jcreated_at"": ""1/90/05""}"
699,"{""article_jcreated_at"": ""1/1/12""}","{""article_jcreated_at"": ""1/1/12""}"
700,"{""article_jcreated_at"": ""1/13/12""}","{""article_jcreated_at"": ""1/13/12""}"
701,"{""article_jcreated_at"": ""1/15/01""}","{""article_jcreated_at"": ""1/15/01""}"
702,"{""article_jcreated_at"": ""1/11/01""}","{""article_jcreated_at"": ""1/11/01""}"
703,"{""article_jcreated_at"": ""1/1/00""}","{""article_jcreated_at"": ""1/1/00""}"
704,"{""article_jcreated_at"": ""1/13/01""}","{""article_jcreated_at"": ""1/13/01""}"
705,"{""article_jcreated_at"": ""1/12/01""}","{""article_jcreated_at"": ""1/12/01""}"
706,"{""article_jcreated_at"": ""1/3/01""}","{""article_jcreated_at"": ""1/3/01""}"
707,"{""article_jcreated_at"": ""1/9/01""}","{""article_jcreated_at"": ""1/9/01""}"
708,"{""article_jcreated_at"": ""1/9/01""}","{""article_jcreated_at"": ""1/9/01""}"
709,"{""article_jcreated_at"": ""1/14/08""}","{""article_jcreated_at"": ""1/14/08""}"
710,"{""article_jcreated_at"": ""1/9/01""}","{""article_jcreated_at"": ""1/9/01""}"
711,"{""article_jcreated_at"": ""3/27/14""}","{""article_jcreated_at"": ""27/14/03""}"
712,"{""author_list"": ""{\""Irene G Salado\"",\""Ana Martinez\"",\""Daniel I Perez\"",\""Brian C Kraemer\"",\""Murilo L Bello\"",\""Concepci_n Perez\"",\""Nicole F Liachko\"",\""Magalie Lecourtois\"",\""Miriam Redondo\"",\""Carmen Gil\"",\""Laetitia Miguel\""}""}","{""author_list"": ""{\""Irene G Salado\"",\""Ana Martinez\"",\""Daniel I Perez\"",\""Brian C Kraemer\"",\""Murilo L Bello\"",\""Concepci_n Perez\"",\""Nicole F Liachko\"",\""Magalie Lecourtois\"",\""Miriam Redondo\"",\""Carmen Gil\"",\""Laetitia Miguel\""}""}"
713,"{""article_jcreated_at"": ""1/6/01""}","{""article_jcreated_at"": ""1/6/01""}"
714,"{""article_jvolumn"": ""-1""}","{""article_jvolumn"": ""-1""}"
715,"{""article_jissue"": ""-1""}","{""article_jissue"": ""-1""}"
716,"{""article_jcreated_at"": ""4/15/11""}","{""article_jcreated_at"": ""4/15/11""}"
717,"{""article_jcreated_at"": ""1/11/11""}","{""article_jcreated_at"": ""1/11/11""}"
718,"{""author_list"": ""{\""Sergio Raposeiras-Roub_n\"",\""Jos Maria Garc_a-Acua\"",\""Jos Ram_n Gonzlez-Juanatey\""}""}","{""author_list"": ""{\""Sergio Raposeiras-Roub_n\"",\""Jos_ Maria Garc_a-Acu_a\"",\""Jos_ Ram_n Gonz_lez-Juanatey\""}""}"
719,"{""journal_issn"": ""Jan-55""}","{""journal_issn"": ""55-Jan""}"
720,"{""article_jcreated_at"": ""5/1/96""}","{""article_jcreated_at"": ""1/96/05""}"
721,"{""author_list"": ""{\""C L_liger\"",\""K Neuber\"",\""J Ring\"",\""I K_hler\""}""}","{""author_list"": ""{\""C L_ger\"",\""K Neuber\"",\""J Ring\"",\""I K_hler\""}""}"
722,"{""article_jcreated_at"": ""1/12/03""}","{""article_jcreated_at"": ""1/12/03""}"
723,"{""article_jcreated_at"": ""4/1/90""}","{""article_jcreated_at"": ""1/90/04""}"
724,"{""article_jcreated_at"": ""1/7/01""}","{""article_jcreated_at"": ""1/7/01""}"
725,"{""article_jcreated_at"": ""4/1/89""}","{""article_jcreated_at"": ""1/89/04""}"
726,"{""article_jcreated_at"": ""2/8/07""}","{""article_jcreated_at"": ""2/8/07""}"
727,"{""article_jcreated_at"": ""1/11/06""}","{""article_jcreated_at"": ""1/11/06""}"
728,"{""article_title"": ""Prevalence, molecular characterization, and phenotypic confirmation of extended-spectrum beta-lactamases in Escherichia coli, Klebsiella pneumoniae, and Klebsiella oxytoca at the Radboud University Nijmegen Medical Centre in The Netherlands""}","{""article_title"": ""Prevalence, molecular characterization, and phenotypic confirmation of extended-spectrum beta-lactamases in Escherichia coli, Klebsiella pneumoniae, and Klebsiella oxytoca at the Radboud University Nijmegen Medical Centre in The Netherlands""}"
729,"{""article_jcreated_at"": ""1/10/01""}","{""article_jcreated_at"": ""1/10/01""}"
730,"{""article_jcreated_at"": ""1/15/01""}","{""article_jcreated_at"": ""1/15/01""}"
731,"{""article_jcreated_at"": ""1/13/01""}","{""article_jcreated_at"": ""1/13/01""}"
732,"{""article_jcreated_at"": ""1/4/01""}","{""article_jcreated_at"": ""1/4/01""}"
733,"{""article_jcreated_at"": ""1/8/10""}","{""article_jcreated_at"": ""1/8/10""}"
734,"{""author_list"": ""{\""N_ria Lloberas\"",\""Marcel la Franquesa\"",\""Josep M Cruzado\"",\""Josep M Griny_\"",\""Ins Rama\"",\""Gabriela Alperovich\"",\""Immaculada Herrero-Fresneda\"",\""Joan Torras\"",\""Pepita Gimnez-Bonaf\""}""}","{""author_list"": ""{\""N_ria Lloberas\"",\""Marcel la Franquesa\"",\""Josep M Cruzado\"",\""Josep M Griny_\"",\""In_s Rama\"",\""Gabriela Alperovich\"",\""Immaculada Herrero-Fresneda\"",\""Joan Torras\"",\""Pepita Gim_nez-Bonaf_\""}""}"
735,"{""article_jcreated_at"": ""1/10/10""}","{""article_jcreated_at"": ""1/10/10""}"
736,"{""article_jcreated_at"": ""1/15/03""}","{""article_jcreated_at"": ""1/15/03""}"
737,"{""author_list"": ""{\""Eugenio A Parati\"",\""Bruce M Psaty\"",\""Christopher Levi\"",\""Guido Falcone\"",\""Ioana Cotlarciuc\"",\""Bradford B Worrall\"",\""Rodney J Scott\"",\""Hugh S Markus\"",\""Jonathan Rosand\"",\""Jim Jannes\"",\""John W Cole\"",\""Sudha Seshadri\"",\""Rainer Malik\"",\""M Arfan Ikram\"",\""Christopher Oldmeadow\"",\""Karen L Furie\"",\""Kerri L Wiggins\"",\""Jane M Maguire\"",\""Matthew Traylor\"",\""Peter M Rothwell\"",\""[Collective Name] Wellcome Trust Case Control Consortium 2\"",\""[Collective Name] Australian Stroke Genetics Collaborative\"",\""Steven J Kittner\"",\""Braxton D Mitchell\"",\""Elizabeth G Holliday\"",\""Jemma C Hopewell\"",\""Giorgio B Boncoraglio\"",\""Eric Boerwinkle\"",\""Lisa F Lincz\"",\""Robert Clarke\"",\""Steve Bevan\"",\""Naomi R Wray\"",\""John Attia\"",\""James F Meschia\"",\""Joshua C Bis\"",\""Thomas H Mosley\"",\""Mike A Nalls\"",\""Cathie Sudlow\"",\""Yu-Ching Cheng\"",\""Pankaj Sharma\"",\""Martin Dichgans\"",\""[Collective Name] International Stroke Genetics Consortium\"",\""Myriam Fornage\""}""}","{""author_list"": ""{\""}"
738,"{""article_jcreated_at"": ""1/13/10""}","{""article_jcreated_at"": ""1/13/10""}"
739,"{""article_jcreated_at"": ""1/14/07""}","{""article_jcreated_at"": ""1/14/07""}"
740,"{""article_jcreated_at"": ""1/11/01""}","{""article_jcreated_at"": ""1/11/01""}"
741,"{""article_jcreated_at"": ""1/11/05""}","{""article_jcreated_at"": ""1/11/05""}"
742,"{""article_jcreated_at"": ""1/14/01""}","{""article_jcreated_at"": ""1/14/01""}"
743,"{""article_jcreated_at"": ""1/12/05""}","{""article_jcreated_at"": ""1/12/05""}"
744,"{""article_jcreated_at"": ""1/15/01""}","{""article_jcreated_at"": ""1/15/01""}"
745,"{""article_jcreated_at"": ""1/15/01""}","{""article_jcreated_at"": ""1/15/01""}"
746,"{""article_jcreated_at"": ""1/13/02""}","{""article_jcreated_at"": ""1/13/02""}"
747,"{""article_jcreated_at"": ""1/8/01""}","{""article_jcreated_at"": ""1/8/01""}"
748,"{""article_title"": ""Constructing differences: A qualitative analysis of teachers__ perspectives on linguistic and cultural diversity""}","{""article_title"": ""Constructing differences: A qualitative analysis of teachers' perspectives on linguistic and cultural diversity""}"
749,"{""article_jcreated_at"": ""1/7/01""}","{""article_jcreated_at"": ""1/7/01""}"
750,"{""article_jcreated_at"": ""1/14/01""}","{""article_jcreated_at"": ""1/14/01""}"
751,"{""article_jcreated_at"": ""1/11/01""}","{""article_jcreated_at"": ""1/11/01""}"
752,"{""article_jcreated_at"": ""1/9/01""}","{""article_jcreated_at"": ""1/9/01""}"
753,"{""journal_issn"": ""14-Jan""}","{""journal_issn"": ""14-Jan""}"
754,"{""article_jcreated_at"": ""1/4/10""}","{""article_jcreated_at"": ""1/4/10""}"
755,"{""article_jcreated_at"": ""1/11/01""}","{""article_jcreated_at"": ""1/11/01""}"
756,"{""article_jcreated_at"": ""1/1/00""}","{""article_jcreated_at"": ""1/00/01""}"
757,"{""author_list"": ""{\""T. H. Michel\"",\""W. C1  - Frn RCT-s_kningen CN  - Pubmed DA  - Jul 1 DP  - NLM ET  - 2000/06/28 Rogers\"",\""A. Wagner\"",\""H. Wittink\"",\""R. Kulich\"",\""A. Sukiennik\"",\""R. Maciewicz\""}""}","{""author_list"": ""{\""}"
758,"{""article_jcreated_at"": ""1/7/01""}","{""article_jcreated_at"": ""1/7/01""}"
759,"{""article_jcreated_at"": ""1/10/01""}","{""article_jcreated_at"": ""1/10/01""}"
760,"{""article_jcreated_at"": ""1/8/08""}","{""article_jcreated_at"": ""1/8/08""}"
761,"{""article_jcreated_at"": ""1/13/03""}","{""article_jcreated_at"": ""1/13/03""}"
762,"{""article_jcreated_at"": ""1/13/01""}","{""article_jcreated_at"": ""1/13/01""}"
763,"{""article_jcreated_at"": ""1/13/01""}","{""article_jcreated_at"": ""1/13/01""}"
764,"{""article_jcreated_at"": ""1/1/09""}","{""article_jcreated_at"": ""1/1/09""}"
765,"{""article_jcreated_at"": ""1/10/01""}","{""article_jcreated_at"": ""1/10/01""}"
766,"{""article_jcreated_at"": ""1/14/01""}","{""article_jcreated_at"": ""1/14/01""}"
767,"{""article_pagination"": ""9-Mar""}","{""article_pagination"": ""Mar-9""}"
768,"{""article_jcreated_at"": ""1/14/01""}","{""article_jcreated_at"": ""1/14/01""}"
769,"{""article_jcreated_at"": ""1/9/01""}","{""article_jcreated_at"": ""1/9/01""}"
770,"{""article_jcreated_at"": ""1/9/07""}","{""article_jcreated_at"": ""1/9/07""}"
771,"{""article_jcreated_at"": ""1/1/81""}","{""article_jcreated_at"": ""1/8/11""}"
772,"{""journal_issn"": ""Sep-60""}","{""journal_issn"": ""60-Sep""}"
773,"{""article_jcreated_at"": ""1/6/11""}","{""article_jcreated_at"": ""1/6/11""}"
774,"{""author_list"": ""{\""M Caliskan\"",\""M Karab_c_oglu\"",\""A Citak\"",\""N Uzel\"",\""K Aydin\"",\""A Nayir\"",\""D D Soysal\""}""}","{""author_list"": ""{\""M Caliskan\"",\""M Karab_oglu\"",\""A Citak\"",\""N Uzel\"",\""K Aydin\"",\""A Nayir\"",\""D D Soysal\""}""}"
775,"{""article_jcreated_at"": ""1/8/01""}","{""article_jcreated_at"": ""1/8/01""}"
776,"{""article_jcreated_at"": ""1/14/01""}","{""article_jcreated_at"": ""1/14/01""}"
777,"{""article_jcreated_at"": ""6/1/97""}","{""article_jcreated_at"": ""1/9/06""}"
778,"{""article_jcreated_at"": ""1/6/08""}","{""article_jcreated_at"": ""1/6/08""}"
779,"{""author_list"": ""{\""Andreas Beelmann\"",\""Friedrich L_sel\""}""}","{""author_list"": ""{\""Andreas Beelmann\"",\""Friedrich L_sel\""}""}"
780,"{""article_jcreated_at"": ""1/14/01""}","{""article_jcreated_at"": ""1/14/01""}"
781,"{""article_jcreated_at"": ""1/1/96""}","{""article_jcreated_at"": ""1/96""}"
782,"{""article_jcreated_at"": ""1/8/01""}","{""article_jcreated_at"": ""1/8/01""}"
783,"{""article_jcreated_at"": ""1/7/01""}","{""article_jcreated_at"": ""1/7/01""}"
784,"{""article_jcreated_at"": ""7/1/00""}","{""article_jcreated_at"": ""1/00/07""}"
785,"{""article_jcreated_at"": ""1/12/01""}","{""article_jcreated_at"": ""1/12/01""}"
786,"{""article_title"": ""Lung function efficacy of olodaterol qd delivered via respimat vs placebo and formoterol bid in patients with COPD: two 48-week studies [Abstract]""}","{""article_title"": ""Lung function efficacy of olodaterol qd delivered via respimat vs placebo and formoterol bid in patients with COPD: two 48-week studies [Abstract]""}"
787,"{""article_jcreated_at"": ""1/14/01""}","{""article_jcreated_at"": ""1/14/01""}"
788,"{""article_jcreated_at"": ""1/15/01""}","{""article_jcreated_at"": ""1/15/01""}"
789,"{""article_jissue"": ""-1""}","{""article_jissue"": ""-1""}"
790,"{""article_jcreated_at"": ""1/14/01""}","{""article_jcreated_at"": ""1/14/01""}"
791,"{""author_list"": ""{\""Paolo Dell'Oglio\"",\""Alessandro Larcher\"",\""Nicola Fossati\"",\""Nicol_ Maria Buffi\"",\""Alberto Abrate\"",\""Giuliana Lista\"",\""Francesco Montorsi\"",\""Francesco Mistretta\"",\""Massimo Lazzeri\"",\""Giorgio Guazzoni\"",\""Giovanni Lughezzani\""}""}","{""author_list"": ""{\""}"
792,"{""article_jcreated_at"": ""1/1/70""}","{""article_jcreated_at"": ""1/70/01""}"
793,"{""article_pagination"": ""Sep-36""}","{""article_pagination"": ""Sep-36""}"
794,"{""article_jcreated_at"": ""1/12/06""}","{""article_jcreated_at"": ""1/12/06""}"
795,"{""article_jcreated_at"": ""1/2/07""}","{""article_jcreated_at"": ""1/2/07""}"
796,"{""article_jcreated_at"": ""2/1/93""}","{""article_jcreated_at"": ""1/93/02""}"
797,"{""article_jcreated_at"": ""1/7/01""}","{""article_jcreated_at"": ""1/7/01""}"
798,"{""author_list"": ""{\""E.-B. Malmgren-Olsson\"",\""K. Armelius\"",\""B.-. Armelius\""}""}","{""author_list"": ""{\""E.-B. Malmgren-Olsson\"",\""K. Armelius\"",\""B.-. Armelius\""}""}"
799,"{""article_jissue"": ""-1""}","{""article_jissue"": ""-1""}"
800,"{""article_jcreated_at"": ""1/12/01""}","{""article_jcreated_at"": ""1/12/01""}"
801,"{""article_jcreated_at"": ""1/8/01""}","{""article_jcreated_at"": ""1/8/01""}"
802,"{""article_jcreated_at"": ""1/13/10""}","{""article_jcreated_at"": ""1/13/10""}"
803,"{""article_jcreated_at"": ""1/14/04""}","{""article_jcreated_at"": ""1/14/04""}"
804,"{""article_jcreated_at"": ""1/2/01""}","{""article_jcreated_at"": ""1/2/01""}"
805,"{""article_jcreated_at"": ""1/14/01""}","{""article_jcreated_at"": ""1/14/01""}"
806,"{""article_pagination"": ""Jul-64""}","{""article_pagination"": ""Jul-64""}"
807,"{""article_jcreated_at"": ""1/4/01""}","{""article_jcreated_at"": ""1/4/01""}"
808,"{""article_jcreated_at"": ""1/8/01""}","{""article_jcreated_at"": ""1/8/01""}"
809,"{""article_pagination"": ""13-May""}","{""article_pagination"": ""May-13""}"
810,"{""article_jcreated_at"": ""1/12/01""}","{""article_jcreated_at"": ""1/12/01""}"
811,"{""author_list"": ""{\""O E Havik\"",\""P Carlbring\"",\""L G _st\"",\""T Nordgreen\"",\""G Andersson\"",\""T Furmark\""}""}","{""author_list"": ""{\""O E Havik\"",\""P Carlbring\"",\""L G St\"",\""T Nordgreen\"",\""G Andersson\"",\""T Furmark\""}""}"
812,"{""article_jcreated_at"": ""1/15/01""}","{""article_jcreated_at"": ""1/15/01""}"
813,"{""article_jcreated_at"": ""1/7/01""}","{""article_jcreated_at"": ""1/7/01""}"
814,"{""article_jcreated_at"": ""1/12/10""}","{""article_jcreated_at"": ""1/12/10""}"
815,"{""article_jcreated_at"": ""1/1/86""}","{""article_jcreated_at"": ""1/86/01""}"
816,"{""article_jcreated_at"": ""1/1/75""}","{""article_jcreated_at"": ""1/7/01""}"
817,"{""article_jcreated_at"": ""1/11/10""}","{""article_jcreated_at"": ""1/11/10""}"
818,"{""article_jcreated_at"": ""1/14/01""}","{""article_jcreated_at"": ""1/14/01""}"
819,"{""article_jcreated_at"": ""1/8/01""}","{""article_jcreated_at"": ""1/8/01""}"
820,"{""article_jcreated_at"": ""1/5/08""}","{""article_jcreated_at"": ""1/5/08""}"
821,"{""article_jcreated_at"": ""1/14/01""}","{""article_jcreated_at"": ""1/14/01""}"
822,"{""article_jcreated_at"": ""1/9/01""}","{""article_jcreated_at"": ""1/9/01""}"
823,"{""article_pagination"": ""28-Jul""}","{""article_pagination"": ""Jul-28""}"
824,"{""article_jcreated_at"": ""1/2/01""}","{""article_jcreated_at"": ""1/2/01""}"
825,"{""article_pagination"": ""Jun-74""}","{""article_pagination"": ""Jun-74""}"
826,"{""article_jcreated_at"": ""1/6/01""}","{""article_jcreated_at"": ""1/6/01""}"
827,"{""article_jcreated_at"": ""1/10/01""}","{""article_jcreated_at"": ""1/10/01""}"
828,"{""author_list"": ""{\""Sergio Garrido\"",\""Angeles Pulgar\"",\""Stefan Duschek\"",\""Mar_a Mart_n-Vzquez\"",\""Gustavo A Reyes Del Paso\""}""}","{""author_list"": ""{\""Sergio Garrido\"",\""Angeles Pulgar\"",\""Stefan Duschek\"",\""Mar_a Mart_n-V_zquez\"",\""Gustavo A Reyes Del Paso\""}""}"
829,"{""article_jcreated_at"": ""1/1/00""}","{""article_jcreated_at"": ""1/00/01""}"
830,"{""journal_issn"": ""Apr-74""}","{""journal_issn"": ""74-Apr""}"
831,"{""article_jcreated_at"": ""1/10/01""}","{""article_jcreated_at"": ""1/10/01""}"
832,"{""article_jcreated_at"": ""1/1/98""}","{""article_jcreated_at"": ""1/98/01""}"
833,"{""article_jcreated_at"": ""1/5/01""}","{""article_jcreated_at"": ""1/5/01""}"
834,"{""article_jissue"": ""-1""}","{""article_jissue"": ""-1""}"
835,"{""article_jcreated_at"": ""1/1/86""}","{""article_jcreated_at"": ""1/8/01""}"
836,"{""journal_issn"": ""22-Sep""}","{""journal_issn"": ""22-Sep""}"
837,"{""article_jcreated_at"": ""1/13/01""}","{""article_jcreated_at"": ""1/13/01""}"
838,"{""journal_issn"": ""Mar-67""}","{""journal_issn"": ""67-Mar""}"
839,"{""article_jcreated_at"": ""1/14/01""}","{""article_jcreated_at"": ""1/14/01""}"
840,"{""article_jcreated_at"": ""1/13/01""}","{""article_jcreated_at"": ""1/13/01""}"
841,"{""article_jcreated_at"": ""1/11/05""}","{""article_jcreated_at"": ""1/11/05""}"
842,"{""article_jcreated_at"": ""1/4/01""}","{""article_jcreated_at"": ""1/4/01""}"
843,"{""article_jcreated_at"": ""1/2/08""}","{""article_jcreated_at"": ""1/2/08""}"
844,"{""article_jcreated_at"": ""1/5/01""}","{""article_jcreated_at"": ""1/5/01""}"
845,"{""article_jcreated_at"": ""1/13/05""}","{""article_jcreated_at"": ""1/13/05""}"
846,"{""article_jcreated_at"": ""1/1/95""}","{""article_jcreated_at"": ""1/95""}"
847,"{""article_jcreated_at"": ""1/10/01""}","{""article_jcreated_at"": ""1/10/01""}"
848,"{""article_jcreated_at"": ""1/1/06""}","{""article_jcreated_at"": ""1/1/06""}"
849,"{""article_jcreated_at"": ""1/3/01""}","{""article_jcreated_at"": ""1/3/01""}"
850,"{""article_jcreated_at"": ""1/7/07""}","{""article_jcreated_at"": ""1/7/07""}"
851,"{""article_jcreated_at"": ""1/6/07""}","{""article_jcreated_at"": ""1/6/07""}"
852,"{""article_jcreated_at"": ""1/12/01""}","{""article_jcreated_at"": ""1/12/01""}"
853,"{""article_jcreated_at"": ""1/13/11""}","{""article_jcreated_at"": ""1/13/11""}"
854,"{""article_jcreated_at"": ""1/9/04""}","{""article_jcreated_at"": ""1/9/04""}"
855,"{""article_jcreated_at"": ""9/1/98""}","{""article_jcreated_at"": ""1/9/98""}"
856,"{""article_jvolumn"": ""-1""}","{""article_jvolumn"": ""-1""}"
857,"{""article_jissue"": ""-1""}","{""article_jissue"": ""-1""}"
858,"{""article_jcreated_at"": ""4/14/07""}","{""article_jcreated_at"": ""4/14/07""}"
859,"{""article_jcreated_at"": ""1/14/01""}","{""article_jcreated_at"": ""1/14/01""}"
860,"{""journal_title"": ""Prvention de l'insuffisance rnale induite par les produits de contrnste iodes""}","{""journal_title"": ""Pr_vention de l'insuffisance r_nale induite par les produits de contr_ste iodes""}"
861,"{""article_jcreated_at"": ""1/8/09""}","{""article_jcreated_at"": ""1/8/09""}"
862,"{""article_jissue"": ""-1""}","{""article_jissue"": ""-1""}"
863,"{""article_jcreated_at"": ""1/14/07""}","{""article_jcreated_at"": ""1/14/07""}"
864,"{""article_jcreated_at"": ""2/1/82""}","{""article_jcreated_at"": ""1/8/02""}"
865,"{""article_jcreated_at"": ""1/1/98""}","{""article_jcreated_at"": ""1/98""}"
866,"{""article_jcreated_at"": ""1/13/06""}","{""article_jcreated_at"": ""1/13/06""}"
867,"{""article_pagination"": ""15-Oct""}","{""article_pagination"": ""Oct-15""}"
868,"{""article_jcreated_at"": ""1/1/97""}","{""article_jcreated_at"": ""1/97""}"
869,"{""article_jcreated_at"": ""1/6/01""}","{""article_jcreated_at"": ""1/6/01""}"
870,"{""article_jcreated_at"": ""1/2/05""}","{""article_jcreated_at"": ""1/2/05""}"
871,"{""article_jcreated_at"": ""1/1/98""}","{""article_jcreated_at"": ""1/98""}"
872,"{""article_pagination"": ""Aug-84""}","{""article_pagination"": ""Aug-84""}"
873,"{""article_jcreated_at"": ""1/10/06""}","{""article_jcreated_at"": ""1/10/06""}"
874,"{""article_jcreated_at"": ""1/11/04""}","{""article_jcreated_at"": ""1/11/04""}"
875,"{""article_jcreated_at"": ""1/12/07""}","{""article_jcreated_at"": ""1/12/07""}"
876,"{""article_jcreated_at"": ""1/13/01""}","{""article_jcreated_at"": ""1/13/01""}"
877,"{""article_jcreated_at"": ""1/14/01""}","{""article_jcreated_at"": ""1/14/01""}"
878,"{""journal_title"": ""Stomatologiia""}","{""journal_title"": ""Stomatologii""}"
879,"{""article_jcreated_at"": ""3/1/71""}","{""article_jcreated_at"": ""1/71/03""}"
880,"{""article_jcreated_at"": ""1/10/01""}","{""article_jcreated_at"": ""1/10/01""}"
881,"{""article_jcreated_at"": ""1/1/01""}","{""article_jcreated_at"": ""1/1/01""}"
882,"{""article_jcreated_at"": ""1/14/12""}","{""article_jcreated_at"": ""1/14/12""}"
883,"{""article_jvolumn"": ""-1""}","{""article_jvolumn"": ""-1""}"
884,"{""article_jissue"": ""-1""}","{""article_jissue"": ""-1""}"
885,"{""article_jcreated_at"": ""1/1/00""}","{""article_jcreated_at"": ""1/1/00""}"
886,"{""article_jcreated_at"": ""1/13/01""}","{""article_jcreated_at"": ""1/13/01""}"
887,"{""article_jcreated_at"": ""5/1/98""}","{""article_jcreated_at"": ""1/98/05""}"
888,"{""author_list"": ""{\""C Pithan\"",\""M Mazariegos\"",\""N W Solomons\"",\""P F_rst\""}""}","{""author_list"": ""{\""C Pithan\"",\""M Mazariegos\"",\""N W Solomons\"",\""P F_rst\""}""}"
889,"{""article_jcreated_at"": ""1/12/12""}","{""article_jcreated_at"": ""1/12/12""}"
890,"{""article_title"": ""Bruxismo em crian_as Bruxism in children""}","{""article_title"": ""Bruxismo em crian_as Bruxism in children""}"
891,"{""article_pagination"": ""Aug-91""}","{""article_pagination"": ""Aug-91""}"
892,"{""author_list"": ""{\""Ronaldo Fazzi\"",\""Ana Estela Haddad\"",\""Maria Salete Nahs Pires Corr_a\""}""}","{""author_list"": ""{\""Ronaldo Fazzi\"",\""Ana Estela Haddad\"",\""Maria Salete Nahs Pires Corr_a\""}""}"
893,"{""article_jcreated_at"": ""1/4/09""}","{""article_jcreated_at"": ""1/4/09""}"
894,"{""article_jcreated_at"": ""1/12/08""}","{""article_jcreated_at"": ""1/12/08""}"
895,"{""article_jcreated_at"": ""1/14/11""}","{""article_jcreated_at"": ""1/14/11""}"
896,"{""article_jcreated_at"": ""1/3/01""}","{""article_jcreated_at"": ""1/3/01""}"
897,"{""author_list"": ""{\""J_rgen Rehm\"",\""Gerhard Gmel\"",\""Maurizio Trevisan\"",\""Christopher T Sempos\""}""}","{""author_list"": ""{\""J_rgen Rehm\"",\""Gerhard Gmel\"",\""Maurizio Trevisan\"",\""Christopher T Sempos\""}""}"
898,"{""article_jcreated_at"": ""1/1/93""}","{""article_jcreated_at"": ""1/93/01""}"
899,"{""article_jcreated_at"": ""1/5/01""}","{""article_jcreated_at"": ""1/5/01""}"
900,"{""article_jcreated_at"": ""1/1/82""}","{""article_jcreated_at"": ""1/8/01""}"
901,"{""article_jcreated_at"": ""10/14/02""}","{""article_jcreated_at"": ""10/14/02""}"
902,"{""article_jcreated_at"": ""1/15/01""}","{""article_jcreated_at"": ""1/15/01""}"
903,"{""article_jcreated_at"": ""1/8/03""}","{""article_jcreated_at"": ""1/8/03""}"
904,"{""article_jcreated_at"": ""1/1/67""}","{""article_jcreated_at"": ""1/67""}"
905,"{""article_jcreated_at"": ""1/12/01""}","{""article_jcreated_at"": ""1/12/01""}"
906,"{""article_jcreated_at"": ""1/14/01""}","{""article_jcreated_at"": ""1/14/01""}"
907,"{""article_jcreated_at"": ""1/6/07""}","{""article_jcreated_at"": ""1/6/07""}"
908,"{""author_list"": ""{\""P Grard\"",\""J Montesanti\"",\""P Lepage\"",\""M M Massin\""}""}","{""author_list"": ""{\""P Gerard\"",\""J Montesanti\"",\""P Lepage\"",\""M M Massin\""}""}"
909,"{""article_jcreated_at"": ""1/14/01""}","{""article_jcreated_at"": ""1/14/01""}"
910,"{""article_jcreated_at"": ""1/14/01""}","{""article_jcreated_at"": ""1/14/01""}"
911,"{""article_jcreated_at"": ""1/13/01""}","{""article_jcreated_at"": ""1/13/01""}"
912,"{""article_jcreated_at"": ""1/1/88""}","{""article_jcreated_at"": ""1/88/01""}"
913,"{""article_jcreated_at"": ""1/5/01""}","{""article_jcreated_at"": ""1/5/01""}"
914,"{""article_jcreated_at"": ""1/14/01""}","{""article_jcreated_at"": ""1/14/01""}"
915,"{""article_jcreated_at"": ""1/14/04""}","{""article_jcreated_at"": ""1/14/04""}"
916,"{""author_list"": ""{\""Eunice Molinar-Toribio\"",\""Benjam_n Pia\"",\""Livia G_mez\"",\""Jara Prez-Jimnez\"",\""Marta Casado\"",\""Sara Ramos-Romero\"",\""Pere Claps\"",\""Josep Llu_s Torres\""}""}","{""author_list"": ""{\""Eunice Molinar-Toribio\"",\""Benjam_n Pi_a\"",\""Livia G_mez\"",\""Jara P_rez-Jim_nez\"",\""Marta Casado\"",\""Sara Ramos-Romero\"",\""Pere Claps\"",\""Josep Llu_s Torres\""}""}"
917,"{""article_jcreated_at"": ""1/4/01""}","{""article_jcreated_at"": ""1/4/01""}"
918,"{""article_jcreated_at"": ""1/11/04""}","{""article_jcreated_at"": ""1/11/04""}"
919,"{""article_jcreated_at"": ""1/15/04""}","{""article_jcreated_at"": ""1/15/04""}"
920,"{""article_jcreated_at"": ""1/8/01""}","{""article_jcreated_at"": ""1/8/01""}"
921,"{""article_jcreated_at"": ""1/10/11""}","{""article_jcreated_at"": ""1/10/11""}"
922,"{""article_jcreated_at"": ""1/12/01""}","{""article_jcreated_at"": ""1/12/01""}"
923,"{""article_jcreated_at"": ""1/15/04""}","{""article_jcreated_at"": ""1/15/04""}"
924,"{""article_jcreated_at"": ""1/3/01""}","{""article_jcreated_at"": ""1/3/01""}"
925,"{""article_jcreated_at"": ""1/7/10""}","{""article_jcreated_at"": ""1/7/10""}"
926,"{""article_jcreated_at"": ""1/6/05""}","{""article_jcreated_at"": ""1/6/05""}"
927,"{""article_jcreated_at"": ""1/13/01""}","{""article_jcreated_at"": ""1/13/01""}"
928,"{""article_jcreated_at"": ""6/1/95""}","{""article_jcreated_at"": ""1/95/06""}"
929,"{""article_jcreated_at"": ""1/10/03""}","{""article_jcreated_at"": ""1/10/03""}"
930,"{""article_jcreated_at"": ""1/13/11""}","{""article_jcreated_at"": ""1/13/11""}"
931,"{""article_jcreated_at"": ""1/1/99""}","{""article_jcreated_at"": ""1/99""}"
932,"{""article_jcreated_at"": ""7/9/05""}","{""article_jcreated_at"": ""7/9/05""}"
933,"{""article_jcreated_at"": ""1/14/01""}","{""article_jcreated_at"": ""1/14/01""}"
934,"{""article_jcreated_at"": ""1/1/94""}","{""article_jcreated_at"": ""1/9/04""}"
935,"{""article_jcreated_at"": ""1/14/01""}","{""article_jcreated_at"": ""1/14/01""}"
936,"{""article_jcreated_at"": ""1/10/01""}","{""article_jcreated_at"": ""1/10/01""}"
937,"{""article_jcreated_at"": ""1/14/01""}","{""article_jcreated_at"": ""1/14/01""}"
938,"{""article_jcreated_at"": ""1/11/01""}","{""article_jcreated_at"": ""1/11/01""}"
939,"{""journal_issn"": ""Mar-67""}","{""journal_issn"": ""67-Mar""}"
940,"{""article_jcreated_at"": ""1/7/10""}","{""article_jcreated_at"": ""1/7/10""}"
941,"{""article_jcreated_at"": ""1/11/01""}","{""article_jcreated_at"": ""1/11/01""}"
942,"{""article_jcreated_at"": ""1/7/05""}","{""article_jcreated_at"": ""1/7/05""}"
943,"{""article_jcreated_at"": ""1/14/01""}","{""article_jcreated_at"": ""1/14/01""}"
944,"{""journal_issn"": ""22-Sep""}","{""journal_issn"": ""22-Sep""}"
945,"{""article_jcreated_at"": ""10/2/06""}","{""article_jcreated_at"": ""10/2/06""}"
946,"{""article_jcreated_at"": ""1/14/01""}","{""article_jcreated_at"": ""1/14/01""}"
947,"{""article_jcreated_at"": ""1/1/88""}","{""article_jcreated_at"": ""1/8/01""}"
948,"{""article_title"": ""The Antiseptic Efficacy and Tolerability of Lavasept 0.04% on Acute Traumatic Wounds""}","{""article_title"": ""The Antiseptic Efficacy and Tolerability of Lavasept 0.04% on Acute Traumatic Wounds""}"
949,"{""article_jcreated_at"": ""1/10/01""}","{""article_jcreated_at"": ""1/10/01""}"
950,"{""journal_issn"": ""22-Sep""}","{""journal_issn"": ""22-Sep""}"
951,"{""article_jcreated_at"": ""1/6/01""}","{""article_jcreated_at"": ""1/6/01""}"
952,"{""article_jcreated_at"": ""1/9/01""}","{""article_jcreated_at"": ""1/9/01""}"
953,"{""article_jcreated_at"": ""1/15/01""}","{""article_jcreated_at"": ""1/15/01""}"
954,"{""article_jcreated_at"": ""1/14/01""}","{""article_jcreated_at"": ""1/14/01""}"
955,"{""author_list"": ""{\""Francitorra ME\"",\""Sanchez GS\"",\""Manrique CA\"",\""Velasco TT\"",\""Castany A R\"",\""Escriche XF\"",\""Fernndez CS\"",\""Fornell LL\"",\""lvarez S\"",\""Fernndez EA\"",\""Rodriguez MVF\"",\""Sim_ MR\"",\""Mayo EP\""}""}","{""author_list"": ""{\""Francitorra ME\"",\""Sanchez GS\"",\""Manrique CA\"",\""Velasco TT\"",\""Castany A R\"",\""Escriche XF\"",\""Fernndez CS\"",\""Fornell LL\"",\""lvarez S\"",\""Fernndez EA\"",\""Rodriguez MVF\"",\""Sim_ MR\"",\""Mayo EP\""}""}"
956,"{""article_jvolumn"": ""-1""}","{""article_jvolumn"": ""-1""}"
957,"{""article_jissue"": ""-1""}","{""article_jissue"": ""-1""}"
958,"{""article_jissue"": ""-1""}","{""article_jissue"": ""-1""}"
959,"{""article_jcreated_at"": ""1/15/01""}","{""article_jcreated_at"": ""1/15/01""}"
960,"{""article_pagination"": ""Jul-72""}","{""article_pagination"": ""Jul-72""}"
961,"{""author_list"": ""{\""Venancio Mart_nez Surez\""}""}","{""author_list"": ""{\""Venancio Mart_nez Surez\""}""}"
962,"{""article_jcreated_at"": ""7/14/07""}","{""article_jcreated_at"": ""7/14/07""}"
963,"{""author_list"": ""{\""Margarita Admetlla Falgueras\"",\""Josep Fust Sugraes\""}""}","{""author_list"": ""{\""Margarita Admetlla Falgueras\"",\""Josep Fust Sugrases\""}""}"
964,"{""article_jcreated_at"": ""1/10/01""}","{""article_jcreated_at"": ""1/10/01""}"
965,"{""article_jcreated_at"": ""1/5/01""}","{""article_jcreated_at"": ""1/5/01""}"
966,"{""article_jvolumn"": ""-1""}","{""article_jvolumn"": ""-1""}"
967,"{""article_jcreated_at"": ""1/6/01""}","{""article_jcreated_at"": ""1/6/01""}"
968,"{""article_jcreated_at"": ""1/9/03""}","{""article_jcreated_at"": ""1/9/03""}"
969,"{""article_jcreated_at"": ""1/10/01""}","{""article_jcreated_at"": ""1/10/01""}"
970,"{""article_jcreated_at"": ""1/5/01""}","{""article_jcreated_at"": ""1/5/01""}"
971,"{""article_jcreated_at"": ""1/2/01""}","{""article_jcreated_at"": ""1/2/01""}"
972,"{""article_jcreated_at"": ""1/14/01""}","{""article_jcreated_at"": ""1/14/01""}"
973,"{""article_jcreated_at"": ""9/1/97""}","{""article_jcreated_at"": ""1/9/97""}"
974,"{""article_jcreated_at"": ""1/5/01""}","{""article_jcreated_at"": ""1/5/01""}"
975,"{""article_jcreated_at"": ""1/14/01""}","{""article_jcreated_at"": ""1/14/01""}"
976,"{""article_jcreated_at"": ""1/4/01""}","{""article_jcreated_at"": ""1/4/01""}"
977,"{""author_list"": ""{\""D. Russell\"",\""P. Linck\"",\""R. Hibbs\"",\""I. Russell\"",\""R. Muntz\"",\""N. H. Williams\"",\""B. C1  - Frn RCT-s_kningen CN  - Pubmed DA  - Dec DO  - 10.1093/fampra/cmh612 DP  - NLM ET  - 2004/11/09 Hounsome\"",\""R. T. Edwards\"",\""C. Wilkinson\""}""}","{""author_list"": ""{\""}"
978,"{""article_jcreated_at"": ""1/1/93""}","{""article_jcreated_at"": ""1/93""}"
979,"{""article_jcreated_at"": ""1/13/03""}","{""article_jcreated_at"": ""1/13/03""}"
980,"{""article_jcreated_at"": ""1/1/05""}","{""article_jcreated_at"": ""1/1/05""}"
981,"{""article_jcreated_at"": ""1/3/06""}","{""article_jcreated_at"": ""1/3/06""}"
982,"{""author_list"": ""{\""T Forsn\"",\""J Eriksson\"",\""C Osmond\"",\""D Barker\""}""}","{""author_list"": ""{\""T Forson\"",\""J Eriksson\"",\""C Osmond\"",\""D Barker\""}""}"
983,"{""article_title"": ""Effects on prolongation of Bazett__s corrected QT interval of seven second-generation antipsychotics in the treatment of schizophrenia: A meta-analysis""}","{""article_title"": ""Effects on prolongation of Bazettas corrected QT interval of seven second-generation antipsychotics in the treatment of schizophrenia: A meta-analysis""}"
984,"{""article_jcreated_at"": ""1/11/01""}","{""article_jcreated_at"": ""1/11/01""}"
985,"{""article_jcreated_at"": ""1/11/01""}","{""article_jcreated_at"": ""1/11/01""}"
986,"{""article_jcreated_at"": ""1/1/89""}","{""article_jcreated_at"": ""1/8/99""}"
987,"{""article_jcreated_at"": ""1/1/96""}","{""article_jcreated_at"": ""1/96""}"
988,"{""article_jcreated_at"": ""1/15/01""}","{""article_jcreated_at"": ""1/15/01""}"
989,"{""article_jcreated_at"": ""1/6/01""}","{""article_jcreated_at"": ""1/6/01""}"
990,"{""article_jvolumn"": ""-1""}","{""article_jvolumn"": ""-1""}"
991,"{""article_jissue"": ""-1""}","{""article_jissue"": ""-1""}"
992,"{""article_jcreated_at"": ""10/24/14""}","{""article_jcreated_at"": ""10/24/14""}"
993,"{""article_jcreated_at"": ""1/13/01""}","{""article_jcreated_at"": ""1/13/01""}"
994,"{""article_jcreated_at"": ""1/9/01""}","{""article_jcreated_at"": ""1/9/01""}"
995,"{""article_jcreated_at"": ""1/1/97""}","{""article_jcreated_at"": ""1/97/01""}"
996,"{""article_jcreated_at"": ""1/3/01""}","{""article_jcreated_at"": ""1/3/01""}"
997,"{""article_jcreated_at"": ""1/8/01""}","{""article_jcreated_at"": ""1/8/01""}"
998,"{""article_jcreated_at"": ""1/12/06""}","{""article_jcreated_at"": ""1/12/06""}"
999,"{""author_list"": ""{\""Gerard H Koppelman\"",\""Johan C de Jongste\"",\""Liset E M Elstgeest\"",\""Henri_tte A Smit\"",\""Ulrike Gehring\"",\""Annemien Haveman-Nies\"",\""Marjan Kerkhof\"",\""Marga B M Bekkers\"",\""Alet H Wijga\"",\""Salome Scholtens\""}""}","{""author_list"": ""{\""}"
1000,"{""article_jcreated_at"": ""1/9/01""}","{""article_jcreated_at"": ""1/9/01""}"
1001,"{""article_jcreated_at"": ""1/1/98""}","{""article_jcreated_at"": ""1/98/01""}"
1002,"{""article_jcreated_at"": ""1/1/95""}","{""article_jcreated_at"": ""1/95""}"
1003,"{""article_jcreated_at"": ""1/5/01""}","{""article_jcreated_at"": ""1/5/01""}"
1004,"{""article_jissue"": ""-1""}","{""article_jissue"": ""-1""}"
1005,"{""article_jcreated_at"": ""1/5/07""}","{""article_jcreated_at"": ""1/5/07""}"
1006,"{""journal_issn"": ""22-Mar""}","{""journal_issn"": ""22-Mar""}"
1007,"{""article_jcreated_at"": ""1/10/01""}","{""article_jcreated_at"": ""1/10/01""}"
1008,"{""article_jcreated_at"": ""1/7/11""}","{""article_jcreated_at"": ""1/7/11""}"
1009,"{""article_jcreated_at"": ""1/13/09""}","{""article_jcreated_at"": ""1/13/09""}"
1010,"{""article_jcreated_at"": ""1/9/01""}","{""article_jcreated_at"": ""1/9/01""}"
1011,"{""article_jcreated_at"": ""1/14/03""}","{""article_jcreated_at"": ""1/14/03""}"
1012,"{""article_jcreated_at"": ""1/14/01""}","{""article_jcreated_at"": ""1/14/01""}"
1013,"{""article_jcreated_at"": ""1/12/01""}","{""article_jcreated_at"": ""1/12/01""}"
1014,"{""article_jcreated_at"": ""1/14/09""}","{""article_jcreated_at"": ""1/14/09""}"
1015,"{""article_jcreated_at"": ""1/5/01""}","{""article_jcreated_at"": ""1/5/01""}"
1016,"{""article_pagination"": ""16-Mar""}","{""article_pagination"": ""Mar-16""}"
1017,"{""article_jcreated_at"": ""1/13/12""}","{""article_jcreated_at"": ""1/13/12""}"
1018,"{""article_jcreated_at"": ""1/7/01""}","{""article_jcreated_at"": ""1/7/01""}"
1019,"{""article_jcreated_at"": ""1/15/06""}","{""article_jcreated_at"": ""1/15/06""}"
1020,"{""article_jcreated_at"": ""1/1/00""}","{""article_jcreated_at"": ""1/00/01""}"
1021,"{""article_jcreated_at"": ""1/13/11""}","{""article_jcreated_at"": ""1/13/11""}"
1022,"{""article_jcreated_at"": ""1/14/03""}","{""article_jcreated_at"": ""1/14/03""}"
1023,"{""article_jcreated_at"": ""1/2/01""}","{""article_jcreated_at"": ""1/2/01""}"
1024,"{""article_jcreated_at"": ""1/1/98""}","{""article_jcreated_at"": ""1/98""}"
1025,"{""journal_issn"": ""9-Mar""}","{""journal_issn"": ""9-Mar""}"
1026,"{""article_jcreated_at"": ""1/2/03""}","{""article_jcreated_at"": ""1/2/03""}"
1027,"{""article_jcreated_at"": ""1/14/01""}","{""article_jcreated_at"": ""1/14/01""}"
1028,"{""article_pagination"": ""Jul-41""}","{""article_pagination"": ""Jul-41""}"
1029,"{""article_jcreated_at"": ""9/1/94""}","{""article_jcreated_at"": ""1/9/94""}"
1030,"{""article_jcreated_at"": ""1/3/01""}","{""article_jcreated_at"": ""1/3/01""}"
1031,"{""article_jcreated_at"": ""1/15/04""}","{""article_jcreated_at"": ""1/15/04""}"
1032,"{""author_list"": ""{\""Delia Aguado\"",\""Javier Benito\"",\""Ignacio A G_mez de Segura\"",\""Mariana Abreu\"",\""Javier Garc_a-Fernndez\""}""}","{""author_list"": ""{\""Delia Aguado\"",\""Javier Benito\"",\""Ignacio A G_mez de Segura\"",\""Mariana Abreu\"",\""Javier Garc_a-Fernndez\""}""}"
1033,"{""article_jcreated_at"": ""1/1/93""}","{""article_jcreated_at"": ""1/93""}"
1034,"{""article_jcreated_at"": ""1/12/09""}","{""article_jcreated_at"": ""1/12/09""}"
1035,"{""article_pagination"": ""18-Nov""}","{""article_pagination"": ""Nov-18""}"
1036,"{""article_jcreated_at"": ""1/1/86""}","{""article_jcreated_at"": ""1/86""}"
1037,"{""article_jcreated_at"": ""1/15/02""}","{""article_jcreated_at"": ""1/15/02""}"
1038,"{""author_list"": ""{\""Felipe Serro de Souza\"",\""Ney Pecegueiro do Amaral\"",\""Carlos Henrique Mendes\"",\""Hilton Augusto Koch\"",\""Vincenzo Giordano\"",\""Andr Bergamin\""}""}","{""author_list"": ""{\""Felipe Serr_o de Souza\"",\""Ney Pecegueiro do Amaral\"",\""Carlos Henrique Mendes\"",\""Hilton Augusto Koch\"",\""Vincenzo Giordano\"",\""Andr_ Bergamin\""}""}"
1039,"{""article_jcreated_at"": ""10/13/07""}","{""article_jcreated_at"": ""10/13/07""}"
1040,"{""article_jcreated_at"": ""1/5/01""}","{""article_jcreated_at"": ""1/5/01""}"
1041,"{""article_jcreated_at"": ""1/15/01""}","{""article_jcreated_at"": ""1/15/01""}"
1042,"{""article_jcreated_at"": ""1/3/01""}","{""article_jcreated_at"": ""1/3/01""}"
1043,"{""article_jcreated_at"": ""1/1/87""}","{""article_jcreated_at"": ""1/87/01""}"
1044,"{""article_jcreated_at"": ""1/14/01""}","{""article_jcreated_at"": ""1/14/01""}"
1045,"{""article_jcreated_at"": ""1/8/01""}","{""article_jcreated_at"": ""1/8/01""}"
1046,"{""article_jcreated_at"": ""1/14/01""}","{""article_jcreated_at"": ""1/14/01""}"
1047,"{""article_jcreated_at"": ""1/10/01""}","{""article_jcreated_at"": ""1/10/01""}"
1048,"{""article_jcreated_at"": ""1/11/05""}","{""article_jcreated_at"": ""1/11/05""}"
1049,"{""article_jcreated_at"": ""1/9/01""}","{""article_jcreated_at"": ""1/9/01""}"
1050,"{""article_jcreated_at"": ""1/11/01""}","{""article_jcreated_at"": ""1/11/01""}"
1051,"{""article_jcreated_at"": ""1/1/76""}","{""article_jcreated_at"": ""1/76/01""}"
1052,"{""article_jcreated_at"": ""1/12/01""}","{""article_jcreated_at"": ""1/12/01""}"
1053,"{""author_list"": ""{\""Stuart Calver\"",\""Julia Nichols\"",\""Rachel C1  - Frn systematiska _versikter -s_kningen CN  - Cinahl DB  - c8h DO  - 10.1179/1743288X12Y.0000000021 DP  - EBSCOhost Chester\""}""}","{""author_list"": ""{\""}"
1054,"{""article_jcreated_at"": ""1/14/01""}","{""article_jcreated_at"": ""1/14/01""}"
1055,"{""article_jcreated_at"": ""1/14/01""}","{""article_jcreated_at"": ""1/14/01""}"
1056,"{""article_title"": ""Preval_ncia de bruxismo e dist_rbio do sono em deficientes visuais Prevalence of bruxism and sleep disorders in the visually impaired individuals""}","{""article_title"": ""Prevalência de bruxismo e distrício do sono em deficientes visuais Prevalence of bruxism and sleep disorders in the visually impaired individuals""}"
1057,"{""author_list"": ""{\""Ana Paula de Lima Ferreira\"",\""Marcelo de Souza Figueiroa\"",\""Brbara Bernardo Rinaldo da Silva\"",\""Ktia Roberta Rapso Sales Lacerda\""}""}","{""author_list"": ""{\""Ana Paula de Lima Ferreira\"",\""Marcelo de Souza Figueiroa\"",\""B_rbara Bernardo Rinaldo da Silva\"",\""K_tia Roberta Rap_bo Sales Lacerda\""}""}"
1058,"{""article_jcreated_at"": ""1/10/05""}","{""article_jcreated_at"": ""1/10/05""}"
1059,"{""article_jcreated_at"": ""1/10/01""}","{""article_jcreated_at"": ""1/10/01""}"
1060,"{""article_jcreated_at"": ""1/5/01""}","{""article_jcreated_at"": ""1/5/01""}"
1061,"{""article_jcreated_at"": ""1/13/10""}","{""article_jcreated_at"": ""1/13/10""}"
1062,"{""article_jcreated_at"": ""1/1/95""}","{""article_jcreated_at"": ""1/95""}"
1063,"{""article_jcreated_at"": ""1/15/05""}","{""article_jcreated_at"": ""1/15/05""}"
1064,"{""article_jcreated_at"": ""1/15/01""}","{""article_jcreated_at"": ""1/15/01""}"
1065,"{""article_jcreated_at"": ""1/5/06""}","{""article_jcreated_at"": ""1/5/06""}"
1066,"{""article_jcreated_at"": ""1/14/01""}","{""article_jcreated_at"": ""1/14/01""}"
1067,"{""article_jcreated_at"": ""1/1/94""}","{""article_jcreated_at"": ""1/94""}"
1068,"{""article_jcreated_at"": ""1/13/01""}","{""article_jcreated_at"": ""1/13/01""}"
1069,"{""article_title"": ""18F-flumazenil: a _-aminobutyric acid A-specific PET radiotracer for the localization of drug-resistant temporal lobe epilepsy.""}","{""article_title"": ""18F-flumazenil: a -aminobutyric acid A-specific PET radiotracer for the localization of drug-resistant temporal lobe epilepsy.""}"
1070,"{""article_jcreated_at"": ""1/13/08""}","{""article_jcreated_at"": ""1/13/08""}"
1071,"{""article_jcreated_at"": ""1/3/10""}","{""article_jcreated_at"": ""1/3/10""}"
1072,"{""article_jcreated_at"": ""1/13/01""}","{""article_jcreated_at"": ""1/13/01""}"
1073,"{""article_jissue"": ""-1""}","{""article_jissue"": ""-1""}"
1074,"{""article_jcreated_at"": ""1/1/91""}","{""article_jcreated_at"": ""1/91/01""}"
1075,"{""article_jcreated_at"": ""1/1/91""}","{""article_jcreated_at"": ""1/91/01""}"
1076,"{""article_jcreated_at"": ""1/13/01""}","{""article_jcreated_at"": ""1/13/01""}"
1077,"{""article_jcreated_at"": ""1/13/01""}","{""article_jcreated_at"": ""1/13/01""}"
1078,"{""article_jissue"": ""-1""}","{""article_jissue"": ""-1""}"
1079,"{""article_jcreated_at"": ""1/7/01""}","{""article_jcreated_at"": ""1/7/01""}"
1080,"{""article_pagination"": ""11-Sep""}","{""article_pagination"": ""Sep-11""}"
1081,"{""article_jcreated_at"": ""1/14/06""}","{""article_jcreated_at"": ""1/14/06""}"
1082,"{""article_jcreated_at"": ""1/14/10""}","{""article_jcreated_at"": ""1/14/10""}"
1083,"{""article_jissue"": ""-1""}","{""article_jissue"": ""-1""}"
1084,"{""article_jcreated_at"": ""1/15/09""}","{""article_jcreated_at"": ""1/15/09""}"
1085,"{""article_pagination"": ""Jul-71""}","{""article_pagination"": ""Jul-71""}"
1086,"{""author_list"": ""{\""Kerstin Landin-Wilhelmsen\"",\""G_ran Oler_d\"",\""Oskar Ragnarsson\"",\""Penelope Trimpou\""}""}","{""author_list"": ""{\""Kerstin Landin-Wilhelmsen\"",\""Gran Olerod\"",\""Oskar Ragnarsson\"",\""Penelope Trimpou\""}""}"
1087,"{""article_jissue"": ""-1""}","{""article_jissue"": ""-1""}"
1088,"{""article_jcreated_at"": ""1/10/11""}","{""article_jcreated_at"": ""1/10/11""}"
1089,"{""article_jcreated_at"": ""1/1/93""}","{""article_jcreated_at"": ""1/93""}"
1090,"{""article_title"": ""Mild endoplasmic reticulum stress augments the proinflammatory effect of IL-1_ in pancreatic rat _-cells via the IRE1/XBP1s pathway.""}","{""article_title"": ""Mild endoplasmic reticulum stress augments the proinflammatory effect of IL-1_ in pancreatic rat _-cells via the IRE1/XBP1s pathway.""}"
1091,"{""article_jcreated_at"": ""1/12/07""}","{""article_jcreated_at"": ""1/12/07""}"
1092,"{""author_list"": ""{\""Michela Miani\"",\""Decio L Eizirik\"",\""Laurence Ladrire\"",\""Maikel L Colli\"",\""Miriam Cnop\""}""}","{""author_list"": ""{\""Michela Miani\"",\""Decio L Eizirik\"",\""Laurence Ladrire\"",\""Maikel L Colli\"",\""Miriam Cnop\""}""}"
1093,"{""article_jcreated_at"": ""1/9/08""}","{""article_jcreated_at"": ""1/9/08""}"
1094,"{""article_jcreated_at"": ""1/1/86""}","{""article_jcreated_at"": ""1/86/01""}"
1095,"{""article_jcreated_at"": ""1/10/01""}","{""article_jcreated_at"": ""1/10/01""}"
1096,"{""journal_issn"": ""Feb-65""}","{""journal_issn"": ""65-Feb""}"
1097,"{""article_jcreated_at"": ""1/1/02""}","{""article_jcreated_at"": ""1/1/02""}"
1098,"{""article_jcreated_at"": ""1/13/01""}","{""article_jcreated_at"": ""1/13/01""}"
1099,"{""article_jcreated_at"": ""1/1/90""}","{""article_jcreated_at"": ""1/90/01""}"
1100,"{""article_jcreated_at"": ""1/13/01""}","{""article_jcreated_at"": ""1/13/01""}"
1101,"{""article_jcreated_at"": ""1/1/99""}","{""article_jcreated_at"": ""1/99/01""}"
1102,"{""article_jcreated_at"": ""1/5/01""}","{""article_jcreated_at"": ""1/5/01""}"
1103,"{""article_jcreated_at"": ""1/14/09""}","{""article_jcreated_at"": ""1/14/09""}"
1104,"{""journal_issn"": ""Feb-65""}","{""journal_issn"": ""65-Feb""}"
1105,"{""article_jcreated_at"": ""1/1/00""}","{""article_jcreated_at"": ""1/00/01""}"
1106,"{""article_jcreated_at"": ""1/13/11""}","{""article_jcreated_at"": ""1/13/11""}"
1107,"{""article_jcreated_at"": ""1/14/04""}","{""article_jcreated_at"": ""1/14/04""}"
1108,"{""article_jcreated_at"": ""1/14/01""}","{""article_jcreated_at"": ""1/14/01""}"
1109,"{""article_jcreated_at"": ""1/2/06""}","{""article_jcreated_at"": ""1/2/06""}"
1110,"{""article_jcreated_at"": ""1/1/91""}","{""article_jcreated_at"": ""1/91/01""}"
1111,"{""article_jcreated_at"": ""1/7/01""}","{""article_jcreated_at"": ""1/7/01""}"
1112,"{""article_jvolumn"": ""-1""}","{""article_jvolumn"": ""-1""}"
1113,"{""article_jissue"": ""-1""}","{""article_jissue"": ""-1""}"
1114,"{""article_jcreated_at"": ""10/27/14""}","{""article_jcreated_at"": ""10/27/14""}"
1115,"{""article_jcreated_at"": ""1/11/01""}","{""article_jcreated_at"": ""1/11/01""}"
1116,"{""article_jcreated_at"": ""1/12/01""}","{""article_jcreated_at"": ""1/12/01""}"
