{
    "epoch": 3.0,
    "total_flos": 1.1812576007343309e+17,
    "train_loss": 0.4068522054169859,
    "train_runtime": 125.0506,
    "train_samples_per_second": 9.788,
    "train_steps_per_second": 0.168
}