{
    "epoch": 3.0,
    "total_flos": 9.72209913814057e+16,
    "train_loss": 0.19363531143660995,
    "train_runtime": 153.9559,
    "train_samples_per_second": 14.166,
    "train_steps_per_second": 0.448
}