{
    "epoch": 3.0,
    "total_flos": 1.2967795078935347e+17,
    "train_loss": 0.18189210769085182,
    "train_runtime": 410.1311,
    "train_samples_per_second": 7.11,
    "train_steps_per_second": 0.446
}