{
    "epoch": 3.0,
    "total_flos": 9.141232621269811e+16,
    "train_loss": 0.15158150331369896,
    "train_runtime": 291.842,
    "train_samples_per_second": 7.021,
    "train_steps_per_second": 0.442
}