{
    "epoch": 3.0,
    "total_flos": 1.8920225580567757e+17,
    "train_loss": 0.13308727993213046,
    "train_runtime": 596.0733,
    "train_samples_per_second": 7.112,
    "train_steps_per_second": 0.448
}