{
    "epoch": 3.0,
    "total_flos": 8.503472175867494e+16,
    "train_loss": 0.14742047519345458,
    "train_runtime": 272.9479,
    "train_samples_per_second": 7.001,
    "train_steps_per_second": 0.44
}