{
    "epoch": 2.0,
    "total_flos": 1.2755208263801242e+17,
    "train_loss": 0.2820044454187155,
    "train_runtime": 198.8792,
    "train_samples_per_second": 14.371,
    "train_steps_per_second": 0.453
}