{
    "epoch": 3.0,
    "total_flos": 1.079990412199854e+17,
    "train_loss": 0.22909843701613591,
    "train_runtime": 256.7599,
    "train_samples_per_second": 4.697,
    "train_steps_per_second": 0.199
}