{
    "epoch": 5.0,
    "total_flos": 1.4794498786512077e+17,
    "train_loss": 0.03556078534041132,
    "train_runtime": 449.1034,
    "train_samples_per_second": 7.348,
    "train_steps_per_second": 0.468
}