{
    "epoch": 1.0,
    "total_flos": 1.2755208371175424e+16,
    "train_loss": 0.5037455211083094,
    "train_runtime": 129.0306,
    "train_samples_per_second": 2.17,
    "train_steps_per_second": 0.14
}