{
    "epoch": 2.0,
    "total_flos": 9.353819396138598e+16,
    "train_loss": 0.19664003108923542,
    "train_runtime": 301.3036,
    "train_samples_per_second": 7.003,
    "train_steps_per_second": 0.438
}