{
    "epoch": 3.0,
    "total_flos": 9.778993012985037e+16,
    "train_loss": 0.1807055730301806,
    "train_runtime": 310.9378,
    "train_samples_per_second": 7.024,
    "train_steps_per_second": 0.444
}