,output,predict
0,"{""type"": ""location""}","{""type"": ""location""}"
1,"{""type"": ""city""}","{""type"": ""city""}"
2,"{""type"": ""year""}","{""type"": ""year""}"
3,"{""type"": ""status""}","{""type"": ""status""}"
4,"{""type"": ""weight""}","{""type"": ""weight""}"
5,"{""type"": ""code""}","{""type"": ""code""}"
6,"{""type"": ""age""}","{""type"": ""age""}"
7,"{""type"": ""age""}","{""type"": ""age""}"
8,"{""type"": ""age""}","{""type"": ""age""}"
9,"{""type"": ""year""}","{""type"": ""year""}"
10,"{""type"": ""company""}","{""type"": ""company""}"
11,"{""type"": ""company""}","{""type"": ""company""}"
12,"{""type"": ""company""}","{""type"": ""company""}"
13,"{""type"": ""company""}","{""type"": ""company""}"
14,"{""type"": ""company""}","{""type"": ""company""}"
15,"{""type"": ""type""}","{""type"": ""type""}"
16,"{""type"": ""description""}","{""type"": ""description""}"
17,"{""type"": ""year""}","{""type"": ""year""}"
18,"{""type"": ""description""}","{""type"": ""description""}"
19,"{""type"": ""name""}","{""type"": ""name""}"
20,"{""type"": ""rank""}","{""type"": ""rank""}"
21,"{""type"": ""club""}","{""type"": ""club""}"
22,"{""type"": ""country""}","{""type"": ""country""}"
23,"{""type"": ""name""}","{""type"": ""name""}"
24,"{""type"": ""company""}","{""type"": ""company""}"
25,"{""type"": ""name""}","{""type"": ""name""}"
26,"{""type"": ""city""}","{""type"": ""city""}"
27,"{""type"": ""symbol""}","{""type"": ""symbol""}"
28,"{""type"": ""team""}","{""type"": ""team""}"
29,"{""type"": ""type""}","{""type"": ""type""}"
30,"{""type"": ""description""}","{""type"": ""description""}"
31,"{""type"": ""duration""}","{""type"": ""duration""}"
32,"{""type"": ""country""}","{""type"": ""country""}"
33,"{""type"": ""description""}","{""type"": ""description""}"
34,"{""type"": ""name""}","{""type"": ""name""}"
35,"{""type"": ""code""}","{""type"": ""code""}"
36,"{""type"": ""company""}","{""type"": ""company""}"
37,"{""type"": ""rank""}","{""type"": ""rank""}"
38,"{""type"": ""rank""}","{""type"": ""rank""}"
39,"{""type"": ""rank""}","{""type"": ""rank""}"
40,"{""type"": ""rank""}","{""type"": ""rank""}"
41,"{""type"": ""rank""}","{""type"": ""rank""}"
42,"{""type"": ""address""}","{""type"": ""address""}"
43,"{""type"": ""weight""}","{""type"": ""weight""}"
44,"{""type"": ""weight""}","{""type"": ""weight""}"
45,"{""type"": ""city""}","{""type"": ""city""}"
46,"{""type"": ""description""}","{""type"": ""description""}"
47,"{""type"": ""team""}","{""type"": ""team""}"
48,"{""type"": ""weight""}","{""type"": ""weight""}"
49,"{""type"": ""product""}","{""type"": ""name""}"
50,"{""type"": ""age""}","{""type"": ""age""}"
51,"{""type"": ""rank""}","{""type"": ""rank""}"
52,"{""type"": ""name""}","{""type"": ""name""}"
53,"{""type"": ""type""}","{""type"": ""type""}"
54,"{""type"": ""state""}","{""type"": ""state""}"
55,"{""type"": ""status""}","{""type"": ""status""}"
56,"{""type"": ""artist""}","{""type"": ""artist""}"
57,"{""type"": ""result""}","{""type"": ""result""}"
58,"{""type"": ""type""}","{""type"": ""type""}"
59,"{""type"": ""description""}","{""type"": ""description""}"
60,"{""type"": ""age""}","{""type"": ""age""}"
61,"{""type"": ""symbol""}","{""type"": ""symbol""}"
62,"{""type"": ""state""}","{""type"": ""state""}"
63,"{""type"": ""weight""}","{""type"": ""weight""}"
64,"{""type"": ""club""}","{""type"": ""club""}"
65,"{""type"": ""status""}","{""type"": ""status""}"
66,"{""type"": ""code""}","{""type"": ""code""}"
67,"{""type"": ""state""}","{""type"": ""state""}"
68,"{""type"": ""year""}","{""type"": ""year""}"
69,"{""type"": ""position""}","{""type"": ""position""}"
70,"{""type"": ""gender""}","{""type"": ""gender""}"
71,"{""type"": ""name""}","{""type"": ""name""}"
72,"{""type"": ""type""}","{""type"": ""type""}"
73,"{""type"": ""name""}","{""type"": ""name""}"
74,"{""type"": ""age""}","{""type"": ""age""}"
75,"{""type"": ""team""}","{""type"": ""teamname""}"
76,"{""type"": ""company""}","{""type"": ""company""}"
77,"{""type"": ""city""}","{""type"": ""city""}"
78,"{""type"": ""position""}","{""type"": ""position""}"
79,"{""type"": ""age""}","{""type"": ""age""}"
80,"{""type"": ""state""}","{""type"": ""state""}"
81,"{""type"": ""description""}","{""type"": ""description""}"
82,"{""type"": ""age""}","{""type"": ""age""}"
83,"{""type"": ""album""}","{""type"": ""album""}"
84,"{""type"": ""birthdate""}","{""type"": ""birthdate""}"
85,"{""type"": ""birthdate""}","{""type"": ""birthdate""}"
86,"{""type"": ""birthdate""}","{""type"": ""birthdate""}"
87,"{""type"": ""birthdate""}","{""type"": ""birthdate""}"
88,"{""type"": ""birthdate""}","{""type"": ""birthdate""}"
89,"{""type"": ""age""}","{""type"": ""age""}"
90,"{""type"": ""status""}","{""type"": ""status""}"
91,"{""type"": ""code""}","{""type"": ""code""}"
92,"{""type"": ""artist""}","{""type"": ""artist""}"
93,"{""type"": ""age""}","{""type"": ""age""}"
94,"{""type"": ""description""}","{""type"": ""description""}"
95,"{""type"": ""name""}","{""type"": ""name""}"
96,"{""type"": ""age""}","{""type"": ""age""}"
97,"{""type"": ""type""}","{""type"": ""type""}"
98,"{""type"": ""artist""}","{""type"": ""artist""}"
99,"{""type"": ""club""}","{""type"": ""club""}"
100,"{""type"": ""city""}","{""type"": ""city""}"
101,"{""type"": ""position""}","{""type"": ""position""}"
102,"{""type"": ""city""}","{""type"": ""city""}"
103,"{""type"": ""weight""}","{""type"": ""weight""}"
104,"{""type"": ""weight""}","{""type"": ""weight""}"
105,"{""type"": ""category""}","{""type"": ""category""}"
106,"{""type"": ""status""}","{""type"": ""status""}"
107,"{""type"": ""description""}","{""type"": ""description""}"
108,"{""type"": ""description""}","{""type"": ""name""}"
109,"{""type"": ""description""}","{""type"": ""name""}"
110,"{""type"": ""description""}","{""type"": ""name""}"
111,"{""type"": ""description""}","{""type"": ""name""}"
112,"{""type"": ""album""}","{""type"": ""album""}"
113,"{""type"": ""city""}","{""type"": ""city""}"
114,"{""type"": ""location""}","{""type"": ""location""}"
115,"{""type"": ""weight""}","{""type"": ""weight""}"
116,"{""type"": ""age""}","{""type"": ""age""}"
117,"{""type"": ""result""}","{""type"": ""result""}"
118,"{""type"": ""club""}","{""type"": ""club""}"
119,"{""type"": ""team""}","{""type"": ""team""}"
120,"{""type"": ""gender""}","{""type"": ""gender""}"
121,"{""type"": ""category""}","{""type"": ""category""}"
122,"{""type"": ""name""}","{""type"": ""name""}"
123,"{""type"": ""city""}","{""type"": ""city""}"
124,"{""type"": ""city""}","{""type"": ""city""}"
125,"{""type"": ""city""}","{""type"": ""city""}"
126,"{""type"": ""city""}","{""type"": ""city""}"
127,"{""type"": ""city""}","{""type"": ""city""}"
128,"{""type"": ""owner""}","{""type"": ""owner""}"
129,"{""type"": ""owner""}","{""type"": ""owner""}"
130,"{""type"": ""year""}","{""type"": ""year""}"
131,"{""type"": ""location""}","{""type"": ""location""}"
132,"{""type"": ""state""}","{""type"": ""state""}"
133,"{""type"": ""name""}","{""type"": ""name""}"
134,"{""type"": ""description""}","{""type"": ""description""}"
135,"{""type"": ""type""}","{""type"": ""type""}"
136,"{""type"": ""weight""}","{""type"": ""weight""}"
137,"{""type"": ""state""}","{""type"": ""state""}"
138,"{""type"": ""state""}","{""type"": ""state""}"
139,"{""type"": ""state""}","{""type"": ""state""}"
140,"{""type"": ""state""}","{""type"": ""state""}"
141,"{""type"": ""state""}","{""type"": ""state""}"
142,"{""type"": ""age""}","{""type"": ""age""}"
143,"{""type"": ""team""}","{""type"": ""team""}"
144,"{""type"": ""description""}","{""type"": ""description""}"
145,"{""type"": ""name""}","{""type"": ""name""}"
146,"{""type"": ""weight""}","{""type"": ""weight""}"
147,"{""type"": ""state""}","{""type"": ""state""}"
148,"{""type"": ""name""}","{""type"": ""name""}"
149,"{""type"": ""code""}","{""type"": ""code""}"
150,"{""type"": ""name""}","{""type"": ""name""}"
151,"{""type"": ""name""}","{""type"": ""name""}"
152,"{""type"": ""name""}","{""type"": ""name""}"
153,"{""type"": ""name""}","{""type"": ""name""}"
154,"{""type"": ""name""}","{""type"": ""name""}"
155,"{""type"": ""team""}","{""type"": ""teamname""}"
156,"{""type"": ""year""}","{""type"": ""year""}"
157,"{""type"": ""year""}","{""type"": ""year""}"
158,"{""type"": ""name""}","{""type"": ""name""}"
159,"{""type"": ""result""}","{""type"": ""result""}"
160,"{""type"": ""state""}","{""type"": ""state""}"
161,"{""type"": ""state""}","{""type"": ""state""}"
162,"{""type"": ""state""}","{""type"": ""state""}"
163,"{""type"": ""state""}","{""type"": ""state""}"
164,"{""type"": ""state""}","{""type"": ""state""}"
165,"{""type"": ""city""}","{""type"": ""city""}"
166,"{""type"": ""city""}","{""type"": ""city""}"
167,"{""type"": ""city""}","{""type"": ""city""}"
168,"{""type"": ""city""}","{""type"": ""city""}"
169,"{""type"": ""city""}","{""type"": ""city""}"
170,"{""type"": ""city""}","{""type"": ""city""}"
171,"{""type"": ""name""}","{""type"": ""name""}"
172,"{""type"": ""team""}","{""type"": ""team""}"
173,"{""type"": ""description""}","{""type"": ""description""}"
174,"{""type"": ""weight""}","{""type"": ""weight""}"
175,"{""type"": ""location""}","{""type"": ""location""}"
176,"{""type"": ""city""}","{""type"": ""city""}"
177,"{""type"": ""city""}","{""type"": ""city""}"
178,"{""type"": ""city""}","{""type"": ""city""}"
179,"{""type"": ""city""}","{""type"": ""city""}"
180,"{""type"": ""city""}","{""type"": ""city""}"
181,"{""type"": ""city""}","{""type"": ""city""}"
182,"{""type"": ""result""}","{""type"": ""result""}"
183,"{""type"": ""age""}","{""type"": ""age""}"
184,"{""type"": ""artist""}","{""type"": ""album""}"
185,"{""type"": ""location""}","{""type"": ""location""}"
186,"{""type"": ""position""}","{""type"": ""position""}"
187,"{""type"": ""name""}","{""type"": ""name""}"
188,"{""type"": ""city""}","{""type"": ""city""}"
189,"{""type"": ""description""}","{""type"": ""description""}"
190,"{""type"": ""name""}","{""type"": ""name""}"
191,"{""type"": ""name""}","{""type"": ""name""}"
192,"{""type"": ""description""}","{""type"": ""description""}"
193,"{""type"": ""weight""}","{""type"": ""weight""}"
194,"{""type"": ""description""}","{""type"": ""description""}"
195,"{""type"": ""team""}","{""type"": ""teamname""}"
196,"{""type"": ""rank""}","{""type"": ""rank""}"
197,"{""type"": ""name""}","{""type"": ""name""}"
198,"{""type"": ""position""}","{""type"": ""position""}"
199,"{""type"": ""category""}","{""type"": ""category""}"
200,"{""type"": ""country""}","{""type"": ""country""}"
201,"{""type"": ""name""}","{""type"": ""name""}"
202,"{""type"": ""symbol""}","{""type"": ""symbol""}"
203,"{""type"": ""weight""}","{""type"": ""weight""}"
204,"{""type"": ""position""}","{""type"": ""position""}"
205,"{""type"": ""category""}","{""type"": ""category""}"
206,"{""type"": ""rank""}","{""type"": ""rank""}"
207,"{""type"": ""rank""}","{""type"": ""rank""}"
208,"{""type"": ""rank""}","{""type"": ""rank""}"
209,"{""type"": ""rank""}","{""type"": ""rank""}"
210,"{""type"": ""rank""}","{""type"": ""rank""}"
211,"{""type"": ""status""}","{""type"": ""status""}"
212,"{""type"": ""year""}","{""type"": ""year""}"
213,"{""type"": ""year""}","{""type"": ""year""}"
214,"{""type"": ""year""}","{""type"": ""year""}"
215,"{""type"": ""year""}","{""type"": ""year""}"
216,"{""type"": ""year""}","{""type"": ""year""}"
217,"{""type"": ""artist""}","{""type"": ""artist""}"
218,"{""type"": ""result""}","{""type"": ""result""}"
219,"{""type"": ""description""}","{""type"": ""description""}"
220,"{""type"": ""rank""}","{""type"": ""rank""}"
221,"{""type"": ""region""}","{""type"": ""region""}"
222,"{""type"": ""club""}","{""type"": ""club""}"
223,"{""type"": ""album""}","{""type"": ""album""}"
224,"{""type"": ""notes""}","{""type"": ""notes""}"
225,"{""type"": ""year""}","{""type"": ""year""}"
226,"{""type"": ""category""}","{""type"": ""description""}"
227,"{""type"": ""weight""}","{""type"": ""weight""}"
228,"{""type"": ""weight""}","{""type"": ""weight""}"
229,"{""type"": ""album""}","{""type"": ""album""}"
230,"{""type"": ""name""}","{""type"": ""name""}"
231,"{""type"": ""age""}","{""type"": ""age""}"
232,"{""type"": ""code""}","{""type"": ""code""}"
233,"{""type"": ""notes""}","{""type"": ""notes""}"
234,"{""type"": ""location""}","{""type"": ""location""}"
235,"{""type"": ""city""}","{""type"": ""city""}"
236,"{""type"": ""position""}","{""type"": ""position""}"
237,"{""type"": ""state""}","{""type"": ""state""}"
238,"{""type"": ""club""}","{""type"": ""club""}"
239,"{""type"": ""description""}","{""type"": ""description""}"
240,"{""type"": ""status""}","{""type"": ""status""}"
241,"{""type"": ""location""}","{""type"": ""location""}"
242,"{""type"": ""age""}","{""type"": ""age""}"
243,"{""type"": ""state""}","{""type"": ""state""}"
244,"{""type"": ""team""}","{""type"": ""team""}"
245,"{""type"": ""weight""}","{""type"": ""weight""}"
246,"{""type"": ""description""}","{""type"": ""description""}"
247,"{""type"": ""rank""}","{""type"": ""rank""}"
248,"{""type"": ""year""}","{""type"": ""year""}"
249,"{""type"": ""day""}","{""type"": ""day""}"
250,"{""type"": ""description""}","{""type"": ""description""}"
251,"{""type"": ""code""}","{""type"": ""code""}"
252,"{""type"": ""age""}","{""type"": ""age""}"
253,"{""type"": ""location""}","{""type"": ""location""}"
254,"{""type"": ""artist""}","{""type"": ""name""}"
255,"{""type"": ""state""}","{""type"": ""state""}"
256,"{""type"": ""club""}","{""type"": ""club""}"
257,"{""type"": ""description""}","{""type"": ""description""}"
258,"{""type"": ""team""}","{""type"": ""team""}"
259,"{""type"": ""name""}","{""type"": ""name""}"
260,"{""type"": ""weight""}","{""type"": ""weight""}"
261,"{""type"": ""team""}","{""type"": ""team""}"
262,"{""type"": ""description""}","{""type"": ""description""}"
263,"{""type"": ""status""}","{""type"": ""status""}"
264,"{""type"": ""result""}","{""type"": ""description""}"
265,"{""type"": ""city""}","{""type"": ""city""}"
266,"{""type"": ""year""}","{""type"": ""year""}"
267,"{""type"": ""description""}","{""type"": ""description""}"
268,"{""type"": ""city""}","{""type"": ""city""}"
269,"{""type"": ""company""}","{""type"": ""company""}"
270,"{""type"": ""name""}","{""type"": ""name""}"
271,"{""type"": ""name""}","{""type"": ""name""}"
272,"{""type"": ""owner""}","{""type"": ""name""}"
273,"{""type"": ""category""}","{""type"": ""category""}"
274,"{""type"": ""code""}","{""type"": ""code""}"
275,"{""type"": ""description""}","{""type"": ""description""}"
276,"{""type"": ""city""}","{""type"": ""city""}"
277,"{""type"": ""team""}","{""type"": ""team""}"
278,"{""type"": ""notes""}","{""type"": ""notes""}"
279,"{""type"": ""location""}","{""type"": ""location""}"
280,"{""type"": ""location""}","{""type"": ""location""}"
281,"{""type"": ""location""}","{""type"": ""location""}"
282,"{""type"": ""location""}","{""type"": ""location""}"
283,"{""type"": ""location""}","{""type"": ""location""}"
284,"{""type"": ""rank""}","{""type"": ""rank""}"
285,"{""type"": ""club""}","{""type"": ""club""}"
286,"{""type"": ""position""}","{""type"": ""position""}"
287,"{""type"": ""age""}","{""type"": ""age""}"
288,"{""type"": ""company""}","{""type"": ""company""}"
289,"{""type"": ""company""}","{""type"": ""company""}"
290,"{""type"": ""state""}","{""type"": ""state""}"
291,"{""type"": ""location""}","{""type"": ""location""}"
292,"{""type"": ""location""}","{""type"": ""location""}"
293,"{""type"": ""rank""}","{""type"": ""rank""}"
294,"{""type"": ""status""}","{""type"": ""status""}"
295,"{""type"": ""state""}","{""type"": ""state""}"
296,"{""type"": ""description""}","{""type"": ""description""}"
297,"{""type"": ""status""}","{""type"": ""status""}"
298,"{""type"": ""category""}","{""type"": ""product""}"
299,"{""type"": ""status""}","{""type"": ""status""}"
300,"{""type"": ""status""}","{""type"": ""status""}"
301,"{""type"": ""name""}","{""type"": ""name""}"
302,"{""type"": ""category""}","{""type"": ""category""}"
303,"{""type"": ""description""}","{""type"": ""description""}"
304,"{""type"": ""name""}","{""type"": ""name""}"
305,"{""type"": ""age""}","{""type"": ""age""}"
306,"{""type"": ""name""}","{""type"": ""name""}"
307,"{""type"": ""age""}","{""type"": ""age""}"
308,"{""type"": ""credit""}","{""type"": ""credit""}"
309,"{""type"": ""result""}","{""type"": ""result""}"
310,"{""type"": ""city""}","{""type"": ""city""}"
311,"{""type"": ""artist""}","{""type"": ""artist""}"
312,"{""type"": ""name""}","{""type"": ""name""}"
313,"{""type"": ""type""}","{""type"": ""type""}"
314,"{""type"": ""region""}","{""type"": ""region""}"
315,"{""type"": ""location""}","{""type"": ""city""}"
316,"{""type"": ""address""}","{""type"": ""address""}"
317,"{""type"": ""description""}","{""type"": ""description""}"
318,"{""type"": ""status""}","{""type"": ""status""}"
319,"{""type"": ""code""}","{""type"": ""code""}"
320,"{""type"": ""category""}","{""type"": ""category""}"
321,"{""type"": ""rank""}","{""type"": ""rank""}"
322,"{""type"": ""type""}","{""type"": ""type""}"
323,"{""type"": ""weight""}","{""type"": ""weight""}"
324,"{""type"": ""age""}","{""type"": ""age""}"
325,"{""type"": ""age""}","{""type"": ""age""}"
326,"{""type"": ""address""}","{""type"": ""address""}"
327,"{""type"": ""description""}","{""type"": ""description""}"
328,"{""type"": ""rank""}","{""type"": ""rank""}"
329,"{""type"": ""age""}","{""type"": ""age""}"
330,"{""type"": ""birthplace""}","{""type"": ""birthplace""}"
331,"{""type"": ""year""}","{""type"": ""year""}"
332,"{""type"": ""notes""}","{""type"": ""name""}"
333,"{""type"": ""name""}","{""type"": ""name""}"
334,"{""type"": ""jockey""}","{""type"": ""jockey""}"
335,"{""type"": ""weight""}","{""type"": ""weight""}"
336,"{""type"": ""state""}","{""type"": ""state""}"
337,"{""type"": ""location""}","{""type"": ""location""}"
338,"{""type"": ""name""}","{""type"": ""name""}"
339,"{""type"": ""age""}","{""type"": ""age""}"
340,"{""type"": ""city""}","{""type"": ""city""}"
341,"{""type"": ""club""}","{""type"": ""club""}"
342,"{""type"": ""name""}","{""type"": ""name""}"
343,"{""type"": ""type""}","{""type"": ""type""}"
344,"{""type"": ""year""}","{""type"": ""year""}"
345,"{""type"": ""age""}","{""type"": ""age""}"
346,"{""type"": ""description""}","{""type"": ""description""}"
347,"{""type"": ""year""}","{""type"": ""year""}"
348,"{""type"": ""city""}","{""type"": ""city""}"
349,"{""type"": ""type""}","{""type"": ""type""}"
350,"{""type"": ""team""}","{""type"": ""team""}"
351,"{""type"": ""description""}","{""type"": ""description""}"
352,"{""type"": ""club""}","{""type"": ""club""}"
353,"{""type"": ""age""}","{""type"": ""age""}"
354,"{""type"": ""code""}","{""type"": ""code""}"
355,"{""type"": ""name""}","{""type"": ""name""}"
356,"{""type"": ""status""}","{""type"": ""status""}"
357,"{""type"": ""state""}","{""type"": ""state""}"
358,"{""type"": ""weight""}","{""type"": ""weight""}"
359,"{""type"": ""description""}","{""type"": ""description""}"
360,"{""type"": ""description""}","{""type"": ""description""}"
361,"{""type"": ""location""}","{""type"": ""city""}"
362,"{""type"": ""location""}","{""type"": ""location""}"
363,"{""type"": ""state""}","{""type"": ""state""}"
364,"{""type"": ""state""}","{""type"": ""state""}"
365,"{""type"": ""state""}","{""type"": ""state""}"
366,"{""type"": ""state""}","{""type"": ""state""}"
367,"{""type"": ""state""}","{""type"": ""state""}"
368,"{""type"": ""description""}","{""type"": ""description""}"
369,"{""type"": ""name""}","{""type"": ""name""}"
370,"{""type"": ""code""}","{""type"": ""code""}"
371,"{""type"": ""rank""}","{""type"": ""rank""}"
372,"{""type"": ""status""}","{""type"": ""status""}"
373,"{""type"": ""description""}","{""type"": ""description""}"
374,"{""type"": ""rank""}","{""type"": ""year""}"
375,"{""type"": ""team""}","{""type"": ""team""}"
376,"{""type"": ""name""}","{""type"": ""name""}"
377,"{""type"": ""name""}","{""type"": ""name""}"
378,"{""type"": ""name""}","{""type"": ""name""}"
379,"{""type"": ""name""}","{""type"": ""name""}"
380,"{""type"": ""name""}","{""type"": ""name""}"
381,"{""type"": ""description""}","{""type"": ""description""}"
382,"{""type"": ""class""}","{""type"": ""class""}"
383,"{""type"": ""team""}","{""type"": ""team""}"
384,"{""type"": ""team""}","{""type"": ""team""}"
385,"{""type"": ""team""}","{""type"": ""team""}"
386,"{""type"": ""team""}","{""type"": ""team""}"
387,"{""type"": ""team""}","{""type"": ""team""}"
388,"{""type"": ""age""}","{""type"": ""age""}"
389,"{""type"": ""age""}","{""type"": ""age""}"
390,"{""type"": ""age""}","{""type"": ""age""}"
391,"{""type"": ""age""}","{""type"": ""age""}"
392,"{""type"": ""age""}","{""type"": ""age""}"
393,"{""type"": ""city""}","{""type"": ""city""}"
394,"{""type"": ""name""}","{""type"": ""name""}"
395,"{""type"": ""code""}","{""type"": ""code""}"
396,"{""type"": ""weight""}","{""type"": ""weight""}"
397,"{""type"": ""name""}","{""type"": ""name""}"
398,"{""type"": ""code""}","{""type"": ""code""}"
399,"{""type"": ""status""}","{""type"": ""status""}"
400,"{""type"": ""name""}","{""type"": ""name""}"
401,"{""type"": ""city""}","{""type"": ""city""}"
402,"{""type"": ""city""}","{""type"": ""city""}"
403,"{""type"": ""city""}","{""type"": ""city""}"
404,"{""type"": ""city""}","{""type"": ""city""}"
405,"{""type"": ""city""}","{""type"": ""city""}"
406,"{""type"": ""year""}","{""type"": ""year""}"
407,"{""type"": ""age""}","{""type"": ""age""}"
408,"{""type"": ""weight""}","{""type"": ""weight""}"
409,"{""type"": ""position""}","{""type"": ""jockey""}"
410,"{""type"": ""city""}","{""type"": ""city""}"
411,"{""type"": ""position""}","{""type"": ""position""}"
412,"{""type"": ""age""}","{""type"": ""age""}"
413,"{""type"": ""year""}","{""type"": ""year""}"
414,"{""type"": ""rank""}","{""type"": ""rank""}"
415,"{""type"": ""year""}","{""type"": ""year""}"
416,"{""type"": ""year""}","{""type"": ""year""}"
417,"{""type"": ""age""}","{""type"": ""age""}"
418,"{""type"": ""symbol""}","{""type"": ""symbol""}"
419,"{""type"": ""type""}","{""type"": ""type""}"
420,"{""type"": ""age""}","{""type"": ""age""}"
421,"{""type"": ""category""}","{""type"": ""category""}"
422,"{""type"": ""category""}","{""type"": ""category""}"
423,"{""type"": ""name""}","{""type"": ""name""}"
424,"{""type"": ""name""}","{""type"": ""name""}"
425,"{""type"": ""club""}","{""type"": ""club""}"
426,"{""type"": ""name""}","{""type"": ""name""}"
427,"{""type"": ""country""}","{""type"": ""country""}"
428,"{""type"": ""description""}","{""type"": ""description""}"
429,"{""type"": ""year""}","{""type"": ""year""}"
430,"{""type"": ""status""}","{""type"": ""status""}"
431,"{""type"": ""location""}","{""type"": ""location""}"
432,"{""type"": ""artist""}","{""type"": ""artist""}"
433,"{""type"": ""name""}","{""type"": ""name""}"
434,"{""type"": ""description""}","{""type"": ""description""}"
435,"{""type"": ""location""}","{""type"": ""city""}"
436,"{""type"": ""duration""}","{""type"": ""duration""}"
437,"{""type"": ""result""}","{""type"": ""result""}"
438,"{""type"": ""rank""}","{""type"": ""rank""}"
439,"{""type"": ""age""}","{""type"": ""age""}"
440,"{""type"": ""country""}","{""type"": ""team""}"
441,"{""type"": ""age""}","{""type"": ""age""}"
442,"{""type"": ""sex""}","{""type"": ""sex""}"
443,"{""type"": ""weight""}","{""type"": ""weight""}"
444,"{""type"": ""artist""}","{""type"": ""artist""}"
445,"{""type"": ""notes""}","{""type"": ""description""}"
446,"{""type"": ""club""}","{""type"": ""club""}"
447,"{""type"": ""description""}","{""type"": ""description""}"
448,"{""type"": ""age""}","{""type"": ""age""}"
449,"{""type"": ""description""}","{""type"": ""description""}"
450,"{""type"": ""city""}","{""type"": ""city""}"
451,"{""type"": ""name""}","{""type"": ""name""}"
452,"{""type"": ""code""}","{""type"": ""code""}"
453,"{""type"": ""name""}","{""type"": ""name""}"
454,"{""type"": ""year""}","{""type"": ""year""}"
455,"{""type"": ""description""}","{""type"": ""description""}"
456,"{""type"": ""code""}","{""type"": ""code""}"
457,"{""type"": ""type""}","{""type"": ""type""}"
458,"{""type"": ""year""}","{""type"": ""year""}"
459,"{""type"": ""gender""}","{""type"": ""gender""}"
460,"{""type"": ""state""}","{""type"": ""state""}"
461,"{""type"": ""teamname""}","{""type"": ""teamname""}"
462,"{""type"": ""artist""}","{""type"": ""artist""}"
463,"{""type"": ""state""}","{""type"": ""state""}"
464,"{""type"": ""age""}","{""type"": ""age""}"
465,"{""type"": ""status""}","{""type"": ""status""}"
466,"{""type"": ""county""}","{""type"": ""county""}"
467,"{""type"": ""county""}","{""type"": ""county""}"
468,"{""type"": ""county""}","{""type"": ""county""}"
469,"{""type"": ""county""}","{""type"": ""county""}"
470,"{""type"": ""county""}","{""type"": ""county""}"
471,"{""type"": ""status""}","{""type"": ""status""}"
472,"{""type"": ""description""}","{""type"": ""description""}"
473,"{""type"": ""state""}","{""type"": ""state""}"
474,"{""type"": ""description""}","{""type"": ""description""}"
475,"{""type"": ""status""}","{""type"": ""status""}"
476,"{""type"": ""weight""}","{""type"": ""weight""}"
477,"{""type"": ""name""}","{""type"": ""name""}"
478,"{""type"": ""status""}","{""type"": ""status""}"
479,"{""type"": ""notes""}","{""type"": ""notes""}"
480,"{""type"": ""rank""}","{""type"": ""year""}"
481,"{""type"": ""code""}","{""type"": ""code""}"
482,"{""type"": ""country""}","{""type"": ""country""}"
483,"{""type"": ""city""}","{""type"": ""city""}"
484,"{""type"": ""elevation""}","{""type"": ""elevation""}"
485,"{""type"": ""album""}","{""type"": ""album""}"
486,"{""type"": ""description""}","{""type"": ""description""}"
487,"{""type"": ""name""}","{""type"": ""name""}"
488,"{""type"": ""name""}","{""type"": ""name""}"
489,"{""type"": ""name""}","{""type"": ""name""}"
490,"{""type"": ""name""}","{""type"": ""name""}"
491,"{""type"": ""name""}","{""type"": ""name""}"
492,"{""type"": ""state""}","{""type"": ""state""}"
493,"{""type"": ""symbol""}","{""type"": ""symbol""}"
494,"{""type"": ""year""}","{""type"": ""year""}"
495,"{""type"": ""name""}","{""type"": ""name""}"
496,"{""type"": ""location""}","{""type"": ""location""}"
497,"{""type"": ""age""}","{""type"": ""age""}"
498,"{""type"": ""club""}","{""type"": ""club""}"
499,"{""type"": ""location""}","{""type"": ""location""}"
500,"{""type"": ""type""}","{""type"": ""type""}"
501,"{""type"": ""name""}","{""type"": ""name""}"
502,"{""type"": ""description""}","{""type"": ""description""}"
503,"{""type"": ""code""}","{""type"": ""code""}"
504,"{""type"": ""album""}","{""type"": ""album""}"
505,"{""type"": ""name""}","{""type"": ""name""}"
506,"{""type"": ""rank""}","{""type"": ""rank""}"
507,"{""type"": ""location""}","{""type"": ""location""}"
508,"{""type"": ""teamname""}","{""type"": ""teamname""}"
509,"{""type"": ""team""}","{""type"": ""team""}"
510,"{""type"": ""country""}","{""type"": ""nationality""}"
511,"{""type"": ""name""}","{""type"": ""name""}"
512,"{""type"": ""gender""}","{""type"": ""gender""}"
513,"{""type"": ""album""}","{""type"": ""description""}"
514,"{""type"": ""company""}","{""type"": ""company""}"
515,"{""type"": ""result""}","{""type"": ""result""}"
516,"{""type"": ""name""}","{""type"": ""name""}"
517,"{""type"": ""name""}","{""type"": ""name""}"
518,"{""type"": ""age""}","{""type"": ""age""}"
519,"{""type"": ""description""}","{""type"": ""description""}"
520,"{""type"": ""location""}","{""type"": ""location""}"
521,"{""type"": ""album""}","{""type"": ""album""}"
522,"{""type"": ""weight""}","{""type"": ""weight""}"
523,"{""type"": ""age""}","{""type"": ""age""}"
524,"{""type"": ""team""}","{""type"": ""team""}"
525,"{""type"": ""name""}","{""type"": ""name""}"
526,"{""type"": ""rank""}","{""type"": ""rank""}"
527,"{""type"": ""rank""}","{""type"": ""rank""}"
528,"{""type"": ""rank""}","{""type"": ""rank""}"
529,"{""type"": ""rank""}","{""type"": ""rank""}"
530,"{""type"": ""rank""}","{""type"": ""rank""}"
531,"{""type"": ""team""}","{""type"": ""team""}"
532,"{""type"": ""description""}","{""type"": ""description""}"
533,"{""type"": ""city""}","{""type"": ""city""}"
534,"{""type"": ""format""}","{""type"": ""format""}"
535,"{""type"": ""position""}","{""type"": ""class""}"
536,"{""type"": ""state""}","{""type"": ""state""}"
537,"{""type"": ""age""}","{""type"": ""age""}"
538,"{""type"": ""type""}","{""type"": ""status""}"
539,"{""type"": ""name""}","{""type"": ""name""}"
540,"{""type"": ""location""}","{""type"": ""location""}"
541,"{""type"": ""state""}","{""type"": ""state""}"
542,"{""type"": ""state""}","{""type"": ""state""}"
543,"{""type"": ""state""}","{""type"": ""state""}"
544,"{""type"": ""state""}","{""type"": ""state""}"
545,"{""type"": ""state""}","{""type"": ""state""}"
546,"{""type"": ""result""}","{""type"": ""result""}"
547,"{""type"": ""status""}","{""type"": ""status""}"
548,"{""type"": ""name""}","{""type"": ""name""}"
549,"{""type"": ""location""}","{""type"": ""location""}"
550,"{""type"": ""class""}","{""type"": ""class""}"
551,"{""type"": ""artist""}","{""type"": ""artist""}"
552,"{""type"": ""code""}","{""type"": ""code""}"
553,"{""type"": ""description""}","{""type"": ""description""}"
554,"{""type"": ""description""}","{""type"": ""description""}"
555,"{""type"": ""location""}","{""type"": ""location""}"
556,"{""type"": ""team""}","{""type"": ""team""}"
557,"{""type"": ""status""}","{""type"": ""status""}"
558,"{""type"": ""weight""}","{""type"": ""weight""}"
559,"{""type"": ""location""}","{""type"": ""location""}"
560,"{""type"": ""rank""}","{""type"": ""rank""}"
561,"{""type"": ""code""}","{""type"": ""code""}"
562,"{""type"": ""code""}","{""type"": ""code""}"
563,"{""type"": ""name""}","{""type"": ""name""}"
564,"{""type"": ""description""}","{""type"": ""description""}"
565,"{""type"": ""age""}","{""type"": ""age""}"
566,"{""type"": ""status""}","{""type"": ""status""}"
567,"{""type"": ""weight""}","{""type"": ""weight""}"
568,"{""type"": ""name""}","{""type"": ""name""}"
569,"{""type"": ""age""}","{""type"": ""age""}"
570,"{""type"": ""year""}","{""type"": ""year""}"
571,"{""type"": ""state""}","{""type"": ""state""}"
572,"{""type"": ""description""}","{""type"": ""description""}"
573,"{""type"": ""weight""}","{""type"": ""type""}"
574,"{""type"": ""name""}","{""type"": ""name""}"
575,"{""type"": ""location""}","{""type"": ""location""}"
576,"{""type"": ""type""}","{""type"": ""type""}"
577,"{""type"": ""name""}","{""type"": ""name""}"
578,"{""type"": ""type""}","{""type"": ""type""}"
579,"{""type"": ""symbol""}","{""type"": ""symbol""}"
580,"{""type"": ""album""}","{""type"": ""album""}"
581,"{""type"": ""age""}","{""type"": ""rank""}"
582,"{""type"": ""state""}","{""type"": ""state""}"
583,"{""type"": ""code""}","{""type"": ""code""}"
584,"{""type"": ""rank""}","{""type"": ""rank""}"
585,"{""type"": ""description""}","{""type"": ""description""}"
586,"{""type"": ""state""}","{""type"": ""state""}"
587,"{""type"": ""club""}","{""type"": ""club""}"
588,"{""type"": ""status""}","{""type"": ""status""}"
589,"{""type"": ""name""}","{""type"": ""name""}"
590,"{""type"": ""product""}","{""type"": ""component""}"
591,"{""type"": ""elevation""}","{""type"": ""elevation""}"
592,"{""type"": ""age""}","{""type"": ""age""}"
593,"{""type"": ""description""}","{""type"": ""description""}"
594,"{""type"": ""rank""}","{""type"": ""rank""}"
595,"{""type"": ""club""}","{""type"": ""club""}"
596,"{""type"": ""weight""}","{""type"": ""weight""}"
597,"{""type"": ""location""}","{""type"": ""location""}"
598,"{""type"": ""rank""}","{""type"": ""rank""}"
599,"{""type"": ""artist""}","{""type"": ""artist""}"
600,"{""type"": ""name""}","{""type"": ""name""}"
601,"{""type"": ""age""}","{""type"": ""age""}"
602,"{""type"": ""status""}","{""type"": ""status""}"
603,"{""type"": ""year""}","{""type"": ""year""}"
604,"{""type"": ""gender""}","{""type"": ""gender""}"
605,"{""type"": ""rank""}","{""type"": ""rank""}"
606,"{""type"": ""weight""}","{""type"": ""weight""}"
607,"{""type"": ""description""}","{""type"": ""description""}"
608,"{""type"": ""name""}","{""type"": ""name""}"
609,"{""type"": ""name""}","{""type"": ""name""}"
610,"{""type"": ""name""}","{""type"": ""name""}"
611,"{""type"": ""name""}","{""type"": ""name""}"
612,"{""type"": ""name""}","{""type"": ""name""}"
613,"{""type"": ""address""}","{""type"": ""address""}"
614,"{""type"": ""artist""}","{""type"": ""artist""}"
615,"{""type"": ""age""}","{""type"": ""age""}"
616,"{""type"": ""weight""}","{""type"": ""weight""}"
617,"{""type"": ""age""}","{""type"": ""age""}"
618,"{""type"": ""description""}","{""type"": ""description""}"
619,"{""type"": ""age""}","{""type"": ""age""}"
620,"{""type"": ""origin""}","{""type"": ""origin""}"
621,"{""type"": ""description""}","{""type"": ""description""}"
622,"{""type"": ""state""}","{""type"": ""state""}"
623,"{""type"": ""state""}","{""type"": ""state""}"
624,"{""type"": ""type""}","{""type"": ""type""}"
625,"{""type"": ""name""}","{""type"": ""company""}"
626,"{""type"": ""result""}","{""type"": ""result""}"
627,"{""type"": ""status""}","{""type"": ""status""}"
628,"{""type"": ""rank""}","{""type"": ""rank""}"
629,"{""type"": ""rank""}","{""type"": ""rank""}"
630,"{""type"": ""rank""}","{""type"": ""rank""}"
631,"{""type"": ""rank""}","{""type"": ""rank""}"
632,"{""type"": ""rank""}","{""type"": ""rank""}"
633,"{""type"": ""rank""}","{""type"": ""rank""}"
634,"{""type"": ""artist""}","{""type"": ""artist""}"
635,"{""type"": ""club""}","{""type"": ""club""}"
636,"{""type"": ""description""}","{""type"": ""description""}"
637,"{""type"": ""artist""}","{""type"": ""album""}"
638,"{""type"": ""city""}","{""type"": ""city""}"
639,"{""type"": ""album""}","{""type"": ""album""}"
640,"{""type"": ""name""}","{""type"": ""name""}"
641,"{""type"": ""weight""}","{""type"": ""weight""}"
642,"{""type"": ""notes""}","{""type"": ""description""}"
643,"{""type"": ""status""}","{""type"": ""status""}"
644,"{""type"": ""name""}","{""type"": ""name""}"
645,"{""type"": ""name""}","{""type"": ""name""}"
646,"{""type"": ""name""}","{""type"": ""name""}"
647,"{""type"": ""name""}","{""type"": ""name""}"
648,"{""type"": ""name""}","{""type"": ""name""}"
649,"{""type"": ""team""}","{""type"": ""team""}"
650,"{""type"": ""team""}","{""type"": ""team""}"
651,"{""type"": ""team""}","{""type"": ""team""}"
652,"{""type"": ""team""}","{""type"": ""team""}"
653,"{""type"": ""team""}","{""type"": ""team""}"
654,"{""type"": ""name""}","{""type"": ""name""}"
655,"{""type"": ""name""}","{""type"": ""name""}"
656,"{""type"": ""age""}","{""type"": ""age""}"
657,"{""type"": ""type""}","{""type"": ""type""}"
658,"{""type"": ""result""}","{""type"": ""status""}"
659,"{""type"": ""result""}","{""type"": ""result""}"
660,"{""type"": ""result""}","{""type"": ""result""}"
661,"{""type"": ""result""}","{""type"": ""result""}"
662,"{""type"": ""result""}","{""type"": ""result""}"
663,"{""type"": ""result""}","{""type"": ""result""}"
664,"{""type"": ""result""}","{""type"": ""result""}"
665,"{""type"": ""location""}","{""type"": ""location""}"
666,"{""type"": ""description""}","{""type"": ""description""}"
667,"{""type"": ""sex""}","{""type"": ""gender""}"
668,"{""type"": ""state""}","{""type"": ""state""}"
669,"{""type"": ""rank""}","{""type"": ""rank""}"
670,"{""type"": ""name""}","{""type"": ""name""}"
671,"{""type"": ""status""}","{""type"": ""status""}"
672,"{""type"": ""name""}","{""type"": ""description""}"
673,"{""type"": ""name""}","{""type"": ""description""}"
674,"{""type"": ""name""}","{""type"": ""description""}"
675,"{""type"": ""name""}","{""type"": ""description""}"
676,"{""type"": ""name""}","{""type"": ""description""}"
677,"{""type"": ""location""}","{""type"": ""location""}"
678,"{""type"": ""position""}","{""type"": ""position""}"
679,"{""type"": ""state""}","{""type"": ""state""}"
680,"{""type"": ""team""}","{""type"": ""team""}"
681,"{""type"": ""status""}","{""type"": ""status""}"
682,"{""type"": ""class""}","{""type"": ""class""}"
683,"{""type"": ""company""}","{""type"": ""company""}"
684,"{""type"": ""position""}","{""type"": ""position""}"
685,"{""type"": ""age""}","{""type"": ""age""}"
686,"{""type"": ""name""}","{""type"": ""name""}"
687,"{""type"": ""name""}","{""type"": ""name""}"
688,"{""type"": ""year""}","{""type"": ""year""}"
689,"{""type"": ""location""}","{""type"": ""location""}"
690,"{""type"": ""city""}","{""type"": ""city""}"
691,"{""type"": ""description""}","{""type"": ""description""}"
692,"{""type"": ""format""}","{""type"": ""format""}"
693,"{""type"": ""description""}","{""type"": ""description""}"
694,"{""type"": ""description""}","{""type"": ""description""}"
695,"{""type"": ""city""}","{""type"": ""city""}"
696,"{""type"": ""description""}","{""type"": ""description""}"
697,"{""type"": ""address""}","{""type"": ""address""}"
698,"{""type"": ""name""}","{""type"": ""name""}"
699,"{""type"": ""name""}","{""type"": ""name""}"
700,"{""type"": ""name""}","{""type"": ""name""}"
701,"{""type"": ""year""}","{""type"": ""year""}"
702,"{""type"": ""code""}","{""type"": ""code""}"
703,"{""type"": ""status""}","{""type"": ""status""}"
704,"{""type"": ""team""}","{""type"": ""teamname""}"
705,"{""type"": ""rank""}","{""type"": ""rank""}"
706,"{""type"": ""state""}","{""type"": ""state""}"
707,"{""type"": ""code""}","{""type"": ""code""}"
708,"{""type"": ""name""}","{""type"": ""name""}"
709,"{""type"": ""weight""}","{""type"": ""weight""}"
710,"{""type"": ""status""}","{""type"": ""status""}"
711,"{""type"": ""description""}","{""type"": ""type""}"
712,"{""type"": ""name""}","{""type"": ""name""}"
713,"{""type"": ""result""}","{""type"": ""result""}"
714,"{""type"": ""symbol""}","{""type"": ""symbol""}"
715,"{""type"": ""name""}","{""type"": ""name""}"
716,"{""type"": ""weight""}","{""type"": ""weight""}"
717,"{""type"": ""city""}","{""type"": ""city""}"
718,"{""type"": ""city""}","{""type"": ""city""}"
719,"{""type"": ""city""}","{""type"": ""city""}"
720,"{""type"": ""city""}","{""type"": ""city""}"
721,"{""type"": ""city""}","{""type"": ""city""}"
722,"{""type"": ""year""}","{""type"": ""year""}"
723,"{""type"": ""category""}","{""type"": ""category""}"
724,"{""type"": ""species""}","{""type"": ""family""}"
725,"{""type"": ""album""}","{""type"": ""album""}"
726,"{""type"": ""company""}","{""type"": ""company""}"
727,"{""type"": ""artist""}","{""type"": ""artist""}"
728,"{""type"": ""year""}","{""type"": ""year""}"
729,"{""type"": ""location""}","{""type"": ""location""}"
730,"{""type"": ""year""}","{""type"": ""year""}"
731,"{""type"": ""weight""}","{""type"": ""weight""}"
732,"{""type"": ""description""}","{""type"": ""description""}"
733,"{""type"": ""age""}","{""type"": ""age""}"
734,"{""type"": ""city""}","{""type"": ""city""}"
735,"{""type"": ""description""}","{""type"": ""description""}"
736,"{""type"": ""format""}","{""type"": ""format""}"
737,"{""type"": ""city""}","{""type"": ""city""}"
738,"{""type"": ""rank""}","{""type"": ""rank""}"
739,"{""type"": ""type""}","{""type"": ""type""}"
740,"{""type"": ""state""}","{""type"": ""state""}"
741,"{""type"": ""code""}","{""type"": ""code""}"
742,"{""type"": ""age""}","{""type"": ""age""}"
743,"{""type"": ""age""}","{""type"": ""age""}"
744,"{""type"": ""type""}","{""type"": ""type""}"
745,"{""type"": ""state""}","{""type"": ""state""}"
746,"{""type"": ""weight""}","{""type"": ""weight""}"
747,"{""type"": ""album""}","{""type"": ""album""}"
748,"{""type"": ""age""}","{""type"": ""age""}"
749,"{""type"": ""year""}","{""type"": ""year""}"
750,"{""type"": ""status""}","{""type"": ""status""}"
751,"{""type"": ""weight""}","{""type"": ""weight""}"
752,"{""type"": ""weight""}","{""type"": ""weight""}"
753,"{""type"": ""description""}","{""type"": ""description""}"
754,"{""type"": ""status""}","{""type"": ""status""}"
755,"{""type"": ""state""}","{""type"": ""state""}"
756,"{""type"": ""status""}","{""type"": ""status""}"
757,"{""type"": ""age""}","{""type"": ""age""}"
758,"{""type"": ""album""}","{""type"": ""album""}"
759,"{""type"": ""album""}","{""type"": ""album""}"
760,"{""type"": ""age""}","{""type"": ""age""}"
761,"{""type"": ""year""}","{""type"": ""year""}"
762,"{""type"": ""type""}","{""type"": ""type""}"
763,"{""type"": ""album""}","{""type"": ""album""}"
764,"{""type"": ""description""}","{""type"": ""description""}"
765,"{""type"": ""description""}","{""type"": ""description""}"
766,"{""type"": ""club""}","{""type"": ""club""}"
767,"{""type"": ""notes""}","{""type"": ""notes""}"
768,"{""type"": ""weight""}","{""type"": ""weight""}"
769,"{""type"": ""age""}","{""type"": ""age""}"
770,"{""type"": ""team""}","{""type"": ""team""}"
771,"{""type"": ""rank""}","{""type"": ""rank""}"
772,"{""type"": ""status""}","{""type"": ""status""}"
773,"{""type"": ""year""}","{""type"": ""year""}"
774,"{""type"": ""description""}","{""type"": ""description""}"
775,"{""type"": ""team""}","{""type"": ""team""}"
776,"{""type"": ""name""}","{""type"": ""name""}"
777,"{""type"": ""club""}","{""type"": ""club""}"
778,"{""type"": ""weight""}","{""type"": ""weight""}"
779,"{""type"": ""name""}","{""type"": ""name""}"
780,"{""type"": ""team""}","{""type"": ""team""}"
781,"{""type"": ""country""}","{""type"": ""country""}"
782,"{""type"": ""country""}","{""type"": ""country""}"
783,"{""type"": ""country""}","{""type"": ""country""}"
784,"{""type"": ""country""}","{""type"": ""country""}"
785,"{""type"": ""country""}","{""type"": ""country""}"
786,"{""type"": ""year""}","{""type"": ""year""}"
787,"{""type"": ""code""}","{""type"": ""code""}"
788,"{""type"": ""weight""}","{""type"": ""weight""}"
789,"{""type"": ""name""}","{""type"": ""name""}"
790,"{""type"": ""age""}","{""type"": ""age""}"
791,"{""type"": ""artist""}","{""type"": ""artist""}"
792,"{""type"": ""code""}","{""type"": ""code""}"
793,"{""type"": ""name""}","{""type"": ""class""}"
794,"{""type"": ""code""}","{""type"": ""code""}"
795,"{""type"": ""country""}","{""type"": ""country""}"
796,"{""type"": ""status""}","{""type"": ""status""}"
797,"{""type"": ""description""}","{""type"": ""description""}"
798,"{""type"": ""gender""}","{""type"": ""gender""}"
799,"{""type"": ""name""}","{""type"": ""name""}"
800,"{""type"": ""name""}","{""type"": ""name""}"
801,"{""type"": ""name""}","{""type"": ""name""}"
802,"{""type"": ""name""}","{""type"": ""name""}"
803,"{""type"": ""name""}","{""type"": ""name""}"
804,"{""type"": ""name""}","{""type"": ""name""}"
805,"{""type"": ""name""}","{""type"": ""name""}"
806,"{""type"": ""age""}","{""type"": ""age""}"
807,"{""type"": ""location""}","{""type"": ""club""}"
808,"{""type"": ""age""}","{""type"": ""age""}"
809,"{""type"": ""name""}","{""type"": ""name""}"
810,"{""type"": ""artist""}","{""type"": ""artist""}"
811,"{""type"": ""name""}","{""type"": ""name""}"
812,"{""type"": ""state""}","{""type"": ""state""}"
813,"{""type"": ""description""}","{""type"": ""description""}"
814,"{""type"": ""gender""}","{""type"": ""gender""}"
815,"{""type"": ""description""}","{""type"": ""description""}"
816,"{""type"": ""status""}","{""type"": ""status""}"
817,"{""type"": ""album""}","{""type"": ""album""}"
818,"{""type"": ""name""}","{""type"": ""name""}"
819,"{""type"": ""state""}","{""type"": ""state""}"
820,"{""type"": ""status""}","{""type"": ""status""}"
821,"{""type"": ""name""}","{""type"": ""name""}"
822,"{""type"": ""age""}","{""type"": ""age""}"
823,"{""type"": ""age""}","{""type"": ""age""}"
824,"{""type"": ""age""}","{""type"": ""age""}"
825,"{""type"": ""age""}","{""type"": ""age""}"
826,"{""type"": ""age""}","{""type"": ""age""}"
827,"{""type"": ""address""}","{""type"": ""address""}"
828,"{""type"": ""type""}","{""type"": ""type""}"
829,"{""type"": ""type""}","{""type"": ""type""}"
830,"{""type"": ""type""}","{""type"": ""type""}"
831,"{""type"": ""type""}","{""type"": ""type""}"
832,"{""type"": ""type""}","{""type"": ""type""}"
833,"{""type"": ""type""}","{""type"": ""type""}"
834,"{""type"": ""ranking""}","{""type"": ""rank""}"
835,"{""type"": ""ranking""}","{""type"": ""rank""}"
836,"{""type"": ""ranking""}","{""type"": ""rank""}"
837,"{""type"": ""ranking""}","{""type"": ""rank""}"
838,"{""type"": ""ranking""}","{""type"": ""rank""}"
839,"{""type"": ""team""}","{""type"": ""team""}"
840,"{""type"": ""position""}","{""type"": ""position""}"
841,"{""type"": ""name""}","{""type"": ""name""}"
842,"{""type"": ""club""}","{""type"": ""club""}"
843,"{""type"": ""status""}","{""type"": ""status""}"
844,"{""type"": ""age""}","{""type"": ""age""}"
845,"{""type"": ""format""}","{""type"": ""format""}"
846,"{""type"": ""age""}","{""type"": ""age""}"
847,"{""type"": ""symbol""}","{""type"": ""symbol""}"
848,"{""type"": ""rank""}","{""type"": ""rank""}"
849,"{""type"": ""state""}","{""type"": ""state""}"
850,"{""type"": ""rank""}","{""type"": ""rank""}"
851,"{""type"": ""rank""}","{""type"": ""rank""}"
852,"{""type"": ""name""}","{""type"": ""name""}"
853,"{""type"": ""class""}","{""type"": ""class""}"
854,"{""type"": ""state""}","{""type"": ""state""}"
855,"{""type"": ""weight""}","{""type"": ""weight""}"
856,"{""type"": ""description""}","{""type"": ""description""}"
857,"{""type"": ""description""}","{""type"": ""description""}"
858,"{""type"": ""description""}","{""type"": ""description""}"
859,"{""type"": ""description""}","{""type"": ""description""}"
860,"{""type"": ""description""}","{""type"": ""description""}"
861,"{""type"": ""status""}","{""type"": ""status""}"
862,"{""type"": ""type""}","{""type"": ""type""}"
863,"{""type"": ""team""}","{""type"": ""team""}"
864,"{""type"": ""city""}","{""type"": ""city""}"
865,"{""type"": ""company""}","{""type"": ""club""}"
866,"{""type"": ""ranking""}","{""type"": ""rank""}"
867,"{""type"": ""ranking""}","{""type"": ""rank""}"
868,"{""type"": ""ranking""}","{""type"": ""rank""}"
869,"{""type"": ""ranking""}","{""type"": ""rank""}"
870,"{""type"": ""ranking""}","{""type"": ""rank""}"
871,"{""type"": ""code""}","{""type"": ""code""}"
872,"{""type"": ""location""}","{""type"": ""location""}"
873,"{""type"": ""state""}","{""type"": ""state""}"
874,"{""type"": ""club""}","{""type"": ""club""}"
875,"{""type"": ""code""}","{""type"": ""code""}"
876,"{""type"": ""description""}","{""type"": ""description""}"
877,"{""type"": ""age""}","{""type"": ""age""}"
878,"{""type"": ""code""}","{""type"": ""code""}"
879,"{""type"": ""code""}","{""type"": ""code""}"
880,"{""type"": ""rank""}","{""type"": ""rank""}"
881,"{""type"": ""category""}","{""type"": ""category""}"
882,"{""type"": ""age""}","{""type"": ""age""}"
883,"{""type"": ""year""}","{""type"": ""year""}"
884,"{""type"": ""weight""}","{""type"": ""weight""}"
885,"{""type"": ""type""}","{""type"": ""type""}"
886,"{""type"": ""ranking""}","{""type"": ""category""}"
887,"{""type"": ""code""}","{""type"": ""code""}"
888,"{""type"": ""weight""}","{""type"": ""weight""}"
889,"{""type"": ""age""}","{""type"": ""age""}"
890,"{""type"": ""state""}","{""type"": ""state""}"
891,"{""type"": ""name""}","{""type"": ""name""}"
892,"{""type"": ""state""}","{""type"": ""state""}"
893,"{""type"": ""state""}","{""type"": ""state""}"
894,"{""type"": ""status""}","{""type"": ""status""}"
895,"{""type"": ""address""}","{""type"": ""address""}"
896,"{""type"": ""address""}","{""type"": ""location""}"
897,"{""type"": ""address""}","{""type"": ""address""}"
898,"{""type"": ""address""}","{""type"": ""address""}"
899,"{""type"": ""address""}","{""type"": ""address""}"
900,"{""type"": ""album""}","{""type"": ""album""}"
901,"{""type"": ""class""}","{""type"": ""class""}"
902,"{""type"": ""name""}","{""type"": ""name""}"
903,"{""type"": ""age""}","{""type"": ""age""}"
904,"{""type"": ""name""}","{""type"": ""name""}"
905,"{""type"": ""name""}","{""type"": ""name""}"
906,"{""type"": ""name""}","{""type"": ""name""}"
907,"{""type"": ""name""}","{""type"": ""name""}"
908,"{""type"": ""name""}","{""type"": ""name""}"
909,"{""type"": ""name""}","{""type"": ""name""}"
910,"{""type"": ""name""}","{""type"": ""name""}"
911,"{""type"": ""name""}","{""type"": ""name""}"
912,"{""type"": ""name""}","{""type"": ""name""}"
913,"{""type"": ""name""}","{""type"": ""name""}"
914,"{""type"": ""age""}","{""type"": ""age""}"
915,"{""type"": ""rank""}","{""type"": ""rank""}"
916,"{""type"": ""code""}","{""type"": ""code""}"
917,"{""type"": ""description""}","{""type"": ""description""}"
918,"{""type"": ""country""}","{""type"": ""country""}"
919,"{""type"": ""country""}","{""type"": ""country""}"
920,"{""type"": ""country""}","{""type"": ""country""}"
921,"{""type"": ""country""}","{""type"": ""country""}"
922,"{""type"": ""country""}","{""type"": ""country""}"
923,"{""type"": ""city""}","{""type"": ""city""}"
924,"{""type"": ""age""}","{""type"": ""age""}"
925,"{""type"": ""name""}","{""type"": ""name""}"
926,"{""type"": ""state""}","{""type"": ""state""}"
927,"{""type"": ""city""}","{""type"": ""city""}"
928,"{""type"": ""city""}","{""type"": ""city""}"
929,"{""type"": ""city""}","{""type"": ""city""}"
930,"{""type"": ""city""}","{""type"": ""city""}"
931,"{""type"": ""city""}","{""type"": ""city""}"
932,"{""type"": ""description""}","{""type"": ""description""}"
933,"{""type"": ""status""}","{""type"": ""status""}"
934,"{""type"": ""rank""}","{""type"": ""rank""}"
935,"{""type"": ""city""}","{""type"": ""name""}"
936,"{""type"": ""format""}","{""type"": ""format""}"
937,"{""type"": ""description""}","{""type"": ""description""}"
938,"{""type"": ""status""}","{""type"": ""status""}"
939,"{""type"": ""position""}","{""type"": ""position""}"
940,"{""type"": ""city""}","{""type"": ""city""}"
941,"{""type"": ""album""}","{""type"": ""album""}"
942,"{""type"": ""age""}","{""type"": ""age""}"
943,"{""type"": ""team""}","{""type"": ""team""}"
944,"{""type"": ""state""}","{""type"": ""state""}"
945,"{""type"": ""language""}","{""type"": ""language""}"
946,"{""type"": ""class""}","{""type"": ""class""}"
947,"{""type"": ""name""}","{""type"": ""name""}"
948,"{""type"": ""rank""}","{""type"": ""rank""}"
949,"{""type"": ""year""}","{""type"": ""year""}"
950,"{""type"": ""age""}","{""type"": ""age""}"
951,"{""type"": ""name""}","{""type"": ""name""}"
952,"{""type"": ""category""}","{""type"": ""category""}"
953,"{""type"": ""name""}","{""type"": ""name""}"
954,"{""type"": ""code""}","{""type"": ""code""}"
955,"{""type"": ""state""}","{""type"": ""state""}"
956,"{""type"": ""state""}","{""type"": ""state""}"
957,"{""type"": ""state""}","{""type"": ""state""}"
958,"{""type"": ""state""}","{""type"": ""state""}"
959,"{""type"": ""state""}","{""type"": ""state""}"
960,"{""type"": ""weight""}","{""type"": ""weight""}"
961,"{""type"": ""description""}","{""type"": ""name""}"
962,"{""type"": ""status""}","{""type"": ""status""}"
963,"{""type"": ""age""}","{""type"": ""age""}"
964,"{""type"": ""status""}","{""type"": ""status""}"
965,"{""type"": ""name""}","{""type"": ""name""}"
966,"{""type"": ""description""}","{""type"": ""description""}"
967,"{""type"": ""type""}","{""type"": ""description""}"
968,"{""type"": ""rank""}","{""type"": ""rank""}"
969,"{""type"": ""age""}","{""type"": ""age""}"
970,"{""type"": ""birthplace""}","{""type"": ""birthplace""}"
971,"{""type"": ""weight""}","{""type"": ""weight""}"
972,"{""type"": ""duration""}","{""type"": ""duration""}"
973,"{""type"": ""description""}","{""type"": ""description""}"
974,"{""type"": ""location""}","{""type"": ""location""}"
975,"{""type"": ""result""}","{""type"": ""result""}"
976,"{""type"": ""country""}","{""type"": ""country""}"
977,"{""type"": ""age""}","{""type"": ""age""}"
978,"{""type"": ""result""}","{""type"": ""result""}"
979,"{""type"": ""company""}","{""type"": ""company""}"
980,"{""type"": ""position""}","{""type"": ""position""}"
981,"{""type"": ""team""}","{""type"": ""team""}"
982,"{""type"": ""name""}","{""type"": ""name""}"
983,"{""type"": ""category""}","{""type"": ""category""}"
984,"{""type"": ""name""}","{""type"": ""name""}"
985,"{""type"": ""company""}","{""type"": ""company""}"
986,"{""type"": ""weight""}","{""type"": ""weight""}"
987,"{""type"": ""state""}","{""type"": ""state""}"
988,"{""type"": ""state""}","{""type"": ""state""}"
989,"{""type"": ""state""}","{""type"": ""state""}"
990,"{""type"": ""state""}","{""type"": ""state""}"
991,"{""type"": ""state""}","{""type"": ""state""}"
992,"{""type"": ""name""}","{""type"": ""name""}"
993,"{""type"": ""description""}","{""type"": ""description""}"
994,"{""type"": ""club""}","{""type"": ""club""}"
995,"{""type"": ""description""}","{""type"": ""description""}"
996,"{""type"": ""city""}","{""type"": ""city""}"
997,"{""type"": ""class""}","{""type"": ""class""}"
998,"{""type"": ""year""}","{""type"": ""year""}"
999,"{""type"": ""year""}","{""type"": ""year""}"
1000,"{""type"": ""year""}","{""type"": ""year""}"
1001,"{""type"": ""year""}","{""type"": ""year""}"
1002,"{""type"": ""year""}","{""type"": ""year""}"
1003,"{""type"": ""club""}","{""type"": ""club""}"
1004,"{""type"": ""code""}","{""type"": ""code""}"
1005,"{""type"": ""type""}","{""type"": ""type""}"
1006,"{""type"": ""age""}","{""type"": ""age""}"
1007,"{""type"": ""category""}","{""type"": ""category""}"
1008,"{""type"": ""city""}","{""type"": ""city""}"
1009,"{""type"": ""rank""}","{""type"": ""rank""}"
1010,"{""type"": ""rank""}","{""type"": ""rank""}"
1011,"{""type"": ""type""}","{""type"": ""type""}"
1012,"{""type"": ""type""}","{""type"": ""type""}"
1013,"{""type"": ""type""}","{""type"": ""type""}"
1014,"{""type"": ""type""}","{""type"": ""type""}"
1015,"{""type"": ""type""}","{""type"": ""type""}"
1016,"{""type"": ""team""}","{""type"": ""team""}"
1017,"{""type"": ""name""}","{""type"": ""name""}"
1018,"{""type"": ""name""}","{""type"": ""name""}"
1019,"{""type"": ""name""}","{""type"": ""name""}"
1020,"{""type"": ""name""}","{""type"": ""name""}"
1021,"{""type"": ""name""}","{""type"": ""name""}"
1022,"{""type"": ""name""}","{""type"": ""name""}"
1023,"{""type"": ""description""}","{""type"": ""description""}"
1024,"{""type"": ""name""}","{""type"": ""name""}"
1025,"{""type"": ""description""}","{""type"": ""description""}"
1026,"{""type"": ""description""}","{""type"": ""description""}"
1027,"{""type"": ""weight""}","{""type"": ""weight""}"
1028,"{""type"": ""sex""}","{""type"": ""sex""}"
1029,"{""type"": ""location""}","{""type"": ""location""}"
1030,"{""type"": ""type""}","{""type"": ""type""}"
1031,"{""type"": ""state""}","{""type"": ""state""}"
1032,"{""type"": ""name""}","{""type"": ""name""}"
1033,"{""type"": ""description""}","{""type"": ""description""}"
1034,"{""type"": ""status""}","{""type"": ""status""}"
1035,"{""type"": ""weight""}","{""type"": ""weight""}"
1036,"{""type"": ""status""}","{""type"": ""status""}"
1037,"{""type"": ""age""}","{""type"": ""age""}"
1038,"{""type"": ""position""}","{""type"": ""rank""}"
1039,"{""type"": ""name""}","{""type"": ""name""}"
1040,"{""type"": ""status""}","{""type"": ""status""}"
1041,"{""type"": ""weight""}","{""type"": ""weight""}"
1042,"{""type"": ""city""}","{""type"": ""city""}"
1043,"{""type"": ""type""}","{""type"": ""type""}"
1044,"{""type"": ""code""}","{""type"": ""code""}"
1045,"{""type"": ""company""}","{""type"": ""company""}"
1046,"{""type"": ""age""}","{""type"": ""age""}"
1047,"{""type"": ""weight""}","{""type"": ""weight""}"
1048,"{""type"": ""description""}","{""type"": ""description""}"
1049,"{""type"": ""year""}","{""type"": ""year""}"
1050,"{""type"": ""type""}","{""type"": ""type""}"
1051,"{""type"": ""name""}","{""type"": ""name""}"
1052,"{""type"": ""affiliation""}","{""type"": ""affiliation""}"
1053,"{""type"": ""description""}","{""type"": ""description""}"
1054,"{""type"": ""rank""}","{""type"": ""rank""}"
1055,"{""type"": ""status""}","{""type"": ""status""}"
1056,"{""type"": ""weight""}","{""type"": ""weight""}"
1057,"{""type"": ""weight""}","{""type"": ""weight""}"
1058,"{""type"": ""club""}","{""type"": ""club""}"
1059,"{""type"": ""description""}","{""type"": ""description""}"
1060,"{""type"": ""description""}","{""type"": ""description""}"
1061,"{""type"": ""type""}","{""type"": ""type""}"
1062,"{""type"": ""location""}","{""type"": ""location""}"
1063,"{""type"": ""state""}","{""type"": ""state""}"
1064,"{""type"": ""type""}","{""type"": ""type""}"
1065,"{""type"": ""age""}","{""type"": ""age""}"
1066,"{""type"": ""name""}","{""type"": ""name""}"
1067,"{""type"": ""age""}","{""type"": ""age""}"
1068,"{""type"": ""team""}","{""type"": ""team""}"
1069,"{""type"": ""album""}","{""type"": ""album""}"
1070,"{""type"": ""status""}","{""type"": ""status""}"
1071,"{""type"": ""region""}","{""type"": ""region""}"
1072,"{""type"": ""age""}","{""type"": ""age""}"
1073,"{""type"": ""year""}","{""type"": ""year""}"
1074,"{""type"": ""city""}","{""type"": ""city""}"
1075,"{""type"": ""state""}","{""type"": ""state""}"
1076,"{""type"": ""code""}","{""type"": ""code""}"
1077,"{""type"": ""name""}","{""type"": ""name""}"
1078,"{""type"": ""year""}","{""type"": ""year""}"
1079,"{""type"": ""name""}","{""type"": ""name""}"
1080,"{""type"": ""album""}","{""type"": ""album""}"
1081,"{""type"": ""description""}","{""type"": ""description""}"
1082,"{""type"": ""name""}","{""type"": ""name""}"
1083,"{""type"": ""class""}","{""type"": ""year""}"
1084,"{""type"": ""weight""}","{""type"": ""weight""}"
1085,"{""type"": ""artist""}","{""type"": ""artist""}"
1086,"{""type"": ""class""}","{""type"": ""class""}"
1087,"{""type"": ""description""}","{""type"": ""description""}"
1088,"{""type"": ""location""}","{""type"": ""location""}"
1089,"{""type"": ""weight""}","{""type"": ""weight""}"
1090,"{""type"": ""weight""}","{""type"": ""weight""}"
1091,"{""type"": ""weight""}","{""type"": ""weight""}"
1092,"{""type"": ""state""}","{""type"": ""state""}"
1093,"{""type"": ""state""}","{""type"": ""state""}"
1094,"{""type"": ""state""}","{""type"": ""state""}"
1095,"{""type"": ""state""}","{""type"": ""state""}"
1096,"{""type"": ""state""}","{""type"": ""state""}"
1097,"{""type"": ""state""}","{""type"": ""state""}"
1098,"{""type"": ""club""}","{""type"": ""club""}"
1099,"{""type"": ""rank""}","{""type"": ""rank""}"
1100,"{""type"": ""album""}","{""type"": ""album""}"
1101,"{""type"": ""code""}","{""type"": ""code""}"
1102,"{""type"": ""weight""}","{""type"": ""weight""}"
1103,"{""type"": ""company""}","{""type"": ""company""}"
1104,"{""type"": ""album""}","{""type"": ""album""}"
1105,"{""type"": ""location""}","{""type"": ""location""}"
1106,"{""type"": ""location""}","{""type"": ""location""}"
1107,"{""type"": ""location""}","{""type"": ""location""}"
1108,"{""type"": ""location""}","{""type"": ""location""}"
1109,"{""type"": ""location""}","{""type"": ""location""}"
1110,"{""type"": ""country""}","{""type"": ""country""}"
1111,"{""type"": ""club""}","{""type"": ""club""}"
1112,"{""type"": ""category""}","{""type"": ""category""}"
1113,"{""type"": ""country""}","{""type"": ""country""}"
1114,"{""type"": ""country""}","{""type"": ""country""}"
1115,"{""type"": ""country""}","{""type"": ""country""}"
1116,"{""type"": ""country""}","{""type"": ""country""}"
1117,"{""type"": ""country""}","{""type"": ""country""}"
1118,"{""type"": ""description""}","{""type"": ""description""}"
1119,"{""type"": ""age""}","{""type"": ""age""}"
1120,"{""type"": ""status""}","{""type"": ""status""}"
1121,"{""type"": ""grades""}","{""type"": ""grades""}"
1122,"{""type"": ""name""}","{""type"": ""name""}"
1123,"{""type"": ""type""}","{""type"": ""type""}"
1124,"{""type"": ""age""}","{""type"": ""age""}"
1125,"{""type"": ""status""}","{""type"": ""status""}"
1126,"{""type"": ""sex""}","{""type"": ""sex""}"
1127,"{""type"": ""location""}","{""type"": ""location""}"
1128,"{""type"": ""name""}","{""type"": ""name""}"
1129,"{""type"": ""status""}","{""type"": ""status""}"
1130,"{""type"": ""code""}","{""type"": ""code""}"
1131,"{""type"": ""state""}","{""type"": ""state""}"
1132,"{""type"": ""rank""}","{""type"": ""rank""}"
1133,"{""type"": ""year""}","{""type"": ""year""}"
1134,"{""type"": ""name""}","{""type"": ""name""}"
1135,"{""type"": ""name""}","{""type"": ""name""}"
1136,"{""type"": ""weight""}","{""type"": ""weight""}"
1137,"{""type"": ""type""}","{""type"": ""type""}"
1138,"{""type"": ""state""}","{""type"": ""state""}"
1139,"{""type"": ""state""}","{""type"": ""state""}"
1140,"{""type"": ""state""}","{""type"": ""state""}"
1141,"{""type"": ""state""}","{""type"": ""state""}"
1142,"{""type"": ""state""}","{""type"": ""state""}"
1143,"{""type"": ""name""}","{""type"": ""name""}"
1144,"{""type"": ""name""}","{""type"": ""name""}"
1145,"{""type"": ""name""}","{""type"": ""name""}"
1146,"{""type"": ""name""}","{""type"": ""name""}"
1147,"{""type"": ""name""}","{""type"": ""name""}"
1148,"{""type"": ""address""}","{""type"": ""name""}"
1149,"{""type"": ""age""}","{""type"": ""age""}"
1150,"{""type"": ""name""}","{""type"": ""name""}"
1151,"{""type"": ""age""}","{""type"": ""age""}"
1152,"{""type"": ""name""}","{""type"": ""name""}"
1153,"{""type"": ""description""}","{""type"": ""description""}"
1154,"{""type"": ""class""}","{""type"": ""class""}"
1155,"{""type"": ""location""}","{""type"": ""location""}"
1156,"{""type"": ""name""}","{""type"": ""class""}"
1157,"{""type"": ""year""}","{""type"": ""year""}"
1158,"{""type"": ""result""}","{""type"": ""result""}"
1159,"{""type"": ""brand""}","{""type"": ""teamname""}"
1160,"{""type"": ""state""}","{""type"": ""state""}"
1161,"{""type"": ""album""}","{""type"": ""album""}"
1162,"{""type"": ""duration""}","{""type"": ""duration""}"
1163,"{""type"": ""age""}","{""type"": ""age""}"
1164,"{""type"": ""age""}","{""type"": ""age""}"
1165,"{""type"": ""location""}","{""type"": ""city""}"
1166,"{""type"": ""weight""}","{""type"": ""weight""}"
1167,"{""type"": ""weight""}","{""type"": ""weight""}"
1168,"{""type"": ""team""}","{""type"": ""teamname""}"
1169,"{""type"": ""city""}","{""type"": ""city""}"
1170,"{""type"": ""status""}","{""type"": ""status""}"
1171,"{""type"": ""name""}","{""type"": ""name""}"
1172,"{""type"": ""year""}","{""type"": ""year""}"
1173,"{""type"": ""address""}","{""type"": ""address""}"
1174,"{""type"": ""position""}","{""type"": ""position""}"
1175,"{""type"": ""city""}","{""type"": ""city""}"
1176,"{""type"": ""name""}","{""type"": ""name""}"
1177,"{""type"": ""city""}","{""type"": ""city""}"
1178,"{""type"": ""publisher""}","{""type"": ""publisher""}"
1179,"{""type"": ""year""}","{""type"": ""year""}"
1180,"{""type"": ""component""}","{""type"": ""component""}"
1181,"{""type"": ""club""}","{""type"": ""club""}"
1182,"{""type"": ""status""}","{""type"": ""status""}"
1183,"{""type"": ""artist""}","{""type"": ""name""}"
1184,"{""type"": ""artist""}","{""type"": ""artist""}"
1185,"{""type"": ""rank""}","{""type"": ""rank""}"
1186,"{""type"": ""status""}","{""type"": ""status""}"
1187,"{""type"": ""sex""}","{""type"": ""sex""}"
1188,"{""type"": ""age""}","{""type"": ""age""}"
1189,"{""type"": ""age""}","{""type"": ""age""}"
1190,"{""type"": ""name""}","{""type"": ""name""}"
1191,"{""type"": ""city""}","{""type"": ""city""}"
1192,"{""type"": ""location""}","{""type"": ""location""}"
1193,"{""type"": ""year""}","{""type"": ""year""}"
1194,"{""type"": ""status""}","{""type"": ""status""}"
1195,"{""type"": ""category""}","{""type"": ""category""}"
1196,"{""type"": ""status""}","{""type"": ""status""}"
1197,"{""type"": ""status""}","{""type"": ""status""}"
1198,"{""type"": ""status""}","{""type"": ""status""}"
1199,"{""type"": ""status""}","{""type"": ""status""}"
1200,"{""type"": ""status""}","{""type"": ""status""}"
1201,"{""type"": ""description""}","{""type"": ""description""}"
1202,"{""type"": ""name""}","{""type"": ""name""}"
1203,"{""type"": ""state""}","{""type"": ""state""}"
1204,"{""type"": ""status""}","{""type"": ""status""}"
1205,"{""type"": ""name""}","{""type"": ""name""}"
1206,"{""type"": ""team""}","{""type"": ""team""}"
1207,"{""type"": ""gender""}","{""type"": ""gender""}"
1208,"{""type"": ""location""}","{""type"": ""location""}"
1209,"{""type"": ""sex""}","{""type"": ""sex""}"
1210,"{""type"": ""description""}","{""type"": ""description""}"
1211,"{""type"": ""city""}","{""type"": ""city""}"
1212,"{""type"": ""description""}","{""type"": ""description""}"
1213,"{""type"": ""city""}","{""type"": ""city""}"
1214,"{""type"": ""city""}","{""type"": ""city""}"
1215,"{""type"": ""city""}","{""type"": ""city""}"
1216,"{""type"": ""city""}","{""type"": ""city""}"
1217,"{""type"": ""city""}","{""type"": ""city""}"
1218,"{""type"": ""name""}","{""type"": ""name""}"
1219,"{""type"": ""age""}","{""type"": ""rank""}"
1220,"{""type"": ""name""}","{""type"": ""name""}"
1221,"{""type"": ""city""}","{""type"": ""city""}"
1222,"{""type"": ""rank""}","{""type"": ""rank""}"
1223,"{""type"": ""category""}","{""type"": ""category""}"
1224,"{""type"": ""isbn""}","{""type"": ""isbn""}"
1225,"{""type"": ""age""}","{""type"": ""age""}"
1226,"{""type"": ""description""}","{""type"": ""description""}"
1227,"{""type"": ""name""}","{""type"": ""name""}"
1228,"{""type"": ""county""}","{""type"": ""county""}"
1229,"{""type"": ""city""}","{""type"": ""city""}"
1230,"{""type"": ""age""}","{""type"": ""age""}"
1231,"{""type"": ""age""}","{""type"": ""age""}"
1232,"{""type"": ""age""}","{""type"": ""age""}"
1233,"{""type"": ""age""}","{""type"": ""age""}"
1234,"{""type"": ""age""}","{""type"": ""age""}"
1235,"{""type"": ""name""}","{""type"": ""name""}"
1236,"{""type"": ""format""}","{""type"": ""format""}"
1237,"{""type"": ""year""}","{""type"": ""year""}"
1238,"{""type"": ""description""}","{""type"": ""description""}"
1239,"{""type"": ""name""}","{""type"": ""name""}"
1240,"{""type"": ""name""}","{""type"": ""name""}"
1241,"{""type"": ""name""}","{""type"": ""name""}"
1242,"{""type"": ""owner""}","{""type"": ""owner""}"
1243,"{""type"": ""name""}","{""type"": ""name""}"
1244,"{""type"": ""name""}","{""type"": ""name""}"
1245,"{""type"": ""name""}","{""type"": ""name""}"
1246,"{""type"": ""name""}","{""type"": ""name""}"
1247,"{""type"": ""name""}","{""type"": ""name""}"
1248,"{""type"": ""state""}","{""type"": ""state""}"
1249,"{""type"": ""club""}","{""type"": ""club""}"
1250,"{""type"": ""weight""}","{""type"": ""weight""}"
1251,"{""type"": ""age""}","{""type"": ""age""}"
1252,"{""type"": ""name""}","{""type"": ""name""}"
1253,"{""type"": ""county""}","{""type"": ""county""}"
1254,"{""type"": ""artist""}","{""type"": ""artist""}"
1255,"{""type"": ""elevation""}","{""type"": ""elevation""}"
1256,"{""type"": ""status""}","{""type"": ""status""}"
1257,"{""type"": ""weight""}","{""type"": ""weight""}"
1258,"{""type"": ""notes""}","{""type"": ""notes""}"
1259,"{""type"": ""description""}","{""type"": ""description""}"
1260,"{""type"": ""result""}","{""type"": ""result""}"
1261,"{""type"": ""class""}","{""type"": ""class""}"
1262,"{""type"": ""name""}","{""type"": ""name""}"
1263,"{""type"": ""code""}","{""type"": ""code""}"
1264,"{""type"": ""age""}","{""type"": ""age""}"
1265,"{""type"": ""state""}","{""type"": ""state""}"
1266,"{""type"": ""state""}","{""type"": ""state""}"
1267,"{""type"": ""state""}","{""type"": ""state""}"
1268,"{""type"": ""state""}","{""type"": ""state""}"
1269,"{""type"": ""state""}","{""type"": ""state""}"
1270,"{""type"": ""location""}","{""type"": ""location""}"
1271,"{""type"": ""county""}","{""type"": ""county""}"
1272,"{""type"": ""day""}","{""type"": ""day""}"
1273,"{""type"": ""age""}","{""type"": ""age""}"
1274,"{""type"": ""weight""}","{""type"": ""weight""}"
1275,"{""type"": ""age""}","{""type"": ""age""}"
1276,"{""type"": ""rank""}","{""type"": ""rank""}"
1277,"{""type"": ""description""}","{""type"": ""description""}"
1278,"{""type"": ""year""}","{""type"": ""year""}"
1279,"{""type"": ""name""}","{""type"": ""name""}"
1280,"{""type"": ""rank""}","{""type"": ""age""}"
1281,"{""type"": ""rank""}","{""type"": ""rank""}"
1282,"{""type"": ""rank""}","{""type"": ""age""}"
1283,"{""type"": ""rank""}","{""type"": ""age""}"
1284,"{""type"": ""rank""}","{""type"": ""age""}"
1285,"{""type"": ""position""}","{""type"": ""position""}"
1286,"{""type"": ""rank""}","{""type"": ""rank""}"
1287,"{""type"": ""description""}","{""type"": ""description""}"
1288,"{""type"": ""class""}","{""type"": ""class""}"
1289,"{""type"": ""nationality""}","{""type"": ""country""}"
1290,"{""type"": ""nationality""}","{""type"": ""country""}"
1291,"{""type"": ""nationality""}","{""type"": ""team""}"
1292,"{""type"": ""nationality""}","{""type"": ""country""}"
1293,"{""type"": ""nationality""}","{""type"": ""country""}"
1294,"{""type"": ""location""}","{""type"": ""location""}"
1295,"{""type"": ""weight""}","{""type"": ""weight""}"
1296,"{""type"": ""location""}","{""type"": ""location""}"
1297,"{""type"": ""type""}","{""type"": ""type""}"
1298,"{""type"": ""age""}","{""type"": ""age""}"
1299,"{""type"": ""team""}","{""type"": ""team""}"
1300,"{""type"": ""description""}","{""type"": ""description""}"
1301,"{""type"": ""name""}","{""type"": ""name""}"
1302,"{""type"": ""city""}","{""type"": ""city""}"
1303,"{""type"": ""description""}","{""type"": ""description""}"
1304,"{""type"": ""name""}","{""type"": ""name""}"
1305,"{""type"": ""album""}","{""type"": ""album""}"
1306,"{""type"": ""team""}","{""type"": ""team""}"
1307,"{""type"": ""team""}","{""type"": ""team""}"
1308,"{""type"": ""state""}","{""type"": ""state""}"
1309,"{""type"": ""manufacturer""}","{""type"": ""manufacturer""}"
1310,"{""type"": ""name""}","{""type"": ""name""}"
1311,"{""type"": ""city""}","{""type"": ""city""}"
1312,"{""type"": ""address""}","{""type"": ""address""}"
1313,"{""type"": ""age""}","{""type"": ""age""}"
1314,"{""type"": ""location""}","{""type"": ""location""}"
1315,"{""type"": ""company""}","{""type"": ""company""}"
1316,"{""type"": ""description""}","{""type"": ""description""}"
1317,"{""type"": ""sex""}","{""type"": ""sex""}"
1318,"{""type"": ""location""}","{""type"": ""location""}"
1319,"{""type"": ""status""}","{""type"": ""status""}"
1320,"{""type"": ""jockey""}","{""type"": ""jockey""}"
1321,"{""type"": ""age""}","{""type"": ""age""}"
1322,"{""type"": ""type""}","{""type"": ""description""}"
1323,"{""type"": ""result""}","{""type"": ""result""}"
1324,"{""type"": ""name""}","{""type"": ""name""}"
1325,"{""type"": ""class""}","{""type"": ""class""}"
1326,"{""type"": ""description""}","{""type"": ""description""}"
1327,"{""type"": ""name""}","{""type"": ""name""}"
1328,"{""type"": ""type""}","{""type"": ""type""}"
1329,"{""type"": ""company""}","{""type"": ""company""}"
1330,"{""type"": ""age""}","{""type"": ""age""}"
1331,"{""type"": ""result""}","{""type"": ""result""}"
1332,"{""type"": ""symbol""}","{""type"": ""symbol""}"
1333,"{""type"": ""type""}","{""type"": ""class""}"
1334,"{""type"": ""weight""}","{""type"": ""weight""}"
1335,"{""type"": ""club""}","{""type"": ""club""}"
1336,"{""type"": ""state""}","{""type"": ""state""}"
1337,"{""type"": ""album""}","{""type"": ""album""}"
1338,"{""type"": ""year""}","{""type"": ""year""}"
1339,"{""type"": ""artist""}","{""type"": ""artist""}"
1340,"{""type"": ""description""}","{""type"": ""description""}"
1341,"{""type"": ""country""}","{""type"": ""country""}"
1342,"{""type"": ""album""}","{""type"": ""album""}"
1343,"{""type"": ""name""}","{""type"": ""name""}"
1344,"{""type"": ""album""}","{""type"": ""album""}"
1345,"{""type"": ""state""}","{""type"": ""state""}"
1346,"{""type"": ""weight""}","{""type"": ""weight""}"
1347,"{""type"": ""type""}","{""type"": ""type""}"
1348,"{""type"": ""city""}","{""type"": ""city""}"
1349,"{""type"": ""description""}","{""type"": ""description""}"
1350,"{""type"": ""code""}","{""type"": ""code""}"
1351,"{""type"": ""age""}","{""type"": ""age""}"
1352,"{""type"": ""state""}","{""type"": ""state""}"
1353,"{""type"": ""weight""}","{""type"": ""weight""}"
1354,"{""type"": ""affiliation""}","{""type"": ""education""}"
1355,"{""type"": ""code""}","{""type"": ""code""}"
1356,"{""type"": ""code""}","{""type"": ""code""}"
1357,"{""type"": ""artist""}","{""type"": ""artist""}"
1358,"{""type"": ""name""}","{""type"": ""name""}"
1359,"{""type"": ""name""}","{""type"": ""name""}"
1360,"{""type"": ""name""}","{""type"": ""name""}"
1361,"{""type"": ""name""}","{""type"": ""name""}"
1362,"{""type"": ""name""}","{""type"": ""name""}"
1363,"{""type"": ""city""}","{""type"": ""city""}"
1364,"{""type"": ""album""}","{""type"": ""artist""}"
1365,"{""type"": ""age""}","{""type"": ""age""}"
1366,"{""type"": ""status""}","{""type"": ""status""}"
1367,"{""type"": ""region""}","{""type"": ""region""}"
1368,"{""type"": ""region""}","{""type"": ""region""}"
1369,"{""type"": ""region""}","{""type"": ""country""}"
1370,"{""type"": ""region""}","{""type"": ""region""}"
1371,"{""type"": ""region""}","{""type"": ""region""}"
1372,"{""type"": ""state""}","{""type"": ""state""}"
1373,"{""type"": ""company""}","{""type"": ""company""}"
1374,"{""type"": ""country""}","{""type"": ""country""}"
1375,"{""type"": ""year""}","{""type"": ""year""}"
1376,"{""type"": ""year""}","{""type"": ""year""}"
1377,"{""type"": ""year""}","{""type"": ""year""}"
1378,"{""type"": ""year""}","{""type"": ""year""}"
1379,"{""type"": ""year""}","{""type"": ""year""}"
1380,"{""type"": ""sex""}","{""type"": ""sex""}"
1381,"{""type"": ""address""}","{""type"": ""address""}"
1382,"{""type"": ""credit""}","{""type"": ""credit""}"
1383,"{""type"": ""album""}","{""type"": ""album""}"
1384,"{""type"": ""rank""}","{""type"": ""rank""}"
1385,"{""type"": ""rank""}","{""type"": ""rank""}"
1386,"{""type"": ""rank""}","{""type"": ""rank""}"
1387,"{""type"": ""rank""}","{""type"": ""rank""}"
1388,"{""type"": ""rank""}","{""type"": ""rank""}"
1389,"{""type"": ""type""}","{""type"": ""type""}"
1390,"{""type"": ""age""}","{""type"": ""age""}"
1391,"{""type"": ""description""}","{""type"": ""description""}"
1392,"{""type"": ""status""}","{""type"": ""status""}"
1393,"{""type"": ""company""}","{""type"": ""company""}"
1394,"{""type"": ""age""}","{""type"": ""age""}"
1395,"{""type"": ""name""}","{""type"": ""name""}"
1396,"{""type"": ""description""}","{""type"": ""description""}"
1397,"{""type"": ""state""}","{""type"": ""state""}"
1398,"{""type"": ""gender""}","{""type"": ""gender""}"
1399,"{""type"": ""weight""}","{""type"": ""weight""}"
1400,"{""type"": ""result""}","{""type"": ""result""}"
1401,"{""type"": ""age""}","{""type"": ""age""}"
1402,"{""type"": ""location""}","{""type"": ""location""}"
1403,"{""type"": ""name""}","{""type"": ""name""}"
1404,"{""type"": ""state""}","{""type"": ""state""}"
1405,"{""type"": ""state""}","{""type"": ""state""}"
1406,"{""type"": ""description""}","{""type"": ""description""}"
1407,"{""type"": ""team""}","{""type"": ""team""}"
1408,"{""type"": ""code""}","{""type"": ""code""}"
1409,"{""type"": ""name""}","{""type"": ""name""}"
1410,"{""type"": ""name""}","{""type"": ""name""}"
1411,"{""type"": ""code""}","{""type"": ""code""}"
1412,"{""type"": ""description""}","{""type"": ""description""}"
1413,"{""type"": ""description""}","{""type"": ""description""}"
1414,"{""type"": ""code""}","{""type"": ""code""}"
1415,"{""type"": ""type""}","{""type"": ""type""}"
1416,"{""type"": ""state""}","{""type"": ""state""}"
1417,"{""type"": ""state""}","{""type"": ""state""}"
1418,"{""type"": ""state""}","{""type"": ""state""}"
1419,"{""type"": ""state""}","{""type"": ""state""}"
1420,"{""type"": ""state""}","{""type"": ""state""}"
1421,"{""type"": ""description""}","{""type"": ""description""}"
1422,"{""type"": ""location""}","{""type"": ""location""}"
1423,"{""type"": ""location""}","{""type"": ""city""}"
1424,"{""type"": ""location""}","{""type"": ""location""}"
1425,"{""type"": ""location""}","{""type"": ""city""}"
1426,"{""type"": ""location""}","{""type"": ""city""}"
1427,"{""type"": ""age""}","{""type"": ""age""}"
1428,"{""type"": ""location""}","{""type"": ""location""}"
1429,"{""type"": ""name""}","{""type"": ""name""}"
1430,"{""type"": ""name""}","{""type"": ""name""}"
1431,"{""type"": ""name""}","{""type"": ""name""}"
1432,"{""type"": ""name""}","{""type"": ""name""}"
1433,"{""type"": ""name""}","{""type"": ""name""}"
1434,"{""type"": ""club""}","{""type"": ""club""}"
1435,"{""type"": ""name""}","{""type"": ""name""}"
1436,"{""type"": ""name""}","{""type"": ""name""}"
1437,"{""type"": ""name""}","{""type"": ""name""}"
1438,"{""type"": ""name""}","{""type"": ""name""}"
1439,"{""type"": ""name""}","{""type"": ""name""}"
1440,"{""type"": ""status""}","{""type"": ""status""}"
1441,"{""type"": ""artist""}","{""type"": ""artist""}"
1442,"{""type"": ""description""}","{""type"": ""description""}"
1443,"{""type"": ""name""}","{""type"": ""name""}"
1444,"{""type"": ""state""}","{""type"": ""state""}"
1445,"{""type"": ""year""}","{""type"": ""year""}"
1446,"{""type"": ""year""}","{""type"": ""year""}"
1447,"{""type"": ""name""}","{""type"": ""name""}"
1448,"{""type"": ""name""}","{""type"": ""name""}"
1449,"{""type"": ""name""}","{""type"": ""name""}"
1450,"{""type"": ""name""}","{""type"": ""name""}"
1451,"{""type"": ""name""}","{""type"": ""name""}"
1452,"{""type"": ""name""}","{""type"": ""name""}"
1453,"{""type"": ""club""}","{""type"": ""club""}"
1454,"{""type"": ""description""}","{""type"": ""description""}"
1455,"{""type"": ""description""}","{""type"": ""description""}"
1456,"{""type"": ""address""}","{""type"": ""address""}"
1457,"{""type"": ""position""}","{""type"": ""class""}"
1458,"{""type"": ""name""}","{""type"": ""name""}"
1459,"{""type"": ""team""}","{""type"": ""location""}"
1460,"{""type"": ""age""}","{""type"": ""age""}"
1461,"{""type"": ""state""}","{""type"": ""state""}"
1462,"{""type"": ""type""}","{""type"": ""type""}"
1463,"{""type"": ""description""}","{""type"": ""description""}"
1464,"{""type"": ""description""}","{""type"": ""description""}"
1465,"{""type"": ""rank""}","{""type"": ""rank""}"
1466,"{""type"": ""description""}","{""type"": ""description""}"
1467,"{""type"": ""state""}","{""type"": ""state""}"
1468,"{""type"": ""location""}","{""type"": ""location""}"
1469,"{""type"": ""status""}","{""type"": ""status""}"
1470,"{""type"": ""state""}","{""type"": ""state""}"
1471,"{""type"": ""type""}","{""type"": ""type""}"
1472,"{""type"": ""county""}","{""type"": ""county""}"
1473,"{""type"": ""club""}","{""type"": ""club""}"
1474,"{""type"": ""name""}","{""type"": ""name""}"
1475,"{""type"": ""team""}","{""type"": ""team""}"
1476,"{""type"": ""age""}","{""type"": ""age""}"
1477,"{""type"": ""name""}","{""type"": ""name""}"
1478,"{""type"": ""description""}","{""type"": ""description""}"
1479,"{""type"": ""position""}","{""type"": ""position""}"
1480,"{""type"": ""age""}","{""type"": ""age""}"
1481,"{""type"": ""elevation""}","{""type"": ""elevation""}"
1482,"{""type"": ""rank""}","{""type"": ""year""}"
1483,"{""type"": ""name""}","{""type"": ""name""}"
1484,"{""type"": ""team""}","{""type"": ""team""}"
1485,"{""type"": ""state""}","{""type"": ""state""}"
1486,"{""type"": ""team""}","{""type"": ""team""}"
1487,"{""type"": ""name""}","{""type"": ""name""}"
1488,"{""type"": ""city""}","{""type"": ""city""}"
1489,"{""type"": ""position""}","{""type"": ""position""}"
1490,"{""type"": ""company""}","{""type"": ""company""}"
1491,"{""type"": ""address""}","{""type"": ""address""}"
1492,"{""type"": ""weight""}","{""type"": ""weight""}"
1493,"{""type"": ""description""}","{""type"": ""description""}"
1494,"{""type"": ""description""}","{""type"": ""description""}"
1495,"{""type"": ""status""}","{""type"": ""status""}"
1496,"{""type"": ""age""}","{""type"": ""age""}"
1497,"{""type"": ""country""}","{""type"": ""country""}"
1498,"{""type"": ""country""}","{""type"": ""country""}"
1499,"{""type"": ""country""}","{""type"": ""country""}"
1500,"{""type"": ""country""}","{""type"": ""country""}"
1501,"{""type"": ""country""}","{""type"": ""country""}"
1502,"{""type"": ""name""}","{""type"": ""name""}"
1503,"{""type"": ""name""}","{""type"": ""name""}"
1504,"{""type"": ""name""}","{""type"": ""name""}"
1505,"{""type"": ""name""}","{""type"": ""name""}"
1506,"{""type"": ""name""}","{""type"": ""name""}"
1507,"{""type"": ""description""}","{""type"": ""description""}"
1508,"{""type"": ""name""}","{""type"": ""name""}"
1509,"{""type"": ""name""}","{""type"": ""name""}"
1510,"{""type"": ""description""}","{""type"": ""description""}"
1511,"{""type"": ""description""}","{""type"": ""description""}"
1512,"{""type"": ""county""}","{""type"": ""county""}"
1513,"{""type"": ""album""}","{""type"": ""album""}"
1514,"{""type"": ""city""}","{""type"": ""city""}"
1515,"{""type"": ""description""}","{""type"": ""description""}"
1516,"{""type"": ""album""}","{""type"": ""album""}"
1517,"{""type"": ""artist""}","{""type"": ""artist""}"
1518,"{""type"": ""affiliation""}","{""type"": ""affiliation""}"
1519,"{""type"": ""age""}","{""type"": ""age""}"
1520,"{""type"": ""name""}","{""type"": ""name""}"
1521,"{""type"": ""location""}","{""type"": ""location""}"
1522,"{""type"": ""result""}","{""type"": ""result""}"
1523,"{""type"": ""club""}","{""type"": ""club""}"
1524,"{""type"": ""status""}","{""type"": ""status""}"
1525,"{""type"": ""format""}","{""type"": ""format""}"
1526,"{""type"": ""description""}","{""type"": ""description""}"
1527,"{""type"": ""class""}","{""type"": ""class""}"
1528,"{""type"": ""notes""}","{""type"": ""status""}"
1529,"{""type"": ""type""}","{""type"": ""type""}"
1530,"{""type"": ""name""}","{""type"": ""name""}"
1531,"{""type"": ""teamname""}","{""type"": ""teamname""}"
1532,"{""type"": ""isbn""}","{""type"": ""isbn""}"
1533,"{""type"": ""location""}","{""type"": ""location""}"
1534,"{""type"": ""club""}","{""type"": ""club""}"
1535,"{""type"": ""city""}","{""type"": ""city""}"
1536,"{""type"": ""gender""}","{""type"": ""gender""}"
1537,"{""type"": ""name""}","{""type"": ""name""}"
1538,"{""type"": ""state""}","{""type"": ""state""}"
1539,"{""type"": ""type""}","{""type"": ""type""}"
1540,"{""type"": ""weight""}","{""type"": ""weight""}"
1541,"{""type"": ""description""}","{""type"": ""description""}"
1542,"{""type"": ""weight""}","{""type"": ""weight""}"
1543,"{""type"": ""name""}","{""type"": ""name""}"
1544,"{""type"": ""year""}","{""type"": ""year""}"
1545,"{""type"": ""name""}","{""type"": ""jockey""}"
1546,"{""type"": ""age""}","{""type"": ""age""}"
1547,"{""type"": ""name""}","{""type"": ""name""}"
1548,"{""type"": ""name""}","{""type"": ""name""}"
1549,"{""type"": ""name""}","{""type"": ""name""}"
1550,"{""type"": ""code""}","{""type"": ""code""}"
1551,"{""type"": ""city""}","{""type"": ""city""}"
1552,"{""type"": ""city""}","{""type"": ""city""}"
1553,"{""type"": ""position""}","{""type"": ""position""}"
1554,"{""type"": ""status""}","{""type"": ""status""}"
1555,"{""type"": ""description""}","{""type"": ""description""}"
1556,"{""type"": ""location""}","{""type"": ""location""}"
1557,"{""type"": ""location""}","{""type"": ""location""}"
1558,"{""type"": ""location""}","{""type"": ""location""}"
1559,"{""type"": ""location""}","{""type"": ""location""}"
1560,"{""type"": ""location""}","{""type"": ""location""}"
1561,"{""type"": ""year""}","{""type"": ""year""}"
1562,"{""type"": ""city""}","{""type"": ""city""}"
1563,"{""type"": ""name""}","{""type"": ""name""}"
1564,"{""type"": ""year""}","{""type"": ""year""}"
1565,"{""type"": ""manufacturer""}","{""type"": ""company""}"
1566,"{""type"": ""album""}","{""type"": ""album""}"
1567,"{""type"": ""result""}","{""type"": ""result""}"
1568,"{""type"": ""name""}","{""type"": ""name""}"
1569,"{""type"": ""gender""}","{""type"": ""gender""}"
1570,"{""type"": ""grades""}","{""type"": ""grades""}"
1571,"{""type"": ""description""}","{""type"": ""description""}"
1572,"{""type"": ""result""}","{""type"": ""result""}"
1573,"{""type"": ""elevation""}","{""type"": ""elevation""}"
1574,"{""type"": ""position""}","{""type"": ""position""}"
1575,"{""type"": ""description""}","{""type"": ""description""}"
1576,"{""type"": ""name""}","{""type"": ""name""}"
1577,"{""type"": ""rank""}","{""type"": ""rank""}"
1578,"{""type"": ""state""}","{""type"": ""state""}"
1579,"{""type"": ""code""}","{""type"": ""code""}"
1580,"{""type"": ""name""}","{""type"": ""name""}"
1581,"{""type"": ""state""}","{""type"": ""state""}"
1582,"{""type"": ""gender""}","{""type"": ""gender""}"
1583,"{""type"": ""name""}","{""type"": ""name""}"
1584,"{""type"": ""rank""}","{""type"": ""rank""}"
1585,"{""type"": ""city""}","{""type"": ""city""}"
1586,"{""type"": ""year""}","{""type"": ""year""}"
1587,"{""type"": ""county""}","{""type"": ""county""}"
1588,"{""type"": ""county""}","{""type"": ""county""}"
1589,"{""type"": ""county""}","{""type"": ""county""}"
1590,"{""type"": ""county""}","{""type"": ""county""}"
1591,"{""type"": ""county""}","{""type"": ""county""}"
1592,"{""type"": ""category""}","{""type"": ""category""}"
1593,"{""type"": ""country""}","{""type"": ""country""}"
1594,"{""type"": ""team""}","{""type"": ""team""}"
1595,"{""type"": ""class""}","{""type"": ""class""}"
1596,"{""type"": ""city""}","{""type"": ""city""}"
1597,"{""type"": ""weight""}","{""type"": ""weight""}"
1598,"{""type"": ""description""}","{""type"": ""description""}"
1599,"{""type"": ""name""}","{""type"": ""name""}"
1600,"{""type"": ""year""}","{""type"": ""year""}"
1601,"{""type"": ""state""}","{""type"": ""state""}"
1602,"{""type"": ""state""}","{""type"": ""state""}"
1603,"{""type"": ""state""}","{""type"": ""state""}"
1604,"{""type"": ""state""}","{""type"": ""state""}"
1605,"{""type"": ""state""}","{""type"": ""state""}"
1606,"{""type"": ""result""}","{""type"": ""result""}"
1607,"{""type"": ""weight""}","{""type"": ""weight""}"
1608,"{""type"": ""weight""}","{""type"": ""weight""}"
1609,"{""type"": ""notes""}","{""type"": ""notes""}"
1610,"{""type"": ""name""}","{""type"": ""name""}"
1611,"{""type"": ""status""}","{""type"": ""status""}"
1612,"{""type"": ""category""}","{""type"": ""category""}"
1613,"{""type"": ""city""}","{""type"": ""city""}"
1614,"{""type"": ""city""}","{""type"": ""city""}"
1615,"{""type"": ""description""}","{""type"": ""description""}"
1616,"{""type"": ""code""}","{""type"": ""code""}"
1617,"{""type"": ""director""}","{""type"": ""artist""}"
1618,"{""type"": ""city""}","{""type"": ""city""}"
1619,"{""type"": ""city""}","{""type"": ""city""}"
1620,"{""type"": ""city""}","{""type"": ""city""}"
1621,"{""type"": ""city""}","{""type"": ""city""}"
1622,"{""type"": ""city""}","{""type"": ""city""}"
1623,"{""type"": ""city""}","{""type"": ""city""}"
1624,"{""type"": ""city""}","{""type"": ""city""}"
1625,"{""type"": ""city""}","{""type"": ""city""}"
1626,"{""type"": ""city""}","{""type"": ""city""}"
1627,"{""type"": ""city""}","{""type"": ""city""}"
1628,"{""type"": ""name""}","{""type"": ""name""}"
1629,"{""type"": ""status""}","{""type"": ""status""}"
1630,"{""type"": ""description""}","{""type"": ""description""}"
1631,"{""type"": ""description""}","{""type"": ""name""}"
1632,"{""type"": ""city""}","{""type"": ""city""}"
1633,"{""type"": ""code""}","{""type"": ""code""}"
1634,"{""type"": ""description""}","{""type"": ""description""}"
1635,"{""type"": ""weight""}","{""type"": ""weight""}"
1636,"{""type"": ""code""}","{""type"": ""component""}"
1637,"{""type"": ""status""}","{""type"": ""status""}"
1638,"{""type"": ""state""}","{""type"": ""state""}"
1639,"{""type"": ""location""}","{""type"": ""location""}"
1640,"{""type"": ""description""}","{""type"": ""description""}"
1641,"{""type"": ""description""}","{""type"": ""description""}"
1642,"{""type"": ""status""}","{""type"": ""status""}"
1643,"{""type"": ""name""}","{""type"": ""description""}"
1644,"{""type"": ""country""}","{""type"": ""country""}"
1645,"{""type"": ""symbol""}","{""type"": ""symbol""}"
1646,"{""type"": ""name""}","{""type"": ""name""}"
1647,"{""type"": ""name""}","{""type"": ""name""}"
1648,"{""type"": ""location""}","{""type"": ""location""}"
1649,"{""type"": ""location""}","{""type"": ""location""}"
1650,"{""type"": ""location""}","{""type"": ""location""}"
1651,"{""type"": ""location""}","{""type"": ""location""}"
1652,"{""type"": ""location""}","{""type"": ""location""}"
1653,"{""type"": ""city""}","{""type"": ""city""}"
1654,"{""type"": ""description""}","{""type"": ""description""}"
1655,"{""type"": ""name""}","{""type"": ""name""}"
1656,"{""type"": ""category""}","{""type"": ""category""}"
1657,"{""type"": ""state""}","{""type"": ""state""}"
1658,"{""type"": ""team""}","{""type"": ""team""}"
1659,"{""type"": ""name""}","{""type"": ""name""}"
1660,"{""type"": ""name""}","{""type"": ""name""}"
1661,"{""type"": ""team""}","{""type"": ""team""}"
1662,"{""type"": ""owner""}","{""type"": ""name""}"
1663,"{""type"": ""age""}","{""type"": ""age""}"
1664,"{""type"": ""symbol""}","{""type"": ""symbol""}"
1665,"{""type"": ""city""}","{""type"": ""city""}"
1666,"{""type"": ""symbol""}","{""type"": ""symbol""}"
1667,"{""type"": ""status""}","{""type"": ""description""}"
1668,"{""type"": ""rank""}","{""type"": ""rank""}"
1669,"{""type"": ""age""}","{""type"": ""age""}"
1670,"{""type"": ""description""}","{""type"": ""description""}"
1671,"{""type"": ""team""}","{""type"": ""team""}"
1672,"{""type"": ""city""}","{""type"": ""city""}"
1673,"{""type"": ""description""}","{""type"": ""description""}"
1674,"{""type"": ""type""}","{""type"": ""type""}"
1675,"{""type"": ""result""}","{""type"": ""result""}"
1676,"{""type"": ""city""}","{""type"": ""city""}"
1677,"{""type"": ""rank""}","{""type"": ""rank""}"
1678,"{""type"": ""description""}","{""type"": ""description""}"
1679,"{""type"": ""category""}","{""type"": ""category""}"
1680,"{""type"": ""description""}","{""type"": ""description""}"
1681,"{""type"": ""county""}","{""type"": ""county""}"
1682,"{""type"": ""type""}","{""type"": ""type""}"
1683,"{""type"": ""state""}","{""type"": ""state""}"
1684,"{""type"": ""code""}","{""type"": ""code""}"
1685,"{""type"": ""city""}","{""type"": ""name""}"
1686,"{""type"": ""type""}","{""type"": ""type""}"
1687,"{""type"": ""state""}","{""type"": ""state""}"
1688,"{""type"": ""state""}","{""type"": ""category""}"
1689,"{""type"": ""state""}","{""type"": ""category""}"
1690,"{""type"": ""state""}","{""type"": ""category""}"
1691,"{""type"": ""state""}","{""type"": ""category""}"
1692,"{""type"": ""state""}","{""type"": ""category""}"
1693,"{""type"": ""position""}","{""type"": ""position""}"
1694,"{""type"": ""code""}","{""type"": ""code""}"
1695,"{""type"": ""album""}","{""type"": ""album""}"
1696,"{""type"": ""weight""}","{""type"": ""weight""}"
1697,"{""type"": ""code""}","{""type"": ""code""}"
1698,"{""type"": ""rank""}","{""type"": ""rank""}"
1699,"{""type"": ""name""}","{""type"": ""name""}"
1700,"{""type"": ""team""}","{""type"": ""team""}"
1701,"{""type"": ""city""}","{""type"": ""city""}"
1702,"{""type"": ""description""}","{""type"": ""description""}"
1703,"{""type"": ""weight""}","{""type"": ""weight""}"
1704,"{""type"": ""club""}","{""type"": ""club""}"
1705,"{""type"": ""weight""}","{""type"": ""rank""}"
1706,"{""type"": ""name""}","{""type"": ""name""}"
1707,"{""type"": ""company""}","{""type"": ""company""}"
1708,"{""type"": ""team""}","{""type"": ""team""}"
1709,"{""type"": ""description""}","{""type"": ""description""}"
1710,"{""type"": ""description""}","{""type"": ""description""}"
1711,"{""type"": ""weight""}","{""type"": ""weight""}"
1712,"{""type"": ""description""}","{""type"": ""description""}"
1713,"{""type"": ""gender""}","{""type"": ""gender""}"
1714,"{""type"": ""age""}","{""type"": ""age""}"
1715,"{""type"": ""component""}","{""type"": ""component""}"
1716,"{""type"": ""name""}","{""type"": ""name""}"
1717,"{""type"": ""category""}","{""type"": ""category""}"
1718,"{""type"": ""status""}","{""type"": ""status""}"
1719,"{""type"": ""country""}","{""type"": ""country""}"
1720,"{""type"": ""team""}","{""type"": ""rank""}"
1721,"{""type"": ""year""}","{""type"": ""year""}"
1722,"{""type"": ""album""}","{""type"": ""album""}"
1723,"{""type"": ""format""}","{""type"": ""format""}"
1724,"{""type"": ""city""}","{""type"": ""city""}"
1725,"{""type"": ""location""}","{""type"": ""location""}"
1726,"{""type"": ""location""}","{""type"": ""location""}"
1727,"{""type"": ""location""}","{""type"": ""location""}"
1728,"{""type"": ""location""}","{""type"": ""location""}"
1729,"{""type"": ""location""}","{""type"": ""location""}"
1730,"{""type"": ""age""}","{""type"": ""age""}"
1731,"{""type"": ""team""}","{""type"": ""team""}"
1732,"{""type"": ""notes""}","{""type"": ""notes""}"
1733,"{""type"": ""team""}","{""type"": ""country""}"
1734,"{""type"": ""service""}","{""type"": ""status""}"
1735,"{""type"": ""artist""}","{""type"": ""artist""}"
1736,"{""type"": ""weight""}","{""type"": ""weight""}"
1737,"{""type"": ""rank""}","{""type"": ""rank""}"
1738,"{""type"": ""city""}","{""type"": ""city""}"
1739,"{""type"": ""year""}","{""type"": ""year""}"
1740,"{""type"": ""status""}","{""type"": ""status""}"
1741,"{""type"": ""sex""}","{""type"": ""sex""}"
1742,"{""type"": ""type""}","{""type"": ""name""}"
1743,"{""type"": ""description""}","{""type"": ""description""}"
1744,"{""type"": ""weight""}","{""type"": ""weight""}"
1745,"{""type"": ""state""}","{""type"": ""state""}"
1746,"{""type"": ""state""}","{""type"": ""state""}"
1747,"{""type"": ""state""}","{""type"": ""state""}"
1748,"{""type"": ""state""}","{""type"": ""state""}"
1749,"{""type"": ""state""}","{""type"": ""state""}"
1750,"{""type"": ""album""}","{""type"": ""album""}"
1751,"{""type"": ""teamname""}","{""type"": ""teamname""}"
1752,"{""type"": ""address""}","{""type"": ""address""}"
1753,"{""type"": ""address""}","{""type"": ""address""}"
1754,"{""type"": ""address""}","{""type"": ""address""}"
1755,"{""type"": ""address""}","{""type"": ""address""}"
1756,"{""type"": ""address""}","{""type"": ""address""}"
1757,"{""type"": ""name""}","{""type"": ""name""}"
1758,"{""type"": ""isbn""}","{""type"": ""isbn""}"
1759,"{""type"": ""album""}","{""type"": ""album""}"
1760,"{""type"": ""album""}","{""type"": ""album""}"
1761,"{""type"": ""album""}","{""type"": ""album""}"
1762,"{""type"": ""album""}","{""type"": ""album""}"
1763,"{""type"": ""album""}","{""type"": ""album""}"
1764,"{""type"": ""description""}","{""type"": ""description""}"
1765,"{""type"": ""description""}","{""type"": ""description""}"
1766,"{""type"": ""description""}","{""type"": ""description""}"
1767,"{""type"": ""description""}","{""type"": ""description""}"
1768,"{""type"": ""description""}","{""type"": ""description""}"
1769,"{""type"": ""class""}","{""type"": ""class""}"
1770,"{""type"": ""name""}","{""type"": ""name""}"
1771,"{""type"": ""location""}","{""type"": ""location""}"
1772,"{""type"": ""year""}","{""type"": ""year""}"
1773,"{""type"": ""country""}","{""type"": ""country""}"
1774,"{""type"": ""location""}","{""type"": ""year""}"
1775,"{""type"": ""class""}","{""type"": ""class""}"
1776,"{""type"": ""city""}","{""type"": ""city""}"
1777,"{""type"": ""city""}","{""type"": ""city""}"
1778,"{""type"": ""city""}","{""type"": ""city""}"
1779,"{""type"": ""city""}","{""type"": ""city""}"
1780,"{""type"": ""city""}","{""type"": ""city""}"
1781,"{""type"": ""state""}","{""type"": ""state""}"
1782,"{""type"": ""state""}","{""type"": ""state""}"
1783,"{""type"": ""year""}","{""type"": ""year""}"
1784,"{""type"": ""status""}","{""type"": ""status""}"
1785,"{""type"": ""state""}","{""type"": ""state""}"
1786,"{""type"": ""year""}","{""type"": ""year""}"
1787,"{""type"": ""category""}","{""type"": ""category""}"
1788,"{""type"": ""year""}","{""type"": ""year""}"
1789,"{""type"": ""year""}","{""type"": ""year""}"
1790,"{""type"": ""year""}","{""type"": ""year""}"
1791,"{""type"": ""year""}","{""type"": ""year""}"
1792,"{""type"": ""year""}","{""type"": ""year""}"
1793,"{""type"": ""age""}","{""type"": ""age""}"
1794,"{""type"": ""position""}","{""type"": ""position""}"
1795,"{""type"": ""category""}","{""type"": ""category""}"
1796,"{""type"": ""location""}","{""type"": ""city""}"
1797,"{""type"": ""code""}","{""type"": ""code""}"
1798,"{""type"": ""club""}","{""type"": ""club""}"
1799,"{""type"": ""code""}","{""type"": ""code""}"
1800,"{""type"": ""team""}","{""type"": ""team""}"
1801,"{""type"": ""age""}","{""type"": ""age""}"
1802,"{""type"": ""name""}","{""type"": ""description""}"
1803,"{""type"": ""language""}","{""type"": ""language""}"
1804,"{""type"": ""name""}","{""type"": ""name""}"
1805,"{""type"": ""name""}","{""type"": ""name""}"
1806,"{""type"": ""city""}","{""type"": ""city""}"
1807,"{""type"": ""year""}","{""type"": ""year""}"
1808,"{""type"": ""status""}","{""type"": ""status""}"
1809,"{""type"": ""name""}","{""type"": ""name""}"
1810,"{""type"": ""code""}","{""type"": ""code""}"
1811,"{""type"": ""album""}","{""type"": ""album""}"
1812,"{""type"": ""artist""}","{""type"": ""artist""}"
1813,"{""type"": ""sex""}","{""type"": ""gender""}"
1814,"{""type"": ""club""}","{""type"": ""club""}"
1815,"{""type"": ""company""}","{""type"": ""company""}"
1816,"{""type"": ""country""}","{""type"": ""country""}"
1817,"{""type"": ""age""}","{""type"": ""age""}"
1818,"{""type"": ""rank""}","{""type"": ""rank""}"
1819,"{""type"": ""weight""}","{""type"": ""weight""}"
1820,"{""type"": ""state""}","{""type"": ""state""}"
1821,"{""type"": ""club""}","{""type"": ""club""}"
1822,"{""type"": ""year""}","{""type"": ""year""}"
1823,"{""type"": ""state""}","{""type"": ""state""}"
1824,"{""type"": ""rank""}","{""type"": ""rank""}"
1825,"{""type"": ""artist""}","{""type"": ""artist""}"
1826,"{""type"": ""name""}","{""type"": ""name""}"
1827,"{""type"": ""city""}","{""type"": ""city""}"
1828,"{""type"": ""city""}","{""type"": ""city""}"
1829,"{""type"": ""city""}","{""type"": ""city""}"
1830,"{""type"": ""city""}","{""type"": ""city""}"
1831,"{""type"": ""city""}","{""type"": ""city""}"
1832,"{""type"": ""type""}","{""type"": ""type""}"
1833,"{""type"": ""class""}","{""type"": ""name""}"
1834,"{""type"": ""state""}","{""type"": ""state""}"
1835,"{""type"": ""name""}","{""type"": ""name""}"
1836,"{""type"": ""weight""}","{""type"": ""weight""}"
1837,"{""type"": ""language""}","{""type"": ""language""}"
1838,"{""type"": ""location""}","{""type"": ""location""}"
1839,"{""type"": ""year""}","{""type"": ""year""}"
1840,"{""type"": ""rank""}","{""type"": ""age""}"
1841,"{""type"": ""status""}","{""type"": ""status""}"
1842,"{""type"": ""city""}","{""type"": ""city""}"
1843,"{""type"": ""team""}","{""type"": ""teamname""}"
1844,"{""type"": ""code""}","{""type"": ""code""}"
1845,"{""type"": ""description""}","{""type"": ""description""}"
1846,"{""type"": ""code""}","{""type"": ""code""}"
1847,"{""type"": ""weight""}","{""type"": ""weight""}"
1848,"{""type"": ""club""}","{""type"": ""club""}"
1849,"{""type"": ""weight""}","{""type"": ""weight""}"
1850,"{""type"": ""state""}","{""type"": ""state""}"
1851,"{""type"": ""weight""}","{""type"": ""weight""}"
1852,"{""type"": ""state""}","{""type"": ""state""}"
1853,"{""type"": ""year""}","{""type"": ""year""}"
1854,"{""type"": ""description""}","{""type"": ""description""}"
1855,"{""type"": ""age""}","{""type"": ""age""}"
1856,"{""type"": ""code""}","{""type"": ""code""}"
1857,"{""type"": ""type""}","{""type"": ""type""}"
1858,"{""type"": ""weight""}","{""type"": ""weight""}"
1859,"{""type"": ""team""}","{""type"": ""team""}"
1860,"{""type"": ""country""}","{""type"": ""country""}"
1861,"{""type"": ""description""}","{""type"": ""description""}"
1862,"{""type"": ""team""}","{""type"": ""team""}"
1863,"{""type"": ""state""}","{""type"": ""state""}"
1864,"{""type"": ""code""}","{""type"": ""code""}"
1865,"{""type"": ""weight""}","{""type"": ""weight""}"
1866,"{""type"": ""age""}","{""type"": ""age""}"
1867,"{""type"": ""notes""}","{""type"": ""notes""}"
1868,"{""type"": ""age""}","{""type"": ""age""}"
1869,"{""type"": ""club""}","{""type"": ""club""}"
1870,"{""type"": ""isbn""}","{""type"": ""isbn""}"
1871,"{""type"": ""description""}","{""type"": ""description""}"
1872,"{""type"": ""weight""}","{""type"": ""weight""}"
1873,"{""type"": ""type""}","{""type"": ""type""}"
1874,"{""type"": ""description""}","{""type"": ""description""}"
1875,"{""type"": ""rank""}","{""type"": ""rank""}"
1876,"{""type"": ""year""}","{""type"": ""year""}"
1877,"{""type"": ""position""}","{""type"": ""position""}"
1878,"{""type"": ""age""}","{""type"": ""age""}"
1879,"{""type"": ""age""}","{""type"": ""age""}"
1880,"{""type"": ""description""}","{""type"": ""description""}"
1881,"{""type"": ""class""}","{""type"": ""class""}"
1882,"{""type"": ""symbol""}","{""type"": ""symbol""}"
1883,"{""type"": ""type""}","{""type"": ""description""}"
1884,"{""type"": ""weight""}","{""type"": ""weight""}"
1885,"{""type"": ""category""}","{""type"": ""category""}"
1886,"{""type"": ""code""}","{""type"": ""code""}"
1887,"{""type"": ""name""}","{""type"": ""name""}"
1888,"{""type"": ""code""}","{""type"": ""code""}"
1889,"{""type"": ""code""}","{""type"": ""code""}"
1890,"{""type"": ""position""}","{""type"": ""position""}"
1891,"{""type"": ""position""}","{""type"": ""position""}"
1892,"{""type"": ""state""}","{""type"": ""state""}"
1893,"{""type"": ""city""}","{""type"": ""city""}"
1894,"{""type"": ""name""}","{""type"": ""name""}"
1895,"{""type"": ""name""}","{""type"": ""name""}"
1896,"{""type"": ""state""}","{""type"": ""state""}"
1897,"{""type"": ""state""}","{""type"": ""state""}"
1898,"{""type"": ""state""}","{""type"": ""state""}"
1899,"{""type"": ""state""}","{""type"": ""state""}"
1900,"{""type"": ""state""}","{""type"": ""state""}"
1901,"{""type"": ""weight""}","{""type"": ""weight""}"
1902,"{""type"": ""description""}","{""type"": ""description""}"
1903,"{""type"": ""year""}","{""type"": ""year""}"
1904,"{""type"": ""rank""}","{""type"": ""rank""}"
1905,"{""type"": ""rank""}","{""type"": ""rank""}"
1906,"{""type"": ""rank""}","{""type"": ""rank""}"
1907,"{""type"": ""rank""}","{""type"": ""rank""}"
1908,"{""type"": ""rank""}","{""type"": ""rank""}"
1909,"{""type"": ""state""}","{""type"": ""state""}"
1910,"{""type"": ""rank""}","{""type"": ""rank""}"
1911,"{""type"": ""rank""}","{""type"": ""rank""}"
1912,"{""type"": ""rank""}","{""type"": ""rank""}"
1913,"{""type"": ""rank""}","{""type"": ""rank""}"
1914,"{""type"": ""rank""}","{""type"": ""rank""}"
1915,"{""type"": ""position""}","{""type"": ""position""}"
1916,"{""type"": ""state""}","{""type"": ""state""}"
1917,"{""type"": ""city""}","{""type"": ""city""}"
1918,"{""type"": ""year""}","{""type"": ""year""}"
1919,"{""type"": ""code""}","{""type"": ""code""}"
1920,"{""type"": ""name""}","{""type"": ""name""}"
1921,"{""type"": ""year""}","{""type"": ""year""}"
1922,"{""type"": ""year""}","{""type"": ""year""}"
1923,"{""type"": ""name""}","{""type"": ""name""}"
1924,"{""type"": ""name""}","{""type"": ""name""}"
1925,"{""type"": ""name""}","{""type"": ""name""}"
1926,"{""type"": ""name""}","{""type"": ""name""}"
1927,"{""type"": ""name""}","{""type"": ""name""}"
1928,"{""type"": ""city""}","{""type"": ""city""}"
1929,"{""type"": ""album""}","{""type"": ""album""}"
1930,"{""type"": ""rank""}","{""type"": ""rank""}"
1931,"{""type"": ""rank""}","{""type"": ""rank""}"
1932,"{""type"": ""rank""}","{""type"": ""rank""}"
1933,"{""type"": ""rank""}","{""type"": ""rank""}"
1934,"{""type"": ""rank""}","{""type"": ""rank""}"
1935,"{""type"": ""description""}","{""type"": ""description""}"
1936,"{""type"": ""description""}","{""type"": ""description""}"
1937,"{""type"": ""description""}","{""type"": ""name""}"
1938,"{""type"": ""description""}","{""type"": ""name""}"
1939,"{""type"": ""description""}","{""type"": ""name""}"
1940,"{""type"": ""description""}","{""type"": ""name""}"
1941,"{""type"": ""description""}","{""type"": ""name""}"
1942,"{""type"": ""description""}","{""type"": ""description""}"
1943,"{""type"": ""city""}","{""type"": ""city""}"
1944,"{""type"": ""symbol""}","{""type"": ""symbol""}"
1945,"{""type"": ""year""}","{""type"": ""year""}"
1946,"{""type"": ""company""}","{""type"": ""company""}"
1947,"{""type"": ""name""}","{""type"": ""name""}"
1948,"{""type"": ""name""}","{""type"": ""name""}"
1949,"{""type"": ""name""}","{""type"": ""name""}"
1950,"{""type"": ""name""}","{""type"": ""name""}"
1951,"{""type"": ""name""}","{""type"": ""name""}"
1952,"{""type"": ""year""}","{""type"": ""year""}"
1953,"{""type"": ""team""}","{""type"": ""team""}"
1954,"{""type"": ""name""}","{""type"": ""name""}"
1955,"{""type"": ""weight""}","{""type"": ""weight""}"
1956,"{""type"": ""team""}","{""type"": ""team""}"
1957,"{""type"": ""category""}","{""type"": ""category""}"
1958,"{""type"": ""class""}","{""type"": ""class""}"
1959,"{""type"": ""weight""}","{""type"": ""weight""}"
1960,"{""type"": ""address""}","{""type"": ""address""}"
1961,"{""type"": ""duration""}","{""type"": ""duration""}"
1962,"{""type"": ""class""}","{""type"": ""class""}"
1963,"{""type"": ""company""}","{""type"": ""company""}"
1964,"{""type"": ""city""}","{""type"": ""city""}"
1965,"{""type"": ""city""}","{""type"": ""city""}"
1966,"{""type"": ""city""}","{""type"": ""city""}"
1967,"{""type"": ""city""}","{""type"": ""city""}"
1968,"{""type"": ""city""}","{""type"": ""city""}"
1969,"{""type"": ""position""}","{""type"": ""position""}"
1970,"{""type"": ""name""}","{""type"": ""name""}"
1971,"{""type"": ""name""}","{""type"": ""name""}"
1972,"{""type"": ""name""}","{""type"": ""name""}"
1973,"{""type"": ""artist""}","{""type"": ""name""}"
1974,"{""type"": ""notes""}","{""type"": ""notes""}"
1975,"{""type"": ""company""}","{""type"": ""company""}"
1976,"{""type"": ""state""}","{""type"": ""state""}"
1977,"{""type"": ""name""}","{""type"": ""name""}"
1978,"{""type"": ""name""}","{""type"": ""name""}"
1979,"{""type"": ""name""}","{""type"": ""name""}"
1980,"{""type"": ""name""}","{""type"": ""name""}"
1981,"{""type"": ""name""}","{""type"": ""name""}"
1982,"{""type"": ""location""}","{""type"": ""location""}"
1983,"{""type"": ""symbol""}","{""type"": ""symbol""}"
1984,"{""type"": ""name""}","{""type"": ""name""}"
1985,"{""type"": ""weight""}","{""type"": ""weight""}"
1986,"{""type"": ""position""}","{""type"": ""position""}"
1987,"{""type"": ""album""}","{""type"": ""album""}"
1988,"{""type"": ""location""}","{""type"": ""location""}"
1989,"{""type"": ""description""}","{""type"": ""description""}"
1990,"{""type"": ""description""}","{""type"": ""description""}"
1991,"{""type"": ""name""}","{""type"": ""name""}"
1992,"{""type"": ""name""}","{""type"": ""name""}"
1993,"{""type"": ""name""}","{""type"": ""name""}"
1994,"{""type"": ""name""}","{""type"": ""name""}"
1995,"{""type"": ""name""}","{""type"": ""name""}"
1996,"{""type"": ""name""}","{""type"": ""name""}"
1997,"{""type"": ""description""}","{""type"": ""description""}"
1998,"{""type"": ""status""}","{""type"": ""status""}"
1999,"{""type"": ""state""}","{""type"": ""state""}"
2000,"{""type"": ""state""}","{""type"": ""state""}"
2001,"{""type"": ""state""}","{""type"": ""state""}"
2002,"{""type"": ""state""}","{""type"": ""state""}"
2003,"{""type"": ""state""}","{""type"": ""state""}"
2004,"{""type"": ""name""}","{""type"": ""name""}"
2005,"{""type"": ""type""}","{""type"": ""type""}"
2006,"{""type"": ""location""}","{""type"": ""location""}"
2007,"{""type"": ""day""}","{""type"": ""day""}"
2008,"{""type"": ""year""}","{""type"": ""year""}"
2009,"{""type"": ""year""}","{""type"": ""year""}"
2010,"{""type"": ""year""}","{""type"": ""year""}"
2011,"{""type"": ""year""}","{""type"": ""year""}"
2012,"{""type"": ""year""}","{""type"": ""year""}"
2013,"{""type"": ""status""}","{""type"": ""status""}"
2014,"{""type"": ""code""}","{""type"": ""code""}"
2015,"{""type"": ""name""}","{""type"": ""name""}"
2016,"{""type"": ""city""}","{""type"": ""city""}"
2017,"{""type"": ""isbn""}","{""type"": ""isbn""}"
2018,"{""type"": ""weight""}","{""type"": ""weight""}"
2019,"{""type"": ""age""}","{""type"": ""age""}"
2020,"{""type"": ""name""}","{""type"": ""name""}"
2021,"{""type"": ""age""}","{""type"": ""age""}"
2022,"{""type"": ""position""}","{""type"": ""position""}"
2023,"{""type"": ""club""}","{""type"": ""club""}"
2024,"{""type"": ""location""}","{""type"": ""location""}"
2025,"{""type"": ""isbn""}","{""type"": ""isbn""}"
2026,"{""type"": ""description""}","{""type"": ""description""}"
2027,"{""type"": ""location""}","{""type"": ""year""}"
2028,"{""type"": ""code""}","{""type"": ""code""}"
2029,"{""type"": ""name""}","{""type"": ""name""}"
2030,"{""type"": ""status""}","{""type"": ""status""}"
2031,"{""type"": ""status""}","{""type"": ""status""}"
2032,"{""type"": ""team""}","{""type"": ""team""}"
2033,"{""type"": ""team""}","{""type"": ""team""}"
2034,"{""type"": ""team""}","{""type"": ""team""}"
2035,"{""type"": ""team""}","{""type"": ""team""}"
2036,"{""type"": ""team""}","{""type"": ""team""}"
2037,"{""type"": ""result""}","{""type"": ""result""}"
2038,"{""type"": ""weight""}","{""type"": ""weight""}"
2039,"{""type"": ""state""}","{""type"": ""state""}"
2040,"{""type"": ""location""}","{""type"": ""location""}"
2041,"{""type"": ""state""}","{""type"": ""state""}"
2042,"{""type"": ""year""}","{""type"": ""year""}"
2043,"{""type"": ""city""}","{""type"": ""city""}"
2044,"{""type"": ""rank""}","{""type"": ""rank""}"
2045,"{""type"": ""company""}","{""type"": ""company""}"
2046,"{""type"": ""type""}","{""type"": ""type""}"
2047,"{""type"": ""city""}","{""type"": ""city""}"
2048,"{""type"": ""album""}","{""type"": ""album""}"
2049,"{""type"": ""album""}","{""type"": ""album""}"
2050,"{""type"": ""category""}","{""type"": ""category""}"
2051,"{""type"": ""type""}","{""type"": ""type""}"
2052,"{""type"": ""name""}","{""type"": ""name""}"
2053,"{""type"": ""state""}","{""type"": ""state""}"
2054,"{""type"": ""state""}","{""type"": ""status""}"
2055,"{""type"": ""age""}","{""type"": ""age""}"
2056,"{""type"": ""name""}","{""type"": ""name""}"
2057,"{""type"": ""year""}","{""type"": ""year""}"
2058,"{""type"": ""publisher""}","{""type"": ""publisher""}"
2059,"{""type"": ""location""}","{""type"": ""location""}"
2060,"{""type"": ""state""}","{""type"": ""state""}"
2061,"{""type"": ""year""}","{""type"": ""year""}"
2062,"{""type"": ""album""}","{""type"": ""album""}"
2063,"{""type"": ""description""}","{""type"": ""description""}"
2064,"{""type"": ""age""}","{""type"": ""age""}"
2065,"{""type"": ""age""}","{""type"": ""age""}"
2066,"{""type"": ""city""}","{""type"": ""city""}"
2067,"{""type"": ""age""}","{""type"": ""rank""}"
2068,"{""type"": ""class""}","{""type"": ""class""}"
2069,"{""type"": ""code""}","{""type"": ""code""}"
2070,"{""type"": ""county""}","{""type"": ""code""}"
2071,"{""type"": ""class""}","{""type"": ""class""}"
2072,"{""type"": ""description""}","{""type"": ""description""}"
2073,"{""type"": ""artist""}","{""type"": ""artist""}"
2074,"{""type"": ""city""}","{""type"": ""city""}"
2075,"{""type"": ""weight""}","{""type"": ""weight""}"
2076,"{""type"": ""state""}","{""type"": ""state""}"
2077,"{""type"": ""type""}","{""type"": ""type""}"
2078,"{""type"": ""description""}","{""type"": ""description""}"
2079,"{""type"": ""category""}","{""type"": ""category""}"
2080,"{""type"": ""state""}","{""type"": ""state""}"
2081,"{""type"": ""name""}","{""type"": ""name""}"
2082,"{""type"": ""name""}","{""type"": ""name""}"
2083,"{""type"": ""name""}","{""type"": ""name""}"
2084,"{""type"": ""status""}","{""type"": ""status""}"
2085,"{""type"": ""position""}","{""type"": ""position""}"
2086,"{""type"": ""name""}","{""type"": ""name""}"
2087,"{""type"": ""age""}","{""type"": ""age""}"
2088,"{""type"": ""city""}","{""type"": ""city""}"
2089,"{""type"": ""city""}","{""type"": ""city""}"
2090,"{""type"": ""city""}","{""type"": ""city""}"
2091,"{""type"": ""city""}","{""type"": ""city""}"
2092,"{""type"": ""city""}","{""type"": ""city""}"
2093,"{""type"": ""status""}","{""type"": ""status""}"
2094,"{""type"": ""state""}","{""type"": ""state""}"
2095,"{""type"": ""state""}","{""type"": ""state""}"
2096,"{""type"": ""state""}","{""type"": ""state""}"
2097,"{""type"": ""state""}","{""type"": ""state""}"
2098,"{""type"": ""state""}","{""type"": ""state""}"
2099,"{""type"": ""state""}","{""type"": ""state""}"
2100,"{""type"": ""name""}","{""type"": ""name""}"
2101,"{""type"": ""address""}","{""type"": ""address""}"
2102,"{""type"": ""city""}","{""type"": ""city""}"
2103,"{""type"": ""code""}","{""type"": ""code""}"
2104,"{""type"": ""family""}","{""type"": ""family""}"
2105,"{""type"": ""city""}","{""type"": ""city""}"
2106,"{""type"": ""age""}","{""type"": ""age""}"
2107,"{""type"": ""city""}","{""type"": ""city""}"
2108,"{""type"": ""status""}","{""type"": ""status""}"
2109,"{""type"": ""city""}","{""type"": ""city""}"
2110,"{""type"": ""city""}","{""type"": ""city""}"
2111,"{""type"": ""city""}","{""type"": ""city""}"
2112,"{""type"": ""city""}","{""type"": ""city""}"
2113,"{""type"": ""city""}","{""type"": ""city""}"
2114,"{""type"": ""age""}","{""type"": ""age""}"
2115,"{""type"": ""name""}","{""type"": ""name""}"
2116,"{""type"": ""weight""}","{""type"": ""weight""}"
2117,"{""type"": ""type""}","{""type"": ""type""}"
2118,"{""type"": ""address""}","{""type"": ""address""}"
2119,"{""type"": ""weight""}","{""type"": ""weight""}"
2120,"{""type"": ""description""}","{""type"": ""description""}"
2121,"{""type"": ""age""}","{""type"": ""age""}"
2122,"{""type"": ""description""}","{""type"": ""description""}"
2123,"{""type"": ""result""}","{""type"": ""result""}"
2124,"{""type"": ""description""}","{""type"": ""description""}"
2125,"{""type"": ""class""}","{""type"": ""class""}"
2126,"{""type"": ""name""}","{""type"": ""name""}"
2127,"{""type"": ""weight""}","{""type"": ""weight""}"
2128,"{""type"": ""age""}","{""type"": ""age""}"
2129,"{""type"": ""code""}","{""type"": ""code""}"
2130,"{""type"": ""age""}","{""type"": ""age""}"
2131,"{""type"": ""location""}","{""type"": ""location""}"
2132,"{""type"": ""status""}","{""type"": ""status""}"
2133,"{""type"": ""artist""}","{""type"": ""name""}"
2134,"{""type"": ""city""}","{""type"": ""city""}"
2135,"{""type"": ""rank""}","{""type"": ""rank""}"
2136,"{""type"": ""rank""}","{""type"": ""rank""}"
2137,"{""type"": ""class""}","{""type"": ""class""}"
2138,"{""type"": ""affiliation""}","{""type"": ""affiliation""}"
2139,"{""type"": ""description""}","{""type"": ""description""}"
2140,"{""type"": ""description""}","{""type"": ""name""}"
2141,"{""type"": ""status""}","{""type"": ""status""}"
2142,"{""type"": ""class""}","{""type"": ""sex""}"
2143,"{""type"": ""class""}","{""type"": ""gender""}"
2144,"{""type"": ""class""}","{""type"": ""gender""}"
2145,"{""type"": ""class""}","{""type"": ""sex""}"
2146,"{""type"": ""class""}","{""type"": ""gender""}"
2147,"{""type"": ""company""}","{""type"": ""company""}"
2148,"{""type"": ""city""}","{""type"": ""city""}"
2149,"{""type"": ""age""}","{""type"": ""age""}"
2150,"{""type"": ""status""}","{""type"": ""status""}"
2151,"{""type"": ""state""}","{""type"": ""state""}"
2152,"{""type"": ""type""}","{""type"": ""type""}"
2153,"{""type"": ""status""}","{""type"": ""status""}"
2154,"{""type"": ""type""}","{""type"": ""type""}"
2155,"{""type"": ""name""}","{""type"": ""name""}"
2156,"{""type"": ""album""}","{""type"": ""album""}"
2157,"{""type"": ""name""}","{""type"": ""name""}"
2158,"{""type"": ""club""}","{""type"": ""city""}"
2159,"{""type"": ""position""}","{""type"": ""position""}"
2160,"{""type"": ""name""}","{""type"": ""name""}"
2161,"{""type"": ""code""}","{""type"": ""code""}"
2162,"{""type"": ""artist""}","{""type"": ""artist""}"
2163,"{""type"": ""result""}","{""type"": ""result""}"
2164,"{""type"": ""name""}","{""type"": ""name""}"
2165,"{""type"": ""company""}","{""type"": ""company""}"
2166,"{""type"": ""status""}","{""type"": ""status""}"
2167,"{""type"": ""name""}","{""type"": ""name""}"
2168,"{""type"": ""name""}","{""type"": ""name""}"
2169,"{""type"": ""name""}","{""type"": ""name""}"
2170,"{""type"": ""name""}","{""type"": ""name""}"
2171,"{""type"": ""name""}","{""type"": ""name""}"
2172,"{""type"": ""description""}","{""type"": ""description""}"
2173,"{""type"": ""notes""}","{""type"": ""notes""}"
2174,"{""type"": ""age""}","{""type"": ""age""}"
2175,"{""type"": ""team""}","{""type"": ""team""}"
2176,"{""type"": ""description""}","{""type"": ""description""}"
2177,"{""type"": ""sex""}","{""type"": ""sex""}"
2178,"{""type"": ""location""}","{""type"": ""city""}"
2179,"{""type"": ""age""}","{""type"": ""age""}"
2180,"{""type"": ""city""}","{""type"": ""city""}"
2181,"{""type"": ""country""}","{""type"": ""country""}"
2182,"{""type"": ""country""}","{""type"": ""country""}"
2183,"{""type"": ""country""}","{""type"": ""country""}"
2184,"{""type"": ""country""}","{""type"": ""country""}"
2185,"{""type"": ""country""}","{""type"": ""country""}"
2186,"{""type"": ""name""}","{""type"": ""name""}"
2187,"{""type"": ""year""}","{""type"": ""year""}"
2188,"{""type"": ""weight""}","{""type"": ""weight""}"
2189,"{""type"": ""album""}","{""type"": ""album""}"
2190,"{""type"": ""age""}","{""type"": ""age""}"
2191,"{""type"": ""description""}","{""type"": ""description""}"
2192,"{""type"": ""status""}","{""type"": ""status""}"
2193,"{""type"": ""name""}","{""type"": ""name""}"
2194,"{""type"": ""position""}","{""type"": ""rank""}"
2195,"{""type"": ""album""}","{""type"": ""album""}"
2196,"{""type"": ""position""}","{""type"": ""position""}"
2197,"{""type"": ""code""}","{""type"": ""code""}"
2198,"{""type"": ""name""}","{""type"": ""name""}"
2199,"{""type"": ""weight""}","{""type"": ""weight""}"
2200,"{""type"": ""location""}","{""type"": ""location""}"
2201,"{""type"": ""rank""}","{""type"": ""rank""}"
2202,"{""type"": ""gender""}","{""type"": ""gender""}"
2203,"{""type"": ""name""}","{""type"": ""name""}"
2204,"{""type"": ""name""}","{""type"": ""name""}"
2205,"{""type"": ""status""}","{""type"": ""status""}"
2206,"{""type"": ""code""}","{""type"": ""code""}"
2207,"{""type"": ""city""}","{""type"": ""city""}"
2208,"{""type"": ""artist""}","{""type"": ""artist""}"
2209,"{""type"": ""code""}","{""type"": ""code""}"
2210,"{""type"": ""name""}","{""type"": ""name""}"
2211,"{""type"": ""weight""}","{""type"": ""weight""}"
2212,"{""type"": ""type""}","{""type"": ""type""}"
2213,"{""type"": ""name""}","{""type"": ""name""}"
2214,"{""type"": ""weight""}","{""type"": ""weight""}"
2215,"{""type"": ""city""}","{""type"": ""city""}"
2216,"{""type"": ""name""}","{""type"": ""name""}"
2217,"{""type"": ""age""}","{""type"": ""age""}"
2218,"{""type"": ""status""}","{""type"": ""status""}"
2219,"{""type"": ""age""}","{""type"": ""rank""}"
2220,"{""type"": ""type""}","{""type"": ""type""}"
2221,"{""type"": ""type""}","{""type"": ""type""}"
2222,"{""type"": ""city""}","{""type"": ""city""}"
2223,"{""type"": ""name""}","{""type"": ""name""}"
2224,"{""type"": ""state""}","{""type"": ""state""}"
2225,"{""type"": ""state""}","{""type"": ""state""}"
2226,"{""type"": ""state""}","{""type"": ""state""}"
2227,"{""type"": ""state""}","{""type"": ""state""}"
2228,"{""type"": ""state""}","{""type"": ""state""}"
2229,"{""type"": ""name""}","{""type"": ""name""}"
2230,"{""type"": ""description""}","{""type"": ""description""}"
2231,"{""type"": ""album""}","{""type"": ""album""}"
2232,"{""type"": ""age""}","{""type"": ""age""}"
2233,"{""type"": ""year""}","{""type"": ""year""}"
2234,"{""type"": ""result""}","{""type"": ""result""}"
2235,"{""type"": ""name""}","{""type"": ""name""}"
2236,"{""type"": ""state""}","{""type"": ""state""}"
2237,"{""type"": ""album""}","{""type"": ""album""}"
2238,"{""type"": ""year""}","{""type"": ""year""}"
2239,"{""type"": ""age""}","{""type"": ""age""}"
2240,"{""type"": ""age""}","{""type"": ""age""}"
2241,"{""type"": ""age""}","{""type"": ""age""}"
2242,"{""type"": ""age""}","{""type"": ""age""}"
2243,"{""type"": ""age""}","{""type"": ""age""}"
2244,"{""type"": ""club""}","{""type"": ""club""}"
2245,"{""type"": ""age""}","{""type"": ""age""}"
2246,"{""type"": ""rank""}","{""type"": ""rank""}"
2247,"{""type"": ""affiliation""}","{""type"": ""affiliation""}"
2248,"{""type"": ""name""}","{""type"": ""name""}"
2249,"{""type"": ""weight""}","{""type"": ""weight""}"
2250,"{""type"": ""city""}","{""type"": ""city""}"
2251,"{""type"": ""owner""}","{""type"": ""owner""}"
2252,"{""type"": ""weight""}","{""type"": ""weight""}"
2253,"{""type"": ""weight""}","{""type"": ""weight""}"
2254,"{""type"": ""name""}","{""type"": ""name""}"
2255,"{""type"": ""description""}","{""type"": ""name""}"
2256,"{""type"": ""year""}","{""type"": ""year""}"
2257,"{""type"": ""team""}","{""type"": ""team""}"
2258,"{""type"": ""description""}","{""type"": ""description""}"
2259,"{""type"": ""product""}","{""type"": ""family""}"
2260,"{""type"": ""description""}","{""type"": ""description""}"
2261,"{""type"": ""city""}","{""type"": ""city""}"
2262,"{""type"": ""name""}","{""type"": ""name""}"
2263,"{""type"": ""weight""}","{""type"": ""weight""}"
2264,"{""type"": ""description""}","{""type"": ""description""}"
2265,"{""type"": ""description""}","{""type"": ""description""}"
2266,"{""type"": ""name""}","{""type"": ""name""}"
2267,"{""type"": ""type""}","{""type"": ""type""}"
2268,"{""type"": ""rank""}","{""type"": ""rank""}"
2269,"{""type"": ""company""}","{""type"": ""company""}"
2270,"{""type"": ""weight""}","{""type"": ""weight""}"
2271,"{""type"": ""description""}","{""type"": ""description""}"
2272,"{""type"": ""location""}","{""type"": ""location""}"
2273,"{""type"": ""class""}","{""type"": ""class""}"
2274,"{""type"": ""name""}","{""type"": ""name""}"
2275,"{""type"": ""company""}","{""type"": ""company""}"
2276,"{""type"": ""description""}","{""type"": ""description""}"
2277,"{""type"": ""age""}","{""type"": ""age""}"
2278,"{""type"": ""city""}","{""type"": ""city""}"
2279,"{""type"": ""type""}","{""type"": ""notes""}"
2280,"{""type"": ""type""}","{""type"": ""type""}"
2281,"{""type"": ""type""}","{""type"": ""type""}"
2282,"{""type"": ""year""}","{""type"": ""year""}"
2283,"{""type"": ""weight""}","{""type"": ""weight""}"
2284,"{""type"": ""weight""}","{""type"": ""weight""}"
2285,"{""type"": ""description""}","{""type"": ""description""}"
2286,"{""type"": ""description""}","{""type"": ""description""}"
2287,"{""type"": ""rank""}","{""type"": ""rank""}"
2288,"{""type"": ""company""}","{""type"": ""company""}"
2289,"{""type"": ""rank""}","{""type"": ""rank""}"
2290,"{""type"": ""class""}","{""type"": ""class""}"
2291,"{""type"": ""position""}","{""type"": ""position""}"
2292,"{""type"": ""club""}","{""type"": ""club""}"
2293,"{""type"": ""location""}","{""type"": ""location""}"
2294,"{""type"": ""name""}","{""type"": ""name""}"
2295,"{""type"": ""name""}","{""type"": ""name""}"
2296,"{""type"": ""name""}","{""type"": ""name""}"
2297,"{""type"": ""name""}","{""type"": ""name""}"
2298,"{""type"": ""name""}","{""type"": ""name""}"
2299,"{""type"": ""owner""}","{""type"": ""name""}"
2300,"{""type"": ""name""}","{""type"": ""name""}"
2301,"{""type"": ""result""}","{""type"": ""result""}"
2302,"{""type"": ""team""}","{""type"": ""team""}"
2303,"{""type"": ""status""}","{""type"": ""status""}"
2304,"{""type"": ""team""}","{""type"": ""team""}"
2305,"{""type"": ""description""}","{""type"": ""description""}"
2306,"{""type"": ""state""}","{""type"": ""state""}"
2307,"{""type"": ""code""}","{""type"": ""code""}"
2308,"{""type"": ""notes""}","{""type"": ""notes""}"
2309,"{""type"": ""state""}","{""type"": ""state""}"
2310,"{""type"": ""weight""}","{""type"": ""weight""}"
2311,"{""type"": ""status""}","{""type"": ""status""}"
2312,"{""type"": ""description""}","{""type"": ""description""}"
2313,"{""type"": ""elevation""}","{""type"": ""elevation""}"
2314,"{""type"": ""country""}","{""type"": ""team""}"
2315,"{""type"": ""day""}","{""type"": ""elevation""}"
2316,"{""type"": ""day""}","{""type"": ""elevation""}"
2317,"{""type"": ""day""}","{""type"": ""elevation""}"
2318,"{""type"": ""day""}","{""type"": ""elevation""}"
2319,"{""type"": ""day""}","{""type"": ""elevation""}"
2320,"{""type"": ""age""}","{""type"": ""age""}"
2321,"{""type"": ""team""}","{""type"": ""team""}"
2322,"{""type"": ""artist""}","{""type"": ""artist""}"
2323,"{""type"": ""owner""}","{""type"": ""owner""}"
2324,"{""type"": ""age""}","{""type"": ""age""}"
2325,"{""type"": ""artist""}","{""type"": ""name""}"
2326,"{""type"": ""code""}","{""type"": ""code""}"
2327,"{""type"": ""weight""}","{""type"": ""weight""}"
2328,"{""type"": ""weight""}","{""type"": ""weight""}"
2329,"{""type"": ""description""}","{""type"": ""description""}"
2330,"{""type"": ""rank""}","{""type"": ""rank""}"
2331,"{""type"": ""state""}","{""type"": ""state""}"
2332,"{""type"": ""county""}","{""type"": ""county""}"
2333,"{""type"": ""album""}","{""type"": ""album""}"
2334,"{""type"": ""type""}","{""type"": ""type""}"
2335,"{""type"": ""day""}","{""type"": ""day""}"
2336,"{""type"": ""weight""}","{""type"": ""weight""}"
2337,"{""type"": ""category""}","{""type"": ""category""}"
2338,"{""type"": ""symbol""}","{""type"": ""name""}"
2339,"{""type"": ""category""}","{""type"": ""category""}"
2340,"{""type"": ""position""}","{""type"": ""position""}"
2341,"{""type"": ""state""}","{""type"": ""state""}"
2342,"{""type"": ""position""}","{""type"": ""position""}"
2343,"{""type"": ""description""}","{""type"": ""description""}"
2344,"{""type"": ""city""}","{""type"": ""city""}"
2345,"{""type"": ""notes""}","{""type"": ""notes""}"
2346,"{""type"": ""symbol""}","{""type"": ""symbol""}"
2347,"{""type"": ""state""}","{""type"": ""state""}"
2348,"{""type"": ""album""}","{""type"": ""album""}"
2349,"{""type"": ""result""}","{""type"": ""result""}"
2350,"{""type"": ""artist""}","{""type"": ""artist""}"
2351,"{""type"": ""teamname""}","{""type"": ""teamname""}"
2352,"{""type"": ""sex""}","{""type"": ""sex""}"
2353,"{""type"": ""description""}","{""type"": ""description""}"
2354,"{""type"": ""weight""}","{""type"": ""weight""}"
2355,"{""type"": ""city""}","{""type"": ""city""}"
2356,"{""type"": ""description""}","{""type"": ""description""}"
2357,"{""type"": ""name""}","{""type"": ""name""}"
2358,"{""type"": ""year""}","{""type"": ""year""}"
2359,"{""type"": ""duration""}","{""type"": ""duration""}"
2360,"{""type"": ""location""}","{""type"": ""location""}"
2361,"{""type"": ""type""}","{""type"": ""type""}"
2362,"{""type"": ""country""}","{""type"": ""country""}"
2363,"{""type"": ""state""}","{""type"": ""state""}"
2364,"{""type"": ""day""}","{""type"": ""day""}"
2365,"{""type"": ""name""}","{""type"": ""name""}"
2366,"{""type"": ""status""}","{""type"": ""status""}"
2367,"{""type"": ""team""}","{""type"": ""team""}"
2368,"{""type"": ""category""}","{""type"": ""category""}"
2369,"{""type"": ""year""}","{""type"": ""year""}"
2370,"{""type"": ""rank""}","{""type"": ""rank""}"
2371,"{""type"": ""city""}","{""type"": ""city""}"
2372,"{""type"": ""rank""}","{""type"": ""rank""}"
2373,"{""type"": ""code""}","{""type"": ""code""}"
2374,"{""type"": ""class""}","{""type"": ""class""}"
2375,"{""type"": ""status""}","{""type"": ""status""}"
2376,"{""type"": ""weight""}","{""type"": ""weight""}"
2377,"{""type"": ""status""}","{""type"": ""status""}"
2378,"{""type"": ""year""}","{""type"": ""year""}"
2379,"{""type"": ""age""}","{""type"": ""age""}"
2380,"{""type"": ""age""}","{""type"": ""age""}"
2381,"{""type"": ""status""}","{""type"": ""status""}"
2382,"{""type"": ""age""}","{""type"": ""age""}"
2383,"{""type"": ""city""}","{""type"": ""city""}"
2384,"{""type"": ""city""}","{""type"": ""city""}"
2385,"{""type"": ""status""}","{""type"": ""status""}"
2386,"{""type"": ""status""}","{""type"": ""status""}"
2387,"{""type"": ""status""}","{""type"": ""status""}"
2388,"{""type"": ""status""}","{""type"": ""status""}"
2389,"{""type"": ""status""}","{""type"": ""status""}"
2390,"{""type"": ""description""}","{""type"": ""description""}"
2391,"{""type"": ""weight""}","{""type"": ""weight""}"
2392,"{""type"": ""description""}","{""type"": ""description""}"
2393,"{""type"": ""name""}","{""type"": ""name""}"
2394,"{""type"": ""owner""}","{""type"": ""owner""}"
2395,"{""type"": ""code""}","{""type"": ""code""}"
2396,"{""type"": ""code""}","{""type"": ""code""}"
2397,"{""type"": ""code""}","{""type"": ""state""}"
2398,"{""type"": ""code""}","{""type"": ""code""}"
2399,"{""type"": ""code""}","{""type"": ""code""}"
2400,"{""type"": ""name""}","{""type"": ""name""}"
2401,"{""type"": ""weight""}","{""type"": ""weight""}"
2402,"{""type"": ""name""}","{""type"": ""name""}"
2403,"{""type"": ""code""}","{""type"": ""code""}"
2404,"{""type"": ""code""}","{""type"": ""code""}"
2405,"{""type"": ""name""}","{""type"": ""name""}"
2406,"{""type"": ""weight""}","{""type"": ""weight""}"
2407,"{""type"": ""result""}","{""type"": ""result""}"
2408,"{""type"": ""result""}","{""type"": ""result""}"
2409,"{""type"": ""rank""}","{""type"": ""rank""}"
2410,"{""type"": ""rank""}","{""type"": ""rank""}"
2411,"{""type"": ""rank""}","{""type"": ""rank""}"
2412,"{""type"": ""rank""}","{""type"": ""rank""}"
2413,"{""type"": ""rank""}","{""type"": ""rank""}"
2414,"{""type"": ""description""}","{""type"": ""description""}"
2415,"{""type"": ""name""}","{""type"": ""name""}"
2416,"{""type"": ""result""}","{""type"": ""result""}"
2417,"{""type"": ""team""}","{""type"": ""team""}"
2418,"{""type"": ""description""}","{""type"": ""description""}"
2419,"{""type"": ""weight""}","{""type"": ""weight""}"
2420,"{""type"": ""year""}","{""type"": ""year""}"
2421,"{""type"": ""code""}","{""type"": ""type""}"
2422,"{""type"": ""name""}","{""type"": ""name""}"
2423,"{""type"": ""country""}","{""type"": ""country""}"
2424,"{""type"": ""name""}","{""type"": ""name""}"
2425,"{""type"": ""type""}","{""type"": ""type""}"
2426,"{""type"": ""description""}","{""type"": ""description""}"
2427,"{""type"": ""club""}","{""type"": ""club""}"
2428,"{""type"": ""description""}","{""type"": ""description""}"
2429,"{""type"": ""birthdate""}","{""type"": ""birthdate""}"
2430,"{""type"": ""year""}","{""type"": ""year""}"
2431,"{""type"": ""age""}","{""type"": ""age""}"
2432,"{""type"": ""age""}","{""type"": ""age""}"
2433,"{""type"": ""description""}","{""type"": ""description""}"
2434,"{""type"": ""age""}","{""type"": ""age""}"
2435,"{""type"": ""description""}","{""type"": ""description""}"
2436,"{""type"": ""description""}","{""type"": ""name""}"
2437,"{""type"": ""description""}","{""type"": ""description""}"
2438,"{""type"": ""name""}","{""type"": ""name""}"
2439,"{""type"": ""team""}","{""type"": ""teamname""}"
2440,"{""type"": ""format""}","{""type"": ""format""}"
2441,"{""type"": ""state""}","{""type"": ""location""}"
2442,"{""type"": ""description""}","{""type"": ""description""}"
2443,"{""type"": ""type""}","{""type"": ""type""}"
2444,"{""type"": ""rank""}","{""type"": ""rank""}"
2445,"{""type"": ""city""}","{""type"": ""city""}"
2446,"{""type"": ""company""}","{""type"": ""company""}"
2447,"{""type"": ""rank""}","{""type"": ""rank""}"
2448,"{""type"": ""year""}","{""type"": ""year""}"
2449,"{""type"": ""description""}","{""type"": ""description""}"
2450,"{""type"": ""city""}","{""type"": ""city""}"
2451,"{""type"": ""code""}","{""type"": ""code""}"
2452,"{""type"": ""position""}","{""type"": ""position""}"
2453,"{""type"": ""state""}","{""type"": ""state""}"
2454,"{""type"": ""album""}","{""type"": ""album""}"
2455,"{""type"": ""status""}","{""type"": ""status""}"
2456,"{""type"": ""name""}","{""type"": ""name""}"
2457,"{""type"": ""isbn""}","{""type"": ""isbn""}"
2458,"{""type"": ""status""}","{""type"": ""status""}"
2459,"{""type"": ""age""}","{""type"": ""age""}"
2460,"{""type"": ""region""}","{""type"": ""region""}"
2461,"{""type"": ""position""}","{""type"": ""position""}"
2462,"{""type"": ""name""}","{""type"": ""name""}"
2463,"{""type"": ""rank""}","{""type"": ""rank""}"
2464,"{""type"": ""name""}","{""type"": ""club""}"
2465,"{""type"": ""state""}","{""type"": ""state""}"
2466,"{""type"": ""name""}","{""type"": ""name""}"
2467,"{""type"": ""name""}","{""type"": ""name""}"
2468,"{""type"": ""name""}","{""type"": ""name""}"
2469,"{""type"": ""company""}","{""type"": ""team""}"
2470,"{""type"": ""rank""}","{""type"": ""rank""}"
2471,"{""type"": ""state""}","{""type"": ""state""}"
2472,"{""type"": ""state""}","{""type"": ""state""}"
2473,"{""type"": ""state""}","{""type"": ""state""}"
2474,"{""type"": ""state""}","{""type"": ""state""}"
2475,"{""type"": ""state""}","{""type"": ""state""}"
2476,"{""type"": ""name""}","{""type"": ""name""}"
2477,"{""type"": ""duration""}","{""type"": ""result""}"
2478,"{""type"": ""year""}","{""type"": ""year""}"
2479,"{""type"": ""year""}","{""type"": ""year""}"
2480,"{""type"": ""year""}","{""type"": ""year""}"
2481,"{""type"": ""year""}","{""type"": ""year""}"
2482,"{""type"": ""year""}","{""type"": ""year""}"
2483,"{""type"": ""city""}","{""type"": ""city""}"
2484,"{""type"": ""notes""}","{""type"": ""notes""}"
2485,"{""type"": ""city""}","{""type"": ""city""}"
2486,"{""type"": ""city""}","{""type"": ""city""}"
2487,"{""type"": ""city""}","{""type"": ""city""}"
2488,"{""type"": ""city""}","{""type"": ""city""}"
2489,"{""type"": ""city""}","{""type"": ""city""}"
2490,"{""type"": ""year""}","{""type"": ""year""}"
2491,"{""type"": ""year""}","{""type"": ""year""}"
2492,"{""type"": ""description""}","{""type"": ""description""}"
2493,"{""type"": ""name""}","{""type"": ""name""}"
2494,"{""type"": ""isbn""}","{""type"": ""isbn""}"
2495,"{""type"": ""artist""}","{""type"": ""artist""}"
2496,"{""type"": ""age""}","{""type"": ""age""}"
2497,"{""type"": ""description""}","{""type"": ""description""}"
2498,"{""type"": ""location""}","{""type"": ""location""}"
2499,"{""type"": ""artist""}","{""type"": ""artist""}"
2500,"{""type"": ""team""}","{""type"": ""team""}"
2501,"{""type"": ""position""}","{""type"": ""position""}"
2502,"{""type"": ""result""}","{""type"": ""result""}"
2503,"{""type"": ""artist""}","{""type"": ""artist""}"
2504,"{""type"": ""category""}","{""type"": ""category""}"
2505,"{""type"": ""name""}","{""type"": ""name""}"
2506,"{""type"": ""rank""}","{""type"": ""year""}"
2507,"{""type"": ""name""}","{""type"": ""name""}"
2508,"{""type"": ""name""}","{""type"": ""name""}"
2509,"{""type"": ""name""}","{""type"": ""name""}"
2510,"{""type"": ""name""}","{""type"": ""name""}"
2511,"{""type"": ""name""}","{""type"": ""name""}"
2512,"{""type"": ""name""}","{""type"": ""name""}"
2513,"{""type"": ""weight""}","{""type"": ""weight""}"
2514,"{""type"": ""age""}","{""type"": ""age""}"
2515,"{""type"": ""name""}","{""type"": ""name""}"
2516,"{""type"": ""weight""}","{""type"": ""weight""}"
2517,"{""type"": ""teamname""}","{""type"": ""teamname""}"
2518,"{""type"": ""age""}","{""type"": ""age""}"
2519,"{""type"": ""club""}","{""type"": ""club""}"
2520,"{""type"": ""state""}","{""type"": ""state""}"
2521,"{""type"": ""state""}","{""type"": ""state""}"
2522,"{""type"": ""state""}","{""type"": ""state""}"
2523,"{""type"": ""state""}","{""type"": ""state""}"
2524,"{""type"": ""state""}","{""type"": ""state""}"
2525,"{""type"": ""description""}","{""type"": ""description""}"
2526,"{""type"": ""name""}","{""type"": ""name""}"
2527,"{""type"": ""weight""}","{""type"": ""weight""}"
2528,"{""type"": ""team""}","{""type"": ""team""}"
2529,"{""type"": ""code""}","{""type"": ""code""}"
2530,"{""type"": ""weight""}","{""type"": ""weight""}"
2531,"{""type"": ""status""}","{""type"": ""status""}"
2532,"{""type"": ""status""}","{""type"": ""status""}"
2533,"{""type"": ""city""}","{""type"": ""city""}"
2534,"{""type"": ""artist""}","{""type"": ""artist""}"
2535,"{""type"": ""team""}","{""type"": ""team""}"
2536,"{""type"": ""team""}","{""type"": ""team""}"
2537,"{""type"": ""type""}","{""type"": ""type""}"
2538,"{""type"": ""state""}","{""type"": ""state""}"
2539,"{""type"": ""name""}","{""type"": ""name""}"
2540,"{""type"": ""name""}","{""type"": ""name""}"
2541,"{""type"": ""company""}","{""type"": ""company""}"
2542,"{""type"": ""code""}","{""type"": ""code""}"
2543,"{""type"": ""result""}","{""type"": ""result""}"
2544,"{""type"": ""class""}","{""type"": ""class""}"
2545,"{""type"": ""brand""}","{""type"": ""brand""}"
2546,"{""type"": ""age""}","{""type"": ""age""}"
2547,"{""type"": ""result""}","{""type"": ""result""}"
2548,"{""type"": ""category""}","{""type"": ""category""}"
2549,"{""type"": ""category""}","{""type"": ""category""}"
2550,"{""type"": ""category""}","{""type"": ""category""}"
2551,"{""type"": ""category""}","{""type"": ""category""}"
2552,"{""type"": ""category""}","{""type"": ""category""}"
2553,"{""type"": ""club""}","{""type"": ""club""}"
2554,"{""type"": ""description""}","{""type"": ""description""}"
2555,"{""type"": ""description""}","{""type"": ""description""}"
2556,"{""type"": ""state""}","{""type"": ""state""}"
2557,"{""type"": ""county""}","{""type"": ""county""}"
2558,"{""type"": ""team""}","{""type"": ""country""}"
2559,"{""type"": ""rank""}","{""type"": ""rank""}"
2560,"{""type"": ""team""}","{""type"": ""team""}"
2561,"{""type"": ""symbol""}","{""type"": ""symbol""}"
2562,"{""type"": ""name""}","{""type"": ""name""}"
2563,"{""type"": ""age""}","{""type"": ""age""}"
2564,"{""type"": ""code""}","{""type"": ""code""}"
2565,"{""type"": ""name""}","{""type"": ""name""}"
2566,"{""type"": ""city""}","{""type"": ""city""}"
2567,"{""type"": ""city""}","{""type"": ""city""}"
2568,"{""type"": ""city""}","{""type"": ""city""}"
2569,"{""type"": ""city""}","{""type"": ""city""}"
2570,"{""type"": ""city""}","{""type"": ""city""}"
2571,"{""type"": ""club""}","{""type"": ""club""}"
2572,"{""type"": ""name""}","{""type"": ""name""}"
2573,"{""type"": ""club""}","{""type"": ""club""}"
2574,"{""type"": ""weight""}","{""type"": ""weight""}"
2575,"{""type"": ""sex""}","{""type"": ""sex""}"
2576,"{""type"": ""status""}","{""type"": ""status""}"
2577,"{""type"": ""weight""}","{""type"": ""weight""}"
2578,"{""type"": ""name""}","{""type"": ""name""}"
2579,"{""type"": ""rank""}","{""type"": ""rank""}"
2580,"{""type"": ""club""}","{""type"": ""club""}"
2581,"{""type"": ""name""}","{""type"": ""name""}"
2582,"{""type"": ""team""}","{""type"": ""team""}"
2583,"{""type"": ""description""}","{""type"": ""description""}"
2584,"{""type"": ""name""}","{""type"": ""name""}"
2585,"{""type"": ""description""}","{""type"": ""description""}"
2586,"{""type"": ""description""}","{""type"": ""description""}"
2587,"{""type"": ""name""}","{""type"": ""name""}"
2588,"{""type"": ""name""}","{""type"": ""name""}"
2589,"{""type"": ""album""}","{""type"": ""album""}"
2590,"{""type"": ""description""}","{""type"": ""description""}"
2591,"{""type"": ""description""}","{""type"": ""description""}"
2592,"{""type"": ""age""}","{""type"": ""age""}"
2593,"{""type"": ""location""}","{""type"": ""location""}"
2594,"{""type"": ""location""}","{""type"": ""location""}"
2595,"{""type"": ""location""}","{""type"": ""location""}"
2596,"{""type"": ""location""}","{""type"": ""location""}"
2597,"{""type"": ""location""}","{""type"": ""location""}"
2598,"{""type"": ""name""}","{""type"": ""city""}"
2599,"{""type"": ""state""}","{""type"": ""state""}"
2600,"{""type"": ""code""}","{""type"": ""code""}"
2601,"{""type"": ""name""}","{""type"": ""name""}"
2602,"{""type"": ""artist""}","{""type"": ""artist""}"
2603,"{""type"": ""album""}","{""type"": ""album""}"
2604,"{""type"": ""weight""}","{""type"": ""weight""}"
2605,"{""type"": ""symbol""}","{""type"": ""symbol""}"
2606,"{""type"": ""symbol""}","{""type"": ""symbol""}"
2607,"{""type"": ""symbol""}","{""type"": ""symbol""}"
2608,"{""type"": ""symbol""}","{""type"": ""symbol""}"
2609,"{""type"": ""symbol""}","{""type"": ""symbol""}"
2610,"{""type"": ""location""}","{""type"": ""location""}"
2611,"{""type"": ""location""}","{""type"": ""location""}"
2612,"{""type"": ""location""}","{""type"": ""location""}"
2613,"{""type"": ""location""}","{""type"": ""location""}"
2614,"{""type"": ""location""}","{""type"": ""location""}"
2615,"{""type"": ""description""}","{""type"": ""description""}"
2616,"{""type"": ""rank""}","{""type"": ""rank""}"
2617,"{""type"": ""type""}","{""type"": ""type""}"
2618,"{""type"": ""rank""}","{""type"": ""rank""}"
2619,"{""type"": ""description""}","{""type"": ""description""}"
2620,"{""type"": ""name""}","{""type"": ""name""}"
2621,"{""type"": ""age""}","{""type"": ""age""}"
2622,"{""type"": ""rank""}","{""type"": ""rank""}"
2623,"{""type"": ""country""}","{""type"": ""country""}"
2624,"{""type"": ""country""}","{""type"": ""country""}"
2625,"{""type"": ""country""}","{""type"": ""country""}"
2626,"{""type"": ""country""}","{""type"": ""country""}"
2627,"{""type"": ""country""}","{""type"": ""country""}"
2628,"{""type"": ""age""}","{""type"": ""age""}"
2629,"{""type"": ""team""}","{""type"": ""team""}"
2630,"{""type"": ""weight""}","{""type"": ""weight""}"
2631,"{""type"": ""club""}","{""type"": ""club""}"
2632,"{""type"": ""weight""}","{""type"": ""weight""}"
2633,"{""type"": ""position""}","{""type"": ""status""}"
2634,"{""type"": ""album""}","{""type"": ""album""}"
2635,"{""type"": ""location""}","{""type"": ""location""}"
2636,"{""type"": ""status""}","{""type"": ""status""}"
2637,"{""type"": ""weight""}","{""type"": ""weight""}"
2638,"{""type"": ""city""}","{""type"": ""city""}"
2639,"{""type"": ""city""}","{""type"": ""city""}"
2640,"{""type"": ""city""}","{""type"": ""city""}"
2641,"{""type"": ""city""}","{""type"": ""city""}"
2642,"{""type"": ""city""}","{""type"": ""city""}"
2643,"{""type"": ""age""}","{""type"": ""age""}"
2644,"{""type"": ""city""}","{""type"": ""city""}"
2645,"{""type"": ""component""}","{""type"": ""component""}"
2646,"{""type"": ""brand""}","{""type"": ""teamname""}"
2647,"{""type"": ""code""}","{""type"": ""code""}"
2648,"{""type"": ""state""}","{""type"": ""state""}"
2649,"{""type"": ""state""}","{""type"": ""state""}"
2650,"{""type"": ""state""}","{""type"": ""state""}"
2651,"{""type"": ""state""}","{""type"": ""state""}"
2652,"{""type"": ""state""}","{""type"": ""state""}"
2653,"{""type"": ""age""}","{""type"": ""age""}"
2654,"{""type"": ""state""}","{""type"": ""state""}"
2655,"{""type"": ""affiliation""}","{""type"": ""affiliation""}"
2656,"{""type"": ""album""}","{""type"": ""album""}"
2657,"{""type"": ""location""}","{""type"": ""location""}"
2658,"{""type"": ""location""}","{""type"": ""area""}"
2659,"{""type"": ""state""}","{""type"": ""state""}"
2660,"{""type"": ""sex""}","{""type"": ""sex""}"
2661,"{""type"": ""description""}","{""type"": ""description""}"
2662,"{""type"": ""state""}","{""type"": ""state""}"
2663,"{""type"": ""state""}","{""type"": ""state""}"
2664,"{""type"": ""state""}","{""type"": ""state""}"
2665,"{""type"": ""state""}","{""type"": ""state""}"
2666,"{""type"": ""state""}","{""type"": ""state""}"
2667,"{""type"": ""state""}","{""type"": ""state""}"
2668,"{""type"": ""state""}","{""type"": ""state""}"
2669,"{""type"": ""rank""}","{""type"": ""ranking""}"
2670,"{""type"": ""day""}","{""type"": ""day""}"
2671,"{""type"": ""city""}","{""type"": ""city""}"
2672,"{""type"": ""symbol""}","{""type"": ""symbol""}"
2673,"{""type"": ""team""}","{""type"": ""teamname""}"
2674,"{""type"": ""description""}","{""type"": ""description""}"
2675,"{""type"": ""symbol""}","{""type"": ""symbol""}"
2676,"{""type"": ""grades""}","{""type"": ""grades""}"
2677,"{""type"": ""company""}","{""type"": ""company""}"
2678,"{""type"": ""state""}","{""type"": ""state""}"
2679,"{""type"": ""name""}","{""type"": ""name""}"
2680,"{""type"": ""weight""}","{""type"": ""position""}"
2681,"{""type"": ""state""}","{""type"": ""state""}"
2682,"{""type"": ""name""}","{""type"": ""name""}"
2683,"{""type"": ""gender""}","{""type"": ""gender""}"
2684,"{""type"": ""weight""}","{""type"": ""weight""}"
2685,"{""type"": ""rank""}","{""type"": ""rank""}"
2686,"{""type"": ""description""}","{""type"": ""description""}"
2687,"{""type"": ""status""}","{""type"": ""status""}"
2688,"{""type"": ""location""}","{""type"": ""location""}"
2689,"{""type"": ""category""}","{""type"": ""category""}"
2690,"{""type"": ""position""}","{""type"": ""position""}"
2691,"{""type"": ""city""}","{""type"": ""city""}"
2692,"{""type"": ""rank""}","{""type"": ""rank""}"
2693,"{""type"": ""team""}","{""type"": ""team""}"
2694,"{""type"": ""class""}","{""type"": ""class""}"
2695,"{""type"": ""category""}","{""type"": ""category""}"
2696,"{""type"": ""location""}","{""type"": ""location""}"
2697,"{""type"": ""weight""}","{""type"": ""weight""}"
2698,"{""type"": ""type""}","{""type"": ""type""}"
2699,"{""type"": ""isbn""}","{""type"": ""isbn""}"
2700,"{""type"": ""rank""}","{""type"": ""rank""}"
2701,"{""type"": ""code""}","{""type"": ""code""}"
2702,"{""type"": ""class""}","{""type"": ""class""}"
2703,"{""type"": ""company""}","{""type"": ""company""}"
2704,"{""type"": ""artist""}","{""type"": ""artist""}"
2705,"{""type"": ""rank""}","{""type"": ""rank""}"
2706,"{""type"": ""description""}","{""type"": ""description""}"
2707,"{""type"": ""state""}","{""type"": ""state""}"
2708,"{""type"": ""grades""}","{""type"": ""grades""}"
2709,"{""type"": ""name""}","{""type"": ""name""}"
2710,"{""type"": ""description""}","{""type"": ""description""}"
2711,"{""type"": ""class""}","{""type"": ""class""}"
2712,"{""type"": ""rank""}","{""type"": ""rank""}"
2713,"{""type"": ""album""}","{""type"": ""album""}"
2714,"{""type"": ""city""}","{""type"": ""city""}"
2715,"{""type"": ""description""}","{""type"": ""description""}"
2716,"{""type"": ""type""}","{""type"": ""type""}"
2717,"{""type"": ""name""}","{""type"": ""name""}"
2718,"{""type"": ""age""}","{""type"": ""age""}"
2719,"{""type"": ""type""}","{""type"": ""type""}"
2720,"{""type"": ""location""}","{""type"": ""location""}"
2721,"{""type"": ""city""}","{""type"": ""region""}"
2722,"{""type"": ""category""}","{""type"": ""category""}"
2723,"{""type"": ""name""}","{""type"": ""name""}"
2724,"{""type"": ""name""}","{""type"": ""name""}"
2725,"{""type"": ""name""}","{""type"": ""name""}"
2726,"{""type"": ""name""}","{""type"": ""name""}"
2727,"{""type"": ""name""}","{""type"": ""name""}"
2728,"{""type"": ""city""}","{""type"": ""city""}"
2729,"{""type"": ""name""}","{""type"": ""name""}"
2730,"{""type"": ""category""}","{""type"": ""category""}"
2731,"{""type"": ""genre""}","{""type"": ""industry""}"
2732,"{""type"": ""name""}","{""type"": ""name""}"
2733,"{""type"": ""name""}","{""type"": ""name""}"
2734,"{""type"": ""class""}","{""type"": ""class""}"
2735,"{""type"": ""result""}","{""type"": ""result""}"
2736,"{""type"": ""name""}","{""type"": ""name""}"
2737,"{""type"": ""club""}","{""type"": ""club""}"
2738,"{""type"": ""country""}","{""type"": ""country""}"
2739,"{""type"": ""city""}","{""type"": ""city""}"
2740,"{""type"": ""weight""}","{""type"": ""weight""}"
2741,"{""type"": ""category""}","{""type"": ""category""}"
2742,"{""type"": ""city""}","{""type"": ""city""}"
2743,"{""type"": ""position""}","{""type"": ""position""}"
2744,"{""type"": ""result""}","{""type"": ""result""}"
2745,"{""type"": ""state""}","{""type"": ""state""}"
2746,"{""type"": ""city""}","{""type"": ""city""}"
2747,"{""type"": ""name""}","{""type"": ""name""}"
2748,"{""type"": ""age""}","{""type"": ""age""}"
2749,"{""type"": ""isbn""}","{""type"": ""isbn""}"
2750,"{""type"": ""status""}","{""type"": ""status""}"
2751,"{""type"": ""result""}","{""type"": ""result""}"
2752,"{""type"": ""notes""}","{""type"": ""notes""}"
2753,"{""type"": ""result""}","{""type"": ""result""}"
2754,"{""type"": ""component""}","{""type"": ""component""}"
2755,"{""type"": ""location""}","{""type"": ""location""}"
2756,"{""type"": ""category""}","{""type"": ""category""}"
2757,"{""type"": ""category""}","{""type"": ""category""}"
2758,"{""type"": ""category""}","{""type"": ""category""}"
2759,"{""type"": ""category""}","{""type"": ""category""}"
2760,"{""type"": ""category""}","{""type"": ""category""}"
2761,"{""type"": ""name""}","{""type"": ""name""}"
2762,"{""type"": ""company""}","{""type"": ""company""}"
2763,"{""type"": ""name""}","{""type"": ""name""}"
2764,"{""type"": ""sex""}","{""type"": ""sex""}"
2765,"{""type"": ""age""}","{""type"": ""age""}"
2766,"{""type"": ""name""}","{""type"": ""name""}"
2767,"{""type"": ""duration""}","{""type"": ""duration""}"
2768,"{""type"": ""team""}","{""type"": ""category""}"
2769,"{""type"": ""type""}","{""type"": ""type""}"
2770,"{""type"": ""result""}","{""type"": ""result""}"
2771,"{""type"": ""status""}","{""type"": ""status""}"
2772,"{""type"": ""city""}","{""type"": ""city""}"
2773,"{""type"": ""owner""}","{""type"": ""owner""}"
2774,"{""type"": ""state""}","{""type"": ""state""}"
2775,"{""type"": ""weight""}","{""type"": ""weight""}"
2776,"{""type"": ""code""}","{""type"": ""code""}"
2777,"{""type"": ""region""}","{""type"": ""region""}"
2778,"{""type"": ""elevation""}","{""type"": ""elevation""}"
2779,"{""type"": ""name""}","{""type"": ""name""}"
2780,"{""type"": ""category""}","{""type"": ""category""}"
2781,"{""type"": ""team""}","{""type"": ""team""}"
2782,"{""type"": ""age""}","{""type"": ""age""}"
2783,"{""type"": ""country""}","{""type"": ""country""}"
2784,"{""type"": ""category""}","{""type"": ""category""}"
2785,"{""type"": ""category""}","{""type"": ""category""}"
2786,"{""type"": ""category""}","{""type"": ""category""}"
2787,"{""type"": ""category""}","{""type"": ""category""}"
2788,"{""type"": ""category""}","{""type"": ""category""}"
2789,"{""type"": ""location""}","{""type"": ""location""}"
2790,"{""type"": ""name""}","{""type"": ""name""}"
2791,"{""type"": ""age""}","{""type"": ""rank""}"
2792,"{""type"": ""age""}","{""type"": ""age""}"
2793,"{""type"": ""weight""}","{""type"": ""age""}"
2794,"{""type"": ""location""}","{""type"": ""location""}"
2795,"{""type"": ""location""}","{""type"": ""location""}"
2796,"{""type"": ""company""}","{""type"": ""team""}"
2797,"{""type"": ""name""}","{""type"": ""name""}"
2798,"{""type"": ""company""}","{""type"": ""company""}"
2799,"{""type"": ""name""}","{""type"": ""name""}"
2800,"{""type"": ""description""}","{""type"": ""description""}"
2801,"{""type"": ""state""}","{""type"": ""state""}"
2802,"{""type"": ""range""}","{""type"": ""range""}"
2803,"{""type"": ""symbol""}","{""type"": ""symbol""}"
2804,"{""type"": ""artist""}","{""type"": ""artist""}"
2805,"{""type"": ""language""}","{""type"": ""language""}"
2806,"{""type"": ""state""}","{""type"": ""state""}"
2807,"{""type"": ""name""}","{""type"": ""name""}"
2808,"{""type"": ""location""}","{""type"": ""location""}"
2809,"{""type"": ""location""}","{""type"": ""location""}"
2810,"{""type"": ""location""}","{""type"": ""location""}"
2811,"{""type"": ""location""}","{""type"": ""location""}"
2812,"{""type"": ""location""}","{""type"": ""location""}"
2813,"{""type"": ""state""}","{""type"": ""state""}"
2814,"{""type"": ""age""}","{""type"": ""age""}"
2815,"{""type"": ""description""}","{""type"": ""description""}"
2816,"{""type"": ""credit""}","{""type"": ""credit""}"
2817,"{""type"": ""type""}","{""type"": ""status""}"
2818,"{""type"": ""age""}","{""type"": ""age""}"
2819,"{""type"": ""age""}","{""type"": ""age""}"
2820,"{""type"": ""team""}","{""type"": ""team""}"
2821,"{""type"": ""age""}","{""type"": ""age""}"
2822,"{""type"": ""location""}","{""type"": ""location""}"
2823,"{""type"": ""position""}","{""type"": ""rank""}"
2824,"{""type"": ""location""}","{""type"": ""location""}"
2825,"{""type"": ""type""}","{""type"": ""type""}"
2826,"{""type"": ""description""}","{""type"": ""description""}"
2827,"{""type"": ""name""}","{""type"": ""name""}"
2828,"{""type"": ""name""}","{""type"": ""name""}"
2829,"{""type"": ""name""}","{""type"": ""name""}"
2830,"{""type"": ""name""}","{""type"": ""name""}"
2831,"{""type"": ""name""}","{""type"": ""name""}"
2832,"{""type"": ""age""}","{""type"": ""age""}"
2833,"{""type"": ""code""}","{""type"": ""code""}"
2834,"{""type"": ""type""}","{""type"": ""type""}"
2835,"{""type"": ""age""}","{""type"": ""age""}"
2836,"{""type"": ""description""}","{""type"": ""description""}"
2837,"{""type"": ""description""}","{""type"": ""description""}"
2838,"{""type"": ""type""}","{""type"": ""type""}"
2839,"{""type"": ""weight""}","{""type"": ""weight""}"
2840,"{""type"": ""name""}","{""type"": ""name""}"
2841,"{""type"": ""day""}","{""type"": ""day""}"
2842,"{""type"": ""location""}","{""type"": ""city""}"
2843,"{""type"": ""description""}","{""type"": ""description""}"
2844,"{""type"": ""description""}","{""type"": ""description""}"
2845,"{""type"": ""state""}","{""type"": ""state""}"
2846,"{""type"": ""status""}","{""type"": ""status""}"
2847,"{""type"": ""year""}","{""type"": ""year""}"
2848,"{""type"": ""team""}","{""type"": ""team""}"
2849,"{""type"": ""gender""}","{""type"": ""gender""}"
2850,"{""type"": ""gender""}","{""type"": ""gender""}"
2851,"{""type"": ""gender""}","{""type"": ""gender""}"
2852,"{""type"": ""gender""}","{""type"": ""gender""}"
2853,"{""type"": ""gender""}","{""type"": ""gender""}"
2854,"{""type"": ""symbol""}","{""type"": ""symbol""}"
2855,"{""type"": ""city""}","{""type"": ""city""}"
2856,"{""type"": ""type""}","{""type"": ""type""}"
2857,"{""type"": ""city""}","{""type"": ""city""}"
2858,"{""type"": ""location""}","{""type"": ""location""}"
2859,"{""type"": ""age""}","{""type"": ""age""}"
2860,"{""type"": ""age""}","{""type"": ""age""}"
2861,"{""type"": ""age""}","{""type"": ""age""}"
2862,"{""type"": ""age""}","{""type"": ""duration""}"
2863,"{""type"": ""age""}","{""type"": ""duration""}"
2864,"{""type"": ""symbol""}","{""type"": ""symbol""}"
2865,"{""type"": ""location""}","{""type"": ""location""}"
2866,"{""type"": ""location""}","{""type"": ""location""}"
2867,"{""type"": ""location""}","{""type"": ""location""}"
2868,"{""type"": ""location""}","{""type"": ""city""}"
2869,"{""type"": ""location""}","{""type"": ""city""}"
2870,"{""type"": ""state""}","{""type"": ""state""}"
2871,"{""type"": ""type""}","{""type"": ""type""}"
2872,"{""type"": ""weight""}","{""type"": ""weight""}"
2873,"{""type"": ""city""}","{""type"": ""city""}"
2874,"{""type"": ""team""}","{""type"": ""name""}"
2875,"{""type"": ""city""}","{""type"": ""city""}"
2876,"{""type"": ""artist""}","{""type"": ""artist""}"
2877,"{""type"": ""status""}","{""type"": ""status""}"
2878,"{""type"": ""country""}","{""type"": ""country""}"
2879,"{""type"": ""age""}","{""type"": ""age""}"
2880,"{""type"": ""name""}","{""type"": ""name""}"
2881,"{""type"": ""code""}","{""type"": ""code""}"
2882,"{""type"": ""location""}","{""type"": ""location""}"
2883,"{""type"": ""year""}","{""type"": ""year""}"
2884,"{""type"": ""year""}","{""type"": ""year""}"
2885,"{""type"": ""year""}","{""type"": ""year""}"
2886,"{""type"": ""year""}","{""type"": ""year""}"
2887,"{""type"": ""year""}","{""type"": ""year""}"
2888,"{""type"": ""age""}","{""type"": ""age""}"
2889,"{""type"": ""type""}","{""type"": ""type""}"
2890,"{""type"": ""company""}","{""type"": ""company""}"
2891,"{""type"": ""year""}","{""type"": ""year""}"
2892,"{""type"": ""rank""}","{""type"": ""rank""}"
2893,"{""type"": ""name""}","{""type"": ""name""}"
2894,"{""type"": ""album""}","{""type"": ""album""}"
2895,"{""type"": ""duration""}","{""type"": ""duration""}"
2896,"{""type"": ""weight""}","{""type"": ""weight""}"
2897,"{""type"": ""description""}","{""type"": ""description""}"
2898,"{""type"": ""year""}","{""type"": ""year""}"
2899,"{""type"": ""code""}","{""type"": ""code""}"
2900,"{""type"": ""city""}","{""type"": ""city""}"
2901,"{""type"": ""location""}","{""type"": ""location""}"
2902,"{""type"": ""year""}","{""type"": ""year""}"
2903,"{""type"": ""location""}","{""type"": ""location""}"
2904,"{""type"": ""type""}","{""type"": ""type""}"
2905,"{""type"": ""rank""}","{""type"": ""rank""}"
2906,"{""type"": ""sex""}","{""type"": ""sex""}"
2907,"{""type"": ""company""}","{""type"": ""company""}"
2908,"{""type"": ""type""}","{""type"": ""type""}"
2909,"{""type"": ""name""}","{""type"": ""name""}"
2910,"{""type"": ""rank""}","{""type"": ""age""}"
2911,"{""type"": ""name""}","{""type"": ""name""}"
2912,"{""type"": ""team""}","{""type"": ""team""}"
2913,"{""type"": ""name""}","{""type"": ""name""}"
2914,"{""type"": ""location""}","{""type"": ""location""}"
2915,"{""type"": ""position""}","{""type"": ""position""}"
2916,"{""type"": ""position""}","{""type"": ""description""}"
2917,"{""type"": ""position""}","{""type"": ""position""}"
2918,"{""type"": ""position""}","{""type"": ""position""}"
2919,"{""type"": ""position""}","{""type"": ""position""}"
2920,"{""type"": ""name""}","{""type"": ""name""}"
2921,"{""type"": ""city""}","{""type"": ""city""}"
2922,"{""type"": ""name""}","{""type"": ""name""}"
2923,"{""type"": ""city""}","{""type"": ""city""}"
2924,"{""type"": ""city""}","{""type"": ""city""}"
2925,"{""type"": ""year""}","{""type"": ""year""}"
2926,"{""type"": ""rank""}","{""type"": ""rank""}"
2927,"{""type"": ""rank""}","{""type"": ""rank""}"
2928,"{""type"": ""code""}","{""type"": ""code""}"
2929,"{""type"": ""weight""}","{""type"": ""weight""}"
2930,"{""type"": ""type""}","{""type"": ""type""}"
2931,"{""type"": ""city""}","{""type"": ""city""}"
2932,"{""type"": ""age""}","{""type"": ""age""}"
2933,"{""type"": ""description""}","{""type"": ""description""}"
2934,"{""type"": ""weight""}","{""type"": ""weight""}"
2935,"{""type"": ""artist""}","{""type"": ""artist""}"
2936,"{""type"": ""weight""}","{""type"": ""weight""}"
2937,"{""type"": ""age""}","{""type"": ""age""}"
2938,"{""type"": ""status""}","{""type"": ""status""}"
2939,"{""type"": ""state""}","{""type"": ""state""}"
2940,"{""type"": ""state""}","{""type"": ""state""}"
2941,"{""type"": ""state""}","{""type"": ""state""}"
2942,"{""type"": ""state""}","{""type"": ""state""}"
2943,"{""type"": ""state""}","{""type"": ""state""}"
2944,"{""type"": ""age""}","{""type"": ""age""}"
2945,"{""type"": ""country""}","{""type"": ""country""}"
2946,"{""type"": ""country""}","{""type"": ""country""}"
2947,"{""type"": ""country""}","{""type"": ""country""}"
2948,"{""type"": ""country""}","{""type"": ""country""}"
2949,"{""type"": ""country""}","{""type"": ""country""}"
2950,"{""type"": ""team""}","{""type"": ""team""}"
2951,"{""type"": ""status""}","{""type"": ""status""}"
2952,"{""type"": ""code""}","{""type"": ""code""}"
2953,"{""type"": ""weight""}","{""type"": ""area""}"
2954,"{""type"": ""name""}","{""type"": ""name""}"
2955,"{""type"": ""rank""}","{""type"": ""rank""}"
2956,"{""type"": ""age""}","{""type"": ""age""}"
2957,"{""type"": ""age""}","{""type"": ""age""}"
2958,"{""type"": ""team""}","{""type"": ""country""}"
2959,"{""type"": ""class""}","{""type"": ""class""}"
2960,"{""type"": ""age""}","{""type"": ""age""}"
2961,"{""type"": ""type""}","{""type"": ""type""}"
2962,"{""type"": ""status""}","{""type"": ""status""}"
2963,"{""type"": ""team""}","{""type"": ""team""}"
2964,"{""type"": ""city""}","{""type"": ""city""}"
2965,"{""type"": ""year""}","{""type"": ""class""}"
2966,"{""type"": ""age""}","{""type"": ""age""}"
2967,"{""type"": ""status""}","{""type"": ""status""}"
2968,"{""type"": ""status""}","{""type"": ""status""}"
2969,"{""type"": ""status""}","{""type"": ""status""}"
2970,"{""type"": ""status""}","{""type"": ""status""}"
2971,"{""type"": ""status""}","{""type"": ""status""}"
2972,"{""type"": ""year""}","{""type"": ""year""}"
2973,"{""type"": ""year""}","{""type"": ""year""}"
2974,"{""type"": ""code""}","{""type"": ""code""}"
2975,"{""type"": ""address""}","{""type"": ""address""}"
2976,"{""type"": ""code""}","{""type"": ""code""}"
2977,"{""type"": ""weight""}","{""type"": ""weight""}"
2978,"{""type"": ""state""}","{""type"": ""state""}"
2979,"{""type"": ""county""}","{""type"": ""code""}"
2980,"{""type"": ""description""}","{""type"": ""description""}"
2981,"{""type"": ""country""}","{""type"": ""country""}"
2982,"{""type"": ""weight""}","{""type"": ""weight""}"
2983,"{""type"": ""year""}","{""type"": ""year""}"
2984,"{""type"": ""description""}","{""type"": ""description""}"
2985,"{""type"": ""state""}","{""type"": ""state""}"
2986,"{""type"": ""type""}","{""type"": ""type""}"
2987,"{""type"": ""rank""}","{""type"": ""rank""}"
2988,"{""type"": ""name""}","{""type"": ""name""}"
2989,"{""type"": ""description""}","{""type"": ""description""}"
2990,"{""type"": ""location""}","{""type"": ""location""}"
2991,"{""type"": ""team""}","{""type"": ""team""}"
2992,"{""type"": ""weight""}","{""type"": ""weight""}"
2993,"{""type"": ""city""}","{""type"": ""city""}"
2994,"{""type"": ""name""}","{""type"": ""name""}"
2995,"{""type"": ""age""}","{""type"": ""age""}"
2996,"{""type"": ""class""}","{""type"": ""class""}"
2997,"{""type"": ""result""}","{""type"": ""result""}"
2998,"{""type"": ""age""}","{""type"": ""year""}"
2999,"{""type"": ""city""}","{""type"": ""city""}"
3000,"{""type"": ""age""}","{""type"": ""age""}"
3001,"{""type"": ""code""}","{""type"": ""code""}"
3002,"{""type"": ""name""}","{""type"": ""name""}"
3003,"{""type"": ""name""}","{""type"": ""name""}"
3004,"{""type"": ""age""}","{""type"": ""age""}"
3005,"{""type"": ""name""}","{""type"": ""name""}"
3006,"{""type"": ""name""}","{""type"": ""name""}"
3007,"{""type"": ""team""}","{""type"": ""team""}"
3008,"{""type"": ""description""}","{""type"": ""description""}"
3009,"{""type"": ""city""}","{""type"": ""city""}"
3010,"{""type"": ""age""}","{""type"": ""age""}"
3011,"{""type"": ""result""}","{""type"": ""result""}"
3012,"{""type"": ""result""}","{""type"": ""result""}"
3013,"{""type"": ""result""}","{""type"": ""result""}"
3014,"{""type"": ""result""}","{""type"": ""result""}"
3015,"{""type"": ""result""}","{""type"": ""result""}"
3016,"{""type"": ""city""}","{""type"": ""city""}"
3017,"{""type"": ""state""}","{""type"": ""state""}"
3018,"{""type"": ""notes""}","{""type"": ""notes""}"
3019,"{""type"": ""teamname""}","{""type"": ""teamname""}"
3020,"{""type"": ""sex""}","{""type"": ""sex""}"
3021,"{""type"": ""description""}","{""type"": ""description""}"
3022,"{""type"": ""rank""}","{""type"": ""rank""}"
3023,"{""type"": ""year""}","{""type"": ""year""}"
3024,"{""type"": ""notes""}","{""type"": ""notes""}"
3025,"{""type"": ""name""}","{""type"": ""name""}"
3026,"{""type"": ""state""}","{""type"": ""state""}"
3027,"{""type"": ""name""}","{""type"": ""name""}"
3028,"{""type"": ""name""}","{""type"": ""name""}"
3029,"{""type"": ""gender""}","{""type"": ""gender""}"
3030,"{""type"": ""name""}","{""type"": ""name""}"
3031,"{""type"": ""state""}","{""type"": ""state""}"
3032,"{""type"": ""name""}","{""type"": ""name""}"
3033,"{""type"": ""name""}","{""type"": ""name""}"
3034,"{""type"": ""age""}","{""type"": ""age""}"
3035,"{""type"": ""album""}","{""type"": ""album""}"
3036,"{""type"": ""name""}","{""type"": ""name""}"
3037,"{""type"": ""rank""}","{""type"": ""rank""}"
3038,"{""type"": ""team""}","{""type"": ""team""}"
3039,"{""type"": ""type""}","{""type"": ""type""}"
3040,"{""type"": ""weight""}","{""type"": ""weight""}"
3041,"{""type"": ""language""}","{""type"": ""language""}"
3042,"{""type"": ""description""}","{""type"": ""description""}"
3043,"{""type"": ""club""}","{""type"": ""club""}"
3044,"{""type"": ""age""}","{""type"": ""age""}"
3045,"{""type"": ""rank""}","{""type"": ""rank""}"
3046,"{""type"": ""club""}","{""type"": ""club""}"
3047,"{""type"": ""rank""}","{""type"": ""rank""}"
3048,"{""type"": ""team""}","{""type"": ""status""}"
3049,"{""type"": ""type""}","{""type"": ""type""}"
3050,"{""type"": ""name""}","{""type"": ""name""}"
3051,"{""type"": ""year""}","{""type"": ""year""}"
3052,"{""type"": ""name""}","{""type"": ""name""}"
3053,"{""type"": ""club""}","{""type"": ""club""}"
3054,"{""type"": ""team""}","{""type"": ""country""}"
3055,"{""type"": ""category""}","{""type"": ""category""}"
3056,"{""type"": ""artist""}","{""type"": ""artist""}"
3057,"{""type"": ""duration""}","{""type"": ""description""}"
3058,"{""type"": ""name""}","{""type"": ""name""}"
3059,"{""type"": ""name""}","{""type"": ""name""}"
3060,"{""type"": ""name""}","{""type"": ""name""}"
3061,"{""type"": ""name""}","{""type"": ""name""}"
3062,"{""type"": ""name""}","{""type"": ""name""}"
3063,"{""type"": ""location""}","{""type"": ""location""}"
3064,"{""type"": ""class""}","{""type"": ""class""}"
3065,"{""type"": ""description""}","{""type"": ""description""}"
3066,"{""type"": ""type""}","{""type"": ""class""}"
3067,"{""type"": ""type""}","{""type"": ""class""}"
3068,"{""type"": ""type""}","{""type"": ""class""}"
3069,"{""type"": ""type""}","{""type"": ""class""}"
3070,"{""type"": ""type""}","{""type"": ""class""}"
3071,"{""type"": ""name""}","{""type"": ""name""}"
3072,"{""type"": ""name""}","{""type"": ""name""}"
3073,"{""type"": ""state""}","{""type"": ""state""}"
3074,"{""type"": ""name""}","{""type"": ""name""}"
3075,"{""type"": ""city""}","{""type"": ""city""}"
3076,"{""type"": ""city""}","{""type"": ""city""}"
3077,"{""type"": ""city""}","{""type"": ""city""}"
3078,"{""type"": ""city""}","{""type"": ""city""}"
3079,"{""type"": ""city""}","{""type"": ""city""}"
3080,"{""type"": ""age""}","{""type"": ""age""}"
3081,"{""type"": ""status""}","{""type"": ""status""}"
3082,"{""type"": ""status""}","{""type"": ""status""}"
3083,"{""type"": ""state""}","{""type"": ""state""}"
3084,"{""type"": ""location""}","{""type"": ""location""}"
3085,"{""type"": ""rank""}","{""type"": ""rank""}"
3086,"{""type"": ""year""}","{""type"": ""year""}"
3087,"{""type"": ""weight""}","{""type"": ""weight""}"
3088,"{""type"": ""club""}","{""type"": ""club""}"
3089,"{""type"": ""album""}","{""type"": ""album""}"
3090,"{""type"": ""code""}","{""type"": ""class""}"
3091,"{""type"": ""type""}","{""type"": ""type""}"
3092,"{""type"": ""code""}","{""type"": ""code""}"
3093,"{""type"": ""description""}","{""type"": ""description""}"
3094,"{""type"": ""age""}","{""type"": ""age""}"
3095,"{""type"": ""name""}","{""type"": ""name""}"
3096,"{""type"": ""description""}","{""type"": ""description""}"
3097,"{""type"": ""age""}","{""type"": ""age""}"
3098,"{""type"": ""city""}","{""type"": ""city""}"
3099,"{""type"": ""range""}","{""type"": ""duration""}"
3100,"{""type"": ""artist""}","{""type"": ""artist""}"
3101,"{""type"": ""type""}","{""type"": ""type""}"
3102,"{""type"": ""weight""}","{""type"": ""weight""}"
3103,"{""type"": ""description""}","{""type"": ""description""}"
3104,"{""type"": ""status""}","{""type"": ""status""}"
3105,"{""type"": ""name""}","{""type"": ""name""}"
3106,"{""type"": ""description""}","{""type"": ""description""}"
3107,"{""type"": ""location""}","{""type"": ""location""}"
3108,"{""type"": ""weight""}","{""type"": ""weight""}"
3109,"{""type"": ""age""}","{""type"": ""age""}"
3110,"{""type"": ""location""}","{""type"": ""location""}"
3111,"{""type"": ""city""}","{""type"": ""city""}"
3112,"{""type"": ""status""}","{""type"": ""status""}"
3113,"{""type"": ""rank""}","{""type"": ""rank""}"
3114,"{""type"": ""company""}","{""type"": ""company""}"
3115,"{""type"": ""city""}","{""type"": ""city""}"
3116,"{""type"": ""format""}","{""type"": ""format""}"
3117,"{""type"": ""type""}","{""type"": ""type""}"
3118,"{""type"": ""year""}","{""type"": ""year""}"
3119,"{""type"": ""position""}","{""type"": ""position""}"
3120,"{""type"": ""position""}","{""type"": ""position""}"
3121,"{""type"": ""position""}","{""type"": ""position""}"
3122,"{""type"": ""position""}","{""type"": ""position""}"
3123,"{""type"": ""position""}","{""type"": ""position""}"
3124,"{""type"": ""location""}","{""type"": ""location""}"
3125,"{""type"": ""status""}","{""type"": ""status""}"
3126,"{""type"": ""county""}","{""type"": ""county""}"
3127,"{""type"": ""county""}","{""type"": ""county""}"
3128,"{""type"": ""county""}","{""type"": ""county""}"
3129,"{""type"": ""county""}","{""type"": ""county""}"
3130,"{""type"": ""county""}","{""type"": ""county""}"
3131,"{""type"": ""rank""}","{""type"": ""rank""}"
3132,"{""type"": ""code""}","{""type"": ""code""}"
3133,"{""type"": ""filesize""}","{""type"": ""filesize""}"
3134,"{""type"": ""description""}","{""type"": ""description""}"
3135,"{""type"": ""description""}","{""type"": ""description""}"
3136,"{""type"": ""age""}","{""type"": ""age""}"
3137,"{""type"": ""name""}","{""type"": ""name""}"
3138,"{""type"": ""name""}","{""type"": ""name""}"
3139,"{""type"": ""name""}","{""type"": ""name""}"
3140,"{""type"": ""name""}","{""type"": ""name""}"
3141,"{""type"": ""name""}","{""type"": ""name""}"
3142,"{""type"": ""rank""}","{""type"": ""rank""}"
3143,"{""type"": ""city""}","{""type"": ""city""}"
3144,"{""type"": ""city""}","{""type"": ""city""}"
3145,"{""type"": ""category""}","{""type"": ""category""}"
3146,"{""type"": ""year""}","{""type"": ""year""}"
3147,"{""type"": ""category""}","{""type"": ""category""}"
3148,"{""type"": ""location""}","{""type"": ""region""}"
3149,"{""type"": ""city""}","{""type"": ""city""}"
3150,"{""type"": ""description""}","{""type"": ""description""}"
3151,"{""type"": ""artist""}","{""type"": ""artist""}"
3152,"{""type"": ""team""}","{""type"": ""team""}"
3153,"{""type"": ""type""}","{""type"": ""type""}"
3154,"{""type"": ""city""}","{""type"": ""city""}"
3155,"{""type"": ""city""}","{""type"": ""city""}"
3156,"{""type"": ""city""}","{""type"": ""city""}"
3157,"{""type"": ""city""}","{""type"": ""city""}"
3158,"{""type"": ""city""}","{""type"": ""city""}"
3159,"{""type"": ""status""}","{""type"": ""status""}"
3160,"{""type"": ""age""}","{""type"": ""age""}"
3161,"{""type"": ""state""}","{""type"": ""state""}"
3162,"{""type"": ""rank""}","{""type"": ""rank""}"
3163,"{""type"": ""code""}","{""type"": ""code""}"
3164,"{""type"": ""age""}","{""type"": ""age""}"
3165,"{""type"": ""name""}","{""type"": ""name""}"
3166,"{""type"": ""description""}","{""type"": ""description""}"
3167,"{""type"": ""state""}","{""type"": ""state""}"
3168,"{""type"": ""state""}","{""type"": ""state""}"
3169,"{""type"": ""state""}","{""type"": ""state""}"
3170,"{""type"": ""state""}","{""type"": ""state""}"
3171,"{""type"": ""state""}","{""type"": ""state""}"
3172,"{""type"": ""type""}","{""type"": ""type""}"
3173,"{""type"": ""rank""}","{""type"": ""rank""}"
3174,"{""type"": ""description""}","{""type"": ""description""}"
3175,"{""type"": ""artist""}","{""type"": ""artist""}"
3176,"{""type"": ""code""}","{""type"": ""code""}"
3177,"{""type"": ""company""}","{""type"": ""company""}"
3178,"{""type"": ""type""}","{""type"": ""type""}"
3179,"{""type"": ""location""}","{""type"": ""location""}"
3180,"{""type"": ""team""}","{""type"": ""team""}"
3181,"{""type"": ""year""}","{""type"": ""year""}"
3182,"{""type"": ""team""}","{""type"": ""teamname""}"
3183,"{""type"": ""description""}","{""type"": ""description""}"
3184,"{""type"": ""status""}","{""type"": ""status""}"
3185,"{""type"": ""team""}","{""type"": ""team""}"
3186,"{""type"": ""type""}","{""type"": ""type""}"
3187,"{""type"": ""year""}","{""type"": ""year""}"
3188,"{""type"": ""name""}","{""type"": ""name""}"
3189,"{""type"": ""position""}","{""type"": ""position""}"
3190,"{""type"": ""name""}","{""type"": ""name""}"
3191,"{""type"": ""type""}","{""type"": ""type""}"
3192,"{""type"": ""state""}","{""type"": ""state""}"
3193,"{""type"": ""city""}","{""type"": ""city""}"
3194,"{""type"": ""description""}","{""type"": ""description""}"
3195,"{""type"": ""country""}","{""type"": ""country""}"
3196,"{""type"": ""country""}","{""type"": ""country""}"
3197,"{""type"": ""country""}","{""type"": ""country""}"
3198,"{""type"": ""country""}","{""type"": ""country""}"
3199,"{""type"": ""country""}","{""type"": ""country""}"
3200,"{""type"": ""result""}","{""type"": ""result""}"
3201,"{""type"": ""type""}","{""type"": ""type""}"
3202,"{""type"": ""weight""}","{""type"": ""weight""}"
3203,"{""type"": ""age""}","{""type"": ""age""}"
3204,"{""type"": ""weight""}","{""type"": ""weight""}"
3205,"{""type"": ""artist""}","{""type"": ""name""}"
3206,"{""type"": ""type""}","{""type"": ""type""}"
3207,"{""type"": ""city""}","{""type"": ""location""}"
3208,"{""type"": ""description""}","{""type"": ""description""}"
3209,"{""type"": ""code""}","{""type"": ""code""}"
3210,"{""type"": ""sex""}","{""type"": ""sex""}"
3211,"{""type"": ""sex""}","{""type"": ""sex""}"
3212,"{""type"": ""code""}","{""type"": ""code""}"
3213,"{""type"": ""artist""}","{""type"": ""artist""}"
3214,"{""type"": ""format""}","{""type"": ""command""}"
3215,"{""type"": ""state""}","{""type"": ""state""}"
3216,"{""type"": ""type""}","{""type"": ""type""}"
3217,"{""type"": ""description""}","{""type"": ""description""}"
3218,"{""type"": ""name""}","{""type"": ""name""}"
3219,"{""type"": ""elevation""}","{""type"": ""elevation""}"
3220,"{""type"": ""state""}","{""type"": ""state""}"
3221,"{""type"": ""name""}","{""type"": ""name""}"
3222,"{""type"": ""artist""}","{""type"": ""artist""}"
3223,"{""type"": ""type""}","{""type"": ""type""}"
3224,"{""type"": ""company""}","{""type"": ""company""}"
3225,"{""type"": ""city""}","{""type"": ""city""}"
3226,"{""type"": ""category""}","{""type"": ""category""}"
3227,"{""type"": ""status""}","{""type"": ""status""}"
3228,"{""type"": ""company""}","{""type"": ""company""}"
3229,"{""type"": ""city""}","{""type"": ""city""}"
3230,"{""type"": ""description""}","{""type"": ""description""}"
3231,"{""type"": ""team""}","{""type"": ""team""}"
3232,"{""type"": ""rank""}","{""type"": ""rank""}"
3233,"{""type"": ""status""}","{""type"": ""status""}"
3234,"{""type"": ""name""}","{""type"": ""name""}"
3235,"{""type"": ""artist""}","{""type"": ""name""}"
3236,"{""type"": ""description""}","{""type"": ""description""}"
3237,"{""type"": ""name""}","{""type"": ""name""}"
3238,"{""type"": ""region""}","{""type"": ""region""}"
3239,"{""type"": ""weight""}","{""type"": ""weight""}"
3240,"{""type"": ""name""}","{""type"": ""name""}"
3241,"{""type"": ""type""}","{""type"": ""type""}"
3242,"{""type"": ""name""}","{""type"": ""name""}"
3243,"{""type"": ""name""}","{""type"": ""name""}"
3244,"{""type"": ""name""}","{""type"": ""name""}"
3245,"{""type"": ""name""}","{""type"": ""name""}"
3246,"{""type"": ""name""}","{""type"": ""name""}"
3247,"{""type"": ""name""}","{""type"": ""name""}"
3248,"{""type"": ""rank""}","{""type"": ""rank""}"
3249,"{""type"": ""type""}","{""type"": ""category""}"
3250,"{""type"": ""city""}","{""type"": ""city""}"
3251,"{""type"": ""rank""}","{""type"": ""rank""}"
3252,"{""type"": ""rank""}","{""type"": ""rank""}"
3253,"{""type"": ""rank""}","{""type"": ""rank""}"
3254,"{""type"": ""rank""}","{""type"": ""rank""}"
3255,"{""type"": ""rank""}","{""type"": ""rank""}"
3256,"{""type"": ""name""}","{""type"": ""name""}"
3257,"{""type"": ""status""}","{""type"": ""status""}"
3258,"{""type"": ""category""}","{""type"": ""category""}"
3259,"{""type"": ""status""}","{""type"": ""status""}"
3260,"{""type"": ""type""}","{""type"": ""type""}"
3261,"{""type"": ""language""}","{""type"": ""language""}"
3262,"{""type"": ""name""}","{""type"": ""name""}"
3263,"{""type"": ""age""}","{""type"": ""age""}"
3264,"{""type"": ""category""}","{""type"": ""category""}"
3265,"{""type"": ""result""}","{""type"": ""result""}"
3266,"{""type"": ""album""}","{""type"": ""album""}"
3267,"{""type"": ""age""}","{""type"": ""age""}"
3268,"{""type"": ""state""}","{""type"": ""state""}"
3269,"{""type"": ""location""}","{""type"": ""city""}"
3270,"{""type"": ""name""}","{""type"": ""name""}"
3271,"{""type"": ""name""}","{""type"": ""name""}"
3272,"{""type"": ""year""}","{""type"": ""year""}"
3273,"{""type"": ""location""}","{""type"": ""location""}"
3274,"{""type"": ""location""}","{""type"": ""location""}"
3275,"{""type"": ""location""}","{""type"": ""location""}"
3276,"{""type"": ""location""}","{""type"": ""location""}"
3277,"{""type"": ""location""}","{""type"": ""location""}"
3278,"{""type"": ""team""}","{""type"": ""team""}"
3279,"{""type"": ""rank""}","{""type"": ""rank""}"
3280,"{""type"": ""status""}","{""type"": ""status""}"
3281,"{""type"": ""year""}","{""type"": ""year""}"
3282,"{""type"": ""weight""}","{""type"": ""weight""}"
3283,"{""type"": ""age""}","{""type"": ""age""}"
3284,"{""type"": ""rank""}","{""type"": ""rank""}"
3285,"{""type"": ""country""}","{""type"": ""country""}"
3286,"{""type"": ""name""}","{""type"": ""name""}"
3287,"{""type"": ""year""}","{""type"": ""year""}"
3288,"{""type"": ""country""}","{""type"": ""country""}"
3289,"{""type"": ""city""}","{""type"": ""city""}"
3290,"{""type"": ""rank""}","{""type"": ""rank""}"
3291,"{""type"": ""manufacturer""}","{""type"": ""manufacturer""}"
3292,"{""type"": ""manufacturer""}","{""type"": ""manufacturer""}"
3293,"{""type"": ""manufacturer""}","{""type"": ""manufacturer""}"
3294,"{""type"": ""manufacturer""}","{""type"": ""manufacturer""}"
3295,"{""type"": ""manufacturer""}","{""type"": ""manufacturer""}"
3296,"{""type"": ""age""}","{""type"": ""age""}"
3297,"{""type"": ""year""}","{""type"": ""year""}"
3298,"{""type"": ""age""}","{""type"": ""age""}"
3299,"{""type"": ""team""}","{""type"": ""team""}"
3300,"{""type"": ""type""}","{""type"": ""type""}"
3301,"{""type"": ""description""}","{""type"": ""description""}"
3302,"{""type"": ""county""}","{""type"": ""county""}"
3303,"{""type"": ""album""}","{""type"": ""album""}"
3304,"{""type"": ""name""}","{""type"": ""name""}"
3305,"{""type"": ""address""}","{""type"": ""address""}"
3306,"{""type"": ""symbol""}","{""type"": ""symbol""}"
3307,"{""type"": ""age""}","{""type"": ""age""}"
3308,"{""type"": ""team""}","{""type"": ""team""}"
3309,"{""type"": ""category""}","{""type"": ""category""}"
3310,"{""type"": ""status""}","{""type"": ""status""}"
3311,"{""type"": ""age""}","{""type"": ""age""}"
3312,"{""type"": ""year""}","{""type"": ""year""}"
3313,"{""type"": ""product""}","{""type"": ""name""}"
3314,"{""type"": ""rank""}","{""type"": ""rank""}"
3315,"{""type"": ""status""}","{""type"": ""status""}"
3316,"{""type"": ""club""}","{""type"": ""club""}"
3317,"{""type"": ""symbol""}","{""type"": ""symbol""}"
3318,"{""type"": ""age""}","{""type"": ""age""}"
3319,"{""type"": ""type""}","{""type"": ""type""}"
3320,"{""type"": ""type""}","{""type"": ""type""}"
3321,"{""type"": ""type""}","{""type"": ""type""}"
3322,"{""type"": ""type""}","{""type"": ""type""}"
3323,"{""type"": ""type""}","{""type"": ""type""}"
3324,"{""type"": ""artist""}","{""type"": ""artist""}"
3325,"{""type"": ""weight""}","{""type"": ""weight""}"
3326,"{""type"": ""category""}","{""type"": ""category""}"
3327,"{""type"": ""state""}","{""type"": ""state""}"
3328,"{""type"": ""year""}","{""type"": ""year""}"
3329,"{""type"": ""rank""}","{""type"": ""rank""}"
3330,"{""type"": ""rank""}","{""type"": ""rank""}"
3331,"{""type"": ""rank""}","{""type"": ""rank""}"
3332,"{""type"": ""rank""}","{""type"": ""rank""}"
3333,"{""type"": ""rank""}","{""type"": ""rank""}"
3334,"{""type"": ""city""}","{""type"": ""city""}"
3335,"{""type"": ""type""}","{""type"": ""type""}"
3336,"{""type"": ""city""}","{""type"": ""city""}"
3337,"{""type"": ""position""}","{""type"": ""position""}"
3338,"{""type"": ""city""}","{""type"": ""city""}"
3339,"{""type"": ""city""}","{""type"": ""city""}"
3340,"{""type"": ""city""}","{""type"": ""city""}"
3341,"{""type"": ""city""}","{""type"": ""city""}"
3342,"{""type"": ""city""}","{""type"": ""city""}"
3343,"{""type"": ""team""}","{""type"": ""team""}"
3344,"{""type"": ""isbn""}","{""type"": ""isbn""}"
3345,"{""type"": ""club""}","{""type"": ""club""}"
3346,"{""type"": ""name""}","{""type"": ""name""}"
3347,"{""type"": ""status""}","{""type"": ""status""}"
3348,"{""type"": ""rank""}","{""type"": ""rank""}"
3349,"{""type"": ""name""}","{""type"": ""name""}"
3350,"{""type"": ""name""}","{""type"": ""name""}"
3351,"{""type"": ""category""}","{""type"": ""category""}"
3352,"{""type"": ""code""}","{""type"": ""code""}"
3353,"{""type"": ""code""}","{""type"": ""code""}"
3354,"{""type"": ""notes""}","{""type"": ""notes""}"
3355,"{""type"": ""artist""}","{""type"": ""artist""}"
3356,"{""type"": ""name""}","{""type"": ""name""}"
3357,"{""type"": ""position""}","{""type"": ""position""}"
3358,"{""type"": ""weight""}","{""type"": ""weight""}"
3359,"{""type"": ""category""}","{""type"": ""category""}"
3360,"{""type"": ""address""}","{""type"": ""address""}"
3361,"{""type"": ""name""}","{""type"": ""name""}"
3362,"{""type"": ""state""}","{""type"": ""state""}"
3363,"{""type"": ""category""}","{""type"": ""category""}"
3364,"{""type"": ""status""}","{""type"": ""status""}"
3365,"{""type"": ""state""}","{""type"": ""state""}"
3366,"{""type"": ""album""}","{""type"": ""album""}"
3367,"{""type"": ""plays""}","{""type"": ""age""}"
3368,"{""type"": ""rank""}","{""type"": ""rank""}"
3369,"{""type"": ""album""}","{""type"": ""album""}"
3370,"{""type"": ""description""}","{""type"": ""description""}"
3371,"{""type"": ""type""}","{""type"": ""type""}"
3372,"{""type"": ""family""}","{""type"": ""family""}"
3373,"{""type"": ""year""}","{""type"": ""year""}"
3374,"{""type"": ""city""}","{""type"": ""city""}"
3375,"{""type"": ""state""}","{""type"": ""state""}"
3376,"{""type"": ""owner""}","{""type"": ""owner""}"
3377,"{""type"": ""country""}","{""type"": ""country""}"
3378,"{""type"": ""country""}","{""type"": ""country""}"
3379,"{""type"": ""country""}","{""type"": ""country""}"
3380,"{""type"": ""country""}","{""type"": ""country""}"
3381,"{""type"": ""country""}","{""type"": ""country""}"
3382,"{""type"": ""day""}","{""type"": ""day""}"
3383,"{""type"": ""rank""}","{""type"": ""rank""}"
3384,"{""type"": ""location""}","{""type"": ""location""}"
3385,"{""type"": ""club""}","{""type"": ""club""}"
3386,"{""type"": ""name""}","{""type"": ""name""}"
3387,"{""type"": ""name""}","{""type"": ""name""}"
3388,"{""type"": ""name""}","{""type"": ""name""}"
3389,"{""type"": ""name""}","{""type"": ""name""}"
3390,"{""type"": ""name""}","{""type"": ""name""}"
3391,"{""type"": ""company""}","{""type"": ""company""}"
3392,"{""type"": ""format""}","{""type"": ""format""}"
3393,"{""type"": ""city""}","{""type"": ""city""}"
3394,"{""type"": ""weight""}","{""type"": ""weight""}"
3395,"{""type"": ""code""}","{""type"": ""code""}"
3396,"{""type"": ""state""}","{""type"": ""state""}"
3397,"{""type"": ""rank""}","{""type"": ""class""}"
3398,"{""type"": ""status""}","{""type"": ""status""}"
3399,"{""type"": ""name""}","{""type"": ""name""}"
3400,"{""type"": ""name""}","{""type"": ""name""}"
3401,"{""type"": ""age""}","{""type"": ""rank""}"
3402,"{""type"": ""duration""}","{""type"": ""duration""}"
3403,"{""type"": ""name""}","{""type"": ""name""}"
3404,"{""type"": ""album""}","{""type"": ""album""}"
3405,"{""type"": ""state""}","{""type"": ""state""}"
3406,"{""type"": ""weight""}","{""type"": ""weight""}"
3407,"{""type"": ""age""}","{""type"": ""age""}"
3408,"{""type"": ""location""}","{""type"": ""location""}"
3409,"{""type"": ""club""}","{""type"": ""club""}"
3410,"{""type"": ""class""}","{""type"": ""class""}"
3411,"{""type"": ""location""}","{""type"": ""location""}"
3412,"{""type"": ""rank""}","{""type"": ""rank""}"
3413,"{""type"": ""symbol""}","{""type"": ""symbol""}"
3414,"{""type"": ""weight""}","{""type"": ""weight""}"
3415,"{""type"": ""weight""}","{""type"": ""weight""}"
3416,"{""type"": ""name""}","{""type"": ""name""}"
3417,"{""type"": ""description""}","{""type"": ""description""}"
3418,"{""type"": ""team""}","{""type"": ""team""}"
3419,"{""type"": ""album""}","{""type"": ""album""}"
3420,"{""type"": ""name""}","{""type"": ""name""}"
3421,"{""type"": ""name""}","{""type"": ""name""}"
3422,"{""type"": ""teamname""}","{""type"": ""teamname""}"
3423,"{""type"": ""description""}","{""type"": ""description""}"
3424,"{""type"": ""name""}","{""type"": ""name""}"
3425,"{""type"": ""status""}","{""type"": ""status""}"
3426,"{""type"": ""result""}","{""type"": ""result""}"
3427,"{""type"": ""team""}","{""type"": ""team""}"
3428,"{""type"": ""status""}","{""type"": ""status""}"
3429,"{""type"": ""city""}","{""type"": ""city""}"
3430,"{""type"": ""rank""}","{""type"": ""rank""}"
3431,"{""type"": ""name""}","{""type"": ""name""}"
3432,"{""type"": ""name""}","{""type"": ""name""}"
3433,"{""type"": ""age""}","{""type"": ""age""}"
3434,"{""type"": ""name""}","{""type"": ""name""}"
3435,"{""type"": ""requirement""}","{""type"": ""location""}"
3436,"{""type"": ""age""}","{""type"": ""age""}"
3437,"{""type"": ""weight""}","{""type"": ""weight""}"
3438,"{""type"": ""elevation""}","{""type"": ""elevation""}"
3439,"{""type"": ""category""}","{""type"": ""category""}"
3440,"{""type"": ""class""}","{""type"": ""symbol""}"
3441,"{""type"": ""rank""}","{""type"": ""rank""}"
3442,"{""type"": ""state""}","{""type"": ""state""}"
3443,"{""type"": ""status""}","{""type"": ""status""}"
3444,"{""type"": ""team""}","{""type"": ""team""}"
3445,"{""type"": ""category""}","{""type"": ""category""}"
3446,"{""type"": ""city""}","{""type"": ""city""}"
3447,"{""type"": ""type""}","{""type"": ""type""}"
3448,"{""type"": ""year""}","{""type"": ""year""}"
3449,"{""type"": ""description""}","{""type"": ""description""}"
3450,"{""type"": ""status""}","{""type"": ""status""}"
3451,"{""type"": ""notes""}","{""type"": ""description""}"
3452,"{""type"": ""artist""}","{""type"": ""artist""}"
3453,"{""type"": ""description""}","{""type"": ""description""}"
3454,"{""type"": ""status""}","{""type"": ""status""}"
3455,"{""type"": ""rank""}","{""type"": ""rank""}"
3456,"{""type"": ""rank""}","{""type"": ""rank""}"
3457,"{""type"": ""rank""}","{""type"": ""rank""}"
3458,"{""type"": ""rank""}","{""type"": ""rank""}"
3459,"{""type"": ""rank""}","{""type"": ""rank""}"
3460,"{""type"": ""description""}","{""type"": ""description""}"
3461,"{""type"": ""rank""}","{""type"": ""rank""}"
3462,"{""type"": ""language""}","{""type"": ""language""}"
3463,"{""type"": ""county""}","{""type"": ""county""}"
3464,"{""type"": ""code""}","{""type"": ""code""}"
3465,"{""type"": ""club""}","{""type"": ""club""}"
3466,"{""type"": ""name""}","{""type"": ""name""}"
3467,"{""type"": ""type""}","{""type"": ""type""}"
3468,"{""type"": ""name""}","{""type"": ""name""}"
3469,"{""type"": ""weight""}","{""type"": ""weight""}"
3470,"{""type"": ""location""}","{""type"": ""location""}"
3471,"{""type"": ""rank""}","{""type"": ""rank""}"
3472,"{""type"": ""city""}","{""type"": ""city""}"
3473,"{""type"": ""description""}","{""type"": ""description""}"
3474,"{""type"": ""code""}","{""type"": ""code""}"
3475,"{""type"": ""location""}","{""type"": ""location""}"
3476,"{""type"": ""duration""}","{""type"": ""ranking""}"
3477,"{""type"": ""status""}","{""type"": ""status""}"
3478,"{""type"": ""weight""}","{""type"": ""weight""}"
3479,"{""type"": ""city""}","{""type"": ""city""}"
3480,"{""type"": ""type""}","{""type"": ""description""}"
3481,"{""type"": ""description""}","{""type"": ""description""}"
3482,"{""type"": ""city""}","{""type"": ""city""}"
3483,"{""type"": ""city""}","{""type"": ""city""}"
3484,"{""type"": ""city""}","{""type"": ""city""}"
3485,"{""type"": ""city""}","{""type"": ""city""}"
3486,"{""type"": ""city""}","{""type"": ""city""}"
3487,"{""type"": ""description""}","{""type"": ""description""}"
3488,"{""type"": ""category""}","{""type"": ""category""}"
3489,"{""type"": ""team""}","{""type"": ""teamname""}"
3490,"{""type"": ""team""}","{""type"": ""team""}"
3491,"{""type"": ""year""}","{""type"": ""year""}"
3492,"{""type"": ""status""}","{""type"": ""status""}"
3493,"{""type"": ""code""}","{""type"": ""code""}"
3494,"{""type"": ""rank""}","{""type"": ""rank""}"
3495,"{""type"": ""weight""}","{""type"": ""weight""}"
3496,"{""type"": ""country""}","{""type"": ""country""}"
3497,"{""type"": ""name""}","{""type"": ""name""}"
3498,"{""type"": ""genre""}","{""type"": ""industry""}"
3499,"{""type"": ""symbol""}","{""type"": ""symbol""}"
3500,"{""type"": ""team""}","{""type"": ""team""}"
3501,"{""type"": ""age""}","{""type"": ""age""}"
3502,"{""type"": ""weight""}","{""type"": ""weight""}"
3503,"{""type"": ""origin""}","{""type"": ""origin""}"
3504,"{""type"": ""location""}","{""type"": ""location""}"
3505,"{""type"": ""state""}","{""type"": ""state""}"
3506,"{""type"": ""name""}","{""type"": ""name""}"
3507,"{""type"": ""format""}","{""type"": ""format""}"
3508,"{""type"": ""description""}","{""type"": ""description""}"
3509,"{""type"": ""description""}","{""type"": ""description""}"
3510,"{""type"": ""description""}","{""type"": ""description""}"
3511,"{""type"": ""description""}","{""type"": ""description""}"
3512,"{""type"": ""description""}","{""type"": ""description""}"
3513,"{""type"": ""class""}","{""type"": ""class""}"
3514,"{""type"": ""code""}","{""type"": ""code""}"
3515,"{""type"": ""code""}","{""type"": ""code""}"
3516,"{""type"": ""code""}","{""type"": ""state""}"
3517,"{""type"": ""code""}","{""type"": ""code""}"
3518,"{""type"": ""code""}","{""type"": ""state""}"
3519,"{""type"": ""artist""}","{""type"": ""artist""}"
3520,"{""type"": ""status""}","{""type"": ""status""}"
3521,"{""type"": ""description""}","{""type"": ""description""}"
3522,"{""type"": ""weight""}","{""type"": ""weight""}"
3523,"{""type"": ""age""}","{""type"": ""age""}"
3524,"{""type"": ""position""}","{""type"": ""position""}"
3525,"{""type"": ""result""}","{""type"": ""result""}"
3526,"{""type"": ""result""}","{""type"": ""result""}"
3527,"{""type"": ""type""}","{""type"": ""type""}"
3528,"{""type"": ""name""}","{""type"": ""name""}"
3529,"{""type"": ""name""}","{""type"": ""name""}"
3530,"{""type"": ""name""}","{""type"": ""name""}"
3531,"{""type"": ""description""}","{""type"": ""description""}"
3532,"{""type"": ""symbol""}","{""type"": ""symbol""}"
3533,"{""type"": ""age""}","{""type"": ""age""}"
3534,"{""type"": ""code""}","{""type"": ""code""}"
3535,"{""type"": ""year""}","{""type"": ""year""}"
3536,"{""type"": ""name""}","{""type"": ""name""}"
3537,"{""type"": ""name""}","{""type"": ""name""}"
3538,"{""type"": ""sex""}","{""type"": ""sex""}"
3539,"{""type"": ""team""}","{""type"": ""team""}"
3540,"{""type"": ""rank""}","{""type"": ""rank""}"
3541,"{""type"": ""location""}","{""type"": ""location""}"
3542,"{""type"": ""description""}","{""type"": ""description""}"
3543,"{""type"": ""description""}","{""type"": ""description""}"
3544,"{""type"": ""name""}","{""type"": ""name""}"
3545,"{""type"": ""category""}","{""type"": ""category""}"
3546,"{""type"": ""type""}","{""type"": ""type""}"
3547,"{""type"": ""description""}","{""type"": ""description""}"
3548,"{""type"": ""class""}","{""type"": ""class""}"
3549,"{""type"": ""album""}","{""type"": ""album""}"
3550,"{""type"": ""description""}","{""type"": ""description""}"
3551,"{""type"": ""owner""}","{""type"": ""owner""}"
3552,"{""type"": ""team""}","{""type"": ""team""}"
3553,"{""type"": ""location""}","{""type"": ""location""}"
3554,"{""type"": ""code""}","{""type"": ""code""}"
3555,"{""type"": ""weight""}","{""type"": ""weight""}"
3556,"{""type"": ""location""}","{""type"": ""location""}"
3557,"{""type"": ""gender""}","{""type"": ""gender""}"
3558,"{""type"": ""description""}","{""type"": ""description""}"
3559,"{""type"": ""duration""}","{""type"": ""duration""}"
3560,"{""type"": ""age""}","{""type"": ""age""}"
3561,"{""type"": ""weight""}","{""type"": ""weight""}"
3562,"{""type"": ""name""}","{""type"": ""name""}"
3563,"{""type"": ""day""}","{""type"": ""day""}"
3564,"{""type"": ""day""}","{""type"": ""day""}"
3565,"{""type"": ""day""}","{""type"": ""day""}"
3566,"{""type"": ""day""}","{""type"": ""rank""}"
3567,"{""type"": ""day""}","{""type"": ""rank""}"
3568,"{""type"": ""category""}","{""type"": ""category""}"
3569,"{""type"": ""club""}","{""type"": ""club""}"
3570,"{""type"": ""team""}","{""type"": ""team""}"
3571,"{""type"": ""state""}","{""type"": ""state""}"
3572,"{""type"": ""state""}","{""type"": ""state""}"
3573,"{""type"": ""state""}","{""type"": ""state""}"
3574,"{""type"": ""state""}","{""type"": ""state""}"
3575,"{""type"": ""state""}","{""type"": ""state""}"
3576,"{""type"": ""age""}","{""type"": ""age""}"
3577,"{""type"": ""year""}","{""type"": ""year""}"
3578,"{""type"": ""age""}","{""type"": ""age""}"
3579,"{""type"": ""name""}","{""type"": ""name""}"
3580,"{""type"": ""name""}","{""type"": ""name""}"
3581,"{""type"": ""age""}","{""type"": ""age""}"
3582,"{""type"": ""sex""}","{""type"": ""sex""}"
3583,"{""type"": ""team""}","{""type"": ""teamname""}"
3584,"{""type"": ""type""}","{""type"": ""type""}"
3585,"{""type"": ""rank""}","{""type"": ""rank""}"
3586,"{""type"": ""album""}","{""type"": ""album""}"
3587,"{""type"": ""name""}","{""type"": ""name""}"
3588,"{""type"": ""code""}","{""type"": ""code""}"
3589,"{""type"": ""weight""}","{""type"": ""weight""}"
3590,"{""type"": ""team""}","{""type"": ""teamname""}"
3591,"{""type"": ""name""}","{""type"": ""name""}"
3592,"{""type"": ""state""}","{""type"": ""state""}"
3593,"{""type"": ""name""}","{""type"": ""name""}"
3594,"{""type"": ""class""}","{""type"": ""class""}"
3595,"{""type"": ""category""}","{""type"": ""category""}"
3596,"{""type"": ""age""}","{""type"": ""age""}"
3597,"{""type"": ""format""}","{""type"": ""format""}"
3598,"{""type"": ""name""}","{""type"": ""name""}"
3599,"{""type"": ""year""}","{""type"": ""year""}"
3600,"{""type"": ""album""}","{""type"": ""album""}"
3601,"{""type"": ""type""}","{""type"": ""type""}"
3602,"{""type"": ""location""}","{""type"": ""location""}"
3603,"{""type"": ""location""}","{""type"": ""location""}"
3604,"{""type"": ""location""}","{""type"": ""location""}"
3605,"{""type"": ""location""}","{""type"": ""location""}"
3606,"{""type"": ""location""}","{""type"": ""location""}"
3607,"{""type"": ""rank""}","{""type"": ""rank""}"
3608,"{""type"": ""rank""}","{""type"": ""rank""}"
3609,"{""type"": ""rank""}","{""type"": ""rank""}"
3610,"{""type"": ""rank""}","{""type"": ""rank""}"
3611,"{""type"": ""rank""}","{""type"": ""rank""}"
3612,"{""type"": ""category""}","{""type"": ""category""}"
3613,"{""type"": ""symbol""}","{""type"": ""symbol""}"
3614,"{""type"": ""name""}","{""type"": ""name""}"
3615,"{""type"": ""name""}","{""type"": ""name""}"
3616,"{""type"": ""name""}","{""type"": ""name""}"
3617,"{""type"": ""name""}","{""type"": ""name""}"
3618,"{""type"": ""name""}","{""type"": ""name""}"
3619,"{""type"": ""state""}","{""type"": ""state""}"
3620,"{""type"": ""name""}","{""type"": ""name""}"
3621,"{""type"": ""age""}","{""type"": ""age""}"
3622,"{""type"": ""rank""}","{""type"": ""year""}"
3623,"{""type"": ""rank""}","{""type"": ""rank""}"
3624,"{""type"": ""rank""}","{""type"": ""age""}"
3625,"{""type"": ""rank""}","{""type"": ""age""}"
3626,"{""type"": ""rank""}","{""type"": ""age""}"
3627,"{""type"": ""year""}","{""type"": ""year""}"
3628,"{""type"": ""city""}","{""type"": ""city""}"
3629,"{""type"": ""name""}","{""type"": ""name""}"
3630,"{""type"": ""position""}","{""type"": ""position""}"
3631,"{""type"": ""description""}","{""type"": ""description""}"
3632,"{""type"": ""status""}","{""type"": ""status""}"
3633,"{""type"": ""name""}","{""type"": ""name""}"
3634,"{""type"": ""location""}","{""type"": ""location""}"
3635,"{""type"": ""location""}","{""type"": ""location""}"
3636,"{""type"": ""location""}","{""type"": ""location""}"
3637,"{""type"": ""location""}","{""type"": ""location""}"
3638,"{""type"": ""location""}","{""type"": ""location""}"
3639,"{""type"": ""description""}","{""type"": ""description""}"
3640,"{""type"": ""club""}","{""type"": ""club""}"
3641,"{""type"": ""artist""}","{""type"": ""artist""}"
3642,"{""type"": ""name""}","{""type"": ""name""}"
3643,"{""type"": ""company""}","{""type"": ""company""}"
3644,"{""type"": ""name""}","{""type"": ""name""}"
3645,"{""type"": ""description""}","{""type"": ""description""}"
3646,"{""type"": ""state""}","{""type"": ""state""}"
3647,"{""type"": ""state""}","{""type"": ""state""}"
3648,"{""type"": ""state""}","{""type"": ""state""}"
3649,"{""type"": ""state""}","{""type"": ""state""}"
3650,"{""type"": ""state""}","{""type"": ""state""}"
3651,"{""type"": ""location""}","{""type"": ""city""}"
3652,"{""type"": ""year""}","{""type"": ""year""}"
3653,"{""type"": ""weight""}","{""type"": ""weight""}"
3654,"{""type"": ""city""}","{""type"": ""city""}"
3655,"{""type"": ""status""}","{""type"": ""status""}"
3656,"{""type"": ""location""}","{""type"": ""location""}"
3657,"{""type"": ""region""}","{""type"": ""rank""}"
3658,"{""type"": ""result""}","{""type"": ""result""}"
3659,"{""type"": ""team""}","{""type"": ""country""}"
3660,"{""type"": ""album""}","{""type"": ""description""}"
3661,"{""type"": ""status""}","{""type"": ""status""}"
3662,"{""type"": ""name""}","{""type"": ""name""}"
3663,"{""type"": ""description""}","{""type"": ""description""}"
3664,"{""type"": ""name""}","{""type"": ""name""}"
3665,"{""type"": ""city""}","{""type"": ""location""}"
3666,"{""type"": ""year""}","{""type"": ""year""}"
3667,"{""type"": ""category""}","{""type"": ""category""}"
3668,"{""type"": ""team""}","{""type"": ""team""}"
3669,"{""type"": ""country""}","{""type"": ""country""}"
3670,"{""type"": ""age""}","{""type"": ""age""}"
3671,"{""type"": ""year""}","{""type"": ""year""}"
3672,"{""type"": ""artist""}","{""type"": ""artist""}"
3673,"{""type"": ""name""}","{""type"": ""name""}"
3674,"{""type"": ""age""}","{""type"": ""age""}"
3675,"{""type"": ""owner""}","{""type"": ""owner""}"
3676,"{""type"": ""location""}","{""type"": ""location""}"
3677,"{""type"": ""team""}","{""type"": ""team""}"
3678,"{""type"": ""club""}","{""type"": ""club""}"
3679,"{""type"": ""description""}","{""type"": ""description""}"
3680,"{""type"": ""code""}","{""type"": ""code""}"
3681,"{""type"": ""club""}","{""type"": ""club""}"
3682,"{""type"": ""year""}","{""type"": ""year""}"
3683,"{""type"": ""artist""}","{""type"": ""name""}"
3684,"{""type"": ""year""}","{""type"": ""year""}"
3685,"{""type"": ""name""}","{""type"": ""name""}"
3686,"{""type"": ""name""}","{""type"": ""name""}"
3687,"{""type"": ""weight""}","{""type"": ""weight""}"
3688,"{""type"": ""age""}","{""type"": ""age""}"
3689,"{""type"": ""name""}","{""type"": ""name""}"
3690,"{""type"": ""team""}","{""type"": ""team""}"
3691,"{""type"": ""status""}","{""type"": ""status""}"
3692,"{""type"": ""notes""}","{""type"": ""description""}"
3693,"{""type"": ""code""}","{""type"": ""code""}"
3694,"{""type"": ""description""}","{""type"": ""description""}"
3695,"{""type"": ""name""}","{""type"": ""name""}"
3696,"{""type"": ""name""}","{""type"": ""name""}"
3697,"{""type"": ""name""}","{""type"": ""name""}"
3698,"{""type"": ""name""}","{""type"": ""name""}"
3699,"{""type"": ""name""}","{""type"": ""name""}"
3700,"{""type"": ""code""}","{""type"": ""code""}"
3701,"{""type"": ""age""}","{""type"": ""age""}"
3702,"{""type"": ""club""}","{""type"": ""club""}"
3703,"{""type"": ""city""}","{""type"": ""city""}"
3704,"{""type"": ""country""}","{""type"": ""country""}"
3705,"{""type"": ""age""}","{""type"": ""rank""}"
3706,"{""type"": ""team""}","{""type"": ""team""}"
3707,"{""type"": ""description""}","{""type"": ""description""}"
3708,"{""type"": ""type""}","{""type"": ""type""}"
3709,"{""type"": ""state""}","{""type"": ""state""}"
3710,"{""type"": ""weight""}","{""type"": ""weight""}"
3711,"{""type"": ""club""}","{""type"": ""club""}"
3712,"{""type"": ""artist""}","{""type"": ""artist""}"
3713,"{""type"": ""team""}","{""type"": ""team""}"
3714,"{""type"": ""name""}","{""type"": ""name""}"
3715,"{""type"": ""name""}","{""type"": ""name""}"
3716,"{""type"": ""name""}","{""type"": ""name""}"
3717,"{""type"": ""name""}","{""type"": ""name""}"
3718,"{""type"": ""name""}","{""type"": ""name""}"
3719,"{""type"": ""age""}","{""type"": ""age""}"
3720,"{""type"": ""company""}","{""type"": ""company""}"
3721,"{""type"": ""weight""}","{""type"": ""weight""}"
3722,"{""type"": ""team""}","{""type"": ""team""}"
3723,"{""type"": ""isbn""}","{""type"": ""isbn""}"
3724,"{""type"": ""category""}","{""type"": ""category""}"
3725,"{""type"": ""result""}","{""type"": ""result""}"
3726,"{""type"": ""result""}","{""type"": ""result""}"
3727,"{""type"": ""result""}","{""type"": ""result""}"
3728,"{""type"": ""result""}","{""type"": ""result""}"
3729,"{""type"": ""result""}","{""type"": ""result""}"
3730,"{""type"": ""category""}","{""type"": ""category""}"
3731,"{""type"": ""rank""}","{""type"": ""rank""}"
3732,"{""type"": ""name""}","{""type"": ""name""}"
3733,"{""type"": ""location""}","{""type"": ""location""}"
3734,"{""type"": ""rank""}","{""type"": ""rank""}"
3735,"{""type"": ""age""}","{""type"": ""age""}"
3736,"{""type"": ""day""}","{""type"": ""day""}"
3737,"{""type"": ""weight""}","{""type"": ""weight""}"
3738,"{""type"": ""age""}","{""type"": ""age""}"
3739,"{""type"": ""category""}","{""type"": ""category""}"
3740,"{""type"": ""company""}","{""type"": ""company""}"
3741,"{""type"": ""age""}","{""type"": ""age""}"
3742,"{""type"": ""state""}","{""type"": ""state""}"
3743,"{""type"": ""team""}","{""type"": ""team""}"
3744,"{""type"": ""description""}","{""type"": ""description""}"
3745,"{""type"": ""weight""}","{""type"": ""weight""}"
3746,"{""type"": ""city""}","{""type"": ""city""}"
3747,"{""type"": ""name""}","{""type"": ""name""}"
3748,"{""type"": ""notes""}","{""type"": ""notes""}"
3749,"{""type"": ""category""}","{""type"": ""category""}"
3750,"{""type"": ""name""}","{""type"": ""name""}"
3751,"{""type"": ""name""}","{""type"": ""name""}"
3752,"{""type"": ""rank""}","{""type"": ""rank""}"
3753,"{""type"": ""category""}","{""type"": ""category""}"
3754,"{""type"": ""location""}","{""type"": ""location""}"
3755,"{""type"": ""code""}","{""type"": ""code""}"
3756,"{""type"": ""age""}","{""type"": ""age""}"
3757,"{""type"": ""age""}","{""type"": ""age""}"
3758,"{""type"": ""isbn""}","{""type"": ""isbn""}"
3759,"{""type"": ""position""}","{""type"": ""position""}"
3760,"{""type"": ""age""}","{""type"": ""age""}"
3761,"{""type"": ""symbol""}","{""type"": ""symbol""}"
3762,"{""type"": ""rank""}","{""type"": ""rank""}"
3763,"{""type"": ""description""}","{""type"": ""description""}"
3764,"{""type"": ""year""}","{""type"": ""year""}"
3765,"{""type"": ""location""}","{""type"": ""location""}"
3766,"{""type"": ""description""}","{""type"": ""description""}"
3767,"{""type"": ""name""}","{""type"": ""name""}"
3768,"{""type"": ""name""}","{""type"": ""name""}"
3769,"{""type"": ""name""}","{""type"": ""name""}"
3770,"{""type"": ""name""}","{""type"": ""name""}"
3771,"{""type"": ""name""}","{""type"": ""name""}"
3772,"{""type"": ""name""}","{""type"": ""name""}"
3773,"{""type"": ""weight""}","{""type"": ""weight""}"
3774,"{""type"": ""age""}","{""type"": ""age""}"
3775,"{""type"": ""year""}","{""type"": ""year""}"
3776,"{""type"": ""album""}","{""type"": ""album""}"
3777,"{""type"": ""duration""}","{""type"": ""duration""}"
3778,"{""type"": ""weight""}","{""type"": ""weight""}"
3779,"{""type"": ""artist""}","{""type"": ""artist""}"
3780,"{""type"": ""artist""}","{""type"": ""artist""}"
3781,"{""type"": ""artist""}","{""type"": ""artist""}"
3782,"{""type"": ""artist""}","{""type"": ""artist""}"
3783,"{""type"": ""artist""}","{""type"": ""artist""}"
3784,"{""type"": ""description""}","{""type"": ""description""}"
3785,"{""type"": ""class""}","{""type"": ""class""}"
3786,"{""type"": ""weight""}","{""type"": ""plays""}"
3787,"{""type"": ""category""}","{""type"": ""category""}"
3788,"{""type"": ""duration""}","{""type"": ""duration""}"
3789,"{""type"": ""weight""}","{""type"": ""weight""}"
3790,"{""type"": ""description""}","{""type"": ""description""}"
3791,"{""type"": ""description""}","{""type"": ""description""}"
3792,"{""type"": ""description""}","{""type"": ""description""}"
3793,"{""type"": ""description""}","{""type"": ""description""}"
3794,"{""type"": ""description""}","{""type"": ""description""}"
3795,"{""type"": ""rank""}","{""type"": ""rank""}"
3796,"{""type"": ""year""}","{""type"": ""year""}"
3797,"{""type"": ""year""}","{""type"": ""year""}"
3798,"{""type"": ""year""}","{""type"": ""year""}"
3799,"{""type"": ""year""}","{""type"": ""year""}"
3800,"{""type"": ""year""}","{""type"": ""year""}"
3801,"{""type"": ""name""}","{""type"": ""name""}"
3802,"{""type"": ""city""}","{""type"": ""city""}"
3803,"{""type"": ""result""}","{""type"": ""result""}"
3804,"{""type"": ""result""}","{""type"": ""result""}"
3805,"{""type"": ""result""}","{""type"": ""result""}"
3806,"{""type"": ""result""}","{""type"": ""result""}"
3807,"{""type"": ""result""}","{""type"": ""result""}"
3808,"{""type"": ""city""}","{""type"": ""city""}"
3809,"{""type"": ""age""}","{""type"": ""age""}"
3810,"{""type"": ""state""}","{""type"": ""state""}"
3811,"{""type"": ""result""}","{""type"": ""result""}"
3812,"{""type"": ""age""}","{""type"": ""age""}"
3813,"{""type"": ""age""}","{""type"": ""age""}"
3814,"{""type"": ""description""}","{""type"": ""description""}"
3815,"{""type"": ""description""}","{""type"": ""description""}"
3816,"{""type"": ""description""}","{""type"": ""description""}"
3817,"{""type"": ""description""}","{""type"": ""description""}"
3818,"{""type"": ""description""}","{""type"": ""description""}"
3819,"{""type"": ""duration""}","{""type"": ""duration""}"
3820,"{""type"": ""name""}","{""type"": ""name""}"
3821,"{""type"": ""year""}","{""type"": ""year""}"
3822,"{""type"": ""country""}","{""type"": ""country""}"
3823,"{""type"": ""weight""}","{""type"": ""weight""}"
3824,"{""type"": ""name""}","{""type"": ""name""}"
3825,"{""type"": ""age""}","{""type"": ""age""}"
3826,"{""type"": ""county""}","{""type"": ""county""}"
3827,"{""type"": ""team""}","{""type"": ""team""}"
3828,"{""type"": ""result""}","{""type"": ""result""}"
3829,"{""type"": ""type""}","{""type"": ""type""}"
3830,"{""type"": ""age""}","{""type"": ""age""}"
3831,"{""type"": ""status""}","{""type"": ""status""}"
3832,"{""type"": ""position""}","{""type"": ""position""}"
3833,"{""type"": ""state""}","{""type"": ""state""}"
3834,"{""type"": ""code""}","{""type"": ""code""}"
3835,"{""type"": ""state""}","{""type"": ""state""}"
3836,"{""type"": ""class""}","{""type"": ""class""}"
3837,"{""type"": ""rank""}","{""type"": ""rank""}"
3838,"{""type"": ""age""}","{""type"": ""age""}"
3839,"{""type"": ""year""}","{""type"": ""year""}"
3840,"{""type"": ""description""}","{""type"": ""description""}"
3841,"{""type"": ""symbol""}","{""type"": ""symbol""}"
3842,"{""type"": ""age""}","{""type"": ""age""}"
3843,"{""type"": ""description""}","{""type"": ""description""}"
3844,"{""type"": ""age""}","{""type"": ""age""}"
3845,"{""type"": ""age""}","{""type"": ""age""}"
3846,"{""type"": ""name""}","{""type"": ""name""}"
3847,"{""type"": ""year""}","{""type"": ""year""}"
3848,"{""type"": ""name""}","{""type"": ""name""}"
3849,"{""type"": ""description""}","{""type"": ""description""}"
3850,"{""type"": ""status""}","{""type"": ""status""}"
3851,"{""type"": ""state""}","{""type"": ""state""}"
3852,"{""type"": ""year""}","{""type"": ""year""}"
3853,"{""type"": ""status""}","{""type"": ""status""}"
3854,"{""type"": ""name""}","{""type"": ""name""}"
3855,"{""type"": ""code""}","{""type"": ""code""}"
3856,"{""type"": ""gender""}","{""type"": ""gender""}"
3857,"{""type"": ""weight""}","{""type"": ""weight""}"
3858,"{""type"": ""name""}","{""type"": ""name""}"
3859,"{""type"": ""origin""}","{""type"": ""origin""}"
3860,"{""type"": ""description""}","{""type"": ""description""}"
3861,"{""type"": ""weight""}","{""type"": ""city""}"
3862,"{""type"": ""location""}","{""type"": ""location""}"
3863,"{""type"": ""team""}","{""type"": ""team""}"
3864,"{""type"": ""code""}","{""type"": ""code""}"
3865,"{""type"": ""name""}","{""type"": ""name""}"
3866,"{""type"": ""status""}","{""type"": ""status""}"
3867,"{""type"": ""city""}","{""type"": ""city""}"
3868,"{""type"": ""club""}","{""type"": ""club""}"
3869,"{""type"": ""name""}","{""type"": ""name""}"
3870,"{""type"": ""club""}","{""type"": ""club""}"
3871,"{""type"": ""state""}","{""type"": ""state""}"
3872,"{""type"": ""description""}","{""type"": ""description""}"
3873,"{""type"": ""club""}","{""type"": ""club""}"
3874,"{""type"": ""city""}","{""type"": ""city""}"
3875,"{""type"": ""country""}","{""type"": ""country""}"
3876,"{""type"": ""country""}","{""type"": ""country""}"
3877,"{""type"": ""country""}","{""type"": ""country""}"
3878,"{""type"": ""country""}","{""type"": ""country""}"
3879,"{""type"": ""country""}","{""type"": ""country""}"
3880,"{""type"": ""city""}","{""type"": ""city""}"
3881,"{""type"": ""city""}","{""type"": ""city""}"
3882,"{""type"": ""city""}","{""type"": ""city""}"
3883,"{""type"": ""city""}","{""type"": ""city""}"
3884,"{""type"": ""city""}","{""type"": ""city""}"
3885,"{""type"": ""name""}","{""type"": ""name""}"
3886,"{""type"": ""city""}","{""type"": ""city""}"
3887,"{""type"": ""city""}","{""type"": ""city""}"
3888,"{""type"": ""city""}","{""type"": ""city""}"
3889,"{""type"": ""city""}","{""type"": ""city""}"
3890,"{""type"": ""city""}","{""type"": ""city""}"
3891,"{""type"": ""code""}","{""type"": ""code""}"
3892,"{""type"": ""year""}","{""type"": ""year""}"
3893,"{""type"": ""status""}","{""type"": ""status""}"
3894,"{""type"": ""code""}","{""type"": ""code""}"
3895,"{""type"": ""club""}","{""type"": ""club""}"
3896,"{""type"": ""team""}","{""type"": ""team""}"
3897,"{""type"": ""year""}","{""type"": ""year""}"
3898,"{""type"": ""sex""}","{""type"": ""sex""}"
3899,"{""type"": ""description""}","{""type"": ""description""}"
3900,"{""type"": ""description""}","{""type"": ""description""}"
3901,"{""type"": ""description""}","{""type"": ""description""}"
3902,"{""type"": ""description""}","{""type"": ""description""}"
3903,"{""type"": ""description""}","{""type"": ""description""}"
3904,"{""type"": ""code""}","{""type"": ""code""}"
3905,"{""type"": ""artist""}","{""type"": ""artist""}"
3906,"{""type"": ""description""}","{""type"": ""description""}"
3907,"{""type"": ""name""}","{""type"": ""name""}"
3908,"{""type"": ""name""}","{""type"": ""name""}"
3909,"{""type"": ""name""}","{""type"": ""name""}"
3910,"{""type"": ""name""}","{""type"": ""name""}"
3911,"{""type"": ""name""}","{""type"": ""name""}"
3912,"{""type"": ""status""}","{""type"": ""status""}"
3913,"{""type"": ""year""}","{""type"": ""year""}"
3914,"{""type"": ""age""}","{""type"": ""age""}"
3915,"{""type"": ""company""}","{""type"": ""company""}"
3916,"{""type"": ""year""}","{""type"": ""year""}"
3917,"{""type"": ""symbol""}","{""type"": ""symbol""}"
3918,"{""type"": ""name""}","{""type"": ""name""}"
3919,"{""type"": ""team""}","{""type"": ""team""}"
3920,"{""type"": ""symbol""}","{""type"": ""symbol""}"
3921,"{""type"": ""rank""}","{""type"": ""rank""}"
3922,"{""type"": ""age""}","{""type"": ""age""}"
3923,"{""type"": ""name""}","{""type"": ""name""}"
3924,"{""type"": ""name""}","{""type"": ""name""}"
3925,"{""type"": ""name""}","{""type"": ""name""}"
3926,"{""type"": ""name""}","{""type"": ""name""}"
3927,"{""type"": ""name""}","{""type"": ""name""}"
3928,"{""type"": ""description""}","{""type"": ""description""}"
3929,"{""type"": ""rank""}","{""type"": ""rank""}"
3930,"{""type"": ""type""}","{""type"": ""type""}"
3931,"{""type"": ""description""}","{""type"": ""description""}"
3932,"{""type"": ""notes""}","{""type"": ""notes""}"
3933,"{""type"": ""notes""}","{""type"": ""notes""}"
3934,"{""type"": ""notes""}","{""type"": ""notes""}"
3935,"{""type"": ""notes""}","{""type"": ""notes""}"
3936,"{""type"": ""notes""}","{""type"": ""notes""}"
3937,"{""type"": ""team""}","{""type"": ""team""}"
3938,"{""type"": ""team""}","{""type"": ""team""}"
3939,"{""type"": ""status""}","{""type"": ""status""}"
3940,"{""type"": ""company""}","{""type"": ""company""}"
3941,"{""type"": ""city""}","{""type"": ""city""}"
3942,"{""type"": ""city""}","{""type"": ""city""}"
3943,"{""type"": ""city""}","{""type"": ""city""}"
3944,"{""type"": ""city""}","{""type"": ""city""}"
3945,"{""type"": ""city""}","{""type"": ""city""}"
3946,"{""type"": ""album""}","{""type"": ""album""}"
3947,"{""type"": ""weight""}","{""type"": ""weight""}"
3948,"{""type"": ""code""}","{""type"": ""code""}"
3949,"{""type"": ""name""}","{""type"": ""name""}"
3950,"{""type"": ""name""}","{""type"": ""name""}"
3951,"{""type"": ""state""}","{""type"": ""state""}"
3952,"{""type"": ""name""}","{""type"": ""name""}"
3953,"{""type"": ""position""}","{""type"": ""position""}"
3954,"{""type"": ""team""}","{""type"": ""team""}"
3955,"{""type"": ""name""}","{""type"": ""name""}"
3956,"{""type"": ""class""}","{""type"": ""class""}"
3957,"{""type"": ""year""}","{""type"": ""year""}"
3958,"{""type"": ""name""}","{""type"": ""name""}"
3959,"{""type"": ""location""}","{""type"": ""city""}"
3960,"{""type"": ""album""}","{""type"": ""album""}"
3961,"{""type"": ""description""}","{""type"": ""description""}"
3962,"{""type"": ""location""}","{""type"": ""location""}"
3963,"{""type"": ""weight""}","{""type"": ""weight""}"
3964,"{""type"": ""rank""}","{""type"": ""rank""}"
3965,"{""type"": ""artist""}","{""type"": ""artist""}"
3966,"{""type"": ""team""}","{""type"": ""team""}"
3967,"{""type"": ""type""}","{""type"": ""type""}"
3968,"{""type"": ""artist""}","{""type"": ""artist""}"
3969,"{""type"": ""description""}","{""type"": ""description""}"
3970,"{""type"": ""rank""}","{""type"": ""rank""}"
3971,"{""type"": ""type""}","{""type"": ""description""}"
3972,"{""type"": ""type""}","{""type"": ""description""}"
3973,"{""type"": ""type""}","{""type"": ""description""}"
3974,"{""type"": ""type""}","{""type"": ""description""}"
3975,"{""type"": ""type""}","{""type"": ""description""}"
3976,"{""type"": ""position""}","{""type"": ""position""}"
3977,"{""type"": ""type""}","{""type"": ""type""}"
3978,"{""type"": ""rank""}","{""type"": ""rank""}"
3979,"{""type"": ""duration""}","{""type"": ""duration""}"
3980,"{""type"": ""type""}","{""type"": ""type""}"
3981,"{""type"": ""team""}","{""type"": ""team""}"
3982,"{""type"": ""status""}","{""type"": ""status""}"
3983,"{""type"": ""description""}","{""type"": ""description""}"
3984,"{""type"": ""country""}","{""type"": ""country""}"
3985,"{""type"": ""team""}","{""type"": ""team""}"
3986,"{""type"": ""description""}","{""type"": ""description""}"
3987,"{""type"": ""result""}","{""type"": ""result""}"
3988,"{""type"": ""class""}","{""type"": ""class""}"
3989,"{""type"": ""team""}","{""type"": ""team""}"
3990,"{""type"": ""age""}","{""type"": ""age""}"
3991,"{""type"": ""state""}","{""type"": ""state""}"
3992,"{""type"": ""status""}","{""type"": ""status""}"
3993,"{""type"": ""status""}","{""type"": ""status""}"
3994,"{""type"": ""company""}","{""type"": ""company""}"
3995,"{""type"": ""category""}","{""type"": ""category""}"
3996,"{""type"": ""artist""}","{""type"": ""artist""}"
3997,"{""type"": ""state""}","{""type"": ""state""}"
3998,"{""type"": ""code""}","{""type"": ""code""}"
3999,"{""type"": ""code""}","{""type"": ""code""}"
4000,"{""type"": ""description""}","{""type"": ""description""}"
4001,"{""type"": ""code""}","{""type"": ""code""}"
4002,"{""type"": ""age""}","{""type"": ""age""}"
4003,"{""type"": ""year""}","{""type"": ""year""}"
4004,"{""type"": ""name""}","{""type"": ""name""}"
4005,"{""type"": ""age""}","{""type"": ""age""}"
4006,"{""type"": ""country""}","{""type"": ""nationality""}"
4007,"{""type"": ""club""}","{""type"": ""club""}"
4008,"{""type"": ""artist""}","{""type"": ""artist""}"
4009,"{""type"": ""state""}","{""type"": ""state""}"
4010,"{""type"": ""club""}","{""type"": ""club""}"
4011,"{""type"": ""description""}","{""type"": ""description""}"
4012,"{""type"": ""company""}","{""type"": ""company""}"
4013,"{""type"": ""status""}","{""type"": ""status""}"
4014,"{""type"": ""artist""}","{""type"": ""artist""}"
4015,"{""type"": ""city""}","{""type"": ""city""}"
4016,"{""type"": ""weight""}","{""type"": ""weight""}"
4017,"{""type"": ""class""}","{""type"": ""class""}"
4018,"{""type"": ""position""}","{""type"": ""position""}"
4019,"{""type"": ""rank""}","{""type"": ""rank""}"
4020,"{""type"": ""club""}","{""type"": ""club""}"
4021,"{""type"": ""notes""}","{""type"": ""notes""}"
4022,"{""type"": ""rank""}","{""type"": ""rank""}"
4023,"{""type"": ""description""}","{""type"": ""description""}"
4024,"{""type"": ""sex""}","{""type"": ""gender""}"
4025,"{""type"": ""sex""}","{""type"": ""sex""}"
4026,"{""type"": ""sex""}","{""type"": ""gender""}"
4027,"{""type"": ""sex""}","{""type"": ""gender""}"
4028,"{""type"": ""sex""}","{""type"": ""gender""}"
4029,"{""type"": ""isbn""}","{""type"": ""isbn""}"
4030,"{""type"": ""year""}","{""type"": ""year""}"
4031,"{""type"": ""album""}","{""type"": ""album""}"
4032,"{""type"": ""artist""}","{""type"": ""artist""}"
4033,"{""type"": ""name""}","{""type"": ""name""}"
4034,"{""type"": ""rank""}","{""type"": ""rank""}"
4035,"{""type"": ""age""}","{""type"": ""age""}"
4036,"{""type"": ""product""}","{""type"": ""product""}"
4037,"{""type"": ""description""}","{""type"": ""description""}"
4038,"{""type"": ""description""}","{""type"": ""description""}"
4039,"{""type"": ""description""}","{""type"": ""description""}"
4040,"{""type"": ""duration""}","{""type"": ""duration""}"
4041,"{""type"": ""year""}","{""type"": ""year""}"
4042,"{""type"": ""age""}","{""type"": ""age""}"
4043,"{""type"": ""team""}","{""type"": ""team""}"
4044,"{""type"": ""year""}","{""type"": ""year""}"
4045,"{""type"": ""code""}","{""type"": ""code""}"
4046,"{""type"": ""year""}","{""type"": ""year""}"
4047,"{""type"": ""company""}","{""type"": ""company""}"
4048,"{""type"": ""state""}","{""type"": ""state""}"
4049,"{""type"": ""year""}","{""type"": ""year""}"
4050,"{""type"": ""code""}","{""type"": ""code""}"
4051,"{""type"": ""team""}","{""type"": ""team""}"
4052,"{""type"": ""city""}","{""type"": ""city""}"
4053,"{""type"": ""city""}","{""type"": ""city""}"
4054,"{""type"": ""city""}","{""type"": ""city""}"
4055,"{""type"": ""city""}","{""type"": ""city""}"
4056,"{""type"": ""city""}","{""type"": ""city""}"
4057,"{""type"": ""club""}","{""type"": ""club""}"
4058,"{""type"": ""location""}","{""type"": ""location""}"
4059,"{""type"": ""description""}","{""type"": ""description""}"
4060,"{""type"": ""description""}","{""type"": ""description""}"
4061,"{""type"": ""description""}","{""type"": ""description""}"
4062,"{""type"": ""description""}","{""type"": ""description""}"
4063,"{""type"": ""description""}","{""type"": ""description""}"
4064,"{""type"": ""status""}","{""type"": ""status""}"
4065,"{""type"": ""age""}","{""type"": ""age""}"
4066,"{""type"": ""class""}","{""type"": ""class""}"
4067,"{""type"": ""location""}","{""type"": ""location""}"
4068,"{""type"": ""age""}","{""type"": ""age""}"
4069,"{""type"": ""status""}","{""type"": ""status""}"
4070,"{""type"": ""state""}","{""type"": ""state""}"
4071,"{""type"": ""age""}","{""type"": ""age""}"
4072,"{""type"": ""year""}","{""type"": ""year""}"
4073,"{""type"": ""weight""}","{""type"": ""weight""}"
4074,"{""type"": ""name""}","{""type"": ""name""}"
4075,"{""type"": ""name""}","{""type"": ""name""}"
4076,"{""type"": ""notes""}","{""type"": ""notes""}"
4077,"{""type"": ""age""}","{""type"": ""age""}"
4078,"{""type"": ""album""}","{""type"": ""album""}"
4079,"{""type"": ""symbol""}","{""type"": ""symbol""}"
4080,"{""type"": ""name""}","{""type"": ""city""}"
4081,"{""type"": ""location""}","{""type"": ""location""}"
4082,"{""type"": ""description""}","{""type"": ""description""}"
4083,"{""type"": ""weight""}","{""type"": ""weight""}"
4084,"{""type"": ""status""}","{""type"": ""status""}"
4085,"{""type"": ""state""}","{""type"": ""state""}"
4086,"{""type"": ""state""}","{""type"": ""state""}"
4087,"{""type"": ""state""}","{""type"": ""state""}"
4088,"{""type"": ""state""}","{""type"": ""state""}"
4089,"{""type"": ""state""}","{""type"": ""state""}"
4090,"{""type"": ""team""}","{""type"": ""country""}"
4091,"{""type"": ""year""}","{""type"": ""year""}"
4092,"{""type"": ""year""}","{""type"": ""year""}"
4093,"{""type"": ""year""}","{""type"": ""year""}"
4094,"{""type"": ""year""}","{""type"": ""year""}"
4095,"{""type"": ""year""}","{""type"": ""year""}"
4096,"{""type"": ""team""}","{""type"": ""team""}"
4097,"{""type"": ""description""}","{""type"": ""description""}"
4098,"{""type"": ""weight""}","{""type"": ""weight""}"
4099,"{""type"": ""year""}","{""type"": ""year""}"
4100,"{""type"": ""state""}","{""type"": ""state""}"
4101,"{""type"": ""status""}","{""type"": ""status""}"
4102,"{""type"": ""city""}","{""type"": ""city""}"
4103,"{""type"": ""city""}","{""type"": ""city""}"
4104,"{""type"": ""city""}","{""type"": ""city""}"
4105,"{""type"": ""city""}","{""type"": ""location""}"
4106,"{""type"": ""city""}","{""type"": ""city""}"
4107,"{""type"": ""weight""}","{""type"": ""weight""}"
4108,"{""type"": ""team""}","{""type"": ""team""}"
4109,"{""type"": ""city""}","{""type"": ""city""}"
4110,"{""type"": ""component""}","{""type"": ""component""}"
4111,"{""type"": ""position""}","{""type"": ""position""}"
4112,"{""type"": ""age""}","{""type"": ""age""}"
4113,"{""type"": ""name""}","{""type"": ""name""}"
4114,"{""type"": ""description""}","{""type"": ""description""}"
4115,"{""type"": ""address""}","{""type"": ""location""}"
4116,"{""type"": ""status""}","{""type"": ""status""}"
4117,"{""type"": ""age""}","{""type"": ""age""}"
4118,"{""type"": ""name""}","{""type"": ""name""}"
4119,"{""type"": ""duration""}","{""type"": ""duration""}"
4120,"{""type"": ""product""}","{""type"": ""type""}"
4121,"{""type"": ""name""}","{""type"": ""name""}"
4122,"{""type"": ""type""}","{""type"": ""type""}"
4123,"{""type"": ""credit""}","{""type"": ""position""}"
4124,"{""type"": ""team""}","{""type"": ""team""}"
4125,"{""type"": ""name""}","{""type"": ""name""}"
4126,"{""type"": ""club""}","{""type"": ""club""}"
4127,"{""type"": ""duration""}","{""type"": ""duration""}"
4128,"{""type"": ""class""}","{""type"": ""class""}"
4129,"{""type"": ""name""}","{""type"": ""name""}"
4130,"{""type"": ""age""}","{""type"": ""age""}"
4131,"{""type"": ""club""}","{""type"": ""club""}"
4132,"{""type"": ""city""}","{""type"": ""city""}"
4133,"{""type"": ""type""}","{""type"": ""type""}"
4134,"{""type"": ""type""}","{""type"": ""type""}"
4135,"{""type"": ""type""}","{""type"": ""type""}"
4136,"{""type"": ""type""}","{""type"": ""type""}"
4137,"{""type"": ""type""}","{""type"": ""type""}"
4138,"{""type"": ""age""}","{""type"": ""age""}"
4139,"{""type"": ""state""}","{""type"": ""state""}"
4140,"{""type"": ""state""}","{""type"": ""state""}"
4141,"{""type"": ""state""}","{""type"": ""state""}"
4142,"{""type"": ""state""}","{""type"": ""state""}"
4143,"{""type"": ""state""}","{""type"": ""state""}"
4144,"{""type"": ""name""}","{""type"": ""name""}"
4145,"{""type"": ""rank""}","{""type"": ""rank""}"
4146,"{""type"": ""name""}","{""type"": ""name""}"
4147,"{""type"": ""club""}","{""type"": ""club""}"
4148,"{""type"": ""artist""}","{""type"": ""artist""}"
4149,"{""type"": ""name""}","{""type"": ""name""}"
4150,"{""type"": ""year""}","{""type"": ""year""}"
4151,"{""type"": ""type""}","{""type"": ""type""}"
4152,"{""type"": ""grades""}","{""type"": ""grades""}"
4153,"{""type"": ""rank""}","{""type"": ""age""}"
4154,"{""type"": ""weight""}","{""type"": ""weight""}"
4155,"{""type"": ""age""}","{""type"": ""age""}"
4156,"{""type"": ""teamname""}","{""type"": ""teamname""}"
4157,"{""type"": ""age""}","{""type"": ""age""}"
4158,"{""type"": ""symbol""}","{""type"": ""symbol""}"
4159,"{""type"": ""club""}","{""type"": ""club""}"
4160,"{""type"": ""age""}","{""type"": ""age""}"
4161,"{""type"": ""status""}","{""type"": ""status""}"
4162,"{""type"": ""description""}","{""type"": ""description""}"
4163,"{""type"": ""rank""}","{""type"": ""age""}"
4164,"{""type"": ""gender""}","{""type"": ""gender""}"
4165,"{""type"": ""name""}","{""type"": ""name""}"
4166,"{""type"": ""description""}","{""type"": ""description""}"
4167,"{""type"": ""year""}","{""type"": ""year""}"
4168,"{""type"": ""category""}","{""type"": ""category""}"
4169,"{""type"": ""state""}","{""type"": ""state""}"
4170,"{""type"": ""address""}","{""type"": ""address""}"
4171,"{""type"": ""team""}","{""type"": ""team""}"
4172,"{""type"": ""weight""}","{""type"": ""weight""}"
4173,"{""type"": ""name""}","{""type"": ""name""}"
4174,"{""type"": ""name""}","{""type"": ""name""}"
4175,"{""type"": ""code""}","{""type"": ""component""}"
4176,"{""type"": ""status""}","{""type"": ""status""}"
4177,"{""type"": ""rank""}","{""type"": ""rank""}"
4178,"{""type"": ""state""}","{""type"": ""state""}"
4179,"{""type"": ""city""}","{""type"": ""city""}"
4180,"{""type"": ""name""}","{""type"": ""name""}"
4181,"{""type"": ""year""}","{""type"": ""year""}"
4182,"{""type"": ""teamname""}","{""type"": ""teamname""}"
4183,"{""type"": ""year""}","{""type"": ""year""}"
4184,"{""type"": ""species""}","{""type"": ""type""}"
4185,"{""type"": ""name""}","{""type"": ""name""}"
4186,"{""type"": ""weight""}","{""type"": ""weight""}"
4187,"{""type"": ""description""}","{""type"": ""description""}"
4188,"{""type"": ""description""}","{""type"": ""description""}"
4189,"{""type"": ""weight""}","{""type"": ""weight""}"
4190,"{""type"": ""affiliate""}","{""type"": ""name""}"
4191,"{""type"": ""description""}","{""type"": ""description""}"
4192,"{""type"": ""age""}","{""type"": ""age""}"
4193,"{""type"": ""country""}","{""type"": ""country""}"
4194,"{""type"": ""name""}","{""type"": ""name""}"
4195,"{""type"": ""age""}","{""type"": ""age""}"
4196,"{""type"": ""weight""}","{""type"": ""weight""}"
4197,"{""type"": ""name""}","{""type"": ""name""}"
4198,"{""type"": ""type""}","{""type"": ""type""}"
4199,"{""type"": ""team""}","{""type"": ""team""}"
4200,"{""type"": ""age""}","{""type"": ""age""}"
4201,"{""type"": ""description""}","{""type"": ""description""}"
4202,"{""type"": ""plays""}","{""type"": ""plays""}"
4203,"{""type"": ""name""}","{""type"": ""name""}"
4204,"{""type"": ""result""}","{""type"": ""result""}"
4205,"{""type"": ""city""}","{""type"": ""county""}"
4206,"{""type"": ""class""}","{""type"": ""class""}"
4207,"{""type"": ""type""}","{""type"": ""type""}"
4208,"{""type"": ""club""}","{""type"": ""club""}"
4209,"{""type"": ""weight""}","{""type"": ""weight""}"
4210,"{""type"": ""age""}","{""type"": ""age""}"
4211,"{""type"": ""team""}","{""type"": ""team""}"
4212,"{""type"": ""service""}","{""type"": ""category""}"
4213,"{""type"": ""city""}","{""type"": ""city""}"
4214,"{""type"": ""description""}","{""type"": ""description""}"
4215,"{""type"": ""name""}","{""type"": ""name""}"
4216,"{""type"": ""name""}","{""type"": ""name""}"
4217,"{""type"": ""name""}","{""type"": ""name""}"
4218,"{""type"": ""name""}","{""type"": ""name""}"
4219,"{""type"": ""name""}","{""type"": ""name""}"
4220,"{""type"": ""address""}","{""type"": ""address""}"
4221,"{""type"": ""weight""}","{""type"": ""weight""}"
4222,"{""type"": ""name""}","{""type"": ""name""}"
4223,"{""type"": ""name""}","{""type"": ""name""}"
4224,"{""type"": ""name""}","{""type"": ""name""}"
4225,"{""type"": ""name""}","{""type"": ""name""}"
4226,"{""type"": ""name""}","{""type"": ""name""}"
4227,"{""type"": ""album""}","{""type"": ""album""}"
4228,"{""type"": ""state""}","{""type"": ""state""}"
4229,"{""type"": ""weight""}","{""type"": ""weight""}"
4230,"{""type"": ""name""}","{""type"": ""name""}"
4231,"{""type"": ""album""}","{""type"": ""album""}"
4232,"{""type"": ""code""}","{""type"": ""code""}"
4233,"{""type"": ""region""}","{""type"": ""region""}"
4234,"{""type"": ""artist""}","{""type"": ""description""}"
4235,"{""type"": ""rank""}","{""type"": ""rank""}"
4236,"{""type"": ""rank""}","{""type"": ""rank""}"
4237,"{""type"": ""rank""}","{""type"": ""rank""}"
4238,"{""type"": ""rank""}","{""type"": ""rank""}"
4239,"{""type"": ""rank""}","{""type"": ""rank""}"
4240,"{""type"": ""type""}","{""type"": ""type""}"
4241,"{""type"": ""status""}","{""type"": ""status""}"
4242,"{""type"": ""city""}","{""type"": ""city""}"
4243,"{""type"": ""result""}","{""type"": ""result""}"
4244,"{""type"": ""country""}","{""type"": ""nationality""}"
4245,"{""type"": ""state""}","{""type"": ""state""}"
4246,"{""type"": ""type""}","{""type"": ""type""}"
4247,"{""type"": ""description""}","{""type"": ""description""}"
4248,"{""type"": ""result""}","{""type"": ""result""}"
4249,"{""type"": ""description""}","{""type"": ""name""}"
4250,"{""type"": ""description""}","{""type"": ""description""}"
4251,"{""type"": ""location""}","{""type"": ""location""}"
4252,"{""type"": ""year""}","{""type"": ""year""}"
4253,"{""type"": ""symbol""}","{""type"": ""symbol""}"
4254,"{""type"": ""name""}","{""type"": ""name""}"
4255,"{""type"": ""age""}","{""type"": ""age""}"
4256,"{""type"": ""name""}","{""type"": ""name""}"
4257,"{""type"": ""weight""}","{""type"": ""weight""}"
4258,"{""type"": ""gender""}","{""type"": ""gender""}"
4259,"{""type"": ""country""}","{""type"": ""nationality""}"
4260,"{""type"": ""result""}","{""type"": ""result""}"
4261,"{""type"": ""symbol""}","{""type"": ""symbol""}"
4262,"{""type"": ""rank""}","{""type"": ""rank""}"
4263,"{""type"": ""birthdate""}","{""type"": ""birthdate""}"
4264,"{""type"": ""type""}","{""type"": ""type""}"
4265,"{""type"": ""city""}","{""type"": ""city""}"
4266,"{""type"": ""city""}","{""type"": ""city""}"
4267,"{""type"": ""city""}","{""type"": ""city""}"
4268,"{""type"": ""city""}","{""type"": ""city""}"
4269,"{""type"": ""city""}","{""type"": ""city""}"
4270,"{""type"": ""city""}","{""type"": ""city""}"
4271,"{""type"": ""type""}","{""type"": ""type""}"
4272,"{""type"": ""album""}","{""type"": ""album""}"
4273,"{""type"": ""team""}","{""type"": ""team""}"
4274,"{""type"": ""status""}","{""type"": ""status""}"
4275,"{""type"": ""name""}","{""type"": ""name""}"
4276,"{""type"": ""day""}","{""type"": ""day""}"
4277,"{""type"": ""city""}","{""type"": ""city""}"
4278,"{""type"": ""city""}","{""type"": ""city""}"
4279,"{""type"": ""club""}","{""type"": ""club""}"
4280,"{""type"": ""location""}","{""type"": ""location""}"
4281,"{""type"": ""name""}","{""type"": ""name""}"
4282,"{""type"": ""description""}","{""type"": ""description""}"
4283,"{""type"": ""type""}","{""type"": ""type""}"
4284,"{""type"": ""gender""}","{""type"": ""gender""}"
4285,"{""type"": ""city""}","{""type"": ""city""}"
4286,"{""type"": ""location""}","{""type"": ""location""}"
4287,"{""type"": ""credit""}","{""type"": ""name""}"
4288,"{""type"": ""name""}","{""type"": ""name""}"
4289,"{""type"": ""name""}","{""type"": ""name""}"
4290,"{""type"": ""rank""}","{""type"": ""rank""}"
4291,"{""type"": ""description""}","{""type"": ""description""}"
4292,"{""type"": ""type""}","{""type"": ""type""}"
4293,"{""type"": ""country""}","{""type"": ""country""}"
4294,"{""type"": ""country""}","{""type"": ""country""}"
4295,"{""type"": ""country""}","{""type"": ""country""}"
4296,"{""type"": ""country""}","{""type"": ""country""}"
4297,"{""type"": ""country""}","{""type"": ""country""}"
4298,"{""type"": ""weight""}","{""type"": ""weight""}"
4299,"{""type"": ""notes""}","{""type"": ""location""}"
4300,"{""type"": ""description""}","{""type"": ""description""}"
4301,"{""type"": ""team""}","{""type"": ""team""}"
4302,"{""type"": ""description""}","{""type"": ""description""}"
4303,"{""type"": ""description""}","{""type"": ""description""}"
4304,"{""type"": ""team""}","{""type"": ""team""}"
4305,"{""type"": ""age""}","{""type"": ""age""}"
4306,"{""type"": ""weight""}","{""type"": ""weight""}"
4307,"{""type"": ""description""}","{""type"": ""description""}"
4308,"{""type"": ""state""}","{""type"": ""state""}"
4309,"{""type"": ""city""}","{""type"": ""city""}"
4310,"{""type"": ""description""}","{""type"": ""description""}"
4311,"{""type"": ""weight""}","{""type"": ""weight""}"
4312,"{""type"": ""component""}","{""type"": ""component""}"
4313,"{""type"": ""location""}","{""type"": ""location""}"
4314,"{""type"": ""description""}","{""type"": ""description""}"
4315,"{""type"": ""year""}","{""type"": ""year""}"
4316,"{""type"": ""year""}","{""type"": ""year""}"
4317,"{""type"": ""notes""}","{""type"": ""notes""}"
4318,"{""type"": ""description""}","{""type"": ""description""}"
4319,"{""type"": ""city""}","{""type"": ""city""}"
4320,"{""type"": ""city""}","{""type"": ""city""}"
4321,"{""type"": ""city""}","{""type"": ""city""}"
4322,"{""type"": ""city""}","{""type"": ""city""}"
4323,"{""type"": ""city""}","{""type"": ""city""}"
4324,"{""type"": ""name""}","{""type"": ""name""}"
4325,"{""type"": ""rank""}","{""type"": ""rank""}"
4326,"{""type"": ""team""}","{""type"": ""team""}"
4327,"{""type"": ""club""}","{""type"": ""club""}"
4328,"{""type"": ""name""}","{""type"": ""name""}"
4329,"{""type"": ""name""}","{""type"": ""name""}"
4330,"{""type"": ""species""}","{""type"": ""name""}"
4331,"{""type"": ""species""}","{""type"": ""name""}"
4332,"{""type"": ""species""}","{""type"": ""name""}"
4333,"{""type"": ""species""}","{""type"": ""name""}"
4334,"{""type"": ""species""}","{""type"": ""name""}"
4335,"{""type"": ""album""}","{""type"": ""album""}"
4336,"{""type"": ""description""}","{""type"": ""description""}"
4337,"{""type"": ""description""}","{""type"": ""description""}"
4338,"{""type"": ""location""}","{""type"": ""location""}"
4339,"{""type"": ""age""}","{""type"": ""age""}"
4340,"{""type"": ""name""}","{""type"": ""name""}"
4341,"{""type"": ""state""}","{""type"": ""state""}"
4342,"{""type"": ""year""}","{""type"": ""year""}"
4343,"{""type"": ""company""}","{""type"": ""company""}"
4344,"{""type"": ""album""}","{""type"": ""name""}"
4345,"{""type"": ""name""}","{""type"": ""description""}"
4346,"{""type"": ""area""}","{""type"": ""sales""}"
4347,"{""type"": ""weight""}","{""type"": ""weight""}"
4348,"{""type"": ""rank""}","{""type"": ""rank""}"
4349,"{""type"": ""age""}","{""type"": ""age""}"
4350,"{""type"": ""type""}","{""type"": ""gender""}"
4351,"{""type"": ""status""}","{""type"": ""status""}"
4352,"{""type"": ""rank""}","{""type"": ""rank""}"
4353,"{""type"": ""state""}","{""type"": ""state""}"
4354,"{""type"": ""description""}","{""type"": ""description""}"
4355,"{""type"": ""type""}","{""type"": ""type""}"
4356,"{""type"": ""name""}","{""type"": ""name""}"
4357,"{""type"": ""status""}","{""type"": ""status""}"
4358,"{""type"": ""status""}","{""type"": ""status""}"
4359,"{""type"": ""description""}","{""type"": ""description""}"
4360,"{""type"": ""location""}","{""type"": ""location""}"
4361,"{""type"": ""category""}","{""type"": ""category""}"
4362,"{""type"": ""year""}","{""type"": ""year""}"
4363,"{""type"": ""weight""}","{""type"": ""weight""}"
4364,"{""type"": ""club""}","{""type"": ""club""}"
4365,"{""type"": ""state""}","{""type"": ""state""}"
4366,"{""type"": ""category""}","{""type"": ""category""}"
4367,"{""type"": ""class""}","{""type"": ""class""}"
4368,"{""type"": ""artist""}","{""type"": ""artist""}"
4369,"{""type"": ""city""}","{""type"": ""city""}"
4370,"{""type"": ""city""}","{""type"": ""city""}"
4371,"{""type"": ""rank""}","{""type"": ""rank""}"
4372,"{""type"": ""state""}","{""type"": ""state""}"
4373,"{""type"": ""club""}","{""type"": ""club""}"
4374,"{""type"": ""year""}","{""type"": ""year""}"
4375,"{""type"": ""age""}","{""type"": ""age""}"
4376,"{""type"": ""team""}","{""type"": ""team""}"
4377,"{""type"": ""team""}","{""type"": ""team""}"
4378,"{""type"": ""club""}","{""type"": ""club""}"
4379,"{""type"": ""artist""}","{""type"": ""artist""}"
4380,"{""type"": ""weight""}","{""type"": ""weight""}"
4381,"{""type"": ""category""}","{""type"": ""category""}"
4382,"{""type"": ""category""}","{""type"": ""category""}"
4383,"{""type"": ""category""}","{""type"": ""category""}"
4384,"{""type"": ""category""}","{""type"": ""category""}"
4385,"{""type"": ""category""}","{""type"": ""category""}"
4386,"{""type"": ""age""}","{""type"": ""age""}"
4387,"{""type"": ""artist""}","{""type"": ""artist""}"
4388,"{""type"": ""team""}","{""type"": ""state""}"
4389,"{""type"": ""state""}","{""type"": ""state""}"
4390,"{""type"": ""state""}","{""type"": ""state""}"
4391,"{""type"": ""state""}","{""type"": ""state""}"
4392,"{""type"": ""state""}","{""type"": ""state""}"
4393,"{""type"": ""state""}","{""type"": ""state""}"
4394,"{""type"": ""status""}","{""type"": ""status""}"
4395,"{""type"": ""city""}","{""type"": ""city""}"
4396,"{""type"": ""city""}","{""type"": ""city""}"
4397,"{""type"": ""city""}","{""type"": ""city""}"
4398,"{""type"": ""city""}","{""type"": ""city""}"
4399,"{""type"": ""city""}","{""type"": ""city""}"
4400,"{""type"": ""code""}","{""type"": ""code""}"
4401,"{""type"": ""description""}","{""type"": ""description""}"
4402,"{""type"": ""rank""}","{""type"": ""rank""}"
4403,"{""type"": ""city""}","{""type"": ""city""}"
4404,"{""type"": ""name""}","{""type"": ""name""}"
4405,"{""type"": ""age""}","{""type"": ""age""}"
4406,"{""type"": ""status""}","{""type"": ""status""}"
4407,"{""type"": ""format""}","{""type"": ""format""}"
4408,"{""type"": ""rank""}","{""type"": ""rank""}"
4409,"{""type"": ""city""}","{""type"": ""city""}"
4410,"{""type"": ""location""}","{""type"": ""location""}"
4411,"{""type"": ""name""}","{""type"": ""name""}"
4412,"{""type"": ""city""}","{""type"": ""city""}"
4413,"{""type"": ""age""}","{""type"": ""age""}"
4414,"{""type"": ""gender""}","{""type"": ""gender""}"
4415,"{""type"": ""age""}","{""type"": ""age""}"
4416,"{""type"": ""year""}","{""type"": ""year""}"
4417,"{""type"": ""name""}","{""type"": ""name""}"
4418,"{""type"": ""rank""}","{""type"": ""rank""}"
4419,"{""type"": ""name""}","{""type"": ""name""}"
4420,"{""type"": ""team""}","{""type"": ""team""}"
4421,"{""type"": ""year""}","{""type"": ""year""}"
4422,"{""type"": ""name""}","{""type"": ""name""}"
4423,"{""type"": ""name""}","{""type"": ""name""}"
4424,"{""type"": ""name""}","{""type"": ""name""}"
4425,"{""type"": ""name""}","{""type"": ""name""}"
4426,"{""type"": ""name""}","{""type"": ""name""}"
4427,"{""type"": ""result""}","{""type"": ""result""}"
4428,"{""type"": ""name""}","{""type"": ""name""}"
4429,"{""type"": ""result""}","{""type"": ""result""}"
4430,"{""type"": ""age""}","{""type"": ""age""}"
4431,"{""type"": ""rank""}","{""type"": ""rank""}"
4432,"{""type"": ""state""}","{""type"": ""state""}"
4433,"{""type"": ""publisher""}","{""type"": ""publisher""}"
4434,"{""type"": ""position""}","{""type"": ""position""}"
4435,"{""type"": ""artist""}","{""type"": ""album""}"
4436,"{""type"": ""age""}","{""type"": ""age""}"
4437,"{""type"": ""rank""}","{""type"": ""rank""}"
4438,"{""type"": ""rank""}","{""type"": ""rank""}"
4439,"{""type"": ""rank""}","{""type"": ""rank""}"
4440,"{""type"": ""rank""}","{""type"": ""rank""}"
4441,"{""type"": ""rank""}","{""type"": ""rank""}"
4442,"{""type"": ""status""}","{""type"": ""status""}"
4443,"{""type"": ""name""}","{""type"": ""name""}"
4444,"{""type"": ""country""}","{""type"": ""country""}"
4445,"{""type"": ""state""}","{""type"": ""state""}"
4446,"{""type"": ""code""}","{""type"": ""code""}"
4447,"{""type"": ""age""}","{""type"": ""age""}"
4448,"{""type"": ""age""}","{""type"": ""age""}"
4449,"{""type"": ""age""}","{""type"": ""age""}"
4450,"{""type"": ""age""}","{""type"": ""age""}"
4451,"{""type"": ""age""}","{""type"": ""age""}"
4452,"{""type"": ""age""}","{""type"": ""age""}"
4453,"{""type"": ""city""}","{""type"": ""city""}"
4454,"{""type"": ""company""}","{""type"": ""name""}"
4455,"{""type"": ""name""}","{""type"": ""name""}"
4456,"{""type"": ""description""}","{""type"": ""description""}"
4457,"{""type"": ""name""}","{""type"": ""name""}"
4458,"{""type"": ""state""}","{""type"": ""state""}"
4459,"{""type"": ""description""}","{""type"": ""description""}"
4460,"{""type"": ""symbol""}","{""type"": ""symbol""}"
4461,"{""type"": ""code""}","{""type"": ""code""}"
4462,"{""type"": ""year""}","{""type"": ""year""}"
4463,"{""type"": ""name""}","{""type"": ""name""}"
4464,"{""type"": ""state""}","{""type"": ""state""}"
4465,"{""type"": ""status""}","{""type"": ""status""}"
4466,"{""type"": ""code""}","{""type"": ""code""}"
4467,"{""type"": ""location""}","{""type"": ""city""}"
4468,"{""type"": ""type""}","{""type"": ""type""}"
4469,"{""type"": ""code""}","{""type"": ""code""}"
4470,"{""type"": ""class""}","{""type"": ""class""}"
4471,"{""type"": ""name""}","{""type"": ""name""}"
4472,"{""type"": ""rank""}","{""type"": ""rank""}"
4473,"{""type"": ""team""}","{""type"": ""team""}"
4474,"{""type"": ""rank""}","{""type"": ""rank""}"
4475,"{""type"": ""type""}","{""type"": ""type""}"
4476,"{""type"": ""name""}","{""type"": ""name""}"
4477,"{""type"": ""type""}","{""type"": ""status""}"
4478,"{""type"": ""city""}","{""type"": ""city""}"
4479,"{""type"": ""position""}","{""type"": ""position""}"
4480,"{""type"": ""age""}","{""type"": ""age""}"
4481,"{""type"": ""code""}","{""type"": ""code""}"
4482,"{""type"": ""symbol""}","{""type"": ""symbol""}"
4483,"{""type"": ""state""}","{""type"": ""state""}"
4484,"{""type"": ""state""}","{""type"": ""state""}"
4485,"{""type"": ""state""}","{""type"": ""state""}"
4486,"{""type"": ""state""}","{""type"": ""state""}"
4487,"{""type"": ""state""}","{""type"": ""state""}"
4488,"{""type"": ""weight""}","{""type"": ""weight""}"
4489,"{""type"": ""duration""}","{""type"": ""duration""}"
4490,"{""type"": ""album""}","{""type"": ""album""}"
4491,"{""type"": ""city""}","{""type"": ""city""}"
4492,"{""type"": ""description""}","{""type"": ""description""}"
4493,"{""type"": ""location""}","{""type"": ""location""}"
4494,"{""type"": ""status""}","{""type"": ""status""}"
4495,"{""type"": ""artist""}","{""type"": ""artist""}"
4496,"{""type"": ""age""}","{""type"": ""age""}"
4497,"{""type"": ""rank""}","{""type"": ""rank""}"
4498,"{""type"": ""status""}","{""type"": ""status""}"
4499,"{""type"": ""description""}","{""type"": ""description""}"
4500,"{""type"": ""state""}","{""type"": ""state""}"
4501,"{""type"": ""year""}","{""type"": ""year""}"
4502,"{""type"": ""code""}","{""type"": ""code""}"
4503,"{""type"": ""weight""}","{""type"": ""weight""}"
4504,"{""type"": ""state""}","{""type"": ""state""}"
4505,"{""type"": ""description""}","{""type"": ""description""}"
4506,"{""type"": ""age""}","{""type"": ""age""}"
4507,"{""type"": ""code""}","{""type"": ""code""}"
4508,"{""type"": ""state""}","{""type"": ""state""}"
4509,"{""type"": ""state""}","{""type"": ""state""}"
4510,"{""type"": ""age""}","{""type"": ""age""}"
4511,"{""type"": ""location""}","{""type"": ""location""}"
4512,"{""type"": ""year""}","{""type"": ""year""}"
4513,"{""type"": ""name""}","{""type"": ""name""}"
4514,"{""type"": ""city""}","{""type"": ""city""}"
4515,"{""type"": ""description""}","{""type"": ""description""}"
4516,"{""type"": ""team""}","{""type"": ""team""}"
4517,"{""type"": ""age""}","{""type"": ""age""}"
4518,"{""type"": ""code""}","{""type"": ""code""}"
4519,"{""type"": ""rank""}","{""type"": ""rank""}"
4520,"{""type"": ""location""}","{""type"": ""location""}"
4521,"{""type"": ""type""}","{""type"": ""type""}"
4522,"{""type"": ""name""}","{""type"": ""company""}"
4523,"{""type"": ""category""}","{""type"": ""category""}"
4524,"{""type"": ""state""}","{""type"": ""state""}"
4525,"{""type"": ""state""}","{""type"": ""state""}"
4526,"{""type"": ""state""}","{""type"": ""state""}"
4527,"{""type"": ""state""}","{""type"": ""state""}"
4528,"{""type"": ""state""}","{""type"": ""state""}"
4529,"{""type"": ""location""}","{""type"": ""location""}"
4530,"{""type"": ""location""}","{""type"": ""location""}"
4531,"{""type"": ""status""}","{""type"": ""status""}"
4532,"{""type"": ""weight""}","{""type"": ""weight""}"
4533,"{""type"": ""country""}","{""type"": ""country""}"
4534,"{""type"": ""component""}","{""type"": ""component""}"
4535,"{""type"": ""name""}","{""type"": ""name""}"
4536,"{""type"": ""city""}","{""type"": ""city""}"
4537,"{""type"": ""artist""}","{""type"": ""artist""}"
4538,"{""type"": ""manufacturer""}","{""type"": ""manufacturer""}"
4539,"{""type"": ""location""}","{""type"": ""location""}"
4540,"{""type"": ""name""}","{""type"": ""name""}"
4541,"{""type"": ""city""}","{""type"": ""city""}"
4542,"{""type"": ""elevation""}","{""type"": ""elevation""}"
4543,"{""type"": ""country""}","{""type"": ""country""}"
4544,"{""type"": ""country""}","{""type"": ""country""}"
4545,"{""type"": ""country""}","{""type"": ""country""}"
4546,"{""type"": ""country""}","{""type"": ""country""}"
4547,"{""type"": ""country""}","{""type"": ""country""}"
4548,"{""type"": ""category""}","{""type"": ""category""}"
4549,"{""type"": ""city""}","{""type"": ""city""}"
4550,"{""type"": ""description""}","{""type"": ""description""}"
4551,"{""type"": ""age""}","{""type"": ""age""}"
4552,"{""type"": ""year""}","{""type"": ""year""}"
4553,"{""type"": ""club""}","{""type"": ""club""}"
4554,"{""type"": ""year""}","{""type"": ""year""}"
4555,"{""type"": ""year""}","{""type"": ""year""}"
4556,"{""type"": ""team""}","{""type"": ""team""}"
4557,"{""type"": ""gender""}","{""type"": ""gender""}"
4558,"{""type"": ""type""}","{""type"": ""type""}"
4559,"{""type"": ""type""}","{""type"": ""type""}"
4560,"{""type"": ""type""}","{""type"": ""type""}"
4561,"{""type"": ""type""}","{""type"": ""type""}"
4562,"{""type"": ""type""}","{""type"": ""type""}"
4563,"{""type"": ""team""}","{""type"": ""team""}"
4564,"{""type"": ""team""}","{""type"": ""team""}"
4565,"{""type"": ""team""}","{""type"": ""team""}"
4566,"{""type"": ""name""}","{""type"": ""city""}"
4567,"{""type"": ""rank""}","{""type"": ""rank""}"
4568,"{""type"": ""category""}","{""type"": ""category""}"
4569,"{""type"": ""description""}","{""type"": ""description""}"
4570,"{""type"": ""description""}","{""type"": ""description""}"
4571,"{""type"": ""format""}","{""type"": ""format""}"
4572,"{""type"": ""rank""}","{""type"": ""rank""}"
4573,"{""type"": ""name""}","{""type"": ""name""}"
4574,"{""type"": ""city""}","{""type"": ""city""}"
4575,"{""type"": ""city""}","{""type"": ""city""}"
4576,"{""type"": ""rank""}","{""type"": ""rank""}"
4577,"{""type"": ""description""}","{""type"": ""description""}"
4578,"{""type"": ""name""}","{""type"": ""name""}"
4579,"{""type"": ""name""}","{""type"": ""name""}"
4580,"{""type"": ""location""}","{""type"": ""location""}"
4581,"{""type"": ""location""}","{""type"": ""location""}"
4582,"{""type"": ""name""}","{""type"": ""name""}"
4583,"{""type"": ""location""}","{""type"": ""location""}"
4584,"{""type"": ""state""}","{""type"": ""state""}"
4585,"{""type"": ""state""}","{""type"": ""state""}"
4586,"{""type"": ""state""}","{""type"": ""state""}"
4587,"{""type"": ""state""}","{""type"": ""state""}"
4588,"{""type"": ""state""}","{""type"": ""state""}"
4589,"{""type"": ""state""}","{""type"": ""state""}"
4590,"{""type"": ""code""}","{""type"": ""code""}"
4591,"{""type"": ""rank""}","{""type"": ""rank""}"
4592,"{""type"": ""rank""}","{""type"": ""year""}"
4593,"{""type"": ""rank""}","{""type"": ""year""}"
4594,"{""type"": ""rank""}","{""type"": ""rank""}"
4595,"{""type"": ""rank""}","{""type"": ""rank""}"
4596,"{""type"": ""name""}","{""type"": ""name""}"
4597,"{""type"": ""weight""}","{""type"": ""weight""}"
4598,"{""type"": ""gender""}","{""type"": ""gender""}"
4599,"{""type"": ""year""}","{""type"": ""year""}"
4600,"{""type"": ""city""}","{""type"": ""city""}"
4601,"{""type"": ""city""}","{""type"": ""city""}"
4602,"{""type"": ""state""}","{""type"": ""state""}"
4603,"{""type"": ""city""}","{""type"": ""city""}"
4604,"{""type"": ""country""}","{""type"": ""team""}"
4605,"{""type"": ""description""}","{""type"": ""description""}"
4606,"{""type"": ""name""}","{""type"": ""name""}"
4607,"{""type"": ""club""}","{""type"": ""club""}"
4608,"{""type"": ""description""}","{""type"": ""description""}"
4609,"{""type"": ""description""}","{""type"": ""description""}"
4610,"{""type"": ""description""}","{""type"": ""description""}"
4611,"{""type"": ""description""}","{""type"": ""description""}"
4612,"{""type"": ""description""}","{""type"": ""description""}"
4613,"{""type"": ""rank""}","{""type"": ""rank""}"
4614,"{""type"": ""name""}","{""type"": ""name""}"
4615,"{""type"": ""name""}","{""type"": ""name""}"
4616,"{""type"": ""name""}","{""type"": ""name""}"
4617,"{""type"": ""name""}","{""type"": ""name""}"
4618,"{""type"": ""name""}","{""type"": ""name""}"
4619,"{""type"": ""name""}","{""type"": ""name""}"
4620,"{""type"": ""name""}","{""type"": ""name""}"
4621,"{""type"": ""name""}","{""type"": ""name""}"
4622,"{""type"": ""name""}","{""type"": ""name""}"
4623,"{""type"": ""name""}","{""type"": ""name""}"
4624,"{""type"": ""name""}","{""type"": ""name""}"
4625,"{""type"": ""status""}","{""type"": ""status""}"
4626,"{""type"": ""type""}","{""type"": ""type""}"
4627,"{""type"": ""location""}","{""type"": ""location""}"
4628,"{""type"": ""city""}","{""type"": ""city""}"
4629,"{""type"": ""team""}","{""type"": ""team""}"
4630,"{""type"": ""team""}","{""type"": ""team""}"
4631,"{""type"": ""city""}","{""type"": ""city""}"
4632,"{""type"": ""code""}","{""type"": ""code""}"
4633,"{""type"": ""status""}","{""type"": ""status""}"
4634,"{""type"": ""state""}","{""type"": ""state""}"
4635,"{""type"": ""state""}","{""type"": ""state""}"
4636,"{""type"": ""state""}","{""type"": ""state""}"
4637,"{""type"": ""state""}","{""type"": ""state""}"
4638,"{""type"": ""state""}","{""type"": ""state""}"
4639,"{""type"": ""code""}","{""type"": ""code""}"
4640,"{""type"": ""category""}","{""type"": ""category""}"
4641,"{""type"": ""code""}","{""type"": ""code""}"
4642,"{""type"": ""code""}","{""type"": ""code""}"
4643,"{""type"": ""city""}","{""type"": ""city""}"
4644,"{""type"": ""location""}","{""type"": ""location""}"
4645,"{""type"": ""location""}","{""type"": ""location""}"
4646,"{""type"": ""location""}","{""type"": ""location""}"
4647,"{""type"": ""location""}","{""type"": ""location""}"
4648,"{""type"": ""location""}","{""type"": ""location""}"
4649,"{""type"": ""team""}","{""type"": ""team""}"
4650,"{""type"": ""name""}","{""type"": ""name""}"
4651,"{""type"": ""type""}","{""type"": ""type""}"
4652,"{""type"": ""code""}","{""type"": ""code""}"
4653,"{""type"": ""status""}","{""type"": ""status""}"
4654,"{""type"": ""city""}","{""type"": ""city""}"
4655,"{""type"": ""type""}","{""type"": ""type""}"
4656,"{""type"": ""city""}","{""type"": ""name""}"
4657,"{""type"": ""city""}","{""type"": ""city""}"
4658,"{""type"": ""city""}","{""type"": ""city""}"
4659,"{""type"": ""city""}","{""type"": ""city""}"
4660,"{""type"": ""city""}","{""type"": ""city""}"
4661,"{""type"": ""city""}","{""type"": ""city""}"
4662,"{""type"": ""state""}","{""type"": ""state""}"
4663,"{""type"": ""year""}","{""type"": ""year""}"
4664,"{""type"": ""description""}","{""type"": ""description""}"
4665,"{""type"": ""year""}","{""type"": ""year""}"
4666,"{""type"": ""name""}","{""type"": ""name""}"
4667,"{""type"": ""description""}","{""type"": ""description""}"
4668,"{""type"": ""age""}","{""type"": ""age""}"
4669,"{""type"": ""age""}","{""type"": ""age""}"
4670,"{""type"": ""location""}","{""type"": ""city""}"
4671,"{""type"": ""name""}","{""type"": ""name""}"
4672,"{""type"": ""result""}","{""type"": ""result""}"
4673,"{""type"": ""description""}","{""type"": ""description""}"
4674,"{""type"": ""club""}","{""type"": ""club""}"
4675,"{""type"": ""address""}","{""type"": ""address""}"
4676,"{""type"": ""status""}","{""type"": ""status""}"
4677,"{""type"": ""code""}","{""type"": ""code""}"
4678,"{""type"": ""description""}","{""type"": ""description""}"
4679,"{""type"": ""city""}","{""type"": ""city""}"
4680,"{""type"": ""age""}","{""type"": ""age""}"
4681,"{""type"": ""state""}","{""type"": ""state""}"
4682,"{""type"": ""state""}","{""type"": ""state""}"
4683,"{""type"": ""state""}","{""type"": ""state""}"
4684,"{""type"": ""state""}","{""type"": ""state""}"
4685,"{""type"": ""state""}","{""type"": ""state""}"
4686,"{""type"": ""rank""}","{""type"": ""result""}"
4687,"{""type"": ""type""}","{""type"": ""type""}"
4688,"{""type"": ""description""}","{""type"": ""description""}"
4689,"{""type"": ""type""}","{""type"": ""type""}"
4690,"{""type"": ""description""}","{""type"": ""description""}"
4691,"{""type"": ""name""}","{""type"": ""name""}"
4692,"{""type"": ""state""}","{""type"": ""state""}"
4693,"{""type"": ""type""}","{""type"": ""type""}"
4694,"{""type"": ""location""}","{""type"": ""location""}"
4695,"{""type"": ""city""}","{""type"": ""city""}"
4696,"{""type"": ""category""}","{""type"": ""category""}"
4697,"{""type"": ""weight""}","{""type"": ""weight""}"
4698,"{""type"": ""city""}","{""type"": ""city""}"
4699,"{""type"": ""gender""}","{""type"": ""gender""}"
4700,"{""type"": ""county""}","{""type"": ""county""}"
4701,"{""type"": ""code""}","{""type"": ""code""}"
4702,"{""type"": ""grades""}","{""type"": ""grades""}"
4703,"{""type"": ""description""}","{""type"": ""description""}"
4704,"{""type"": ""city""}","{""type"": ""city""}"
4705,"{""type"": ""birthplace""}","{""type"": ""birthplace""}"
4706,"{""type"": ""weight""}","{""type"": ""weight""}"
4707,"{""type"": ""age""}","{""type"": ""age""}"
4708,"{""type"": ""description""}","{""type"": ""description""}"
4709,"{""type"": ""result""}","{""type"": ""result""}"
4710,"{""type"": ""state""}","{""type"": ""state""}"
4711,"{""type"": ""name""}","{""type"": ""name""}"
4712,"{""type"": ""name""}","{""type"": ""name""}"
4713,"{""type"": ""name""}","{""type"": ""name""}"
4714,"{""type"": ""name""}","{""type"": ""name""}"
4715,"{""type"": ""name""}","{""type"": ""name""}"
4716,"{""type"": ""club""}","{""type"": ""club""}"
4717,"{""type"": ""team""}","{""type"": ""teamname""}"
4718,"{""type"": ""address""}","{""type"": ""address""}"
4719,"{""type"": ""city""}","{""type"": ""city""}"
4720,"{""type"": ""result""}","{""type"": ""result""}"
4721,"{""type"": ""name""}","{""type"": ""name""}"
4722,"{""type"": ""age""}","{""type"": ""age""}"
4723,"{""type"": ""brand""}","{""type"": ""teamname""}"
4724,"{""type"": ""status""}","{""type"": ""status""}"
4725,"{""type"": ""city""}","{""type"": ""city""}"
4726,"{""type"": ""name""}","{""type"": ""name""}"
4727,"{""type"": ""position""}","{""type"": ""position""}"
4728,"{""type"": ""class""}","{""type"": ""class""}"
4729,"{""type"": ""code""}","{""type"": ""code""}"
4730,"{""type"": ""name""}","{""type"": ""name""}"
4731,"{""type"": ""notes""}","{""type"": ""notes""}"
4732,"{""type"": ""weight""}","{""type"": ""weight""}"
4733,"{""type"": ""credit""}","{""type"": ""credit""}"
4734,"{""type"": ""status""}","{""type"": ""status""}"
4735,"{""type"": ""status""}","{""type"": ""status""}"
4736,"{""type"": ""name""}","{""type"": ""name""}"
4737,"{""type"": ""name""}","{""type"": ""name""}"
4738,"{""type"": ""type""}","{""type"": ""type""}"
4739,"{""type"": ""city""}","{""type"": ""city""}"
4740,"{""type"": ""location""}","{""type"": ""location""}"
4741,"{""type"": ""age""}","{""type"": ""year""}"
4742,"{""type"": ""weight""}","{""type"": ""weight""}"
4743,"{""type"": ""artist""}","{""type"": ""artist""}"
4744,"{""type"": ""country""}","{""type"": ""team""}"
4745,"{""type"": ""type""}","{""type"": ""type""}"
4746,"{""type"": ""position""}","{""type"": ""elevation""}"
4747,"{""type"": ""position""}","{""type"": ""depth""}"
4748,"{""type"": ""position""}","{""type"": ""elevation""}"
4749,"{""type"": ""position""}","{""type"": ""elevation""}"
4750,"{""type"": ""position""}","{""type"": ""elevation""}"
4751,"{""type"": ""description""}","{""type"": ""description""}"
4752,"{""type"": ""location""}","{""type"": ""location""}"
4753,"{""type"": ""age""}","{""type"": ""age""}"
4754,"{""type"": ""position""}","{""type"": ""position""}"
4755,"{""type"": ""year""}","{""type"": ""year""}"
4756,"{""type"": ""status""}","{""type"": ""status""}"
4757,"{""type"": ""city""}","{""type"": ""city""}"
4758,"{""type"": ""city""}","{""type"": ""city""}"
4759,"{""type"": ""city""}","{""type"": ""city""}"
4760,"{""type"": ""city""}","{""type"": ""city""}"
4761,"{""type"": ""city""}","{""type"": ""city""}"
4762,"{""type"": ""range""}","{""type"": ""range""}"
4763,"{""type"": ""status""}","{""type"": ""status""}"
4764,"{""type"": ""symbol""}","{""type"": ""symbol""}"
4765,"{""type"": ""album""}","{""type"": ""album""}"
4766,"{""type"": ""weight""}","{""type"": ""weight""}"
4767,"{""type"": ""status""}","{""type"": ""status""}"
4768,"{""type"": ""name""}","{""type"": ""name""}"
4769,"{""type"": ""code""}","{""type"": ""code""}"
4770,"{""type"": ""location""}","{""type"": ""location""}"
4771,"{""type"": ""city""}","{""type"": ""city""}"
4772,"{""type"": ""state""}","{""type"": ""state""}"
4773,"{""type"": ""artist""}","{""type"": ""artist""}"
4774,"{""type"": ""album""}","{""type"": ""album""}"
4775,"{""type"": ""year""}","{""type"": ""year""}"
4776,"{""type"": ""name""}","{""type"": ""name""}"
4777,"{""type"": ""result""}","{""type"": ""result""}"
4778,"{""type"": ""name""}","{""type"": ""name""}"
4779,"{""type"": ""city""}","{""type"": ""city""}"
4780,"{""type"": ""name""}","{""type"": ""name""}"
4781,"{""type"": ""name""}","{""type"": ""name""}"
4782,"{""type"": ""name""}","{""type"": ""name""}"
4783,"{""type"": ""name""}","{""type"": ""name""}"
4784,"{""type"": ""name""}","{""type"": ""name""}"
4785,"{""type"": ""artist""}","{""type"": ""artist""}"
4786,"{""type"": ""name""}","{""type"": ""name""}"
4787,"{""type"": ""symbol""}","{""type"": ""symbol""}"
4788,"{""type"": ""name""}","{""type"": ""name""}"
4789,"{""type"": ""name""}","{""type"": ""name""}"
4790,"{""type"": ""name""}","{""type"": ""name""}"
4791,"{""type"": ""name""}","{""type"": ""name""}"
4792,"{""type"": ""name""}","{""type"": ""name""}"
4793,"{""type"": ""elevation""}","{""type"": ""depth""}"
4794,"{""type"": ""name""}","{""type"": ""name""}"
4795,"{""type"": ""location""}","{""type"": ""location""}"
4796,"{""type"": ""album""}","{""type"": ""album""}"
4797,"{""type"": ""rank""}","{""type"": ""year""}"
4798,"{""type"": ""name""}","{""type"": ""name""}"
4799,"{""type"": ""city""}","{""type"": ""city""}"
4800,"{""type"": ""city""}","{""type"": ""city""}"
4801,"{""type"": ""position""}","{""type"": ""position""}"
4802,"{""type"": ""name""}","{""type"": ""name""}"
4803,"{""type"": ""status""}","{""type"": ""status""}"
4804,"{""type"": ""location""}","{""type"": ""location""}"
4805,"{""type"": ""code""}","{""type"": ""code""}"
4806,"{""type"": ""club""}","{""type"": ""club""}"
4807,"{""type"": ""age""}","{""type"": ""age""}"
4808,"{""type"": ""weight""}","{""type"": ""weight""}"
4809,"{""type"": ""weight""}","{""type"": ""weight""}"
4810,"{""type"": ""state""}","{""type"": ""state""}"
4811,"{""type"": ""name""}","{""type"": ""name""}"
4812,"{""type"": ""code""}","{""type"": ""code""}"
4813,"{""type"": ""weight""}","{""type"": ""weight""}"
4814,"{""type"": ""company""}","{""type"": ""company""}"
4815,"{""type"": ""rank""}","{""type"": ""rank""}"
4816,"{""type"": ""rank""}","{""type"": ""rank""}"
4817,"{""type"": ""rank""}","{""type"": ""rank""}"
4818,"{""type"": ""rank""}","{""type"": ""rank""}"
4819,"{""type"": ""rank""}","{""type"": ""rank""}"
4820,"{""type"": ""type""}","{""type"": ""type""}"
4821,"{""type"": ""type""}","{""type"": ""type""}"
4822,"{""type"": ""type""}","{""type"": ""type""}"
4823,"{""type"": ""type""}","{""type"": ""type""}"
4824,"{""type"": ""type""}","{""type"": ""type""}"
4825,"{""type"": ""class""}","{""type"": ""class""}"
4826,"{""type"": ""code""}","{""type"": ""code""}"
4827,"{""type"": ""weight""}","{""type"": ""weight""}"
4828,"{""type"": ""state""}","{""type"": ""state""}"
4829,"{""type"": ""description""}","{""type"": ""description""}"
4830,"{""type"": ""description""}","{""type"": ""description""}"
4831,"{""type"": ""artist""}","{""type"": ""artist""}"
4832,"{""type"": ""class""}","{""type"": ""year""}"
4833,"{""type"": ""teamname""}","{""type"": ""teamname""}"
4834,"{""type"": ""language""}","{""type"": ""language""}"
4835,"{""type"": ""company""}","{""type"": ""company""}"
4836,"{""type"": ""type""}","{""type"": ""type""}"
4837,"{""type"": ""rank""}","{""type"": ""rank""}"
4838,"{""type"": ""state""}","{""type"": ""state""}"
4839,"{""type"": ""state""}","{""type"": ""state""}"
4840,"{""type"": ""state""}","{""type"": ""state""}"
4841,"{""type"": ""state""}","{""type"": ""state""}"
4842,"{""type"": ""state""}","{""type"": ""state""}"
4843,"{""type"": ""status""}","{""type"": ""status""}"
4844,"{""type"": ""rank""}","{""type"": ""rank""}"
4845,"{""type"": ""rank""}","{""type"": ""rank""}"
4846,"{""type"": ""rank""}","{""type"": ""rank""}"
4847,"{""type"": ""rank""}","{""type"": ""rank""}"
4848,"{""type"": ""rank""}","{""type"": ""rank""}"
4849,"{""type"": ""name""}","{""type"": ""name""}"
4850,"{""type"": ""age""}","{""type"": ""age""}"
4851,"{""type"": ""city""}","{""type"": ""city""}"
4852,"{""type"": ""weight""}","{""type"": ""weight""}"
4853,"{""type"": ""description""}","{""type"": ""description""}"
4854,"{""type"": ""city""}","{""type"": ""city""}"
4855,"{""type"": ""status""}","{""type"": ""status""}"
4856,"{""type"": ""weight""}","{""type"": ""weight""}"
4857,"{""type"": ""status""}","{""type"": ""status""}"
4858,"{""type"": ""state""}","{""type"": ""state""}"
4859,"{""type"": ""weight""}","{""type"": ""weight""}"
4860,"{""type"": ""state""}","{""type"": ""state""}"
4861,"{""type"": ""category""}","{""type"": ""category""}"
4862,"{""type"": ""description""}","{""type"": ""description""}"
4863,"{""type"": ""description""}","{""type"": ""description""}"
4864,"{""type"": ""description""}","{""type"": ""description""}"
4865,"{""type"": ""description""}","{""type"": ""description""}"
4866,"{""type"": ""description""}","{""type"": ""description""}"
4867,"{""type"": ""description""}","{""type"": ""description""}"
4868,"{""type"": ""country""}","{""type"": ""country""}"
4869,"{""type"": ""city""}","{""type"": ""city""}"
4870,"{""type"": ""result""}","{""type"": ""result""}"
4871,"{""type"": ""name""}","{""type"": ""name""}"
4872,"{""type"": ""name""}","{""type"": ""name""}"
4873,"{""type"": ""category""}","{""type"": ""category""}"
4874,"{""type"": ""name""}","{""type"": ""name""}"
4875,"{""type"": ""city""}","{""type"": ""city""}"
4876,"{""type"": ""age""}","{""type"": ""age""}"
4877,"{""type"": ""code""}","{""type"": ""code""}"
4878,"{""type"": ""gender""}","{""type"": ""gender""}"
4879,"{""type"": ""rank""}","{""type"": ""rank""}"
4880,"{""type"": ""city""}","{""type"": ""city""}"
4881,"{""type"": ""state""}","{""type"": ""state""}"
4882,"{""type"": ""state""}","{""type"": ""state""}"
4883,"{""type"": ""state""}","{""type"": ""state""}"
4884,"{""type"": ""state""}","{""type"": ""state""}"
4885,"{""type"": ""state""}","{""type"": ""state""}"
4886,"{""type"": ""age""}","{""type"": ""age""}"
4887,"{""type"": ""status""}","{""type"": ""status""}"
4888,"{""type"": ""address""}","{""type"": ""address""}"
4889,"{""type"": ""state""}","{""type"": ""state""}"
4890,"{""type"": ""location""}","{""type"": ""city""}"
4891,"{""type"": ""city""}","{""type"": ""city""}"
4892,"{""type"": ""city""}","{""type"": ""city""}"
4893,"{""type"": ""city""}","{""type"": ""city""}"
4894,"{""type"": ""city""}","{""type"": ""city""}"
4895,"{""type"": ""city""}","{""type"": ""city""}"
4896,"{""type"": ""age""}","{""type"": ""age""}"
4897,"{""type"": ""status""}","{""type"": ""status""}"
4898,"{""type"": ""description""}","{""type"": ""description""}"
4899,"{""type"": ""company""}","{""type"": ""company""}"
4900,"{""type"": ""club""}","{""type"": ""club""}"
4901,"{""type"": ""city""}","{""type"": ""city""}"
4902,"{""type"": ""city""}","{""type"": ""city""}"
4903,"{""type"": ""city""}","{""type"": ""city""}"
4904,"{""type"": ""city""}","{""type"": ""city""}"
4905,"{""type"": ""city""}","{""type"": ""city""}"
4906,"{""type"": ""team""}","{""type"": ""team""}"
4907,"{""type"": ""name""}","{""type"": ""name""}"
4908,"{""type"": ""rank""}","{""type"": ""rank""}"
4909,"{""type"": ""artist""}","{""type"": ""artist""}"
4910,"{""type"": ""name""}","{""type"": ""name""}"
4911,"{""type"": ""weight""}","{""type"": ""weight""}"
4912,"{""type"": ""type""}","{""type"": ""type""}"
4913,"{""type"": ""album""}","{""type"": ""album""}"
4914,"{""type"": ""company""}","{""type"": ""company""}"
4915,"{""type"": ""location""}","{""type"": ""location""}"
4916,"{""type"": ""location""}","{""type"": ""location""}"
4917,"{""type"": ""description""}","{""type"": ""description""}"
4918,"{""type"": ""category""}","{""type"": ""category""}"
4919,"{""type"": ""description""}","{""type"": ""description""}"
4920,"{""type"": ""type""}","{""type"": ""type""}"
4921,"{""type"": ""description""}","{""type"": ""description""}"
4922,"{""type"": ""description""}","{""type"": ""description""}"
4923,"{""type"": ""team""}","{""type"": ""team""}"
4924,"{""type"": ""artist""}","{""type"": ""artist""}"
4925,"{""type"": ""status""}","{""type"": ""status""}"
4926,"{""type"": ""name""}","{""type"": ""address""}"
4927,"{""type"": ""country""}","{""type"": ""country""}"
4928,"{""type"": ""country""}","{""type"": ""country""}"
4929,"{""type"": ""country""}","{""type"": ""country""}"
4930,"{""type"": ""country""}","{""type"": ""country""}"
4931,"{""type"": ""country""}","{""type"": ""country""}"
4932,"{""type"": ""location""}","{""type"": ""location""}"
4933,"{""type"": ""year""}","{""type"": ""year""}"
4934,"{""type"": ""description""}","{""type"": ""description""}"
4935,"{""type"": ""name""}","{""type"": ""name""}"
4936,"{""type"": ""code""}","{""type"": ""code""}"
4937,"{""type"": ""year""}","{""type"": ""year""}"
4938,"{""type"": ""name""}","{""type"": ""name""}"
4939,"{""type"": ""status""}","{""type"": ""status""}"
4940,"{""type"": ""weight""}","{""type"": ""weight""}"
4941,"{""type"": ""state""}","{""type"": ""state""}"
4942,"{""type"": ""state""}","{""type"": ""state""}"
4943,"{""type"": ""description""}","{""type"": ""description""}"
4944,"{""type"": ""city""}","{""type"": ""city""}"
4945,"{""type"": ""year""}","{""type"": ""year""}"
4946,"{""type"": ""state""}","{""type"": ""state""}"
4947,"{""type"": ""state""}","{""type"": ""state""}"
4948,"{""type"": ""state""}","{""type"": ""state""}"
4949,"{""type"": ""state""}","{""type"": ""state""}"
4950,"{""type"": ""state""}","{""type"": ""state""}"
4951,"{""type"": ""name""}","{""type"": ""name""}"
4952,"{""type"": ""code""}","{""type"": ""code""}"
4953,"{""type"": ""name""}","{""type"": ""name""}"
4954,"{""type"": ""weight""}","{""type"": ""weight""}"
4955,"{""type"": ""year""}","{""type"": ""year""}"
4956,"{""type"": ""age""}","{""type"": ""age""}"
4957,"{""type"": ""team""}","{""type"": ""team""}"
4958,"{""type"": ""team""}","{""type"": ""team""}"
4959,"{""type"": ""team""}","{""type"": ""team""}"
4960,"{""type"": ""team""}","{""type"": ""team""}"
4961,"{""type"": ""team""}","{""type"": ""team""}"
4962,"{""type"": ""club""}","{""type"": ""club""}"
4963,"{""type"": ""address""}","{""type"": ""address""}"
4964,"{""type"": ""name""}","{""type"": ""name""}"
4965,"{""type"": ""result""}","{""type"": ""result""}"
4966,"{""type"": ""state""}","{""type"": ""state""}"
4967,"{""type"": ""description""}","{""type"": ""description""}"
4968,"{""type"": ""state""}","{""type"": ""state""}"
4969,"{""type"": ""category""}","{""type"": ""category""}"
4970,"{""type"": ""year""}","{""type"": ""year""}"
4971,"{""type"": ""company""}","{""type"": ""company""}"
4972,"{""type"": ""description""}","{""type"": ""description""}"
4973,"{""type"": ""status""}","{""type"": ""status""}"
4974,"{""type"": ""city""}","{""type"": ""city""}"
4975,"{""type"": ""weight""}","{""type"": ""weight""}"
4976,"{""type"": ""gender""}","{""type"": ""gender""}"
4977,"{""type"": ""state""}","{""type"": ""state""}"
4978,"{""type"": ""notes""}","{""type"": ""notes""}"
4979,"{""type"": ""year""}","{""type"": ""year""}"
4980,"{""type"": ""county""}","{""type"": ""county""}"
4981,"{""type"": ""year""}","{""type"": ""year""}"
4982,"{""type"": ""state""}","{""type"": ""state""}"
4983,"{""type"": ""status""}","{""type"": ""status""}"
4984,"{""type"": ""name""}","{""type"": ""name""}"
4985,"{""type"": ""sex""}","{""type"": ""sex""}"
4986,"{""type"": ""sex""}","{""type"": ""sex""}"
4987,"{""type"": ""sex""}","{""type"": ""sex""}"
4988,"{""type"": ""sex""}","{""type"": ""sex""}"
4989,"{""type"": ""sex""}","{""type"": ""sex""}"
4990,"{""type"": ""state""}","{""type"": ""state""}"
4991,"{""type"": ""description""}","{""type"": ""description""}"
4992,"{""type"": ""type""}","{""type"": ""type""}"
4993,"{""type"": ""status""}","{""type"": ""status""}"
4994,"{""type"": ""code""}","{""type"": ""code""}"
4995,"{""type"": ""city""}","{""type"": ""city""}"
4996,"{""type"": ""description""}","{""type"": ""description""}"
4997,"{""type"": ""name""}","{""type"": ""name""}"
4998,"{""type"": ""name""}","{""type"": ""name""}"
4999,"{""type"": ""weight""}","{""type"": ""weight""}"
5000,"{""type"": ""club""}","{""type"": ""club""}"
5001,"{""type"": ""position""}","{""type"": ""class""}"
5002,"{""type"": ""year""}","{""type"": ""year""}"
5003,"{""type"": ""teamname""}","{""type"": ""teamname""}"
5004,"{""type"": ""description""}","{""type"": ""description""}"
5005,"{""type"": ""city""}","{""type"": ""city""}"
5006,"{""type"": ""club""}","{""type"": ""club""}"
5007,"{""type"": ""description""}","{""type"": ""description""}"
5008,"{""type"": ""description""}","{""type"": ""notes""}"
5009,"{""type"": ""name""}","{""type"": ""name""}"
5010,"{""type"": ""address""}","{""type"": ""address""}"
5011,"{""type"": ""description""}","{""type"": ""description""}"
5012,"{""type"": ""rank""}","{""type"": ""rank""}"
5013,"{""type"": ""rank""}","{""type"": ""rank""}"
5014,"{""type"": ""rank""}","{""type"": ""rank""}"
5015,"{""type"": ""rank""}","{""type"": ""rank""}"
5016,"{""type"": ""rank""}","{""type"": ""rank""}"
5017,"{""type"": ""city""}","{""type"": ""city""}"
5018,"{""type"": ""state""}","{""type"": ""state""}"
5019,"{""type"": ""team""}","{""type"": ""team""}"
5020,"{""type"": ""name""}","{""type"": ""name""}"
5021,"{""type"": ""weight""}","{""type"": ""weight""}"
5022,"{""type"": ""name""}","{""type"": ""name""}"
5023,"{""type"": ""category""}","{""type"": ""category""}"
5024,"{""type"": ""location""}","{""type"": ""location""}"
5025,"{""type"": ""type""}","{""type"": ""type""}"
5026,"{""type"": ""code""}","{""type"": ""code""}"
5027,"{""type"": ""type""}","{""type"": ""status""}"
5028,"{""type"": ""address""}","{""type"": ""address""}"
5029,"{""type"": ""plays""}","{""type"": ""plays""}"
5030,"{""type"": ""weight""}","{""type"": ""weight""}"
5031,"{""type"": ""language""}","{""type"": ""status""}"
5032,"{""type"": ""weight""}","{""type"": ""weight""}"
5033,"{""type"": ""symbol""}","{""type"": ""symbol""}"
5034,"{""type"": ""rank""}","{""type"": ""rank""}"
5035,"{""type"": ""state""}","{""type"": ""state""}"
5036,"{""type"": ""continent""}","{""type"": ""region""}"
5037,"{""type"": ""name""}","{""type"": ""name""}"
5038,"{""type"": ""category""}","{""type"": ""category""}"
5039,"{""type"": ""result""}","{""type"": ""result""}"
5040,"{""type"": ""result""}","{""type"": ""result""}"
5041,"{""type"": ""result""}","{""type"": ""result""}"
5042,"{""type"": ""result""}","{""type"": ""result""}"
5043,"{""type"": ""result""}","{""type"": ""result""}"
5044,"{""type"": ""class""}","{""type"": ""class""}"
5045,"{""type"": ""city""}","{""type"": ""city""}"
5046,"{""type"": ""city""}","{""type"": ""city""}"
5047,"{""type"": ""city""}","{""type"": ""city""}"
5048,"{""type"": ""city""}","{""type"": ""city""}"
5049,"{""type"": ""city""}","{""type"": ""city""}"
5050,"{""type"": ""status""}","{""type"": ""status""}"
5051,"{""type"": ""name""}","{""type"": ""name""}"
5052,"{""type"": ""album""}","{""type"": ""album""}"
5053,"{""type"": ""year""}","{""type"": ""year""}"
5054,"{""type"": ""type""}","{""type"": ""type""}"
5055,"{""type"": ""name""}","{""type"": ""name""}"
5056,"{""type"": ""name""}","{""type"": ""name""}"
5057,"{""type"": ""country""}","{""type"": ""country""}"
5058,"{""type"": ""artist""}","{""type"": ""artist""}"
5059,"{""type"": ""plays""}","{""type"": ""plays""}"
5060,"{""type"": ""rank""}","{""type"": ""rank""}"
5061,"{""type"": ""name""}","{""type"": ""name""}"
5062,"{""type"": ""description""}","{""type"": ""description""}"
5063,"{""type"": ""weight""}","{""type"": ""weight""}"
5064,"{""type"": ""location""}","{""type"": ""city""}"
5065,"{""type"": ""company""}","{""type"": ""company""}"
5066,"{""type"": ""position""}","{""type"": ""sex""}"
5067,"{""type"": ""description""}","{""type"": ""description""}"
5068,"{""type"": ""category""}","{""type"": ""category""}"
5069,"{""type"": ""state""}","{""type"": ""state""}"
5070,"{""type"": ""description""}","{""type"": ""description""}"
5071,"{""type"": ""address""}","{""type"": ""address""}"
5072,"{""type"": ""name""}","{""type"": ""name""}"
5073,"{""type"": ""description""}","{""type"": ""description""}"
5074,"{""type"": ""age""}","{""type"": ""age""}"
5075,"{""type"": ""year""}","{""type"": ""year""}"
5076,"{""type"": ""status""}","{""type"": ""status""}"
5077,"{""type"": ""location""}","{""type"": ""location""}"
5078,"{""type"": ""location""}","{""type"": ""location""}"
5079,"{""type"": ""location""}","{""type"": ""location""}"
5080,"{""type"": ""location""}","{""type"": ""location""}"
5081,"{""type"": ""location""}","{""type"": ""location""}"
5082,"{""type"": ""team""}","{""type"": ""team""}"
5083,"{""type"": ""team""}","{""type"": ""team""}"
5084,"{""type"": ""year""}","{""type"": ""year""}"
5085,"{""type"": ""category""}","{""type"": ""category""}"
5086,"{""type"": ""class""}","{""type"": ""class""}"
5087,"{""type"": ""name""}","{""type"": ""name""}"
5088,"{""type"": ""name""}","{""type"": ""name""}"
5089,"{""type"": ""name""}","{""type"": ""name""}"
5090,"{""type"": ""age""}","{""type"": ""age""}"
5091,"{""type"": ""age""}","{""type"": ""age""}"
5092,"{""type"": ""name""}","{""type"": ""name""}"
5093,"{""type"": ""year""}","{""type"": ""year""}"
5094,"{""type"": ""team""}","{""type"": ""teamname""}"
5095,"{""type"": ""type""}","{""type"": ""type""}"
5096,"{""type"": ""component""}","{""type"": ""component""}"
5097,"{""type"": ""result""}","{""type"": ""result""}"
5098,"{""type"": ""description""}","{""type"": ""description""}"
5099,"{""type"": ""club""}","{""type"": ""club""}"
5100,"{""type"": ""age""}","{""type"": ""age""}"
5101,"{""type"": ""age""}","{""type"": ""age""}"
5102,"{""type"": ""location""}","{""type"": ""location""}"
5103,"{""type"": ""age""}","{""type"": ""age""}"
5104,"{""type"": ""status""}","{""type"": ""status""}"
5105,"{""type"": ""state""}","{""type"": ""state""}"
5106,"{""type"": ""album""}","{""type"": ""artist""}"
5107,"{""type"": ""artist""}","{""type"": ""artist""}"
5108,"{""type"": ""team""}","{""type"": ""team""}"
5109,"{""type"": ""description""}","{""type"": ""description""}"
5110,"{""type"": ""weight""}","{""type"": ""weight""}"
5111,"{""type"": ""description""}","{""type"": ""description""}"
5112,"{""type"": ""team""}","{""type"": ""team""}"
5113,"{""type"": ""position""}","{""type"": ""position""}"
5114,"{""type"": ""state""}","{""type"": ""state""}"
5115,"{""type"": ""state""}","{""type"": ""state""}"
5116,"{""type"": ""state""}","{""type"": ""state""}"
5117,"{""type"": ""state""}","{""type"": ""state""}"
5118,"{""type"": ""state""}","{""type"": ""state""}"
5119,"{""type"": ""publisher""}","{""type"": ""publisher""}"
5120,"{""type"": ""company""}","{""type"": ""company""}"
5121,"{""type"": ""country""}","{""type"": ""country""}"
5122,"{""type"": ""country""}","{""type"": ""country""}"
5123,"{""type"": ""country""}","{""type"": ""country""}"
5124,"{""type"": ""country""}","{""type"": ""country""}"
5125,"{""type"": ""country""}","{""type"": ""country""}"
5126,"{""type"": ""position""}","{""type"": ""position""}"
5127,"{""type"": ""type""}","{""type"": ""type""}"
5128,"{""type"": ""sex""}","{""type"": ""sex""}"
5129,"{""type"": ""category""}","{""type"": ""category""}"
5130,"{""type"": ""age""}","{""type"": ""age""}"
5131,"{""type"": ""status""}","{""type"": ""status""}"
5132,"{""type"": ""artist""}","{""type"": ""artist""}"
5133,"{""type"": ""state""}","{""type"": ""state""}"
5134,"{""type"": ""result""}","{""type"": ""result""}"
5135,"{""type"": ""city""}","{""type"": ""city""}"
5136,"{""type"": ""club""}","{""type"": ""club""}"
5137,"{""type"": ""city""}","{""type"": ""city""}"
5138,"{""type"": ""code""}","{""type"": ""code""}"
5139,"{""type"": ""city""}","{""type"": ""city""}"
5140,"{""type"": ""rank""}","{""type"": ""rank""}"
5141,"{""type"": ""rank""}","{""type"": ""rank""}"
5142,"{""type"": ""rank""}","{""type"": ""rank""}"
5143,"{""type"": ""rank""}","{""type"": ""rank""}"
5144,"{""type"": ""rank""}","{""type"": ""rank""}"
5145,"{""type"": ""name""}","{""type"": ""name""}"
5146,"{""type"": ""weight""}","{""type"": ""weight""}"
5147,"{""type"": ""age""}","{""type"": ""age""}"
5148,"{""type"": ""status""}","{""type"": ""status""}"
5149,"{""type"": ""state""}","{""type"": ""state""}"
5150,"{""type"": ""city""}","{""type"": ""location""}"
5151,"{""type"": ""album""}","{""type"": ""album""}"
5152,"{""type"": ""state""}","{""type"": ""state""}"
5153,"{""type"": ""rank""}","{""type"": ""rank""}"
5154,"{""type"": ""description""}","{""type"": ""description""}"
5155,"{""type"": ""club""}","{""type"": ""club""}"
5156,"{""type"": ""result""}","{""type"": ""result""}"
5157,"{""type"": ""name""}","{""type"": ""name""}"
5158,"{""type"": ""name""}","{""type"": ""name""}"
5159,"{""type"": ""age""}","{""type"": ""age""}"
5160,"{""type"": ""city""}","{""type"": ""city""}"
5161,"{""type"": ""description""}","{""type"": ""description""}"
5162,"{""type"": ""result""}","{""type"": ""result""}"
5163,"{""type"": ""company""}","{""type"": ""company""}"
5164,"{""type"": ""county""}","{""type"": ""state""}"
5165,"{""type"": ""age""}","{""type"": ""age""}"
5166,"{""type"": ""format""}","{""type"": ""format""}"
5167,"{""type"": ""result""}","{""type"": ""result""}"
5168,"{""type"": ""location""}","{""type"": ""city""}"
5169,"{""type"": ""address""}","{""type"": ""address""}"
5170,"{""type"": ""weight""}","{""type"": ""weight""}"
5171,"{""type"": ""publisher""}","{""type"": ""publisher""}"
5172,"{""type"": ""position""}","{""type"": ""position""}"
5173,"{""type"": ""weight""}","{""type"": ""weight""}"
5174,"{""type"": ""team""}","{""type"": ""team""}"
5175,"{""type"": ""status""}","{""type"": ""status""}"
5176,"{""type"": ""description""}","{""type"": ""description""}"
5177,"{""type"": ""position""}","{""type"": ""position""}"
5178,"{""type"": ""result""}","{""type"": ""result""}"
5179,"{""type"": ""age""}","{""type"": ""age""}"
5180,"{""type"": ""rank""}","{""type"": ""rank""}"
5181,"{""type"": ""weight""}","{""type"": ""weight""}"
5182,"{""type"": ""team""}","{""type"": ""country""}"
5183,"{""type"": ""year""}","{""type"": ""year""}"
5184,"{""type"": ""year""}","{""type"": ""year""}"
5185,"{""type"": ""year""}","{""type"": ""year""}"
5186,"{""type"": ""year""}","{""type"": ""year""}"
5187,"{""type"": ""year""}","{""type"": ""year""}"
5188,"{""type"": ""name""}","{""type"": ""name""}"
5189,"{""type"": ""city""}","{""type"": ""city""}"
5190,"{""type"": ""club""}","{""type"": ""club""}"
5191,"{""type"": ""location""}","{""type"": ""location""}"
5192,"{""type"": ""name""}","{""type"": ""name""}"
5193,"{""type"": ""weight""}","{""type"": ""weight""}"
5194,"{""type"": ""state""}","{""type"": ""state""}"
5195,"{""type"": ""description""}","{""type"": ""description""}"
5196,"{""type"": ""club""}","{""type"": ""club""}"
5197,"{""type"": ""age""}","{""type"": ""age""}"
5198,"{""type"": ""year""}","{""type"": ""year""}"
5199,"{""type"": ""name""}","{""type"": ""name""}"
5200,"{""type"": ""county""}","{""type"": ""county""}"
5201,"{""type"": ""description""}","{""type"": ""description""}"
5202,"{""type"": ""gender""}","{""type"": ""gender""}"
5203,"{""type"": ""nationality""}","{""type"": ""country""}"
5204,"{""type"": ""origin""}","{""type"": ""origin""}"
5205,"{""type"": ""name""}","{""type"": ""name""}"
5206,"{""type"": ""age""}","{""type"": ""age""}"
5207,"{""type"": ""name""}","{""type"": ""name""}"
5208,"{""type"": ""code""}","{""type"": ""code""}"
5209,"{""type"": ""club""}","{""type"": ""club""}"
5210,"{""type"": ""state""}","{""type"": ""state""}"
5211,"{""type"": ""category""}","{""type"": ""category""}"
5212,"{""type"": ""category""}","{""type"": ""category""}"
5213,"{""type"": ""category""}","{""type"": ""category""}"
5214,"{""type"": ""category""}","{""type"": ""category""}"
5215,"{""type"": ""category""}","{""type"": ""category""}"
5216,"{""type"": ""name""}","{""type"": ""name""}"
5217,"{""type"": ""publisher""}","{""type"": ""publisher""}"
5218,"{""type"": ""weight""}","{""type"": ""weight""}"
5219,"{""type"": ""year""}","{""type"": ""year""}"
5220,"{""type"": ""weight""}","{""type"": ""weight""}"
5221,"{""type"": ""name""}","{""type"": ""name""}"
5222,"{""type"": ""description""}","{""type"": ""description""}"
5223,"{""type"": ""team""}","{""type"": ""team""}"
5224,"{""type"": ""team""}","{""type"": ""team""}"
5225,"{""type"": ""team""}","{""type"": ""team""}"
5226,"{""type"": ""team""}","{""type"": ""team""}"
5227,"{""type"": ""team""}","{""type"": ""team""}"
5228,"{""type"": ""type""}","{""type"": ""type""}"
5229,"{""type"": ""age""}","{""type"": ""age""}"
5230,"{""type"": ""club""}","{""type"": ""club""}"
5231,"{""type"": ""status""}","{""type"": ""status""}"
5232,"{""type"": ""weight""}","{""type"": ""weight""}"
5233,"{""type"": ""team""}","{""type"": ""status""}"
5234,"{""type"": ""nationality""}","{""type"": ""country""}"
5235,"{""type"": ""code""}","{""type"": ""code""}"
5236,"{""type"": ""city""}","{""type"": ""city""}"
5237,"{""type"": ""code""}","{""type"": ""code""}"
5238,"{""type"": ""city""}","{""type"": ""city""}"
5239,"{""type"": ""name""}","{""type"": ""name""}"
5240,"{""type"": ""name""}","{""type"": ""name""}"
5241,"{""type"": ""age""}","{""type"": ""age""}"
5242,"{""type"": ""name""}","{""type"": ""name""}"
5243,"{""type"": ""description""}","{""type"": ""description""}"
5244,"{""type"": ""type""}","{""type"": ""category""}"
5245,"{""type"": ""class""}","{""type"": ""class""}"
5246,"{""type"": ""category""}","{""type"": ""category""}"
5247,"{""type"": ""position""}","{""type"": ""position""}"
5248,"{""type"": ""result""}","{""type"": ""result""}"
5249,"{""type"": ""category""}","{""type"": ""category""}"
5250,"{""type"": ""category""}","{""type"": ""category""}"
5251,"{""type"": ""category""}","{""type"": ""category""}"
5252,"{""type"": ""category""}","{""type"": ""category""}"
5253,"{""type"": ""category""}","{""type"": ""category""}"
5254,"{""type"": ""name""}","{""type"": ""name""}"
5255,"{""type"": ""name""}","{""type"": ""name""}"
5256,"{""type"": ""name""}","{""type"": ""name""}"
5257,"{""type"": ""name""}","{""type"": ""name""}"
5258,"{""type"": ""name""}","{""type"": ""name""}"
5259,"{""type"": ""state""}","{""type"": ""state""}"
5260,"{""type"": ""description""}","{""type"": ""description""}"
5261,"{""type"": ""result""}","{""type"": ""result""}"
5262,"{""type"": ""company""}","{""type"": ""company""}"
5263,"{""type"": ""team""}","{""type"": ""team""}"
5264,"{""type"": ""type""}","{""type"": ""type""}"
5265,"{""type"": ""year""}","{""type"": ""year""}"
5266,"{""type"": ""type""}","{""type"": ""type""}"
5267,"{""type"": ""type""}","{""type"": ""type""}"
5268,"{""type"": ""address""}","{""type"": ""address""}"
5269,"{""type"": ""description""}","{""type"": ""name""}"
5270,"{""type"": ""album""}","{""type"": ""album""}"
5271,"{""type"": ""team""}","{""type"": ""team""}"
5272,"{""type"": ""status""}","{""type"": ""status""}"
5273,"{""type"": ""component""}","{""type"": ""brand""}"
5274,"{""type"": ""age""}","{""type"": ""age""}"
5275,"{""type"": ""brand""}","{""type"": ""company""}"
5276,"{""type"": ""city""}","{""type"": ""city""}"
5277,"{""type"": ""name""}","{""type"": ""name""}"
5278,"{""type"": ""description""}","{""type"": ""description""}"
5279,"{""type"": ""city""}","{""type"": ""city""}"
5280,"{""type"": ""rank""}","{""type"": ""rank""}"
5281,"{""type"": ""name""}","{""type"": ""name""}"
5282,"{""type"": ""symbol""}","{""type"": ""symbol""}"
5283,"{""type"": ""type""}","{""type"": ""type""}"
5284,"{""type"": ""name""}","{""type"": ""name""}"
5285,"{""type"": ""age""}","{""type"": ""age""}"
5286,"{""type"": ""age""}","{""type"": ""age""}"
5287,"{""type"": ""rank""}","{""type"": ""rank""}"
5288,"{""type"": ""rank""}","{""type"": ""rank""}"
5289,"{""type"": ""rank""}","{""type"": ""rank""}"
5290,"{""type"": ""rank""}","{""type"": ""rank""}"
5291,"{""type"": ""rank""}","{""type"": ""rank""}"
5292,"{""type"": ""description""}","{""type"": ""description""}"
5293,"{""type"": ""description""}","{""type"": ""description""}"
5294,"{""type"": ""state""}","{""type"": ""state""}"
5295,"{""type"": ""state""}","{""type"": ""state""}"
5296,"{""type"": ""state""}","{""type"": ""state""}"
5297,"{""type"": ""state""}","{""type"": ""state""}"
5298,"{""type"": ""state""}","{""type"": ""state""}"
5299,"{""type"": ""code""}","{""type"": ""code""}"
5300,"{""type"": ""weight""}","{""type"": ""weight""}"
5301,"{""type"": ""artist""}","{""type"": ""artist""}"
5302,"{""type"": ""country""}","{""type"": ""country""}"
5303,"{""type"": ""weight""}","{""type"": ""weight""}"
5304,"{""type"": ""weight""}","{""type"": ""weight""}"
5305,"{""type"": ""name""}","{""type"": ""name""}"
5306,"{""type"": ""name""}","{""type"": ""name""}"
5307,"{""type"": ""city""}","{""type"": ""city""}"
5308,"{""type"": ""category""}","{""type"": ""category""}"
5309,"{""type"": ""team""}","{""type"": ""team""}"
5310,"{""type"": ""result""}","{""type"": ""result""}"
5311,"{""type"": ""artist""}","{""type"": ""artist""}"
5312,"{""type"": ""type""}","{""type"": ""name""}"
5313,"{""type"": ""status""}","{""type"": ""status""}"
5314,"{""type"": ""team""}","{""type"": ""state""}"
5315,"{""type"": ""description""}","{""type"": ""description""}"
5316,"{""type"": ""order""}","{""type"": ""order""}"
5317,"{""type"": ""rank""}","{""type"": ""rank""}"
5318,"{""type"": ""name""}","{""type"": ""name""}"
5319,"{""type"": ""code""}","{""type"": ""code""}"
5320,"{""type"": ""city""}","{""type"": ""city""}"
5321,"{""type"": ""type""}","{""type"": ""type""}"
5322,"{""type"": ""status""}","{""type"": ""status""}"
5323,"{""type"": ""name""}","{""type"": ""name""}"
5324,"{""type"": ""status""}","{""type"": ""status""}"
5325,"{""type"": ""state""}","{""type"": ""state""}"
5326,"{""type"": ""state""}","{""type"": ""state""}"
5327,"{""type"": ""state""}","{""type"": ""state""}"
5328,"{""type"": ""state""}","{""type"": ""state""}"
5329,"{""type"": ""state""}","{""type"": ""state""}"
5330,"{""type"": ""description""}","{""type"": ""description""}"
5331,"{""type"": ""result""}","{""type"": ""result""}"
5332,"{""type"": ""team""}","{""type"": ""team""}"
5333,"{""type"": ""state""}","{""type"": ""state""}"
5334,"{""type"": ""album""}","{""type"": ""album""}"
5335,"{""type"": ""symbol""}","{""type"": ""symbol""}"
5336,"{""type"": ""sex""}","{""type"": ""sex""}"
5337,"{""type"": ""state""}","{""type"": ""state""}"
5338,"{""type"": ""year""}","{""type"": ""year""}"
5339,"{""type"": ""year""}","{""type"": ""year""}"
5340,"{""type"": ""age""}","{""type"": ""age""}"
5341,"{""type"": ""description""}","{""type"": ""description""}"
5342,"{""type"": ""sex""}","{""type"": ""sex""}"
5343,"{""type"": ""birthdate""}","{""type"": ""birthdate""}"
5344,"{""type"": ""code""}","{""type"": ""code""}"
5345,"{""type"": ""city""}","{""type"": ""city""}"
5346,"{""type"": ""city""}","{""type"": ""city""}"
5347,"{""type"": ""age""}","{""type"": ""age""}"
5348,"{""type"": ""name""}","{""type"": ""description""}"
5349,"{""type"": ""description""}","{""type"": ""description""}"
5350,"{""type"": ""name""}","{""type"": ""name""}"
5351,"{""type"": ""year""}","{""type"": ""year""}"
5352,"{""type"": ""city""}","{""type"": ""city""}"
5353,"{""type"": ""year""}","{""type"": ""year""}"
5354,"{""type"": ""area""}","{""type"": ""result""}"
5355,"{""type"": ""state""}","{""type"": ""state""}"
5356,"{""type"": ""description""}","{""type"": ""description""}"
5357,"{""type"": ""weight""}","{""type"": ""weight""}"
5358,"{""type"": ""name""}","{""type"": ""name""}"
5359,"{""type"": ""club""}","{""type"": ""club""}"
5360,"{""type"": ""location""}","{""type"": ""location""}"
5361,"{""type"": ""location""}","{""type"": ""location""}"
5362,"{""type"": ""class""}","{""type"": ""class""}"
5363,"{""type"": ""name""}","{""type"": ""name""}"
5364,"{""type"": ""result""}","{""type"": ""result""}"
5365,"{""type"": ""description""}","{""type"": ""description""}"
5366,"{""type"": ""city""}","{""type"": ""city""}"
5367,"{""type"": ""city""}","{""type"": ""city""}"
5368,"{""type"": ""city""}","{""type"": ""city""}"
5369,"{""type"": ""city""}","{""type"": ""city""}"
5370,"{""type"": ""city""}","{""type"": ""city""}"
5371,"{""type"": ""name""}","{""type"": ""name""}"
5372,"{""type"": ""name""}","{""type"": ""name""}"
5373,"{""type"": ""city""}","{""type"": ""city""}"
5374,"{""type"": ""result""}","{""type"": ""result""}"
5375,"{""type"": ""result""}","{""type"": ""result""}"
5376,"{""type"": ""rank""}","{""type"": ""rank""}"
5377,"{""type"": ""code""}","{""type"": ""code""}"
5378,"{""type"": ""team""}","{""type"": ""team""}"
5379,"{""type"": ""name""}","{""type"": ""name""}"
5380,"{""type"": ""artist""}","{""type"": ""artist""}"
5381,"{""type"": ""rank""}","{""type"": ""rank""}"
5382,"{""type"": ""rank""}","{""type"": ""rank""}"
5383,"{""type"": ""rank""}","{""type"": ""rank""}"
5384,"{""type"": ""rank""}","{""type"": ""rank""}"
5385,"{""type"": ""rank""}","{""type"": ""rank""}"
5386,"{""type"": ""club""}","{""type"": ""club""}"
5387,"{""type"": ""city""}","{""type"": ""city""}"
5388,"{""type"": ""album""}","{""type"": ""album""}"
5389,"{""type"": ""type""}","{""type"": ""type""}"
5390,"{""type"": ""county""}","{""type"": ""city""}"
5391,"{""type"": ""state""}","{""type"": ""state""}"
5392,"{""type"": ""description""}","{""type"": ""description""}"
5393,"{""type"": ""year""}","{""type"": ""year""}"
5394,"{""type"": ""age""}","{""type"": ""rank""}"
5395,"{""type"": ""rank""}","{""type"": ""rank""}"
5396,"{""type"": ""team""}","{""type"": ""team""}"
5397,"{""type"": ""name""}","{""type"": ""name""}"
5398,"{""type"": ""age""}","{""type"": ""age""}"
5399,"{""type"": ""year""}","{""type"": ""status""}"
5400,"{""type"": ""year""}","{""type"": ""status""}"
5401,"{""type"": ""year""}","{""type"": ""year""}"
5402,"{""type"": ""year""}","{""type"": ""status""}"
5403,"{""type"": ""year""}","{""type"": ""year""}"
5404,"{""type"": ""teamname""}","{""type"": ""teamname""}"
5405,"{""type"": ""name""}","{""type"": ""name""}"
5406,"{""type"": ""name""}","{""type"": ""name""}"
5407,"{""type"": ""club""}","{""type"": ""club""}"
5408,"{""type"": ""description""}","{""type"": ""description""}"
5409,"{""type"": ""location""}","{""type"": ""location""}"
5410,"{""type"": ""category""}","{""type"": ""category""}"
5411,"{""type"": ""name""}","{""type"": ""name""}"
5412,"{""type"": ""rank""}","{""type"": ""rank""}"
5413,"{""type"": ""name""}","{""type"": ""name""}"
5414,"{""type"": ""album""}","{""type"": ""album""}"
5415,"{""type"": ""club""}","{""type"": ""club""}"
5416,"{""type"": ""team""}","{""type"": ""location""}"
5417,"{""type"": ""team""}","{""type"": ""team""}"
5418,"{""type"": ""state""}","{""type"": ""state""}"
5419,"{""type"": ""description""}","{""type"": ""description""}"
5420,"{""type"": ""location""}","{""type"": ""location""}"
5421,"{""type"": ""location""}","{""type"": ""location""}"
5422,"{""type"": ""category""}","{""type"": ""category""}"
5423,"{""type"": ""class""}","{""type"": ""class""}"
5424,"{""type"": ""name""}","{""type"": ""name""}"
5425,"{""type"": ""name""}","{""type"": ""description""}"
5426,"{""type"": ""code""}","{""type"": ""code""}"
5427,"{""type"": ""grades""}","{""type"": ""grades""}"
5428,"{""type"": ""description""}","{""type"": ""description""}"
5429,"{""type"": ""location""}","{""type"": ""location""}"
5430,"{""type"": ""year""}","{""type"": ""year""}"
5431,"{""type"": ""name""}","{""type"": ""name""}"
5432,"{""type"": ""state""}","{""type"": ""state""}"
5433,"{""type"": ""state""}","{""type"": ""state""}"
5434,"{""type"": ""state""}","{""type"": ""state""}"
5435,"{""type"": ""state""}","{""type"": ""state""}"
5436,"{""type"": ""state""}","{""type"": ""state""}"
5437,"{""type"": ""city""}","{""type"": ""city""}"
5438,"{""type"": ""name""}","{""type"": ""name""}"
5439,"{""type"": ""description""}","{""type"": ""description""}"
5440,"{""type"": ""state""}","{""type"": ""state""}"
5441,"{""type"": ""gender""}","{""type"": ""gender""}"
5442,"{""type"": ""city""}","{""type"": ""city""}"
5443,"{""type"": ""description""}","{""type"": ""description""}"
5444,"{""type"": ""team""}","{""type"": ""team""}"
5445,"{""type"": ""state""}","{""type"": ""state""}"
5446,"{""type"": ""team""}","{""type"": ""team""}"
5447,"{""type"": ""result""}","{""type"": ""result""}"
5448,"{""type"": ""age""}","{""type"": ""age""}"
5449,"{""type"": ""name""}","{""type"": ""name""}"
5450,"{""type"": ""name""}","{""type"": ""name""}"
5451,"{""type"": ""teamname""}","{""type"": ""teamname""}"
5452,"{""type"": ""name""}","{""type"": ""name""}"
5453,"{""type"": ""age""}","{""type"": ""age""}"
5454,"{""type"": ""type""}","{""type"": ""status""}"
5455,"{""type"": ""city""}","{""type"": ""city""}"
5456,"{""type"": ""album""}","{""type"": ""album""}"
5457,"{""type"": ""type""}","{""type"": ""type""}"
5458,"{""type"": ""state""}","{""type"": ""state""}"
5459,"{""type"": ""team""}","{""type"": ""team""}"
5460,"{""type"": ""year""}","{""type"": ""year""}"
5461,"{""type"": ""name""}","{""type"": ""name""}"
5462,"{""type"": ""year""}","{""type"": ""year""}"
5463,"{""type"": ""age""}","{""type"": ""age""}"
5464,"{""type"": ""position""}","{""type"": ""position""}"
5465,"{""type"": ""description""}","{""type"": ""description""}"
5466,"{""type"": ""city""}","{""type"": ""city""}"
5467,"{""type"": ""album""}","{""type"": ""album""}"
5468,"{""type"": ""description""}","{""type"": ""description""}"
5469,"{""type"": ""status""}","{""type"": ""status""}"
5470,"{""type"": ""name""}","{""type"": ""name""}"
5471,"{""type"": ""city""}","{""type"": ""city""}"
5472,"{""type"": ""type""}","{""type"": ""type""}"
5473,"{""type"": ""team""}","{""type"": ""teamname""}"
5474,"{""type"": ""code""}","{""type"": ""code""}"
5475,"{""type"": ""status""}","{""type"": ""status""}"
5476,"{""type"": ""club""}","{""type"": ""club""}"
5477,"{""type"": ""artist""}","{""type"": ""artist""}"
5478,"{""type"": ""name""}","{""type"": ""name""}"
5479,"{""type"": ""teamname""}","{""type"": ""teamname""}"
5480,"{""type"": ""age""}","{""type"": ""age""}"
5481,"{""type"": ""rank""}","{""type"": ""rank""}"
5482,"{""type"": ""weight""}","{""type"": ""weight""}"
5483,"{""type"": ""name""}","{""type"": ""name""}"
5484,"{""type"": ""age""}","{""type"": ""age""}"
5485,"{""type"": ""team""}","{""type"": ""team""}"
5486,"{""type"": ""location""}","{""type"": ""location""}"
5487,"{""type"": ""age""}","{""type"": ""age""}"
5488,"{""type"": ""club""}","{""type"": ""club""}"
5489,"{""type"": ""city""}","{""type"": ""city""}"
5490,"{""type"": ""club""}","{""type"": ""club""}"
5491,"{""type"": ""club""}","{""type"": ""club""}"
5492,"{""type"": ""result""}","{""type"": ""result""}"
5493,"{""type"": ""result""}","{""type"": ""result""}"
5494,"{""type"": ""result""}","{""type"": ""result""}"
5495,"{""type"": ""result""}","{""type"": ""result""}"
5496,"{""type"": ""result""}","{""type"": ""result""}"
5497,"{""type"": ""result""}","{""type"": ""result""}"
5498,"{""type"": ""result""}","{""type"": ""result""}"
5499,"{""type"": ""result""}","{""type"": ""result""}"
5500,"{""type"": ""result""}","{""type"": ""result""}"
5501,"{""type"": ""result""}","{""type"": ""result""}"
5502,"{""type"": ""result""}","{""type"": ""result""}"
5503,"{""type"": ""city""}","{""type"": ""city""}"
5504,"{""type"": ""artist""}","{""type"": ""artist""}"
5505,"{""type"": ""age""}","{""type"": ""age""}"
5506,"{""type"": ""teamname""}","{""type"": ""teamname""}"
5507,"{""type"": ""description""}","{""type"": ""description""}"
5508,"{""type"": ""description""}","{""type"": ""description""}"
5509,"{""type"": ""age""}","{""type"": ""age""}"
5510,"{""type"": ""name""}","{""type"": ""name""}"
5511,"{""type"": ""country""}","{""type"": ""country""}"
5512,"{""type"": ""team""}","{""type"": ""team""}"
5513,"{""type"": ""status""}","{""type"": ""status""}"
5514,"{""type"": ""symbol""}","{""type"": ""symbol""}"
5515,"{""type"": ""name""}","{""type"": ""name""}"
5516,"{""type"": ""city""}","{""type"": ""city""}"
5517,"{""type"": ""city""}","{""type"": ""city""}"
5518,"{""type"": ""city""}","{""type"": ""city""}"
5519,"{""type"": ""city""}","{""type"": ""city""}"
5520,"{""type"": ""city""}","{""type"": ""city""}"
5521,"{""type"": ""age""}","{""type"": ""age""}"
5522,"{""type"": ""country""}","{""type"": ""country""}"
5523,"{""type"": ""component""}","{""type"": ""name""}"
5524,"{""type"": ""component""}","{""type"": ""name""}"
5525,"{""type"": ""component""}","{""type"": ""name""}"
5526,"{""type"": ""component""}","{""type"": ""name""}"
5527,"{""type"": ""component""}","{""type"": ""name""}"
5528,"{""type"": ""artist""}","{""type"": ""artist""}"
5529,"{""type"": ""name""}","{""type"": ""name""}"
5530,"{""type"": ""description""}","{""type"": ""description""}"
5531,"{""type"": ""symbol""}","{""type"": ""code""}"
5532,"{""type"": ""status""}","{""type"": ""status""}"
5533,"{""type"": ""status""}","{""type"": ""status""}"
5534,"{""type"": ""family""}","{""type"": ""family""}"
5535,"{""type"": ""name""}","{""type"": ""name""}"
5536,"{""type"": ""notes""}","{""type"": ""notes""}"
5537,"{""type"": ""team""}","{""type"": ""team""}"
5538,"{""type"": ""location""}","{""type"": ""location""}"
5539,"{""type"": ""rank""}","{""type"": ""rank""}"
5540,"{""type"": ""class""}","{""type"": ""year""}"
5541,"{""type"": ""status""}","{""type"": ""status""}"
5542,"{""type"": ""city""}","{""type"": ""city""}"
5543,"{""type"": ""city""}","{""type"": ""city""}"
5544,"{""type"": ""city""}","{""type"": ""city""}"
5545,"{""type"": ""city""}","{""type"": ""city""}"
5546,"{""type"": ""city""}","{""type"": ""city""}"
5547,"{""type"": ""club""}","{""type"": ""club""}"
5548,"{""type"": ""year""}","{""type"": ""year""}"
5549,"{""type"": ""description""}","{""type"": ""description""}"
5550,"{""type"": ""code""}","{""type"": ""code""}"
5551,"{""type"": ""name""}","{""type"": ""name""}"
5552,"{""type"": ""name""}","{""type"": ""name""}"
5553,"{""type"": ""name""}","{""type"": ""name""}"
5554,"{""type"": ""name""}","{""type"": ""name""}"
5555,"{""type"": ""name""}","{""type"": ""name""}"
5556,"{""type"": ""status""}","{""type"": ""status""}"
5557,"{""type"": ""state""}","{""type"": ""state""}"
5558,"{""type"": ""state""}","{""type"": ""state""}"
5559,"{""type"": ""state""}","{""type"": ""state""}"
5560,"{""type"": ""state""}","{""type"": ""state""}"
5561,"{""type"": ""state""}","{""type"": ""state""}"
5562,"{""type"": ""weight""}","{""type"": ""weight""}"
5563,"{""type"": ""age""}","{""type"": ""age""}"
5564,"{""type"": ""club""}","{""type"": ""club""}"
5565,"{""type"": ""state""}","{""type"": ""state""}"
5566,"{""type"": ""weight""}","{""type"": ""weight""}"
5567,"{""type"": ""description""}","{""type"": ""description""}"
5568,"{""type"": ""album""}","{""type"": ""album""}"
5569,"{""type"": ""description""}","{""type"": ""description""}"
5570,"{""type"": ""operator""}","{""type"": ""operator""}"
5571,"{""type"": ""operator""}","{""type"": ""result""}"
5572,"{""type"": ""operator""}","{""type"": ""operator""}"
5573,"{""type"": ""operator""}","{""type"": ""operator""}"
5574,"{""type"": ""operator""}","{""type"": ""result""}"
5575,"{""type"": ""sex""}","{""type"": ""sex""}"
5576,"{""type"": ""status""}","{""type"": ""status""}"
5577,"{""type"": ""status""}","{""type"": ""status""}"
5578,"{""type"": ""club""}","{""type"": ""club""}"
5579,"{""type"": ""name""}","{""type"": ""name""}"
5580,"{""type"": ""artist""}","{""type"": ""artist""}"
5581,"{""type"": ""age""}","{""type"": ""age""}"
5582,"{""type"": ""weight""}","{""type"": ""weight""}"
5583,"{""type"": ""description""}","{""type"": ""description""}"
5584,"{""type"": ""status""}","{""type"": ""status""}"
5585,"{""type"": ""position""}","{""type"": ""position""}"
5586,"{""type"": ""position""}","{""type"": ""position""}"
5587,"{""type"": ""position""}","{""type"": ""location""}"
5588,"{""type"": ""position""}","{""type"": ""location""}"
5589,"{""type"": ""position""}","{""type"": ""position""}"
5590,"{""type"": ""artist""}","{""type"": ""artist""}"
5591,"{""type"": ""year""}","{""type"": ""year""}"
5592,"{""type"": ""address""}","{""type"": ""address""}"
5593,"{""type"": ""name""}","{""type"": ""name""}"
5594,"{""type"": ""description""}","{""type"": ""description""}"
5595,"{""type"": ""country""}","{""type"": ""country""}"
5596,"{""type"": ""country""}","{""type"": ""country""}"
5597,"{""type"": ""country""}","{""type"": ""country""}"
5598,"{""type"": ""country""}","{""type"": ""country""}"
5599,"{""type"": ""country""}","{""type"": ""team""}"
5600,"{""type"": ""status""}","{""type"": ""status""}"
5601,"{""type"": ""company""}","{""type"": ""company""}"
5602,"{""type"": ""county""}","{""type"": ""county""}"
5603,"{""type"": ""county""}","{""type"": ""county""}"
5604,"{""type"": ""county""}","{""type"": ""county""}"
5605,"{""type"": ""county""}","{""type"": ""county""}"
5606,"{""type"": ""county""}","{""type"": ""county""}"
5607,"{""type"": ""age""}","{""type"": ""age""}"
5608,"{""type"": ""country""}","{""type"": ""country""}"
5609,"{""type"": ""company""}","{""type"": ""company""}"
5610,"{""type"": ""city""}","{""type"": ""city""}"
5611,"{""type"": ""code""}","{""type"": ""symbol""}"
5612,"{""type"": ""code""}","{""type"": ""code""}"
5613,"{""type"": ""city""}","{""type"": ""city""}"
5614,"{""type"": ""year""}","{""type"": ""year""}"
5615,"{""type"": ""artist""}","{""type"": ""artist""}"
5616,"{""type"": ""company""}","{""type"": ""company""}"
5617,"{""type"": ""birthdate""}","{""type"": ""birthdate""}"
5618,"{""type"": ""birthdate""}","{""type"": ""birthdate""}"
5619,"{""type"": ""birthdate""}","{""type"": ""birthdate""}"
5620,"{""type"": ""birthdate""}","{""type"": ""birthdate""}"
5621,"{""type"": ""birthdate""}","{""type"": ""birthdate""}"
5622,"{""type"": ""weight""}","{""type"": ""weight""}"
5623,"{""type"": ""age""}","{""type"": ""age""}"
5624,"{""type"": ""state""}","{""type"": ""state""}"
5625,"{""type"": ""year""}","{""type"": ""year""}"
5626,"{""type"": ""name""}","{""type"": ""name""}"
5627,"{""type"": ""year""}","{""type"": ""year""}"
5628,"{""type"": ""description""}","{""type"": ""description""}"
5629,"{""type"": ""artist""}","{""type"": ""artist""}"
5630,"{""type"": ""year""}","{""type"": ""year""}"
5631,"{""type"": ""description""}","{""type"": ""description""}"
5632,"{""type"": ""album""}","{""type"": ""album""}"
5633,"{""type"": ""code""}","{""type"": ""code""}"
5634,"{""type"": ""name""}","{""type"": ""name""}"
5635,"{""type"": ""year""}","{""type"": ""year""}"
5636,"{""type"": ""position""}","{""type"": ""position""}"
5637,"{""type"": ""category""}","{""type"": ""category""}"
5638,"{""type"": ""team""}","{""type"": ""team""}"
5639,"{""type"": ""description""}","{""type"": ""description""}"
5640,"{""type"": ""year""}","{""type"": ""year""}"
5641,"{""type"": ""class""}","{""type"": ""class""}"
5642,"{""type"": ""name""}","{""type"": ""name""}"
5643,"{""type"": ""weight""}","{""type"": ""weight""}"
5644,"{""type"": ""team""}","{""type"": ""team""}"
5645,"{""type"": ""state""}","{""type"": ""state""}"
5646,"{""type"": ""state""}","{""type"": ""state""}"
5647,"{""type"": ""state""}","{""type"": ""state""}"
5648,"{""type"": ""state""}","{""type"": ""state""}"
5649,"{""type"": ""state""}","{""type"": ""state""}"
5650,"{""type"": ""name""}","{""type"": ""name""}"
5651,"{""type"": ""name""}","{""type"": ""name""}"
5652,"{""type"": ""code""}","{""type"": ""code""}"
5653,"{""type"": ""description""}","{""type"": ""description""}"
5654,"{""type"": ""day""}","{""type"": ""day""}"
5655,"{""type"": ""description""}","{""type"": ""description""}"
5656,"{""type"": ""weight""}","{""type"": ""weight""}"
5657,"{""type"": ""company""}","{""type"": ""company""}"
5658,"{""type"": ""age""}","{""type"": ""age""}"
5659,"{""type"": ""age""}","{""type"": ""age""}"
5660,"{""type"": ""year""}","{""type"": ""year""}"
5661,"{""type"": ""address""}","{""type"": ""address""}"
5662,"{""type"": ""description""}","{""type"": ""description""}"
5663,"{""type"": ""category""}","{""type"": ""category""}"
5664,"{""type"": ""category""}","{""type"": ""category""}"
5665,"{""type"": ""category""}","{""type"": ""category""}"
5666,"{""type"": ""category""}","{""type"": ""category""}"
5667,"{""type"": ""category""}","{""type"": ""category""}"
5668,"{""type"": ""location""}","{""type"": ""location""}"
5669,"{""type"": ""status""}","{""type"": ""status""}"
5670,"{""type"": ""type""}","{""type"": ""type""}"
5671,"{""type"": ""result""}","{""type"": ""result""}"
5672,"{""type"": ""team""}","{""type"": ""team""}"
5673,"{""type"": ""city""}","{""type"": ""city""}"
5674,"{""type"": ""name""}","{""type"": ""name""}"
5675,"{""type"": ""description""}","{""type"": ""description""}"
5676,"{""type"": ""day""}","{""type"": ""day""}"
5677,"{""type"": ""name""}","{""type"": ""name""}"
5678,"{""type"": ""city""}","{""type"": ""city""}"
5679,"{""type"": ""age""}","{""type"": ""age""}"
5680,"{""type"": ""location""}","{""type"": ""location""}"
5681,"{""type"": ""age""}","{""type"": ""age""}"
5682,"{""type"": ""name""}","{""type"": ""name""}"
5683,"{""type"": ""type""}","{""type"": ""type""}"
5684,"{""type"": ""status""}","{""type"": ""status""}"
5685,"{""type"": ""notes""}","{""type"": ""notes""}"
5686,"{""type"": ""name""}","{""type"": ""name""}"
5687,"{""type"": ""city""}","{""type"": ""city""}"
5688,"{""type"": ""class""}","{""type"": ""class""}"
5689,"{""type"": ""state""}","{""type"": ""state""}"
5690,"{""type"": ""state""}","{""type"": ""state""}"
5691,"{""type"": ""state""}","{""type"": ""state""}"
5692,"{""type"": ""state""}","{""type"": ""state""}"
5693,"{""type"": ""state""}","{""type"": ""state""}"
5694,"{""type"": ""code""}","{""type"": ""code""}"
5695,"{""type"": ""city""}","{""type"": ""city""}"
5696,"{""type"": ""rank""}","{""type"": ""rank""}"
5697,"{""type"": ""rank""}","{""type"": ""rank""}"
5698,"{""type"": ""address""}","{""type"": ""address""}"
5699,"{""type"": ""description""}","{""type"": ""description""}"
5700,"{""type"": ""location""}","{""type"": ""location""}"
5701,"{""type"": ""description""}","{""type"": ""description""}"
5702,"{""type"": ""name""}","{""type"": ""name""}"
5703,"{""type"": ""location""}","{""type"": ""location""}"
5704,"{""type"": ""filesize""}","{""type"": ""filesize""}"
5705,"{""type"": ""artist""}","{""type"": ""artist""}"
5706,"{""type"": ""status""}","{""type"": ""description""}"
5707,"{""type"": ""category""}","{""type"": ""category""}"
5708,"{""type"": ""category""}","{""type"": ""category""}"
5709,"{""type"": ""category""}","{""type"": ""category""}"
5710,"{""type"": ""category""}","{""type"": ""category""}"
5711,"{""type"": ""category""}","{""type"": ""category""}"
5712,"{""type"": ""name""}","{""type"": ""name""}"
5713,"{""type"": ""weight""}","{""type"": ""weight""}"
5714,"{""type"": ""team""}","{""type"": ""team""}"
5715,"{""type"": ""operator""}","{""type"": ""operator""}"
5716,"{""type"": ""location""}","{""type"": ""location""}"
5717,"{""type"": ""name""}","{""type"": ""name""}"
5718,"{""type"": ""club""}","{""type"": ""club""}"
5719,"{""type"": ""year""}","{""type"": ""year""}"
5720,"{""type"": ""code""}","{""type"": ""code""}"
5721,"{""type"": ""location""}","{""type"": ""location""}"
5722,"{""type"": ""status""}","{""type"": ""status""}"
5723,"{""type"": ""weight""}","{""type"": ""weight""}"
5724,"{""type"": ""state""}","{""type"": ""state""}"
5725,"{""type"": ""team""}","{""type"": ""teamname""}"
5726,"{""type"": ""team""}","{""type"": ""team""}"
5727,"{""type"": ""category""}","{""type"": ""category""}"
5728,"{""type"": ""name""}","{""type"": ""name""}"
5729,"{""type"": ""result""}","{""type"": ""result""}"
5730,"{""type"": ""result""}","{""type"": ""result""}"
5731,"{""type"": ""result""}","{""type"": ""result""}"
5732,"{""type"": ""result""}","{""type"": ""result""}"
5733,"{""type"": ""result""}","{""type"": ""result""}"
5734,"{""type"": ""elevation""}","{""type"": ""elevation""}"
5735,"{""type"": ""club""}","{""type"": ""club""}"
5736,"{""type"": ""status""}","{""type"": ""status""}"
5737,"{""type"": ""notes""}","{""type"": ""notes""}"
5738,"{""type"": ""rank""}","{""type"": ""rank""}"
5739,"{""type"": ""description""}","{""type"": ""description""}"
5740,"{""type"": ""position""}","{""type"": ""position""}"
5741,"{""type"": ""year""}","{""type"": ""year""}"
5742,"{""type"": ""description""}","{""type"": ""description""}"
5743,"{""type"": ""description""}","{""type"": ""description""}"
5744,"{""type"": ""year""}","{""type"": ""year""}"
5745,"{""type"": ""age""}","{""type"": ""age""}"
5746,"{""type"": ""name""}","{""type"": ""name""}"
5747,"{""type"": ""weight""}","{""type"": ""weight""}"
5748,"{""type"": ""rank""}","{""type"": ""rank""}"
5749,"{""type"": ""city""}","{""type"": ""city""}"
5750,"{""type"": ""country""}","{""type"": ""country""}"
5751,"{""type"": ""country""}","{""type"": ""country""}"
5752,"{""type"": ""country""}","{""type"": ""country""}"
5753,"{""type"": ""country""}","{""type"": ""country""}"
5754,"{""type"": ""country""}","{""type"": ""country""}"
5755,"{""type"": ""name""}","{""type"": ""name""}"
5756,"{""type"": ""rank""}","{""type"": ""ranking""}"
5757,"{""type"": ""description""}","{""type"": ""description""}"
5758,"{""type"": ""owner""}","{""type"": ""owner""}"
5759,"{""type"": ""city""}","{""type"": ""city""}"
5760,"{""type"": ""code""}","{""type"": ""code""}"
5761,"{""type"": ""age""}","{""type"": ""age""}"
5762,"{""type"": ""team""}","{""type"": ""team""}"
5763,"{""type"": ""year""}","{""type"": ""year""}"
5764,"{""type"": ""code""}","{""type"": ""code""}"
5765,"{""type"": ""code""}","{""type"": ""code""}"
5766,"{""type"": ""region""}","{""type"": ""region""}"
5767,"{""type"": ""status""}","{""type"": ""status""}"
5768,"{""type"": ""album""}","{""type"": ""album""}"
5769,"{""type"": ""company""}","{""type"": ""company""}"
5770,"{""type"": ""result""}","{""type"": ""status""}"
5771,"{""type"": ""result""}","{""type"": ""result""}"
5772,"{""type"": ""city""}","{""type"": ""location""}"
5773,"{""type"": ""description""}","{""type"": ""description""}"
5774,"{""type"": ""name""}","{""type"": ""name""}"
5775,"{""type"": ""city""}","{""type"": ""city""}"
5776,"{""type"": ""description""}","{""type"": ""description""}"
5777,"{""type"": ""weight""}","{""type"": ""weight""}"
5778,"{""type"": ""name""}","{""type"": ""name""}"
5779,"{""type"": ""album""}","{""type"": ""album""}"
5780,"{""type"": ""description""}","{""type"": ""description""}"
5781,"{""type"": ""country""}","{""type"": ""country""}"
5782,"{""type"": ""country""}","{""type"": ""country""}"
5783,"{""type"": ""country""}","{""type"": ""country""}"
5784,"{""type"": ""country""}","{""type"": ""country""}"
5785,"{""type"": ""country""}","{""type"": ""country""}"
5786,"{""type"": ""description""}","{""type"": ""description""}"
5787,"{""type"": ""address""}","{""type"": ""address""}"
5788,"{""type"": ""name""}","{""type"": ""name""}"
5789,"{""type"": ""name""}","{""type"": ""name""}"
5790,"{""type"": ""name""}","{""type"": ""name""}"
5791,"{""type"": ""name""}","{""type"": ""name""}"
5792,"{""type"": ""name""}","{""type"": ""name""}"
5793,"{""type"": ""weight""}","{""type"": ""weight""}"
5794,"{""type"": ""artist""}","{""type"": ""artist""}"
5795,"{""type"": ""position""}","{""type"": ""position""}"
5796,"{""type"": ""category""}","{""type"": ""category""}"
5797,"{""type"": ""rank""}","{""type"": ""rank""}"
5798,"{""type"": ""team""}","{""type"": ""team""}"
5799,"{""type"": ""name""}","{""type"": ""name""}"
5800,"{""type"": ""name""}","{""type"": ""name""}"
5801,"{""type"": ""name""}","{""type"": ""name""}"
5802,"{""type"": ""state""}","{""type"": ""state""}"
5803,"{""type"": ""affiliation""}","{""type"": ""affiliation""}"
5804,"{""type"": ""age""}","{""type"": ""age""}"
5805,"{""type"": ""artist""}","{""type"": ""artist""}"
5806,"{""type"": ""artist""}","{""type"": ""artist""}"
5807,"{""type"": ""country""}","{""type"": ""country""}"
5808,"{""type"": ""age""}","{""type"": ""age""}"
5809,"{""type"": ""state""}","{""type"": ""state""}"
5810,"{""type"": ""code""}","{""type"": ""code""}"
5811,"{""type"": ""isbn""}","{""type"": ""isbn""}"
5812,"{""type"": ""team""}","{""type"": ""team""}"
5813,"{""type"": ""description""}","{""type"": ""description""}"
5814,"{""type"": ""club""}","{""type"": ""club""}"
5815,"{""type"": ""country""}","{""type"": ""nationality""}"
5816,"{""type"": ""name""}","{""type"": ""name""}"
5817,"{""type"": ""company""}","{""type"": ""company""}"
5818,"{""type"": ""county""}","{""type"": ""county""}"
5819,"{""type"": ""club""}","{""type"": ""club""}"
5820,"{""type"": ""weight""}","{""type"": ""weight""}"
5821,"{""type"": ""name""}","{""type"": ""company""}"
5822,"{""type"": ""weight""}","{""type"": ""weight""}"
5823,"{""type"": ""type""}","{""type"": ""type""}"
5824,"{""type"": ""type""}","{""type"": ""type""}"
5825,"{""type"": ""description""}","{""type"": ""description""}"
5826,"{""type"": ""state""}","{""type"": ""state""}"
5827,"{""type"": ""city""}","{""type"": ""city""}"
5828,"{""type"": ""status""}","{""type"": ""status""}"
5829,"{""type"": ""state""}","{""type"": ""state""}"
5830,"{""type"": ""age""}","{""type"": ""age""}"
5831,"{""type"": ""rank""}","{""type"": ""rank""}"
5832,"{""type"": ""city""}","{""type"": ""city""}"
5833,"{""type"": ""state""}","{""type"": ""state""}"
5834,"{""type"": ""state""}","{""type"": ""state""}"
5835,"{""type"": ""state""}","{""type"": ""state""}"
5836,"{""type"": ""state""}","{""type"": ""state""}"
5837,"{""type"": ""state""}","{""type"": ""state""}"
5838,"{""type"": ""rank""}","{""type"": ""rank""}"
5839,"{""type"": ""description""}","{""type"": ""description""}"
5840,"{""type"": ""type""}","{""type"": ""type""}"
5841,"{""type"": ""weight""}","{""type"": ""weight""}"
5842,"{""type"": ""location""}","{""type"": ""location""}"
5843,"{""type"": ""weight""}","{""type"": ""weight""}"
5844,"{""type"": ""description""}","{""type"": ""description""}"
5845,"{""type"": ""name""}","{""type"": ""name""}"
5846,"{""type"": ""manufacturer""}","{""type"": ""manufacturer""}"
5847,"{""type"": ""album""}","{""type"": ""album""}"
5848,"{""type"": ""language""}","{""type"": ""language""}"
5849,"{""type"": ""state""}","{""type"": ""state""}"
5850,"{""type"": ""state""}","{""type"": ""state""}"
5851,"{""type"": ""state""}","{""type"": ""state""}"
5852,"{""type"": ""state""}","{""type"": ""state""}"
5853,"{""type"": ""state""}","{""type"": ""state""}"
5854,"{""type"": ""artist""}","{""type"": ""album""}"
5855,"{""type"": ""weight""}","{""type"": ""weight""}"
5856,"{""type"": ""age""}","{""type"": ""age""}"
5857,"{""type"": ""name""}","{""type"": ""name""}"
5858,"{""type"": ""artist""}","{""type"": ""artist""}"
5859,"{""type"": ""city""}","{""type"": ""city""}"
5860,"{""type"": ""city""}","{""type"": ""city""}"
5861,"{""type"": ""city""}","{""type"": ""city""}"
5862,"{""type"": ""city""}","{""type"": ""city""}"
5863,"{""type"": ""city""}","{""type"": ""city""}"
5864,"{""type"": ""code""}","{""type"": ""code""}"
5865,"{""type"": ""country""}","{""type"": ""country""}"
5866,"{""type"": ""company""}","{""type"": ""company""}"
5867,"{""type"": ""description""}","{""type"": ""description""}"
5868,"{""type"": ""class""}","{""type"": ""year""}"
5869,"{""type"": ""product""}","{""type"": ""family""}"
5870,"{""type"": ""description""}","{""type"": ""description""}"
5871,"{""type"": ""club""}","{""type"": ""club""}"
5872,"{""type"": ""team""}","{""type"": ""team""}"
5873,"{""type"": ""status""}","{""type"": ""status""}"
5874,"{""type"": ""age""}","{""type"": ""age""}"
5875,"{""type"": ""result""}","{""type"": ""result""}"
5876,"{""type"": ""result""}","{""type"": ""result""}"
5877,"{""type"": ""result""}","{""type"": ""result""}"
5878,"{""type"": ""result""}","{""type"": ""result""}"
5879,"{""type"": ""result""}","{""type"": ""result""}"
5880,"{""type"": ""weight""}","{""type"": ""weight""}"
5881,"{""type"": ""rank""}","{""type"": ""rank""}"
5882,"{""type"": ""company""}","{""type"": ""company""}"
5883,"{""type"": ""club""}","{""type"": ""club""}"
5884,"{""type"": ""name""}","{""type"": ""name""}"
5885,"{""type"": ""company""}","{""type"": ""company""}"
5886,"{""type"": ""city""}","{""type"": ""city""}"
5887,"{""type"": ""club""}","{""type"": ""club""}"
5888,"{""type"": ""gender""}","{""type"": ""gender""}"
5889,"{""type"": ""year""}","{""type"": ""year""}"
5890,"{""type"": ""club""}","{""type"": ""club""}"
5891,"{""type"": ""name""}","{""type"": ""name""}"
5892,"{""type"": ""age""}","{""type"": ""age""}"
5893,"{""type"": ""location""}","{""type"": ""location""}"
5894,"{""type"": ""weight""}","{""type"": ""weight""}"
5895,"{""type"": ""status""}","{""type"": ""status""}"
5896,"{""type"": ""company""}","{""type"": ""company""}"
5897,"{""type"": ""code""}","{""type"": ""code""}"
5898,"{""type"": ""description""}","{""type"": ""description""}"
5899,"{""type"": ""age""}","{""type"": ""age""}"
5900,"{""type"": ""type""}","{""type"": ""type""}"
5901,"{""type"": ""year""}","{""type"": ""year""}"
5902,"{""type"": ""artist""}","{""type"": ""name""}"
5903,"{""type"": ""description""}","{""type"": ""description""}"
5904,"{""type"": ""name""}","{""type"": ""name""}"
5905,"{""type"": ""format""}","{""type"": ""format""}"
5906,"{""type"": ""city""}","{""type"": ""city""}"
5907,"{""type"": ""album""}","{""type"": ""album""}"
5908,"{""type"": ""location""}","{""type"": ""location""}"
5909,"{""type"": ""country""}","{""type"": ""country""}"
5910,"{""type"": ""age""}","{""type"": ""age""}"
5911,"{""type"": ""name""}","{""type"": ""name""}"
5912,"{""type"": ""category""}","{""type"": ""category""}"
5913,"{""type"": ""filesize""}","{""type"": ""filesize""}"
5914,"{""type"": ""code""}","{""type"": ""code""}"
5915,"{""type"": ""state""}","{""type"": ""state""}"
5916,"{""type"": ""state""}","{""type"": ""state""}"
5917,"{""type"": ""class""}","{""type"": ""order""}"
5918,"{""type"": ""description""}","{""type"": ""description""}"
5919,"{""type"": ""owner""}","{""type"": ""owner""}"
5920,"{""type"": ""notes""}","{""type"": ""notes""}"
5921,"{""type"": ""city""}","{""type"": ""city""}"
5922,"{""type"": ""year""}","{""type"": ""year""}"
5923,"{""type"": ""status""}","{""type"": ""status""}"
5924,"{""type"": ""code""}","{""type"": ""code""}"
5925,"{""type"": ""state""}","{""type"": ""state""}"
5926,"{""type"": ""location""}","{""type"": ""location""}"
5927,"{""type"": ""rank""}","{""type"": ""rank""}"
5928,"{""type"": ""team""}","{""type"": ""team""}"
5929,"{""type"": ""description""}","{""type"": ""description""}"
5930,"{""type"": ""category""}","{""type"": ""category""}"
5931,"{""type"": ""weight""}","{""type"": ""weight""}"
5932,"{""type"": ""state""}","{""type"": ""state""}"
5933,"{""type"": ""country""}","{""type"": ""type""}"
5934,"{""type"": ""status""}","{""type"": ""status""}"
5935,"{""type"": ""class""}","{""type"": ""class""}"
5936,"{""type"": ""weight""}","{""type"": ""weight""}"
5937,"{""type"": ""name""}","{""type"": ""name""}"
5938,"{""type"": ""city""}","{""type"": ""city""}"
5939,"{""type"": ""code""}","{""type"": ""code""}"
5940,"{""type"": ""name""}","{""type"": ""name""}"
5941,"{""type"": ""rank""}","{""type"": ""rank""}"
5942,"{""type"": ""description""}","{""type"": ""description""}"
5943,"{""type"": ""name""}","{""type"": ""name""}"
5944,"{""type"": ""year""}","{""type"": ""year""}"
5945,"{""type"": ""weight""}","{""type"": ""weight""}"
5946,"{""type"": ""symbol""}","{""type"": ""symbol""}"
5947,"{""type"": ""description""}","{""type"": ""description""}"
5948,"{""type"": ""name""}","{""type"": ""name""}"
5949,"{""type"": ""club""}","{""type"": ""club""}"
5950,"{""type"": ""description""}","{""type"": ""description""}"
5951,"{""type"": ""location""}","{""type"": ""location""}"
5952,"{""type"": ""description""}","{""type"": ""description""}"
5953,"{""type"": ""status""}","{""type"": ""name""}"
5954,"{""type"": ""rank""}","{""type"": ""rank""}"
5955,"{""type"": ""rank""}","{""type"": ""rank""}"
5956,"{""type"": ""rank""}","{""type"": ""rank""}"
5957,"{""type"": ""rank""}","{""type"": ""rank""}"
5958,"{""type"": ""rank""}","{""type"": ""rank""}"
5959,"{""type"": ""type""}","{""type"": ""description""}"
5960,"{""type"": ""artist""}","{""type"": ""artist""}"
5961,"{""type"": ""weight""}","{""type"": ""weight""}"
5962,"{""type"": ""city""}","{""type"": ""city""}"
5963,"{""type"": ""city""}","{""type"": ""city""}"
5964,"{""type"": ""name""}","{""type"": ""name""}"
5965,"{""type"": ""weight""}","{""type"": ""weight""}"
5966,"{""type"": ""year""}","{""type"": ""year""}"
5967,"{""type"": ""year""}","{""type"": ""year""}"
5968,"{""type"": ""age""}","{""type"": ""age""}"
5969,"{""type"": ""code""}","{""type"": ""code""}"
5970,"{""type"": ""rank""}","{""type"": ""rank""}"
5971,"{""type"": ""state""}","{""type"": ""state""}"
5972,"{""type"": ""age""}","{""type"": ""age""}"
5973,"{""type"": ""age""}","{""type"": ""age""}"
5974,"{""type"": ""language""}","{""type"": ""language""}"
5975,"{""type"": ""state""}","{""type"": ""state""}"
5976,"{""type"": ""city""}","{""type"": ""city""}"
5977,"{""type"": ""description""}","{""type"": ""description""}"
5978,"{""type"": ""name""}","{""type"": ""name""}"
5979,"{""type"": ""description""}","{""type"": ""description""}"
5980,"{""type"": ""name""}","{""type"": ""name""}"
5981,"{""type"": ""name""}","{""type"": ""name""}"
5982,"{""type"": ""artist""}","{""type"": ""artist""}"
5983,"{""type"": ""location""}","{""type"": ""location""}"
5984,"{""type"": ""age""}","{""type"": ""age""}"
5985,"{""type"": ""age""}","{""type"": ""age""}"
5986,"{""type"": ""position""}","{""type"": ""position""}"
5987,"{""type"": ""name""}","{""type"": ""name""}"
5988,"{""type"": ""weight""}","{""type"": ""weight""}"
5989,"{""type"": ""name""}","{""type"": ""name""}"
5990,"{""type"": ""position""}","{""type"": ""position""}"
5991,"{""type"": ""company""}","{""type"": ""company""}"
5992,"{""type"": ""weight""}","{""type"": ""weight""}"
5993,"{""type"": ""artist""}","{""type"": ""artist""}"
5994,"{""type"": ""city""}","{""type"": ""city""}"
5995,"{""type"": ""age""}","{""type"": ""age""}"
5996,"{""type"": ""country""}","{""type"": ""nationality""}"
5997,"{""type"": ""country""}","{""type"": ""country""}"
5998,"{""type"": ""name""}","{""type"": ""name""}"
5999,"{""type"": ""code""}","{""type"": ""code""}"
6000,"{""type"": ""description""}","{""type"": ""description""}"
6001,"{""type"": ""year""}","{""type"": ""year""}"
6002,"{""type"": ""name""}","{""type"": ""name""}"
6003,"{""type"": ""affiliation""}","{""type"": ""affiliation""}"
6004,"{""type"": ""album""}","{""type"": ""album""}"
6005,"{""type"": ""address""}","{""type"": ""address""}"
6006,"{""type"": ""weight""}","{""type"": ""weight""}"
6007,"{""type"": ""status""}","{""type"": ""status""}"
6008,"{""type"": ""artist""}","{""type"": ""album""}"
6009,"{""type"": ""teamname""}","{""type"": ""teamname""}"
6010,"{""type"": ""status""}","{""type"": ""status""}"
6011,"{""type"": ""country""}","{""type"": ""country""}"
6012,"{""type"": ""name""}","{""type"": ""name""}"
6013,"{""type"": ""component""}","{""type"": ""component""}"
6014,"{""type"": ""club""}","{""type"": ""club""}"
6015,"{""type"": ""component""}","{""type"": ""component""}"
6016,"{""type"": ""age""}","{""type"": ""age""}"
6017,"{""type"": ""name""}","{""type"": ""name""}"
6018,"{""type"": ""gender""}","{""type"": ""gender""}"
6019,"{""type"": ""code""}","{""type"": ""code""}"
6020,"{""type"": ""county""}","{""type"": ""county""}"
6021,"{""type"": ""rank""}","{""type"": ""rank""}"
6022,"{""type"": ""state""}","{""type"": ""state""}"
6023,"{""type"": ""state""}","{""type"": ""state""}"
6024,"{""type"": ""state""}","{""type"": ""state""}"
6025,"{""type"": ""state""}","{""type"": ""state""}"
6026,"{""type"": ""state""}","{""type"": ""state""}"
6027,"{""type"": ""name""}","{""type"": ""name""}"
6028,"{""type"": ""description""}","{""type"": ""description""}"
6029,"{""type"": ""symbol""}","{""type"": ""symbol""}"
6030,"{""type"": ""rank""}","{""type"": ""rank""}"
6031,"{""type"": ""code""}","{""type"": ""code""}"
6032,"{""type"": ""status""}","{""type"": ""status""}"
6033,"{""type"": ""origin""}","{""type"": ""origin""}"
6034,"{""type"": ""description""}","{""type"": ""description""}"
6035,"{""type"": ""class""}","{""type"": ""class""}"
6036,"{""type"": ""status""}","{""type"": ""status""}"
6037,"{""type"": ""description""}","{""type"": ""description""}"
6038,"{""type"": ""name""}","{""type"": ""name""}"
6039,"{""type"": ""location""}","{""type"": ""location""}"
6040,"{""type"": ""notes""}","{""type"": ""notes""}"
6041,"{""type"": ""description""}","{""type"": ""description""}"
6042,"{""type"": ""rank""}","{""type"": ""rank""}"
6043,"{""type"": ""state""}","{""type"": ""state""}"
6044,"{""type"": ""format""}","{""type"": ""format""}"
6045,"{""type"": ""name""}","{""type"": ""name""}"
6046,"{""type"": ""result""}","{""type"": ""result""}"
6047,"{""type"": ""name""}","{""type"": ""name""}"
6048,"{""type"": ""name""}","{""type"": ""name""}"
6049,"{""type"": ""name""}","{""type"": ""name""}"
6050,"{""type"": ""name""}","{""type"": ""name""}"
6051,"{""type"": ""name""}","{""type"": ""name""}"
6052,"{""type"": ""company""}","{""type"": ""company""}"
6053,"{""type"": ""position""}","{""type"": ""position""}"
6054,"{""type"": ""album""}","{""type"": ""album""}"
6055,"{""type"": ""year""}","{""type"": ""year""}"
6056,"{""type"": ""type""}","{""type"": ""type""}"
6057,"{""type"": ""description""}","{""type"": ""description""}"
6058,"{""type"": ""gender""}","{""type"": ""gender""}"
6059,"{""type"": ""address""}","{""type"": ""address""}"
6060,"{""type"": ""result""}","{""type"": ""result""}"
6061,"{""type"": ""weight""}","{""type"": ""weight""}"
6062,"{""type"": ""category""}","{""type"": ""category""}"
6063,"{""type"": ""status""}","{""type"": ""status""}"
6064,"{""type"": ""status""}","{""type"": ""status""}"
6065,"{""type"": ""type""}","{""type"": ""name""}"
6066,"{""type"": ""city""}","{""type"": ""city""}"
6067,"{""type"": ""description""}","{""type"": ""description""}"
6068,"{""type"": ""club""}","{""type"": ""club""}"
6069,"{""type"": ""position""}","{""type"": ""position""}"
6070,"{""type"": ""age""}","{""type"": ""age""}"
6071,"{""type"": ""code""}","{""type"": ""code""}"
6072,"{""type"": ""club""}","{""type"": ""club""}"
6073,"{""type"": ""type""}","{""type"": ""type""}"
6074,"{""type"": ""name""}","{""type"": ""name""}"
6075,"{""type"": ""year""}","{""type"": ""year""}"
6076,"{""type"": ""rank""}","{""type"": ""rank""}"
6077,"{""type"": ""rank""}","{""type"": ""rank""}"
6078,"{""type"": ""code""}","{""type"": ""code""}"
6079,"{""type"": ""name""}","{""type"": ""name""}"
6080,"{""type"": ""name""}","{""type"": ""name""}"
6081,"{""type"": ""name""}","{""type"": ""name""}"
6082,"{""type"": ""name""}","{""type"": ""name""}"
6083,"{""type"": ""name""}","{""type"": ""name""}"
6084,"{""type"": ""age""}","{""type"": ""age""}"
6085,"{""type"": ""album""}","{""type"": ""album""}"
6086,"{""type"": ""age""}","{""type"": ""age""}"
6087,"{""type"": ""address""}","{""type"": ""address""}"
6088,"{""type"": ""age""}","{""type"": ""age""}"
6089,"{""type"": ""age""}","{""type"": ""age""}"
6090,"{""type"": ""city""}","{""type"": ""city""}"
6091,"{""type"": ""city""}","{""type"": ""city""}"
6092,"{""type"": ""gender""}","{""type"": ""gender""}"
6093,"{""type"": ""type""}","{""type"": ""type""}"
6094,"{""type"": ""location""}","{""type"": ""city""}"
6095,"{""type"": ""description""}","{""type"": ""description""}"
6096,"{""type"": ""artist""}","{""type"": ""name""}"
6097,"{""type"": ""type""}","{""type"": ""status""}"
6098,"{""type"": ""status""}","{""type"": ""status""}"
6099,"{""type"": ""name""}","{""type"": ""name""}"
6100,"{""type"": ""name""}","{""type"": ""name""}"
6101,"{""type"": ""rank""}","{""type"": ""rank""}"
6102,"{""type"": ""city""}","{""type"": ""city""}"
6103,"{""type"": ""location""}","{""type"": ""description""}"
6104,"{""type"": ""name""}","{""type"": ""name""}"
6105,"{""type"": ""name""}","{""type"": ""name""}"
6106,"{""type"": ""name""}","{""type"": ""name""}"
6107,"{""type"": ""name""}","{""type"": ""name""}"
6108,"{""type"": ""name""}","{""type"": ""name""}"
6109,"{""type"": ""weight""}","{""type"": ""weight""}"
6110,"{""type"": ""club""}","{""type"": ""club""}"
6111,"{""type"": ""year""}","{""type"": ""year""}"
6112,"{""type"": ""command""}","{""type"": ""name""}"
6113,"{""type"": ""city""}","{""type"": ""city""}"
6114,"{""type"": ""name""}","{""type"": ""name""}"
6115,"{""type"": ""description""}","{""type"": ""description""}"
6116,"{""type"": ""format""}","{""type"": ""format""}"
6117,"{""type"": ""gender""}","{""type"": ""gender""}"
6118,"{""type"": ""location""}","{""type"": ""location""}"
6119,"{""type"": ""weight""}","{""type"": ""weight""}"
6120,"{""type"": ""name""}","{""type"": ""name""}"
6121,"{""type"": ""name""}","{""type"": ""name""}"
6122,"{""type"": ""name""}","{""type"": ""name""}"
6123,"{""type"": ""name""}","{""type"": ""name""}"
6124,"{""type"": ""name""}","{""type"": ""name""}"
6125,"{""type"": ""description""}","{""type"": ""description""}"
6126,"{""type"": ""description""}","{""type"": ""description""}"
6127,"{""type"": ""album""}","{""type"": ""description""}"
6128,"{""type"": ""weight""}","{""type"": ""weight""}"
6129,"{""type"": ""type""}","{""type"": ""type""}"
6130,"{""type"": ""category""}","{""type"": ""category""}"
6131,"{""type"": ""day""}","{""type"": ""rank""}"
6132,"{""type"": ""city""}","{""type"": ""city""}"
6133,"{""type"": ""depth""}","{""type"": ""depth""}"
6134,"{""type"": ""code""}","{""type"": ""code""}"
6135,"{""type"": ""location""}","{""type"": ""city""}"
6136,"{""type"": ""club""}","{""type"": ""club""}"
6137,"{""type"": ""weight""}","{""type"": ""weight""}"
6138,"{""type"": ""type""}","{""type"": ""type""}"
6139,"{""type"": ""age""}","{""type"": ""age""}"
6140,"{""type"": ""location""}","{""type"": ""location""}"
6141,"{""type"": ""county""}","{""type"": ""county""}"
6142,"{""type"": ""position""}","{""type"": ""position""}"
6143,"{""type"": ""rank""}","{""type"": ""rank""}"
6144,"{""type"": ""rank""}","{""type"": ""rank""}"
6145,"{""type"": ""rank""}","{""type"": ""rank""}"
6146,"{""type"": ""rank""}","{""type"": ""rank""}"
6147,"{""type"": ""rank""}","{""type"": ""rank""}"
6148,"{""type"": ""weight""}","{""type"": ""weight""}"
6149,"{""type"": ""age""}","{""type"": ""age""}"
6150,"{""type"": ""album""}","{""type"": ""album""}"
6151,"{""type"": ""notes""}","{""type"": ""notes""}"
6152,"{""type"": ""state""}","{""type"": ""state""}"
6153,"{""type"": ""state""}","{""type"": ""state""}"
6154,"{""type"": ""state""}","{""type"": ""state""}"
6155,"{""type"": ""state""}","{""type"": ""state""}"
6156,"{""type"": ""state""}","{""type"": ""state""}"
6157,"{""type"": ""status""}","{""type"": ""status""}"
6158,"{""type"": ""rank""}","{""type"": ""rank""}"
6159,"{""type"": ""city""}","{""type"": ""city""}"
6160,"{""type"": ""team""}","{""type"": ""team""}"
6161,"{""type"": ""name""}","{""type"": ""name""}"
6162,"{""type"": ""name""}","{""type"": ""company""}"
6163,"{""type"": ""description""}","{""type"": ""description""}"
6164,"{""type"": ""city""}","{""type"": ""city""}"
6165,"{""type"": ""weight""}","{""type"": ""weight""}"
6166,"{""type"": ""status""}","{""type"": ""status""}"
6167,"{""type"": ""age""}","{""type"": ""age""}"
6168,"{""type"": ""year""}","{""type"": ""year""}"
6169,"{""type"": ""year""}","{""type"": ""year""}"
6170,"{""type"": ""age""}","{""type"": ""age""}"
6171,"{""type"": ""team""}","{""type"": ""team""}"
6172,"{""type"": ""city""}","{""type"": ""city""}"
6173,"{""type"": ""type""}","{""type"": ""type""}"
6174,"{""type"": ""weight""}","{""type"": ""weight""}"
6175,"{""type"": ""state""}","{""type"": ""state""}"
6176,"{""type"": ""notes""}","{""type"": ""notes""}"
6177,"{""type"": ""category""}","{""type"": ""category""}"
6178,"{""type"": ""name""}","{""type"": ""name""}"
6179,"{""type"": ""team""}","{""type"": ""state""}"
6180,"{""type"": ""name""}","{""type"": ""name""}"
6181,"{""type"": ""name""}","{""type"": ""name""}"
6182,"{""type"": ""name""}","{""type"": ""name""}"
6183,"{""type"": ""name""}","{""type"": ""name""}"
6184,"{""type"": ""name""}","{""type"": ""name""}"
6185,"{""type"": ""position""}","{""type"": ""position""}"
6186,"{""type"": ""description""}","{""type"": ""description""}"
6187,"{""type"": ""status""}","{""type"": ""status""}"
6188,"{""type"": ""position""}","{""type"": ""position""}"
6189,"{""type"": ""type""}","{""type"": ""type""}"
6190,"{""type"": ""state""}","{""type"": ""state""}"
6191,"{""type"": ""state""}","{""type"": ""state""}"
6192,"{""type"": ""state""}","{""type"": ""state""}"
6193,"{""type"": ""state""}","{""type"": ""state""}"
6194,"{""type"": ""state""}","{""type"": ""state""}"
6195,"{""type"": ""day""}","{""type"": ""day""}"
6196,"{""type"": ""year""}","{""type"": ""year""}"
6197,"{""type"": ""name""}","{""type"": ""name""}"
6198,"{""type"": ""company""}","{""type"": ""company""}"
6199,"{""type"": ""year""}","{""type"": ""year""}"
6200,"{""type"": ""status""}","{""type"": ""status""}"
6201,"{""type"": ""rank""}","{""type"": ""rank""}"
6202,"{""type"": ""position""}","{""type"": ""position""}"
6203,"{""type"": ""status""}","{""type"": ""status""}"
6204,"{""type"": ""rank""}","{""type"": ""rank""}"
6205,"{""type"": ""location""}","{""type"": ""location""}"
6206,"{""type"": ""description""}","{""type"": ""description""}"
6207,"{""type"": ""type""}","{""type"": ""type""}"
6208,"{""type"": ""notes""}","{""type"": ""notes""}"
6209,"{""type"": ""type""}","{""type"": ""type""}"
6210,"{""type"": ""city""}","{""type"": ""city""}"
6211,"{""type"": ""city""}","{""type"": ""city""}"
6212,"{""type"": ""city""}","{""type"": ""city""}"
6213,"{""type"": ""city""}","{""type"": ""city""}"
6214,"{""type"": ""city""}","{""type"": ""city""}"
6215,"{""type"": ""description""}","{""type"": ""description""}"
6216,"{""type"": ""code""}","{""type"": ""code""}"
6217,"{""type"": ""age""}","{""type"": ""age""}"
6218,"{""type"": ""city""}","{""type"": ""city""}"
6219,"{""type"": ""age""}","{""type"": ""age""}"
6220,"{""type"": ""country""}","{""type"": ""country""}"
6221,"{""type"": ""code""}","{""type"": ""code""}"
6222,"{""type"": ""city""}","{""type"": ""city""}"
6223,"{""type"": ""weight""}","{""type"": ""plays""}"
6224,"{""type"": ""code""}","{""type"": ""code""}"
6225,"{""type"": ""class""}","{""type"": ""class""}"
6226,"{""type"": ""country""}","{""type"": ""country""}"
6227,"{""type"": ""location""}","{""type"": ""location""}"
6228,"{""type"": ""description""}","{""type"": ""description""}"
6229,"{""type"": ""year""}","{""type"": ""year""}"
6230,"{""type"": ""country""}","{""type"": ""country""}"
6231,"{""type"": ""elevation""}","{""type"": ""elevation""}"
6232,"{""type"": ""symbol""}","{""type"": ""symbol""}"
6233,"{""type"": ""club""}","{""type"": ""club""}"
6234,"{""type"": ""language""}","{""type"": ""language""}"
6235,"{""type"": ""name""}","{""type"": ""name""}"
6236,"{""type"": ""name""}","{""type"": ""name""}"
6237,"{""type"": ""name""}","{""type"": ""name""}"
6238,"{""type"": ""category""}","{""type"": ""category""}"
6239,"{""type"": ""status""}","{""type"": ""status""}"
6240,"{""type"": ""description""}","{""type"": ""description""}"
6241,"{""type"": ""notes""}","{""type"": ""notes""}"
6242,"{""type"": ""status""}","{""type"": ""status""}"
6243,"{""type"": ""manufacturer""}","{""type"": ""manufacturer""}"
6244,"{""type"": ""artist""}","{""type"": ""album""}"
6245,"{""type"": ""status""}","{""type"": ""status""}"
6246,"{""type"": ""weight""}","{""type"": ""weight""}"
6247,"{""type"": ""age""}","{""type"": ""age""}"
6248,"{""type"": ""age""}","{""type"": ""age""}"
6249,"{""type"": ""code""}","{""type"": ""code""}"
6250,"{""type"": ""team""}","{""type"": ""club""}"
6251,"{""type"": ""result""}","{""type"": ""result""}"
6252,"{""type"": ""result""}","{""type"": ""result""}"
6253,"{""type"": ""result""}","{""type"": ""result""}"
6254,"{""type"": ""result""}","{""type"": ""result""}"
6255,"{""type"": ""result""}","{""type"": ""result""}"
6256,"{""type"": ""status""}","{""type"": ""status""}"
6257,"{""type"": ""name""}","{""type"": ""name""}"
6258,"{""type"": ""age""}","{""type"": ""age""}"
6259,"{""type"": ""brand""}","{""type"": ""brand""}"
6260,"{""type"": ""location""}","{""type"": ""location""}"
6261,"{""type"": ""status""}","{""type"": ""status""}"
6262,"{""type"": ""age""}","{""type"": ""age""}"
6263,"{""type"": ""company""}","{""type"": ""company""}"
6264,"{""type"": ""weight""}","{""type"": ""weight""}"
6265,"{""type"": ""description""}","{""type"": ""description""}"
6266,"{""type"": ""code""}","{""type"": ""code""}"
6267,"{""type"": ""name""}","{""type"": ""name""}"
6268,"{""type"": ""position""}","{""type"": ""position""}"
6269,"{""type"": ""type""}","{""type"": ""type""}"
6270,"{""type"": ""type""}","{""type"": ""type""}"
6271,"{""type"": ""year""}","{""type"": ""year""}"
6272,"{""type"": ""age""}","{""type"": ""age""}"
6273,"{""type"": ""age""}","{""type"": ""age""}"
6274,"{""type"": ""name""}","{""type"": ""name""}"
6275,"{""type"": ""city""}","{""type"": ""city""}"
6276,"{""type"": ""age""}","{""type"": ""age""}"
6277,"{""type"": ""class""}","{""type"": ""class""}"
6278,"{""type"": ""name""}","{""type"": ""name""}"
6279,"{""type"": ""weight""}","{""type"": ""weight""}"
6280,"{""type"": ""name""}","{""type"": ""name""}"
6281,"{""type"": ""location""}","{""type"": ""location""}"
6282,"{""type"": ""company""}","{""type"": ""company""}"
6283,"{""type"": ""name""}","{""type"": ""name""}"
6284,"{""type"": ""description""}","{""type"": ""description""}"
6285,"{""type"": ""brand""}","{""type"": ""manufacturer""}"
6286,"{""type"": ""state""}","{""type"": ""state""}"
6287,"{""type"": ""age""}","{""type"": ""age""}"
6288,"{""type"": ""position""}","{""type"": ""position""}"
6289,"{""type"": ""country""}","{""type"": ""country""}"
6290,"{""type"": ""year""}","{""type"": ""year""}"
6291,"{""type"": ""code""}","{""type"": ""symbol""}"
6292,"{""type"": ""location""}","{""type"": ""location""}"
6293,"{""type"": ""city""}","{""type"": ""city""}"
6294,"{""type"": ""weight""}","{""type"": ""weight""}"
6295,"{""type"": ""age""}","{""type"": ""age""}"
6296,"{""type"": ""code""}","{""type"": ""code""}"
6297,"{""type"": ""status""}","{""type"": ""status""}"
6298,"{""type"": ""state""}","{""type"": ""state""}"
6299,"{""type"": ""sex""}","{""type"": ""sex""}"
6300,"{""type"": ""result""}","{""type"": ""result""}"
6301,"{""type"": ""age""}","{""type"": ""age""}"
6302,"{""type"": ""description""}","{""type"": ""description""}"
6303,"{""type"": ""rank""}","{""type"": ""age""}"
6304,"{""type"": ""age""}","{""type"": ""age""}"
6305,"{""type"": ""state""}","{""type"": ""state""}"
6306,"{""type"": ""publisher""}","{""type"": ""publisher""}"
6307,"{""type"": ""name""}","{""type"": ""name""}"
6308,"{""type"": ""rank""}","{""type"": ""rank""}"
6309,"{""type"": ""status""}","{""type"": ""status""}"
6310,"{""type"": ""code""}","{""type"": ""code""}"
6311,"{""type"": ""company""}","{""type"": ""company""}"
6312,"{""type"": ""weight""}","{""type"": ""weight""}"
6313,"{""type"": ""company""}","{""type"": ""company""}"
6314,"{""type"": ""rank""}","{""type"": ""rank""}"
6315,"{""type"": ""code""}","{""type"": ""code""}"
6316,"{""type"": ""team""}","{""type"": ""team""}"
6317,"{""type"": ""weight""}","{""type"": ""weight""}"
6318,"{""type"": ""description""}","{""type"": ""description""}"
6319,"{""type"": ""result""}","{""type"": ""result""}"
6320,"{""type"": ""description""}","{""type"": ""description""}"
6321,"{""type"": ""status""}","{""type"": ""status""}"
6322,"{""type"": ""weight""}","{""type"": ""weight""}"
6323,"{""type"": ""name""}","{""type"": ""name""}"
6324,"{""type"": ""teamname""}","{""type"": ""teamname""}"
6325,"{""type"": ""team""}","{""type"": ""teamname""}"
6326,"{""type"": ""affiliation""}","{""type"": ""affiliation""}"
6327,"{""type"": ""year""}","{""type"": ""year""}"
6328,"{""type"": ""city""}","{""type"": ""city""}"
6329,"{""type"": ""state""}","{""type"": ""state""}"
6330,"{""type"": ""name""}","{""type"": ""name""}"
6331,"{""type"": ""age""}","{""type"": ""age""}"
6332,"{""type"": ""club""}","{""type"": ""club""}"
6333,"{""type"": ""location""}","{""type"": ""location""}"
6334,"{""type"": ""position""}","{""type"": ""position""}"
6335,"{""type"": ""code""}","{""type"": ""code""}"
6336,"{""type"": ""weight""}","{""type"": ""weight""}"
6337,"{""type"": ""description""}","{""type"": ""description""}"
6338,"{""type"": ""state""}","{""type"": ""state""}"
6339,"{""type"": ""city""}","{""type"": ""city""}"
6340,"{""type"": ""rank""}","{""type"": ""rank""}"
6341,"{""type"": ""name""}","{""type"": ""name""}"
6342,"{""type"": ""description""}","{""type"": ""description""}"
6343,"{""type"": ""product""}","{""type"": ""product""}"
6344,"{""type"": ""rank""}","{""type"": ""rank""}"
6345,"{""type"": ""type""}","{""type"": ""type""}"
6346,"{""type"": ""type""}","{""type"": ""type""}"
6347,"{""type"": ""type""}","{""type"": ""type""}"
6348,"{""type"": ""type""}","{""type"": ""type""}"
6349,"{""type"": ""type""}","{""type"": ""type""}"
6350,"{""type"": ""category""}","{""type"": ""category""}"
6351,"{""type"": ""state""}","{""type"": ""state""}"
6352,"{""type"": ""location""}","{""type"": ""location""}"
6353,"{""type"": ""description""}","{""type"": ""description""}"
6354,"{""type"": ""year""}","{""type"": ""year""}"
6355,"{""type"": ""sex""}","{""type"": ""gender""}"
6356,"{""type"": ""team""}","{""type"": ""team""}"
6357,"{""type"": ""artist""}","{""type"": ""artist""}"
6358,"{""type"": ""county""}","{""type"": ""county""}"
6359,"{""type"": ""age""}","{""type"": ""age""}"
6360,"{""type"": ""sex""}","{""type"": ""sex""}"
6361,"{""type"": ""name""}","{""type"": ""name""}"
6362,"{""type"": ""description""}","{""type"": ""description""}"
6363,"{""type"": ""company""}","{""type"": ""company""}"
6364,"{""type"": ""gender""}","{""type"": ""gender""}"
6365,"{""type"": ""symbol""}","{""type"": ""symbol""}"
6366,"{""type"": ""class""}","{""type"": ""class""}"
6367,"{""type"": ""description""}","{""type"": ""description""}"
6368,"{""type"": ""owner""}","{""type"": ""owner""}"
6369,"{""type"": ""category""}","{""type"": ""category""}"
6370,"{""type"": ""team""}","{""type"": ""team""}"
6371,"{""type"": ""team""}","{""type"": ""team""}"
6372,"{""type"": ""name""}","{""type"": ""name""}"
6373,"{""type"": ""city""}","{""type"": ""city""}"
6374,"{""type"": ""status""}","{""type"": ""status""}"
6375,"{""type"": ""year""}","{""type"": ""year""}"
6376,"{""type"": ""rank""}","{""type"": ""rank""}"
6377,"{""type"": ""artist""}","{""type"": ""artist""}"
6378,"{""type"": ""state""}","{""type"": ""state""}"
6379,"{""type"": ""code""}","{""type"": ""code""}"
6380,"{""type"": ""name""}","{""type"": ""name""}"
6381,"{""type"": ""description""}","{""type"": ""description""}"
6382,"{""type"": ""category""}","{""type"": ""category""}"
6383,"{""type"": ""name""}","{""type"": ""name""}"
6384,"{""type"": ""location""}","{""type"": ""location""}"
6385,"{""type"": ""category""}","{""type"": ""category""}"
6386,"{""type"": ""teamname""}","{""type"": ""teamname""}"
6387,"{""type"": ""address""}","{""type"": ""address""}"
6388,"{""type"": ""county""}","{""type"": ""county""}"
6389,"{""type"": ""notes""}","{""type"": ""notes""}"
6390,"{""type"": ""weight""}","{""type"": ""weight""}"
6391,"{""type"": ""name""}","{""type"": ""name""}"
6392,"{""type"": ""club""}","{""type"": ""club""}"
6393,"{""type"": ""age""}","{""type"": ""age""}"
6394,"{""type"": ""album""}","{""type"": ""album""}"
6395,"{""type"": ""city""}","{""type"": ""city""}"
6396,"{""type"": ""location""}","{""type"": ""location""}"
6397,"{""type"": ""name""}","{""type"": ""name""}"
6398,"{""type"": ""age""}","{""type"": ""age""}"
6399,"{""type"": ""affiliation""}","{""type"": ""affiliation""}"
6400,"{""type"": ""address""}","{""type"": ""address""}"
6401,"{""type"": ""description""}","{""type"": ""description""}"
6402,"{""type"": ""location""}","{""type"": ""location""}"
6403,"{""type"": ""category""}","{""type"": ""category""}"
6404,"{""type"": ""age""}","{""type"": ""age""}"
6405,"{""type"": ""type""}","{""type"": ""type""}"
6406,"{""type"": ""type""}","{""type"": ""type""}"
6407,"{""type"": ""status""}","{""type"": ""status""}"
6408,"{""type"": ""state""}","{""type"": ""state""}"
6409,"{""type"": ""location""}","{""type"": ""location""}"
6410,"{""type"": ""city""}","{""type"": ""city""}"
6411,"{""type"": ""artist""}","{""type"": ""artist""}"
6412,"{""type"": ""city""}","{""type"": ""location""}"
6413,"{""type"": ""weight""}","{""type"": ""weight""}"
6414,"{""type"": ""type""}","{""type"": ""rank""}"
6415,"{""type"": ""location""}","{""type"": ""location""}"
6416,"{""type"": ""city""}","{""type"": ""city""}"
6417,"{""type"": ""rank""}","{""type"": ""rank""}"
6418,"{""type"": ""age""}","{""type"": ""age""}"
6419,"{""type"": ""city""}","{""type"": ""city""}"
6420,"{""type"": ""city""}","{""type"": ""city""}"
6421,"{""type"": ""team""}","{""type"": ""team""}"
6422,"{""type"": ""result""}","{""type"": ""result""}"
6423,"{""type"": ""description""}","{""type"": ""description""}"
6424,"{""type"": ""artist""}","{""type"": ""artist""}"
6425,"{""type"": ""city""}","{""type"": ""city""}"
6426,"{""type"": ""state""}","{""type"": ""state""}"
6427,"{""type"": ""status""}","{""type"": ""status""}"
6428,"{""type"": ""weight""}","{""type"": ""weight""}"
6429,"{""type"": ""rank""}","{""type"": ""rank""}"
6430,"{""type"": ""weight""}","{""type"": ""weight""}"
6431,"{""type"": ""city""}","{""type"": ""city""}"
6432,"{""type"": ""location""}","{""type"": ""location""}"
6433,"{""type"": ""description""}","{""type"": ""description""}"
6434,"{""type"": ""age""}","{""type"": ""age""}"
6435,"{""type"": ""artist""}","{""type"": ""artist""}"
6436,"{""type"": ""description""}","{""type"": ""name""}"
6437,"{""type"": ""name""}","{""type"": ""name""}"
6438,"{""type"": ""city""}","{""type"": ""city""}"
6439,"{""type"": ""name""}","{""type"": ""name""}"
6440,"{""type"": ""artist""}","{""type"": ""artist""}"
6441,"{""type"": ""result""}","{""type"": ""result""}"
6442,"{""type"": ""description""}","{""type"": ""description""}"
6443,"{""type"": ""type""}","{""type"": ""type""}"
6444,"{""type"": ""weight""}","{""type"": ""weight""}"
6445,"{""type"": ""weight""}","{""type"": ""weight""}"
6446,"{""type"": ""album""}","{""type"": ""album""}"
6447,"{""type"": ""city""}","{""type"": ""city""}"
6448,"{""type"": ""age""}","{""type"": ""age""}"
6449,"{""type"": ""position""}","{""type"": ""position""}"
6450,"{""type"": ""description""}","{""type"": ""description""}"
6451,"{""type"": ""country""}","{""type"": ""country""}"
6452,"{""type"": ""description""}","{""type"": ""description""}"
6453,"{""type"": ""name""}","{""type"": ""name""}"
6454,"{""type"": ""description""}","{""type"": ""description""}"
6455,"{""type"": ""rank""}","{""type"": ""rank""}"
6456,"{""type"": ""description""}","{""type"": ""description""}"
6457,"{""type"": ""name""}","{""type"": ""name""}"
6458,"{""type"": ""name""}","{""type"": ""name""}"
6459,"{""type"": ""name""}","{""type"": ""name""}"
6460,"{""type"": ""name""}","{""type"": ""name""}"
6461,"{""type"": ""name""}","{""type"": ""name""}"
6462,"{""type"": ""team""}","{""type"": ""team""}"
6463,"{""type"": ""result""}","{""type"": ""result""}"
6464,"{""type"": ""club""}","{""type"": ""club""}"
6465,"{""type"": ""type""}","{""type"": ""type""}"
6466,"{""type"": ""code""}","{""type"": ""code""}"
6467,"{""type"": ""category""}","{""type"": ""category""}"
6468,"{""type"": ""name""}","{""type"": ""name""}"
6469,"{""type"": ""type""}","{""type"": ""type""}"
6470,"{""type"": ""code""}","{""type"": ""code""}"
6471,"{""type"": ""state""}","{""type"": ""state""}"
6472,"{""type"": ""location""}","{""type"": ""location""}"
6473,"{""type"": ""location""}","{""type"": ""location""}"
6474,"{""type"": ""location""}","{""type"": ""location""}"
6475,"{""type"": ""location""}","{""type"": ""location""}"
6476,"{""type"": ""location""}","{""type"": ""location""}"
6477,"{""type"": ""address""}","{""type"": ""address""}"
6478,"{""type"": ""album""}","{""type"": ""artist""}"
6479,"{""type"": ""club""}","{""type"": ""club""}"
6480,"{""type"": ""notes""}","{""type"": ""notes""}"
6481,"{""type"": ""weight""}","{""type"": ""weight""}"
6482,"{""type"": ""age""}","{""type"": ""age""}"
6483,"{""type"": ""company""}","{""type"": ""company""}"
6484,"{""type"": ""location""}","{""type"": ""location""}"
6485,"{""type"": ""club""}","{""type"": ""club""}"
6486,"{""type"": ""description""}","{""type"": ""description""}"
6487,"{""type"": ""description""}","{""type"": ""description""}"
6488,"{""type"": ""club""}","{""type"": ""club""}"
6489,"{""type"": ""status""}","{""type"": ""status""}"
6490,"{""type"": ""rank""}","{""type"": ""rank""}"
6491,"{""type"": ""name""}","{""type"": ""name""}"
6492,"{""type"": ""description""}","{""type"": ""description""}"
6493,"{""type"": ""name""}","{""type"": ""name""}"
6494,"{""type"": ""location""}","{""type"": ""location""}"
6495,"{""type"": ""state""}","{""type"": ""state""}"
6496,"{""type"": ""name""}","{""type"": ""name""}"
6497,"{""type"": ""code""}","{""type"": ""code""}"
6498,"{""type"": ""description""}","{""type"": ""description""}"
6499,"{""type"": ""team""}","{""type"": ""team""}"
6500,"{""type"": ""team""}","{""type"": ""team""}"
6501,"{""type"": ""plays""}","{""type"": ""plays""}"
6502,"{""type"": ""weight""}","{""type"": ""weight""}"
6503,"{""type"": ""age""}","{""type"": ""age""}"
6504,"{""type"": ""age""}","{""type"": ""age""}"
6505,"{""type"": ""city""}","{""type"": ""city""}"
6506,"{""type"": ""city""}","{""type"": ""city""}"
6507,"{""type"": ""city""}","{""type"": ""city""}"
6508,"{""type"": ""city""}","{""type"": ""city""}"
6509,"{""type"": ""city""}","{""type"": ""city""}"
6510,"{""type"": ""description""}","{""type"": ""description""}"
6511,"{""type"": ""year""}","{""type"": ""year""}"
6512,"{""type"": ""weight""}","{""type"": ""weight""}"
6513,"{""type"": ""code""}","{""type"": ""code""}"
6514,"{""type"": ""sex""}","{""type"": ""sex""}"
6515,"{""type"": ""year""}","{""type"": ""year""}"
6516,"{""type"": ""name""}","{""type"": ""name""}"
6517,"{""type"": ""name""}","{""type"": ""name""}"
6518,"{""type"": ""class""}","{""type"": ""class""}"
6519,"{""type"": ""location""}","{""type"": ""location""}"
6520,"{""type"": ""year""}","{""type"": ""year""}"
6521,"{""type"": ""address""}","{""type"": ""address""}"
6522,"{""type"": ""age""}","{""type"": ""age""}"
6523,"{""type"": ""name""}","{""type"": ""name""}"
6524,"{""type"": ""year""}","{""type"": ""year""}"
6525,"{""type"": ""gender""}","{""type"": ""gender""}"
6526,"{""type"": ""age""}","{""type"": ""age""}"
6527,"{""type"": ""company""}","{""type"": ""company""}"
6528,"{""type"": ""location""}","{""type"": ""location""}"
6529,"{""type"": ""city""}","{""type"": ""city""}"
6530,"{""type"": ""code""}","{""type"": ""code""}"
6531,"{""type"": ""description""}","{""type"": ""description""}"
6532,"{""type"": ""age""}","{""type"": ""age""}"
6533,"{""type"": ""affiliation""}","{""type"": ""affiliation""}"
6534,"{""type"": ""affiliation""}","{""type"": ""class""}"
6535,"{""type"": ""affiliation""}","{""type"": ""class""}"
6536,"{""type"": ""affiliation""}","{""type"": ""class""}"
6537,"{""type"": ""affiliation""}","{""type"": ""affiliation""}"
6538,"{""type"": ""age""}","{""type"": ""age""}"
6539,"{""type"": ""age""}","{""type"": ""age""}"
6540,"{""type"": ""age""}","{""type"": ""age""}"
6541,"{""type"": ""age""}","{""type"": ""age""}"
6542,"{""type"": ""age""}","{""type"": ""age""}"
6543,"{""type"": ""code""}","{""type"": ""code""}"
6544,"{""type"": ""sex""}","{""type"": ""sex""}"
6545,"{""type"": ""album""}","{""type"": ""album""}"
6546,"{""type"": ""description""}","{""type"": ""description""}"
6547,"{""type"": ""state""}","{""type"": ""state""}"
6548,"{""type"": ""city""}","{""type"": ""city""}"
6549,"{""type"": ""city""}","{""type"": ""city""}"
6550,"{""type"": ""city""}","{""type"": ""city""}"
6551,"{""type"": ""city""}","{""type"": ""city""}"
6552,"{""type"": ""city""}","{""type"": ""city""}"
6553,"{""type"": ""name""}","{""type"": ""name""}"
6554,"{""type"": ""result""}","{""type"": ""result""}"
6555,"{""type"": ""description""}","{""type"": ""description""}"
6556,"{""type"": ""weight""}","{""type"": ""weight""}"
6557,"{""type"": ""weight""}","{""type"": ""weight""}"
6558,"{""type"": ""weight""}","{""type"": ""weight""}"
6559,"{""type"": ""weight""}","{""type"": ""weight""}"
6560,"{""type"": ""weight""}","{""type"": ""weight""}"
6561,"{""type"": ""company""}","{""type"": ""company""}"
6562,"{""type"": ""name""}","{""type"": ""name""}"
6563,"{""type"": ""team""}","{""type"": ""team""}"
6564,"{""type"": ""isbn""}","{""type"": ""isbn""}"
6565,"{""type"": ""rank""}","{""type"": ""rank""}"
6566,"{""type"": ""family""}","{""type"": ""family""}"
6567,"{""type"": ""family""}","{""type"": ""family""}"
6568,"{""type"": ""family""}","{""type"": ""family""}"
6569,"{""type"": ""family""}","{""type"": ""family""}"
6570,"{""type"": ""family""}","{""type"": ""family""}"
6571,"{""type"": ""position""}","{""type"": ""position""}"
6572,"{""type"": ""name""}","{""type"": ""name""}"
6573,"{""type"": ""status""}","{""type"": ""status""}"
6574,"{""type"": ""position""}","{""type"": ""position""}"
6575,"{""type"": ""name""}","{""type"": ""name""}"
6576,"{""type"": ""team""}","{""type"": ""country""}"
6577,"{""type"": ""name""}","{""type"": ""name""}"
6578,"{""type"": ""weight""}","{""type"": ""weight""}"
6579,"{""type"": ""name""}","{""type"": ""name""}"
6580,"{""type"": ""code""}","{""type"": ""code""}"
6581,"{""type"": ""status""}","{""type"": ""status""}"
6582,"{""type"": ""state""}","{""type"": ""state""}"
6583,"{""type"": ""name""}","{""type"": ""name""}"
6584,"{""type"": ""result""}","{""type"": ""result""}"
6585,"{""type"": ""affiliation""}","{""type"": ""affiliation""}"
6586,"{""type"": ""name""}","{""type"": ""name""}"
6587,"{""type"": ""weight""}","{""type"": ""weight""}"
6588,"{""type"": ""class""}","{""type"": ""class""}"
6589,"{""type"": ""description""}","{""type"": ""description""}"
6590,"{""type"": ""age""}","{""type"": ""age""}"
6591,"{""type"": ""description""}","{""type"": ""name""}"
6592,"{""type"": ""city""}","{""type"": ""city""}"
6593,"{""type"": ""position""}","{""type"": ""position""}"
6594,"{""type"": ""location""}","{""type"": ""location""}"
6595,"{""type"": ""name""}","{""type"": ""name""}"
6596,"{""type"": ""name""}","{""type"": ""name""}"
6597,"{""type"": ""artist""}","{""type"": ""artist""}"
6598,"{""type"": ""description""}","{""type"": ""description""}"
6599,"{""type"": ""state""}","{""type"": ""state""}"
6600,"{""type"": ""rank""}","{""type"": ""rank""}"
6601,"{""type"": ""city""}","{""type"": ""city""}"
6602,"{""type"": ""name""}","{""type"": ""name""}"
6603,"{""type"": ""year""}","{""type"": ""year""}"
6604,"{""type"": ""state""}","{""type"": ""state""}"
6605,"{""type"": ""state""}","{""type"": ""state""}"
6606,"{""type"": ""state""}","{""type"": ""state""}"
6607,"{""type"": ""state""}","{""type"": ""state""}"
6608,"{""type"": ""state""}","{""type"": ""state""}"
6609,"{""type"": ""album""}","{""type"": ""album""}"
6610,"{""type"": ""rank""}","{""type"": ""rank""}"
6611,"{""type"": ""description""}","{""type"": ""description""}"
6612,"{""type"": ""genre""}","{""type"": ""genre""}"
6613,"{""type"": ""status""}","{""type"": ""status""}"
6614,"{""type"": ""year""}","{""type"": ""year""}"
6615,"{""type"": ""status""}","{""type"": ""status""}"
6616,"{""type"": ""name""}","{""type"": ""name""}"
6617,"{""type"": ""state""}","{""type"": ""state""}"
6618,"{""type"": ""status""}","{""type"": ""status""}"
6619,"{""type"": ""age""}","{""type"": ""age""}"
6620,"{""type"": ""city""}","{""type"": ""location""}"
6621,"{""type"": ""album""}","{""type"": ""artist""}"
6622,"{""type"": ""age""}","{""type"": ""age""}"
6623,"{""type"": ""year""}","{""type"": ""year""}"
6624,"{""type"": ""type""}","{""type"": ""type""}"
6625,"{""type"": ""name""}","{""type"": ""name""}"
6626,"{""type"": ""command""}","{""type"": ""name""}"
6627,"{""type"": ""command""}","{""type"": ""command""}"
6628,"{""type"": ""command""}","{""type"": ""name""}"
6629,"{""type"": ""command""}","{""type"": ""command""}"
6630,"{""type"": ""command""}","{""type"": ""name""}"
6631,"{""type"": ""description""}","{""type"": ""description""}"
6632,"{""type"": ""code""}","{""type"": ""code""}"
6633,"{""type"": ""album""}","{""type"": ""album""}"
6634,"{""type"": ""year""}","{""type"": ""year""}"
6635,"{""type"": ""format""}","{""type"": ""format""}"
6636,"{""type"": ""description""}","{""type"": ""description""}"
6637,"{""type"": ""rank""}","{""type"": ""rank""}"
6638,"{""type"": ""city""}","{""type"": ""city""}"
6639,"{""type"": ""description""}","{""type"": ""description""}"
6640,"{""type"": ""artist""}","{""type"": ""artist""}"
6641,"{""type"": ""age""}","{""type"": ""age""}"
6642,"{""type"": ""name""}","{""type"": ""name""}"
6643,"{""type"": ""age""}","{""type"": ""rank""}"
6644,"{""type"": ""team""}","{""type"": ""team""}"
6645,"{""type"": ""city""}","{""type"": ""city""}"
6646,"{""type"": ""code""}","{""type"": ""code""}"
6647,"{""type"": ""weight""}","{""type"": ""weight""}"
6648,"{""type"": ""age""}","{""type"": ""age""}"
6649,"{""type"": ""team""}","{""type"": ""team""}"
6650,"{""type"": ""country""}","{""type"": ""class""}"
6651,"{""type"": ""age""}","{""type"": ""age""}"
6652,"{""type"": ""age""}","{""type"": ""age""}"
6653,"{""type"": ""rank""}","{""type"": ""rank""}"
6654,"{""type"": ""result""}","{""type"": ""result""}"
6655,"{""type"": ""genre""}","{""type"": ""genre""}"
6656,"{""type"": ""class""}","{""type"": ""class""}"
6657,"{""type"": ""name""}","{""type"": ""name""}"
6658,"{""type"": ""team""}","{""type"": ""team""}"
6659,"{""type"": ""weight""}","{""type"": ""position""}"
6660,"{""type"": ""location""}","{""type"": ""location""}"
6661,"{""type"": ""age""}","{""type"": ""age""}"
6662,"{""type"": ""status""}","{""type"": ""sex""}"
6663,"{""type"": ""team""}","{""type"": ""team""}"
6664,"{""type"": ""age""}","{""type"": ""age""}"
6665,"{""type"": ""artist""}","{""type"": ""artist""}"
6666,"{""type"": ""state""}","{""type"": ""state""}"
6667,"{""type"": ""genre""}","{""type"": ""category""}"
6668,"{""type"": ""city""}","{""type"": ""city""}"
6669,"{""type"": ""club""}","{""type"": ""club""}"
6670,"{""type"": ""name""}","{""type"": ""name""}"
6671,"{""type"": ""teamname""}","{""type"": ""teamname""}"
6672,"{""type"": ""symbol""}","{""type"": ""symbol""}"
6673,"{""type"": ""description""}","{""type"": ""description""}"
6674,"{""type"": ""status""}","{""type"": ""status""}"
6675,"{""type"": ""result""}","{""type"": ""description""}"
6676,"{""type"": ""code""}","{""type"": ""code""}"
6677,"{""type"": ""category""}","{""type"": ""category""}"
6678,"{""type"": ""location""}","{""type"": ""location""}"
6679,"{""type"": ""city""}","{""type"": ""city""}"
6680,"{""type"": ""status""}","{""type"": ""status""}"
6681,"{""type"": ""weight""}","{""type"": ""weight""}"
6682,"{""type"": ""name""}","{""type"": ""name""}"
6683,"{""type"": ""artist""}","{""type"": ""artist""}"
6684,"{""type"": ""country""}","{""type"": ""country""}"
6685,"{""type"": ""type""}","{""type"": ""type""}"
6686,"{""type"": ""code""}","{""type"": ""code""}"
6687,"{""type"": ""description""}","{""type"": ""description""}"
6688,"{""type"": ""age""}","{""type"": ""age""}"
6689,"{""type"": ""description""}","{""type"": ""description""}"
6690,"{""type"": ""name""}","{""type"": ""name""}"
6691,"{""type"": ""name""}","{""type"": ""name""}"
6692,"{""type"": ""year""}","{""type"": ""year""}"
6693,"{""type"": ""state""}","{""type"": ""state""}"
6694,"{""type"": ""state""}","{""type"": ""state""}"
6695,"{""type"": ""age""}","{""type"": ""age""}"
6696,"{""type"": ""description""}","{""type"": ""description""}"
6697,"{""type"": ""description""}","{""type"": ""description""}"
6698,"{""type"": ""team""}","{""type"": ""teamname""}"
6699,"{""type"": ""name""}","{""type"": ""name""}"
6700,"{""type"": ""name""}","{""type"": ""name""}"
6701,"{""type"": ""name""}","{""type"": ""name""}"
6702,"{""type"": ""name""}","{""type"": ""name""}"
6703,"{""type"": ""name""}","{""type"": ""name""}"
6704,"{""type"": ""rank""}","{""type"": ""rank""}"
6705,"{""type"": ""county""}","{""type"": ""county""}"
6706,"{""type"": ""county""}","{""type"": ""county""}"
6707,"{""type"": ""county""}","{""type"": ""county""}"
6708,"{""type"": ""county""}","{""type"": ""county""}"
6709,"{""type"": ""county""}","{""type"": ""county""}"
6710,"{""type"": ""name""}","{""type"": ""name""}"
6711,"{""type"": ""age""}","{""type"": ""age""}"
6712,"{""type"": ""position""}","{""type"": ""position""}"
6713,"{""type"": ""description""}","{""type"": ""description""}"
6714,"{""type"": ""name""}","{""type"": ""name""}"
6715,"{""type"": ""team""}","{""type"": ""team""}"
6716,"{""type"": ""country""}","{""type"": ""country""}"
6717,"{""type"": ""country""}","{""type"": ""country""}"
6718,"{""type"": ""country""}","{""type"": ""country""}"
6719,"{""type"": ""country""}","{""type"": ""country""}"
6720,"{""type"": ""country""}","{""type"": ""country""}"
6721,"{""type"": ""year""}","{""type"": ""year""}"
6722,"{""type"": ""class""}","{""type"": ""class""}"
6723,"{""type"": ""status""}","{""type"": ""status""}"
6724,"{""type"": ""state""}","{""type"": ""state""}"
6725,"{""type"": ""location""}","{""type"": ""location""}"
6726,"{""type"": ""location""}","{""type"": ""location""}"
6727,"{""type"": ""location""}","{""type"": ""location""}"
6728,"{""type"": ""location""}","{""type"": ""location""}"
6729,"{""type"": ""location""}","{""type"": ""location""}"
6730,"{""type"": ""name""}","{""type"": ""name""}"
6731,"{""type"": ""city""}","{""type"": ""city""}"
6732,"{""type"": ""state""}","{""type"": ""state""}"
6733,"{""type"": ""type""}","{""type"": ""type""}"
6734,"{""type"": ""type""}","{""type"": ""type""}"
6735,"{""type"": ""type""}","{""type"": ""type""}"
6736,"{""type"": ""type""}","{""type"": ""type""}"
6737,"{""type"": ""type""}","{""type"": ""type""}"
6738,"{""type"": ""weight""}","{""type"": ""weight""}"
6739,"{""type"": ""name""}","{""type"": ""name""}"
6740,"{""type"": ""age""}","{""type"": ""age""}"
6741,"{""type"": ""position""}","{""type"": ""position""}"
6742,"{""type"": ""result""}","{""type"": ""result""}"
6743,"{""type"": ""category""}","{""type"": ""category""}"
6744,"{""type"": ""name""}","{""type"": ""name""}"
6745,"{""type"": ""position""}","{""type"": ""position""}"
6746,"{""type"": ""location""}","{""type"": ""location""}"
6747,"{""type"": ""description""}","{""type"": ""description""}"
6748,"{""type"": ""description""}","{""type"": ""description""}"
6749,"{""type"": ""rank""}","{""type"": ""rank""}"
6750,"{""type"": ""age""}","{""type"": ""age""}"
6751,"{""type"": ""name""}","{""type"": ""name""}"
6752,"{""type"": ""format""}","{""type"": ""format""}"
6753,"{""type"": ""name""}","{""type"": ""name""}"
6754,"{""type"": ""name""}","{""type"": ""name""}"
6755,"{""type"": ""company""}","{""type"": ""company""}"
6756,"{""type"": ""weight""}","{""type"": ""weight""}"
6757,"{""type"": ""name""}","{""type"": ""name""}"
6758,"{""type"": ""type""}","{""type"": ""status""}"
6759,"{""type"": ""location""}","{""type"": ""location""}"
6760,"{""type"": ""rank""}","{""type"": ""rank""}"
6761,"{""type"": ""name""}","{""type"": ""name""}"
6762,"{""type"": ""weight""}","{""type"": ""weight""}"
6763,"{""type"": ""status""}","{""type"": ""status""}"
6764,"{""type"": ""director""}","{""type"": ""name""}"
6765,"{""type"": ""status""}","{""type"": ""status""}"
6766,"{""type"": ""rank""}","{""type"": ""rank""}"
6767,"{""type"": ""rank""}","{""type"": ""rank""}"
6768,"{""type"": ""county""}","{""type"": ""county""}"
6769,"{""type"": ""region""}","{""type"": ""region""}"
6770,"{""type"": ""description""}","{""type"": ""description""}"
6771,"{""type"": ""name""}","{""type"": ""name""}"
6772,"{""type"": ""name""}","{""type"": ""name""}"
6773,"{""type"": ""name""}","{""type"": ""name""}"
6774,"{""type"": ""name""}","{""type"": ""name""}"
6775,"{""type"": ""name""}","{""type"": ""name""}"
6776,"{""type"": ""symbol""}","{""type"": ""symbol""}"
6777,"{""type"": ""name""}","{""type"": ""name""}"
6778,"{""type"": ""year""}","{""type"": ""year""}"
6779,"{""type"": ""description""}","{""type"": ""description""}"
6780,"{""type"": ""location""}","{""type"": ""location""}"
6781,"{""type"": ""year""}","{""type"": ""year""}"
6782,"{""type"": ""age""}","{""type"": ""age""}"
6783,"{""type"": ""name""}","{""type"": ""name""}"
6784,"{""type"": ""location""}","{""type"": ""location""}"
6785,"{""type"": ""year""}","{""type"": ""year""}"
6786,"{""type"": ""gender""}","{""type"": ""gender""}"
6787,"{""type"": ""year""}","{""type"": ""year""}"
6788,"{""type"": ""club""}","{""type"": ""club""}"
6789,"{""type"": ""year""}","{""type"": ""year""}"
6790,"{""type"": ""year""}","{""type"": ""year""}"
6791,"{""type"": ""year""}","{""type"": ""year""}"
6792,"{""type"": ""year""}","{""type"": ""year""}"
6793,"{""type"": ""year""}","{""type"": ""year""}"
6794,"{""type"": ""rank""}","{""type"": ""rank""}"
6795,"{""type"": ""type""}","{""type"": ""type""}"
6796,"{""type"": ""club""}","{""type"": ""club""}"
6797,"{""type"": ""code""}","{""type"": ""code""}"
6798,"{""type"": ""name""}","{""type"": ""name""}"
6799,"{""type"": ""name""}","{""type"": ""name""}"
6800,"{""type"": ""club""}","{""type"": ""club""}"
6801,"{""type"": ""state""}","{""type"": ""state""}"
6802,"{""type"": ""description""}","{""type"": ""description""}"
6803,"{""type"": ""age""}","{""type"": ""age""}"
6804,"{""type"": ""team""}","{""type"": ""team""}"
6805,"{""type"": ""city""}","{""type"": ""city""}"
6806,"{""type"": ""city""}","{""type"": ""city""}"
6807,"{""type"": ""city""}","{""type"": ""city""}"
6808,"{""type"": ""city""}","{""type"": ""city""}"
6809,"{""type"": ""city""}","{""type"": ""city""}"
6810,"{""type"": ""credit""}","{""type"": ""name""}"
6811,"{""type"": ""grades""}","{""type"": ""grades""}"
6812,"{""type"": ""status""}","{""type"": ""status""}"
6813,"{""type"": ""weight""}","{""type"": ""weight""}"
6814,"{""type"": ""code""}","{""type"": ""code""}"
6815,"{""type"": ""rank""}","{""type"": ""rank""}"
6816,"{""type"": ""description""}","{""type"": ""description""}"
6817,"{""type"": ""name""}","{""type"": ""name""}"
6818,"{""type"": ""name""}","{""type"": ""name""}"
6819,"{""type"": ""name""}","{""type"": ""name""}"
6820,"{""type"": ""name""}","{""type"": ""name""}"
6821,"{""type"": ""name""}","{""type"": ""name""}"
6822,"{""type"": ""weight""}","{""type"": ""weight""}"
6823,"{""type"": ""symbol""}","{""type"": ""symbol""}"
6824,"{""type"": ""location""}","{""type"": ""location""}"
6825,"{""type"": ""description""}","{""type"": ""description""}"
6826,"{""type"": ""age""}","{""type"": ""age""}"
6827,"{""type"": ""album""}","{""type"": ""album""}"
6828,"{""type"": ""position""}","{""type"": ""position""}"
6829,"{""type"": ""symbol""}","{""type"": ""symbol""}"
6830,"{""type"": ""status""}","{""type"": ""status""}"
6831,"{""type"": ""weight""}","{""type"": ""weight""}"
6832,"{""type"": ""weight""}","{""type"": ""weight""}"
6833,"{""type"": ""location""}","{""type"": ""location""}"
6834,"{""type"": ""year""}","{""type"": ""year""}"
6835,"{""type"": ""name""}","{""type"": ""artist""}"
6836,"{""type"": ""type""}","{""type"": ""type""}"
6837,"{""type"": ""gender""}","{""type"": ""gender""}"
6838,"{""type"": ""state""}","{""type"": ""state""}"
6839,"{""type"": ""result""}","{""type"": ""result""}"
6840,"{""type"": ""status""}","{""type"": ""status""}"
6841,"{""type"": ""description""}","{""type"": ""description""}"
6842,"{""type"": ""notes""}","{""type"": ""notes""}"
6843,"{""type"": ""code""}","{""type"": ""code""}"
6844,"{""type"": ""location""}","{""type"": ""location""}"
6845,"{""type"": ""name""}","{""type"": ""name""}"
6846,"{""type"": ""country""}","{""type"": ""country""}"
6847,"{""type"": ""location""}","{""type"": ""location""}"
6848,"{""type"": ""description""}","{""type"": ""description""}"
6849,"{""type"": ""weight""}","{""type"": ""weight""}"
6850,"{""type"": ""city""}","{""type"": ""city""}"
6851,"{""type"": ""artist""}","{""type"": ""artist""}"
6852,"{""type"": ""city""}","{""type"": ""city""}"
6853,"{""type"": ""ranking""}","{""type"": ""manufacturer""}"
6854,"{""type"": ""name""}","{""type"": ""name""}"
6855,"{""type"": ""name""}","{""type"": ""name""}"
6856,"{""type"": ""description""}","{""type"": ""description""}"
6857,"{""type"": ""year""}","{""type"": ""year""}"
6858,"{""type"": ""status""}","{""type"": ""status""}"
6859,"{""type"": ""state""}","{""type"": ""state""}"
6860,"{""type"": ""age""}","{""type"": ""age""}"
6861,"{""type"": ""region""}","{""type"": ""region""}"
6862,"{""type"": ""code""}","{""type"": ""code""}"
6863,"{""type"": ""city""}","{""type"": ""city""}"
6864,"{""type"": ""state""}","{""type"": ""state""}"
6865,"{""type"": ""weight""}","{""type"": ""weight""}"
6866,"{""type"": ""club""}","{""type"": ""club""}"
6867,"{""type"": ""city""}","{""type"": ""city""}"
6868,"{""type"": ""country""}","{""type"": ""country""}"
6869,"{""type"": ""country""}","{""type"": ""country""}"
6870,"{""type"": ""country""}","{""type"": ""country""}"
6871,"{""type"": ""country""}","{""type"": ""country""}"
6872,"{""type"": ""country""}","{""type"": ""country""}"
6873,"{""type"": ""album""}","{""type"": ""album""}"
6874,"{""type"": ""position""}","{""type"": ""position""}"
6875,"{""type"": ""age""}","{""type"": ""age""}"
6876,"{""type"": ""age""}","{""type"": ""age""}"
6877,"{""type"": ""city""}","{""type"": ""city""}"
6878,"{""type"": ""city""}","{""type"": ""name""}"
6879,"{""type"": ""city""}","{""type"": ""city""}"
6880,"{""type"": ""city""}","{""type"": ""name""}"
6881,"{""type"": ""city""}","{""type"": ""city""}"
6882,"{""type"": ""name""}","{""type"": ""name""}"
6883,"{""type"": ""city""}","{""type"": ""city""}"
6884,"{""type"": ""gender""}","{""type"": ""gender""}"
6885,"{""type"": ""status""}","{""type"": ""status""}"
6886,"{""type"": ""age""}","{""type"": ""age""}"
6887,"{""type"": ""symbol""}","{""type"": ""symbol""}"
6888,"{""type"": ""album""}","{""type"": ""album""}"
6889,"{""type"": ""status""}","{""type"": ""status""}"
6890,"{""type"": ""year""}","{""type"": ""year""}"
6891,"{""type"": ""area""}","{""type"": ""area""}"
6892,"{""type"": ""area""}","{""type"": ""area""}"
6893,"{""type"": ""area""}","{""type"": ""area""}"
6894,"{""type"": ""area""}","{""type"": ""area""}"
6895,"{""type"": ""area""}","{""type"": ""area""}"
6896,"{""type"": ""name""}","{""type"": ""name""}"
6897,"{""type"": ""category""}","{""type"": ""category""}"
6898,"{""type"": ""rank""}","{""type"": ""rank""}"
6899,"{""type"": ""name""}","{""type"": ""name""}"
6900,"{""type"": ""status""}","{""type"": ""status""}"
6901,"{""type"": ""album""}","{""type"": ""album""}"
6902,"{""type"": ""state""}","{""type"": ""state""}"
6903,"{""type"": ""code""}","{""type"": ""code""}"
6904,"{""type"": ""rank""}","{""type"": ""rank""}"
6905,"{""type"": ""team""}","{""type"": ""team""}"
6906,"{""type"": ""description""}","{""type"": ""description""}"
6907,"{""type"": ""state""}","{""type"": ""state""}"
6908,"{""type"": ""status""}","{""type"": ""status""}"
6909,"{""type"": ""status""}","{""type"": ""status""}"
6910,"{""type"": ""city""}","{""type"": ""city""}"
6911,"{""type"": ""company""}","{""type"": ""company""}"
6912,"{""type"": ""name""}","{""type"": ""name""}"
6913,"{""type"": ""code""}","{""type"": ""code""}"
6914,"{""type"": ""year""}","{""type"": ""year""}"
6915,"{""type"": ""album""}","{""type"": ""artist""}"
6916,"{""type"": ""artist""}","{""type"": ""artist""}"
6917,"{""type"": ""name""}","{""type"": ""name""}"
6918,"{""type"": ""name""}","{""type"": ""name""}"
6919,"{""type"": ""rank""}","{""type"": ""rank""}"
6920,"{""type"": ""name""}","{""type"": ""name""}"
6921,"{""type"": ""age""}","{""type"": ""age""}"
6922,"{""type"": ""city""}","{""type"": ""location""}"
6923,"{""type"": ""city""}","{""type"": ""city""}"
6924,"{""type"": ""club""}","{""type"": ""club""}"
6925,"{""type"": ""weight""}","{""type"": ""weight""}"
6926,"{""type"": ""status""}","{""type"": ""status""}"
6927,"{""type"": ""state""}","{""type"": ""state""}"
6928,"{""type"": ""club""}","{""type"": ""club""}"
6929,"{""type"": ""code""}","{""type"": ""code""}"
6930,"{""type"": ""country""}","{""type"": ""country""}"
6931,"{""type"": ""type""}","{""type"": ""type""}"
6932,"{""type"": ""rank""}","{""type"": ""rank""}"
6933,"{""type"": ""rank""}","{""type"": ""rank""}"
6934,"{""type"": ""rank""}","{""type"": ""rank""}"
6935,"{""type"": ""rank""}","{""type"": ""rank""}"
6936,"{""type"": ""rank""}","{""type"": ""rank""}"
6937,"{""type"": ""status""}","{""type"": ""status""}"
6938,"{""type"": ""component""}","{""type"": ""component""}"
6939,"{""type"": ""age""}","{""type"": ""age""}"
6940,"{""type"": ""position""}","{""type"": ""position""}"
6941,"{""type"": ""county""}","{""type"": ""county""}"
6942,"{""type"": ""location""}","{""type"": ""club""}"
6943,"{""type"": ""name""}","{""type"": ""name""}"
6944,"{""type"": ""code""}","{""type"": ""code""}"
6945,"{""type"": ""artist""}","{""type"": ""artist""}"
6946,"{""type"": ""code""}","{""type"": ""status""}"
6947,"{""type"": ""name""}","{""type"": ""description""}"
6948,"{""type"": ""weight""}","{""type"": ""weight""}"
6949,"{""type"": ""rank""}","{""type"": ""rank""}"
6950,"{""type"": ""status""}","{""type"": ""status""}"
6951,"{""type"": ""location""}","{""type"": ""city""}"
6952,"{""type"": ""status""}","{""type"": ""status""}"
6953,"{""type"": ""type""}","{""type"": ""type""}"
6954,"{""type"": ""symbol""}","{""type"": ""symbol""}"
6955,"{""type"": ""duration""}","{""type"": ""duration""}"
6956,"{""type"": ""state""}","{""type"": ""state""}"
6957,"{""type"": ""album""}","{""type"": ""album""}"
6958,"{""type"": ""year""}","{""type"": ""year""}"
6959,"{""type"": ""name""}","{""type"": ""name""}"
6960,"{""type"": ""team""}","{""type"": ""name""}"
6961,"{""type"": ""name""}","{""type"": ""name""}"
6962,"{""type"": ""club""}","{""type"": ""club""}"
6963,"{""type"": ""status""}","{""type"": ""status""}"
6964,"{""type"": ""type""}","{""type"": ""status""}"
6965,"{""type"": ""description""}","{""type"": ""description""}"
6966,"{""type"": ""company""}","{""type"": ""company""}"
6967,"{""type"": ""rank""}","{""type"": ""rank""}"
6968,"{""type"": ""weight""}","{""type"": ""weight""}"
6969,"{""type"": ""type""}","{""type"": ""type""}"
6970,"{""type"": ""description""}","{""type"": ""description""}"
6971,"{""type"": ""county""}","{""type"": ""county""}"
6972,"{""type"": ""description""}","{""type"": ""description""}"
6973,"{""type"": ""status""}","{""type"": ""status""}"
6974,"{""type"": ""nationality""}","{""type"": ""nationality""}"
6975,"{""type"": ""capacity""}","{""type"": ""capacity""}"
6976,"{""type"": ""team""}","{""type"": ""team""}"
6977,"{""type"": ""city""}","{""type"": ""city""}"
6978,"{""type"": ""city""}","{""type"": ""city""}"
6979,"{""type"": ""city""}","{""type"": ""city""}"
6980,"{""type"": ""city""}","{""type"": ""city""}"
6981,"{""type"": ""city""}","{""type"": ""city""}"
6982,"{""type"": ""name""}","{""type"": ""name""}"
6983,"{""type"": ""club""}","{""type"": ""club""}"
6984,"{""type"": ""company""}","{""type"": ""company""}"
6985,"{""type"": ""description""}","{""type"": ""description""}"
6986,"{""type"": ""age""}","{""type"": ""rank""}"
6987,"{""type"": ""album""}","{""type"": ""album""}"
6988,"{""type"": ""name""}","{""type"": ""name""}"
6989,"{""type"": ""weight""}","{""type"": ""weight""}"
6990,"{""type"": ""name""}","{""type"": ""name""}"
6991,"{""type"": ""name""}","{""type"": ""name""}"
6992,"{""type"": ""name""}","{""type"": ""name""}"
6993,"{""type"": ""team""}","{""type"": ""team""}"
6994,"{""type"": ""team""}","{""type"": ""team""}"
6995,"{""type"": ""state""}","{""type"": ""state""}"
6996,"{""type"": ""status""}","{""type"": ""status""}"
6997,"{""type"": ""age""}","{""type"": ""age""}"
6998,"{""type"": ""weight""}","{""type"": ""weight""}"
6999,"{""type"": ""location""}","{""type"": ""location""}"
7000,"{""type"": ""status""}","{""type"": ""status""}"
7001,"{""type"": ""album""}","{""type"": ""album""}"
7002,"{""type"": ""description""}","{""type"": ""description""}"
7003,"{""type"": ""weight""}","{""type"": ""weight""}"
7004,"{""type"": ""name""}","{""type"": ""name""}"
7005,"{""type"": ""category""}","{""type"": ""category""}"
7006,"{""type"": ""age""}","{""type"": ""age""}"
7007,"{""type"": ""position""}","{""type"": ""position""}"
7008,"{""type"": ""city""}","{""type"": ""city""}"
7009,"{""type"": ""duration""}","{""type"": ""duration""}"
7010,"{""type"": ""age""}","{""type"": ""age""}"
7011,"{""type"": ""city""}","{""type"": ""city""}"
7012,"{""type"": ""city""}","{""type"": ""city""}"
7013,"{""type"": ""duration""}","{""type"": ""duration""}"
7014,"{""type"": ""artist""}","{""type"": ""artist""}"
7015,"{""type"": ""description""}","{""type"": ""description""}"
7016,"{""type"": ""state""}","{""type"": ""state""}"
7017,"{""type"": ""age""}","{""type"": ""age""}"
7018,"{""type"": ""status""}","{""type"": ""status""}"
7019,"{""type"": ""weight""}","{""type"": ""weight""}"
7020,"{""type"": ""weight""}","{""type"": ""weight""}"
7021,"{""type"": ""class""}","{""type"": ""class""}"
7022,"{""type"": ""state""}","{""type"": ""state""}"
7023,"{""type"": ""age""}","{""type"": ""age""}"
7024,"{""type"": ""age""}","{""type"": ""age""}"
7025,"{""type"": ""age""}","{""type"": ""age""}"
7026,"{""type"": ""age""}","{""type"": ""age""}"
7027,"{""type"": ""age""}","{""type"": ""age""}"
7028,"{""type"": ""state""}","{""type"": ""state""}"
7029,"{""type"": ""state""}","{""type"": ""state""}"
7030,"{""type"": ""state""}","{""type"": ""state""}"
7031,"{""type"": ""state""}","{""type"": ""state""}"
7032,"{""type"": ""state""}","{""type"": ""state""}"
7033,"{""type"": ""city""}","{""type"": ""city""}"
7034,"{""type"": ""year""}","{""type"": ""year""}"
7035,"{""type"": ""result""}","{""type"": ""result""}"
7036,"{""type"": ""age""}","{""type"": ""age""}"
7037,"{""type"": ""age""}","{""type"": ""age""}"
7038,"{""type"": ""year""}","{""type"": ""year""}"
7039,"{""type"": ""description""}","{""type"": ""description""}"
7040,"{""type"": ""weight""}","{""type"": ""weight""}"
7041,"{""type"": ""description""}","{""type"": ""description""}"
7042,"{""type"": ""name""}","{""type"": ""name""}"
7043,"{""type"": ""state""}","{""type"": ""state""}"
7044,"{""type"": ""album""}","{""type"": ""artist""}"
7045,"{""type"": ""name""}","{""type"": ""name""}"
7046,"{""type"": ""rank""}","{""type"": ""year""}"
7047,"{""type"": ""code""}","{""type"": ""code""}"
7048,"{""type"": ""weight""}","{""type"": ""weight""}"
7049,"{""type"": ""weight""}","{""type"": ""weight""}"
7050,"{""type"": ""state""}","{""type"": ""state""}"
7051,"{""type"": ""state""}","{""type"": ""state""}"
7052,"{""type"": ""state""}","{""type"": ""state""}"
7053,"{""type"": ""state""}","{""type"": ""state""}"
7054,"{""type"": ""state""}","{""type"": ""state""}"
7055,"{""type"": ""name""}","{""type"": ""name""}"
7056,"{""type"": ""rank""}","{""type"": ""rank""}"
7057,"{""type"": ""weight""}","{""type"": ""weight""}"
7058,"{""type"": ""album""}","{""type"": ""album""}"
7059,"{""type"": ""club""}","{""type"": ""club""}"
7060,"{""type"": ""description""}","{""type"": ""description""}"
7061,"{""type"": ""type""}","{""type"": ""type""}"
7062,"{""type"": ""team""}","{""type"": ""team""}"
7063,"{""type"": ""club""}","{""type"": ""club""}"
7064,"{""type"": ""album""}","{""type"": ""album""}"
7065,"{""type"": ""description""}","{""type"": ""description""}"
7066,"{""type"": ""age""}","{""type"": ""age""}"
7067,"{""type"": ""result""}","{""type"": ""result""}"
7068,"{""type"": ""category""}","{""type"": ""category""}"
7069,"{""type"": ""symbol""}","{""type"": ""symbol""}"
7070,"{""type"": ""notes""}","{""type"": ""notes""}"
7071,"{""type"": ""name""}","{""type"": ""name""}"
7072,"{""type"": ""weight""}","{""type"": ""weight""}"
7073,"{""type"": ""description""}","{""type"": ""description""}"
7074,"{""type"": ""code""}","{""type"": ""code""}"
7075,"{""type"": ""country""}","{""type"": ""nationality""}"
7076,"{""type"": ""rank""}","{""type"": ""rank""}"
7077,"{""type"": ""age""}","{""type"": ""age""}"
7078,"{""type"": ""description""}","{""type"": ""description""}"
7079,"{""type"": ""name""}","{""type"": ""name""}"
7080,"{""type"": ""description""}","{""type"": ""status""}"
7081,"{""type"": ""city""}","{""type"": ""city""}"
7082,"{""type"": ""rank""}","{""type"": ""rank""}"
7083,"{""type"": ""weight""}","{""type"": ""weight""}"
7084,"{""type"": ""status""}","{""type"": ""status""}"
7085,"{""type"": ""album""}","{""type"": ""album""}"
7086,"{""type"": ""code""}","{""type"": ""code""}"
7087,"{""type"": ""year""}","{""type"": ""year""}"
7088,"{""type"": ""artist""}","{""type"": ""artist""}"
7089,"{""type"": ""city""}","{""type"": ""city""}"
7090,"{""type"": ""weight""}","{""type"": ""weight""}"
7091,"{""type"": ""weight""}","{""type"": ""weight""}"
7092,"{""type"": ""year""}","{""type"": ""year""}"
7093,"{""type"": ""status""}","{""type"": ""status""}"
7094,"{""type"": ""owner""}","{""type"": ""owner""}"
7095,"{""type"": ""name""}","{""type"": ""name""}"
7096,"{""type"": ""birthdate""}","{""type"": ""birthdate""}"
7097,"{""type"": ""rank""}","{""type"": ""rank""}"
7098,"{""type"": ""description""}","{""type"": ""description""}"
7099,"{""type"": ""state""}","{""type"": ""state""}"
7100,"{""type"": ""category""}","{""type"": ""category""}"
7101,"{""type"": ""state""}","{""type"": ""state""}"
7102,"{""type"": ""status""}","{""type"": ""status""}"
7103,"{""type"": ""rank""}","{""type"": ""rank""}"
7104,"{""type"": ""status""}","{""type"": ""status""}"
7105,"{""type"": ""location""}","{""type"": ""location""}"
7106,"{""type"": ""weight""}","{""type"": ""weight""}"
7107,"{""type"": ""class""}","{""type"": ""class""}"
7108,"{""type"": ""weight""}","{""type"": ""weight""}"
7109,"{""type"": ""collection""}","{""type"": ""collection""}"
7110,"{""type"": ""description""}","{""type"": ""description""}"
7111,"{""type"": ""gender""}","{""type"": ""gender""}"
7112,"{""type"": ""location""}","{""type"": ""location""}"
7113,"{""type"": ""duration""}","{""type"": ""duration""}"
7114,"{""type"": ""status""}","{""type"": ""status""}"
7115,"{""type"": ""result""}","{""type"": ""result""}"
7116,"{""type"": ""weight""}","{""type"": ""weight""}"
7117,"{""type"": ""code""}","{""type"": ""code""}"
7118,"{""type"": ""description""}","{""type"": ""description""}"
7119,"{""type"": ""description""}","{""type"": ""description""}"
7120,"{""type"": ""affiliation""}","{""type"": ""affiliation""}"
7121,"{""type"": ""name""}","{""type"": ""name""}"
7122,"{""type"": ""name""}","{""type"": ""name""}"
7123,"{""type"": ""location""}","{""type"": ""city""}"
7124,"{""type"": ""age""}","{""type"": ""age""}"
7125,"{""type"": ""age""}","{""type"": ""age""}"
7126,"{""type"": ""location""}","{""type"": ""location""}"
7127,"{""type"": ""description""}","{""type"": ""description""}"
7128,"{""type"": ""rank""}","{""type"": ""rank""}"
7129,"{""type"": ""weight""}","{""type"": ""weight""}"
7130,"{""type"": ""rank""}","{""type"": ""rank""}"
7131,"{""type"": ""description""}","{""type"": ""description""}"
7132,"{""type"": ""name""}","{""type"": ""name""}"
7133,"{""type"": ""county""}","{""type"": ""county""}"
7134,"{""type"": ""description""}","{""type"": ""description""}"
7135,"{""type"": ""category""}","{""type"": ""category""}"
7136,"{""type"": ""artist""}","{""type"": ""artist""}"
7137,"{""type"": ""name""}","{""type"": ""name""}"
7138,"{""type"": ""name""}","{""type"": ""name""}"
7139,"{""type"": ""description""}","{""type"": ""description""}"
7140,"{""type"": ""brand""}","{""type"": ""brand""}"
7141,"{""type"": ""status""}","{""type"": ""status""}"
7142,"{""type"": ""requirement""}","{""type"": ""location""}"
7143,"{""type"": ""name""}","{""type"": ""name""}"
7144,"{""type"": ""city""}","{""type"": ""city""}"
7145,"{""type"": ""address""}","{""type"": ""address""}"
7146,"{""type"": ""type""}","{""type"": ""description""}"
7147,"{""type"": ""weight""}","{""type"": ""weight""}"
7148,"{""type"": ""age""}","{""type"": ""age""}"
7149,"{""type"": ""club""}","{""type"": ""club""}"
7150,"{""type"": ""age""}","{""type"": ""age""}"
7151,"{""type"": ""position""}","{""type"": ""position""}"
7152,"{""type"": ""age""}","{""type"": ""age""}"
7153,"{""type"": ""state""}","{""type"": ""state""}"
7154,"{""type"": ""rank""}","{""type"": ""rank""}"
7155,"{""type"": ""rank""}","{""type"": ""rank""}"
7156,"{""type"": ""rank""}","{""type"": ""rank""}"
7157,"{""type"": ""rank""}","{""type"": ""rank""}"
7158,"{""type"": ""rank""}","{""type"": ""rank""}"
7159,"{""type"": ""category""}","{""type"": ""category""}"
7160,"{""type"": ""weight""}","{""type"": ""weight""}"
7161,"{""type"": ""team""}","{""type"": ""team""}"
7162,"{""type"": ""status""}","{""type"": ""status""}"
7163,"{""type"": ""description""}","{""type"": ""description""}"
7164,"{""type"": ""description""}","{""type"": ""description""}"
7165,"{""type"": ""weight""}","{""type"": ""weight""}"
7166,"{""type"": ""year""}","{""type"": ""year""}"
7167,"{""type"": ""rank""}","{""type"": ""rank""}"
7168,"{""type"": ""club""}","{""type"": ""position""}"
7169,"{""type"": ""status""}","{""type"": ""status""}"
7170,"{""type"": ""type""}","{""type"": ""type""}"
7171,"{""type"": ""rank""}","{""type"": ""rank""}"
7172,"{""type"": ""city""}","{""type"": ""city""}"
7173,"{""type"": ""weight""}","{""type"": ""weight""}"
7174,"{""type"": ""weight""}","{""type"": ""weight""}"
7175,"{""type"": ""weight""}","{""type"": ""weight""}"
7176,"{""type"": ""weight""}","{""type"": ""rank""}"
7177,"{""type"": ""weight""}","{""type"": ""weight""}"
7178,"{""type"": ""team""}","{""type"": ""team""}"
7179,"{""type"": ""year""}","{""type"": ""year""}"
7180,"{""type"": ""year""}","{""type"": ""year""}"
7181,"{""type"": ""name""}","{""type"": ""name""}"
7182,"{""type"": ""gender""}","{""type"": ""gender""}"
7183,"{""type"": ""country""}","{""type"": ""country""}"
7184,"{""type"": ""description""}","{""type"": ""description""}"
7185,"{""type"": ""position""}","{""type"": ""sex""}"
7186,"{""type"": ""name""}","{""type"": ""name""}"
7187,"{""type"": ""location""}","{""type"": ""location""}"
7188,"{""type"": ""category""}","{""type"": ""category""}"
7189,"{""type"": ""city""}","{""type"": ""city""}"
7190,"{""type"": ""name""}","{""type"": ""name""}"
7191,"{""type"": ""type""}","{""type"": ""type""}"
7192,"{""type"": ""description""}","{""type"": ""description""}"
7193,"{""type"": ""genre""}","{""type"": ""category""}"
7194,"{""type"": ""company""}","{""type"": ""name""}"
7195,"{""type"": ""rank""}","{""type"": ""rank""}"
7196,"{""type"": ""age""}","{""type"": ""age""}"
7197,"{""type"": ""name""}","{""type"": ""name""}"
7198,"{""type"": ""weight""}","{""type"": ""weight""}"
7199,"{""type"": ""day""}","{""type"": ""day""}"
7200,"{""type"": ""year""}","{""type"": ""year""}"
7201,"{""type"": ""description""}","{""type"": ""description""}"
7202,"{""type"": ""year""}","{""type"": ""year""}"
7203,"{""type"": ""city""}","{""type"": ""city""}"
7204,"{""type"": ""state""}","{""type"": ""state""}"
7205,"{""type"": ""age""}","{""type"": ""age""}"
7206,"{""type"": ""album""}","{""type"": ""album""}"
7207,"{""type"": ""owner""}","{""type"": ""name""}"
7208,"{""type"": ""owner""}","{""type"": ""name""}"
7209,"{""type"": ""owner""}","{""type"": ""name""}"
7210,"{""type"": ""owner""}","{""type"": ""name""}"
7211,"{""type"": ""owner""}","{""type"": ""name""}"
7212,"{""type"": ""club""}","{""type"": ""club""}"
7213,"{""type"": ""notes""}","{""type"": ""description""}"
7214,"{""type"": ""age""}","{""type"": ""age""}"
7215,"{""type"": ""status""}","{""type"": ""status""}"
7216,"{""type"": ""county""}","{""type"": ""county""}"
7217,"{""type"": ""company""}","{""type"": ""company""}"
7218,"{""type"": ""name""}","{""type"": ""name""}"
7219,"{""type"": ""name""}","{""type"": ""name""}"
7220,"{""type"": ""category""}","{""type"": ""category""}"
7221,"{""type"": ""affiliation""}","{""type"": ""affiliation""}"
7222,"{""type"": ""rank""}","{""type"": ""rank""}"
7223,"{""type"": ""state""}","{""type"": ""state""}"
7224,"{""type"": ""notes""}","{""type"": ""notes""}"
7225,"{""type"": ""city""}","{""type"": ""city""}"
7226,"{""type"": ""description""}","{""type"": ""description""}"
7227,"{""type"": ""result""}","{""type"": ""result""}"
7228,"{""type"": ""status""}","{""type"": ""status""}"
7229,"{""type"": ""description""}","{""type"": ""description""}"
7230,"{""type"": ""name""}","{""type"": ""name""}"
7231,"{""type"": ""name""}","{""type"": ""name""}"
7232,"{""type"": ""name""}","{""type"": ""name""}"
7233,"{""type"": ""name""}","{""type"": ""name""}"
7234,"{""type"": ""name""}","{""type"": ""name""}"
7235,"{""type"": ""code""}","{""type"": ""code""}"
7236,"{""type"": ""state""}","{""type"": ""state""}"
7237,"{""type"": ""age""}","{""type"": ""age""}"
7238,"{""type"": ""type""}","{""type"": ""type""}"
7239,"{""type"": ""description""}","{""type"": ""description""}"
7240,"{""type"": ""album""}","{""type"": ""category""}"
7241,"{""type"": ""team""}","{""type"": ""team""}"
7242,"{""type"": ""city""}","{""type"": ""location""}"
7243,"{""type"": ""status""}","{""type"": ""status""}"
7244,"{""type"": ""city""}","{""type"": ""city""}"
7245,"{""type"": ""rank""}","{""type"": ""rank""}"
7246,"{""type"": ""rank""}","{""type"": ""rank""}"
7247,"{""type"": ""name""}","{""type"": ""name""}"
7248,"{""type"": ""year""}","{""type"": ""year""}"
7249,"{""type"": ""album""}","{""type"": ""album""}"
7250,"{""type"": ""sales""}","{""type"": ""status""}"
7251,"{""type"": ""symbol""}","{""type"": ""symbol""}"
7252,"{""type"": ""description""}","{""type"": ""description""}"
7253,"{""type"": ""teamname""}","{""type"": ""teamname""}"
7254,"{""type"": ""affiliation""}","{""type"": ""affiliation""}"
7255,"{""type"": ""country""}","{""type"": ""country""}"
7256,"{""type"": ""gender""}","{""type"": ""gender""}"
7257,"{""type"": ""name""}","{""type"": ""name""}"
7258,"{""type"": ""code""}","{""type"": ""code""}"
7259,"{""type"": ""position""}","{""type"": ""position""}"
7260,"{""type"": ""age""}","{""type"": ""age""}"
7261,"{""type"": ""description""}","{""type"": ""description""}"
7262,"{""type"": ""gender""}","{""type"": ""gender""}"
7263,"{""type"": ""type""}","{""type"": ""type""}"
7264,"{""type"": ""weight""}","{""type"": ""weight""}"
7265,"{""type"": ""weight""}","{""type"": ""weight""}"
7266,"{""type"": ""position""}","{""type"": ""position""}"
7267,"{""type"": ""location""}","{""type"": ""address""}"
7268,"{""type"": ""status""}","{""type"": ""requirement""}"
7269,"{""type"": ""location""}","{""type"": ""location""}"
7270,"{""type"": ""format""}","{""type"": ""format""}"
7271,"{""type"": ""state""}","{""type"": ""state""}"
7272,"{""type"": ""state""}","{""type"": ""state""}"
7273,"{""type"": ""state""}","{""type"": ""state""}"
7274,"{""type"": ""state""}","{""type"": ""state""}"
7275,"{""type"": ""state""}","{""type"": ""state""}"
7276,"{""type"": ""grades""}","{""type"": ""grades""}"
7277,"{""type"": ""name""}","{""type"": ""name""}"
7278,"{""type"": ""location""}","{""type"": ""location""}"
7279,"{""type"": ""description""}","{""type"": ""description""}"
7280,"{""type"": ""name""}","{""type"": ""name""}"
7281,"{""type"": ""status""}","{""type"": ""status""}"
7282,"{""type"": ""state""}","{""type"": ""state""}"
7283,"{""type"": ""weight""}","{""type"": ""weight""}"
7284,"{""type"": ""description""}","{""type"": ""description""}"
7285,"{""type"": ""name""}","{""type"": ""name""}"
7286,"{""type"": ""city""}","{""type"": ""city""}"
7287,"{""type"": ""age""}","{""type"": ""age""}"
7288,"{""type"": ""club""}","{""type"": ""club""}"
7289,"{""type"": ""name""}","{""type"": ""name""}"
7290,"{""type"": ""year""}","{""type"": ""year""}"
7291,"{""type"": ""state""}","{""type"": ""state""}"
7292,"{""type"": ""state""}","{""type"": ""state""}"
7293,"{""type"": ""location""}","{""type"": ""location""}"
7294,"{""type"": ""state""}","{""type"": ""state""}"
7295,"{""type"": ""team""}","{""type"": ""teamname""}"
7296,"{""type"": ""weight""}","{""type"": ""weight""}"
7297,"{""type"": ""team""}","{""type"": ""team""}"
7298,"{""type"": ""club""}","{""type"": ""club""}"
7299,"{""type"": ""description""}","{""type"": ""description""}"
7300,"{""type"": ""status""}","{""type"": ""status""}"
7301,"{""type"": ""status""}","{""type"": ""status""}"
7302,"{""type"": ""status""}","{""type"": ""status""}"
7303,"{""type"": ""status""}","{""type"": ""status""}"
7304,"{""type"": ""status""}","{""type"": ""status""}"
7305,"{""type"": ""weight""}","{""type"": ""weight""}"
7306,"{""type"": ""rank""}","{""type"": ""rank""}"
7307,"{""type"": ""team""}","{""type"": ""team""}"
7308,"{""type"": ""weight""}","{""type"": ""weight""}"
7309,"{""type"": ""age""}","{""type"": ""age""}"
7310,"{""type"": ""name""}","{""type"": ""name""}"
7311,"{""type"": ""artist""}","{""type"": ""artist""}"
7312,"{""type"": ""result""}","{""type"": ""result""}"
7313,"{""type"": ""name""}","{""type"": ""name""}"
7314,"{""type"": ""name""}","{""type"": ""name""}"
7315,"{""type"": ""rank""}","{""type"": ""rank""}"
7316,"{""type"": ""name""}","{""type"": ""name""}"
7317,"{""type"": ""description""}","{""type"": ""description""}"
7318,"{""type"": ""company""}","{""type"": ""symbol""}"
7319,"{""type"": ""weight""}","{""type"": ""position""}"
7320,"{""type"": ""result""}","{""type"": ""result""}"
7321,"{""type"": ""state""}","{""type"": ""state""}"
7322,"{""type"": ""state""}","{""type"": ""state""}"
7323,"{""type"": ""state""}","{""type"": ""state""}"
7324,"{""type"": ""state""}","{""type"": ""state""}"
7325,"{""type"": ""state""}","{""type"": ""state""}"
7326,"{""type"": ""description""}","{""type"": ""description""}"
7327,"{""type"": ""description""}","{""type"": ""description""}"
7328,"{""type"": ""jockey""}","{""type"": ""jockey""}"
7329,"{""type"": ""rank""}","{""type"": ""rank""}"
7330,"{""type"": ""name""}","{""type"": ""name""}"
7331,"{""type"": ""status""}","{""type"": ""status""}"
7332,"{""type"": ""status""}","{""type"": ""status""}"
7333,"{""type"": ""status""}","{""type"": ""status""}"
7334,"{""type"": ""status""}","{""type"": ""status""}"
7335,"{""type"": ""status""}","{""type"": ""status""}"
7336,"{""type"": ""club""}","{""type"": ""club""}"
7337,"{""type"": ""team""}","{""type"": ""team""}"
7338,"{""type"": ""name""}","{""type"": ""name""}"
7339,"{""type"": ""weight""}","{""type"": ""weight""}"
7340,"{""type"": ""category""}","{""type"": ""category""}"
7341,"{""type"": ""age""}","{""type"": ""age""}"
7342,"{""type"": ""rank""}","{""type"": ""rank""}"
7343,"{""type"": ""description""}","{""type"": ""description""}"
7344,"{""type"": ""rank""}","{""type"": ""rank""}"
7345,"{""type"": ""age""}","{""type"": ""age""}"
7346,"{""type"": ""age""}","{""type"": ""age""}"
7347,"{""type"": ""description""}","{""type"": ""description""}"
7348,"{""type"": ""code""}","{""type"": ""code""}"
7349,"{""type"": ""country""}","{""type"": ""country""}"
7350,"{""type"": ""location""}","{""type"": ""location""}"
7351,"{""type"": ""name""}","{""type"": ""name""}"
7352,"{""type"": ""name""}","{""type"": ""name""}"
7353,"{""type"": ""rank""}","{""type"": ""rank""}"
7354,"{""type"": ""rank""}","{""type"": ""rank""}"
7355,"{""type"": ""rank""}","{""type"": ""rank""}"
7356,"{""type"": ""rank""}","{""type"": ""rank""}"
7357,"{""type"": ""rank""}","{""type"": ""rank""}"
7358,"{""type"": ""sex""}","{""type"": ""sex""}"
7359,"{""type"": ""name""}","{""type"": ""name""}"
7360,"{""type"": ""name""}","{""type"": ""name""}"
7361,"{""type"": ""description""}","{""type"": ""description""}"
7362,"{""type"": ""description""}","{""type"": ""description""}"
7363,"{""type"": ""description""}","{""type"": ""description""}"
7364,"{""type"": ""description""}","{""type"": ""description""}"
7365,"{""type"": ""description""}","{""type"": ""description""}"
7366,"{""type"": ""class""}","{""type"": ""class""}"
7367,"{""type"": ""code""}","{""type"": ""code""}"
7368,"{""type"": ""position""}","{""type"": ""position""}"
7369,"{""type"": ""album""}","{""type"": ""artist""}"
7370,"{""type"": ""code""}","{""type"": ""code""}"
7371,"{""type"": ""club""}","{""type"": ""club""}"
7372,"{""type"": ""year""}","{""type"": ""year""}"
7373,"{""type"": ""description""}","{""type"": ""description""}"
7374,"{""type"": ""status""}","{""type"": ""status""}"
7375,"{""type"": ""weight""}","{""type"": ""weight""}"
7376,"{""type"": ""description""}","{""type"": ""description""}"
7377,"{""type"": ""city""}","{""type"": ""city""}"
7378,"{""type"": ""nationality""}","{""type"": ""nationality""}"
7379,"{""type"": ""description""}","{""type"": ""description""}"
7380,"{""type"": ""weight""}","{""type"": ""weight""}"
7381,"{""type"": ""year""}","{""type"": ""year""}"
7382,"{""type"": ""city""}","{""type"": ""city""}"
7383,"{""type"": ""description""}","{""type"": ""description""}"
7384,"{""type"": ""description""}","{""type"": ""description""}"
7385,"{""type"": ""artist""}","{""type"": ""artist""}"
7386,"{""type"": ""description""}","{""type"": ""description""}"
7387,"{""type"": ""artist""}","{""type"": ""artist""}"
7388,"{""type"": ""weight""}","{""type"": ""weight""}"
7389,"{""type"": ""name""}","{""type"": ""name""}"
7390,"{""type"": ""age""}","{""type"": ""age""}"
7391,"{""type"": ""year""}","{""type"": ""year""}"
7392,"{""type"": ""description""}","{""type"": ""description""}"
7393,"{""type"": ""state""}","{""type"": ""state""}"
7394,"{""type"": ""state""}","{""type"": ""state""}"
7395,"{""type"": ""state""}","{""type"": ""state""}"
7396,"{""type"": ""state""}","{""type"": ""state""}"
7397,"{""type"": ""state""}","{""type"": ""state""}"
7398,"{""type"": ""state""}","{""type"": ""state""}"
7399,"{""type"": ""gender""}","{""type"": ""gender""}"
7400,"{""type"": ""rank""}","{""type"": ""rank""}"
7401,"{""type"": ""team""}","{""type"": ""team""}"
7402,"{""type"": ""state""}","{""type"": ""state""}"
7403,"{""type"": ""description""}","{""type"": ""description""}"
7404,"{""type"": ""credit""}","{""type"": ""credit""}"
7405,"{""type"": ""category""}","{""type"": ""category""}"
7406,"{""type"": ""state""}","{""type"": ""state""}"
7407,"{""type"": ""result""}","{""type"": ""status""}"
7408,"{""type"": ""status""}","{""type"": ""status""}"
7409,"{""type"": ""symbol""}","{""type"": ""symbol""}"
7410,"{""type"": ""artist""}","{""type"": ""artist""}"
7411,"{""type"": ""state""}","{""type"": ""state""}"
7412,"{""type"": ""company""}","{""type"": ""company""}"
7413,"{""type"": ""rank""}","{""type"": ""rank""}"
7414,"{""type"": ""team""}","{""type"": ""team""}"
7415,"{""type"": ""symbol""}","{""type"": ""symbol""}"
7416,"{""type"": ""country""}","{""type"": ""country""}"
7417,"{""type"": ""format""}","{""type"": ""rank""}"
7418,"{""type"": ""format""}","{""type"": ""result""}"
7419,"{""type"": ""format""}","{""type"": ""rank""}"
7420,"{""type"": ""format""}","{""type"": ""rank""}"
7421,"{""type"": ""format""}","{""type"": ""rank""}"
7422,"{""type"": ""weight""}","{""type"": ""weight""}"
7423,"{""type"": ""description""}","{""type"": ""description""}"
7424,"{""type"": ""name""}","{""type"": ""name""}"
7425,"{""type"": ""description""}","{""type"": ""description""}"
7426,"{""type"": ""company""}","{""type"": ""company""}"
7427,"{""type"": ""address""}","{""type"": ""address""}"
7428,"{""type"": ""result""}","{""type"": ""result""}"
7429,"{""type"": ""description""}","{""type"": ""description""}"
7430,"{""type"": ""address""}","{""type"": ""address""}"
7431,"{""type"": ""location""}","{""type"": ""location""}"
7432,"{""type"": ""result""}","{""type"": ""rank""}"
7433,"{""type"": ""description""}","{""type"": ""description""}"
7434,"{""type"": ""status""}","{""type"": ""status""}"
7435,"{""type"": ""city""}","{""type"": ""city""}"
7436,"{""type"": ""name""}","{""type"": ""name""}"
7437,"{""type"": ""name""}","{""type"": ""name""}"
7438,"{""type"": ""company""}","{""type"": ""company""}"
7439,"{""type"": ""product""}","{""type"": ""component""}"
7440,"{""type"": ""city""}","{""type"": ""city""}"
7441,"{""type"": ""name""}","{""type"": ""name""}"
7442,"{""type"": ""city""}","{""type"": ""type""}"
7443,"{""type"": ""name""}","{""type"": ""name""}"
7444,"{""type"": ""status""}","{""type"": ""status""}"
7445,"{""type"": ""company""}","{""type"": ""company""}"
7446,"{""type"": ""class""}","{""type"": ""class""}"
7447,"{""type"": ""team""}","{""type"": ""team""}"
7448,"{""type"": ""description""}","{""type"": ""description""}"
7449,"{""type"": ""result""}","{""type"": ""result""}"
7450,"{""type"": ""state""}","{""type"": ""state""}"
7451,"{""type"": ""rank""}","{""type"": ""rank""}"
7452,"{""type"": ""county""}","{""type"": ""county""}"
7453,"{""type"": ""name""}","{""type"": ""name""}"
7454,"{""type"": ""status""}","{""type"": ""status""}"
7455,"{""type"": ""team""}","{""type"": ""teamname""}"
7456,"{""type"": ""result""}","{""type"": ""result""}"
7457,"{""type"": ""category""}","{""type"": ""category""}"
7458,"{""type"": ""club""}","{""type"": ""club""}"
7459,"{""type"": ""rank""}","{""type"": ""rank""}"
7460,"{""type"": ""county""}","{""type"": ""county""}"
7461,"{""type"": ""team""}","{""type"": ""team""}"
7462,"{""type"": ""name""}","{""type"": ""name""}"
7463,"{""type"": ""category""}","{""type"": ""category""}"
7464,"{""type"": ""year""}","{""type"": ""year""}"
7465,"{""type"": ""location""}","{""type"": ""location""}"
7466,"{""type"": ""type""}","{""type"": ""type""}"
7467,"{""type"": ""rank""}","{""type"": ""rank""}"
7468,"{""type"": ""rank""}","{""type"": ""rank""}"
7469,"{""type"": ""rank""}","{""type"": ""rank""}"
7470,"{""type"": ""rank""}","{""type"": ""rank""}"
7471,"{""type"": ""rank""}","{""type"": ""rank""}"
7472,"{""type"": ""sex""}","{""type"": ""sex""}"
7473,"{""type"": ""age""}","{""type"": ""age""}"
7474,"{""type"": ""name""}","{""type"": ""name""}"
7475,"{""type"": ""component""}","{""type"": ""component""}"
7476,"{""type"": ""age""}","{""type"": ""age""}"
7477,"{""type"": ""description""}","{""type"": ""description""}"
7478,"{""type"": ""artist""}","{""type"": ""artist""}"
7479,"{""type"": ""age""}","{""type"": ""age""}"
7480,"{""type"": ""age""}","{""type"": ""age""}"
7481,"{""type"": ""age""}","{""type"": ""age""}"
7482,"{""type"": ""age""}","{""type"": ""age""}"
7483,"{""type"": ""age""}","{""type"": ""age""}"
7484,"{""type"": ""category""}","{""type"": ""category""}"
7485,"{""type"": ""symbol""}","{""type"": ""symbol""}"
7486,"{""type"": ""type""}","{""type"": ""type""}"
7487,"{""type"": ""age""}","{""type"": ""age""}"
7488,"{""type"": ""album""}","{""type"": ""album""}"
7489,"{""type"": ""rank""}","{""type"": ""rank""}"
7490,"{""type"": ""description""}","{""type"": ""description""}"
7491,"{""type"": ""rank""}","{""type"": ""rank""}"
7492,"{""type"": ""status""}","{""type"": ""status""}"
7493,"{""type"": ""year""}","{""type"": ""year""}"
7494,"{""type"": ""location""}","{""type"": ""location""}"
7495,"{""type"": ""age""}","{""type"": ""age""}"
7496,"{""type"": ""status""}","{""type"": ""status""}"
7497,"{""type"": ""location""}","{""type"": ""location""}"
7498,"{""type"": ""city""}","{""type"": ""city""}"
7499,"{""type"": ""team""}","{""type"": ""team""}"
7500,"{""type"": ""club""}","{""type"": ""club""}"
7501,"{""type"": ""state""}","{""type"": ""state""}"
7502,"{""type"": ""state""}","{""type"": ""state""}"
7503,"{""type"": ""state""}","{""type"": ""state""}"
7504,"{""type"": ""state""}","{""type"": ""state""}"
7505,"{""type"": ""state""}","{""type"": ""state""}"
7506,"{""type"": ""age""}","{""type"": ""age""}"
7507,"{""type"": ""age""}","{""type"": ""age""}"
7508,"{""type"": ""location""}","{""type"": ""location""}"
7509,"{""type"": ""name""}","{""type"": ""name""}"
7510,"{""type"": ""club""}","{""type"": ""club""}"
7511,"{""type"": ""name""}","{""type"": ""name""}"
7512,"{""type"": ""team""}","{""type"": ""team""}"
7513,"{""type"": ""name""}","{""type"": ""name""}"
7514,"{""type"": ""state""}","{""type"": ""state""}"
7515,"{""type"": ""team""}","{""type"": ""club""}"
7516,"{""type"": ""year""}","{""type"": ""year""}"
7517,"{""type"": ""age""}","{""type"": ""age""}"
7518,"{""type"": ""description""}","{""type"": ""description""}"
7519,"{""type"": ""description""}","{""type"": ""description""}"
7520,"{""type"": ""description""}","{""type"": ""description""}"
7521,"{""type"": ""description""}","{""type"": ""description""}"
7522,"{""type"": ""description""}","{""type"": ""description""}"
7523,"{""type"": ""club""}","{""type"": ""club""}"
7524,"{""type"": ""person""}","{""type"": ""name""}"
7525,"{""type"": ""country""}","{""type"": ""country""}"
7526,"{""type"": ""weight""}","{""type"": ""weight""}"
7527,"{""type"": ""state""}","{""type"": ""state""}"
7528,"{""type"": ""plays""}","{""type"": ""plays""}"
7529,"{""type"": ""sex""}","{""type"": ""sex""}"
7530,"{""type"": ""age""}","{""type"": ""age""}"
7531,"{""type"": ""team""}","{""type"": ""country""}"
7532,"{""type"": ""state""}","{""type"": ""state""}"
7533,"{""type"": ""age""}","{""type"": ""age""}"
7534,"{""type"": ""category""}","{""type"": ""category""}"
7535,"{""type"": ""type""}","{""type"": ""type""}"
7536,"{""type"": ""artist""}","{""type"": ""artist""}"
7537,"{""type"": ""class""}","{""type"": ""class""}"
7538,"{""type"": ""position""}","{""type"": ""position""}"
7539,"{""type"": ""description""}","{""type"": ""description""}"
7540,"{""type"": ""year""}","{""type"": ""year""}"
7541,"{""type"": ""city""}","{""type"": ""city""}"
7542,"{""type"": ""album""}","{""type"": ""album""}"
7543,"{""type"": ""rank""}","{""type"": ""rank""}"
7544,"{""type"": ""description""}","{""type"": ""description""}"
7545,"{""type"": ""weight""}","{""type"": ""weight""}"
7546,"{""type"": ""class""}","{""type"": ""class""}"
7547,"{""type"": ""description""}","{""type"": ""description""}"
7548,"{""type"": ""rank""}","{""type"": ""rank""}"
7549,"{""type"": ""status""}","{""type"": ""status""}"
7550,"{""type"": ""city""}","{""type"": ""city""}"
7551,"{""type"": ""city""}","{""type"": ""city""}"
7552,"{""type"": ""city""}","{""type"": ""city""}"
7553,"{""type"": ""city""}","{""type"": ""city""}"
7554,"{""type"": ""city""}","{""type"": ""city""}"
7555,"{""type"": ""rank""}","{""type"": ""rank""}"
7556,"{""type"": ""age""}","{""type"": ""age""}"
7557,"{""type"": ""age""}","{""type"": ""age""}"
7558,"{""type"": ""description""}","{""type"": ""description""}"
7559,"{""type"": ""result""}","{""type"": ""result""}"
7560,"{""type"": ""club""}","{""type"": ""club""}"
7561,"{""type"": ""name""}","{""type"": ""name""}"
7562,"{""type"": ""state""}","{""type"": ""state""}"
7563,"{""type"": ""status""}","{""type"": ""status""}"
7564,"{""type"": ""description""}","{""type"": ""description""}"
7565,"{""type"": ""city""}","{""type"": ""city""}"
7566,"{""type"": ""name""}","{""type"": ""name""}"
7567,"{""type"": ""name""}","{""type"": ""name""}"
7568,"{""type"": ""type""}","{""type"": ""name""}"
7569,"{""type"": ""city""}","{""type"": ""city""}"
7570,"{""type"": ""city""}","{""type"": ""city""}"
7571,"{""type"": ""club""}","{""type"": ""club""}"
7572,"{""type"": ""name""}","{""type"": ""name""}"
7573,"{""type"": ""age""}","{""type"": ""age""}"
7574,"{""type"": ""name""}","{""type"": ""name""}"
7575,"{""type"": ""age""}","{""type"": ""age""}"
7576,"{""type"": ""name""}","{""type"": ""name""}"
7577,"{""type"": ""weight""}","{""type"": ""weight""}"
7578,"{""type"": ""weight""}","{""type"": ""weight""}"
7579,"{""type"": ""description""}","{""type"": ""description""}"
7580,"{""type"": ""city""}","{""type"": ""city""}"
7581,"{""type"": ""city""}","{""type"": ""city""}"
7582,"{""type"": ""city""}","{""type"": ""city""}"
7583,"{""type"": ""city""}","{""type"": ""city""}"
7584,"{""type"": ""city""}","{""type"": ""city""}"
7585,"{""type"": ""type""}","{""type"": ""type""}"
7586,"{""type"": ""weight""}","{""type"": ""weight""}"
7587,"{""type"": ""location""}","{""type"": ""city""}"
7588,"{""type"": ""age""}","{""type"": ""age""}"
7589,"{""type"": ""location""}","{""type"": ""location""}"
7590,"{""type"": ""status""}","{""type"": ""status""}"
7591,"{""type"": ""description""}","{""type"": ""description""}"
7592,"{""type"": ""age""}","{""type"": ""age""}"
7593,"{""type"": ""status""}","{""type"": ""status""}"
7594,"{""type"": ""description""}","{""type"": ""description""}"
7595,"{""type"": ""city""}","{""type"": ""city""}"
7596,"{""type"": ""name""}","{""type"": ""name""}"
7597,"{""type"": ""city""}","{""type"": ""city""}"
7598,"{""type"": ""team""}","{""type"": ""team""}"
7599,"{""type"": ""address""}","{""type"": ""address""}"
7600,"{""type"": ""location""}","{""type"": ""location""}"
7601,"{""type"": ""rank""}","{""type"": ""rank""}"
7602,"{""type"": ""team""}","{""type"": ""state""}"
7603,"{""type"": ""location""}","{""type"": ""location""}"
7604,"{""type"": ""address""}","{""type"": ""address""}"
7605,"{""type"": ""address""}","{""type"": ""address""}"
7606,"{""type"": ""address""}","{""type"": ""address""}"
7607,"{""type"": ""address""}","{""type"": ""address""}"
7608,"{""type"": ""address""}","{""type"": ""address""}"
7609,"{""type"": ""year""}","{""type"": ""year""}"
7610,"{""type"": ""year""}","{""type"": ""year""}"
7611,"{""type"": ""year""}","{""type"": ""year""}"
7612,"{""type"": ""year""}","{""type"": ""year""}"
7613,"{""type"": ""year""}","{""type"": ""year""}"
7614,"{""type"": ""category""}","{""type"": ""category""}"
7615,"{""type"": ""weight""}","{""type"": ""weight""}"
7616,"{""type"": ""code""}","{""type"": ""code""}"
7617,"{""type"": ""class""}","{""type"": ""class""}"
7618,"{""type"": ""name""}","{""type"": ""name""}"
7619,"{""type"": ""status""}","{""type"": ""status""}"
7620,"{""type"": ""county""}","{""type"": ""county""}"
7621,"{""type"": ""weight""}","{""type"": ""weight""}"
7622,"{""type"": ""age""}","{""type"": ""age""}"
7623,"{""type"": ""gender""}","{""type"": ""gender""}"
7624,"{""type"": ""type""}","{""type"": ""type""}"
7625,"{""type"": ""weight""}","{""type"": ""weight""}"
7626,"{""type"": ""symbol""}","{""type"": ""symbol""}"
7627,"{""type"": ""artist""}","{""type"": ""artist""}"
7628,"{""type"": ""state""}","{""type"": ""state""}"
7629,"{""type"": ""state""}","{""type"": ""status""}"
7630,"{""type"": ""state""}","{""type"": ""state""}"
7631,"{""type"": ""state""}","{""type"": ""state""}"
7632,"{""type"": ""state""}","{""type"": ""state""}"
7633,"{""type"": ""status""}","{""type"": ""status""}"
7634,"{""type"": ""name""}","{""type"": ""name""}"
7635,"{""type"": ""code""}","{""type"": ""code""}"
7636,"{""type"": ""notes""}","{""type"": ""notes""}"
7637,"{""type"": ""type""}","{""type"": ""type""}"
7638,"{""type"": ""county""}","{""type"": ""county""}"
7639,"{""type"": ""description""}","{""type"": ""description""}"
7640,"{""type"": ""weight""}","{""type"": ""weight""}"
7641,"{""type"": ""city""}","{""type"": ""city""}"
7642,"{""type"": ""gender""}","{""type"": ""gender""}"
7643,"{""type"": ""age""}","{""type"": ""age""}"
7644,"{""type"": ""name""}","{""type"": ""name""}"
7645,"{""type"": ""name""}","{""type"": ""name""}"
7646,"{""type"": ""country""}","{""type"": ""country""}"
7647,"{""type"": ""country""}","{""type"": ""country""}"
7648,"{""type"": ""country""}","{""type"": ""country""}"
7649,"{""type"": ""country""}","{""type"": ""country""}"
7650,"{""type"": ""country""}","{""type"": ""country""}"
7651,"{""type"": ""state""}","{""type"": ""state""}"
7652,"{""type"": ""state""}","{""type"": ""state""}"
7653,"{""type"": ""state""}","{""type"": ""state""}"
7654,"{""type"": ""state""}","{""type"": ""state""}"
7655,"{""type"": ""state""}","{""type"": ""state""}"
7656,"{""type"": ""state""}","{""type"": ""state""}"
7657,"{""type"": ""state""}","{""type"": ""state""}"
7658,"{""type"": ""description""}","{""type"": ""description""}"
7659,"{""type"": ""category""}","{""type"": ""category""}"
7660,"{""type"": ""year""}","{""type"": ""year""}"
7661,"{""type"": ""category""}","{""type"": ""category""}"
7662,"{""type"": ""sex""}","{""type"": ""sex""}"
7663,"{""type"": ""teamname""}","{""type"": ""teamname""}"
7664,"{""type"": ""company""}","{""type"": ""company""}"
7665,"{""type"": ""location""}","{""type"": ""location""}"
7666,"{""type"": ""code""}","{""type"": ""code""}"
7667,"{""type"": ""city""}","{""type"": ""city""}"
7668,"{""type"": ""age""}","{""type"": ""age""}"
7669,"{""type"": ""country""}","{""type"": ""state""}"
7670,"{""type"": ""name""}","{""type"": ""name""}"
7671,"{""type"": ""name""}","{""type"": ""name""}"
7672,"{""type"": ""name""}","{""type"": ""name""}"
7673,"{""type"": ""name""}","{""type"": ""name""}"
7674,"{""type"": ""name""}","{""type"": ""name""}"
7675,"{""type"": ""name""}","{""type"": ""name""}"
7676,"{""type"": ""club""}","{""type"": ""club""}"
7677,"{""type"": ""symbol""}","{""type"": ""symbol""}"
7678,"{""type"": ""description""}","{""type"": ""description""}"
7679,"{""type"": ""type""}","{""type"": ""type""}"
7680,"{""type"": ""name""}","{""type"": ""name""}"
7681,"{""type"": ""age""}","{""type"": ""age""}"
7682,"{""type"": ""description""}","{""type"": ""description""}"
7683,"{""type"": ""category""}","{""type"": ""category""}"
7684,"{""type"": ""symbol""}","{""type"": ""symbol""}"
7685,"{""type"": ""state""}","{""type"": ""state""}"
7686,"{""type"": ""weight""}","{""type"": ""weight""}"
7687,"{""type"": ""country""}","{""type"": ""country""}"
7688,"{""type"": ""location""}","{""type"": ""location""}"
7689,"{""type"": ""name""}","{""type"": ""name""}"
7690,"{""type"": ""year""}","{""type"": ""year""}"
7691,"{""type"": ""city""}","{""type"": ""city""}"
7692,"{""type"": ""status""}","{""type"": ""status""}"
7693,"{""type"": ""name""}","{""type"": ""name""}"
7694,"{""type"": ""category""}","{""type"": ""category""}"
7695,"{""type"": ""team""}","{""type"": ""team""}"
7696,"{""type"": ""weight""}","{""type"": ""weight""}"
7697,"{""type"": ""name""}","{""type"": ""name""}"
7698,"{""type"": ""location""}","{""type"": ""location""}"
7699,"{""type"": ""status""}","{""type"": ""status""}"
7700,"{""type"": ""type""}","{""type"": ""type""}"
7701,"{""type"": ""name""}","{""type"": ""name""}"
7702,"{""type"": ""year""}","{""type"": ""year""}"
7703,"{""type"": ""age""}","{""type"": ""age""}"
7704,"{""type"": ""age""}","{""type"": ""rank""}"
7705,"{""type"": ""location""}","{""type"": ""location""}"
7706,"{""type"": ""weight""}","{""type"": ""weight""}"
7707,"{""type"": ""age""}","{""type"": ""rank""}"
7708,"{""type"": ""weight""}","{""type"": ""weight""}"
7709,"{""type"": ""code""}","{""type"": ""code""}"
7710,"{""type"": ""person""}","{""type"": ""name""}"
7711,"{""type"": ""year""}","{""type"": ""year""}"
7712,"{""type"": ""age""}","{""type"": ""age""}"
7713,"{""type"": ""company""}","{""type"": ""company""}"
7714,"{""type"": ""year""}","{""type"": ""year""}"
7715,"{""type"": ""name""}","{""type"": ""name""}"
7716,"{""type"": ""category""}","{""type"": ""category""}"
7717,"{""type"": ""name""}","{""type"": ""name""}"
7718,"{""type"": ""name""}","{""type"": ""name""}"
7719,"{""type"": ""symbol""}","{""type"": ""command""}"
7720,"{""type"": ""city""}","{""type"": ""city""}"
7721,"{""type"": ""name""}","{""type"": ""name""}"
7722,"{""type"": ""age""}","{""type"": ""age""}"
7723,"{""type"": ""order""}","{""type"": ""order""}"
7724,"{""type"": ""club""}","{""type"": ""club""}"
7725,"{""type"": ""weight""}","{""type"": ""weight""}"
7726,"{""type"": ""year""}","{""type"": ""year""}"
7727,"{""type"": ""name""}","{""type"": ""name""}"
7728,"{""type"": ""format""}","{""type"": ""format""}"
7729,"{""type"": ""location""}","{""type"": ""location""}"
7730,"{""type"": ""artist""}","{""type"": ""artist""}"
7731,"{""type"": ""name""}","{""type"": ""name""}"
7732,"{""type"": ""category""}","{""type"": ""category""}"
7733,"{""type"": ""type""}","{""type"": ""type""}"
7734,"{""type"": ""type""}","{""type"": ""type""}"
7735,"{""type"": ""code""}","{""type"": ""code""}"
7736,"{""type"": ""year""}","{""type"": ""year""}"
7737,"{""type"": ""state""}","{""type"": ""state""}"
7738,"{""type"": ""result""}","{""type"": ""result""}"
7739,"{""type"": ""team""}","{""type"": ""team""}"
7740,"{""type"": ""region""}","{""type"": ""area""}"
7741,"{""type"": ""team""}","{""type"": ""country""}"
7742,"{""type"": ""format""}","{""type"": ""format""}"
7743,"{""type"": ""city""}","{""type"": ""city""}"
7744,"{""type"": ""age""}","{""type"": ""club""}"
7745,"{""type"": ""company""}","{""type"": ""company""}"
7746,"{""type"": ""age""}","{""type"": ""age""}"
7747,"{""type"": ""location""}","{""type"": ""location""}"
7748,"{""type"": ""club""}","{""type"": ""club""}"
7749,"{""type"": ""weight""}","{""type"": ""weight""}"
7750,"{""type"": ""teamname""}","{""type"": ""teamname""}"
7751,"{""type"": ""status""}","{""type"": ""status""}"
7752,"{""type"": ""description""}","{""type"": ""description""}"
7753,"{""type"": ""range""}","{""type"": ""range""}"
7754,"{""type"": ""club""}","{""type"": ""club""}"
7755,"{""type"": ""description""}","{""type"": ""description""}"
7756,"{""type"": ""state""}","{""type"": ""state""}"
7757,"{""type"": ""code""}","{""type"": ""code""}"
7758,"{""type"": ""year""}","{""type"": ""year""}"
7759,"{""type"": ""team""}","{""type"": ""team""}"
7760,"{""type"": ""name""}","{""type"": ""name""}"
7761,"{""type"": ""state""}","{""type"": ""state""}"
7762,"{""type"": ""region""}","{""type"": ""region""}"
7763,"{""type"": ""weight""}","{""type"": ""weight""}"
7764,"{""type"": ""artist""}","{""type"": ""artist""}"
7765,"{""type"": ""location""}","{""type"": ""location""}"
7766,"{""type"": ""city""}","{""type"": ""city""}"
7767,"{""type"": ""city""}","{""type"": ""city""}"
7768,"{""type"": ""city""}","{""type"": ""city""}"
7769,"{""type"": ""city""}","{""type"": ""city""}"
7770,"{""type"": ""city""}","{""type"": ""city""}"
7771,"{""type"": ""name""}","{""type"": ""name""}"
7772,"{""type"": ""year""}","{""type"": ""year""}"
7773,"{""type"": ""name""}","{""type"": ""name""}"
7774,"{""type"": ""format""}","{""type"": ""format""}"
7775,"{""type"": ""age""}","{""type"": ""age""}"
7776,"{""type"": ""day""}","{""type"": ""day""}"
7777,"{""type"": ""location""}","{""type"": ""location""}"
7778,"{""type"": ""location""}","{""type"": ""location""}"
7779,"{""type"": ""company""}","{""type"": ""company""}"
7780,"{""type"": ""description""}","{""type"": ""description""}"
7781,"{""type"": ""name""}","{""type"": ""name""}"
7782,"{""type"": ""name""}","{""type"": ""city""}"
7783,"{""type"": ""location""}","{""type"": ""location""}"
7784,"{""type"": ""collection""}","{""type"": ""collection""}"
7785,"{""type"": ""city""}","{""type"": ""city""}"
7786,"{""type"": ""category""}","{""type"": ""category""}"
7787,"{""type"": ""age""}","{""type"": ""age""}"
7788,"{""type"": ""type""}","{""type"": ""status""}"
7789,"{""type"": ""country""}","{""type"": ""country""}"
7790,"{""type"": ""name""}","{""type"": ""name""}"
7791,"{""type"": ""country""}","{""type"": ""country""}"
7792,"{""type"": ""country""}","{""type"": ""country""}"
7793,"{""type"": ""country""}","{""type"": ""country""}"
7794,"{""type"": ""country""}","{""type"": ""country""}"
7795,"{""type"": ""country""}","{""type"": ""country""}"
7796,"{""type"": ""duration""}","{""type"": ""duration""}"
7797,"{""type"": ""weight""}","{""type"": ""weight""}"
7798,"{""type"": ""year""}","{""type"": ""year""}"
7799,"{""type"": ""year""}","{""type"": ""year""}"
7800,"{""type"": ""type""}","{""type"": ""type""}"
7801,"{""type"": ""description""}","{""type"": ""description""}"
7802,"{""type"": ""type""}","{""type"": ""type""}"
7803,"{""type"": ""club""}","{""type"": ""club""}"
7804,"{""type"": ""artist""}","{""type"": ""artist""}"
7805,"{""type"": ""name""}","{""type"": ""name""}"
7806,"{""type"": ""rank""}","{""type"": ""rank""}"
7807,"{""type"": ""code""}","{""type"": ""code""}"
7808,"{""type"": ""name""}","{""type"": ""team""}"
7809,"{""type"": ""description""}","{""type"": ""description""}"
7810,"{""type"": ""description""}","{""type"": ""description""}"
7811,"{""type"": ""team""}","{""type"": ""team""}"
7812,"{""type"": ""name""}","{""type"": ""name""}"
7813,"{""type"": ""type""}","{""type"": ""price""}"
7814,"{""type"": ""rank""}","{""type"": ""rank""}"
7815,"{""type"": ""artist""}","{""type"": ""name""}"
7816,"{""type"": ""name""}","{""type"": ""name""}"
7817,"{""type"": ""format""}","{""type"": ""format""}"
7818,"{""type"": ""age""}","{""type"": ""age""}"
7819,"{""type"": ""notes""}","{""type"": ""notes""}"
7820,"{""type"": ""notes""}","{""type"": ""notes""}"
7821,"{""type"": ""notes""}","{""type"": ""notes""}"
7822,"{""type"": ""notes""}","{""type"": ""notes""}"
7823,"{""type"": ""notes""}","{""type"": ""notes""}"
7824,"{""type"": ""type""}","{""type"": ""type""}"
7825,"{""type"": ""type""}","{""type"": ""type""}"
7826,"{""type"": ""type""}","{""type"": ""type""}"
7827,"{""type"": ""type""}","{""type"": ""type""}"
7828,"{""type"": ""type""}","{""type"": ""type""}"
7829,"{""type"": ""age""}","{""type"": ""age""}"
7830,"{""type"": ""weight""}","{""type"": ""weight""}"
7831,"{""type"": ""team""}","{""type"": ""team""}"
7832,"{""type"": ""class""}","{""type"": ""class""}"
7833,"{""type"": ""rank""}","{""type"": ""rank""}"
7834,"{""type"": ""name""}","{""type"": ""name""}"
7835,"{""type"": ""class""}","{""type"": ""class""}"
7836,"{""type"": ""state""}","{""type"": ""state""}"
7837,"{""type"": ""state""}","{""type"": ""state""}"
7838,"{""type"": ""album""}","{""type"": ""album""}"
7839,"{""type"": ""notes""}","{""type"": ""notes""}"
7840,"{""type"": ""brand""}","{""type"": ""company""}"
7841,"{""type"": ""notes""}","{""type"": ""notes""}"
7842,"{""type"": ""rank""}","{""type"": ""rank""}"
7843,"{""type"": ""code""}","{""type"": ""code""}"
7844,"{""type"": ""symbol""}","{""type"": ""symbol""}"
7845,"{""type"": ""rank""}","{""type"": ""rank""}"
7846,"{""type"": ""rank""}","{""type"": ""age""}"
7847,"{""type"": ""rank""}","{""type"": ""rank""}"
7848,"{""type"": ""rank""}","{""type"": ""rank""}"
7849,"{""type"": ""rank""}","{""type"": ""rank""}"
7850,"{""type"": ""team""}","{""type"": ""team""}"
7851,"{""type"": ""name""}","{""type"": ""name""}"
7852,"{""type"": ""duration""}","{""type"": ""duration""}"
7853,"{""type"": ""code""}","{""type"": ""code""}"
7854,"{""type"": ""name""}","{""type"": ""name""}"
7855,"{""type"": ""owner""}","{""type"": ""owner""}"
7856,"{""type"": ""description""}","{""type"": ""description""}"
7857,"{""type"": ""age""}","{""type"": ""age""}"
7858,"{""type"": ""notes""}","{""type"": ""notes""}"
7859,"{""type"": ""status""}","{""type"": ""status""}"
7860,"{""type"": ""description""}","{""type"": ""description""}"
7861,"{""type"": ""code""}","{""type"": ""code""}"
7862,"{""type"": ""state""}","{""type"": ""state""}"
7863,"{""type"": ""rank""}","{""type"": ""rank""}"
7864,"{""type"": ""symbol""}","{""type"": ""symbol""}"
7865,"{""type"": ""type""}","{""type"": ""type""}"
7866,"{""type"": ""notes""}","{""type"": ""notes""}"
7867,"{""type"": ""code""}","{""type"": ""code""}"
7868,"{""type"": ""state""}","{""type"": ""state""}"
7869,"{""type"": ""state""}","{""type"": ""state""}"
7870,"{""type"": ""description""}","{""type"": ""description""}"
7871,"{""type"": ""symbol""}","{""type"": ""symbol""}"
7872,"{""type"": ""location""}","{""type"": ""location""}"
7873,"{""type"": ""city""}","{""type"": ""city""}"
7874,"{""type"": ""code""}","{""type"": ""code""}"
7875,"{""type"": ""status""}","{""type"": ""status""}"
7876,"{""type"": ""team""}","{""type"": ""team""}"
7877,"{""type"": ""team""}","{""type"": ""team""}"
7878,"{""type"": ""description""}","{""type"": ""description""}"
7879,"{""type"": ""type""}","{""type"": ""type""}"
7880,"{""type"": ""status""}","{""type"": ""status""}"
7881,"{""type"": ""description""}","{""type"": ""description""}"
7882,"{""type"": ""weight""}","{""type"": ""weight""}"
7883,"{""type"": ""description""}","{""type"": ""description""}"
7884,"{""type"": ""position""}","{""type"": ""position""}"
7885,"{""type"": ""name""}","{""type"": ""name""}"
7886,"{""type"": ""status""}","{""type"": ""status""}"
7887,"{""type"": ""code""}","{""type"": ""code""}"
7888,"{""type"": ""description""}","{""type"": ""description""}"
7889,"{""type"": ""description""}","{""type"": ""description""}"
7890,"{""type"": ""club""}","{""type"": ""club""}"
7891,"{""type"": ""name""}","{""type"": ""name""}"
7892,"{""type"": ""type""}","{""type"": ""type""}"
7893,"{""type"": ""type""}","{""type"": ""artist""}"
7894,"{""type"": ""artist""}","{""type"": ""artist""}"
7895,"{""type"": ""city""}","{""type"": ""city""}"
7896,"{""type"": ""description""}","{""type"": ""description""}"
7897,"{""type"": ""age""}","{""type"": ""age""}"
7898,"{""type"": ""description""}","{""type"": ""description""}"
7899,"{""type"": ""rank""}","{""type"": ""rank""}"
7900,"{""type"": ""artist""}","{""type"": ""artist""}"
7901,"{""type"": ""age""}","{""type"": ""age""}"
7902,"{""type"": ""description""}","{""type"": ""description""}"
7903,"{""type"": ""country""}","{""type"": ""country""}"
7904,"{""type"": ""affiliation""}","{""type"": ""affiliation""}"
7905,"{""type"": ""affiliation""}","{""type"": ""education""}"
7906,"{""type"": ""affiliation""}","{""type"": ""affiliation""}"
7907,"{""type"": ""affiliation""}","{""type"": ""education""}"
7908,"{""type"": ""affiliation""}","{""type"": ""affiliation""}"
7909,"{""type"": ""name""}","{""type"": ""name""}"
7910,"{""type"": ""city""}","{""type"": ""city""}"
7911,"{""type"": ""location""}","{""type"": ""location""}"
7912,"{""type"": ""year""}","{""type"": ""year""}"
7913,"{""type"": ""age""}","{""type"": ""age""}"
7914,"{""type"": ""state""}","{""type"": ""state""}"
7915,"{""type"": ""rank""}","{""type"": ""rank""}"
7916,"{""type"": ""code""}","{""type"": ""code""}"
7917,"{""type"": ""state""}","{""type"": ""state""}"
7918,"{""type"": ""status""}","{""type"": ""status""}"
7919,"{""type"": ""description""}","{""type"": ""description""}"
7920,"{""type"": ""year""}","{""type"": ""year""}"
7921,"{""type"": ""city""}","{""type"": ""city""}"
7922,"{""type"": ""weight""}","{""type"": ""weight""}"
7923,"{""type"": ""rank""}","{""type"": ""rank""}"
7924,"{""type"": ""city""}","{""type"": ""city""}"
7925,"{""type"": ""location""}","{""type"": ""location""}"
7926,"{""type"": ""age""}","{""type"": ""age""}"
7927,"{""type"": ""city""}","{""type"": ""city""}"
7928,"{""type"": ""age""}","{""type"": ""age""}"
7929,"{""type"": ""state""}","{""type"": ""state""}"
7930,"{""type"": ""state""}","{""type"": ""state""}"
7931,"{""type"": ""state""}","{""type"": ""state""}"
7932,"{""type"": ""state""}","{""type"": ""status""}"
7933,"{""type"": ""state""}","{""type"": ""state""}"
7934,"{""type"": ""city""}","{""type"": ""city""}"
7935,"{""type"": ""description""}","{""type"": ""description""}"
7936,"{""type"": ""weight""}","{""type"": ""weight""}"
7937,"{""type"": ""age""}","{""type"": ""age""}"
7938,"{""type"": ""name""}","{""type"": ""name""}"
7939,"{""type"": ""name""}","{""type"": ""name""}"
7940,"{""type"": ""city""}","{""type"": ""city""}"
7941,"{""type"": ""type""}","{""type"": ""type""}"
7942,"{""type"": ""age""}","{""type"": ""age""}"
7943,"{""type"": ""description""}","{""type"": ""description""}"
7944,"{""type"": ""state""}","{""type"": ""status""}"
7945,"{""type"": ""location""}","{""type"": ""location""}"
7946,"{""type"": ""name""}","{""type"": ""name""}"
7947,"{""type"": ""status""}","{""type"": ""status""}"
7948,"{""type"": ""state""}","{""type"": ""state""}"
7949,"{""type"": ""status""}","{""type"": ""status""}"
7950,"{""type"": ""rank""}","{""type"": ""rank""}"
7951,"{""type"": ""status""}","{""type"": ""status""}"
7952,"{""type"": ""code""}","{""type"": ""code""}"
7953,"{""type"": ""code""}","{""type"": ""code""}"
7954,"{""type"": ""code""}","{""type"": ""code""}"
7955,"{""type"": ""code""}","{""type"": ""code""}"
7956,"{""type"": ""code""}","{""type"": ""code""}"
7957,"{""type"": ""age""}","{""type"": ""age""}"
7958,"{""type"": ""status""}","{""type"": ""status""}"
7959,"{""type"": ""year""}","{""type"": ""year""}"
7960,"{""type"": ""location""}","{""type"": ""location""}"
7961,"{""type"": ""name""}","{""type"": ""name""}"
7962,"{""type"": ""gender""}","{""type"": ""sex""}"
7963,"{""type"": ""county""}","{""type"": ""county""}"
7964,"{""type"": ""county""}","{""type"": ""county""}"
7965,"{""type"": ""county""}","{""type"": ""county""}"
7966,"{""type"": ""county""}","{""type"": ""county""}"
7967,"{""type"": ""county""}","{""type"": ""county""}"
7968,"{""type"": ""city""}","{""type"": ""city""}"
7969,"{""type"": ""city""}","{""type"": ""city""}"
7970,"{""type"": ""city""}","{""type"": ""city""}"
7971,"{""type"": ""city""}","{""type"": ""city""}"
7972,"{""type"": ""city""}","{""type"": ""city""}"
7973,"{""type"": ""city""}","{""type"": ""city""}"
7974,"{""type"": ""team""}","{""type"": ""team""}"
7975,"{""type"": ""name""}","{""type"": ""name""}"
7976,"{""type"": ""age""}","{""type"": ""age""}"
7977,"{""type"": ""code""}","{""type"": ""code""}"
7978,"{""type"": ""state""}","{""type"": ""state""}"
7979,"{""type"": ""state""}","{""type"": ""state""}"
7980,"{""type"": ""state""}","{""type"": ""state""}"
7981,"{""type"": ""state""}","{""type"": ""state""}"
7982,"{""type"": ""state""}","{""type"": ""state""}"
7983,"{""type"": ""location""}","{""type"": ""location""}"
7984,"{""type"": ""location""}","{""type"": ""location""}"
7985,"{""type"": ""location""}","{""type"": ""location""}"
7986,"{""type"": ""location""}","{""type"": ""location""}"
7987,"{""type"": ""location""}","{""type"": ""location""}"
7988,"{""type"": ""age""}","{""type"": ""age""}"
7989,"{""type"": ""position""}","{""type"": ""position""}"
7990,"{""type"": ""description""}","{""type"": ""description""}"
7991,"{""type"": ""artist""}","{""type"": ""name""}"
7992,"{""type"": ""name""}","{""type"": ""name""}"
7993,"{""type"": ""weight""}","{""type"": ""weight""}"
7994,"{""type"": ""name""}","{""type"": ""name""}"
7995,"{""type"": ""country""}","{""type"": ""country""}"
7996,"{""type"": ""weight""}","{""type"": ""weight""}"
7997,"{""type"": ""state""}","{""type"": ""state""}"
7998,"{""type"": ""description""}","{""type"": ""description""}"
7999,"{""type"": ""name""}","{""type"": ""name""}"
8000,"{""type"": ""name""}","{""type"": ""name""}"
8001,"{""type"": ""name""}","{""type"": ""name""}"
8002,"{""type"": ""name""}","{""type"": ""name""}"
8003,"{""type"": ""name""}","{""type"": ""name""}"
8004,"{""type"": ""rank""}","{""type"": ""rank""}"
8005,"{""type"": ""year""}","{""type"": ""year""}"
8006,"{""type"": ""position""}","{""type"": ""position""}"
8007,"{""type"": ""isbn""}","{""type"": ""isbn""}"
8008,"{""type"": ""city""}","{""type"": ""city""}"
8009,"{""type"": ""rank""}","{""type"": ""rank""}"
8010,"{""type"": ""duration""}","{""type"": ""duration""}"
8011,"{""type"": ""artist""}","{""type"": ""artist""}"
8012,"{""type"": ""affiliation""}","{""type"": ""affiliation""}"
8013,"{""type"": ""name""}","{""type"": ""name""}"
8014,"{""type"": ""year""}","{""type"": ""year""}"
8015,"{""type"": ""location""}","{""type"": ""city""}"
8016,"{""type"": ""age""}","{""type"": ""age""}"
8017,"{""type"": ""position""}","{""type"": ""position""}"
8018,"{""type"": ""name""}","{""type"": ""name""}"
8019,"{""type"": ""age""}","{""type"": ""age""}"
8020,"{""type"": ""city""}","{""type"": ""city""}"
8021,"{""type"": ""city""}","{""type"": ""city""}"
8022,"{""type"": ""state""}","{""type"": ""state""}"
8023,"{""type"": ""status""}","{""type"": ""status""}"
8024,"{""type"": ""location""}","{""type"": ""club""}"
8025,"{""type"": ""state""}","{""type"": ""state""}"
8026,"{""type"": ""artist""}","{""type"": ""name""}"
8027,"{""type"": ""team""}","{""type"": ""team""}"
8028,"{""type"": ""rank""}","{""type"": ""rank""}"
8029,"{""type"": ""status""}","{""type"": ""status""}"
8030,"{""type"": ""team""}","{""type"": ""team""}"
8031,"{""type"": ""rank""}","{""type"": ""rank""}"
8032,"{""type"": ""description""}","{""type"": ""description""}"
8033,"{""type"": ""club""}","{""type"": ""club""}"
8034,"{""type"": ""country""}","{""type"": ""country""}"
8035,"{""type"": ""country""}","{""type"": ""country""}"
8036,"{""type"": ""country""}","{""type"": ""country""}"
8037,"{""type"": ""country""}","{""type"": ""team""}"
8038,"{""type"": ""country""}","{""type"": ""country""}"
8039,"{""type"": ""album""}","{""type"": ""album""}"
8040,"{""type"": ""state""}","{""type"": ""state""}"
8041,"{""type"": ""team""}","{""type"": ""team""}"
8042,"{""type"": ""name""}","{""type"": ""name""}"
8043,"{""type"": ""class""}","{""type"": ""year""}"
8044,"{""type"": ""status""}","{""type"": ""status""}"
8045,"{""type"": ""name""}","{""type"": ""name""}"
8046,"{""type"": ""name""}","{""type"": ""name""}"
8047,"{""type"": ""category""}","{""type"": ""category""}"
8048,"{""type"": ""description""}","{""type"": ""description""}"
8049,"{""type"": ""type""}","{""type"": ""type""}"
8050,"{""type"": ""result""}","{""type"": ""result""}"
8051,"{""type"": ""category""}","{""type"": ""category""}"
8052,"{""type"": ""location""}","{""type"": ""location""}"
8053,"{""type"": ""city""}","{""type"": ""city""}"
8054,"{""type"": ""team""}","{""type"": ""team""}"
8055,"{""type"": ""category""}","{""type"": ""category""}"
8056,"{""type"": ""class""}","{""type"": ""class""}"
8057,"{""type"": ""description""}","{""type"": ""description""}"
8058,"{""type"": ""description""}","{""type"": ""description""}"
8059,"{""type"": ""category""}","{""type"": ""category""}"
8060,"{""type"": ""rank""}","{""type"": ""rank""}"
8061,"{""type"": ""manufacturer""}","{""type"": ""manufacturer""}"
8062,"{""type"": ""name""}","{""type"": ""name""}"
8063,"{""type"": ""team""}","{""type"": ""team""}"
8064,"{""type"": ""year""}","{""type"": ""year""}"
8065,"{""type"": ""team""}","{""type"": ""team""}"
8066,"{""type"": ""city""}","{""type"": ""city""}"
8067,"{""type"": ""album""}","{""type"": ""album""}"
8068,"{""type"": ""year""}","{""type"": ""year""}"
8069,"{""type"": ""team""}","{""type"": ""teamname""}"
8070,"{""type"": ""county""}","{""type"": ""county""}"
8071,"{""type"": ""city""}","{""type"": ""city""}"
8072,"{""type"": ""rank""}","{""type"": ""age""}"
8073,"{""type"": ""category""}","{""type"": ""category""}"
8074,"{""type"": ""address""}","{""type"": ""address""}"
8075,"{""type"": ""artist""}","{""type"": ""artist""}"
8076,"{""type"": ""weight""}","{""type"": ""weight""}"
8077,"{""type"": ""type""}","{""type"": ""type""}"
8078,"{""type"": ""name""}","{""type"": ""name""}"
8079,"{""type"": ""name""}","{""type"": ""name""}"
8080,"{""type"": ""status""}","{""type"": ""status""}"
8081,"{""type"": ""description""}","{""type"": ""description""}"
8082,"{""type"": ""code""}","{""type"": ""code""}"
8083,"{""type"": ""notes""}","{""type"": ""notes""}"
8084,"{""type"": ""code""}","{""type"": ""code""}"
8085,"{""type"": ""year""}","{""type"": ""year""}"
8086,"{""type"": ""club""}","{""type"": ""club""}"
8087,"{""type"": ""club""}","{""type"": ""club""}"
8088,"{""type"": ""description""}","{""type"": ""description""}"
8089,"{""type"": ""name""}","{""type"": ""name""}"
8090,"{""type"": ""year""}","{""type"": ""year""}"
8091,"{""type"": ""status""}","{""type"": ""status""}"
8092,"{""type"": ""rank""}","{""type"": ""rank""}"
8093,"{""type"": ""team""}","{""type"": ""teamname""}"
8094,"{""type"": ""state""}","{""type"": ""state""}"
8095,"{""type"": ""age""}","{""type"": ""age""}"
8096,"{""type"": ""age""}","{""type"": ""age""}"
8097,"{""type"": ""age""}","{""type"": ""age""}"
8098,"{""type"": ""age""}","{""type"": ""age""}"
8099,"{""type"": ""age""}","{""type"": ""age""}"
8100,"{""type"": ""age""}","{""type"": ""age""}"
8101,"{""type"": ""category""}","{""type"": ""category""}"
8102,"{""type"": ""type""}","{""type"": ""type""}"
8103,"{""type"": ""year""}","{""type"": ""year""}"
8104,"{""type"": ""name""}","{""type"": ""city""}"
8105,"{""type"": ""artist""}","{""type"": ""artist""}"
8106,"{""type"": ""description""}","{""type"": ""description""}"
8107,"{""type"": ""weight""}","{""type"": ""weight""}"
8108,"{""type"": ""description""}","{""type"": ""description""}"
8109,"{""type"": ""city""}","{""type"": ""city""}"
8110,"{""type"": ""team""}","{""type"": ""team""}"
8111,"{""type"": ""state""}","{""type"": ""state""}"
8112,"{""type"": ""state""}","{""type"": ""state""}"
8113,"{""type"": ""state""}","{""type"": ""state""}"
8114,"{""type"": ""state""}","{""type"": ""state""}"
8115,"{""type"": ""state""}","{""type"": ""state""}"
8116,"{""type"": ""weight""}","{""type"": ""weight""}"
8117,"{""type"": ""name""}","{""type"": ""name""}"
8118,"{""type"": ""gender""}","{""type"": ""gender""}"
8119,"{""type"": ""status""}","{""type"": ""status""}"
8120,"{""type"": ""name""}","{""type"": ""name""}"
8121,"{""type"": ""state""}","{""type"": ""state""}"
8122,"{""type"": ""company""}","{""type"": ""company""}"
8123,"{""type"": ""city""}","{""type"": ""city""}"
8124,"{""type"": ""description""}","{""type"": ""description""}"
8125,"{""type"": ""status""}","{""type"": ""status""}"
8126,"{""type"": ""name""}","{""type"": ""name""}"
8127,"{""type"": ""status""}","{""type"": ""status""}"
8128,"{""type"": ""position""}","{""type"": ""position""}"
8129,"{""type"": ""team""}","{""type"": ""team""}"
8130,"{""type"": ""name""}","{""type"": ""name""}"
8131,"{""type"": ""city""}","{""type"": ""city""}"
8132,"{""type"": ""weight""}","{""type"": ""weight""}"
8133,"{""type"": ""description""}","{""type"": ""description""}"
8134,"{""type"": ""location""}","{""type"": ""city""}"
8135,"{""type"": ""location""}","{""type"": ""location""}"
8136,"{""type"": ""status""}","{""type"": ""status""}"
8137,"{""type"": ""age""}","{""type"": ""age""}"
8138,"{""type"": ""rank""}","{""type"": ""rank""}"
8139,"{""type"": ""state""}","{""type"": ""state""}"
8140,"{""type"": ""code""}","{""type"": ""code""}"
8141,"{""type"": ""position""}","{""type"": ""position""}"
8142,"{""type"": ""category""}","{""type"": ""category""}"
8143,"{""type"": ""type""}","{""type"": ""type""}"
8144,"{""type"": ""club""}","{""type"": ""club""}"
8145,"{""type"": ""position""}","{""type"": ""position""}"
8146,"{""type"": ""name""}","{""type"": ""name""}"
8147,"{""type"": ""symbol""}","{""type"": ""symbol""}"
8148,"{""type"": ""weight""}","{""type"": ""weight""}"
8149,"{""type"": ""name""}","{""type"": ""name""}"
8150,"{""type"": ""description""}","{""type"": ""description""}"
8151,"{""type"": ""team""}","{""type"": ""team""}"
8152,"{""type"": ""name""}","{""type"": ""name""}"
8153,"{""type"": ""age""}","{""type"": ""age""}"
8154,"{""type"": ""album""}","{""type"": ""album""}"
8155,"{""type"": ""description""}","{""type"": ""description""}"
8156,"{""type"": ""product""}","{""type"": ""component""}"
8157,"{""type"": ""club""}","{""type"": ""club""}"
8158,"{""type"": ""type""}","{""type"": ""type""}"
8159,"{""type"": ""weight""}","{""type"": ""weight""}"
8160,"{""type"": ""description""}","{""type"": ""description""}"
8161,"{""type"": ""component""}","{""type"": ""name""}"
8162,"{""type"": ""state""}","{""type"": ""state""}"
8163,"{""type"": ""name""}","{""type"": ""name""}"
8164,"{""type"": ""name""}","{""type"": ""name""}"
8165,"{""type"": ""team""}","{""type"": ""team""}"
8166,"{""type"": ""gender""}","{""type"": ""gender""}"
8167,"{""type"": ""notes""}","{""type"": ""notes""}"
8168,"{""type"": ""state""}","{""type"": ""state""}"
8169,"{""type"": ""name""}","{""type"": ""name""}"
8170,"{""type"": ""operator""}","{""type"": ""operator""}"
8171,"{""type"": ""state""}","{""type"": ""state""}"
8172,"{""type"": ""name""}","{""type"": ""name""}"
8173,"{""type"": ""age""}","{""type"": ""age""}"
8174,"{""type"": ""name""}","{""type"": ""name""}"
8175,"{""type"": ""age""}","{""type"": ""age""}"
8176,"{""type"": ""age""}","{""type"": ""age""}"
8177,"{""type"": ""type""}","{""type"": ""type""}"
8178,"{""type"": ""description""}","{""type"": ""description""}"
8179,"{""type"": ""location""}","{""type"": ""location""}"
8180,"{""type"": ""rank""}","{""type"": ""rank""}"
8181,"{""type"": ""state""}","{""type"": ""state""}"
8182,"{""type"": ""rank""}","{""type"": ""rank""}"
8183,"{""type"": ""category""}","{""type"": ""category""}"
8184,"{""type"": ""name""}","{""type"": ""name""}"
8185,"{""type"": ""affiliation""}","{""type"": ""affiliation""}"
8186,"{""type"": ""description""}","{""type"": ""description""}"
8187,"{""type"": ""area""}","{""type"": ""description""}"
8188,"{""type"": ""artist""}","{""type"": ""artist""}"
8189,"{""type"": ""weight""}","{""type"": ""position""}"
8190,"{""type"": ""rank""}","{""type"": ""rank""}"
8191,"{""type"": ""county""}","{""type"": ""county""}"
8192,"{""type"": ""name""}","{""type"": ""name""}"
8193,"{""type"": ""name""}","{""type"": ""name""}"
8194,"{""type"": ""team""}","{""type"": ""team""}"
8195,"{""type"": ""album""}","{""type"": ""album""}"
8196,"{""type"": ""state""}","{""type"": ""state""}"
8197,"{""type"": ""state""}","{""type"": ""state""}"
8198,"{""type"": ""artist""}","{""type"": ""artist""}"
8199,"{""type"": ""status""}","{""type"": ""status""}"
8200,"{""type"": ""city""}","{""type"": ""city""}"
8201,"{""type"": ""elevation""}","{""type"": ""elevation""}"
8202,"{""type"": ""status""}","{""type"": ""status""}"
8203,"{""type"": ""type""}","{""type"": ""type""}"
8204,"{""type"": ""state""}","{""type"": ""state""}"
8205,"{""type"": ""symbol""}","{""type"": ""symbol""}"
8206,"{""type"": ""symbol""}","{""type"": ""symbol""}"
8207,"{""type"": ""name""}","{""type"": ""name""}"
8208,"{""type"": ""position""}","{""type"": ""position""}"
8209,"{""type"": ""country""}","{""type"": ""team""}"
8210,"{""type"": ""state""}","{""type"": ""state""}"
8211,"{""type"": ""name""}","{""type"": ""name""}"
8212,"{""type"": ""creator""}","{""type"": ""name""}"
8213,"{""type"": ""album""}","{""type"": ""album""}"
8214,"{""type"": ""country""}","{""type"": ""country""}"
8215,"{""type"": ""name""}","{""type"": ""name""}"
8216,"{""type"": ""artist""}","{""type"": ""artist""}"
8217,"{""type"": ""description""}","{""type"": ""description""}"
8218,"{""type"": ""city""}","{""type"": ""city""}"
8219,"{""type"": ""album""}","{""type"": ""album""}"
8220,"{""type"": ""age""}","{""type"": ""age""}"
8221,"{""type"": ""state""}","{""type"": ""state""}"
8222,"{""type"": ""name""}","{""type"": ""name""}"
8223,"{""type"": ""weight""}","{""type"": ""weight""}"
8224,"{""type"": ""album""}","{""type"": ""album""}"
8225,"{""type"": ""sales""}","{""type"": ""elevation""}"
8226,"{""type"": ""city""}","{""type"": ""city""}"
8227,"{""type"": ""city""}","{""type"": ""city""}"
8228,"{""type"": ""city""}","{""type"": ""city""}"
8229,"{""type"": ""city""}","{""type"": ""city""}"
8230,"{""type"": ""city""}","{""type"": ""city""}"
8231,"{""type"": ""city""}","{""type"": ""city""}"
8232,"{""type"": ""city""}","{""type"": ""city""}"
8233,"{""type"": ""city""}","{""type"": ""city""}"
8234,"{""type"": ""city""}","{""type"": ""city""}"
8235,"{""type"": ""city""}","{""type"": ""city""}"
8236,"{""type"": ""club""}","{""type"": ""club""}"
8237,"{""type"": ""city""}","{""type"": ""city""}"
8238,"{""type"": ""city""}","{""type"": ""city""}"
8239,"{""type"": ""city""}","{""type"": ""city""}"
8240,"{""type"": ""city""}","{""type"": ""city""}"
8241,"{""type"": ""city""}","{""type"": ""city""}"
8242,"{""type"": ""club""}","{""type"": ""club""}"
8243,"{""type"": ""city""}","{""type"": ""city""}"
8244,"{""type"": ""class""}","{""type"": ""class""}"
8245,"{""type"": ""day""}","{""type"": ""day""}"
8246,"{""type"": ""type""}","{""type"": ""type""}"
8247,"{""type"": ""state""}","{""type"": ""state""}"
8248,"{""type"": ""team""}","{""type"": ""team""}"
8249,"{""type"": ""artist""}","{""type"": ""artist""}"
8250,"{""type"": ""status""}","{""type"": ""status""}"
8251,"{""type"": ""description""}","{""type"": ""description""}"
8252,"{""type"": ""age""}","{""type"": ""age""}"
8253,"{""type"": ""symbol""}","{""type"": ""symbol""}"
8254,"{""type"": ""description""}","{""type"": ""description""}"
8255,"{""type"": ""name""}","{""type"": ""name""}"
8256,"{""type"": ""club""}","{""type"": ""club""}"
8257,"{""type"": ""location""}","{""type"": ""location""}"
8258,"{""type"": ""name""}","{""type"": ""name""}"
8259,"{""type"": ""grades""}","{""type"": ""grades""}"
8260,"{""type"": ""name""}","{""type"": ""name""}"
8261,"{""type"": ""city""}","{""type"": ""city""}"
8262,"{""type"": ""category""}","{""type"": ""category""}"
8263,"{""type"": ""weight""}","{""type"": ""weight""}"
8264,"{""type"": ""name""}","{""type"": ""name""}"
8265,"{""type"": ""description""}","{""type"": ""description""}"
8266,"{""type"": ""affiliation""}","{""type"": ""affiliation""}"
8267,"{""type"": ""county""}","{""type"": ""county""}"
8268,"{""type"": ""location""}","{""type"": ""location""}"
8269,"{""type"": ""name""}","{""type"": ""name""}"
8270,"{""type"": ""weight""}","{""type"": ""weight""}"
8271,"{""type"": ""weight""}","{""type"": ""weight""}"
8272,"{""type"": ""weight""}","{""type"": ""weight""}"
8273,"{""type"": ""weight""}","{""type"": ""weight""}"
8274,"{""type"": ""category""}","{""type"": ""category""}"
8275,"{""type"": ""rank""}","{""type"": ""rank""}"
8276,"{""type"": ""city""}","{""type"": ""city""}"
8277,"{""type"": ""location""}","{""type"": ""location""}"
8278,"{""type"": ""status""}","{""type"": ""status""}"
8279,"{""type"": ""state""}","{""type"": ""state""}"
8280,"{""type"": ""state""}","{""type"": ""state""}"
8281,"{""type"": ""state""}","{""type"": ""state""}"
8282,"{""type"": ""state""}","{""type"": ""state""}"
8283,"{""type"": ""state""}","{""type"": ""state""}"
8284,"{""type"": ""description""}","{""type"": ""description""}"
8285,"{""type"": ""age""}","{""type"": ""age""}"
8286,"{""type"": ""description""}","{""type"": ""description""}"
8287,"{""type"": ""year""}","{""type"": ""year""}"
8288,"{""type"": ""notes""}","{""type"": ""notes""}"
8289,"{""type"": ""rank""}","{""type"": ""rank""}"
8290,"{""type"": ""year""}","{""type"": ""year""}"
8291,"{""type"": ""name""}","{""type"": ""name""}"
8292,"{""type"": ""album""}","{""type"": ""album""}"
8293,"{""type"": ""plays""}","{""type"": ""plays""}"
8294,"{""type"": ""album""}","{""type"": ""album""}"
8295,"{""type"": ""weight""}","{""type"": ""weight""}"
8296,"{""type"": ""album""}","{""type"": ""album""}"
8297,"{""type"": ""weight""}","{""type"": ""weight""}"
8298,"{""type"": ""club""}","{""type"": ""club""}"
8299,"{""type"": ""state""}","{""type"": ""state""}"
8300,"{""type"": ""weight""}","{""type"": ""weight""}"
8301,"{""type"": ""type""}","{""type"": ""type""}"
8302,"{""type"": ""weight""}","{""type"": ""weight""}"
8303,"{""type"": ""location""}","{""type"": ""location""}"
8304,"{""type"": ""location""}","{""type"": ""location""}"
8305,"{""type"": ""location""}","{""type"": ""location""}"
8306,"{""type"": ""location""}","{""type"": ""location""}"
8307,"{""type"": ""location""}","{""type"": ""location""}"
8308,"{""type"": ""artist""}","{""type"": ""artist""}"
8309,"{""type"": ""name""}","{""type"": ""name""}"
8310,"{""type"": ""team""}","{""type"": ""team""}"
8311,"{""type"": ""teamname""}","{""type"": ""teamname""}"
8312,"{""type"": ""description""}","{""type"": ""description""}"
8313,"{""type"": ""city""}","{""type"": ""city""}"
8314,"{""type"": ""birthplace""}","{""type"": ""birthplace""}"
8315,"{""type"": ""birthplace""}","{""type"": ""birthplace""}"
8316,"{""type"": ""birthplace""}","{""type"": ""birthplace""}"
8317,"{""type"": ""birthplace""}","{""type"": ""birthplace""}"
8318,"{""type"": ""birthplace""}","{""type"": ""location""}"
8319,"{""type"": ""album""}","{""type"": ""album""}"
8320,"{""type"": ""name""}","{""type"": ""name""}"
8321,"{""type"": ""location""}","{""type"": ""location""}"
8322,"{""type"": ""age""}","{""type"": ""age""}"
8323,"{""type"": ""rank""}","{""type"": ""rank""}"
8324,"{""type"": ""city""}","{""type"": ""city""}"
8325,"{""type"": ""notes""}","{""type"": ""notes""}"
8326,"{""type"": ""notes""}","{""type"": ""notes""}"
8327,"{""type"": ""name""}","{""type"": ""name""}"
8328,"{""type"": ""location""}","{""type"": ""location""}"
8329,"{""type"": ""name""}","{""type"": ""name""}"
8330,"{""type"": ""description""}","{""type"": ""type""}"
8331,"{""type"": ""artist""}","{""type"": ""artist""}"
8332,"{""type"": ""state""}","{""type"": ""state""}"
8333,"{""type"": ""weight""}","{""type"": ""weight""}"
8334,"{""type"": ""city""}","{""type"": ""city""}"
8335,"{""type"": ""city""}","{""type"": ""city""}"
8336,"{""type"": ""city""}","{""type"": ""city""}"
8337,"{""type"": ""city""}","{""type"": ""city""}"
8338,"{""type"": ""city""}","{""type"": ""city""}"
8339,"{""type"": ""area""}","{""type"": ""address""}"
8340,"{""type"": ""area""}","{""type"": ""year""}"
8341,"{""type"": ""area""}","{""type"": ""year""}"
8342,"{""type"": ""area""}","{""type"": ""age""}"
8343,"{""type"": ""area""}","{""type"": ""age""}"
8344,"{""type"": ""type""}","{""type"": ""type""}"
8345,"{""type"": ""state""}","{""type"": ""state""}"
8346,"{""type"": ""year""}","{""type"": ""year""}"
8347,"{""type"": ""company""}","{""type"": ""company""}"
8348,"{""type"": ""description""}","{""type"": ""description""}"
8349,"{""type"": ""type""}","{""type"": ""type""}"
8350,"{""type"": ""company""}","{""type"": ""company""}"
8351,"{""type"": ""status""}","{""type"": ""status""}"
8352,"{""type"": ""state""}","{""type"": ""state""}"
8353,"{""type"": ""year""}","{""type"": ""year""}"
8354,"{""type"": ""name""}","{""type"": ""name""}"
8355,"{""type"": ""year""}","{""type"": ""year""}"
8356,"{""type"": ""rank""}","{""type"": ""rank""}"
8357,"{""type"": ""rank""}","{""type"": ""rank""}"
8358,"{""type"": ""name""}","{""type"": ""name""}"
8359,"{""type"": ""team""}","{""type"": ""team""}"
8360,"{""type"": ""location""}","{""type"": ""location""}"
8361,"{""type"": ""name""}","{""type"": ""name""}"
8362,"{""type"": ""type""}","{""type"": ""type""}"
8363,"{""type"": ""gender""}","{""type"": ""gender""}"
8364,"{""type"": ""weight""}","{""type"": ""weight""}"
8365,"{""type"": ""team""}","{""type"": ""team""}"
8366,"{""type"": ""country""}","{""type"": ""country""}"
8367,"{""type"": ""country""}","{""type"": ""country""}"
8368,"{""type"": ""country""}","{""type"": ""country""}"
8369,"{""type"": ""country""}","{""type"": ""country""}"
8370,"{""type"": ""country""}","{""type"": ""country""}"
8371,"{""type"": ""age""}","{""type"": ""age""}"
8372,"{""type"": ""teamname""}","{""type"": ""teamname""}"
8373,"{""type"": ""state""}","{""type"": ""state""}"
8374,"{""type"": ""album""}","{""type"": ""album""}"
8375,"{""type"": ""type""}","{""type"": ""status""}"
8376,"{""type"": ""age""}","{""type"": ""age""}"
8377,"{""type"": ""status""}","{""type"": ""status""}"
8378,"{""type"": ""age""}","{""type"": ""age""}"
8379,"{""type"": ""symbol""}","{""type"": ""symbol""}"
8380,"{""type"": ""name""}","{""type"": ""name""}"
8381,"{""type"": ""name""}","{""type"": ""name""}"
8382,"{""type"": ""weight""}","{""type"": ""weight""}"
8383,"{""type"": ""year""}","{""type"": ""year""}"
8384,"{""type"": ""weight""}","{""type"": ""weight""}"
8385,"{""type"": ""city""}","{""type"": ""city""}"
8386,"{""type"": ""location""}","{""type"": ""location""}"
8387,"{""type"": ""city""}","{""type"": ""city""}"
8388,"{""type"": ""address""}","{""type"": ""address""}"
8389,"{""type"": ""affiliation""}","{""type"": ""affiliation""}"
8390,"{""type"": ""weight""}","{""type"": ""weight""}"
8391,"{""type"": ""position""}","{""type"": ""position""}"
8392,"{""type"": ""team""}","{""type"": ""country""}"
8393,"{""type"": ""name""}","{""type"": ""name""}"
8394,"{""type"": ""grades""}","{""type"": ""grades""}"
8395,"{""type"": ""code""}","{""type"": ""code""}"
8396,"{""type"": ""state""}","{""type"": ""state""}"
8397,"{""type"": ""rank""}","{""type"": ""rank""}"
8398,"{""type"": ""name""}","{""type"": ""name""}"
8399,"{""type"": ""year""}","{""type"": ""year""}"
8400,"{""type"": ""club""}","{""type"": ""club""}"
8401,"{""type"": ""weight""}","{""type"": ""weight""}"
8402,"{""type"": ""type""}","{""type"": ""type""}"
8403,"{""type"": ""album""}","{""type"": ""album""}"
8404,"{""type"": ""origin""}","{""type"": ""origin""}"
8405,"{""type"": ""city""}","{""type"": ""city""}"
8406,"{""type"": ""city""}","{""type"": ""city""}"
8407,"{""type"": ""city""}","{""type"": ""city""}"
8408,"{""type"": ""city""}","{""type"": ""city""}"
8409,"{""type"": ""city""}","{""type"": ""city""}"
8410,"{""type"": ""age""}","{""type"": ""age""}"
8411,"{""type"": ""name""}","{""type"": ""name""}"
8412,"{""type"": ""name""}","{""type"": ""name""}"
8413,"{""type"": ""name""}","{""type"": ""name""}"
8414,"{""type"": ""name""}","{""type"": ""name""}"
8415,"{""type"": ""name""}","{""type"": ""name""}"
8416,"{""type"": ""country""}","{""type"": ""country""}"
8417,"{""type"": ""age""}","{""type"": ""age""}"
8418,"{""type"": ""year""}","{""type"": ""year""}"
8419,"{""type"": ""age""}","{""type"": ""age""}"
8420,"{""type"": ""name""}","{""type"": ""name""}"
8421,"{""type"": ""category""}","{""type"": ""category""}"
8422,"{""type"": ""code""}","{""type"": ""code""}"
8423,"{""type"": ""club""}","{""type"": ""club""}"
8424,"{""type"": ""status""}","{""type"": ""status""}"
8425,"{""type"": ""rank""}","{""type"": ""rank""}"
8426,"{""type"": ""age""}","{""type"": ""age""}"
8427,"{""type"": ""address""}","{""type"": ""address""}"
8428,"{""type"": ""type""}","{""type"": ""type""}"
8429,"{""type"": ""state""}","{""type"": ""state""}"
8430,"{""type"": ""country""}","{""type"": ""country""}"
8431,"{""type"": ""weight""}","{""type"": ""weight""}"
8432,"{""type"": ""team""}","{""type"": ""team""}"
8433,"{""type"": ""type""}","{""type"": ""type""}"
8434,"{""type"": ""collection""}","{""type"": ""collection""}"
8435,"{""type"": ""name""}","{""type"": ""name""}"
8436,"{""type"": ""name""}","{""type"": ""name""}"
8437,"{""type"": ""name""}","{""type"": ""name""}"
8438,"{""type"": ""name""}","{""type"": ""name""}"
8439,"{""type"": ""location""}","{""type"": ""location""}"
8440,"{""type"": ""city""}","{""type"": ""city""}"
8441,"{""type"": ""year""}","{""type"": ""year""}"
8442,"{""type"": ""position""}","{""type"": ""position""}"
8443,"{""type"": ""club""}","{""type"": ""club""}"
8444,"{""type"": ""elevation""}","{""type"": ""rank""}"
8445,"{""type"": ""owner""}","{""type"": ""owner""}"
8446,"{""type"": ""album""}","{""type"": ""album""}"
8447,"{""type"": ""city""}","{""type"": ""city""}"
8448,"{""type"": ""city""}","{""type"": ""city""}"
8449,"{""type"": ""city""}","{""type"": ""city""}"
8450,"{""type"": ""city""}","{""type"": ""city""}"
8451,"{""type"": ""city""}","{""type"": ""city""}"
8452,"{""type"": ""position""}","{""type"": ""position""}"
8453,"{""type"": ""name""}","{""type"": ""name""}"
8454,"{""type"": ""team""}","{""type"": ""team""}"
8455,"{""type"": ""description""}","{""type"": ""description""}"
8456,"{""type"": ""duration""}","{""type"": ""duration""}"
8457,"{""type"": ""name""}","{""type"": ""name""}"
8458,"{""type"": ""weight""}","{""type"": ""weight""}"
8459,"{""type"": ""age""}","{""type"": ""age""}"
8460,"{""type"": ""symbol""}","{""type"": ""symbol""}"
8461,"{""type"": ""year""}","{""type"": ""year""}"
8462,"{""type"": ""status""}","{""type"": ""status""}"
8463,"{""type"": ""team""}","{""type"": ""teamname""}"
8464,"{""type"": ""status""}","{""type"": ""status""}"
8465,"{""type"": ""elevation""}","{""type"": ""elevation""}"
8466,"{""type"": ""status""}","{""type"": ""status""}"
8467,"{""type"": ""type""}","{""type"": ""type""}"
8468,"{""type"": ""state""}","{""type"": ""state""}"
8469,"{""type"": ""location""}","{""type"": ""location""}"
8470,"{""type"": ""weight""}","{""type"": ""weight""}"
8471,"{""type"": ""code""}","{""type"": ""code""}"
8472,"{""type"": ""city""}","{""type"": ""city""}"
8473,"{""type"": ""type""}","{""type"": ""type""}"
8474,"{""type"": ""class""}","{""type"": ""class""}"
8475,"{""type"": ""weight""}","{""type"": ""weight""}"
8476,"{""type"": ""gender""}","{""type"": ""gender""}"
8477,"{""type"": ""weight""}","{""type"": ""weight""}"
8478,"{""type"": ""name""}","{""type"": ""name""}"
8479,"{""type"": ""age""}","{""type"": ""age""}"
8480,"{""type"": ""code""}","{""type"": ""code""}"
8481,"{""type"": ""team""}","{""type"": ""teamname""}"
8482,"{""type"": ""city""}","{""type"": ""city""}"
8483,"{""type"": ""name""}","{""type"": ""name""}"
8484,"{""type"": ""club""}","{""type"": ""club""}"
8485,"{""type"": ""description""}","{""type"": ""description""}"
8486,"{""type"": ""name""}","{""type"": ""name""}"
8487,"{""type"": ""name""}","{""type"": ""name""}"
8488,"{""type"": ""name""}","{""type"": ""name""}"
8489,"{""type"": ""name""}","{""type"": ""name""}"
8490,"{""type"": ""name""}","{""type"": ""name""}"
8491,"{""type"": ""sales""}","{""type"": ""sales""}"
8492,"{""type"": ""type""}","{""type"": ""type""}"
8493,"{""type"": ""duration""}","{""type"": ""duration""}"
8494,"{""type"": ""description""}","{""type"": ""description""}"
8495,"{""type"": ""location""}","{""type"": ""location""}"
8496,"{""type"": ""rank""}","{""type"": ""rank""}"
8497,"{""type"": ""age""}","{""type"": ""age""}"
8498,"{""type"": ""description""}","{""type"": ""description""}"
8499,"{""type"": ""description""}","{""type"": ""description""}"
8500,"{""type"": ""description""}","{""type"": ""description""}"
8501,"{""type"": ""description""}","{""type"": ""description""}"
8502,"{""type"": ""description""}","{""type"": ""description""}"
8503,"{""type"": ""description""}","{""type"": ""description""}"
8504,"{""type"": ""name""}","{""type"": ""name""}"
8505,"{""type"": ""city""}","{""type"": ""city""}"
8506,"{""type"": ""description""}","{""type"": ""description""}"
8507,"{""type"": ""class""}","{""type"": ""class""}"
8508,"{""type"": ""name""}","{""type"": ""name""}"
8509,"{""type"": ""state""}","{""type"": ""state""}"
8510,"{""type"": ""year""}","{""type"": ""year""}"
8511,"{""type"": ""state""}","{""type"": ""state""}"
8512,"{""type"": ""address""}","{""type"": ""address""}"
8513,"{""type"": ""weight""}","{""type"": ""weight""}"
8514,"{""type"": ""county""}","{""type"": ""county""}"
8515,"{""type"": ""city""}","{""type"": ""city""}"
8516,"{""type"": ""location""}","{""type"": ""location""}"
8517,"{""type"": ""album""}","{""type"": ""album""}"
8518,"{""type"": ""weight""}","{""type"": ""weight""}"
8519,"{""type"": ""album""}","{""type"": ""album""}"
8520,"{""type"": ""age""}","{""type"": ""age""}"
8521,"{""type"": ""description""}","{""type"": ""description""}"
8522,"{""type"": ""class""}","{""type"": ""class""}"
8523,"{""type"": ""notes""}","{""type"": ""notes""}"
8524,"{""type"": ""team""}","{""type"": ""team""}"
8525,"{""type"": ""age""}","{""type"": ""age""}"
8526,"{""type"": ""description""}","{""type"": ""description""}"
8527,"{""type"": ""name""}","{""type"": ""name""}"
8528,"{""type"": ""age""}","{""type"": ""age""}"
8529,"{""type"": ""state""}","{""type"": ""state""}"
8530,"{""type"": ""name""}","{""type"": ""name""}"
8531,"{""type"": ""symbol""}","{""type"": ""symbol""}"
8532,"{""type"": ""year""}","{""type"": ""year""}"
8533,"{""type"": ""club""}","{""type"": ""club""}"
8534,"{""type"": ""rank""}","{""type"": ""rank""}"
8535,"{""type"": ""status""}","{""type"": ""status""}"
8536,"{""type"": ""code""}","{""type"": ""code""}"
8537,"{""type"": ""name""}","{""type"": ""name""}"
8538,"{""type"": ""location""}","{""type"": ""location""}"
8539,"{""type"": ""weight""}","{""type"": ""weight""}"
8540,"{""type"": ""age""}","{""type"": ""age""}"
8541,"{""type"": ""artist""}","{""type"": ""artist""}"
8542,"{""type"": ""location""}","{""type"": ""city""}"
8543,"{""type"": ""result""}","{""type"": ""result""}"
8544,"{""type"": ""position""}","{""type"": ""position""}"
8545,"{""type"": ""name""}","{""type"": ""name""}"
8546,"{""type"": ""country""}","{""type"": ""country""}"
8547,"{""type"": ""code""}","{""type"": ""symbol""}"
8548,"{""type"": ""team""}","{""type"": ""state""}"
8549,"{""type"": ""genre""}","{""type"": ""category""}"
8550,"{""type"": ""state""}","{""type"": ""state""}"
8551,"{""type"": ""description""}","{""type"": ""description""}"
8552,"{""type"": ""state""}","{""type"": ""state""}"
8553,"{""type"": ""name""}","{""type"": ""name""}"
8554,"{""type"": ""weight""}","{""type"": ""weight""}"
8555,"{""type"": ""weight""}","{""type"": ""weight""}"
8556,"{""type"": ""state""}","{""type"": ""state""}"
8557,"{""type"": ""description""}","{""type"": ""description""}"
8558,"{""type"": ""description""}","{""type"": ""description""}"
8559,"{""type"": ""description""}","{""type"": ""description""}"
8560,"{""type"": ""album""}","{""type"": ""album""}"
8561,"{""type"": ""code""}","{""type"": ""code""}"
8562,"{""type"": ""status""}","{""type"": ""status""}"
8563,"{""type"": ""city""}","{""type"": ""city""}"
8564,"{""type"": ""type""}","{""type"": ""type""}"
8565,"{""type"": ""location""}","{""type"": ""location""}"
8566,"{""type"": ""description""}","{""type"": ""description""}"
8567,"{""type"": ""name""}","{""type"": ""name""}"
8568,"{""type"": ""team""}","{""type"": ""team""}"
8569,"{""type"": ""team""}","{""type"": ""team""}"
8570,"{""type"": ""weight""}","{""type"": ""age""}"
8571,"{""type"": ""name""}","{""type"": ""name""}"
8572,"{""type"": ""team""}","{""type"": ""team""}"
8573,"{""type"": ""team""}","{""type"": ""team""}"
8574,"{""type"": ""team""}","{""type"": ""team""}"
8575,"{""type"": ""team""}","{""type"": ""team""}"
8576,"{""type"": ""team""}","{""type"": ""team""}"
8577,"{""type"": ""age""}","{""type"": ""age""}"
8578,"{""type"": ""team""}","{""type"": ""team""}"
8579,"{""type"": ""city""}","{""type"": ""city""}"
8580,"{""type"": ""state""}","{""type"": ""state""}"
8581,"{""type"": ""symbol""}","{""type"": ""symbol""}"
8582,"{""type"": ""result""}","{""type"": ""status""}"
8583,"{""type"": ""name""}","{""type"": ""name""}"
8584,"{""type"": ""club""}","{""type"": ""club""}"
8585,"{""type"": ""name""}","{""type"": ""name""}"
8586,"{""type"": ""age""}","{""type"": ""age""}"
8587,"{""type"": ""name""}","{""type"": ""name""}"
8588,"{""type"": ""album""}","{""type"": ""album""}"
8589,"{""type"": ""state""}","{""type"": ""state""}"
8590,"{""type"": ""name""}","{""type"": ""name""}"
8591,"{""type"": ""club""}","{""type"": ""club""}"
8592,"{""type"": ""name""}","{""type"": ""name""}"
8593,"{""type"": ""description""}","{""type"": ""description""}"
8594,"{""type"": ""description""}","{""type"": ""description""}"
8595,"{""type"": ""description""}","{""type"": ""description""}"
8596,"{""type"": ""description""}","{""type"": ""description""}"
8597,"{""type"": ""description""}","{""type"": ""description""}"
8598,"{""type"": ""team""}","{""type"": ""team""}"
8599,"{""type"": ""year""}","{""type"": ""year""}"
8600,"{""type"": ""age""}","{""type"": ""age""}"
8601,"{""type"": ""code""}","{""type"": ""code""}"
8602,"{""type"": ""artist""}","{""type"": ""artist""}"
8603,"{""type"": ""team""}","{""type"": ""team""}"
8604,"{""type"": ""rank""}","{""type"": ""rank""}"
8605,"{""type"": ""status""}","{""type"": ""status""}"
8606,"{""type"": ""name""}","{""type"": ""name""}"
8607,"{""type"": ""name""}","{""type"": ""name""}"
8608,"{""type"": ""name""}","{""type"": ""name""}"
8609,"{""type"": ""name""}","{""type"": ""name""}"
8610,"{""type"": ""name""}","{""type"": ""name""}"
8611,"{""type"": ""code""}","{""type"": ""code""}"
8612,"{""type"": ""name""}","{""type"": ""name""}"
8613,"{""type"": ""weight""}","{""type"": ""weight""}"
8614,"{""type"": ""age""}","{""type"": ""age""}"
8615,"{""type"": ""status""}","{""type"": ""status""}"
8616,"{""type"": ""year""}","{""type"": ""year""}"
8617,"{""type"": ""city""}","{""type"": ""city""}"
8618,"{""type"": ""description""}","{""type"": ""description""}"
8619,"{""type"": ""type""}","{""type"": ""type""}"
8620,"{""type"": ""category""}","{""type"": ""category""}"
8621,"{""type"": ""weight""}","{""type"": ""weight""}"
8622,"{""type"": ""location""}","{""type"": ""location""}"
8623,"{""type"": ""type""}","{""type"": ""description""}"
8624,"{""type"": ""class""}","{""type"": ""class""}"
8625,"{""type"": ""category""}","{""type"": ""category""}"
8626,"{""type"": ""rank""}","{""type"": ""rank""}"
8627,"{""type"": ""position""}","{""type"": ""position""}"
8628,"{""type"": ""day""}","{""type"": ""day""}"
8629,"{""type"": ""team""}","{""type"": ""team""}"
8630,"{""type"": ""age""}","{""type"": ""age""}"
8631,"{""type"": ""status""}","{""type"": ""status""}"
8632,"{""type"": ""team""}","{""type"": ""team""}"
8633,"{""type"": ""age""}","{""type"": ""age""}"
8634,"{""type"": ""city""}","{""type"": ""city""}"
8635,"{""type"": ""city""}","{""type"": ""city""}"
8636,"{""type"": ""name""}","{""type"": ""name""}"
8637,"{""type"": ""name""}","{""type"": ""name""}"
8638,"{""type"": ""name""}","{""type"": ""name""}"
8639,"{""type"": ""name""}","{""type"": ""name""}"
8640,"{""type"": ""name""}","{""type"": ""name""}"
8641,"{""type"": ""type""}","{""type"": ""type""}"
8642,"{""type"": ""teamname""}","{""type"": ""teamname""}"
8643,"{""type"": ""city""}","{""type"": ""city""}"
8644,"{""type"": ""category""}","{""type"": ""notes""}"
8645,"{""type"": ""age""}","{""type"": ""age""}"
8646,"{""type"": ""rank""}","{""type"": ""age""}"
8647,"{""type"": ""rank""}","{""type"": ""rank""}"
8648,"{""type"": ""rank""}","{""type"": ""rank""}"
8649,"{""type"": ""rank""}","{""type"": ""rank""}"
8650,"{""type"": ""rank""}","{""type"": ""rank""}"
8651,"{""type"": ""year""}","{""type"": ""year""}"
8652,"{""type"": ""age""}","{""type"": ""age""}"
8653,"{""type"": ""description""}","{""type"": ""description""}"
8654,"{""type"": ""notes""}","{""type"": ""notes""}"
8655,"{""type"": ""name""}","{""type"": ""name""}"
8656,"{""type"": ""state""}","{""type"": ""state""}"
8657,"{""type"": ""year""}","{""type"": ""year""}"
8658,"{""type"": ""age""}","{""type"": ""age""}"
8659,"{""type"": ""name""}","{""type"": ""name""}"
8660,"{""type"": ""club""}","{""type"": ""club""}"
8661,"{""type"": ""teamname""}","{""type"": ""teamname""}"
8662,"{""type"": ""name""}","{""type"": ""name""}"
8663,"{""type"": ""year""}","{""type"": ""year""}"
8664,"{""type"": ""symbol""}","{""type"": ""symbol""}"
8665,"{""type"": ""result""}","{""type"": ""result""}"
8666,"{""type"": ""type""}","{""type"": ""type""}"
8667,"{""type"": ""year""}","{""type"": ""year""}"
8668,"{""type"": ""state""}","{""type"": ""state""}"
8669,"{""type"": ""name""}","{""type"": ""name""}"
8670,"{""type"": ""name""}","{""type"": ""name""}"
8671,"{""type"": ""position""}","{""type"": ""position""}"
8672,"{""type"": ""description""}","{""type"": ""description""}"
8673,"{""type"": ""weight""}","{""type"": ""weight""}"
8674,"{""type"": ""name""}","{""type"": ""name""}"
8675,"{""type"": ""code""}","{""type"": ""code""}"
8676,"{""type"": ""state""}","{""type"": ""state""}"
8677,"{""type"": ""status""}","{""type"": ""status""}"
8678,"{""type"": ""notes""}","{""type"": ""notes""}"
8679,"{""type"": ""format""}","{""type"": ""format""}"
8680,"{""type"": ""weight""}","{""type"": ""weight""}"
8681,"{""type"": ""weight""}","{""type"": ""weight""}"
8682,"{""type"": ""country""}","{""type"": ""country""}"
8683,"{""type"": ""type""}","{""type"": ""type""}"
8684,"{""type"": ""city""}","{""type"": ""city""}"
8685,"{""type"": ""age""}","{""type"": ""age""}"
8686,"{""type"": ""symbol""}","{""type"": ""symbol""}"
8687,"{""type"": ""description""}","{""type"": ""description""}"
8688,"{""type"": ""city""}","{""type"": ""city""}"
8689,"{""type"": ""weight""}","{""type"": ""weight""}"
8690,"{""type"": ""notes""}","{""type"": ""notes""}"
8691,"{""type"": ""company""}","{""type"": ""company""}"
8692,"{""type"": ""category""}","{""type"": ""category""}"
8693,"{""type"": ""type""}","{""type"": ""type""}"
8694,"{""type"": ""name""}","{""type"": ""name""}"
8695,"{""type"": ""company""}","{""type"": ""company""}"
8696,"{""type"": ""album""}","{""type"": ""album""}"
8697,"{""type"": ""country""}","{""type"": ""country""}"
8698,"{""type"": ""country""}","{""type"": ""country""}"
8699,"{""type"": ""country""}","{""type"": ""country""}"
8700,"{""type"": ""country""}","{""type"": ""country""}"
8701,"{""type"": ""country""}","{""type"": ""country""}"
8702,"{""type"": ""code""}","{""type"": ""code""}"
8703,"{""type"": ""weight""}","{""type"": ""weight""}"
8704,"{""type"": ""status""}","{""type"": ""status""}"
8705,"{""type"": ""weight""}","{""type"": ""weight""}"
8706,"{""type"": ""album""}","{""type"": ""album""}"
8707,"{""type"": ""description""}","{""type"": ""description""}"
8708,"{""type"": ""age""}","{""type"": ""age""}"
8709,"{""type"": ""status""}","{""type"": ""status""}"
8710,"{""type"": ""result""}","{""type"": ""result""}"
8711,"{""type"": ""name""}","{""type"": ""name""}"
8712,"{""type"": ""rank""}","{""type"": ""rank""}"
8713,"{""type"": ""rank""}","{""type"": ""rank""}"
8714,"{""type"": ""rank""}","{""type"": ""rank""}"
8715,"{""type"": ""rank""}","{""type"": ""rank""}"
8716,"{""type"": ""rank""}","{""type"": ""rank""}"
8717,"{""type"": ""team""}","{""type"": ""team""}"
8718,"{""type"": ""year""}","{""type"": ""year""}"
8719,"{""type"": ""description""}","{""type"": ""description""}"
8720,"{""type"": ""code""}","{""type"": ""code""}"
8721,"{""type"": ""status""}","{""type"": ""status""}"
8722,"{""type"": ""status""}","{""type"": ""status""}"
8723,"{""type"": ""artist""}","{""type"": ""artist""}"
8724,"{""type"": ""city""}","{""type"": ""city""}"
8725,"{""type"": ""description""}","{""type"": ""description""}"
8726,"{""type"": ""type""}","{""type"": ""type""}"
8727,"{""type"": ""city""}","{""type"": ""city""}"
8728,"{""type"": ""location""}","{""type"": ""location""}"
8729,"{""type"": ""city""}","{""type"": ""city""}"
8730,"{""type"": ""age""}","{""type"": ""age""}"
8731,"{""type"": ""weight""}","{""type"": ""weight""}"
8732,"{""type"": ""name""}","{""type"": ""name""}"
8733,"{""type"": ""album""}","{""type"": ""album""}"
8734,"{""type"": ""rank""}","{""type"": ""rank""}"
8735,"{""type"": ""class""}","{""type"": ""class""}"
8736,"{""type"": ""type""}","{""type"": ""type""}"
8737,"{""type"": ""city""}","{""type"": ""city""}"
8738,"{""type"": ""rank""}","{""type"": ""rank""}"
8739,"{""type"": ""description""}","{""type"": ""description""}"
8740,"{""type"": ""owner""}","{""type"": ""owner""}"
8741,"{""type"": ""name""}","{""type"": ""name""}"
8742,"{""type"": ""code""}","{""type"": ""code""}"
8743,"{""type"": ""weight""}","{""type"": ""weight""}"
8744,"{""type"": ""state""}","{""type"": ""state""}"
8745,"{""type"": ""rank""}","{""type"": ""rank""}"
8746,"{""type"": ""description""}","{""type"": ""description""}"
8747,"{""type"": ""age""}","{""type"": ""age""}"
8748,"{""type"": ""name""}","{""type"": ""name""}"
8749,"{""type"": ""state""}","{""type"": ""state""}"
8750,"{""type"": ""weight""}","{""type"": ""weight""}"
8751,"{""type"": ""category""}","{""type"": ""category""}"
8752,"{""type"": ""location""}","{""type"": ""location""}"
8753,"{""type"": ""year""}","{""type"": ""year""}"
8754,"{""type"": ""city""}","{""type"": ""city""}"
8755,"{""type"": ""age""}","{""type"": ""age""}"
8756,"{""type"": ""team""}","{""type"": ""team""}"
8757,"{""type"": ""artist""}","{""type"": ""artist""}"
8758,"{""type"": ""position""}","{""type"": ""position""}"
8759,"{""type"": ""city""}","{""type"": ""city""}"
8760,"{""type"": ""city""}","{""type"": ""city""}"
8761,"{""type"": ""city""}","{""type"": ""city""}"
8762,"{""type"": ""city""}","{""type"": ""city""}"
8763,"{""type"": ""city""}","{""type"": ""city""}"
8764,"{""type"": ""status""}","{""type"": ""status""}"
8765,"{""type"": ""name""}","{""type"": ""name""}"
8766,"{""type"": ""city""}","{""type"": ""city""}"
8767,"{""type"": ""age""}","{""type"": ""age""}"
8768,"{""type"": ""code""}","{""type"": ""symbol""}"
8769,"{""type"": ""description""}","{""type"": ""description""}"
8770,"{""type"": ""type""}","{""type"": ""class""}"
8771,"{""type"": ""club""}","{""type"": ""club""}"
8772,"{""type"": ""operator""}","{""type"": ""operator""}"
8773,"{""type"": ""company""}","{""type"": ""company""}"
8774,"{""type"": ""year""}","{""type"": ""year""}"
8775,"{""type"": ""album""}","{""type"": ""album""}"
8776,"{""type"": ""weight""}","{""type"": ""weight""}"
8777,"{""type"": ""age""}","{""type"": ""age""}"
8778,"{""type"": ""year""}","{""type"": ""year""}"
8779,"{""type"": ""age""}","{""type"": ""age""}"
8780,"{""type"": ""name""}","{""type"": ""name""}"
8781,"{""type"": ""club""}","{""type"": ""club""}"
8782,"{""type"": ""code""}","{""type"": ""code""}"
8783,"{""type"": ""artist""}","{""type"": ""name""}"
8784,"{""type"": ""state""}","{""type"": ""state""}"
8785,"{""type"": ""age""}","{""type"": ""age""}"
8786,"{""type"": ""age""}","{""type"": ""rank""}"
8787,"{""type"": ""club""}","{""type"": ""club""}"
8788,"{""type"": ""description""}","{""type"": ""description""}"
8789,"{""type"": ""team""}","{""type"": ""team""}"
8790,"{""type"": ""result""}","{""type"": ""result""}"
8791,"{""type"": ""description""}","{""type"": ""description""}"
8792,"{""type"": ""name""}","{""type"": ""name""}"
8793,"{""type"": ""name""}","{""type"": ""name""}"
8794,"{""type"": ""name""}","{""type"": ""name""}"
8795,"{""type"": ""name""}","{""type"": ""name""}"
8796,"{""type"": ""name""}","{""type"": ""name""}"
8797,"{""type"": ""genre""}","{""type"": ""genre""}"
8798,"{""type"": ""city""}","{""type"": ""city""}"
8799,"{""type"": ""weight""}","{""type"": ""weight""}"
8800,"{""type"": ""name""}","{""type"": ""name""}"
8801,"{""type"": ""city""}","{""type"": ""city""}"
8802,"{""type"": ""city""}","{""type"": ""city""}"
8803,"{""type"": ""city""}","{""type"": ""city""}"
8804,"{""type"": ""city""}","{""type"": ""city""}"
8805,"{""type"": ""city""}","{""type"": ""city""}"
8806,"{""type"": ""city""}","{""type"": ""city""}"
8807,"{""type"": ""product""}","{""type"": ""name""}"
8808,"{""type"": ""club""}","{""type"": ""club""}"
8809,"{""type"": ""city""}","{""type"": ""city""}"
8810,"{""type"": ""album""}","{""type"": ""album""}"
8811,"{""type"": ""year""}","{""type"": ""year""}"
8812,"{""type"": ""name""}","{""type"": ""name""}"
8813,"{""type"": ""family""}","{""type"": ""family""}"
8814,"{""type"": ""position""}","{""type"": ""position""}"
8815,"{""type"": ""age""}","{""type"": ""age""}"
8816,"{""type"": ""address""}","{""type"": ""address""}"
8817,"{""type"": ""city""}","{""type"": ""city""}"
8818,"{""type"": ""name""}","{""type"": ""name""}"
8819,"{""type"": ""country""}","{""type"": ""team""}"
8820,"{""type"": ""code""}","{""type"": ""code""}"
8821,"{""type"": ""result""}","{""type"": ""result""}"
8822,"{""type"": ""name""}","{""type"": ""name""}"
8823,"{""type"": ""rank""}","{""type"": ""rank""}"
8824,"{""type"": ""class""}","{""type"": ""class""}"
8825,"{""type"": ""age""}","{""type"": ""age""}"
8826,"{""type"": ""location""}","{""type"": ""location""}"
8827,"{""type"": ""affiliation""}","{""type"": ""affiliation""}"
8828,"{""type"": ""team""}","{""type"": ""team""}"
8829,"{""type"": ""name""}","{""type"": ""name""}"
8830,"{""type"": ""state""}","{""type"": ""state""}"
8831,"{""type"": ""age""}","{""type"": ""age""}"
8832,"{""type"": ""city""}","{""type"": ""city""}"
8833,"{""type"": ""sex""}","{""type"": ""sex""}"
8834,"{""type"": ""age""}","{""type"": ""age""}"
8835,"{""type"": ""status""}","{""type"": ""status""}"
8836,"{""type"": ""name""}","{""type"": ""name""}"
8837,"{""type"": ""club""}","{""type"": ""club""}"
8838,"{""type"": ""code""}","{""type"": ""code""}"
8839,"{""type"": ""city""}","{""type"": ""city""}"
8840,"{""type"": ""city""}","{""type"": ""city""}"
8841,"{""type"": ""city""}","{""type"": ""city""}"
8842,"{""type"": ""city""}","{""type"": ""city""}"
8843,"{""type"": ""city""}","{""type"": ""city""}"
8844,"{""type"": ""state""}","{""type"": ""state""}"
8845,"{""type"": ""type""}","{""type"": ""type""}"
8846,"{""type"": ""name""}","{""type"": ""name""}"
8847,"{""type"": ""result""}","{""type"": ""result""}"
8848,"{""type"": ""description""}","{""type"": ""description""}"
8849,"{""type"": ""description""}","{""type"": ""description""}"
8850,"{""type"": ""age""}","{""type"": ""age""}"
8851,"{""type"": ""education""}","{""type"": ""status""}"
8852,"{""type"": ""status""}","{""type"": ""status""}"
8853,"{""type"": ""description""}","{""type"": ""description""}"
8854,"{""type"": ""name""}","{""type"": ""name""}"
8855,"{""type"": ""state""}","{""type"": ""state""}"
8856,"{""type"": ""weight""}","{""type"": ""weight""}"
8857,"{""type"": ""age""}","{""type"": ""age""}"
8858,"{""type"": ""artist""}","{""type"": ""artist""}"
8859,"{""type"": ""age""}","{""type"": ""age""}"
8860,"{""type"": ""position""}","{""type"": ""position""}"
8861,"{""type"": ""duration""}","{""type"": ""duration""}"
8862,"{""type"": ""city""}","{""type"": ""city""}"
8863,"{""type"": ""name""}","{""type"": ""name""}"
8864,"{""type"": ""name""}","{""type"": ""name""}"
8865,"{""type"": ""weight""}","{""type"": ""weight""}"
8866,"{""type"": ""team""}","{""type"": ""team""}"
8867,"{""type"": ""position""}","{""type"": ""position""}"
8868,"{""type"": ""category""}","{""type"": ""category""}"
8869,"{""type"": ""weight""}","{""type"": ""weight""}"
8870,"{""type"": ""album""}","{""type"": ""album""}"
8871,"{""type"": ""state""}","{""type"": ""state""}"
8872,"{""type"": ""state""}","{""type"": ""state""}"
8873,"{""type"": ""state""}","{""type"": ""state""}"
8874,"{""type"": ""state""}","{""type"": ""state""}"
8875,"{""type"": ""state""}","{""type"": ""state""}"
8876,"{""type"": ""description""}","{""type"": ""description""}"
8877,"{""type"": ""city""}","{""type"": ""city""}"
8878,"{""type"": ""company""}","{""type"": ""company""}"
8879,"{""type"": ""description""}","{""type"": ""description""}"
8880,"{""type"": ""code""}","{""type"": ""code""}"
8881,"{""type"": ""year""}","{""type"": ""year""}"
8882,"{""type"": ""city""}","{""type"": ""city""}"
8883,"{""type"": ""album""}","{""type"": ""album""}"
8884,"{""type"": ""code""}","{""type"": ""code""}"
8885,"{""type"": ""name""}","{""type"": ""name""}"
8886,"{""type"": ""club""}","{""type"": ""club""}"
8887,"{""type"": ""result""}","{""type"": ""result""}"
8888,"{""type"": ""year""}","{""type"": ""year""}"
8889,"{""type"": ""position""}","{""type"": ""position""}"
8890,"{""type"": ""team""}","{""type"": ""country""}"
8891,"{""type"": ""company""}","{""type"": ""company""}"
8892,"{""type"": ""type""}","{""type"": ""type""}"
8893,"{""type"": ""weight""}","{""type"": ""weight""}"
8894,"{""type"": ""artist""}","{""type"": ""artist""}"
8895,"{""type"": ""status""}","{""type"": ""status""}"
8896,"{""type"": ""status""}","{""type"": ""status""}"
8897,"{""type"": ""county""}","{""type"": ""county""}"
8898,"{""type"": ""county""}","{""type"": ""county""}"
8899,"{""type"": ""county""}","{""type"": ""county""}"
8900,"{""type"": ""county""}","{""type"": ""county""}"
8901,"{""type"": ""county""}","{""type"": ""county""}"
8902,"{""type"": ""weight""}","{""type"": ""weight""}"
8903,"{""type"": ""category""}","{""type"": ""category""}"
8904,"{""type"": ""location""}","{""type"": ""location""}"
8905,"{""type"": ""year""}","{""type"": ""year""}"
8906,"{""type"": ""weight""}","{""type"": ""weight""}"
8907,"{""type"": ""rank""}","{""type"": ""rank""}"
8908,"{""type"": ""description""}","{""type"": ""description""}"
8909,"{""type"": ""description""}","{""type"": ""description""}"
8910,"{""type"": ""club""}","{""type"": ""club""}"
8911,"{""type"": ""artist""}","{""type"": ""artist""}"
8912,"{""type"": ""state""}","{""type"": ""state""}"
8913,"{""type"": ""state""}","{""type"": ""state""}"
8914,"{""type"": ""state""}","{""type"": ""state""}"
8915,"{""type"": ""state""}","{""type"": ""state""}"
8916,"{""type"": ""state""}","{""type"": ""state""}"
8917,"{""type"": ""description""}","{""type"": ""description""}"
8918,"{""type"": ""name""}","{""type"": ""name""}"
8919,"{""type"": ""state""}","{""type"": ""state""}"
8920,"{""type"": ""weight""}","{""type"": ""weight""}"
8921,"{""type"": ""name""}","{""type"": ""name""}"
8922,"{""type"": ""album""}","{""type"": ""album""}"
8923,"{""type"": ""age""}","{""type"": ""age""}"
8924,"{""type"": ""result""}","{""type"": ""result""}"
8925,"{""type"": ""city""}","{""type"": ""city""}"
8926,"{""type"": ""status""}","{""type"": ""status""}"
8927,"{""type"": ""type""}","{""type"": ""type""}"
8928,"{""type"": ""name""}","{""type"": ""name""}"
8929,"{""type"": ""year""}","{""type"": ""year""}"
8930,"{""type"": ""status""}","{""type"": ""status""}"
8931,"{""type"": ""team""}","{""type"": ""team""}"
8932,"{""type"": ""name""}","{""type"": ""name""}"
8933,"{""type"": ""code""}","{""type"": ""code""}"
8934,"{""type"": ""name""}","{""type"": ""name""}"
8935,"{""type"": ""weight""}","{""type"": ""weight""}"
8936,"{""type"": ""code""}","{""type"": ""code""}"
8937,"{""type"": ""album""}","{""type"": ""album""}"
8938,"{""type"": ""isbn""}","{""type"": ""isbn""}"
8939,"{""type"": ""class""}","{""type"": ""class""}"
8940,"{""type"": ""city""}","{""type"": ""city""}"
8941,"{""type"": ""city""}","{""type"": ""city""}"
8942,"{""type"": ""city""}","{""type"": ""city""}"
8943,"{""type"": ""city""}","{""type"": ""city""}"
8944,"{""type"": ""city""}","{""type"": ""city""}"
8945,"{""type"": ""name""}","{""type"": ""name""}"
8946,"{""type"": ""name""}","{""type"": ""name""}"
8947,"{""type"": ""weight""}","{""type"": ""weight""}"
8948,"{""type"": ""club""}","{""type"": ""club""}"
8949,"{""type"": ""state""}","{""type"": ""state""}"
8950,"{""type"": ""weight""}","{""type"": ""weight""}"
8951,"{""type"": ""club""}","{""type"": ""club""}"
8952,"{""type"": ""name""}","{""type"": ""name""}"
8953,"{""type"": ""status""}","{""type"": ""status""}"
8954,"{""type"": ""album""}","{""type"": ""album""}"
8955,"{""type"": ""class""}","{""type"": ""class""}"
8956,"{""type"": ""state""}","{""type"": ""state""}"
8957,"{""type"": ""team""}","{""type"": ""team""}"
8958,"{""type"": ""description""}","{""type"": ""description""}"
8959,"{""type"": ""type""}","{""type"": ""type""}"
8960,"{""type"": ""description""}","{""type"": ""description""}"
8961,"{""type"": ""status""}","{""type"": ""status""}"
8962,"{""type"": ""region""}","{""type"": ""region""}"
8963,"{""type"": ""year""}","{""type"": ""year""}"
8964,"{""type"": ""result""}","{""type"": ""result""}"
8965,"{""type"": ""city""}","{""type"": ""city""}"
8966,"{""type"": ""rank""}","{""type"": ""rank""}"
8967,"{""type"": ""description""}","{""type"": ""description""}"
8968,"{""type"": ""county""}","{""type"": ""county""}"
8969,"{""type"": ""state""}","{""type"": ""state""}"
8970,"{""type"": ""description""}","{""type"": ""description""}"
8971,"{""type"": ""category""}","{""type"": ""category""}"
8972,"{""type"": ""location""}","{""type"": ""location""}"
8973,"{""type"": ""name""}","{""type"": ""name""}"
8974,"{""type"": ""name""}","{""type"": ""name""}"
8975,"{""type"": ""type""}","{""type"": ""type""}"
8976,"{""type"": ""type""}","{""type"": ""type""}"
8977,"{""type"": ""type""}","{""type"": ""type""}"
8978,"{""type"": ""type""}","{""type"": ""type""}"
8979,"{""type"": ""type""}","{""type"": ""type""}"
8980,"{""type"": ""country""}","{""type"": ""country""}"
8981,"{""type"": ""position""}","{""type"": ""position""}"
8982,"{""type"": ""name""}","{""type"": ""name""}"
8983,"{""type"": ""club""}","{""type"": ""club""}"
8984,"{""type"": ""state""}","{""type"": ""state""}"
8985,"{""type"": ""city""}","{""type"": ""city""}"
8986,"{""type"": ""description""}","{""type"": ""description""}"
8987,"{""type"": ""year""}","{""type"": ""year""}"
8988,"{""type"": ""club""}","{""type"": ""club""}"
8989,"{""type"": ""team""}","{""type"": ""team""}"
8990,"{""type"": ""genre""}","{""type"": ""category""}"
8991,"{""type"": ""description""}","{""type"": ""description""}"
8992,"{""type"": ""year""}","{""type"": ""year""}"
8993,"{""type"": ""album""}","{""type"": ""album""}"
8994,"{""type"": ""state""}","{""type"": ""state""}"
8995,"{""type"": ""notes""}","{""type"": ""notes""}"
8996,"{""type"": ""state""}","{""type"": ""state""}"
8997,"{""type"": ""rank""}","{""type"": ""rank""}"
8998,"{""type"": ""rank""}","{""type"": ""rank""}"
8999,"{""type"": ""rank""}","{""type"": ""rank""}"
9000,"{""type"": ""rank""}","{""type"": ""rank""}"
9001,"{""type"": ""rank""}","{""type"": ""rank""}"
9002,"{""type"": ""rank""}","{""type"": ""rank""}"
9003,"{""type"": ""album""}","{""type"": ""album""}"
9004,"{""type"": ""symbol""}","{""type"": ""symbol""}"
9005,"{""type"": ""age""}","{""type"": ""age""}"
9006,"{""type"": ""description""}","{""type"": ""description""}"
9007,"{""type"": ""description""}","{""type"": ""description""}"
9008,"{""type"": ""description""}","{""type"": ""description""}"
9009,"{""type"": ""description""}","{""type"": ""description""}"
9010,"{""type"": ""description""}","{""type"": ""description""}"
9011,"{""type"": ""position""}","{""type"": ""position""}"
9012,"{""type"": ""gender""}","{""type"": ""gender""}"
9013,"{""type"": ""description""}","{""type"": ""description""}"
9014,"{""type"": ""name""}","{""type"": ""name""}"
9015,"{""type"": ""name""}","{""type"": ""name""}"
9016,"{""type"": ""name""}","{""type"": ""name""}"
9017,"{""type"": ""description""}","{""type"": ""description""}"
9018,"{""type"": ""name""}","{""type"": ""name""}"
9019,"{""type"": ""name""}","{""type"": ""name""}"
9020,"{""type"": ""name""}","{""type"": ""name""}"
9021,"{""type"": ""name""}","{""type"": ""name""}"
9022,"{""type"": ""name""}","{""type"": ""name""}"
9023,"{""type"": ""description""}","{""type"": ""description""}"
9024,"{""type"": ""position""}","{""type"": ""position""}"
9025,"{""type"": ""weight""}","{""type"": ""weight""}"
9026,"{""type"": ""weight""}","{""type"": ""weight""}"
9027,"{""type"": ""category""}","{""type"": ""category""}"
9028,"{""type"": ""address""}","{""type"": ""address""}"
9029,"{""type"": ""status""}","{""type"": ""status""}"
9030,"{""type"": ""location""}","{""type"": ""location""}"
9031,"{""type"": ""state""}","{""type"": ""state""}"
9032,"{""type"": ""rank""}","{""type"": ""rank""}"
9033,"{""type"": ""name""}","{""type"": ""name""}"
9034,"{""type"": ""name""}","{""type"": ""name""}"
9035,"{""type"": ""name""}","{""type"": ""name""}"
9036,"{""type"": ""name""}","{""type"": ""name""}"
9037,"{""type"": ""name""}","{""type"": ""name""}"
9038,"{""type"": ""status""}","{""type"": ""status""}"
9039,"{""type"": ""position""}","{""type"": ""position""}"
9040,"{""type"": ""status""}","{""type"": ""status""}"
9041,"{""type"": ""year""}","{""type"": ""year""}"
9042,"{""type"": ""rank""}","{""type"": ""rank""}"
9043,"{""type"": ""type""}","{""type"": ""type""}"
9044,"{""type"": ""state""}","{""type"": ""state""}"
9045,"{""type"": ""state""}","{""type"": ""state""}"
9046,"{""type"": ""state""}","{""type"": ""state""}"
9047,"{""type"": ""state""}","{""type"": ""state""}"
9048,"{""type"": ""state""}","{""type"": ""state""}"
9049,"{""type"": ""year""}","{""type"": ""year""}"
9050,"{""type"": ""name""}","{""type"": ""name""}"
9051,"{""type"": ""state""}","{""type"": ""state""}"
9052,"{""type"": ""type""}","{""type"": ""type""}"
9053,"{""type"": ""location""}","{""type"": ""location""}"
9054,"{""type"": ""symbol""}","{""type"": ""symbol""}"
9055,"{""type"": ""album""}","{""type"": ""album""}"
9056,"{""type"": ""city""}","{""type"": ""city""}"
9057,"{""type"": ""category""}","{""type"": ""category""}"
9058,"{""type"": ""area""}","{""type"": ""brand""}"
9059,"{""type"": ""name""}","{""type"": ""name""}"
9060,"{""type"": ""name""}","{""type"": ""name""}"
9061,"{""type"": ""name""}","{""type"": ""name""}"
9062,"{""type"": ""name""}","{""type"": ""name""}"
9063,"{""type"": ""name""}","{""type"": ""name""}"
9064,"{""type"": ""class""}","{""type"": ""class""}"
9065,"{""type"": ""country""}","{""type"": ""country""}"
9066,"{""type"": ""album""}","{""type"": ""album""}"
9067,"{""type"": ""description""}","{""type"": ""description""}"
9068,"{""type"": ""year""}","{""type"": ""year""}"
9069,"{""type"": ""album""}","{""type"": ""album""}"
9070,"{""type"": ""rank""}","{""type"": ""rank""}"
9071,"{""type"": ""team""}","{""type"": ""team""}"
9072,"{""type"": ""team""}","{""type"": ""team""}"
9073,"{""type"": ""name""}","{""type"": ""name""}"
9074,"{""type"": ""type""}","{""type"": ""type""}"
9075,"{""type"": ""status""}","{""type"": ""status""}"
9076,"{""type"": ""age""}","{""type"": ""age""}"
9077,"{""type"": ""result""}","{""type"": ""result""}"
9078,"{""type"": ""type""}","{""type"": ""type""}"
9079,"{""type"": ""state""}","{""type"": ""state""}"
9080,"{""type"": ""state""}","{""type"": ""state""}"
9081,"{""type"": ""state""}","{""type"": ""state""}"
9082,"{""type"": ""state""}","{""type"": ""state""}"
9083,"{""type"": ""state""}","{""type"": ""state""}"
9084,"{""type"": ""club""}","{""type"": ""club""}"
9085,"{""type"": ""rank""}","{""type"": ""age""}"
9086,"{""type"": ""rank""}","{""type"": ""rank""}"
9087,"{""type"": ""day""}","{""type"": ""day""}"
9088,"{""type"": ""description""}","{""type"": ""description""}"
9089,"{""type"": ""city""}","{""type"": ""city""}"
9090,"{""type"": ""description""}","{""type"": ""description""}"
9091,"{""type"": ""state""}","{""type"": ""state""}"
9092,"{""type"": ""age""}","{""type"": ""age""}"
9093,"{""type"": ""status""}","{""type"": ""status""}"
9094,"{""type"": ""city""}","{""type"": ""city""}"
9095,"{""type"": ""city""}","{""type"": ""city""}"
9096,"{""type"": ""rank""}","{""type"": ""rank""}"
9097,"{""type"": ""description""}","{""type"": ""description""}"
9098,"{""type"": ""team""}","{""type"": ""team""}"
9099,"{""type"": ""name""}","{""type"": ""name""}"
9100,"{""type"": ""description""}","{""type"": ""description""}"
9101,"{""type"": ""album""}","{""type"": ""album""}"
9102,"{""type"": ""position""}","{""type"": ""position""}"
9103,"{""type"": ""weight""}","{""type"": ""weight""}"
9104,"{""type"": ""name""}","{""type"": ""name""}"
9105,"{""type"": ""location""}","{""type"": ""location""}"
9106,"{""type"": ""category""}","{""type"": ""category""}"
9107,"{""type"": ""code""}","{""type"": ""code""}"
9108,"{""type"": ""city""}","{""type"": ""city""}"
9109,"{""type"": ""type""}","{""type"": ""name""}"
9110,"{""type"": ""company""}","{""type"": ""company""}"
9111,"{""type"": ""name""}","{""type"": ""name""}"
9112,"{""type"": ""class""}","{""type"": ""class""}"
9113,"{""type"": ""club""}","{""type"": ""club""}"
9114,"{""type"": ""nationality""}","{""type"": ""nationality""}"
9115,"{""type"": ""symbol""}","{""type"": ""symbol""}"
9116,"{""type"": ""description""}","{""type"": ""description""}"
9117,"{""type"": ""artist""}","{""type"": ""artist""}"
9118,"{""type"": ""name""}","{""type"": ""name""}"
9119,"{""type"": ""album""}","{""type"": ""album""}"
9120,"{""type"": ""name""}","{""type"": ""name""}"
9121,"{""type"": ""artist""}","{""type"": ""artist""}"
9122,"{""type"": ""weight""}","{""type"": ""weight""}"
9123,"{""type"": ""position""}","{""type"": ""rank""}"
9124,"{""type"": ""age""}","{""type"": ""age""}"
9125,"{""type"": ""address""}","{""type"": ""address""}"
9126,"{""type"": ""address""}","{""type"": ""address""}"
9127,"{""type"": ""address""}","{""type"": ""address""}"
9128,"{""type"": ""address""}","{""type"": ""location""}"
9129,"{""type"": ""address""}","{""type"": ""address""}"
9130,"{""type"": ""album""}","{""type"": ""album""}"
9131,"{""type"": ""description""}","{""type"": ""description""}"
9132,"{""type"": ""location""}","{""type"": ""location""}"
9133,"{""type"": ""sex""}","{""type"": ""sex""}"
9134,"{""type"": ""city""}","{""type"": ""city""}"
9135,"{""type"": ""city""}","{""type"": ""city""}"
9136,"{""type"": ""city""}","{""type"": ""city""}"
9137,"{""type"": ""city""}","{""type"": ""city""}"
9138,"{""type"": ""city""}","{""type"": ""city""}"
9139,"{""type"": ""result""}","{""type"": ""result""}"
9140,"{""type"": ""name""}","{""type"": ""name""}"
9141,"{""type"": ""description""}","{""type"": ""description""}"
9142,"{""type"": ""city""}","{""type"": ""city""}"
9143,"{""type"": ""code""}","{""type"": ""code""}"
9144,"{""type"": ""range""}","{""type"": ""result""}"
9145,"{""type"": ""range""}","{""type"": ""result""}"
9146,"{""type"": ""range""}","{""type"": ""result""}"
9147,"{""type"": ""range""}","{""type"": ""range""}"
9148,"{""type"": ""range""}","{""type"": ""range""}"
9149,"{""type"": ""weight""}","{""type"": ""weight""}"
9150,"{""type"": ""team""}","{""type"": ""team""}"
9151,"{""type"": ""team""}","{""type"": ""team""}"
9152,"{""type"": ""type""}","{""type"": ""name""}"
9153,"{""type"": ""status""}","{""type"": ""status""}"
9154,"{""type"": ""state""}","{""type"": ""state""}"
9155,"{""type"": ""description""}","{""type"": ""description""}"
9156,"{""type"": ""name""}","{""type"": ""name""}"
9157,"{""type"": ""club""}","{""type"": ""club""}"
9158,"{""type"": ""city""}","{""type"": ""city""}"
9159,"{""type"": ""year""}","{""type"": ""year""}"
9160,"{""type"": ""artist""}","{""type"": ""artist""}"
9161,"{""type"": ""name""}","{""type"": ""name""}"
9162,"{""type"": ""state""}","{""type"": ""state""}"
9163,"{""type"": ""status""}","{""type"": ""status""}"
9164,"{""type"": ""status""}","{""type"": ""status""}"
9165,"{""type"": ""status""}","{""type"": ""status""}"
9166,"{""type"": ""status""}","{""type"": ""status""}"
9167,"{""type"": ""status""}","{""type"": ""status""}"
9168,"{""type"": ""weight""}","{""type"": ""weight""}"
9169,"{""type"": ""code""}","{""type"": ""code""}"
9170,"{""type"": ""description""}","{""type"": ""description""}"
9171,"{""type"": ""owner""}","{""type"": ""owner""}"
9172,"{""type"": ""age""}","{""type"": ""age""}"
9173,"{""type"": ""category""}","{""type"": ""category""}"
9174,"{""type"": ""type""}","{""type"": ""description""}"
9175,"{""type"": ""position""}","{""type"": ""position""}"
9176,"{""type"": ""description""}","{""type"": ""description""}"
9177,"{""type"": ""team""}","{""type"": ""team""}"
9178,"{""type"": ""notes""}","{""type"": ""notes""}"
9179,"{""type"": ""weight""}","{""type"": ""weight""}"
9180,"{""type"": ""day""}","{""type"": ""day""}"
9181,"{""type"": ""notes""}","{""type"": ""notes""}"
9182,"{""type"": ""year""}","{""type"": ""year""}"
9183,"{""type"": ""artist""}","{""type"": ""artist""}"
9184,"{""type"": ""description""}","{""type"": ""description""}"
9185,"{""type"": ""album""}","{""type"": ""album""}"
9186,"{""type"": ""name""}","{""type"": ""name""}"
9187,"{""type"": ""city""}","{""type"": ""city""}"
9188,"{""type"": ""year""}","{""type"": ""year""}"
9189,"{""type"": ""description""}","{""type"": ""description""}"
9190,"{""type"": ""weight""}","{""type"": ""weight""}"
9191,"{""type"": ""type""}","{""type"": ""type""}"
9192,"{""type"": ""code""}","{""type"": ""code""}"
9193,"{""type"": ""duration""}","{""type"": ""duration""}"
9194,"{""type"": ""duration""}","{""type"": ""duration""}"
9195,"{""type"": ""duration""}","{""type"": ""duration""}"
9196,"{""type"": ""duration""}","{""type"": ""duration""}"
9197,"{""type"": ""duration""}","{""type"": ""duration""}"
9198,"{""type"": ""name""}","{""type"": ""jockey""}"
9199,"{""type"": ""name""}","{""type"": ""name""}"
9200,"{""type"": ""name""}","{""type"": ""name""}"
9201,"{""type"": ""name""}","{""type"": ""name""}"
9202,"{""type"": ""name""}","{""type"": ""name""}"
9203,"{""type"": ""name""}","{""type"": ""name""}"
9204,"{""type"": ""name""}","{""type"": ""name""}"
9205,"{""type"": ""category""}","{""type"": ""category""}"
9206,"{""type"": ""category""}","{""type"": ""category""}"
9207,"{""type"": ""category""}","{""type"": ""category""}"
9208,"{""type"": ""category""}","{""type"": ""category""}"
9209,"{""type"": ""category""}","{""type"": ""category""}"
9210,"{""type"": ""artist""}","{""type"": ""artist""}"
9211,"{""type"": ""teamname""}","{""type"": ""teamname""}"
9212,"{""type"": ""status""}","{""type"": ""status""}"
9213,"{""type"": ""type""}","{""type"": ""status""}"
9214,"{""type"": ""weight""}","{""type"": ""weight""}"
9215,"{""type"": ""position""}","{""type"": ""position""}"
9216,"{""type"": ""age""}","{""type"": ""age""}"
9217,"{""type"": ""year""}","{""type"": ""year""}"
9218,"{""type"": ""description""}","{""type"": ""description""}"
9219,"{""type"": ""description""}","{""type"": ""description""}"
9220,"{""type"": ""description""}","{""type"": ""description""}"
9221,"{""type"": ""description""}","{""type"": ""description""}"
9222,"{""type"": ""description""}","{""type"": ""description""}"
9223,"{""type"": ""weight""}","{""type"": ""weight""}"
9224,"{""type"": ""status""}","{""type"": ""status""}"
9225,"{""type"": ""position""}","{""type"": ""position""}"
9226,"{""type"": ""category""}","{""type"": ""category""}"
9227,"{""type"": ""name""}","{""type"": ""name""}"
9228,"{""type"": ""status""}","{""type"": ""status""}"
9229,"{""type"": ""album""}","{""type"": ""album""}"
9230,"{""type"": ""weight""}","{""type"": ""weight""}"
9231,"{""type"": ""city""}","{""type"": ""city""}"
9232,"{""type"": ""code""}","{""type"": ""symbol""}"
9233,"{""type"": ""team""}","{""type"": ""team""}"
9234,"{""type"": ""name""}","{""type"": ""name""}"
9235,"{""type"": ""age""}","{""type"": ""age""}"
9236,"{""type"": ""currency""}","{""type"": ""currency""}"
9237,"{""type"": ""year""}","{""type"": ""year""}"
9238,"{""type"": ""type""}","{""type"": ""category""}"
9239,"{""type"": ""symbol""}","{""type"": ""symbol""}"
9240,"{""type"": ""album""}","{""type"": ""album""}"
9241,"{""type"": ""type""}","{""type"": ""type""}"
9242,"{""type"": ""team""}","{""type"": ""country""}"
9243,"{""type"": ""rank""}","{""type"": ""rank""}"
9244,"{""type"": ""result""}","{""type"": ""result""}"
9245,"{""type"": ""state""}","{""type"": ""state""}"
9246,"{""type"": ""weight""}","{""type"": ""weight""}"
9247,"{""type"": ""address""}","{""type"": ""address""}"
9248,"{""type"": ""age""}","{""type"": ""age""}"
9249,"{""type"": ""format""}","{""type"": ""format""}"
9250,"{""type"": ""name""}","{""type"": ""name""}"
9251,"{""type"": ""symbol""}","{""type"": ""symbol""}"
9252,"{""type"": ""position""}","{""type"": ""position""}"
9253,"{""type"": ""day""}","{""type"": ""day""}"
9254,"{""type"": ""type""}","{""type"": ""type""}"
9255,"{""type"": ""result""}","{""type"": ""status""}"
9256,"{""type"": ""name""}","{""type"": ""name""}"
9257,"{""type"": ""year""}","{""type"": ""year""}"
9258,"{""type"": ""state""}","{""type"": ""state""}"
9259,"{""type"": ""age""}","{""type"": ""age""}"
9260,"{""type"": ""name""}","{""type"": ""name""}"
9261,"{""type"": ""location""}","{""type"": ""location""}"
9262,"{""type"": ""artist""}","{""type"": ""artist""}"
9263,"{""type"": ""description""}","{""type"": ""description""}"
9264,"{""type"": ""weight""}","{""type"": ""weight""}"
9265,"{""type"": ""age""}","{""type"": ""age""}"
9266,"{""type"": ""team""}","{""type"": ""team""}"
9267,"{""type"": ""album""}","{""type"": ""album""}"
9268,"{""type"": ""description""}","{""type"": ""description""}"
9269,"{""type"": ""rank""}","{""type"": ""rank""}"
9270,"{""type"": ""name""}","{""type"": ""name""}"
9271,"{""type"": ""language""}","{""type"": ""language""}"
9272,"{""type"": ""description""}","{""type"": ""description""}"
9273,"{""type"": ""description""}","{""type"": ""description""}"
9274,"{""type"": ""name""}","{""type"": ""name""}"
9275,"{""type"": ""team""}","{""type"": ""team""}"
9276,"{""type"": ""age""}","{""type"": ""age""}"
9277,"{""type"": ""year""}","{""type"": ""year""}"
9278,"{""type"": ""weight""}","{""type"": ""weight""}"
9279,"{""type"": ""weight""}","{""type"": ""weight""}"
9280,"{""type"": ""category""}","{""type"": ""category""}"
9281,"{""type"": ""description""}","{""type"": ""description""}"
9282,"{""type"": ""status""}","{""type"": ""status""}"
9283,"{""type"": ""description""}","{""type"": ""description""}"
9284,"{""type"": ""status""}","{""type"": ""status""}"
9285,"{""type"": ""region""}","{""type"": ""region""}"
9286,"{""type"": ""position""}","{""type"": ""position""}"
9287,"{""type"": ""artist""}","{""type"": ""artist""}"
9288,"{""type"": ""city""}","{""type"": ""city""}"
9289,"{""type"": ""status""}","{""type"": ""status""}"
9290,"{""type"": ""company""}","{""type"": ""company""}"
9291,"{""type"": ""name""}","{""type"": ""name""}"
9292,"{""type"": ""class""}","{""type"": ""class""}"
9293,"{""type"": ""symbol""}","{""type"": ""symbol""}"
9294,"{""type"": ""category""}","{""type"": ""category""}"
9295,"{""type"": ""name""}","{""type"": ""name""}"
9296,"{""type"": ""team""}","{""type"": ""team""}"
9297,"{""type"": ""description""}","{""type"": ""description""}"
9298,"{""type"": ""code""}","{""type"": ""code""}"
9299,"{""type"": ""description""}","{""type"": ""description""}"
9300,"{""type"": ""result""}","{""type"": ""result""}"
9301,"{""type"": ""description""}","{""type"": ""description""}"
9302,"{""type"": ""age""}","{""type"": ""age""}"
9303,"{""type"": ""artist""}","{""type"": ""artist""}"
9304,"{""type"": ""type""}","{""type"": ""type""}"
9305,"{""type"": ""year""}","{""type"": ""year""}"
9306,"{""type"": ""year""}","{""type"": ""year""}"
9307,"{""type"": ""year""}","{""type"": ""year""}"
9308,"{""type"": ""year""}","{""type"": ""year""}"
9309,"{""type"": ""year""}","{""type"": ""year""}"
9310,"{""type"": ""name""}","{""type"": ""name""}"
9311,"{""type"": ""team""}","{""type"": ""team""}"
9312,"{""type"": ""name""}","{""type"": ""name""}"
9313,"{""type"": ""jockey""}","{""type"": ""name""}"
9314,"{""type"": ""type""}","{""type"": ""type""}"
9315,"{""type"": ""type""}","{""type"": ""type""}"
9316,"{""type"": ""owner""}","{""type"": ""owner""}"
9317,"{""type"": ""name""}","{""type"": ""name""}"
9318,"{""type"": ""album""}","{""type"": ""album""}"
9319,"{""type"": ""name""}","{""type"": ""name""}"
9320,"{""type"": ""year""}","{""type"": ""year""}"
9321,"{""type"": ""weight""}","{""type"": ""weight""}"
9322,"{""type"": ""description""}","{""type"": ""description""}"
9323,"{""type"": ""weight""}","{""type"": ""weight""}"
9324,"{""type"": ""code""}","{""type"": ""code""}"
9325,"{""type"": ""year""}","{""type"": ""year""}"
9326,"{""type"": ""city""}","{""type"": ""city""}"
9327,"{""type"": ""weight""}","{""type"": ""weight""}"
9328,"{""type"": ""description""}","{""type"": ""description""}"
9329,"{""type"": ""description""}","{""type"": ""description""}"
9330,"{""type"": ""age""}","{""type"": ""age""}"
9331,"{""type"": ""elevation""}","{""type"": ""elevation""}"
9332,"{""type"": ""age""}","{""type"": ""age""}"
9333,"{""type"": ""name""}","{""type"": ""name""}"
9334,"{""type"": ""notes""}","{""type"": ""description""}"
9335,"{""type"": ""type""}","{""type"": ""type""}"
9336,"{""type"": ""weight""}","{""type"": ""weight""}"
9337,"{""type"": ""age""}","{""type"": ""age""}"
9338,"{""type"": ""team""}","{""type"": ""teamname""}"
9339,"{""type"": ""year""}","{""type"": ""year""}"
9340,"{""type"": ""year""}","{""type"": ""year""}"
9341,"{""type"": ""year""}","{""type"": ""year""}"
9342,"{""type"": ""year""}","{""type"": ""year""}"
9343,"{""type"": ""year""}","{""type"": ""year""}"
9344,"{""type"": ""description""}","{""type"": ""description""}"
9345,"{""type"": ""age""}","{""type"": ""age""}"
9346,"{""type"": ""code""}","{""type"": ""code""}"
9347,"{""type"": ""weight""}","{""type"": ""weight""}"
9348,"{""type"": ""description""}","{""type"": ""description""}"
9349,"{""type"": ""owner""}","{""type"": ""owner""}"
9350,"{""type"": ""owner""}","{""type"": ""owner""}"
9351,"{""type"": ""owner""}","{""type"": ""owner""}"
9352,"{""type"": ""owner""}","{""type"": ""owner""}"
9353,"{""type"": ""owner""}","{""type"": ""owner""}"
9354,"{""type"": ""status""}","{""type"": ""status""}"
9355,"{""type"": ""rank""}","{""type"": ""rank""}"
9356,"{""type"": ""status""}","{""type"": ""status""}"
9357,"{""type"": ""state""}","{""type"": ""state""}"
9358,"{""type"": ""name""}","{""type"": ""name""}"
9359,"{""type"": ""name""}","{""type"": ""name""}"
9360,"{""type"": ""name""}","{""type"": ""name""}"
9361,"{""type"": ""weight""}","{""type"": ""weight""}"
9362,"{""type"": ""city""}","{""type"": ""city""}"
9363,"{""type"": ""city""}","{""type"": ""city""}"
9364,"{""type"": ""city""}","{""type"": ""city""}"
9365,"{""type"": ""city""}","{""type"": ""city""}"
9366,"{""type"": ""city""}","{""type"": ""city""}"
9367,"{""type"": ""name""}","{""type"": ""name""}"
9368,"{""type"": ""weight""}","{""type"": ""weight""}"
9369,"{""type"": ""club""}","{""type"": ""club""}"
9370,"{""type"": ""director""}","{""type"": ""credit""}"
9371,"{""type"": ""region""}","{""type"": ""region""}"
9372,"{""type"": ""description""}","{""type"": ""description""}"
9373,"{""type"": ""symbol""}","{""type"": ""symbol""}"
9374,"{""type"": ""age""}","{""type"": ""age""}"
9375,"{""type"": ""ranking""}","{""type"": ""rank""}"
9376,"{""type"": ""location""}","{""type"": ""location""}"
9377,"{""type"": ""status""}","{""type"": ""status""}"
9378,"{""type"": ""status""}","{""type"": ""status""}"
9379,"{""type"": ""year""}","{""type"": ""year""}"
9380,"{""type"": ""county""}","{""type"": ""county""}"
9381,"{""type"": ""artist""}","{""type"": ""artist""}"
9382,"{""type"": ""description""}","{""type"": ""description""}"
9383,"{""type"": ""code""}","{""type"": ""code""}"
9384,"{""type"": ""country""}","{""type"": ""country""}"
9385,"{""type"": ""description""}","{""type"": ""description""}"
9386,"{""type"": ""isbn""}","{""type"": ""isbn""}"
9387,"{""type"": ""team""}","{""type"": ""teamname""}"
9388,"{""type"": ""duration""}","{""type"": ""duration""}"
9389,"{""type"": ""type""}","{""type"": ""type""}"
9390,"{""type"": ""country""}","{""type"": ""country""}"
9391,"{""type"": ""location""}","{""type"": ""year""}"
9392,"{""type"": ""state""}","{""type"": ""state""}"
9393,"{""type"": ""name""}","{""type"": ""name""}"
9394,"{""type"": ""age""}","{""type"": ""age""}"
9395,"{""type"": ""country""}","{""type"": ""country""}"
9396,"{""type"": ""description""}","{""type"": ""description""}"
9397,"{""type"": ""result""}","{""type"": ""result""}"
9398,"{""type"": ""rank""}","{""type"": ""rank""}"
9399,"{""type"": ""location""}","{""type"": ""location""}"
9400,"{""type"": ""state""}","{""type"": ""state""}"
9401,"{""type"": ""state""}","{""type"": ""state""}"
9402,"{""type"": ""status""}","{""type"": ""status""}"
9403,"{""type"": ""gender""}","{""type"": ""gender""}"
9404,"{""type"": ""type""}","{""type"": ""type""}"
9405,"{""type"": ""rank""}","{""type"": ""rank""}"
9406,"{""type"": ""description""}","{""type"": ""description""}"
9407,"{""type"": ""weight""}","{""type"": ""weight""}"
9408,"{""type"": ""nationality""}","{""type"": ""nationality""}"
9409,"{""type"": ""nationality""}","{""type"": ""nationality""}"
9410,"{""type"": ""nationality""}","{""type"": ""nationality""}"
9411,"{""type"": ""nationality""}","{""type"": ""country""}"
9412,"{""type"": ""nationality""}","{""type"": ""nationality""}"
9413,"{""type"": ""year""}","{""type"": ""year""}"
9414,"{""type"": ""state""}","{""type"": ""state""}"
9415,"{""type"": ""city""}","{""type"": ""city""}"
9416,"{""type"": ""category""}","{""type"": ""category""}"
9417,"{""type"": ""year""}","{""type"": ""year""}"
9418,"{""type"": ""name""}","{""type"": ""name""}"
9419,"{""type"": ""type""}","{""type"": ""type""}"
9420,"{""type"": ""club""}","{""type"": ""club""}"
9421,"{""type"": ""city""}","{""type"": ""city""}"
9422,"{""type"": ""description""}","{""type"": ""description""}"
9423,"{""type"": ""location""}","{""type"": ""location""}"
9424,"{""type"": ""position""}","{""type"": ""position""}"
9425,"{""type"": ""result""}","{""type"": ""result""}"
9426,"{""type"": ""result""}","{""type"": ""result""}"
9427,"{""type"": ""name""}","{""type"": ""name""}"
9428,"{""type"": ""status""}","{""type"": ""status""}"
9429,"{""type"": ""country""}","{""type"": ""country""}"
9430,"{""type"": ""country""}","{""type"": ""country""}"
9431,"{""type"": ""country""}","{""type"": ""country""}"
9432,"{""type"": ""country""}","{""type"": ""country""}"
9433,"{""type"": ""country""}","{""type"": ""country""}"
9434,"{""type"": ""symbol""}","{""type"": ""symbol""}"
9435,"{""type"": ""notes""}","{""type"": ""notes""}"
9436,"{""type"": ""result""}","{""type"": ""result""}"
9437,"{""type"": ""state""}","{""type"": ""state""}"
9438,"{""type"": ""location""}","{""type"": ""club""}"
9439,"{""type"": ""club""}","{""type"": ""club""}"
9440,"{""type"": ""status""}","{""type"": ""status""}"
9441,"{""type"": ""name""}","{""type"": ""name""}"
9442,"{""type"": ""club""}","{""type"": ""club""}"
9443,"{""type"": ""name""}","{""type"": ""name""}"
9444,"{""type"": ""symbol""}","{""type"": ""symbol""}"
9445,"{""type"": ""name""}","{""type"": ""name""}"
9446,"{""type"": ""state""}","{""type"": ""state""}"
9447,"{""type"": ""state""}","{""type"": ""state""}"
9448,"{""type"": ""state""}","{""type"": ""state""}"
9449,"{""type"": ""state""}","{""type"": ""state""}"
9450,"{""type"": ""state""}","{""type"": ""state""}"
9451,"{""type"": ""city""}","{""type"": ""city""}"
9452,"{""type"": ""age""}","{""type"": ""age""}"
9453,"{""type"": ""rank""}","{""type"": ""rank""}"
9454,"{""type"": ""state""}","{""type"": ""state""}"
9455,"{""type"": ""rank""}","{""type"": ""rank""}"
9456,"{""type"": ""location""}","{""type"": ""location""}"
9457,"{""type"": ""age""}","{""type"": ""age""}"
9458,"{""type"": ""album""}","{""type"": ""album""}"
9459,"{""type"": ""name""}","{""type"": ""name""}"
9460,"{""type"": ""team""}","{""type"": ""team""}"
9461,"{""type"": ""age""}","{""type"": ""age""}"
9462,"{""type"": ""name""}","{""type"": ""name""}"
9463,"{""type"": ""weight""}","{""type"": ""weight""}"
9464,"{""type"": ""description""}","{""type"": ""location""}"
9465,"{""type"": ""weight""}","{""type"": ""weight""}"
9466,"{""type"": ""description""}","{""type"": ""description""}"
9467,"{""type"": ""code""}","{""type"": ""code""}"
9468,"{""type"": ""owner""}","{""type"": ""owner""}"
9469,"{""type"": ""name""}","{""type"": ""name""}"
9470,"{""type"": ""code""}","{""type"": ""code""}"
9471,"{""type"": ""status""}","{""type"": ""status""}"
9472,"{""type"": ""position""}","{""type"": ""position""}"
9473,"{""type"": ""company""}","{""type"": ""company""}"
9474,"{""type"": ""city""}","{""type"": ""city""}"
9475,"{""type"": ""city""}","{""type"": ""city""}"
9476,"{""type"": ""rank""}","{""type"": ""position""}"
9477,"{""type"": ""rank""}","{""type"": ""rank""}"
9478,"{""type"": ""age""}","{""type"": ""age""}"
9479,"{""type"": ""description""}","{""type"": ""description""}"
9480,"{""type"": ""position""}","{""type"": ""rank""}"
9481,"{""type"": ""city""}","{""type"": ""city""}"
9482,"{""type"": ""location""}","{""type"": ""location""}"
9483,"{""type"": ""name""}","{""type"": ""creator""}"
9484,"{""type"": ""name""}","{""type"": ""name""}"
9485,"{""type"": ""team""}","{""type"": ""team""}"
9486,"{""type"": ""weight""}","{""type"": ""weight""}"
9487,"{""type"": ""gender""}","{""type"": ""gender""}"
9488,"{""type"": ""year""}","{""type"": ""year""}"
9489,"{""type"": ""album""}","{""type"": ""album""}"
9490,"{""type"": ""name""}","{""type"": ""name""}"
9491,"{""type"": ""year""}","{""type"": ""year""}"
9492,"{""type"": ""description""}","{""type"": ""description""}"
9493,"{""type"": ""description""}","{""type"": ""description""}"
9494,"{""type"": ""status""}","{""type"": ""status""}"
9495,"{""type"": ""name""}","{""type"": ""name""}"
9496,"{""type"": ""city""}","{""type"": ""city""}"
9497,"{""type"": ""age""}","{""type"": ""age""}"
9498,"{""type"": ""name""}","{""type"": ""name""}"
9499,"{""type"": ""description""}","{""type"": ""description""}"
9500,"{""type"": ""team""}","{""type"": ""country""}"
9501,"{""type"": ""description""}","{""type"": ""description""}"
9502,"{""type"": ""year""}","{""type"": ""year""}"
9503,"{""type"": ""name""}","{""type"": ""name""}"
9504,"{""type"": ""club""}","{""type"": ""club""}"
9505,"{""type"": ""age""}","{""type"": ""age""}"
9506,"{""type"": ""weight""}","{""type"": ""weight""}"
9507,"{""type"": ""description""}","{""type"": ""description""}"
9508,"{""type"": ""rank""}","{""type"": ""rank""}"
9509,"{""type"": ""description""}","{""type"": ""description""}"
9510,"{""type"": ""description""}","{""type"": ""description""}"
9511,"{""type"": ""code""}","{""type"": ""code""}"
9512,"{""type"": ""country""}","{""type"": ""country""}"
9513,"{""type"": ""year""}","{""type"": ""year""}"
9514,"{""type"": ""code""}","{""type"": ""code""}"
9515,"{""type"": ""year""}","{""type"": ""year""}"
9516,"{""type"": ""description""}","{""type"": ""description""}"
9517,"{""type"": ""description""}","{""type"": ""description""}"
9518,"{""type"": ""description""}","{""type"": ""description""}"
9519,"{""type"": ""name""}","{""type"": ""name""}"
9520,"{""type"": ""name""}","{""type"": ""name""}"
9521,"{""type"": ""category""}","{""type"": ""category""}"
9522,"{""type"": ""team""}","{""type"": ""team""}"
9523,"{""type"": ""name""}","{""type"": ""name""}"
9524,"{""type"": ""location""}","{""type"": ""country""}"
9525,"{""type"": ""album""}","{""type"": ""album""}"
9526,"{""type"": ""category""}","{""type"": ""category""}"
9527,"{""type"": ""rank""}","{""type"": ""rank""}"
9528,"{""type"": ""day""}","{""type"": ""day""}"
9529,"{""type"": ""state""}","{""type"": ""state""}"
9530,"{""type"": ""state""}","{""type"": ""state""}"
9531,"{""type"": ""state""}","{""type"": ""state""}"
9532,"{""type"": ""state""}","{""type"": ""state""}"
9533,"{""type"": ""state""}","{""type"": ""state""}"
9534,"{""type"": ""name""}","{""type"": ""name""}"
9535,"{""type"": ""description""}","{""type"": ""description""}"
9536,"{""type"": ""notes""}","{""type"": ""notes""}"
9537,"{""type"": ""weight""}","{""type"": ""weight""}"
9538,"{""type"": ""team""}","{""type"": ""team""}"
9539,"{""type"": ""club""}","{""type"": ""club""}"
9540,"{""type"": ""description""}","{""type"": ""description""}"
9541,"{""type"": ""year""}","{""type"": ""year""}"
9542,"{""type"": ""type""}","{""type"": ""type""}"
9543,"{""type"": ""weight""}","{""type"": ""weight""}"
9544,"{""type"": ""description""}","{""type"": ""description""}"
9545,"{""type"": ""name""}","{""type"": ""name""}"
9546,"{""type"": ""rank""}","{""type"": ""rank""}"
9547,"{""type"": ""name""}","{""type"": ""name""}"
9548,"{""type"": ""name""}","{""type"": ""name""}"
9549,"{""type"": ""name""}","{""type"": ""name""}"
9550,"{""type"": ""name""}","{""type"": ""name""}"
9551,"{""type"": ""name""}","{""type"": ""name""}"
9552,"{""type"": ""city""}","{""type"": ""city""}"
9553,"{""type"": ""name""}","{""type"": ""name""}"
9554,"{""type"": ""name""}","{""type"": ""name""}"
9555,"{""type"": ""name""}","{""type"": ""name""}"
9556,"{""type"": ""name""}","{""type"": ""name""}"
9557,"{""type"": ""name""}","{""type"": ""name""}"
9558,"{""type"": ""city""}","{""type"": ""city""}"
9559,"{""type"": ""age""}","{""type"": ""age""}"
9560,"{""type"": ""status""}","{""type"": ""status""}"
9561,"{""type"": ""description""}","{""type"": ""description""}"
9562,"{""type"": ""isbn""}","{""type"": ""isbn""}"
9563,"{""type"": ""category""}","{""type"": ""category""}"
9564,"{""type"": ""club""}","{""type"": ""club""}"
9565,"{""type"": ""album""}","{""type"": ""album""}"
9566,"{""type"": ""year""}","{""type"": ""year""}"
9567,"{""type"": ""teamname""}","{""type"": ""teamname""}"
9568,"{""type"": ""result""}","{""type"": ""result""}"
9569,"{""type"": ""name""}","{""type"": ""name""}"
9570,"{""type"": ""name""}","{""type"": ""name""}"
9571,"{""type"": ""age""}","{""type"": ""age""}"
9572,"{""type"": ""name""}","{""type"": ""name""}"
9573,"{""type"": ""city""}","{""type"": ""city""}"
9574,"{""type"": ""city""}","{""type"": ""city""}"
9575,"{""type"": ""city""}","{""type"": ""city""}"
9576,"{""type"": ""city""}","{""type"": ""city""}"
9577,"{""type"": ""city""}","{""type"": ""city""}"
9578,"{""type"": ""name""}","{""type"": ""name""}"
9579,"{""type"": ""name""}","{""type"": ""name""}"
9580,"{""type"": ""name""}","{""type"": ""name""}"
9581,"{""type"": ""name""}","{""type"": ""name""}"
9582,"{""type"": ""name""}","{""type"": ""name""}"
9583,"{""type"": ""result""}","{""type"": ""result""}"
9584,"{""type"": ""code""}","{""type"": ""name""}"
9585,"{""type"": ""type""}","{""type"": ""type""}"
9586,"{""type"": ""status""}","{""type"": ""status""}"
9587,"{""type"": ""status""}","{""type"": ""status""}"
9588,"{""type"": ""class""}","{""type"": ""class""}"
9589,"{""type"": ""name""}","{""type"": ""name""}"
9590,"{""type"": ""age""}","{""type"": ""age""}"
9591,"{""type"": ""position""}","{""type"": ""position""}"
9592,"{""type"": ""description""}","{""type"": ""description""}"
9593,"{""type"": ""description""}","{""type"": ""description""}"
9594,"{""type"": ""description""}","{""type"": ""description""}"
9595,"{""type"": ""description""}","{""type"": ""description""}"
9596,"{""type"": ""description""}","{""type"": ""description""}"
9597,"{""type"": ""city""}","{""type"": ""city""}"
9598,"{""type"": ""name""}","{""type"": ""name""}"
9599,"{""type"": ""description""}","{""type"": ""description""}"
9600,"{""type"": ""name""}","{""type"": ""name""}"
9601,"{""type"": ""name""}","{""type"": ""name""}"
9602,"{""type"": ""gender""}","{""type"": ""gender""}"
9603,"{""type"": ""notes""}","{""type"": ""notes""}"
9604,"{""type"": ""age""}","{""type"": ""age""}"
9605,"{""type"": ""description""}","{""type"": ""description""}"
9606,"{""type"": ""name""}","{""type"": ""name""}"
9607,"{""type"": ""gender""}","{""type"": ""gender""}"
9608,"{""type"": ""position""}","{""type"": ""position""}"
9609,"{""type"": ""location""}","{""type"": ""location""}"
9610,"{""type"": ""team""}","{""type"": ""team""}"
9611,"{""type"": ""name""}","{""type"": ""name""}"
9612,"{""type"": ""description""}","{""type"": ""description""}"
9613,"{""type"": ""team""}","{""type"": ""team""}"
9614,"{""type"": ""album""}","{""type"": ""album""}"
9615,"{""type"": ""weight""}","{""type"": ""weight""}"
9616,"{""type"": ""category""}","{""type"": ""category""}"
9617,"{""type"": ""category""}","{""type"": ""category""}"
9618,"{""type"": ""category""}","{""type"": ""category""}"
9619,"{""type"": ""category""}","{""type"": ""category""}"
9620,"{""type"": ""category""}","{""type"": ""category""}"
9621,"{""type"": ""name""}","{""type"": ""name""}"
9622,"{""type"": ""name""}","{""type"": ""name""}"
9623,"{""type"": ""name""}","{""type"": ""name""}"
9624,"{""type"": ""name""}","{""type"": ""name""}"
9625,"{""type"": ""result""}","{""type"": ""result""}"
9626,"{""type"": ""name""}","{""type"": ""name""}"
9627,"{""type"": ""age""}","{""type"": ""age""}"
9628,"{""type"": ""gender""}","{""type"": ""gender""}"
9629,"{""type"": ""county""}","{""type"": ""county""}"
9630,"{""type"": ""weight""}","{""type"": ""weight""}"
9631,"{""type"": ""city""}","{""type"": ""city""}"
9632,"{""type"": ""type""}","{""type"": ""type""}"
9633,"{""type"": ""name""}","{""type"": ""name""}"
9634,"{""type"": ""type""}","{""type"": ""type""}"
9635,"{""type"": ""location""}","{""type"": ""location""}"
9636,"{""type"": ""location""}","{""type"": ""location""}"
9637,"{""type"": ""location""}","{""type"": ""location""}"
9638,"{""type"": ""location""}","{""type"": ""location""}"
9639,"{""type"": ""location""}","{""type"": ""location""}"
9640,"{""type"": ""description""}","{""type"": ""description""}"
9641,"{""type"": ""name""}","{""type"": ""name""}"
9642,"{""type"": ""name""}","{""type"": ""name""}"
9643,"{""type"": ""year""}","{""type"": ""year""}"
9644,"{""type"": ""class""}","{""type"": ""class""}"
9645,"{""type"": ""name""}","{""type"": ""name""}"
9646,"{""type"": ""club""}","{""type"": ""club""}"
9647,"{""type"": ""description""}","{""type"": ""description""}"
9648,"{""type"": ""category""}","{""type"": ""category""}"
9649,"{""type"": ""category""}","{""type"": ""category""}"
9650,"{""type"": ""category""}","{""type"": ""category""}"
9651,"{""type"": ""category""}","{""type"": ""category""}"
9652,"{""type"": ""category""}","{""type"": ""category""}"
9653,"{""type"": ""country""}","{""type"": ""country""}"
9654,"{""type"": ""team""}","{""type"": ""team""}"
9655,"{""type"": ""country""}","{""type"": ""country""}"
9656,"{""type"": ""state""}","{""type"": ""state""}"
9657,"{""type"": ""code""}","{""type"": ""code""}"
9658,"{""type"": ""country""}","{""type"": ""country""}"
9659,"{""type"": ""code""}","{""type"": ""code""}"
9660,"{""type"": ""description""}","{""type"": ""description""}"
9661,"{""type"": ""artist""}","{""type"": ""artist""}"
9662,"{""type"": ""year""}","{""type"": ""year""}"
9663,"{""type"": ""description""}","{""type"": ""description""}"
9664,"{""type"": ""country""}","{""type"": ""country""}"
9665,"{""type"": ""code""}","{""type"": ""code""}"
9666,"{""type"": ""category""}","{""type"": ""category""}"
9667,"{""type"": ""city""}","{""type"": ""city""}"
9668,"{""type"": ""location""}","{""type"": ""city""}"
9669,"{""type"": ""age""}","{""type"": ""age""}"
9670,"{""type"": ""state""}","{""type"": ""state""}"
9671,"{""type"": ""code""}","{""type"": ""code""}"
9672,"{""type"": ""status""}","{""type"": ""status""}"
9673,"{""type"": ""weight""}","{""type"": ""weight""}"
9674,"{""type"": ""name""}","{""type"": ""name""}"
9675,"{""type"": ""city""}","{""type"": ""city""}"
9676,"{""type"": ""city""}","{""type"": ""city""}"
9677,"{""type"": ""result""}","{""type"": ""result""}"
9678,"{""type"": ""description""}","{""type"": ""description""}"
9679,"{""type"": ""city""}","{""type"": ""city""}"
9680,"{""type"": ""weight""}","{""type"": ""weight""}"
9681,"{""type"": ""rank""}","{""type"": ""year""}"
9682,"{""type"": ""album""}","{""type"": ""album""}"
9683,"{""type"": ""type""}","{""type"": ""type""}"
9684,"{""type"": ""category""}","{""type"": ""category""}"
9685,"{""type"": ""age""}","{""type"": ""age""}"
9686,"{""type"": ""artist""}","{""type"": ""artist""}"
9687,"{""type"": ""age""}","{""type"": ""age""}"
9688,"{""type"": ""age""}","{""type"": ""age""}"
9689,"{""type"": ""duration""}","{""type"": ""duration""}"
9690,"{""type"": ""album""}","{""type"": ""album""}"
9691,"{""type"": ""year""}","{""type"": ""year""}"
9692,"{""type"": ""year""}","{""type"": ""year""}"
9693,"{""type"": ""location""}","{""type"": ""city""}"
9694,"{""type"": ""format""}","{""type"": ""format""}"
9695,"{""type"": ""position""}","{""type"": ""position""}"
9696,"{""type"": ""artist""}","{""type"": ""artist""}"
9697,"{""type"": ""name""}","{""type"": ""name""}"
9698,"{""type"": ""artist""}","{""type"": ""artist""}"
9699,"{""type"": ""type""}","{""type"": ""type""}"
9700,"{""type"": ""description""}","{""type"": ""description""}"
9701,"{""type"": ""name""}","{""type"": ""name""}"
9702,"{""type"": ""status""}","{""type"": ""status""}"
9703,"{""type"": ""description""}","{""type"": ""description""}"
9704,"{""type"": ""team""}","{""type"": ""team""}"
9705,"{""type"": ""state""}","{""type"": ""state""}"
9706,"{""type"": ""notes""}","{""type"": ""notes""}"
9707,"{""type"": ""name""}","{""type"": ""name""}"
9708,"{""type"": ""description""}","{""type"": ""description""}"
9709,"{""type"": ""type""}","{""type"": ""type""}"
9710,"{""type"": ""artist""}","{""type"": ""artist""}"
9711,"{""type"": ""age""}","{""type"": ""age""}"
9712,"{""type"": ""weight""}","{""type"": ""weight""}"
9713,"{""type"": ""artist""}","{""type"": ""artist""}"
9714,"{""type"": ""address""}","{""type"": ""address""}"
9715,"{""type"": ""notes""}","{""type"": ""notes""}"
9716,"{""type"": ""description""}","{""type"": ""description""}"
9717,"{""type"": ""name""}","{""type"": ""name""}"
9718,"{""type"": ""weight""}","{""type"": ""weight""}"
9719,"{""type"": ""city""}","{""type"": ""city""}"
9720,"{""type"": ""day""}","{""type"": ""day""}"
9721,"{""type"": ""age""}","{""type"": ""age""}"
9722,"{""type"": ""weight""}","{""type"": ""weight""}"
9723,"{""type"": ""location""}","{""type"": ""location""}"
9724,"{""type"": ""name""}","{""type"": ""name""}"
9725,"{""type"": ""name""}","{""type"": ""name""}"
9726,"{""type"": ""name""}","{""type"": ""name""}"
9727,"{""type"": ""name""}","{""type"": ""name""}"
9728,"{""type"": ""name""}","{""type"": ""name""}"
9729,"{""type"": ""rank""}","{""type"": ""rank""}"
9730,"{""type"": ""type""}","{""type"": ""type""}"
9731,"{""type"": ""team""}","{""type"": ""team""}"
9732,"{""type"": ""class""}","{""type"": ""class""}"
9733,"{""type"": ""rank""}","{""type"": ""rank""}"
9734,"{""type"": ""state""}","{""type"": ""state""}"
9735,"{""type"": ""name""}","{""type"": ""name""}"
9736,"{""type"": ""state""}","{""type"": ""state""}"
9737,"{""type"": ""year""}","{""type"": ""year""}"
9738,"{""type"": ""age""}","{""type"": ""age""}"
9739,"{""type"": ""rank""}","{""type"": ""rank""}"
9740,"{""type"": ""name""}","{""type"": ""name""}"
9741,"{""type"": ""rank""}","{""type"": ""rank""}"
9742,"{""type"": ""name""}","{""type"": ""description""}"
9743,"{""type"": ""category""}","{""type"": ""category""}"
9744,"{""type"": ""team""}","{""type"": ""team""}"
9745,"{""type"": ""name""}","{""type"": ""name""}"
9746,"{""type"": ""name""}","{""type"": ""name""}"
9747,"{""type"": ""artist""}","{""type"": ""artist""}"
9748,"{""type"": ""description""}","{""type"": ""description""}"
9749,"{""type"": ""company""}","{""type"": ""company""}"
9750,"{""type"": ""name""}","{""type"": ""team""}"
9751,"{""type"": ""name""}","{""type"": ""team""}"
9752,"{""type"": ""name""}","{""type"": ""team""}"
9753,"{""type"": ""name""}","{""type"": ""team""}"
9754,"{""type"": ""name""}","{""type"": ""team""}"
9755,"{""type"": ""name""}","{""type"": ""name""}"
9756,"{""type"": ""rank""}","{""type"": ""rank""}"
9757,"{""type"": ""weight""}","{""type"": ""weight""}"
9758,"{""type"": ""result""}","{""type"": ""result""}"
9759,"{""type"": ""name""}","{""type"": ""name""}"
9760,"{""type"": ""weight""}","{""type"": ""weight""}"
9761,"{""type"": ""code""}","{""type"": ""code""}"
9762,"{""type"": ""location""}","{""type"": ""location""}"
9763,"{""type"": ""symbol""}","{""type"": ""symbol""}"
9764,"{""type"": ""rank""}","{""type"": ""rank""}"
9765,"{""type"": ""state""}","{""type"": ""state""}"
9766,"{""type"": ""category""}","{""type"": ""category""}"
9767,"{""type"": ""component""}","{""type"": ""component""}"
9768,"{""type"": ""club""}","{""type"": ""club""}"
9769,"{""type"": ""name""}","{""type"": ""name""}"
9770,"{""type"": ""team""}","{""type"": ""team""}"
9771,"{""type"": ""city""}","{""type"": ""city""}"
9772,"{""type"": ""state""}","{""type"": ""state""}"
9773,"{""type"": ""state""}","{""type"": ""state""}"
9774,"{""type"": ""state""}","{""type"": ""state""}"
9775,"{""type"": ""state""}","{""type"": ""state""}"
9776,"{""type"": ""state""}","{""type"": ""state""}"
9777,"{""type"": ""name""}","{""type"": ""name""}"
9778,"{""type"": ""name""}","{""type"": ""name""}"
9779,"{""type"": ""description""}","{""type"": ""description""}"
9780,"{""type"": ""name""}","{""type"": ""name""}"
9781,"{""type"": ""team""}","{""type"": ""team""}"
9782,"{""type"": ""status""}","{""type"": ""status""}"
9783,"{""type"": ""album""}","{""type"": ""album""}"
9784,"{""type"": ""company""}","{""type"": ""company""}"
9785,"{""type"": ""address""}","{""type"": ""address""}"
9786,"{""type"": ""year""}","{""type"": ""year""}"
9787,"{""type"": ""name""}","{""type"": ""name""}"
9788,"{""type"": ""team""}","{""type"": ""team""}"
9789,"{""type"": ""name""}","{""type"": ""name""}"
9790,"{""type"": ""age""}","{""type"": ""age""}"
9791,"{""type"": ""description""}","{""type"": ""description""}"
9792,"{""type"": ""description""}","{""type"": ""description""}"
9793,"{""type"": ""description""}","{""type"": ""description""}"
9794,"{""type"": ""description""}","{""type"": ""description""}"
9795,"{""type"": ""description""}","{""type"": ""description""}"
9796,"{""type"": ""type""}","{""type"": ""type""}"
9797,"{""type"": ""status""}","{""type"": ""status""}"
9798,"{""type"": ""artist""}","{""type"": ""artist""}"
9799,"{""type"": ""artist""}","{""type"": ""artist""}"
9800,"{""type"": ""artist""}","{""type"": ""artist""}"
9801,"{""type"": ""artist""}","{""type"": ""artist""}"
9802,"{""type"": ""artist""}","{""type"": ""artist""}"
9803,"{""type"": ""name""}","{""type"": ""name""}"
9804,"{""type"": ""album""}","{""type"": ""name""}"
9805,"{""type"": ""age""}","{""type"": ""age""}"
9806,"{""type"": ""name""}","{""type"": ""name""}"
9807,"{""type"": ""position""}","{""type"": ""position""}"
9808,"{""type"": ""age""}","{""type"": ""age""}"
9809,"{""type"": ""company""}","{""type"": ""company""}"
9810,"{""type"": ""result""}","{""type"": ""result""}"
9811,"{""type"": ""name""}","{""type"": ""name""}"
9812,"{""type"": ""age""}","{""type"": ""age""}"
9813,"{""type"": ""artist""}","{""type"": ""artist""}"
9814,"{""type"": ""name""}","{""type"": ""name""}"
9815,"{""type"": ""type""}","{""type"": ""type""}"
9816,"{""type"": ""city""}","{""type"": ""city""}"
9817,"{""type"": ""city""}","{""type"": ""city""}"
9818,"{""type"": ""city""}","{""type"": ""city""}"
9819,"{""type"": ""city""}","{""type"": ""city""}"
9820,"{""type"": ""city""}","{""type"": ""city""}"
9821,"{""type"": ""name""}","{""type"": ""name""}"
9822,"{""type"": ""rank""}","{""type"": ""rank""}"
9823,"{""type"": ""state""}","{""type"": ""state""}"
9824,"{""type"": ""club""}","{""type"": ""club""}"
9825,"{""type"": ""name""}","{""type"": ""name""}"
9826,"{""type"": ""name""}","{""type"": ""name""}"
9827,"{""type"": ""weight""}","{""type"": ""weight""}"
9828,"{""type"": ""address""}","{""type"": ""address""}"
9829,"{""type"": ""name""}","{""type"": ""name""}"
9830,"{""type"": ""location""}","{""type"": ""location""}"
9831,"{""type"": ""team""}","{""type"": ""team""}"
9832,"{""type"": ""description""}","{""type"": ""description""}"
9833,"{""type"": ""status""}","{""type"": ""status""}"
9834,"{""type"": ""club""}","{""type"": ""club""}"
9835,"{""type"": ""album""}","{""type"": ""album""}"
9836,"{""type"": ""duration""}","{""type"": ""duration""}"
9837,"{""type"": ""weight""}","{""type"": ""weight""}"
9838,"{""type"": ""name""}","{""type"": ""name""}"
9839,"{""type"": ""team""}","{""type"": ""team""}"
9840,"{""type"": ""category""}","{""type"": ""status""}"
9841,"{""type"": ""name""}","{""type"": ""name""}"
9842,"{""type"": ""rank""}","{""type"": ""rank""}"
9843,"{""type"": ""city""}","{""type"": ""city""}"
9844,"{""type"": ""year""}","{""type"": ""year""}"
9845,"{""type"": ""company""}","{""type"": ""company""}"
9846,"{""type"": ""city""}","{""type"": ""city""}"
9847,"{""type"": ""description""}","{""type"": ""description""}"
9848,"{""type"": ""artist""}","{""type"": ""artist""}"
9849,"{""type"": ""gender""}","{""type"": ""gender""}"
9850,"{""type"": ""name""}","{""type"": ""name""}"
9851,"{""type"": ""name""}","{""type"": ""name""}"
9852,"{""type"": ""name""}","{""type"": ""name""}"
9853,"{""type"": ""name""}","{""type"": ""name""}"
9854,"{""type"": ""name""}","{""type"": ""name""}"
9855,"{""type"": ""name""}","{""type"": ""description""}"
9856,"{""type"": ""component""}","{""type"": ""component""}"
9857,"{""type"": ""album""}","{""type"": ""album""}"
9858,"{""type"": ""location""}","{""type"": ""location""}"
9859,"{""type"": ""team""}","{""type"": ""team""}"
9860,"{""type"": ""city""}","{""type"": ""city""}"
9861,"{""type"": ""age""}","{""type"": ""age""}"
9862,"{""type"": ""description""}","{""type"": ""description""}"
9863,"{""type"": ""year""}","{""type"": ""year""}"
9864,"{""type"": ""code""}","{""type"": ""code""}"
9865,"{""type"": ""county""}","{""type"": ""county""}"
9866,"{""type"": ""country""}","{""type"": ""country""}"
9867,"{""type"": ""status""}","{""type"": ""status""}"
9868,"{""type"": ""city""}","{""type"": ""city""}"
9869,"{""type"": ""type""}","{""type"": ""type""}"
9870,"{""type"": ""person""}","{""type"": ""person""}"
9871,"{""type"": ""city""}","{""type"": ""city""}"
9872,"{""type"": ""description""}","{""type"": ""description""}"
9873,"{""type"": ""name""}","{""type"": ""name""}"
9874,"{""type"": ""year""}","{""type"": ""year""}"
9875,"{""type"": ""rank""}","{""type"": ""rank""}"
9876,"{""type"": ""rank""}","{""type"": ""rank""}"
9877,"{""type"": ""rank""}","{""type"": ""rank""}"
9878,"{""type"": ""rank""}","{""type"": ""rank""}"
9879,"{""type"": ""rank""}","{""type"": ""rank""}"
9880,"{""type"": ""age""}","{""type"": ""age""}"
9881,"{""type"": ""result""}","{""type"": ""result""}"
9882,"{""type"": ""type""}","{""type"": ""type""}"
9883,"{""type"": ""position""}","{""type"": ""position""}"
9884,"{""type"": ""name""}","{""type"": ""name""}"
9885,"{""type"": ""region""}","{""type"": ""region""}"
9886,"{""type"": ""status""}","{""type"": ""status""}"
9887,"{""type"": ""status""}","{""type"": ""status""}"
9888,"{""type"": ""format""}","{""type"": ""format""}"
9889,"{""type"": ""club""}","{""type"": ""club""}"
9890,"{""type"": ""notes""}","{""type"": ""notes""}"
9891,"{""type"": ""artist""}","{""type"": ""artist""}"
9892,"{""type"": ""name""}","{""type"": ""name""}"
9893,"{""type"": ""club""}","{""type"": ""club""}"
9894,"{""type"": ""age""}","{""type"": ""age""}"
9895,"{""type"": ""description""}","{""type"": ""description""}"
9896,"{""type"": ""category""}","{""type"": ""category""}"
9897,"{""type"": ""format""}","{""type"": ""format""}"
9898,"{""type"": ""artist""}","{""type"": ""artist""}"
9899,"{""type"": ""status""}","{""type"": ""status""}"
9900,"{""type"": ""description""}","{""type"": ""description""}"
9901,"{""type"": ""age""}","{""type"": ""age""}"
9902,"{""type"": ""age""}","{""type"": ""age""}"
9903,"{""type"": ""age""}","{""type"": ""age""}"
9904,"{""type"": ""code""}","{""type"": ""code""}"
9905,"{""type"": ""team""}","{""type"": ""team""}"
9906,"{""type"": ""club""}","{""type"": ""club""}"
9907,"{""type"": ""company""}","{""type"": ""company""}"
9908,"{""type"": ""team""}","{""type"": ""team""}"
9909,"{""type"": ""team""}","{""type"": ""team""}"
9910,"{""type"": ""category""}","{""type"": ""category""}"
9911,"{""type"": ""type""}","{""type"": ""category""}"
9912,"{""type"": ""weight""}","{""type"": ""weight""}"
9913,"{""type"": ""description""}","{""type"": ""description""}"
9914,"{""type"": ""state""}","{""type"": ""state""}"
9915,"{""type"": ""state""}","{""type"": ""state""}"
9916,"{""type"": ""state""}","{""type"": ""state""}"
9917,"{""type"": ""state""}","{""type"": ""state""}"
9918,"{""type"": ""state""}","{""type"": ""state""}"
9919,"{""type"": ""state""}","{""type"": ""state""}"
9920,"{""type"": ""club""}","{""type"": ""club""}"
9921,"{""type"": ""name""}","{""type"": ""name""}"
9922,"{""type"": ""name""}","{""type"": ""name""}"
9923,"{""type"": ""weight""}","{""type"": ""weight""}"
9924,"{""type"": ""weight""}","{""type"": ""weight""}"
9925,"{""type"": ""weight""}","{""type"": ""weight""}"
9926,"{""type"": ""description""}","{""type"": ""description""}"
9927,"{""type"": ""county""}","{""type"": ""county""}"
9928,"{""type"": ""year""}","{""type"": ""year""}"
9929,"{""type"": ""state""}","{""type"": ""state""}"
9930,"{""type"": ""city""}","{""type"": ""city""}"
9931,"{""type"": ""city""}","{""type"": ""city""}"
9932,"{""type"": ""city""}","{""type"": ""city""}"
9933,"{""type"": ""city""}","{""type"": ""city""}"
9934,"{""type"": ""city""}","{""type"": ""city""}"
9935,"{""type"": ""location""}","{""type"": ""location""}"
9936,"{""type"": ""name""}","{""type"": ""name""}"
9937,"{""type"": ""city""}","{""type"": ""city""}"
9938,"{""type"": ""city""}","{""type"": ""city""}"
9939,"{""type"": ""city""}","{""type"": ""city""}"
9940,"{""type"": ""city""}","{""type"": ""city""}"
9941,"{""type"": ""city""}","{""type"": ""city""}"
9942,"{""type"": ""name""}","{""type"": ""name""}"
9943,"{""type"": ""team""}","{""type"": ""team""}"
9944,"{""type"": ""artist""}","{""type"": ""artist""}"
9945,"{""type"": ""type""}","{""type"": ""status""}"
9946,"{""type"": ""type""}","{""type"": ""class""}"
9947,"{""type"": ""type""}","{""type"": ""class""}"
9948,"{""type"": ""type""}","{""type"": ""type""}"
9949,"{""type"": ""type""}","{""type"": ""status""}"
9950,"{""type"": ""team""}","{""type"": ""teamname""}"
9951,"{""type"": ""team""}","{""type"": ""team""}"
9952,"{""type"": ""name""}","{""type"": ""name""}"
9953,"{""type"": ""album""}","{""type"": ""album""}"
9954,"{""type"": ""city""}","{""type"": ""city""}"
9955,"{""type"": ""description""}","{""type"": ""description""}"
9956,"{""type"": ""code""}","{""type"": ""code""}"
9957,"{""type"": ""album""}","{""type"": ""album""}"
9958,"{""type"": ""artist""}","{""type"": ""artist""}"
9959,"{""type"": ""type""}","{""type"": ""type""}"
9960,"{""type"": ""state""}","{""type"": ""state""}"
9961,"{""type"": ""city""}","{""type"": ""city""}"
9962,"{""type"": ""category""}","{""type"": ""category""}"
9963,"{""type"": ""format""}","{""type"": ""format""}"
9964,"{""type"": ""rank""}","{""type"": ""rank""}"
9965,"{""type"": ""code""}","{""type"": ""code""}"
9966,"{""type"": ""description""}","{""type"": ""description""}"
9967,"{""type"": ""position""}","{""type"": ""position""}"
9968,"{""type"": ""description""}","{""type"": ""description""}"
9969,"{""type"": ""category""}","{""type"": ""category""}"
9970,"{""type"": ""rank""}","{""type"": ""rank""}"
9971,"{""type"": ""artist""}","{""type"": ""artist""}"
9972,"{""type"": ""name""}","{""type"": ""name""}"
9973,"{""type"": ""year""}","{""type"": ""year""}"
9974,"{""type"": ""age""}","{""type"": ""age""}"
9975,"{""type"": ""age""}","{""type"": ""age""}"
9976,"{""type"": ""description""}","{""type"": ""description""}"
9977,"{""type"": ""name""}","{""type"": ""name""}"
9978,"{""type"": ""city""}","{""type"": ""city""}"
9979,"{""type"": ""city""}","{""type"": ""city""}"
9980,"{""type"": ""club""}","{""type"": ""club""}"
9981,"{""type"": ""code""}","{""type"": ""code""}"
9982,"{""type"": ""state""}","{""type"": ""state""}"
9983,"{""type"": ""state""}","{""type"": ""state""}"
9984,"{""type"": ""state""}","{""type"": ""state""}"
9985,"{""type"": ""state""}","{""type"": ""state""}"
9986,"{""type"": ""state""}","{""type"": ""state""}"
9987,"{""type"": ""team""}","{""type"": ""club""}"
9988,"{""type"": ""team""}","{""type"": ""team""}"
9989,"{""type"": ""description""}","{""type"": ""description""}"
9990,"{""type"": ""age""}","{""type"": ""age""}"
9991,"{""type"": ""description""}","{""type"": ""description""}"
9992,"{""type"": ""team""}","{""type"": ""team""}"
9993,"{""type"": ""rank""}","{""type"": ""rank""}"
9994,"{""type"": ""description""}","{""type"": ""description""}"
9995,"{""type"": ""state""}","{""type"": ""state""}"
9996,"{""type"": ""name""}","{""type"": ""name""}"
9997,"{""type"": ""rank""}","{""type"": ""rank""}"
9998,"{""type"": ""year""}","{""type"": ""year""}"
9999,"{""type"": ""status""}","{""type"": ""status""}"
10000,"{""type"": ""name""}","{""type"": ""name""}"
10001,"{""type"": ""owner""}","{""type"": ""name""}"
10002,"{""type"": ""weight""}","{""type"": ""weight""}"
10003,"{""type"": ""year""}","{""type"": ""year""}"
10004,"{""type"": ""status""}","{""type"": ""status""}"
10005,"{""type"": ""name""}","{""type"": ""name""}"
10006,"{""type"": ""artist""}","{""type"": ""artist""}"
10007,"{""type"": ""type""}","{""type"": ""type""}"
10008,"{""type"": ""rank""}","{""type"": ""rank""}"
10009,"{""type"": ""album""}","{""type"": ""album""}"
10010,"{""type"": ""affiliation""}","{""type"": ""affiliation""}"
10011,"{""type"": ""name""}","{""type"": ""name""}"
10012,"{""type"": ""state""}","{""type"": ""state""}"
10013,"{""type"": ""type""}","{""type"": ""type""}"
10014,"{""type"": ""status""}","{""type"": ""status""}"
10015,"{""type"": ""position""}","{""type"": ""position""}"
10016,"{""type"": ""rank""}","{""type"": ""rank""}"
10017,"{""type"": ""year""}","{""type"": ""year""}"
10018,"{""type"": ""description""}","{""type"": ""description""}"
10019,"{""type"": ""city""}","{""type"": ""city""}"
10020,"{""type"": ""description""}","{""type"": ""description""}"
10021,"{""type"": ""birthdate""}","{""type"": ""year""}"
10022,"{""type"": ""description""}","{""type"": ""description""}"
10023,"{""type"": ""description""}","{""type"": ""description""}"
10024,"{""type"": ""status""}","{""type"": ""status""}"
10025,"{""type"": ""company""}","{""type"": ""company""}"
10026,"{""type"": ""description""}","{""type"": ""description""}"
10027,"{""type"": ""age""}","{""type"": ""age""}"
10028,"{""type"": ""weight""}","{""type"": ""weight""}"
10029,"{""type"": ""description""}","{""type"": ""description""}"
10030,"{""type"": ""name""}","{""type"": ""name""}"
10031,"{""type"": ""description""}","{""type"": ""description""}"
10032,"{""type"": ""description""}","{""type"": ""description""}"
10033,"{""type"": ""gender""}","{""type"": ""gender""}"
10034,"{""type"": ""city""}","{""type"": ""city""}"
10035,"{""type"": ""age""}","{""type"": ""age""}"
10036,"{""type"": ""day""}","{""type"": ""day""}"
10037,"{""type"": ""type""}","{""type"": ""type""}"
10038,"{""type"": ""class""}","{""type"": ""class""}"
10039,"{""type"": ""rank""}","{""type"": ""rank""}"
10040,"{""type"": ""publisher""}","{""type"": ""publisher""}"
10041,"{""type"": ""plays""}","{""type"": ""rank""}"
10042,"{""type"": ""rank""}","{""type"": ""rank""}"
10043,"{""type"": ""location""}","{""type"": ""name""}"
10044,"{""type"": ""name""}","{""type"": ""name""}"
10045,"{""type"": ""location""}","{""type"": ""location""}"
10046,"{""type"": ""code""}","{""type"": ""code""}"
10047,"{""type"": ""team""}","{""type"": ""team""}"
10048,"{""type"": ""city""}","{""type"": ""city""}"
10049,"{""type"": ""rank""}","{""type"": ""rank""}"
10050,"{""type"": ""rank""}","{""type"": ""rank""}"
10051,"{""type"": ""rank""}","{""type"": ""rank""}"
10052,"{""type"": ""rank""}","{""type"": ""rank""}"
10053,"{""type"": ""rank""}","{""type"": ""rank""}"
10054,"{""type"": ""symbol""}","{""type"": ""symbol""}"
10055,"{""type"": ""city""}","{""type"": ""city""}"
10056,"{""type"": ""club""}","{""type"": ""club""}"
10057,"{""type"": ""state""}","{""type"": ""state""}"
10058,"{""type"": ""name""}","{""type"": ""name""}"
10059,"{""type"": ""rank""}","{""type"": ""ranking""}"
10060,"{""type"": ""code""}","{""type"": ""code""}"
10061,"{""type"": ""credit""}","{""type"": ""credit""}"
10062,"{""type"": ""age""}","{""type"": ""age""}"
10063,"{""type"": ""year""}","{""type"": ""year""}"
10064,"{""type"": ""code""}","{""type"": ""code""}"
10065,"{""type"": ""name""}","{""type"": ""name""}"
10066,"{""type"": ""name""}","{""type"": ""name""}"
10067,"{""type"": ""name""}","{""type"": ""name""}"
10068,"{""type"": ""name""}","{""type"": ""name""}"
10069,"{""type"": ""name""}","{""type"": ""name""}"
10070,"{""type"": ""location""}","{""type"": ""location""}"
10071,"{""type"": ""club""}","{""type"": ""club""}"
10072,"{""type"": ""year""}","{""type"": ""year""}"
10073,"{""type"": ""company""}","{""type"": ""company""}"
10074,"{""type"": ""name""}","{""type"": ""name""}"
10075,"{""type"": ""description""}","{""type"": ""description""}"
10076,"{""type"": ""club""}","{""type"": ""club""}"
10077,"{""type"": ""rank""}","{""type"": ""age""}"
10078,"{""type"": ""duration""}","{""type"": ""duration""}"
10079,"{""type"": ""company""}","{""type"": ""company""}"
10080,"{""type"": ""age""}","{""type"": ""age""}"
10081,"{""type"": ""name""}","{""type"": ""name""}"
10082,"{""type"": ""album""}","{""type"": ""album""}"
10083,"{""type"": ""name""}","{""type"": ""name""}"
10084,"{""type"": ""year""}","{""type"": ""year""}"
10085,"{""type"": ""status""}","{""type"": ""status""}"
10086,"{""type"": ""location""}","{""type"": ""location""}"
10087,"{""type"": ""name""}","{""type"": ""name""}"
10088,"{""type"": ""symbol""}","{""type"": ""symbol""}"
10089,"{""type"": ""status""}","{""type"": ""status""}"
10090,"{""type"": ""album""}","{""type"": ""album""}"
10091,"{""type"": ""description""}","{""type"": ""description""}"
10092,"{""type"": ""language""}","{""type"": ""language""}"
10093,"{""type"": ""year""}","{""type"": ""year""}"
10094,"{""type"": ""rank""}","{""type"": ""order""}"
10095,"{""type"": ""type""}","{""type"": ""status""}"
10096,"{""type"": ""name""}","{""type"": ""name""}"
10097,"{""type"": ""name""}","{""type"": ""name""}"
10098,"{""type"": ""name""}","{""type"": ""name""}"
10099,"{""type"": ""name""}","{""type"": ""name""}"
10100,"{""type"": ""name""}","{""type"": ""name""}"
10101,"{""type"": ""city""}","{""type"": ""city""}"
10102,"{""type"": ""description""}","{""type"": ""description""}"
10103,"{""type"": ""status""}","{""type"": ""status""}"
10104,"{""type"": ""location""}","{""type"": ""location""}"
10105,"{""type"": ""description""}","{""type"": ""description""}"
10106,"{""type"": ""genre""}","{""type"": ""category""}"
10107,"{""type"": ""year""}","{""type"": ""year""}"
10108,"{""type"": ""year""}","{""type"": ""year""}"
10109,"{""type"": ""year""}","{""type"": ""year""}"
10110,"{""type"": ""year""}","{""type"": ""year""}"
10111,"{""type"": ""year""}","{""type"": ""year""}"
10112,"{""type"": ""year""}","{""type"": ""year""}"
10113,"{""type"": ""type""}","{""type"": ""type""}"
10114,"{""type"": ""team""}","{""type"": ""team""}"
10115,"{""type"": ""team""}","{""type"": ""teamname""}"
10116,"{""type"": ""name""}","{""type"": ""name""}"
10117,"{""type"": ""type""}","{""type"": ""description""}"
10118,"{""type"": ""age""}","{""type"": ""rank""}"
10119,"{""type"": ""year""}","{""type"": ""year""}"
10120,"{""type"": ""type""}","{""type"": ""type""}"
10121,"{""type"": ""club""}","{""type"": ""club""}"
10122,"{""type"": ""location""}","{""type"": ""location""}"
10123,"{""type"": ""rank""}","{""type"": ""rank""}"
10124,"{""type"": ""age""}","{""type"": ""rank""}"
10125,"{""type"": ""product""}","{""type"": ""name""}"
10126,"{""type"": ""album""}","{""type"": ""album""}"
10127,"{""type"": ""notes""}","{""type"": ""notes""}"
10128,"{""type"": ""symbol""}","{""type"": ""symbol""}"
10129,"{""type"": ""state""}","{""type"": ""state""}"
10130,"{""type"": ""state""}","{""type"": ""state""}"
10131,"{""type"": ""state""}","{""type"": ""state""}"
10132,"{""type"": ""state""}","{""type"": ""state""}"
10133,"{""type"": ""state""}","{""type"": ""state""}"
10134,"{""type"": ""rank""}","{""type"": ""rank""}"
10135,"{""type"": ""name""}","{""type"": ""name""}"
10136,"{""type"": ""result""}","{""type"": ""result""}"
10137,"{""type"": ""city""}","{""type"": ""city""}"
10138,"{""type"": ""rank""}","{""type"": ""rank""}"
10139,"{""type"": ""weight""}","{""type"": ""weight""}"
10140,"{""type"": ""name""}","{""type"": ""name""}"
10141,"{""type"": ""code""}","{""type"": ""code""}"
10142,"{""type"": ""country""}","{""type"": ""country""}"
10143,"{""type"": ""position""}","{""type"": ""position""}"
10144,"{""type"": ""state""}","{""type"": ""state""}"
10145,"{""type"": ""state""}","{""type"": ""state""}"
10146,"{""type"": ""state""}","{""type"": ""state""}"
10147,"{""type"": ""state""}","{""type"": ""state""}"
10148,"{""type"": ""state""}","{""type"": ""state""}"
10149,"{""type"": ""code""}","{""type"": ""code""}"
10150,"{""type"": ""location""}","{""type"": ""location""}"
10151,"{""type"": ""status""}","{""type"": ""status""}"
10152,"{""type"": ""age""}","{""type"": ""age""}"
10153,"{""type"": ""state""}","{""type"": ""state""}"
10154,"{""type"": ""year""}","{""type"": ""year""}"
10155,"{""type"": ""description""}","{""type"": ""description""}"
10156,"{""type"": ""description""}","{""type"": ""description""}"
10157,"{""type"": ""description""}","{""type"": ""description""}"
10158,"{""type"": ""description""}","{""type"": ""description""}"
10159,"{""type"": ""description""}","{""type"": ""description""}"
10160,"{""type"": ""code""}","{""type"": ""code""}"
10161,"{""type"": ""city""}","{""type"": ""city""}"
10162,"{""type"": ""status""}","{""type"": ""status""}"
10163,"{""type"": ""type""}","{""type"": ""type""}"
10164,"{""type"": ""position""}","{""type"": ""position""}"
10165,"{""type"": ""team""}","{""type"": ""team""}"
10166,"{""type"": ""name""}","{""type"": ""name""}"
10167,"{""type"": ""name""}","{""type"": ""name""}"
10168,"{""type"": ""position""}","{""type"": ""rank""}"
10169,"{""type"": ""status""}","{""type"": ""status""}"
10170,"{""type"": ""rank""}","{""type"": ""rank""}"
10171,"{""type"": ""city""}","{""type"": ""city""}"
10172,"{""type"": ""format""}","{""type"": ""name""}"
10173,"{""type"": ""state""}","{""type"": ""state""}"
10174,"{""type"": ""category""}","{""type"": ""category""}"
10175,"{""type"": ""country""}","{""type"": ""country""}"
10176,"{""type"": ""name""}","{""type"": ""name""}"
10177,"{""type"": ""status""}","{""type"": ""status""}"
10178,"{""type"": ""name""}","{""type"": ""name""}"
10179,"{""type"": ""age""}","{""type"": ""age""}"
10180,"{""type"": ""origin""}","{""type"": ""city""}"
10181,"{""type"": ""weight""}","{""type"": ""weight""}"
10182,"{""type"": ""name""}","{""type"": ""name""}"
10183,"{""type"": ""weight""}","{""type"": ""weight""}"
10184,"{""type"": ""location""}","{""type"": ""location""}"
10185,"{""type"": ""description""}","{""type"": ""description""}"
10186,"{""type"": ""name""}","{""type"": ""name""}"
10187,"{""type"": ""class""}","{""type"": ""class""}"
10188,"{""type"": ""weight""}","{""type"": ""weight""}"
10189,"{""type"": ""team""}","{""type"": ""team""}"
10190,"{""type"": ""year""}","{""type"": ""year""}"
10191,"{""type"": ""elevation""}","{""type"": ""elevation""}"
10192,"{""type"": ""code""}","{""type"": ""code""}"
10193,"{""type"": ""year""}","{""type"": ""class""}"
10194,"{""type"": ""year""}","{""type"": ""class""}"
10195,"{""type"": ""year""}","{""type"": ""class""}"
10196,"{""type"": ""year""}","{""type"": ""class""}"
10197,"{""type"": ""year""}","{""type"": ""class""}"
10198,"{""type"": ""rank""}","{""type"": ""age""}"
10199,"{""type"": ""rank""}","{""type"": ""age""}"
10200,"{""type"": ""rank""}","{""type"": ""age""}"
10201,"{""type"": ""rank""}","{""type"": ""age""}"
10202,"{""type"": ""rank""}","{""type"": ""age""}"
10203,"{""type"": ""notes""}","{""type"": ""genre""}"
10204,"{""type"": ""gender""}","{""type"": ""gender""}"
10205,"{""type"": ""description""}","{""type"": ""description""}"
10206,"{""type"": ""weight""}","{""type"": ""weight""}"
10207,"{""type"": ""notes""}","{""type"": ""notes""}"
10208,"{""type"": ""type""}","{""type"": ""type""}"
10209,"{""type"": ""age""}","{""type"": ""age""}"
10210,"{""type"": ""album""}","{""type"": ""album""}"
10211,"{""type"": ""weight""}","{""type"": ""weight""}"
10212,"{""type"": ""status""}","{""type"": ""status""}"
10213,"{""type"": ""age""}","{""type"": ""age""}"
10214,"{""type"": ""city""}","{""type"": ""city""}"
10215,"{""type"": ""country""}","{""type"": ""country""}"
10216,"{""type"": ""gender""}","{""type"": ""gender""}"
10217,"{""type"": ""team""}","{""type"": ""team""}"
10218,"{""type"": ""name""}","{""type"": ""name""}"
10219,"{""type"": ""code""}","{""type"": ""code""}"
10220,"{""type"": ""age""}","{""type"": ""age""}"
10221,"{""type"": ""club""}","{""type"": ""club""}"
10222,"{""type"": ""birthplace""}","{""type"": ""birthplace""}"
10223,"{""type"": ""code""}","{""type"": ""code""}"
10224,"{""type"": ""location""}","{""type"": ""location""}"
10225,"{""type"": ""type""}","{""type"": ""type""}"
10226,"{""type"": ""weight""}","{""type"": ""weight""}"
10227,"{""type"": ""result""}","{""type"": ""result""}"
10228,"{""type"": ""name""}","{""type"": ""name""}"
10229,"{""type"": ""name""}","{""type"": ""name""}"
10230,"{""type"": ""name""}","{""type"": ""name""}"
10231,"{""type"": ""name""}","{""type"": ""name""}"
10232,"{""type"": ""name""}","{""type"": ""name""}"
10233,"{""type"": ""club""}","{""type"": ""club""}"
10234,"{""type"": ""isbn""}","{""type"": ""isbn""}"
10235,"{""type"": ""description""}","{""type"": ""description""}"
10236,"{""type"": ""city""}","{""type"": ""city""}"
10237,"{""type"": ""name""}","{""type"": ""name""}"
10238,"{""type"": ""position""}","{""type"": ""position""}"
10239,"{""type"": ""description""}","{""type"": ""description""}"
10240,"{""type"": ""name""}","{""type"": ""name""}"
10241,"{""type"": ""city""}","{""type"": ""city""}"
10242,"{""type"": ""name""}","{""type"": ""name""}"
10243,"{""type"": ""name""}","{""type"": ""name""}"
10244,"{""type"": ""year""}","{""type"": ""year""}"
10245,"{""type"": ""name""}","{""type"": ""name""}"
10246,"{""type"": ""team""}","{""type"": ""team""}"
10247,"{""type"": ""country""}","{""type"": ""country""}"
10248,"{""type"": ""artist""}","{""type"": ""artist""}"
10249,"{""type"": ""name""}","{""type"": ""name""}"
10250,"{""type"": ""country""}","{""type"": ""nationality""}"
10251,"{""type"": ""name""}","{""type"": ""name""}"
10252,"{""type"": ""name""}","{""type"": ""name""}"
10253,"{""type"": ""name""}","{""type"": ""name""}"
10254,"{""type"": ""name""}","{""type"": ""name""}"
10255,"{""type"": ""name""}","{""type"": ""name""}"
10256,"{""type"": ""elevation""}","{""type"": ""elevation""}"
10257,"{""type"": ""city""}","{""type"": ""city""}"
10258,"{""type"": ""status""}","{""type"": ""status""}"
10259,"{""type"": ""weight""}","{""type"": ""weight""}"
10260,"{""type"": ""club""}","{""type"": ""club""}"
10261,"{""type"": ""name""}","{""type"": ""name""}"
10262,"{""type"": ""category""}","{""type"": ""category""}"
10263,"{""type"": ""name""}","{""type"": ""name""}"
10264,"{""type"": ""code""}","{""type"": ""code""}"
10265,"{""type"": ""type""}","{""type"": ""type""}"
10266,"{""type"": ""status""}","{""type"": ""status""}"
10267,"{""type"": ""format""}","{""type"": ""format""}"
10268,"{""type"": ""name""}","{""type"": ""name""}"
10269,"{""type"": ""name""}","{""type"": ""name""}"
10270,"{""type"": ""day""}","{""type"": ""day""}"
10271,"{""type"": ""description""}","{""type"": ""description""}"
10272,"{""type"": ""status""}","{""type"": ""status""}"
10273,"{""type"": ""rank""}","{""type"": ""result""}"
10274,"{""type"": ""code""}","{""type"": ""code""}"
10275,"{""type"": ""type""}","{""type"": ""type""}"
10276,"{""type"": ""description""}","{""type"": ""description""}"
10277,"{""type"": ""company""}","{""type"": ""company""}"
10278,"{""type"": ""weight""}","{""type"": ""weight""}"
10279,"{""type"": ""country""}","{""type"": ""country""}"
10280,"{""type"": ""country""}","{""type"": ""country""}"
10281,"{""type"": ""country""}","{""type"": ""country""}"
10282,"{""type"": ""country""}","{""type"": ""country""}"
10283,"{""type"": ""country""}","{""type"": ""country""}"
10284,"{""type"": ""name""}","{""type"": ""name""}"
10285,"{""type"": ""weight""}","{""type"": ""weight""}"
10286,"{""type"": ""name""}","{""type"": ""name""}"
10287,"{""type"": ""region""}","{""type"": ""region""}"
10288,"{""type"": ""city""}","{""type"": ""city""}"
10289,"{""type"": ""age""}","{""type"": ""age""}"
10290,"{""type"": ""state""}","{""type"": ""state""}"
10291,"{""type"": ""state""}","{""type"": ""state""}"
10292,"{""type"": ""state""}","{""type"": ""state""}"
10293,"{""type"": ""state""}","{""type"": ""state""}"
10294,"{""type"": ""state""}","{""type"": ""state""}"
10295,"{""type"": ""description""}","{""type"": ""description""}"
10296,"{""type"": ""result""}","{""type"": ""result""}"
10297,"{""type"": ""description""}","{""type"": ""description""}"
10298,"{""type"": ""status""}","{""type"": ""status""}"
10299,"{""type"": ""code""}","{""type"": ""code""}"
10300,"{""type"": ""album""}","{""type"": ""album""}"
10301,"{""type"": ""location""}","{""type"": ""location""}"
10302,"{""type"": ""location""}","{""type"": ""location""}"
10303,"{""type"": ""location""}","{""type"": ""location""}"
10304,"{""type"": ""location""}","{""type"": ""city""}"
10305,"{""type"": ""location""}","{""type"": ""location""}"
10306,"{""type"": ""city""}","{""type"": ""city""}"
10307,"{""type"": ""city""}","{""type"": ""city""}"
10308,"{""type"": ""description""}","{""type"": ""description""}"
10309,"{""type"": ""description""}","{""type"": ""description""}"
10310,"{""type"": ""position""}","{""type"": ""class""}"
10311,"{""type"": ""team""}","{""type"": ""team""}"
10312,"{""type"": ""position""}","{""type"": ""position""}"
10313,"{""type"": ""age""}","{""type"": ""age""}"
10314,"{""type"": ""status""}","{""type"": ""status""}"
10315,"{""type"": ""year""}","{""type"": ""year""}"
10316,"{""type"": ""result""}","{""type"": ""result""}"
10317,"{""type"": ""weight""}","{""type"": ""weight""}"
10318,"{""type"": ""area""}","{""type"": ""area""}"
10319,"{""type"": ""area""}","{""type"": ""area""}"
10320,"{""type"": ""area""}","{""type"": ""area""}"
10321,"{""type"": ""area""}","{""type"": ""area""}"
10322,"{""type"": ""area""}","{""type"": ""area""}"
10323,"{""type"": ""album""}","{""type"": ""album""}"
10324,"{""type"": ""state""}","{""type"": ""state""}"
10325,"{""type"": ""name""}","{""type"": ""name""}"
10326,"{""type"": ""elevation""}","{""type"": ""elevation""}"
10327,"{""type"": ""category""}","{""type"": ""category""}"
10328,"{""type"": ""team""}","{""type"": ""team""}"
10329,"{""type"": ""age""}","{""type"": ""age""}"
10330,"{""type"": ""weight""}","{""type"": ""weight""}"
10331,"{""type"": ""name""}","{""type"": ""name""}"
10332,"{""type"": ""year""}","{""type"": ""year""}"
10333,"{""type"": ""state""}","{""type"": ""state""}"
10334,"{""type"": ""description""}","{""type"": ""description""}"
10335,"{""type"": ""age""}","{""type"": ""age""}"
10336,"{""type"": ""type""}","{""type"": ""type""}"
10337,"{""type"": ""county""}","{""type"": ""county""}"
10338,"{""type"": ""name""}","{""type"": ""name""}"
10339,"{""type"": ""code""}","{""type"": ""code""}"
10340,"{""type"": ""name""}","{""type"": ""name""}"
10341,"{""type"": ""country""}","{""type"": ""team""}"
10342,"{""type"": ""location""}","{""type"": ""location""}"
10343,"{""type"": ""language""}","{""type"": ""language""}"
10344,"{""type"": ""result""}","{""type"": ""result""}"
10345,"{""type"": ""result""}","{""type"": ""result""}"
10346,"{""type"": ""result""}","{""type"": ""result""}"
10347,"{""type"": ""result""}","{""type"": ""result""}"
10348,"{""type"": ""result""}","{""type"": ""result""}"
10349,"{""type"": ""type""}","{""type"": ""status""}"
10350,"{""type"": ""type""}","{""type"": ""description""}"
10351,"{""type"": ""city""}","{""type"": ""city""}"
10352,"{""type"": ""code""}","{""type"": ""code""}"
10353,"{""type"": ""city""}","{""type"": ""city""}"
10354,"{""type"": ""description""}","{""type"": ""description""}"
10355,"{""type"": ""location""}","{""type"": ""location""}"
10356,"{""type"": ""name""}","{""type"": ""name""}"
10357,"{""type"": ""category""}","{""type"": ""category""}"
10358,"{""type"": ""club""}","{""type"": ""club""}"
10359,"{""type"": ""team""}","{""type"": ""team""}"
10360,"{""type"": ""description""}","{""type"": ""description""}"
10361,"{""type"": ""artist""}","{""type"": ""artist""}"
10362,"{""type"": ""name""}","{""type"": ""name""}"
10363,"{""type"": ""name""}","{""type"": ""name""}"
10364,"{""type"": ""position""}","{""type"": ""position""}"
10365,"{""type"": ""position""}","{""type"": ""position""}"
10366,"{""type"": ""position""}","{""type"": ""position""}"
10367,"{""type"": ""position""}","{""type"": ""position""}"
10368,"{""type"": ""position""}","{""type"": ""position""}"
10369,"{""type"": ""team""}","{""type"": ""affiliation""}"
10370,"{""type"": ""name""}","{""type"": ""name""}"
10371,"{""type"": ""team""}","{""type"": ""team""}"
10372,"{""type"": ""club""}","{""type"": ""club""}"
10373,"{""type"": ""name""}","{""type"": ""name""}"
10374,"{""type"": ""status""}","{""type"": ""status""}"
10375,"{""type"": ""age""}","{""type"": ""age""}"
10376,"{""type"": ""code""}","{""type"": ""code""}"
10377,"{""type"": ""state""}","{""type"": ""state""}"
10378,"{""type"": ""name""}","{""type"": ""name""}"
10379,"{""type"": ""city""}","{""type"": ""city""}"
10380,"{""type"": ""weight""}","{""type"": ""weight""}"
10381,"{""type"": ""club""}","{""type"": ""club""}"
10382,"{""type"": ""publisher""}","{""type"": ""publisher""}"
10383,"{""type"": ""collection""}","{""type"": ""collection""}"
10384,"{""type"": ""team""}","{""type"": ""team""}"
10385,"{""type"": ""name""}","{""type"": ""name""}"
10386,"{""type"": ""club""}","{""type"": ""club""}"
10387,"{""type"": ""description""}","{""type"": ""description""}"
10388,"{""type"": ""weight""}","{""type"": ""weight""}"
10389,"{""type"": ""state""}","{""type"": ""state""}"
10390,"{""type"": ""description""}","{""type"": ""description""}"
10391,"{""type"": ""gender""}","{""type"": ""gender""}"
10392,"{""type"": ""position""}","{""type"": ""position""}"
10393,"{""type"": ""result""}","{""type"": ""result""}"
10394,"{""type"": ""status""}","{""type"": ""status""}"
10395,"{""type"": ""state""}","{""type"": ""state""}"
10396,"{""type"": ""artist""}","{""type"": ""artist""}"
10397,"{""type"": ""company""}","{""type"": ""company""}"
10398,"{""type"": ""description""}","{""type"": ""description""}"
10399,"{""type"": ""nationality""}","{""type"": ""nationality""}"
10400,"{""type"": ""age""}","{""type"": ""age""}"
10401,"{""type"": ""code""}","{""type"": ""state""}"
10402,"{""type"": ""state""}","{""type"": ""state""}"
10403,"{""type"": ""state""}","{""type"": ""state""}"
10404,"{""type"": ""state""}","{""type"": ""state""}"
10405,"{""type"": ""state""}","{""type"": ""state""}"
10406,"{""type"": ""state""}","{""type"": ""state""}"
10407,"{""type"": ""status""}","{""type"": ""status""}"
10408,"{""type"": ""status""}","{""type"": ""status""}"
10409,"{""type"": ""weight""}","{""type"": ""weight""}"
10410,"{""type"": ""year""}","{""type"": ""year""}"
10411,"{""type"": ""state""}","{""type"": ""state""}"
10412,"{""type"": ""state""}","{""type"": ""status""}"
10413,"{""type"": ""state""}","{""type"": ""state""}"
10414,"{""type"": ""state""}","{""type"": ""state""}"
10415,"{""type"": ""state""}","{""type"": ""state""}"
10416,"{""type"": ""code""}","{""type"": ""code""}"
10417,"{""type"": ""club""}","{""type"": ""club""}"
10418,"{""type"": ""team""}","{""type"": ""team""}"
10419,"{""type"": ""name""}","{""type"": ""name""}"
10420,"{""type"": ""company""}","{""type"": ""company""}"
10421,"{""type"": ""jockey""}","{""type"": ""jockey""}"
10422,"{""type"": ""category""}","{""type"": ""category""}"
10423,"{""type"": ""weight""}","{""type"": ""weight""}"
10424,"{""type"": ""rank""}","{""type"": ""rank""}"
10425,"{""type"": ""company""}","{""type"": ""company""}"
10426,"{""type"": ""year""}","{""type"": ""year""}"
10427,"{""type"": ""type""}","{""type"": ""type""}"
10428,"{""type"": ""birthdate""}","{""type"": ""birthdate""}"
10429,"{""type"": ""description""}","{""type"": ""description""}"
10430,"{""type"": ""age""}","{""type"": ""age""}"
10431,"{""type"": ""team""}","{""type"": ""team""}"
10432,"{""type"": ""city""}","{""type"": ""city""}"
10433,"{""type"": ""country""}","{""type"": ""country""}"
10434,"{""type"": ""team""}","{""type"": ""team""}"
10435,"{""type"": ""name""}","{""type"": ""name""}"
10436,"{""type"": ""album""}","{""type"": ""album""}"
10437,"{""type"": ""notes""}","{""type"": ""notes""}"
10438,"{""type"": ""status""}","{""type"": ""status""}"
10439,"{""type"": ""birthdate""}","{""type"": ""birthdate""}"
10440,"{""type"": ""country""}","{""type"": ""team""}"
10441,"{""type"": ""format""}","{""type"": ""format""}"
10442,"{""type"": ""rank""}","{""type"": ""rank""}"
10443,"{""type"": ""code""}","{""type"": ""code""}"
10444,"{""type"": ""status""}","{""type"": ""status""}"
10445,"{""type"": ""artist""}","{""type"": ""artist""}"
10446,"{""type"": ""type""}","{""type"": ""type""}"
10447,"{""type"": ""rank""}","{""type"": ""rank""}"
10448,"{""type"": ""state""}","{""type"": ""state""}"
10449,"{""type"": ""city""}","{""type"": ""city""}"
10450,"{""type"": ""age""}","{""type"": ""age""}"
10451,"{""type"": ""description""}","{""type"": ""description""}"
10452,"{""type"": ""weight""}","{""type"": ""weight""}"
10453,"{""type"": ""rank""}","{""type"": ""rank""}"
10454,"{""type"": ""elevation""}","{""type"": ""elevation""}"
10455,"{""type"": ""city""}","{""type"": ""city""}"
10456,"{""type"": ""city""}","{""type"": ""city""}"
10457,"{""type"": ""age""}","{""type"": ""age""}"
10458,"{""type"": ""type""}","{""type"": ""type""}"
10459,"{""type"": ""company""}","{""type"": ""company""}"
10460,"{""type"": ""category""}","{""type"": ""category""}"
10461,"{""type"": ""rank""}","{""type"": ""rank""}"
10462,"{""type"": ""name""}","{""type"": ""name""}"
10463,"{""type"": ""city""}","{""type"": ""city""}"
10464,"{""type"": ""code""}","{""type"": ""code""}"
10465,"{""type"": ""state""}","{""type"": ""state""}"
10466,"{""type"": ""description""}","{""type"": ""description""}"
10467,"{""type"": ""weight""}","{""type"": ""weight""}"
10468,"{""type"": ""state""}","{""type"": ""state""}"
10469,"{""type"": ""team""}","{""type"": ""team""}"
10470,"{""type"": ""name""}","{""type"": ""name""}"
10471,"{""type"": ""name""}","{""type"": ""name""}"
10472,"{""type"": ""name""}","{""type"": ""name""}"
10473,"{""type"": ""name""}","{""type"": ""name""}"
10474,"{""type"": ""name""}","{""type"": ""name""}"
10475,"{""type"": ""status""}","{""type"": ""status""}"
10476,"{""type"": ""code""}","{""type"": ""code""}"
10477,"{""type"": ""category""}","{""type"": ""notes""}"
10478,"{""type"": ""team""}","{""type"": ""team""}"
10479,"{""type"": ""name""}","{""type"": ""name""}"
10480,"{""type"": ""name""}","{""type"": ""name""}"
10481,"{""type"": ""location""}","{""type"": ""location""}"
10482,"{""type"": ""city""}","{""type"": ""city""}"
10483,"{""type"": ""rank""}","{""type"": ""year""}"
10484,"{""type"": ""description""}","{""type"": ""description""}"
10485,"{""type"": ""album""}","{""type"": ""album""}"
10486,"{""type"": ""status""}","{""type"": ""status""}"
10487,"{""type"": ""album""}","{""type"": ""album""}"
10488,"{""type"": ""type""}","{""type"": ""type""}"
10489,"{""type"": ""artist""}","{""type"": ""artist""}"
10490,"{""type"": ""location""}","{""type"": ""location""}"
10491,"{""type"": ""name""}","{""type"": ""name""}"
10492,"{""type"": ""team""}","{""type"": ""club""}"
10493,"{""type"": ""type""}","{""type"": ""type""}"
10494,"{""type"": ""age""}","{""type"": ""age""}"
10495,"{""type"": ""description""}","{""type"": ""description""}"
10496,"{""type"": ""year""}","{""type"": ""year""}"
10497,"{""type"": ""year""}","{""type"": ""year""}"
10498,"{""type"": ""album""}","{""type"": ""album""}"
10499,"{""type"": ""city""}","{""type"": ""city""}"
10500,"{""type"": ""name""}","{""type"": ""name""}"
10501,"{""type"": ""description""}","{""type"": ""description""}"
10502,"{""type"": ""product""}","{""type"": ""name""}"
10503,"{""type"": ""artist""}","{""type"": ""artist""}"
10504,"{""type"": ""name""}","{""type"": ""name""}"
10505,"{""type"": ""city""}","{""type"": ""city""}"
10506,"{""type"": ""state""}","{""type"": ""state""}"
10507,"{""type"": ""state""}","{""type"": ""state""}"
10508,"{""type"": ""weight""}","{""type"": ""weight""}"
10509,"{""type"": ""age""}","{""type"": ""age""}"
10510,"{""type"": ""status""}","{""type"": ""status""}"
10511,"{""type"": ""description""}","{""type"": ""description""}"
10512,"{""type"": ""description""}","{""type"": ""description""}"
10513,"{""type"": ""age""}","{""type"": ""age""}"
10514,"{""type"": ""age""}","{""type"": ""age""}"
10515,"{""type"": ""description""}","{""type"": ""description""}"
10516,"{""type"": ""team""}","{""type"": ""team""}"
10517,"{""type"": ""result""}","{""type"": ""result""}"
10518,"{""type"": ""result""}","{""type"": ""result""}"
10519,"{""type"": ""result""}","{""type"": ""result""}"
10520,"{""type"": ""result""}","{""type"": ""result""}"
10521,"{""type"": ""result""}","{""type"": ""result""}"
10522,"{""type"": ""type""}","{""type"": ""type""}"
10523,"{""type"": ""type""}","{""type"": ""type""}"
10524,"{""type"": ""team""}","{""type"": ""team""}"
10525,"{""type"": ""city""}","{""type"": ""city""}"
10526,"{""type"": ""name""}","{""type"": ""name""}"
10527,"{""type"": ""state""}","{""type"": ""state""}"
10528,"{""type"": ""description""}","{""type"": ""description""}"
10529,"{""type"": ""artist""}","{""type"": ""artist""}"
10530,"{""type"": ""status""}","{""type"": ""status""}"
10531,"{""type"": ""age""}","{""type"": ""age""}"
10532,"{""type"": ""state""}","{""type"": ""state""}"
10533,"{""type"": ""state""}","{""type"": ""state""}"
10534,"{""type"": ""state""}","{""type"": ""state""}"
10535,"{""type"": ""state""}","{""type"": ""state""}"
10536,"{""type"": ""state""}","{""type"": ""state""}"
10537,"{""type"": ""rank""}","{""type"": ""rank""}"
10538,"{""type"": ""name""}","{""type"": ""name""}"
10539,"{""type"": ""name""}","{""type"": ""name""}"
10540,"{""type"": ""name""}","{""type"": ""name""}"
10541,"{""type"": ""name""}","{""type"": ""name""}"
10542,"{""type"": ""name""}","{""type"": ""name""}"
10543,"{""type"": ""name""}","{""type"": ""name""}"
10544,"{""type"": ""team""}","{""type"": ""team""}"
10545,"{""type"": ""description""}","{""type"": ""description""}"
10546,"{""type"": ""description""}","{""type"": ""description""}"
10547,"{""type"": ""age""}","{""type"": ""age""}"
10548,"{""type"": ""description""}","{""type"": ""description""}"
10549,"{""type"": ""album""}","{""type"": ""album""}"
10550,"{""type"": ""type""}","{""type"": ""type""}"
10551,"{""type"": ""name""}","{""type"": ""name""}"
10552,"{""type"": ""year""}","{""type"": ""class""}"
10553,"{""type"": ""rank""}","{""type"": ""rank""}"
10554,"{""type"": ""rank""}","{""type"": ""rank""}"
10555,"{""type"": ""rank""}","{""type"": ""rank""}"
10556,"{""type"": ""rank""}","{""type"": ""rank""}"
10557,"{""type"": ""rank""}","{""type"": ""rank""}"
10558,"{""type"": ""code""}","{""type"": ""code""}"
10559,"{""type"": ""year""}","{""type"": ""year""}"
10560,"{""type"": ""category""}","{""type"": ""genre""}"
10561,"{""type"": ""description""}","{""type"": ""description""}"
10562,"{""type"": ""location""}","{""type"": ""location""}"
10563,"{""type"": ""type""}","{""type"": ""type""}"
10564,"{""type"": ""age""}","{""type"": ""age""}"
10565,"{""type"": ""weight""}","{""type"": ""weight""}"
10566,"{""type"": ""name""}","{""type"": ""name""}"
10567,"{""type"": ""weight""}","{""type"": ""weight""}"
10568,"{""type"": ""category""}","{""type"": ""category""}"
10569,"{""type"": ""age""}","{""type"": ""age""}"
10570,"{""type"": ""status""}","{""type"": ""status""}"
10571,"{""type"": ""status""}","{""type"": ""status""}"
10572,"{""type"": ""status""}","{""type"": ""status""}"
10573,"{""type"": ""status""}","{""type"": ""status""}"
10574,"{""type"": ""status""}","{""type"": ""status""}"
10575,"{""type"": ""state""}","{""type"": ""state""}"
10576,"{""type"": ""description""}","{""type"": ""description""}"
10577,"{""type"": ""result""}","{""type"": ""result""}"
10578,"{""type"": ""name""}","{""type"": ""name""}"
10579,"{""type"": ""state""}","{""type"": ""state""}"
10580,"{""type"": ""state""}","{""type"": ""state""}"
10581,"{""type"": ""state""}","{""type"": ""state""}"
10582,"{""type"": ""state""}","{""type"": ""state""}"
10583,"{""type"": ""state""}","{""type"": ""state""}"
10584,"{""type"": ""status""}","{""type"": ""status""}"
10585,"{""type"": ""name""}","{""type"": ""name""}"
10586,"{""type"": ""description""}","{""type"": ""description""}"
10587,"{""type"": ""county""}","{""type"": ""county""}"
10588,"{""type"": ""creator""}","{""type"": ""description""}"
10589,"{""type"": ""age""}","{""type"": ""age""}"
10590,"{""type"": ""name""}","{""type"": ""name""}"
10591,"{""type"": ""club""}","{""type"": ""club""}"
10592,"{""type"": ""city""}","{""type"": ""city""}"
10593,"{""type"": ""age""}","{""type"": ""age""}"
10594,"{""type"": ""name""}","{""type"": ""name""}"
10595,"{""type"": ""weight""}","{""type"": ""weight""}"
10596,"{""type"": ""artist""}","{""type"": ""artist""}"
10597,"{""type"": ""name""}","{""type"": ""name""}"
10598,"{""type"": ""description""}","{""type"": ""description""}"
10599,"{""type"": ""rank""}","{""type"": ""rank""}"
10600,"{""type"": ""position""}","{""type"": ""class""}"
10601,"{""type"": ""type""}","{""type"": ""type""}"
10602,"{""type"": ""name""}","{""type"": ""name""}"
10603,"{""type"": ""city""}","{""type"": ""city""}"
10604,"{""type"": ""category""}","{""type"": ""category""}"
10605,"{""type"": ""club""}","{""type"": ""club""}"
10606,"{""type"": ""rank""}","{""type"": ""rank""}"
10607,"{""type"": ""name""}","{""type"": ""name""}"
10608,"{""type"": ""location""}","{""type"": ""location""}"
10609,"{""type"": ""artist""}","{""type"": ""artist""}"
10610,"{""type"": ""description""}","{""type"": ""description""}"
10611,"{""type"": ""location""}","{""type"": ""location""}"
10612,"{""type"": ""description""}","{""type"": ""description""}"
10613,"{""type"": ""city""}","{""type"": ""city""}"
10614,"{""type"": ""code""}","{""type"": ""code""}"
10615,"{""type"": ""name""}","{""type"": ""name""}"
10616,"{""type"": ""rank""}","{""type"": ""rank""}"
10617,"{""type"": ""description""}","{""type"": ""description""}"
10618,"{""type"": ""country""}","{""type"": ""country""}"
10619,"{""type"": ""weight""}","{""type"": ""weight""}"
10620,"{""type"": ""age""}","{""type"": ""age""}"
10621,"{""type"": ""description""}","{""type"": ""description""}"
10622,"{""type"": ""type""}","{""type"": ""type""}"
10623,"{""type"": ""type""}","{""type"": ""type""}"
10624,"{""type"": ""type""}","{""type"": ""type""}"
10625,"{""type"": ""type""}","{""type"": ""type""}"
10626,"{""type"": ""type""}","{""type"": ""type""}"
10627,"{""type"": ""rank""}","{""type"": ""rank""}"
10628,"{""type"": ""position""}","{""type"": ""position""}"
10629,"{""type"": ""team""}","{""type"": ""team""}"
10630,"{""type"": ""artist""}","{""type"": ""artist""}"
10631,"{""type"": ""age""}","{""type"": ""age""}"
10632,"{""type"": ""country""}","{""type"": ""country""}"
10633,"{""type"": ""artist""}","{""type"": ""artist""}"
10634,"{""type"": ""publisher""}","{""type"": ""publisher""}"
10635,"{""type"": ""country""}","{""type"": ""country""}"
10636,"{""type"": ""country""}","{""type"": ""country""}"
10637,"{""type"": ""country""}","{""type"": ""country""}"
10638,"{""type"": ""country""}","{""type"": ""country""}"
10639,"{""type"": ""country""}","{""type"": ""country""}"
10640,"{""type"": ""country""}","{""type"": ""country""}"
10641,"{""type"": ""city""}","{""type"": ""city""}"
10642,"{""type"": ""age""}","{""type"": ""age""}"
10643,"{""type"": ""age""}","{""type"": ""age""}"
10644,"{""type"": ""name""}","{""type"": ""name""}"
10645,"{""type"": ""type""}","{""type"": ""type""}"
10646,"{""type"": ""company""}","{""type"": ""company""}"
10647,"{""type"": ""type""}","{""type"": ""type""}"
10648,"{""type"": ""name""}","{""type"": ""name""}"
10649,"{""type"": ""name""}","{""type"": ""name""}"
10650,"{""type"": ""name""}","{""type"": ""name""}"
10651,"{""type"": ""publisher""}","{""type"": ""publisher""}"
10652,"{""type"": ""name""}","{""type"": ""name""}"
10653,"{""type"": ""age""}","{""type"": ""age""}"
10654,"{""type"": ""duration""}","{""type"": ""year""}"
10655,"{""type"": ""club""}","{""type"": ""club""}"
10656,"{""type"": ""description""}","{""type"": ""description""}"
10657,"{""type"": ""team""}","{""type"": ""team""}"
10658,"{""type"": ""rank""}","{""type"": ""rank""}"
10659,"{""type"": ""status""}","{""type"": ""status""}"
10660,"{""type"": ""description""}","{""type"": ""description""}"
10661,"{""type"": ""type""}","{""type"": ""type""}"
10662,"{""type"": ""type""}","{""type"": ""type""}"
10663,"{""type"": ""type""}","{""type"": ""type""}"
10664,"{""type"": ""type""}","{""type"": ""type""}"
10665,"{""type"": ""type""}","{""type"": ""type""}"
10666,"{""type"": ""name""}","{""type"": ""name""}"
10667,"{""type"": ""format""}","{""type"": ""format""}"
10668,"{""type"": ""age""}","{""type"": ""age""}"
10669,"{""type"": ""state""}","{""type"": ""state""}"
10670,"{""type"": ""category""}","{""type"": ""category""}"
10671,"{""type"": ""description""}","{""type"": ""description""}"
10672,"{""type"": ""credit""}","{""type"": ""credit""}"
10673,"{""type"": ""name""}","{""type"": ""name""}"
10674,"{""type"": ""category""}","{""type"": ""category""}"
10675,"{""type"": ""name""}","{""type"": ""name""}"
10676,"{""type"": ""state""}","{""type"": ""state""}"
10677,"{""type"": ""state""}","{""type"": ""state""}"
10678,"{""type"": ""state""}","{""type"": ""state""}"
10679,"{""type"": ""state""}","{""type"": ""state""}"
10680,"{""type"": ""state""}","{""type"": ""state""}"
10681,"{""type"": ""class""}","{""type"": ""class""}"
10682,"{""type"": ""name""}","{""type"": ""name""}"
10683,"{""type"": ""album""}","{""type"": ""album""}"
10684,"{""type"": ""name""}","{""type"": ""name""}"
10685,"{""type"": ""weight""}","{""type"": ""weight""}"
10686,"{""type"": ""age""}","{""type"": ""age""}"
10687,"{""type"": ""description""}","{""type"": ""description""}"
10688,"{""type"": ""album""}","{""type"": ""album""}"
10689,"{""type"": ""name""}","{""type"": ""name""}"
10690,"{""type"": ""team""}","{""type"": ""team""}"
10691,"{""type"": ""club""}","{""type"": ""club""}"
10692,"{""type"": ""team""}","{""type"": ""team""}"
10693,"{""type"": ""region""}","{""type"": ""region""}"
10694,"{""type"": ""age""}","{""type"": ""age""}"
10695,"{""type"": ""album""}","{""type"": ""album""}"
10696,"{""type"": ""state""}","{""type"": ""state""}"
10697,"{""type"": ""state""}","{""type"": ""state""}"
10698,"{""type"": ""state""}","{""type"": ""state""}"
10699,"{""type"": ""state""}","{""type"": ""state""}"
10700,"{""type"": ""state""}","{""type"": ""state""}"
10701,"{""type"": ""club""}","{""type"": ""club""}"
10702,"{""type"": ""birthplace""}","{""type"": ""location""}"
10703,"{""type"": ""birthplace""}","{""type"": ""club""}"
10704,"{""type"": ""birthplace""}","{""type"": ""club""}"
10705,"{""type"": ""birthplace""}","{""type"": ""location""}"
10706,"{""type"": ""birthplace""}","{""type"": ""location""}"
10707,"{""type"": ""code""}","{""type"": ""code""}"
10708,"{""type"": ""city""}","{""type"": ""city""}"
10709,"{""type"": ""category""}","{""type"": ""category""}"
10710,"{""type"": ""state""}","{""type"": ""state""}"
10711,"{""type"": ""company""}","{""type"": ""company""}"
10712,"{""type"": ""club""}","{""type"": ""club""}"
10713,"{""type"": ""rank""}","{""type"": ""rank""}"
10714,"{""type"": ""rank""}","{""type"": ""rank""}"
10715,"{""type"": ""rank""}","{""type"": ""rank""}"
10716,"{""type"": ""name""}","{""type"": ""name""}"
10717,"{""type"": ""name""}","{""type"": ""name""}"
10718,"{""type"": ""name""}","{""type"": ""name""}"
10719,"{""type"": ""name""}","{""type"": ""name""}"
10720,"{""type"": ""name""}","{""type"": ""name""}"
10721,"{""type"": ""year""}","{""type"": ""year""}"
10722,"{""type"": ""code""}","{""type"": ""code""}"
10723,"{""type"": ""album""}","{""type"": ""album""}"
10724,"{""type"": ""code""}","{""type"": ""code""}"
10725,"{""type"": ""status""}","{""type"": ""status""}"
10726,"{""type"": ""location""}","{""type"": ""location""}"
10727,"{""type"": ""age""}","{""type"": ""age""}"
10728,"{""type"": ""team""}","{""type"": ""team""}"
10729,"{""type"": ""team""}","{""type"": ""team""}"
10730,"{""type"": ""name""}","{""type"": ""name""}"
10731,"{""type"": ""name""}","{""type"": ""name""}"
10732,"{""type"": ""address""}","{""type"": ""address""}"
10733,"{""type"": ""age""}","{""type"": ""age""}"
10734,"{""type"": ""symbol""}","{""type"": ""symbol""}"
10735,"{""type"": ""description""}","{""type"": ""description""}"
10736,"{""type"": ""rank""}","{""type"": ""rank""}"
10737,"{""type"": ""rank""}","{""type"": ""rank""}"
10738,"{""type"": ""rank""}","{""type"": ""rank""}"
10739,"{""type"": ""rank""}","{""type"": ""rank""}"
10740,"{""type"": ""rank""}","{""type"": ""rank""}"
10741,"{""type"": ""city""}","{""type"": ""city""}"
10742,"{""type"": ""result""}","{""type"": ""result""}"
10743,"{""type"": ""position""}","{""type"": ""position""}"
10744,"{""type"": ""rank""}","{""type"": ""rank""}"
10745,"{""type"": ""code""}","{""type"": ""code""}"
10746,"{""type"": ""album""}","{""type"": ""album""}"
10747,"{""type"": ""class""}","{""type"": ""class""}"
10748,"{""type"": ""team""}","{""type"": ""team""}"
10749,"{""type"": ""code""}","{""type"": ""code""}"
10750,"{""type"": ""format""}","{""type"": ""format""}"
10751,"{""type"": ""format""}","{""type"": ""type""}"
10752,"{""type"": ""format""}","{""type"": ""type""}"
10753,"{""type"": ""format""}","{""type"": ""format""}"
10754,"{""type"": ""format""}","{""type"": ""type""}"
10755,"{""type"": ""company""}","{""type"": ""company""}"
10756,"{""type"": ""age""}","{""type"": ""age""}"
10757,"{""type"": ""elevation""}","{""type"": ""elevation""}"
10758,"{""type"": ""album""}","{""type"": ""album""}"
10759,"{""type"": ""description""}","{""type"": ""description""}"
10760,"{""type"": ""weight""}","{""type"": ""weight""}"
10761,"{""type"": ""location""}","{""type"": ""team""}"
10762,"{""type"": ""location""}","{""type"": ""city""}"
10763,"{""type"": ""location""}","{""type"": ""city""}"
10764,"{""type"": ""location""}","{""type"": ""team""}"
10765,"{""type"": ""location""}","{""type"": ""team""}"
10766,"{""type"": ""type""}","{""type"": ""type""}"
10767,"{""type"": ""name""}","{""type"": ""name""}"
10768,"{""type"": ""year""}","{""type"": ""year""}"
10769,"{""type"": ""director""}","{""type"": ""name""}"
10770,"{""type"": ""director""}","{""type"": ""name""}"
10771,"{""type"": ""director""}","{""type"": ""name""}"
10772,"{""type"": ""director""}","{""type"": ""name""}"
10773,"{""type"": ""director""}","{""type"": ""name""}"
10774,"{""type"": ""location""}","{""type"": ""location""}"
10775,"{""type"": ""rank""}","{""type"": ""rank""}"
10776,"{""type"": ""city""}","{""type"": ""city""}"
10777,"{""type"": ""weight""}","{""type"": ""weight""}"
10778,"{""type"": ""weight""}","{""type"": ""weight""}"
10779,"{""type"": ""type""}","{""type"": ""type""}"
10780,"{""type"": ""status""}","{""type"": ""status""}"
10781,"{""type"": ""description""}","{""type"": ""description""}"
10782,"{""type"": ""team""}","{""type"": ""team""}"
10783,"{""type"": ""description""}","{""type"": ""description""}"
10784,"{""type"": ""description""}","{""type"": ""description""}"
10785,"{""type"": ""name""}","{""type"": ""name""}"
10786,"{""type"": ""age""}","{""type"": ""rank""}"
10787,"{""type"": ""album""}","{""type"": ""album""}"
10788,"{""type"": ""weight""}","{""type"": ""plays""}"
10789,"{""type"": ""name""}","{""type"": ""name""}"
10790,"{""type"": ""description""}","{""type"": ""description""}"
10791,"{""type"": ""notes""}","{""type"": ""description""}"
10792,"{""type"": ""name""}","{""type"": ""name""}"
10793,"{""type"": ""artist""}","{""type"": ""artist""}"
10794,"{""type"": ""club""}","{""type"": ""club""}"
10795,"{""type"": ""description""}","{""type"": ""description""}"
10796,"{""type"": ""description""}","{""type"": ""description""}"
10797,"{""type"": ""format""}","{""type"": ""name""}"
10798,"{""type"": ""age""}","{""type"": ""age""}"
10799,"{""type"": ""name""}","{""type"": ""name""}"
10800,"{""type"": ""name""}","{""type"": ""name""}"
10801,"{""type"": ""name""}","{""type"": ""name""}"
10802,"{""type"": ""name""}","{""type"": ""name""}"
10803,"{""type"": ""name""}","{""type"": ""name""}"
10804,"{""type"": ""symbol""}","{""type"": ""symbol""}"
10805,"{""type"": ""team""}","{""type"": ""team""}"
10806,"{""type"": ""rank""}","{""type"": ""rank""}"
10807,"{""type"": ""status""}","{""type"": ""status""}"
10808,"{""type"": ""age""}","{""type"": ""age""}"
10809,"{""type"": ""company""}","{""type"": ""company""}"
10810,"{""type"": ""rank""}","{""type"": ""rank""}"
10811,"{""type"": ""description""}","{""type"": ""description""}"
10812,"{""type"": ""team""}","{""type"": ""team""}"
10813,"{""type"": ""company""}","{""type"": ""company""}"
10814,"{""type"": ""year""}","{""type"": ""year""}"
10815,"{""type"": ""status""}","{""type"": ""status""}"
10816,"{""type"": ""team""}","{""type"": ""team""}"
10817,"{""type"": ""class""}","{""type"": ""class""}"
10818,"{""type"": ""name""}","{""type"": ""name""}"
10819,"{""type"": ""club""}","{""type"": ""club""}"
10820,"{""type"": ""duration""}","{""type"": ""duration""}"
10821,"{""type"": ""category""}","{""type"": ""category""}"
10822,"{""type"": ""status""}","{""type"": ""status""}"
10823,"{""type"": ""result""}","{""type"": ""result""}"
10824,"{""type"": ""club""}","{""type"": ""club""}"
10825,"{""type"": ""code""}","{""type"": ""code""}"
10826,"{""type"": ""city""}","{""type"": ""city""}"
10827,"{""type"": ""name""}","{""type"": ""artist""}"
10828,"{""type"": ""description""}","{""type"": ""description""}"
10829,"{""type"": ""year""}","{""type"": ""year""}"
10830,"{""type"": ""category""}","{""type"": ""category""}"
10831,"{""type"": ""status""}","{""type"": ""status""}"
10832,"{""type"": ""city""}","{""type"": ""city""}"
10833,"{""type"": ""type""}","{""type"": ""type""}"
10834,"{""type"": ""status""}","{""type"": ""status""}"
10835,"{""type"": ""city""}","{""type"": ""city""}"
10836,"{""type"": ""name""}","{""type"": ""name""}"
10837,"{""type"": ""status""}","{""type"": ""status""}"
10838,"{""type"": ""company""}","{""type"": ""company""}"
10839,"{""type"": ""rank""}","{""type"": ""rank""}"
10840,"{""type"": ""city""}","{""type"": ""city""}"
10841,"{""type"": ""city""}","{""type"": ""city""}"
10842,"{""type"": ""city""}","{""type"": ""city""}"
10843,"{""type"": ""city""}","{""type"": ""city""}"
10844,"{""type"": ""city""}","{""type"": ""city""}"
10845,"{""type"": ""rank""}","{""type"": ""rank""}"
10846,"{""type"": ""year""}","{""type"": ""year""}"
10847,"{""type"": ""depth""}","{""type"": ""elevation""}"
10848,"{""type"": ""artist""}","{""type"": ""artist""}"
10849,"{""type"": ""state""}","{""type"": ""state""}"
10850,"{""type"": ""state""}","{""type"": ""state""}"
10851,"{""type"": ""state""}","{""type"": ""state""}"
10852,"{""type"": ""state""}","{""type"": ""state""}"
10853,"{""type"": ""state""}","{""type"": ""state""}"
10854,"{""type"": ""name""}","{""type"": ""name""}"
10855,"{""type"": ""rank""}","{""type"": ""rank""}"
10856,"{""type"": ""artist""}","{""type"": ""artist""}"
10857,"{""type"": ""class""}","{""type"": ""class""}"
10858,"{""type"": ""age""}","{""type"": ""age""}"
10859,"{""type"": ""company""}","{""type"": ""company""}"
10860,"{""type"": ""city""}","{""type"": ""city""}"
10861,"{""type"": ""name""}","{""type"": ""name""}"
10862,"{""type"": ""description""}","{""type"": ""description""}"
10863,"{""type"": ""status""}","{""type"": ""status""}"
10864,"{""type"": ""status""}","{""type"": ""status""}"
10865,"{""type"": ""status""}","{""type"": ""status""}"
10866,"{""type"": ""status""}","{""type"": ""status""}"
10867,"{""type"": ""status""}","{""type"": ""status""}"
10868,"{""type"": ""description""}","{""type"": ""description""}"
10869,"{""type"": ""artist""}","{""type"": ""artist""}"
10870,"{""type"": ""duration""}","{""type"": ""duration""}"
10871,"{""type"": ""name""}","{""type"": ""name""}"
10872,"{""type"": ""country""}","{""type"": ""country""}"
10873,"{""type"": ""state""}","{""type"": ""state""}"
10874,"{""type"": ""rank""}","{""type"": ""rank""}"
10875,"{""type"": ""year""}","{""type"": ""year""}"
10876,"{""type"": ""team""}","{""type"": ""team""}"
10877,"{""type"": ""name""}","{""type"": ""name""}"
10878,"{""type"": ""city""}","{""type"": ""city""}"
10879,"{""type"": ""city""}","{""type"": ""city""}"
10880,"{""type"": ""address""}","{""type"": ""address""}"
10881,"{""type"": ""type""}","{""type"": ""type""}"
10882,"{""type"": ""code""}","{""type"": ""code""}"
10883,"{""type"": ""format""}","{""type"": ""format""}"
10884,"{""type"": ""description""}","{""type"": ""description""}"
10885,"{""type"": ""name""}","{""type"": ""name""}"
10886,"{""type"": ""name""}","{""type"": ""name""}"
10887,"{""type"": ""name""}","{""type"": ""name""}"
10888,"{""type"": ""name""}","{""type"": ""name""}"
10889,"{""type"": ""name""}","{""type"": ""name""}"
10890,"{""type"": ""name""}","{""type"": ""name""}"
10891,"{""type"": ""name""}","{""type"": ""name""}"
10892,"{""type"": ""country""}","{""type"": ""country""}"
10893,"{""type"": ""country""}","{""type"": ""country""}"
10894,"{""type"": ""country""}","{""type"": ""country""}"
10895,"{""type"": ""country""}","{""type"": ""country""}"
10896,"{""type"": ""country""}","{""type"": ""country""}"
10897,"{""type"": ""city""}","{""type"": ""city""}"
10898,"{""type"": ""age""}","{""type"": ""age""}"
10899,"{""type"": ""city""}","{""type"": ""city""}"
10900,"{""type"": ""city""}","{""type"": ""city""}"
10901,"{""type"": ""position""}","{""type"": ""position""}"
10902,"{""type"": ""weight""}","{""type"": ""weight""}"
10903,"{""type"": ""type""}","{""type"": ""type""}"
10904,"{""type"": ""name""}","{""type"": ""name""}"
10905,"{""type"": ""status""}","{""type"": ""status""}"
10906,"{""type"": ""age""}","{""type"": ""age""}"
10907,"{""type"": ""rank""}","{""type"": ""rank""}"
10908,"{""type"": ""description""}","{""type"": ""description""}"
10909,"{""type"": ""name""}","{""type"": ""name""}"
10910,"{""type"": ""state""}","{""type"": ""state""}"
10911,"{""type"": ""state""}","{""type"": ""state""}"
10912,"{""type"": ""state""}","{""type"": ""state""}"
10913,"{""type"": ""state""}","{""type"": ""state""}"
10914,"{""type"": ""state""}","{""type"": ""state""}"
10915,"{""type"": ""weight""}","{""type"": ""weight""}"
10916,"{""type"": ""artist""}","{""type"": ""album""}"
10917,"{""type"": ""artist""}","{""type"": ""artist""}"
10918,"{""type"": ""team""}","{""type"": ""team""}"
10919,"{""type"": ""age""}","{""type"": ""age""}"
10920,"{""type"": ""status""}","{""type"": ""status""}"
10921,"{""type"": ""club""}","{""type"": ""club""}"
10922,"{""type"": ""city""}","{""type"": ""city""}"
10923,"{""type"": ""description""}","{""type"": ""description""}"
10924,"{""type"": ""location""}","{""type"": ""location""}"
10925,"{""type"": ""description""}","{""type"": ""description""}"
10926,"{""type"": ""name""}","{""type"": ""name""}"
10927,"{""type"": ""weight""}","{""type"": ""weight""}"
10928,"{""type"": ""name""}","{""type"": ""name""}"
10929,"{""type"": ""name""}","{""type"": ""name""}"
10930,"{""type"": ""name""}","{""type"": ""name""}"
10931,"{""type"": ""name""}","{""type"": ""name""}"
10932,"{""type"": ""name""}","{""type"": ""name""}"
10933,"{""type"": ""country""}","{""type"": ""country""}"
10934,"{""type"": ""type""}","{""type"": ""type""}"
10935,"{""type"": ""class""}","{""type"": ""class""}"
10936,"{""type"": ""state""}","{""type"": ""county""}"
10937,"{""type"": ""age""}","{""type"": ""age""}"
10938,"{""type"": ""status""}","{""type"": ""status""}"
10939,"{""type"": ""company""}","{""type"": ""company""}"
10940,"{""type"": ""state""}","{""type"": ""state""}"
10941,"{""type"": ""city""}","{""type"": ""city""}"
10942,"{""type"": ""city""}","{""type"": ""city""}"
10943,"{""type"": ""city""}","{""type"": ""city""}"
10944,"{""type"": ""city""}","{""type"": ""city""}"
10945,"{""type"": ""city""}","{""type"": ""city""}"
10946,"{""type"": ""weight""}","{""type"": ""weight""}"
10947,"{""type"": ""company""}","{""type"": ""company""}"
10948,"{""type"": ""team""}","{""type"": ""name""}"
10949,"{""type"": ""age""}","{""type"": ""day""}"
10950,"{""type"": ""name""}","{""type"": ""name""}"
10951,"{""type"": ""year""}","{""type"": ""year""}"
10952,"{""type"": ""city""}","{""type"": ""city""}"
10953,"{""type"": ""artist""}","{""type"": ""artist""}"
10954,"{""type"": ""status""}","{""type"": ""status""}"
10955,"{""type"": ""description""}","{""type"": ""description""}"
10956,"{""type"": ""artist""}","{""type"": ""artist""}"
10957,"{""type"": ""code""}","{""type"": ""code""}"
10958,"{""type"": ""age""}","{""type"": ""age""}"
10959,"{""type"": ""weight""}","{""type"": ""weight""}"
10960,"{""type"": ""club""}","{""type"": ""club""}"
10961,"{""type"": ""type""}","{""type"": ""type""}"
10962,"{""type"": ""type""}","{""type"": ""type""}"
10963,"{""type"": ""description""}","{""type"": ""description""}"
10964,"{""type"": ""position""}","{""type"": ""position""}"
10965,"{""type"": ""component""}","{""type"": ""component""}"
10966,"{""type"": ""description""}","{""type"": ""description""}"
10967,"{""type"": ""company""}","{""type"": ""company""}"
10968,"{""type"": ""rank""}","{""type"": ""rank""}"
10969,"{""type"": ""city""}","{""type"": ""location""}"
10970,"{""type"": ""weight""}","{""type"": ""weight""}"
10971,"{""type"": ""state""}","{""type"": ""state""}"
10972,"{""type"": ""description""}","{""type"": ""description""}"
10973,"{""type"": ""name""}","{""type"": ""name""}"
10974,"{""type"": ""code""}","{""type"": ""code""}"
10975,"{""type"": ""description""}","{""type"": ""description""}"
10976,"{""type"": ""description""}","{""type"": ""description""}"
10977,"{""type"": ""description""}","{""type"": ""description""}"
10978,"{""type"": ""description""}","{""type"": ""description""}"
10979,"{""type"": ""description""}","{""type"": ""description""}"
10980,"{""type"": ""description""}","{""type"": ""description""}"
10981,"{""type"": ""company""}","{""type"": ""company""}"
10982,"{""type"": ""album""}","{""type"": ""album""}"
10983,"{""type"": ""result""}","{""type"": ""result""}"
10984,"{""type"": ""country""}","{""type"": ""country""}"
10985,"{""type"": ""state""}","{""type"": ""state""}"
10986,"{""type"": ""weight""}","{""type"": ""weight""}"
10987,"{""type"": ""rank""}","{""type"": ""rank""}"
10988,"{""type"": ""notes""}","{""type"": ""notes""}"
10989,"{""type"": ""team""}","{""type"": ""teamname""}"
10990,"{""type"": ""name""}","{""type"": ""name""}"
10991,"{""type"": ""name""}","{""type"": ""name""}"
10992,"{""type"": ""type""}","{""type"": ""type""}"
10993,"{""type"": ""name""}","{""type"": ""name""}"
10994,"{""type"": ""type""}","{""type"": ""type""}"
10995,"{""type"": ""status""}","{""type"": ""status""}"
10996,"{""type"": ""age""}","{""type"": ""age""}"
10997,"{""type"": ""year""}","{""type"": ""year""}"
10998,"{""type"": ""name""}","{""type"": ""name""}"
10999,"{""type"": ""name""}","{""type"": ""name""}"
11000,"{""type"": ""team""}","{""type"": ""team""}"
11001,"{""type"": ""manufacturer""}","{""type"": ""description""}"
11002,"{""type"": ""rank""}","{""type"": ""rank""}"
11003,"{""type"": ""artist""}","{""type"": ""artist""}"
11004,"{""type"": ""description""}","{""type"": ""description""}"
11005,"{""type"": ""year""}","{""type"": ""year""}"
11006,"{""type"": ""country""}","{""type"": ""country""}"
11007,"{""type"": ""country""}","{""type"": ""country""}"
11008,"{""type"": ""country""}","{""type"": ""country""}"
11009,"{""type"": ""country""}","{""type"": ""country""}"
11010,"{""type"": ""country""}","{""type"": ""country""}"
11011,"{""type"": ""name""}","{""type"": ""name""}"
11012,"{""type"": ""weight""}","{""type"": ""weight""}"
11013,"{""type"": ""name""}","{""type"": ""name""}"
11014,"{""type"": ""location""}","{""type"": ""location""}"
11015,"{""type"": ""team""}","{""type"": ""team""}"
11016,"{""type"": ""description""}","{""type"": ""description""}"
11017,"{""type"": ""rank""}","{""type"": ""rank""}"
11018,"{""type"": ""age""}","{""type"": ""age""}"
11019,"{""type"": ""format""}","{""type"": ""format""}"
11020,"{""type"": ""weight""}","{""type"": ""weight""}"
11021,"{""type"": ""rank""}","{""type"": ""rank""}"
11022,"{""type"": ""age""}","{""type"": ""age""}"
11023,"{""type"": ""age""}","{""type"": ""age""}"
11024,"{""type"": ""age""}","{""type"": ""age""}"
11025,"{""type"": ""age""}","{""type"": ""age""}"
11026,"{""type"": ""age""}","{""type"": ""age""}"
11027,"{""type"": ""age""}","{""type"": ""age""}"
11028,"{""type"": ""position""}","{""type"": ""description""}"
11029,"{""type"": ""description""}","{""type"": ""description""}"
11030,"{""type"": ""description""}","{""type"": ""description""}"
11031,"{""type"": ""description""}","{""type"": ""description""}"
11032,"{""type"": ""city""}","{""type"": ""city""}"
11033,"{""type"": ""name""}","{""type"": ""name""}"
11034,"{""type"": ""name""}","{""type"": ""name""}"
11035,"{""type"": ""name""}","{""type"": ""name""}"
11036,"{""type"": ""name""}","{""type"": ""name""}"
11037,"{""type"": ""name""}","{""type"": ""name""}"
11038,"{""type"": ""club""}","{""type"": ""club""}"
11039,"{""type"": ""notes""}","{""type"": ""description""}"
11040,"{""type"": ""gender""}","{""type"": ""gender""}"
11041,"{""type"": ""weight""}","{""type"": ""weight""}"
11042,"{""type"": ""ranking""}","{""type"": ""ranking""}"
11043,"{""type"": ""album""}","{""type"": ""artist""}"
11044,"{""type"": ""age""}","{""type"": ""rank""}"
11045,"{""type"": ""city""}","{""type"": ""city""}"
11046,"{""type"": ""name""}","{""type"": ""name""}"
11047,"{""type"": ""location""}","{""type"": ""location""}"
11048,"{""type"": ""city""}","{""type"": ""city""}"
11049,"{""type"": ""weight""}","{""type"": ""area""}"
11050,"{""type"": ""location""}","{""type"": ""location""}"
11051,"{""type"": ""city""}","{""type"": ""city""}"
11052,"{""type"": ""weight""}","{""type"": ""weight""}"
11053,"{""type"": ""location""}","{""type"": ""location""}"
11054,"{""type"": ""format""}","{""type"": ""type""}"
11055,"{""type"": ""location""}","{""type"": ""location""}"
11056,"{""type"": ""team""}","{""type"": ""team""}"
11057,"{""type"": ""rank""}","{""type"": ""rank""}"
11058,"{""type"": ""rank""}","{""type"": ""rank""}"
11059,"{""type"": ""rank""}","{""type"": ""rank""}"
11060,"{""type"": ""rank""}","{""type"": ""rank""}"
11061,"{""type"": ""rank""}","{""type"": ""rank""}"
11062,"{""type"": ""age""}","{""type"": ""age""}"
11063,"{""type"": ""description""}","{""type"": ""description""}"
11064,"{""type"": ""country""}","{""type"": ""team""}"
11065,"{""type"": ""gender""}","{""type"": ""gender""}"
11066,"{""type"": ""code""}","{""type"": ""code""}"
11067,"{""type"": ""code""}","{""type"": ""code""}"
11068,"{""type"": ""name""}","{""type"": ""name""}"
11069,"{""type"": ""status""}","{""type"": ""status""}"
11070,"{""type"": ""jockey""}","{""type"": ""jockey""}"
11071,"{""type"": ""name""}","{""type"": ""name""}"
11072,"{""type"": ""name""}","{""type"": ""name""}"
11073,"{""type"": ""name""}","{""type"": ""name""}"
11074,"{""type"": ""age""}","{""type"": ""age""}"
11075,"{""type"": ""description""}","{""type"": ""description""}"
11076,"{""type"": ""name""}","{""type"": ""name""}"
11077,"{""type"": ""description""}","{""type"": ""description""}"
11078,"{""type"": ""artist""}","{""type"": ""artist""}"
11079,"{""type"": ""location""}","{""type"": ""location""}"
11080,"{""type"": ""status""}","{""type"": ""status""}"
11081,"{""type"": ""city""}","{""type"": ""city""}"
11082,"{""type"": ""city""}","{""type"": ""city""}"
11083,"{""type"": ""city""}","{""type"": ""city""}"
11084,"{""type"": ""city""}","{""type"": ""city""}"
11085,"{""type"": ""city""}","{""type"": ""location""}"
11086,"{""type"": ""weight""}","{""type"": ""weight""}"
11087,"{""type"": ""class""}","{""type"": ""class""}"
11088,"{""type"": ""name""}","{""type"": ""name""}"
11089,"{""type"": ""description""}","{""type"": ""description""}"
11090,"{""type"": ""name""}","{""type"": ""name""}"
11091,"{""type"": ""company""}","{""type"": ""company""}"
11092,"{""type"": ""result""}","{""type"": ""result""}"
11093,"{""type"": ""name""}","{""type"": ""name""}"
11094,"{""type"": ""name""}","{""type"": ""name""}"
11095,"{""type"": ""owner""}","{""type"": ""owner""}"
11096,"{""type"": ""state""}","{""type"": ""state""}"
11097,"{""type"": ""state""}","{""type"": ""state""}"
11098,"{""type"": ""state""}","{""type"": ""state""}"
11099,"{""type"": ""state""}","{""type"": ""state""}"
11100,"{""type"": ""state""}","{""type"": ""state""}"
11101,"{""type"": ""weight""}","{""type"": ""weight""}"
11102,"{""type"": ""location""}","{""type"": ""location""}"
11103,"{""type"": ""city""}","{""type"": ""city""}"
11104,"{""type"": ""description""}","{""type"": ""description""}"
11105,"{""type"": ""code""}","{""type"": ""code""}"
11106,"{""type"": ""city""}","{""type"": ""city""}"
11107,"{""type"": ""year""}","{""type"": ""year""}"
11108,"{""type"": ""year""}","{""type"": ""year""}"
11109,"{""type"": ""year""}","{""type"": ""year""}"
11110,"{""type"": ""year""}","{""type"": ""year""}"
11111,"{""type"": ""year""}","{""type"": ""year""}"
11112,"{""type"": ""category""}","{""type"": ""category""}"
11113,"{""type"": ""album""}","{""type"": ""album""}"
11114,"{""type"": ""club""}","{""type"": ""club""}"
11115,"{""type"": ""status""}","{""type"": ""status""}"
11116,"{""type"": ""rank""}","{""type"": ""rank""}"
11117,"{""type"": ""city""}","{""type"": ""city""}"
11118,"{""type"": ""category""}","{""type"": ""category""}"
11119,"{""type"": ""category""}","{""type"": ""category""}"
11120,"{""type"": ""category""}","{""type"": ""category""}"
11121,"{""type"": ""category""}","{""type"": ""category""}"
11122,"{""type"": ""category""}","{""type"": ""category""}"
11123,"{""type"": ""rank""}","{""type"": ""rank""}"
11124,"{""type"": ""year""}","{""type"": ""year""}"
11125,"{""type"": ""weight""}","{""type"": ""weight""}"
11126,"{""type"": ""status""}","{""type"": ""status""}"
11127,"{""type"": ""age""}","{""type"": ""age""}"
11128,"{""type"": ""state""}","{""type"": ""state""}"
11129,"{""type"": ""name""}","{""type"": ""name""}"
11130,"{""type"": ""day""}","{""type"": ""day""}"
11131,"{""type"": ""symbol""}","{""type"": ""symbol""}"
11132,"{""type"": ""age""}","{""type"": ""age""}"
11133,"{""type"": ""symbol""}","{""type"": ""symbol""}"
11134,"{""type"": ""location""}","{""type"": ""location""}"
11135,"{""type"": ""gender""}","{""type"": ""gender""}"
11136,"{""type"": ""code""}","{""type"": ""code""}"
11137,"{""type"": ""description""}","{""type"": ""description""}"
11138,"{""type"": ""city""}","{""type"": ""city""}"
11139,"{""type"": ""team""}","{""type"": ""team""}"
11140,"{""type"": ""weight""}","{""type"": ""weight""}"
11141,"{""type"": ""state""}","{""type"": ""state""}"
11142,"{""type"": ""name""}","{""type"": ""name""}"
11143,"{""type"": ""state""}","{""type"": ""state""}"
11144,"{""type"": ""name""}","{""type"": ""name""}"
11145,"{""type"": ""name""}","{""type"": ""name""}"
11146,"{""type"": ""name""}","{""type"": ""name""}"
11147,"{""type"": ""weight""}","{""type"": ""weight""}"
11148,"{""type"": ""position""}","{""type"": ""position""}"
11149,"{""type"": ""company""}","{""type"": ""company""}"
11150,"{""type"": ""team""}","{""type"": ""team""}"
11151,"{""type"": ""state""}","{""type"": ""state""}"
11152,"{""type"": ""location""}","{""type"": ""location""}"
11153,"{""type"": ""rank""}","{""type"": ""rank""}"
11154,"{""type"": ""rank""}","{""type"": ""rank""}"
11155,"{""type"": ""rank""}","{""type"": ""rank""}"
11156,"{""type"": ""rank""}","{""type"": ""rank""}"
11157,"{""type"": ""rank""}","{""type"": ""rank""}"
11158,"{""type"": ""type""}","{""type"": ""type""}"
11159,"{""type"": ""location""}","{""type"": ""location""}"
11160,"{""type"": ""status""}","{""type"": ""status""}"
11161,"{""type"": ""status""}","{""type"": ""status""}"
11162,"{""type"": ""age""}","{""type"": ""age""}"
11163,"{""type"": ""team""}","{""type"": ""team""}"
11164,"{""type"": ""description""}","{""type"": ""description""}"
11165,"{""type"": ""name""}","{""type"": ""name""}"
11166,"{""type"": ""age""}","{""type"": ""age""}"
11167,"{""type"": ""city""}","{""type"": ""city""}"
11168,"{""type"": ""city""}","{""type"": ""city""}"
11169,"{""type"": ""city""}","{""type"": ""city""}"
11170,"{""type"": ""city""}","{""type"": ""city""}"
11171,"{""type"": ""city""}","{""type"": ""city""}"
11172,"{""type"": ""code""}","{""type"": ""code""}"
11173,"{""type"": ""category""}","{""type"": ""category""}"
11174,"{""type"": ""code""}","{""type"": ""code""}"
11175,"{""type"": ""name""}","{""type"": ""name""}"
11176,"{""type"": ""name""}","{""type"": ""name""}"
11177,"{""type"": ""year""}","{""type"": ""year""}"
11178,"{""type"": ""address""}","{""type"": ""address""}"
11179,"{""type"": ""position""}","{""type"": ""position""}"
11180,"{""type"": ""state""}","{""type"": ""state""}"
11181,"{""type"": ""state""}","{""type"": ""state""}"
11182,"{""type"": ""state""}","{""type"": ""state""}"
11183,"{""type"": ""state""}","{""type"": ""state""}"
11184,"{""type"": ""state""}","{""type"": ""state""}"
11185,"{""type"": ""position""}","{""type"": ""position""}"
11186,"{""type"": ""status""}","{""type"": ""status""}"
11187,"{""type"": ""location""}","{""type"": ""location""}"
11188,"{""type"": ""symbol""}","{""type"": ""symbol""}"
11189,"{""type"": ""status""}","{""type"": ""status""}"
11190,"{""type"": ""name""}","{""type"": ""name""}"
11191,"{""type"": ""name""}","{""type"": ""name""}"
11192,"{""type"": ""rank""}","{""type"": ""rank""}"
11193,"{""type"": ""weight""}","{""type"": ""weight""}"
11194,"{""type"": ""artist""}","{""type"": ""artist""}"
11195,"{""type"": ""club""}","{""type"": ""club""}"
11196,"{""type"": ""description""}","{""type"": ""description""}"
11197,"{""type"": ""description""}","{""type"": ""description""}"
11198,"{""type"": ""category""}","{""type"": ""category""}"
11199,"{""type"": ""location""}","{""type"": ""location""}"
11200,"{""type"": ""owner""}","{""type"": ""owner""}"
11201,"{""type"": ""name""}","{""type"": ""name""}"
11202,"{""type"": ""team""}","{""type"": ""team""}"
11203,"{""type"": ""age""}","{""type"": ""age""}"
11204,"{""type"": ""type""}","{""type"": ""name""}"
11205,"{""type"": ""sex""}","{""type"": ""sex""}"
11206,"{""type"": ""filesize""}","{""type"": ""filesize""}"
11207,"{""type"": ""team""}","{""type"": ""team""}"
11208,"{""type"": ""age""}","{""type"": ""age""}"
11209,"{""type"": ""code""}","{""type"": ""code""}"
11210,"{""type"": ""category""}","{""type"": ""album""}"
11211,"{""type"": ""city""}","{""type"": ""city""}"
11212,"{""type"": ""category""}","{""type"": ""category""}"
11213,"{""type"": ""type""}","{""type"": ""type""}"
11214,"{""type"": ""club""}","{""type"": ""name""}"
11215,"{""type"": ""type""}","{""type"": ""type""}"
11216,"{""type"": ""team""}","{""type"": ""team""}"
11217,"{""type"": ""name""}","{""type"": ""name""}"
11218,"{""type"": ""description""}","{""type"": ""description""}"
11219,"{""type"": ""name""}","{""type"": ""name""}"
11220,"{""type"": ""code""}","{""type"": ""code""}"
11221,"{""type"": ""weight""}","{""type"": ""weight""}"
11222,"{""type"": ""name""}","{""type"": ""name""}"
11223,"{""type"": ""code""}","{""type"": ""code""}"
11224,"{""type"": ""age""}","{""type"": ""age""}"
11225,"{""type"": ""city""}","{""type"": ""city""}"
11226,"{""type"": ""state""}","{""type"": ""state""}"
11227,"{""type"": ""weight""}","{""type"": ""weight""}"
11228,"{""type"": ""description""}","{""type"": ""description""}"
11229,"{""type"": ""description""}","{""type"": ""description""}"
11230,"{""type"": ""name""}","{""type"": ""name""}"
11231,"{""type"": ""code""}","{""type"": ""type""}"
11232,"{""type"": ""description""}","{""type"": ""description""}"
11233,"{""type"": ""club""}","{""type"": ""club""}"
11234,"{""type"": ""name""}","{""type"": ""name""}"
11235,"{""type"": ""age""}","{""type"": ""age""}"
11236,"{""type"": ""type""}","{""type"": ""type""}"
11237,"{""type"": ""age""}","{""type"": ""rank""}"
11238,"{""type"": ""album""}","{""type"": ""album""}"
11239,"{""type"": ""age""}","{""type"": ""age""}"
11240,"{""type"": ""isbn""}","{""type"": ""isbn""}"
11241,"{""type"": ""age""}","{""type"": ""age""}"
11242,"{""type"": ""type""}","{""type"": ""type""}"
11243,"{""type"": ""code""}","{""type"": ""code""}"
11244,"{""type"": ""state""}","{""type"": ""state""}"
11245,"{""type"": ""name""}","{""type"": ""name""}"
11246,"{""type"": ""name""}","{""type"": ""name""}"
11247,"{""type"": ""name""}","{""type"": ""name""}"
11248,"{""type"": ""name""}","{""type"": ""name""}"
11249,"{""type"": ""name""}","{""type"": ""name""}"
11250,"{""type"": ""location""}","{""type"": ""city""}"
11251,"{""type"": ""name""}","{""type"": ""name""}"
11252,"{""type"": ""artist""}","{""type"": ""artist""}"
11253,"{""type"": ""club""}","{""type"": ""club""}"
11254,"{""type"": ""name""}","{""type"": ""name""}"
11255,"{""type"": ""age""}","{""type"": ""age""}"
11256,"{""type"": ""name""}","{""type"": ""name""}"
11257,"{""type"": ""description""}","{""type"": ""description""}"
11258,"{""type"": ""city""}","{""type"": ""city""}"
11259,"{""type"": ""description""}","{""type"": ""description""}"
11260,"{""type"": ""age""}","{""type"": ""age""}"
11261,"{""type"": ""age""}","{""type"": ""age""}"
11262,"{""type"": ""rank""}","{""type"": ""rank""}"
11263,"{""type"": ""name""}","{""type"": ""name""}"
11264,"{""type"": ""description""}","{""type"": ""description""}"
11265,"{""type"": ""name""}","{""type"": ""name""}"
11266,"{""type"": ""symbol""}","{""type"": ""symbol""}"
11267,"{""type"": ""city""}","{""type"": ""city""}"
11268,"{""type"": ""description""}","{""type"": ""description""}"
11269,"{""type"": ""team""}","{""type"": ""team""}"
11270,"{""type"": ""format""}","{""type"": ""format""}"
11271,"{""type"": ""position""}","{""type"": ""position""}"
11272,"{""type"": ""rank""}","{""type"": ""rank""}"
11273,"{""type"": ""weight""}","{""type"": ""weight""}"
11274,"{""type"": ""rank""}","{""type"": ""rank""}"
11275,"{""type"": ""weight""}","{""type"": ""rank""}"
11276,"{""type"": ""name""}","{""type"": ""name""}"
11277,"{""type"": ""weight""}","{""type"": ""weight""}"
11278,"{""type"": ""album""}","{""type"": ""album""}"
11279,"{""type"": ""name""}","{""type"": ""name""}"
11280,"{""type"": ""name""}","{""type"": ""name""}"
11281,"{""type"": ""name""}","{""type"": ""name""}"
11282,"{""type"": ""name""}","{""type"": ""name""}"
11283,"{""type"": ""name""}","{""type"": ""name""}"
11284,"{""type"": ""team""}","{""type"": ""club""}"
11285,"{""type"": ""address""}","{""type"": ""address""}"
11286,"{""type"": ""state""}","{""type"": ""state""}"
11287,"{""type"": ""age""}","{""type"": ""rank""}"
11288,"{""type"": ""description""}","{""type"": ""description""}"
11289,"{""type"": ""category""}","{""type"": ""category""}"
11290,"{""type"": ""description""}","{""type"": ""description""}"
11291,"{""type"": ""status""}","{""type"": ""status""}"
11292,"{""type"": ""state""}","{""type"": ""state""}"
11293,"{""type"": ""position""}","{""type"": ""position""}"
11294,"{""type"": ""state""}","{""type"": ""state""}"
11295,"{""type"": ""state""}","{""type"": ""state""}"
11296,"{""type"": ""state""}","{""type"": ""state""}"
11297,"{""type"": ""state""}","{""type"": ""state""}"
11298,"{""type"": ""state""}","{""type"": ""state""}"
11299,"{""type"": ""company""}","{""type"": ""company""}"
11300,"{""type"": ""code""}","{""type"": ""code""}"
11301,"{""type"": ""country""}","{""type"": ""country""}"
11302,"{""type"": ""description""}","{""type"": ""description""}"
11303,"{""type"": ""county""}","{""type"": ""county""}"
11304,"{""type"": ""state""}","{""type"": ""state""}"
11305,"{""type"": ""name""}","{""type"": ""name""}"
11306,"{""type"": ""code""}","{""type"": ""code""}"
11307,"{""type"": ""age""}","{""type"": ""age""}"
11308,"{""type"": ""status""}","{""type"": ""status""}"
11309,"{""type"": ""code""}","{""type"": ""code""}"
11310,"{""type"": ""position""}","{""type"": ""position""}"
11311,"{""type"": ""category""}","{""type"": ""category""}"
11312,"{""type"": ""description""}","{""type"": ""description""}"
11313,"{""type"": ""status""}","{""type"": ""status""}"
11314,"{""type"": ""genre""}","{""type"": ""genre""}"
11315,"{""type"": ""gender""}","{""type"": ""gender""}"
11316,"{""type"": ""age""}","{""type"": ""age""}"
11317,"{""type"": ""description""}","{""type"": ""description""}"
11318,"{""type"": ""notes""}","{""type"": ""notes""}"
11319,"{""type"": ""description""}","{""type"": ""description""}"
11320,"{""type"": ""weight""}","{""type"": ""weight""}"
11321,"{""type"": ""team""}","{""type"": ""country""}"
11322,"{""type"": ""description""}","{""type"": ""description""}"
11323,"{""type"": ""location""}","{""type"": ""location""}"
11324,"{""type"": ""weight""}","{""type"": ""weight""}"
11325,"{""type"": ""city""}","{""type"": ""city""}"
11326,"{""type"": ""club""}","{""type"": ""club""}"
11327,"{""type"": ""year""}","{""type"": ""year""}"
11328,"{""type"": ""name""}","{""type"": ""name""}"
11329,"{""type"": ""state""}","{""type"": ""state""}"
11330,"{""type"": ""weight""}","{""type"": ""weight""}"
11331,"{""type"": ""weight""}","{""type"": ""weight""}"
11332,"{""type"": ""jockey""}","{""type"": ""name""}"
11333,"{""type"": ""rank""}","{""type"": ""rank""}"
11334,"{""type"": ""rank""}","{""type"": ""rank""}"
11335,"{""type"": ""rank""}","{""type"": ""rank""}"
11336,"{""type"": ""rank""}","{""type"": ""rank""}"
11337,"{""type"": ""rank""}","{""type"": ""rank""}"
11338,"{""type"": ""code""}","{""type"": ""code""}"
11339,"{""type"": ""type""}","{""type"": ""gender""}"
11340,"{""type"": ""order""}","{""type"": ""order""}"
11341,"{""type"": ""year""}","{""type"": ""year""}"
11342,"{""type"": ""type""}","{""type"": ""type""}"
11343,"{""type"": ""status""}","{""type"": ""status""}"
11344,"{""type"": ""description""}","{""type"": ""description""}"
11345,"{""type"": ""state""}","{""type"": ""state""}"
11346,"{""type"": ""description""}","{""type"": ""description""}"
11347,"{""type"": ""name""}","{""type"": ""name""}"
11348,"{""type"": ""symbol""}","{""type"": ""symbol""}"
11349,"{""type"": ""gender""}","{""type"": ""gender""}"
11350,"{""type"": ""type""}","{""type"": ""type""}"
11351,"{""type"": ""album""}","{""type"": ""album""}"
11352,"{""type"": ""team""}","{""type"": ""team""}"
11353,"{""type"": ""type""}","{""type"": ""type""}"
11354,"{""type"": ""location""}","{""type"": ""location""}"
11355,"{""type"": ""class""}","{""type"": ""class""}"
11356,"{""type"": ""name""}","{""type"": ""name""}"
11357,"{""type"": ""location""}","{""type"": ""location""}"
11358,"{""type"": ""name""}","{""type"": ""name""}"
11359,"{""type"": ""state""}","{""type"": ""state""}"
11360,"{""type"": ""state""}","{""type"": ""state""}"
11361,"{""type"": ""state""}","{""type"": ""state""}"
11362,"{""type"": ""state""}","{""type"": ""state""}"
11363,"{""type"": ""state""}","{""type"": ""state""}"
11364,"{""type"": ""symbol""}","{""type"": ""symbol""}"
11365,"{""type"": ""city""}","{""type"": ""city""}"
11366,"{""type"": ""county""}","{""type"": ""county""}"
11367,"{""type"": ""team""}","{""type"": ""team""}"
11368,"{""type"": ""team""}","{""type"": ""team""}"
11369,"{""type"": ""birthdate""}","{""type"": ""birthdate""}"
11370,"{""type"": ""age""}","{""type"": ""age""}"
11371,"{""type"": ""weight""}","{""type"": ""weight""}"
11372,"{""type"": ""affiliation""}","{""type"": ""affiliation""}"
11373,"{""type"": ""album""}","{""type"": ""album""}"
11374,"{""type"": ""day""}","{""type"": ""day""}"
11375,"{""type"": ""company""}","{""type"": ""company""}"
11376,"{""type"": ""weight""}","{""type"": ""weight""}"
11377,"{""type"": ""year""}","{""type"": ""year""}"
11378,"{""type"": ""artist""}","{""type"": ""artist""}"
11379,"{""type"": ""name""}","{""type"": ""name""}"
11380,"{""type"": ""age""}","{""type"": ""rank""}"
11381,"{""type"": ""description""}","{""type"": ""description""}"
11382,"{""type"": ""description""}","{""type"": ""description""}"
11383,"{""type"": ""category""}","{""type"": ""category""}"
11384,"{""type"": ""category""}","{""type"": ""category""}"
11385,"{""type"": ""club""}","{""type"": ""club""}"
11386,"{""type"": ""name""}","{""type"": ""name""}"
11387,"{""type"": ""symbol""}","{""type"": ""symbol""}"
11388,"{""type"": ""status""}","{""type"": ""status""}"
11389,"{""type"": ""status""}","{""type"": ""status""}"
11390,"{""type"": ""name""}","{""type"": ""name""}"
11391,"{""type"": ""city""}","{""type"": ""city""}"
11392,"{""type"": ""club""}","{""type"": ""club""}"
11393,"{""type"": ""club""}","{""type"": ""club""}"
11394,"{""type"": ""country""}","{""type"": ""country""}"
11395,"{""type"": ""name""}","{""type"": ""name""}"
11396,"{""type"": ""weight""}","{""type"": ""weight""}"
11397,"{""type"": ""club""}","{""type"": ""club""}"
11398,"{""type"": ""company""}","{""type"": ""company""}"
11399,"{""type"": ""city""}","{""type"": ""city""}"
11400,"{""type"": ""city""}","{""type"": ""city""}"
11401,"{""type"": ""city""}","{""type"": ""city""}"
11402,"{""type"": ""city""}","{""type"": ""city""}"
11403,"{""type"": ""city""}","{""type"": ""city""}"
11404,"{""type"": ""name""}","{""type"": ""name""}"
11405,"{""type"": ""artist""}","{""type"": ""artist""}"
11406,"{""type"": ""age""}","{""type"": ""age""}"
11407,"{""type"": ""city""}","{""type"": ""city""}"
11408,"{""type"": ""position""}","{""type"": ""position""}"
11409,"{""type"": ""age""}","{""type"": ""age""}"
11410,"{""type"": ""year""}","{""type"": ""year""}"
11411,"{""type"": ""isbn""}","{""type"": ""isbn""}"
11412,"{""type"": ""year""}","{""type"": ""year""}"
11413,"{""type"": ""state""}","{""type"": ""state""}"
11414,"{""type"": ""state""}","{""type"": ""state""}"
11415,"{""type"": ""state""}","{""type"": ""state""}"
11416,"{""type"": ""state""}","{""type"": ""state""}"
11417,"{""type"": ""state""}","{""type"": ""state""}"
11418,"{""type"": ""status""}","{""type"": ""status""}"
11419,"{""type"": ""description""}","{""type"": ""description""}"
11420,"{""type"": ""age""}","{""type"": ""age""}"
11421,"{""type"": ""age""}","{""type"": ""age""}"
11422,"{""type"": ""year""}","{""type"": ""year""}"
11423,"{""type"": ""language""}","{""type"": ""language""}"
11424,"{""type"": ""name""}","{""type"": ""name""}"
11425,"{""type"": ""name""}","{""type"": ""name""}"
11426,"{""type"": ""age""}","{""type"": ""age""}"
11427,"{""type"": ""category""}","{""type"": ""category""}"
11428,"{""type"": ""rank""}","{""type"": ""rank""}"
11429,"{""type"": ""rank""}","{""type"": ""rank""}"
11430,"{""type"": ""rank""}","{""type"": ""rank""}"
11431,"{""type"": ""rank""}","{""type"": ""rank""}"
11432,"{""type"": ""rank""}","{""type"": ""rank""}"
11433,"{""type"": ""album""}","{""type"": ""album""}"
11434,"{""type"": ""state""}","{""type"": ""state""}"
11435,"{""type"": ""description""}","{""type"": ""description""}"
11436,"{""type"": ""rank""}","{""type"": ""position""}"
11437,"{""type"": ""name""}","{""type"": ""name""}"
11438,"{""type"": ""category""}","{""type"": ""category""}"
11439,"{""type"": ""description""}","{""type"": ""description""}"
11440,"{""type"": ""code""}","{""type"": ""code""}"
11441,"{""type"": ""code""}","{""type"": ""code""}"
11442,"{""type"": ""code""}","{""type"": ""code""}"
11443,"{""type"": ""city""}","{""type"": ""city""}"
11444,"{""type"": ""year""}","{""type"": ""year""}"
11445,"{""type"": ""city""}","{""type"": ""city""}"
11446,"{""type"": ""name""}","{""type"": ""name""}"
11447,"{""type"": ""name""}","{""type"": ""name""}"
11448,"{""type"": ""name""}","{""type"": ""name""}"
11449,"{""type"": ""county""}","{""type"": ""county""}"
11450,"{""type"": ""type""}","{""type"": ""type""}"
11451,"{""type"": ""type""}","{""type"": ""type""}"
11452,"{""type"": ""artist""}","{""type"": ""artist""}"
11453,"{""type"": ""code""}","{""type"": ""code""}"
11454,"{""type"": ""description""}","{""type"": ""description""}"
11455,"{""type"": ""category""}","{""type"": ""category""}"
11456,"{""type"": ""address""}","{""type"": ""address""}"
11457,"{""type"": ""description""}","{""type"": ""description""}"
11458,"{""type"": ""name""}","{""type"": ""name""}"
11459,"{""type"": ""state""}","{""type"": ""state""}"
11460,"{""type"": ""name""}","{""type"": ""name""}"
11461,"{""type"": ""code""}","{""type"": ""code""}"
11462,"{""type"": ""age""}","{""type"": ""age""}"
11463,"{""type"": ""product""}","{""type"": ""product""}"
11464,"{""type"": ""status""}","{""type"": ""status""}"
11465,"{""type"": ""weight""}","{""type"": ""weight""}"
11466,"{""type"": ""code""}","{""type"": ""code""}"
11467,"{""type"": ""weight""}","{""type"": ""weight""}"
11468,"{""type"": ""description""}","{""type"": ""description""}"
11469,"{""type"": ""name""}","{""type"": ""name""}"
11470,"{""type"": ""genre""}","{""type"": ""genre""}"
11471,"{""type"": ""city""}","{""type"": ""city""}"
11472,"{""type"": ""location""}","{""type"": ""location""}"
11473,"{""type"": ""name""}","{""type"": ""name""}"
11474,"{""type"": ""county""}","{""type"": ""county""}"
11475,"{""type"": ""album""}","{""type"": ""album""}"
11476,"{""type"": ""weight""}","{""type"": ""weight""}"
11477,"{""type"": ""code""}","{""type"": ""code""}"
11478,"{""type"": ""sex""}","{""type"": ""sex""}"
11479,"{""type"": ""name""}","{""type"": ""name""}"
11480,"{""type"": ""code""}","{""type"": ""code""}"
11481,"{""type"": ""description""}","{""type"": ""description""}"
11482,"{""type"": ""status""}","{""type"": ""status""}"
11483,"{""type"": ""album""}","{""type"": ""album""}"
11484,"{""type"": ""description""}","{""type"": ""description""}"
11485,"{""type"": ""notes""}","{""type"": ""notes""}"
11486,"{""type"": ""team""}","{""type"": ""teamname""}"
11487,"{""type"": ""description""}","{""type"": ""description""}"
11488,"{""type"": ""rank""}","{""type"": ""rank""}"
11489,"{""type"": ""rank""}","{""type"": ""rank""}"
11490,"{""type"": ""rank""}","{""type"": ""rank""}"
11491,"{""type"": ""rank""}","{""type"": ""rank""}"
11492,"{""type"": ""rank""}","{""type"": ""rank""}"
11493,"{""type"": ""origin""}","{""type"": ""origin""}"
11494,"{""type"": ""teamname""}","{""type"": ""teamname""}"
11495,"{""type"": ""description""}","{""type"": ""description""}"
11496,"{""type"": ""status""}","{""type"": ""status""}"
11497,"{""type"": ""company""}","{""type"": ""company""}"
11498,"{""type"": ""name""}","{""type"": ""name""}"
11499,"{""type"": ""year""}","{""type"": ""year""}"
11500,"{""type"": ""code""}","{""type"": ""code""}"
11501,"{""type"": ""location""}","{""type"": ""location""}"
11502,"{""type"": ""city""}","{""type"": ""city""}"
11503,"{""type"": ""type""}","{""type"": ""type""}"
11504,"{""type"": ""status""}","{""type"": ""status""}"
11505,"{""type"": ""code""}","{""type"": ""code""}"
11506,"{""type"": ""rank""}","{""type"": ""rank""}"
11507,"{""type"": ""rank""}","{""type"": ""rank""}"
11508,"{""type"": ""rank""}","{""type"": ""rank""}"
11509,"{""type"": ""rank""}","{""type"": ""rank""}"
11510,"{""type"": ""rank""}","{""type"": ""rank""}"
11511,"{""type"": ""age""}","{""type"": ""age""}"
11512,"{""type"": ""gender""}","{""type"": ""gender""}"
11513,"{""type"": ""description""}","{""type"": ""description""}"
11514,"{""type"": ""description""}","{""type"": ""description""}"
11515,"{""type"": ""location""}","{""type"": ""location""}"
11516,"{""type"": ""name""}","{""type"": ""name""}"
11517,"{""type"": ""weight""}","{""type"": ""weight""}"
11518,"{""type"": ""age""}","{""type"": ""age""}"
11519,"{""type"": ""status""}","{""type"": ""status""}"
11520,"{""type"": ""name""}","{""type"": ""name""}"
11521,"{""type"": ""type""}","{""type"": ""type""}"
11522,"{""type"": ""description""}","{""type"": ""description""}"
11523,"{""type"": ""club""}","{""type"": ""club""}"
11524,"{""type"": ""symbol""}","{""type"": ""symbol""}"
11525,"{""type"": ""club""}","{""type"": ""club""}"
11526,"{""type"": ""name""}","{""type"": ""name""}"
11527,"{""type"": ""name""}","{""type"": ""name""}"
11528,"{""type"": ""club""}","{""type"": ""club""}"
11529,"{""type"": ""description""}","{""type"": ""description""}"
11530,"{""type"": ""gender""}","{""type"": ""gender""}"
11531,"{""type"": ""name""}","{""type"": ""name""}"
11532,"{""type"": ""name""}","{""type"": ""name""}"
11533,"{""type"": ""name""}","{""type"": ""name""}"
11534,"{""type"": ""location""}","{""type"": ""city""}"
11535,"{""type"": ""age""}","{""type"": ""age""}"
11536,"{""type"": ""state""}","{""type"": ""state""}"
11537,"{""type"": ""name""}","{""type"": ""name""}"
11538,"{""type"": ""location""}","{""type"": ""location""}"
11539,"{""type"": ""name""}","{""type"": ""name""}"
11540,"{""type"": ""name""}","{""type"": ""name""}"
11541,"{""type"": ""name""}","{""type"": ""name""}"
11542,"{""type"": ""name""}","{""type"": ""name""}"
11543,"{""type"": ""name""}","{""type"": ""name""}"
11544,"{""type"": ""age""}","{""type"": ""notes""}"
11545,"{""type"": ""result""}","{""type"": ""result""}"
11546,"{""type"": ""address""}","{""type"": ""address""}"
11547,"{""type"": ""owner""}","{""type"": ""owner""}"
11548,"{""type"": ""location""}","{""type"": ""location""}"
11549,"{""type"": ""product""}","{""type"": ""command""}"
11550,"{""type"": ""name""}","{""type"": ""village""}"
11551,"{""type"": ""name""}","{""type"": ""name""}"
11552,"{""type"": ""name""}","{""type"": ""name""}"
11553,"{""type"": ""album""}","{""type"": ""album""}"
11554,"{""type"": ""description""}","{""type"": ""description""}"
11555,"{""type"": ""code""}","{""type"": ""code""}"
11556,"{""type"": ""elevation""}","{""type"": ""elevation""}"
11557,"{""type"": ""code""}","{""type"": ""code""}"
11558,"{""type"": ""description""}","{""type"": ""description""}"
11559,"{""type"": ""description""}","{""type"": ""description""}"
11560,"{""type"": ""code""}","{""type"": ""code""}"
11561,"{""type"": ""company""}","{""type"": ""company""}"
11562,"{""type"": ""city""}","{""type"": ""city""}"
11563,"{""type"": ""notes""}","{""type"": ""notes""}"
11564,"{""type"": ""name""}","{""type"": ""name""}"
11565,"{""type"": ""year""}","{""type"": ""year""}"
11566,"{""type"": ""result""}","{""type"": ""result""}"
11567,"{""type"": ""name""}","{""type"": ""name""}"
11568,"{""type"": ""city""}","{""type"": ""city""}"
11569,"{""type"": ""team""}","{""type"": ""team""}"
11570,"{""type"": ""type""}","{""type"": ""type""}"
11571,"{""type"": ""team""}","{""type"": ""team""}"
11572,"{""type"": ""name""}","{""type"": ""name""}"
11573,"{""type"": ""team""}","{""type"": ""team""}"
11574,"{""type"": ""language""}","{""type"": ""language""}"
11575,"{""type"": ""code""}","{""type"": ""code""}"
11576,"{""type"": ""album""}","{""type"": ""album""}"
11577,"{""type"": ""code""}","{""type"": ""code""}"
11578,"{""type"": ""name""}","{""type"": ""name""}"
11579,"{""type"": ""weight""}","{""type"": ""weight""}"
11580,"{""type"": ""status""}","{""type"": ""status""}"
11581,"{""type"": ""weight""}","{""type"": ""weight""}"
11582,"{""type"": ""isbn""}","{""type"": ""isbn""}"
11583,"{""type"": ""city""}","{""type"": ""city""}"
11584,"{""type"": ""symbol""}","{""type"": ""symbol""}"
11585,"{""type"": ""category""}","{""type"": ""category""}"
11586,"{""type"": ""rank""}","{""type"": ""rank""}"
11587,"{""type"": ""year""}","{""type"": ""year""}"
11588,"{""type"": ""position""}","{""type"": ""position""}"
11589,"{""type"": ""status""}","{""type"": ""status""}"
11590,"{""type"": ""city""}","{""type"": ""city""}"
11591,"{""type"": ""country""}","{""type"": ""country""}"
11592,"{""type"": ""description""}","{""type"": ""description""}"
11593,"{""type"": ""weight""}","{""type"": ""weight""}"
11594,"{""type"": ""status""}","{""type"": ""status""}"
11595,"{""type"": ""description""}","{""type"": ""description""}"
11596,"{""type"": ""team""}","{""type"": ""team""}"
11597,"{""type"": ""elevation""}","{""type"": ""elevation""}"
11598,"{""type"": ""year""}","{""type"": ""year""}"
11599,"{""type"": ""name""}","{""type"": ""name""}"
11600,"{""type"": ""weight""}","{""type"": ""weight""}"
11601,"{""type"": ""age""}","{""type"": ""year""}"
11602,"{""type"": ""type""}","{""type"": ""type""}"
11603,"{""type"": ""year""}","{""type"": ""year""}"
11604,"{""type"": ""weight""}","{""type"": ""weight""}"
11605,"{""type"": ""status""}","{""type"": ""status""}"
11606,"{""type"": ""rank""}","{""type"": ""rank""}"
11607,"{""type"": ""rank""}","{""type"": ""rank""}"
11608,"{""type"": ""rank""}","{""type"": ""rank""}"
11609,"{""type"": ""rank""}","{""type"": ""age""}"
11610,"{""type"": ""rank""}","{""type"": ""rank""}"
11611,"{""type"": ""state""}","{""type"": ""state""}"
11612,"{""type"": ""name""}","{""type"": ""name""}"
11613,"{""type"": ""order""}","{""type"": ""status""}"
11614,"{""type"": ""code""}","{""type"": ""code""}"
11615,"{""type"": ""name""}","{""type"": ""name""}"
11616,"{""type"": ""city""}","{""type"": ""city""}"
11617,"{""type"": ""city""}","{""type"": ""city""}"
11618,"{""type"": ""city""}","{""type"": ""city""}"
11619,"{""type"": ""city""}","{""type"": ""city""}"
11620,"{""type"": ""city""}","{""type"": ""city""}"
11621,"{""type"": ""filesize""}","{""type"": ""capacity""}"
11622,"{""type"": ""species""}","{""type"": ""name""}"
11623,"{""type"": ""type""}","{""type"": ""status""}"
11624,"{""type"": ""age""}","{""type"": ""age""}"
11625,"{""type"": ""album""}","{""type"": ""album""}"
11626,"{""type"": ""status""}","{""type"": ""status""}"
11627,"{""type"": ""result""}","{""type"": ""result""}"
11628,"{""type"": ""result""}","{""type"": ""result""}"
11629,"{""type"": ""name""}","{""type"": ""name""}"
11630,"{""type"": ""club""}","{""type"": ""club""}"
11631,"{""type"": ""name""}","{""type"": ""name""}"
11632,"{""type"": ""name""}","{""type"": ""name""}"
11633,"{""type"": ""name""}","{""type"": ""name""}"
11634,"{""type"": ""name""}","{""type"": ""name""}"
11635,"{""type"": ""name""}","{""type"": ""name""}"
11636,"{""type"": ""result""}","{""type"": ""result""}"
11637,"{""type"": ""city""}","{""type"": ""city""}"
11638,"{""type"": ""weight""}","{""type"": ""weight""}"
11639,"{""type"": ""type""}","{""type"": ""type""}"
11640,"{""type"": ""class""}","{""type"": ""class""}"
11641,"{""type"": ""code""}","{""type"": ""code""}"
11642,"{""type"": ""name""}","{""type"": ""company""}"
11643,"{""type"": ""component""}","{""type"": ""name""}"
11644,"{""type"": ""weight""}","{""type"": ""weight""}"
11645,"{""type"": ""city""}","{""type"": ""city""}"
11646,"{""type"": ""elevation""}","{""type"": ""elevation""}"
11647,"{""type"": ""album""}","{""type"": ""album""}"
11648,"{""type"": ""description""}","{""type"": ""description""}"
11649,"{""type"": ""name""}","{""type"": ""name""}"
11650,"{""type"": ""category""}","{""type"": ""category""}"
11651,"{""type"": ""category""}","{""type"": ""category""}"
11652,"{""type"": ""status""}","{""type"": ""status""}"
11653,"{""type"": ""status""}","{""type"": ""status""}"
11654,"{""type"": ""status""}","{""type"": ""status""}"
11655,"{""type"": ""status""}","{""type"": ""status""}"
11656,"{""type"": ""status""}","{""type"": ""status""}"
11657,"{""type"": ""result""}","{""type"": ""result""}"
11658,"{""type"": ""team""}","{""type"": ""team""}"
11659,"{""type"": ""name""}","{""type"": ""name""}"
11660,"{""type"": ""symbol""}","{""type"": ""symbol""}"
11661,"{""type"": ""category""}","{""type"": ""category""}"
11662,"{""type"": ""rank""}","{""type"": ""rank""}"
11663,"{""type"": ""company""}","{""type"": ""company""}"
11664,"{""type"": ""type""}","{""type"": ""type""}"
11665,"{""type"": ""status""}","{""type"": ""status""}"
11666,"{""type"": ""code""}","{""type"": ""code""}"
11667,"{""type"": ""result""}","{""type"": ""result""}"
11668,"{""type"": ""code""}","{""type"": ""code""}"
11669,"{""type"": ""year""}","{""type"": ""year""}"
11670,"{""type"": ""name""}","{""type"": ""name""}"
11671,"{""type"": ""description""}","{""type"": ""description""}"
11672,"{""type"": ""status""}","{""type"": ""status""}"
11673,"{""type"": ""club""}","{""type"": ""club""}"
11674,"{""type"": ""gender""}","{""type"": ""gender""}"
11675,"{""type"": ""symbol""}","{""type"": ""symbol""}"
11676,"{""type"": ""status""}","{""type"": ""status""}"
11677,"{""type"": ""name""}","{""type"": ""name""}"
11678,"{""type"": ""team""}","{""type"": ""team""}"
11679,"{""type"": ""city""}","{""type"": ""city""}"
11680,"{""type"": ""year""}","{""type"": ""year""}"
11681,"{""type"": ""age""}","{""type"": ""age""}"
11682,"{""type"": ""result""}","{""type"": ""result""}"
11683,"{""type"": ""city""}","{""type"": ""city""}"
11684,"{""type"": ""weight""}","{""type"": ""weight""}"
11685,"{""type"": ""city""}","{""type"": ""city""}"
11686,"{""type"": ""description""}","{""type"": ""description""}"
11687,"{""type"": ""age""}","{""type"": ""age""}"
11688,"{""type"": ""company""}","{""type"": ""company""}"
11689,"{""type"": ""weight""}","{""type"": ""weight""}"
11690,"{""type"": ""club""}","{""type"": ""club""}"
11691,"{""type"": ""year""}","{""type"": ""year""}"
11692,"{""type"": ""status""}","{""type"": ""status""}"
11693,"{""type"": ""format""}","{""type"": ""type""}"
11694,"{""type"": ""location""}","{""type"": ""location""}"
11695,"{""type"": ""status""}","{""type"": ""status""}"
11696,"{""type"": ""artist""}","{""type"": ""artist""}"
11697,"{""type"": ""name""}","{""type"": ""name""}"
11698,"{""type"": ""artist""}","{""type"": ""artist""}"
11699,"{""type"": ""age""}","{""type"": ""age""}"
11700,"{""type"": ""status""}","{""type"": ""status""}"
11701,"{""type"": ""city""}","{""type"": ""city""}"
11702,"{""type"": ""album""}","{""type"": ""album""}"
11703,"{""type"": ""year""}","{""type"": ""year""}"
11704,"{""type"": ""team""}","{""type"": ""team""}"
11705,"{""type"": ""description""}","{""type"": ""description""}"
11706,"{""type"": ""position""}","{""type"": ""position""}"
11707,"{""type"": ""weight""}","{""type"": ""weight""}"
11708,"{""type"": ""club""}","{""type"": ""club""}"
11709,"{""type"": ""location""}","{""type"": ""location""}"
11710,"{""type"": ""weight""}","{""type"": ""weight""}"
11711,"{""type"": ""name""}","{""type"": ""name""}"
11712,"{""type"": ""team""}","{""type"": ""company""}"
11713,"{""type"": ""description""}","{""type"": ""description""}"
11714,"{""type"": ""club""}","{""type"": ""club""}"
11715,"{""type"": ""status""}","{""type"": ""status""}"
11716,"{""type"": ""age""}","{""type"": ""age""}"
11717,"{""type"": ""status""}","{""type"": ""status""}"
11718,"{""type"": ""team""}","{""type"": ""team""}"
11719,"{""type"": ""rank""}","{""type"": ""rank""}"
11720,"{""type"": ""creator""}","{""type"": ""owner""}"
11721,"{""type"": ""symbol""}","{""type"": ""symbol""}"
11722,"{""type"": ""publisher""}","{""type"": ""publisher""}"
11723,"{""type"": ""description""}","{""type"": ""description""}"
11724,"{""type"": ""code""}","{""type"": ""code""}"
11725,"{""type"": ""code""}","{""type"": ""code""}"
11726,"{""type"": ""gender""}","{""type"": ""gender""}"
11727,"{""type"": ""city""}","{""type"": ""city""}"
11728,"{""type"": ""description""}","{""type"": ""description""}"
11729,"{""type"": ""age""}","{""type"": ""age""}"
11730,"{""type"": ""rank""}","{""type"": ""rank""}"
11731,"{""type"": ""weight""}","{""type"": ""weight""}"
11732,"{""type"": ""city""}","{""type"": ""city""}"
11733,"{""type"": ""year""}","{""type"": ""year""}"
11734,"{""type"": ""position""}","{""type"": ""position""}"
11735,"{""type"": ""notes""}","{""type"": ""notes""}"
11736,"{""type"": ""duration""}","{""type"": ""age""}"
11737,"{""type"": ""format""}","{""type"": ""format""}"
11738,"{""type"": ""artist""}","{""type"": ""artist""}"
11739,"{""type"": ""language""}","{""type"": ""language""}"
11740,"{""type"": ""age""}","{""type"": ""age""}"
11741,"{""type"": ""weight""}","{""type"": ""weight""}"
11742,"{""type"": ""weight""}","{""type"": ""weight""}"
11743,"{""type"": ""category""}","{""type"": ""category""}"
11744,"{""type"": ""team""}","{""type"": ""team""}"
11745,"{""type"": ""description""}","{""type"": ""description""}"
11746,"{""type"": ""publisher""}","{""type"": ""publisher""}"
11747,"{""type"": ""city""}","{""type"": ""city""}"
11748,"{""type"": ""city""}","{""type"": ""city""}"
11749,"{""type"": ""city""}","{""type"": ""city""}"
11750,"{""type"": ""city""}","{""type"": ""city""}"
11751,"{""type"": ""city""}","{""type"": ""city""}"
11752,"{""type"": ""weight""}","{""type"": ""weight""}"
11753,"{""type"": ""city""}","{""type"": ""city""}"
11754,"{""type"": ""description""}","{""type"": ""description""}"
11755,"{""type"": ""rank""}","{""type"": ""rank""}"
11756,"{""type"": ""type""}","{""type"": ""type""}"
11757,"{""type"": ""name""}","{""type"": ""name""}"
11758,"{""type"": ""state""}","{""type"": ""state""}"
11759,"{""type"": ""isbn""}","{""type"": ""isbn""}"
11760,"{""type"": ""name""}","{""type"": ""name""}"
11761,"{""type"": ""code""}","{""type"": ""code""}"
11762,"{""type"": ""name""}","{""type"": ""name""}"
11763,"{""type"": ""rank""}","{""type"": ""rank""}"
11764,"{""type"": ""rank""}","{""type"": ""rank""}"
11765,"{""type"": ""weight""}","{""type"": ""weight""}"
11766,"{""type"": ""team""}","{""type"": ""team""}"
11767,"{""type"": ""age""}","{""type"": ""age""}"
11768,"{""type"": ""category""}","{""type"": ""category""}"
11769,"{""type"": ""company""}","{""type"": ""name""}"
11770,"{""type"": ""description""}","{""type"": ""description""}"
11771,"{""type"": ""state""}","{""type"": ""state""}"
11772,"{""type"": ""year""}","{""type"": ""year""}"
11773,"{""type"": ""location""}","{""type"": ""location""}"
11774,"{""type"": ""age""}","{""type"": ""age""}"
11775,"{""type"": ""description""}","{""type"": ""type""}"
11776,"{""type"": ""description""}","{""type"": ""type""}"
11777,"{""type"": ""description""}","{""type"": ""industry""}"
11778,"{""type"": ""description""}","{""type"": ""industry""}"
11779,"{""type"": ""description""}","{""type"": ""resources""}"
11780,"{""type"": ""name""}","{""type"": ""team""}"
11781,"{""type"": ""name""}","{""type"": ""club""}"
11782,"{""type"": ""name""}","{""type"": ""club""}"
11783,"{""type"": ""name""}","{""type"": ""team""}"
11784,"{""type"": ""name""}","{""type"": ""team""}"
11785,"{""type"": ""category""}","{""type"": ""category""}"
11786,"{""type"": ""status""}","{""type"": ""status""}"
11787,"{""type"": ""name""}","{""type"": ""name""}"
11788,"{""type"": ""age""}","{""type"": ""age""}"
11789,"{""type"": ""year""}","{""type"": ""year""}"
11790,"{""type"": ""state""}","{""type"": ""state""}"
11791,"{""type"": ""gender""}","{""type"": ""gender""}"
11792,"{""type"": ""location""}","{""type"": ""location""}"
11793,"{""type"": ""name""}","{""type"": ""name""}"
11794,"{""type"": ""name""}","{""type"": ""name""}"
11795,"{""type"": ""class""}","{""type"": ""class""}"
11796,"{""type"": ""weight""}","{""type"": ""weight""}"
11797,"{""type"": ""weight""}","{""type"": ""weight""}"
11798,"{""type"": ""weight""}","{""type"": ""weight""}"
11799,"{""type"": ""rank""}","{""type"": ""rank""}"
11800,"{""type"": ""age""}","{""type"": ""age""}"
11801,"{""type"": ""club""}","{""type"": ""club""}"
11802,"{""type"": ""city""}","{""type"": ""city""}"
11803,"{""type"": ""city""}","{""type"": ""city""}"
11804,"{""type"": ""city""}","{""type"": ""city""}"
11805,"{""type"": ""city""}","{""type"": ""city""}"
11806,"{""type"": ""city""}","{""type"": ""city""}"
11807,"{""type"": ""sex""}","{""type"": ""sex""}"
11808,"{""type"": ""manufacturer""}","{""type"": ""manufacturer""}"
11809,"{""type"": ""name""}","{""type"": ""name""}"
11810,"{""type"": ""age""}","{""type"": ""age""}"
11811,"{""type"": ""day""}","{""type"": ""day""}"
11812,"{""type"": ""status""}","{""type"": ""status""}"
11813,"{""type"": ""team""}","{""type"": ""status""}"
11814,"{""type"": ""name""}","{""type"": ""name""}"
11815,"{""type"": ""state""}","{""type"": ""state""}"
11816,"{""type"": ""name""}","{""type"": ""name""}"
11817,"{""type"": ""format""}","{""type"": ""format""}"
11818,"{""type"": ""age""}","{""type"": ""age""}"
11819,"{""type"": ""name""}","{""type"": ""name""}"
11820,"{""type"": ""weight""}","{""type"": ""weight""}"
11821,"{""type"": ""club""}","{""type"": ""club""}"
11822,"{""type"": ""age""}","{""type"": ""age""}"
11823,"{""type"": ""age""}","{""type"": ""age""}"
11824,"{""type"": ""age""}","{""type"": ""age""}"
11825,"{""type"": ""age""}","{""type"": ""age""}"
11826,"{""type"": ""age""}","{""type"": ""age""}"
11827,"{""type"": ""name""}","{""type"": ""name""}"
11828,"{""type"": ""city""}","{""type"": ""city""}"
11829,"{""type"": ""country""}","{""type"": ""country""}"
11830,"{""type"": ""genre""}","{""type"": ""genre""}"
11831,"{""type"": ""nationality""}","{""type"": ""nationality""}"
11832,"{""type"": ""weight""}","{""type"": ""weight""}"
11833,"{""type"": ""age""}","{""type"": ""age""}"
11834,"{""type"": ""name""}","{""type"": ""name""}"
11835,"{""type"": ""age""}","{""type"": ""age""}"
11836,"{""type"": ""team""}","{""type"": ""team""}"
11837,"{""type"": ""weight""}","{""type"": ""weight""}"
11838,"{""type"": ""weight""}","{""type"": ""weight""}"
11839,"{""type"": ""age""}","{""type"": ""age""}"
11840,"{""type"": ""type""}","{""type"": ""status""}"
11841,"{""type"": ""year""}","{""type"": ""year""}"
11842,"{""type"": ""sex""}","{""type"": ""sex""}"
11843,"{""type"": ""position""}","{""type"": ""position""}"
11844,"{""type"": ""rank""}","{""type"": ""class""}"
11845,"{""type"": ""code""}","{""type"": ""code""}"
11846,"{""type"": ""state""}","{""type"": ""state""}"
11847,"{""type"": ""code""}","{""type"": ""code""}"
11848,"{""type"": ""city""}","{""type"": ""city""}"
11849,"{""type"": ""name""}","{""type"": ""name""}"
11850,"{""type"": ""type""}","{""type"": ""status""}"
11851,"{""type"": ""position""}","{""type"": ""position""}"
11852,"{""type"": ""category""}","{""type"": ""category""}"
11853,"{""type"": ""symbol""}","{""type"": ""symbol""}"
11854,"{""type"": ""description""}","{""type"": ""description""}"
11855,"{""type"": ""year""}","{""type"": ""year""}"
11856,"{""type"": ""position""}","{""type"": ""position""}"
11857,"{""type"": ""description""}","{""type"": ""description""}"
11858,"{""type"": ""name""}","{""type"": ""name""}"
11859,"{""type"": ""status""}","{""type"": ""status""}"
11860,"{""type"": ""position""}","{""type"": ""position""}"
11861,"{""type"": ""notes""}","{""type"": ""description""}"
11862,"{""type"": ""age""}","{""type"": ""age""}"
11863,"{""type"": ""name""}","{""type"": ""name""}"
11864,"{""type"": ""name""}","{""type"": ""name""}"
11865,"{""type"": ""name""}","{""type"": ""name""}"
11866,"{""type"": ""name""}","{""type"": ""name""}"
11867,"{""type"": ""name""}","{""type"": ""name""}"
11868,"{""type"": ""position""}","{""type"": ""position""}"
11869,"{""type"": ""type""}","{""type"": ""type""}"
11870,"{""type"": ""age""}","{""type"": ""age""}"
11871,"{""type"": ""weight""}","{""type"": ""weight""}"
11872,"{""type"": ""component""}","{""type"": ""component""}"
11873,"{""type"": ""result""}","{""type"": ""result""}"
11874,"{""type"": ""name""}","{""type"": ""name""}"
11875,"{""type"": ""city""}","{""type"": ""city""}"
11876,"{""type"": ""location""}","{""type"": ""location""}"
11877,"{""type"": ""team""}","{""type"": ""team""}"
11878,"{""type"": ""duration""}","{""type"": ""duration""}"
11879,"{""type"": ""weight""}","{""type"": ""weight""}"
11880,"{""type"": ""description""}","{""type"": ""description""}"
11881,"{""type"": ""description""}","{""type"": ""description""}"
11882,"{""type"": ""location""}","{""type"": ""location""}"
11883,"{""type"": ""region""}","{""type"": ""region""}"
11884,"{""type"": ""status""}","{""type"": ""status""}"
11885,"{""type"": ""team""}","{""type"": ""team""}"
11886,"{""type"": ""position""}","{""type"": ""position""}"
11887,"{""type"": ""artist""}","{""type"": ""artist""}"
11888,"{""type"": ""club""}","{""type"": ""club""}"
11889,"{""type"": ""description""}","{""type"": ""description""}"
11890,"{""type"": ""location""}","{""type"": ""city""}"
11891,"{""type"": ""team""}","{""type"": ""team""}"
11892,"{""type"": ""name""}","{""type"": ""name""}"
11893,"{""type"": ""county""}","{""type"": ""county""}"
11894,"{""type"": ""county""}","{""type"": ""state""}"
11895,"{""type"": ""county""}","{""type"": ""county""}"
11896,"{""type"": ""county""}","{""type"": ""county""}"
11897,"{""type"": ""county""}","{""type"": ""county""}"
11898,"{""type"": ""year""}","{""type"": ""year""}"
11899,"{""type"": ""state""}","{""type"": ""state""}"
11900,"{""type"": ""year""}","{""type"": ""year""}"
11901,"{""type"": ""weight""}","{""type"": ""weight""}"
11902,"{""type"": ""state""}","{""type"": ""state""}"
11903,"{""type"": ""club""}","{""type"": ""club""}"
11904,"{""type"": ""location""}","{""type"": ""location""}"
11905,"{""type"": ""isbn""}","{""type"": ""isbn""}"
11906,"{""type"": ""team""}","{""type"": ""team""}"
11907,"{""type"": ""teamname""}","{""type"": ""teamname""}"
11908,"{""type"": ""name""}","{""type"": ""name""}"
11909,"{""type"": ""year""}","{""type"": ""year""}"
11910,"{""type"": ""name""}","{""type"": ""name""}"
11911,"{""type"": ""team""}","{""type"": ""team""}"
11912,"{""type"": ""year""}","{""type"": ""year""}"
11913,"{""type"": ""state""}","{""type"": ""state""}"
11914,"{""type"": ""weight""}","{""type"": ""weight""}"
11915,"{""type"": ""country""}","{""type"": ""country""}"
11916,"{""type"": ""class""}","{""type"": ""class""}"
11917,"{""type"": ""status""}","{""type"": ""status""}"
11918,"{""type"": ""status""}","{""type"": ""status""}"
11919,"{""type"": ""age""}","{""type"": ""age""}"
11920,"{""type"": ""age""}","{""type"": ""age""}"
11921,"{""type"": ""name""}","{""type"": ""name""}"
11922,"{""type"": ""description""}","{""type"": ""description""}"
11923,"{""type"": ""name""}","{""type"": ""name""}"
11924,"{""type"": ""year""}","{""type"": ""year""}"
11925,"{""type"": ""status""}","{""type"": ""status""}"
11926,"{""type"": ""team""}","{""type"": ""teamname""}"
11927,"{""type"": ""name""}","{""type"": ""name""}"
11928,"{""type"": ""description""}","{""type"": ""description""}"
11929,"{""type"": ""state""}","{""type"": ""state""}"
11930,"{""type"": ""state""}","{""type"": ""state""}"
11931,"{""type"": ""state""}","{""type"": ""state""}"
11932,"{""type"": ""state""}","{""type"": ""state""}"
11933,"{""type"": ""state""}","{""type"": ""state""}"
11934,"{""type"": ""year""}","{""type"": ""year""}"
11935,"{""type"": ""name""}","{""type"": ""name""}"
11936,"{""type"": ""symbol""}","{""type"": ""symbol""}"
11937,"{""type"": ""location""}","{""type"": ""location""}"
11938,"{""type"": ""company""}","{""type"": ""company""}"
11939,"{""type"": ""description""}","{""type"": ""description""}"
11940,"{""type"": ""birthdate""}","{""type"": ""birthdate""}"
11941,"{""type"": ""weight""}","{""type"": ""weight""}"
11942,"{""type"": ""category""}","{""type"": ""category""}"
11943,"{""type"": ""year""}","{""type"": ""year""}"
11944,"{""type"": ""club""}","{""type"": ""club""}"
11945,"{""type"": ""city""}","{""type"": ""city""}"
11946,"{""type"": ""age""}","{""type"": ""age""}"
11947,"{""type"": ""status""}","{""type"": ""status""}"
11948,"{""type"": ""name""}","{""type"": ""name""}"
11949,"{""type"": ""description""}","{""type"": ""description""}"
11950,"{""type"": ""description""}","{""type"": ""description""}"
11951,"{""type"": ""description""}","{""type"": ""description""}"
11952,"{""type"": ""description""}","{""type"": ""description""}"
11953,"{""type"": ""description""}","{""type"": ""description""}"
11954,"{""type"": ""status""}","{""type"": ""status""}"
11955,"{""type"": ""code""}","{""type"": ""code""}"
11956,"{""type"": ""status""}","{""type"": ""status""}"
11957,"{""type"": ""year""}","{""type"": ""year""}"
11958,"{""type"": ""notes""}","{""type"": ""notes""}"
11959,"{""type"": ""country""}","{""type"": ""nationality""}"
11960,"{""type"": ""name""}","{""type"": ""name""}"
11961,"{""type"": ""age""}","{""type"": ""age""}"
11962,"{""type"": ""description""}","{""type"": ""description""}"
11963,"{""type"": ""position""}","{""type"": ""position""}"
11964,"{""type"": ""country""}","{""type"": ""team""}"
11965,"{""type"": ""weight""}","{""type"": ""weight""}"
11966,"{""type"": ""description""}","{""type"": ""description""}"
11967,"{""type"": ""state""}","{""type"": ""state""}"
11968,"{""type"": ""city""}","{""type"": ""city""}"
11969,"{""type"": ""description""}","{""type"": ""description""}"
11970,"{""type"": ""description""}","{""type"": ""description""}"
11971,"{""type"": ""album""}","{""type"": ""album""}"
11972,"{""type"": ""description""}","{""type"": ""description""}"
11973,"{""type"": ""state""}","{""type"": ""state""}"
11974,"{""type"": ""team""}","{""type"": ""team""}"
11975,"{""type"": ""album""}","{""type"": ""album""}"
11976,"{""type"": ""product""}","{""type"": ""name""}"
11977,"{""type"": ""artist""}","{""type"": ""artist""}"
11978,"{""type"": ""name""}","{""type"": ""name""}"
11979,"{""type"": ""collection""}","{""type"": ""collection""}"
11980,"{""type"": ""description""}","{""type"": ""description""}"
11981,"{""type"": ""rank""}","{""type"": ""rank""}"
11982,"{""type"": ""year""}","{""type"": ""year""}"
11983,"{""type"": ""description""}","{""type"": ""description""}"
11984,"{""type"": ""city""}","{""type"": ""city""}"
11985,"{""type"": ""city""}","{""type"": ""city""}"
11986,"{""type"": ""city""}","{""type"": ""city""}"
11987,"{""type"": ""city""}","{""type"": ""city""}"
11988,"{""type"": ""city""}","{""type"": ""city""}"
11989,"{""type"": ""name""}","{""type"": ""name""}"
11990,"{""type"": ""sex""}","{""type"": ""sex""}"
11991,"{""type"": ""state""}","{""type"": ""state""}"
11992,"{""type"": ""state""}","{""type"": ""state""}"
11993,"{""type"": ""state""}","{""type"": ""state""}"
11994,"{""type"": ""state""}","{""type"": ""state""}"
11995,"{""type"": ""state""}","{""type"": ""state""}"
11996,"{""type"": ""birthplace""}","{""type"": ""birthplace""}"
11997,"{""type"": ""type""}","{""type"": ""type""}"
11998,"{""type"": ""name""}","{""type"": ""name""}"
11999,"{""type"": ""name""}","{""type"": ""name""}"
12000,"{""type"": ""city""}","{""type"": ""location""}"
12001,"{""type"": ""name""}","{""type"": ""name""}"
12002,"{""type"": ""class""}","{""type"": ""class""}"
12003,"{""type"": ""company""}","{""type"": ""company""}"
12004,"{""type"": ""name""}","{""type"": ""company""}"
12005,"{""type"": ""rank""}","{""type"": ""rank""}"
12006,"{""type"": ""year""}","{""type"": ""year""}"
12007,"{""type"": ""rank""}","{""type"": ""rank""}"
12008,"{""type"": ""name""}","{""type"": ""name""}"
12009,"{""type"": ""year""}","{""type"": ""year""}"
12010,"{""type"": ""name""}","{""type"": ""name""}"
12011,"{""type"": ""notes""}","{""type"": ""notes""}"
12012,"{""type"": ""club""}","{""type"": ""club""}"
12013,"{""type"": ""type""}","{""type"": ""team""}"
12014,"{""type"": ""type""}","{""type"": ""team""}"
12015,"{""type"": ""type""}","{""type"": ""team""}"
12016,"{""type"": ""type""}","{""type"": ""team""}"
12017,"{""type"": ""type""}","{""type"": ""team""}"
12018,"{""type"": ""duration""}","{""type"": ""duration""}"
12019,"{""type"": ""description""}","{""type"": ""description""}"
12020,"{""type"": ""rank""}","{""type"": ""rank""}"
12021,"{""type"": ""description""}","{""type"": ""description""}"
12022,"{""type"": ""affiliation""}","{""type"": ""affiliation""}"
12023,"{""type"": ""class""}","{""type"": ""year""}"
12024,"{""type"": ""year""}","{""type"": ""year""}"
12025,"{""type"": ""name""}","{""type"": ""name""}"
12026,"{""type"": ""company""}","{""type"": ""company""}"
12027,"{""type"": ""weight""}","{""type"": ""weight""}"
12028,"{""type"": ""status""}","{""type"": ""status""}"
12029,"{""type"": ""name""}","{""type"": ""name""}"
12030,"{""type"": ""age""}","{""type"": ""age""}"
12031,"{""type"": ""description""}","{""type"": ""description""}"
12032,"{""type"": ""city""}","{""type"": ""city""}"
12033,"{""type"": ""company""}","{""type"": ""state""}"
12034,"{""type"": ""city""}","{""type"": ""location""}"
12035,"{""type"": ""team""}","{""type"": ""team""}"
12036,"{""type"": ""position""}","{""type"": ""rank""}"
12037,"{""type"": ""rank""}","{""type"": ""rank""}"
12038,"{""type"": ""team""}","{""type"": ""team""}"
12039,"{""type"": ""name""}","{""type"": ""name""}"
12040,"{""type"": ""rank""}","{""type"": ""rank""}"
12041,"{""type"": ""team""}","{""type"": ""team""}"
12042,"{""type"": ""symbol""}","{""type"": ""symbol""}"
12043,"{""type"": ""type""}","{""type"": ""type""}"
12044,"{""type"": ""description""}","{""type"": ""description""}"
12045,"{""type"": ""result""}","{""type"": ""result""}"
12046,"{""type"": ""team""}","{""type"": ""team""}"
12047,"{""type"": ""description""}","{""type"": ""description""}"
12048,"{""type"": ""category""}","{""type"": ""category""}"
12049,"{""type"": ""weight""}","{""type"": ""weight""}"
12050,"{""type"": ""range""}","{""type"": ""duration""}"
12051,"{""type"": ""sex""}","{""type"": ""sex""}"
12052,"{""type"": ""country""}","{""type"": ""country""}"
12053,"{""type"": ""state""}","{""type"": ""state""}"
12054,"{""type"": ""state""}","{""type"": ""state""}"
12055,"{""type"": ""state""}","{""type"": ""state""}"
12056,"{""type"": ""state""}","{""type"": ""state""}"
12057,"{""type"": ""state""}","{""type"": ""state""}"
12058,"{""type"": ""category""}","{""type"": ""category""}"
12059,"{""type"": ""code""}","{""type"": ""code""}"
12060,"{""type"": ""location""}","{""type"": ""location""}"
12061,"{""type"": ""team""}","{""type"": ""team""}"
12062,"{""type"": ""result""}","{""type"": ""result""}"
12063,"{""type"": ""location""}","{""type"": ""location""}"
12064,"{""type"": ""weight""}","{""type"": ""weight""}"
12065,"{""type"": ""city""}","{""type"": ""city""}"
12066,"{""type"": ""city""}","{""type"": ""city""}"
12067,"{""type"": ""weight""}","{""type"": ""weight""}"
12068,"{""type"": ""name""}","{""type"": ""name""}"
12069,"{""type"": ""name""}","{""type"": ""name""}"
12070,"{""type"": ""artist""}","{""type"": ""artist""}"
12071,"{""type"": ""class""}","{""type"": ""class""}"
12072,"{""type"": ""description""}","{""type"": ""description""}"
12073,"{""type"": ""description""}","{""type"": ""description""}"
12074,"{""type"": ""status""}","{""type"": ""status""}"
12075,"{""type"": ""description""}","{""type"": ""description""}"
12076,"{""type"": ""city""}","{""type"": ""city""}"
12077,"{""type"": ""description""}","{""type"": ""description""}"
12078,"{""type"": ""result""}","{""type"": ""result""}"
12079,"{""type"": ""result""}","{""type"": ""result""}"
12080,"{""type"": ""result""}","{""type"": ""result""}"
12081,"{""type"": ""result""}","{""type"": ""result""}"
12082,"{""type"": ""result""}","{""type"": ""result""}"
12083,"{""type"": ""description""}","{""type"": ""description""}"
12084,"{""type"": ""symbol""}","{""type"": ""symbol""}"
12085,"{""type"": ""city""}","{""type"": ""city""}"
12086,"{""type"": ""type""}","{""type"": ""status""}"
12087,"{""type"": ""city""}","{""type"": ""city""}"
12088,"{""type"": ""club""}","{""type"": ""team""}"
12089,"{""type"": ""class""}","{""type"": ""class""}"
12090,"{""type"": ""description""}","{""type"": ""description""}"
12091,"{""type"": ""symbol""}","{""type"": ""symbol""}"
12092,"{""type"": ""weight""}","{""type"": ""weight""}"
12093,"{""type"": ""name""}","{""type"": ""name""}"
12094,"{""type"": ""album""}","{""type"": ""album""}"
12095,"{""type"": ""weight""}","{""type"": ""weight""}"
12096,"{""type"": ""rank""}","{""type"": ""rank""}"
12097,"{""type"": ""album""}","{""type"": ""album""}"
12098,"{""type"": ""status""}","{""type"": ""status""}"
12099,"{""type"": ""type""}","{""type"": ""type""}"
12100,"{""type"": ""code""}","{""type"": ""code""}"
12101,"{""type"": ""year""}","{""type"": ""year""}"
12102,"{""type"": ""name""}","{""type"": ""name""}"
12103,"{""type"": ""team""}","{""type"": ""team""}"
12104,"{""type"": ""year""}","{""type"": ""year""}"
12105,"{""type"": ""age""}","{""type"": ""age""}"
12106,"{""type"": ""category""}","{""type"": ""category""}"
12107,"{""type"": ""status""}","{""type"": ""status""}"
12108,"{""type"": ""symbol""}","{""type"": ""symbol""}"
12109,"{""type"": ""year""}","{""type"": ""year""}"
12110,"{""type"": ""state""}","{""type"": ""state""}"
12111,"{""type"": ""name""}","{""type"": ""name""}"
12112,"{""type"": ""name""}","{""type"": ""name""}"
12113,"{""type"": ""name""}","{""type"": ""name""}"
12114,"{""type"": ""name""}","{""type"": ""name""}"
12115,"{""type"": ""name""}","{""type"": ""name""}"
12116,"{""type"": ""country""}","{""type"": ""country""}"
12117,"{""type"": ""album""}","{""type"": ""album""}"
12118,"{""type"": ""type""}","{""type"": ""type""}"
12119,"{""type"": ""name""}","{""type"": ""name""}"
12120,"{""type"": ""name""}","{""type"": ""name""}"
12121,"{""type"": ""publisher""}","{""type"": ""publisher""}"
12122,"{""type"": ""description""}","{""type"": ""description""}"
12123,"{""type"": ""notes""}","{""type"": ""status""}"
12124,"{""type"": ""description""}","{""type"": ""description""}"
12125,"{""type"": ""name""}","{""type"": ""name""}"
12126,"{""type"": ""type""}","{""type"": ""type""}"
12127,"{""type"": ""age""}","{""type"": ""age""}"
12128,"{""type"": ""result""}","{""type"": ""result""}"
12129,"{""type"": ""city""}","{""type"": ""city""}"
12130,"{""type"": ""city""}","{""type"": ""city""}"
12131,"{""type"": ""city""}","{""type"": ""city""}"
12132,"{""type"": ""city""}","{""type"": ""city""}"
12133,"{""type"": ""city""}","{""type"": ""city""}"
12134,"{""type"": ""country""}","{""type"": ""country""}"
12135,"{""type"": ""publisher""}","{""type"": ""publisher""}"
12136,"{""type"": ""status""}","{""type"": ""status""}"
12137,"{""type"": ""result""}","{""type"": ""result""}"
12138,"{""type"": ""component""}","{""type"": ""component""}"
12139,"{""type"": ""symbol""}","{""type"": ""symbol""}"
12140,"{""type"": ""type""}","{""type"": ""type""}"
12141,"{""type"": ""code""}","{""type"": ""code""}"
12142,"{""type"": ""city""}","{""type"": ""city""}"
12143,"{""type"": ""description""}","{""type"": ""description""}"
12144,"{""type"": ""album""}","{""type"": ""album""}"
12145,"{""type"": ""duration""}","{""type"": ""duration""}"
12146,"{""type"": ""album""}","{""type"": ""album""}"
12147,"{""type"": ""code""}","{""type"": ""code""}"
12148,"{""type"": ""city""}","{""type"": ""city""}"
12149,"{""type"": ""city""}","{""type"": ""city""}"
12150,"{""type"": ""city""}","{""type"": ""city""}"
12151,"{""type"": ""city""}","{""type"": ""city""}"
12152,"{""type"": ""city""}","{""type"": ""city""}"
12153,"{""type"": ""name""}","{""type"": ""name""}"
12154,"{""type"": ""rank""}","{""type"": ""age""}"
12155,"{""type"": ""rank""}","{""type"": ""rank""}"
12156,"{""type"": ""rank""}","{""type"": ""age""}"
12157,"{""type"": ""rank""}","{""type"": ""rank""}"
12158,"{""type"": ""rank""}","{""type"": ""age""}"
12159,"{""type"": ""state""}","{""type"": ""state""}"
12160,"{""type"": ""year""}","{""type"": ""year""}"
12161,"{""type"": ""type""}","{""type"": ""status""}"
12162,"{""type"": ""name""}","{""type"": ""name""}"
12163,"{""type"": ""year""}","{""type"": ""year""}"
12164,"{""type"": ""city""}","{""type"": ""city""}"
12165,"{""type"": ""description""}","{""type"": ""description""}"
12166,"{""type"": ""description""}","{""type"": ""description""}"
12167,"{""type"": ""artist""}","{""type"": ""artist""}"
12168,"{""type"": ""album""}","{""type"": ""album""}"
12169,"{""type"": ""age""}","{""type"": ""age""}"
12170,"{""type"": ""age""}","{""type"": ""age""}"
12171,"{""type"": ""age""}","{""type"": ""age""}"
12172,"{""type"": ""age""}","{""type"": ""age""}"
12173,"{""type"": ""age""}","{""type"": ""age""}"
12174,"{""type"": ""state""}","{""type"": ""state""}"
12175,"{""type"": ""name""}","{""type"": ""name""}"
12176,"{""type"": ""position""}","{""type"": ""rank""}"
12177,"{""type"": ""name""}","{""type"": ""name""}"
12178,"{""type"": ""type""}","{""type"": ""type""}"
12179,"{""type"": ""description""}","{""type"": ""description""}"
12180,"{""type"": ""company""}","{""type"": ""company""}"
12181,"{""type"": ""state""}","{""type"": ""state""}"
12182,"{""type"": ""state""}","{""type"": ""state""}"
12183,"{""type"": ""rank""}","{""type"": ""rank""}"
12184,"{""type"": ""weight""}","{""type"": ""area""}"
12185,"{""type"": ""name""}","{""type"": ""name""}"
12186,"{""type"": ""type""}","{""type"": ""type""}"
12187,"{""type"": ""description""}","{""type"": ""description""}"
12188,"{""type"": ""location""}","{""type"": ""location""}"
12189,"{""type"": ""age""}","{""type"": ""age""}"
12190,"{""type"": ""club""}","{""type"": ""club""}"
12191,"{""type"": ""location""}","{""type"": ""location""}"
12192,"{""type"": ""country""}","{""type"": ""team""}"
12193,"{""type"": ""classification""}","{""type"": ""status""}"
12194,"{""type"": ""name""}","{""type"": ""name""}"
12195,"{""type"": ""age""}","{""type"": ""age""}"
12196,"{""type"": ""name""}","{""type"": ""name""}"
12197,"{""type"": ""age""}","{""type"": ""age""}"
12198,"{""type"": ""age""}","{""type"": ""age""}"
12199,"{""type"": ""team""}","{""type"": ""team""}"
12200,"{""type"": ""city""}","{""type"": ""city""}"
12201,"{""type"": ""description""}","{""type"": ""description""}"
12202,"{""type"": ""notes""}","{""type"": ""description""}"
12203,"{""type"": ""city""}","{""type"": ""city""}"
12204,"{""type"": ""weight""}","{""type"": ""weight""}"
12205,"{""type"": ""type""}","{""type"": ""type""}"
12206,"{""type"": ""isbn""}","{""type"": ""isbn""}"
12207,"{""type"": ""name""}","{""type"": ""name""}"
12208,"{""type"": ""age""}","{""type"": ""age""}"
12209,"{""type"": ""status""}","{""type"": ""status""}"
12210,"{""type"": ""description""}","{""type"": ""description""}"
12211,"{""type"": ""type""}","{""type"": ""type""}"
12212,"{""type"": ""isbn""}","{""type"": ""isbn""}"
12213,"{""type"": ""city""}","{""type"": ""city""}"
12214,"{""type"": ""currency""}","{""type"": ""currency""}"
12215,"{""type"": ""state""}","{""type"": ""state""}"
12216,"{""type"": ""description""}","{""type"": ""description""}"
12217,"{""type"": ""weight""}","{""type"": ""weight""}"
12218,"{""type"": ""description""}","{""type"": ""description""}"
12219,"{""type"": ""description""}","{""type"": ""description""}"
12220,"{""type"": ""position""}","{""type"": ""position""}"
12221,"{""type"": ""name""}","{""type"": ""name""}"
12222,"{""type"": ""gender""}","{""type"": ""gender""}"
12223,"{""type"": ""name""}","{""type"": ""name""}"
12224,"{""type"": ""position""}","{""type"": ""position""}"
12225,"{""type"": ""year""}","{""type"": ""year""}"
12226,"{""type"": ""team""}","{""type"": ""team""}"
12227,"{""type"": ""weight""}","{""type"": ""weight""}"
12228,"{""type"": ""club""}","{""type"": ""club""}"
12229,"{""type"": ""manufacturer""}","{""type"": ""manufacturer""}"
12230,"{""type"": ""status""}","{""type"": ""status""}"
12231,"{""type"": ""symbol""}","{""type"": ""symbol""}"
12232,"{""type"": ""age""}","{""type"": ""age""}"
12233,"{""type"": ""name""}","{""type"": ""name""}"
12234,"{""type"": ""rank""}","{""type"": ""rank""}"
12235,"{""type"": ""weight""}","{""type"": ""weight""}"
12236,"{""type"": ""team""}","{""type"": ""team""}"
12237,"{""type"": ""type""}","{""type"": ""type""}"
12238,"{""type"": ""weight""}","{""type"": ""weight""}"
12239,"{""type"": ""city""}","{""type"": ""city""}"
12240,"{""type"": ""class""}","{""type"": ""class""}"
12241,"{""type"": ""name""}","{""type"": ""name""}"
12242,"{""type"": ""country""}","{""type"": ""team""}"
12243,"{""type"": ""name""}","{""type"": ""name""}"
12244,"{""type"": ""category""}","{""type"": ""category""}"
12245,"{""type"": ""gender""}","{""type"": ""gender""}"
12246,"{""type"": ""name""}","{""type"": ""name""}"
12247,"{""type"": ""name""}","{""type"": ""name""}"
12248,"{""type"": ""name""}","{""type"": ""name""}"
12249,"{""type"": ""day""}","{""type"": ""day""}"
12250,"{""type"": ""weight""}","{""type"": ""weight""}"
12251,"{""type"": ""rank""}","{""type"": ""rank""}"
12252,"{""type"": ""name""}","{""type"": ""name""}"
12253,"{""type"": ""publisher""}","{""type"": ""publisher""}"
12254,"{""type"": ""location""}","{""type"": ""city""}"
12255,"{""type"": ""duration""}","{""type"": ""duration""}"
12256,"{""type"": ""state""}","{""type"": ""state""}"
12257,"{""type"": ""position""}","{""type"": ""position""}"
12258,"{""type"": ""description""}","{""type"": ""description""}"
12259,"{""type"": ""name""}","{""type"": ""name""}"
12260,"{""type"": ""status""}","{""type"": ""status""}"
12261,"{""type"": ""type""}","{""type"": ""type""}"
12262,"{""type"": ""rank""}","{""type"": ""rank""}"
12263,"{""type"": ""name""}","{""type"": ""name""}"
12264,"{""type"": ""name""}","{""type"": ""name""}"
12265,"{""type"": ""day""}","{""type"": ""day""}"
12266,"{""type"": ""category""}","{""type"": ""category""}"
12267,"{""type"": ""code""}","{""type"": ""code""}"
12268,"{""type"": ""club""}","{""type"": ""club""}"
12269,"{""type"": ""state""}","{""type"": ""state""}"
12270,"{""type"": ""state""}","{""type"": ""state""}"
12271,"{""type"": ""state""}","{""type"": ""state""}"
12272,"{""type"": ""state""}","{""type"": ""status""}"
12273,"{""type"": ""state""}","{""type"": ""state""}"
12274,"{""type"": ""name""}","{""type"": ""name""}"
12275,"{""type"": ""name""}","{""type"": ""name""}"
12276,"{""type"": ""duration""}","{""type"": ""duration""}"
12277,"{""type"": ""team""}","{""type"": ""team""}"
12278,"{""type"": ""country""}","{""type"": ""team""}"
12279,"{""type"": ""rank""}","{""type"": ""rank""}"
12280,"{""type"": ""album""}","{""type"": ""album""}"
12281,"{""type"": ""city""}","{""type"": ""city""}"
12282,"{""type"": ""team""}","{""type"": ""team""}"
12283,"{""type"": ""description""}","{""type"": ""description""}"
12284,"{""type"": ""name""}","{""type"": ""name""}"
12285,"{""type"": ""class""}","{""type"": ""class""}"
12286,"{""type"": ""name""}","{""type"": ""name""}"
12287,"{""type"": ""age""}","{""type"": ""age""}"
12288,"{""type"": ""category""}","{""type"": ""category""}"
12289,"{""type"": ""name""}","{""type"": ""name""}"
12290,"{""type"": ""state""}","{""type"": ""state""}"
12291,"{""type"": ""type""}","{""type"": ""type""}"
12292,"{""type"": ""location""}","{""type"": ""location""}"
12293,"{""type"": ""city""}","{""type"": ""city""}"
12294,"{""type"": ""position""}","{""type"": ""position""}"
12295,"{""type"": ""weight""}","{""type"": ""weight""}"
12296,"{""type"": ""club""}","{""type"": ""club""}"
12297,"{""type"": ""weight""}","{""type"": ""weight""}"
12298,"{""type"": ""name""}","{""type"": ""name""}"
12299,"{""type"": ""weight""}","{""type"": ""weight""}"
12300,"{""type"": ""description""}","{""type"": ""description""}"
12301,"{""type"": ""name""}","{""type"": ""name""}"
12302,"{""type"": ""component""}","{""type"": ""name""}"
12303,"{""type"": ""name""}","{""type"": ""name""}"
12304,"{""type"": ""state""}","{""type"": ""state""}"
12305,"{""type"": ""rank""}","{""type"": ""rank""}"
12306,"{""type"": ""category""}","{""type"": ""category""}"
12307,"{""type"": ""team""}","{""type"": ""team""}"
12308,"{""type"": ""status""}","{""type"": ""status""}"
12309,"{""type"": ""location""}","{""type"": ""location""}"
12310,"{""type"": ""year""}","{""type"": ""year""}"
12311,"{""type"": ""name""}","{""type"": ""name""}"
12312,"{""type"": ""artist""}","{""type"": ""artist""}"
12313,"{""type"": ""club""}","{""type"": ""club""}"
12314,"{""type"": ""age""}","{""type"": ""age""}"
12315,"{""type"": ""elevation""}","{""type"": ""elevation""}"
12316,"{""type"": ""year""}","{""type"": ""year""}"
12317,"{""type"": ""category""}","{""type"": ""category""}"
12318,"{""type"": ""album""}","{""type"": ""album""}"
12319,"{""type"": ""name""}","{""type"": ""name""}"
12320,"{""type"": ""result""}","{""type"": ""result""}"
12321,"{""type"": ""position""}","{""type"": ""position""}"
12322,"{""type"": ""state""}","{""type"": ""state""}"
12323,"{""type"": ""component""}","{""type"": ""component""}"
12324,"{""type"": ""team""}","{""type"": ""team""}"
12325,"{""type"": ""artist""}","{""type"": ""album""}"
12326,"{""type"": ""class""}","{""type"": ""class""}"
12327,"{""type"": ""company""}","{""type"": ""company""}"
12328,"{""type"": ""description""}","{""type"": ""description""}"
12329,"{""type"": ""age""}","{""type"": ""age""}"
12330,"{""type"": ""address""}","{""type"": ""address""}"
12331,"{""type"": ""age""}","{""type"": ""age""}"
12332,"{""type"": ""rank""}","{""type"": ""rank""}"
12333,"{""type"": ""year""}","{""type"": ""year""}"
12334,"{""type"": ""owner""}","{""type"": ""owner""}"
12335,"{""type"": ""city""}","{""type"": ""city""}"
12336,"{""type"": ""category""}","{""type"": ""category""}"
12337,"{""type"": ""notes""}","{""type"": ""notes""}"
12338,"{""type"": ""sex""}","{""type"": ""sex""}"
12339,"{""type"": ""symbol""}","{""type"": ""symbol""}"
12340,"{""type"": ""rank""}","{""type"": ""rank""}"
12341,"{""type"": ""category""}","{""type"": ""category""}"
12342,"{""type"": ""code""}","{""type"": ""code""}"
12343,"{""type"": ""name""}","{""type"": ""name""}"
12344,"{""type"": ""name""}","{""type"": ""name""}"
12345,"{""type"": ""name""}","{""type"": ""name""}"
12346,"{""type"": ""city""}","{""type"": ""city""}"
12347,"{""type"": ""class""}","{""type"": ""class""}"
12348,"{""type"": ""state""}","{""type"": ""state""}"
12349,"{""type"": ""club""}","{""type"": ""club""}"
12350,"{""type"": ""city""}","{""type"": ""city""}"
12351,"{""type"": ""category""}","{""type"": ""category""}"
12352,"{""type"": ""address""}","{""type"": ""address""}"
12353,"{""type"": ""type""}","{""type"": ""type""}"
12354,"{""type"": ""state""}","{""type"": ""state""}"
12355,"{""type"": ""state""}","{""type"": ""state""}"
12356,"{""type"": ""state""}","{""type"": ""state""}"
12357,"{""type"": ""state""}","{""type"": ""state""}"
12358,"{""type"": ""state""}","{""type"": ""state""}"
12359,"{""type"": ""county""}","{""type"": ""county""}"
12360,"{""type"": ""county""}","{""type"": ""county""}"
12361,"{""type"": ""county""}","{""type"": ""county""}"
12362,"{""type"": ""county""}","{""type"": ""county""}"
12363,"{""type"": ""county""}","{""type"": ""county""}"
12364,"{""type"": ""weight""}","{""type"": ""city""}"
12365,"{""type"": ""state""}","{""type"": ""state""}"
12366,"{""type"": ""description""}","{""type"": ""description""}"
12367,"{""type"": ""description""}","{""type"": ""description""}"
12368,"{""type"": ""description""}","{""type"": ""description""}"
12369,"{""type"": ""description""}","{""type"": ""description""}"
12370,"{""type"": ""description""}","{""type"": ""description""}"
12371,"{""type"": ""plays""}","{""type"": ""plays""}"
12372,"{""type"": ""symbol""}","{""type"": ""symbol""}"
12373,"{""type"": ""age""}","{""type"": ""age""}"
12374,"{""type"": ""state""}","{""type"": ""state""}"
12375,"{""type"": ""city""}","{""type"": ""city""}"
12376,"{""type"": ""description""}","{""type"": ""description""}"
12377,"{""type"": ""description""}","{""type"": ""description""}"
12378,"{""type"": ""description""}","{""type"": ""description""}"
12379,"{""type"": ""description""}","{""type"": ""description""}"
12380,"{""type"": ""description""}","{""type"": ""description""}"
12381,"{""type"": ""year""}","{""type"": ""year""}"
12382,"{""type"": ""weight""}","{""type"": ""weight""}"
12383,"{""type"": ""type""}","{""type"": ""type""}"
12384,"{""type"": ""name""}","{""type"": ""name""}"
12385,"{""type"": ""status""}","{""type"": ""status""}"
12386,"{""type"": ""team""}","{""type"": ""team""}"
12387,"{""type"": ""club""}","{""type"": ""club""}"
12388,"{""type"": ""age""}","{""type"": ""age""}"
12389,"{""type"": ""status""}","{""type"": ""status""}"
12390,"{""type"": ""artist""}","{""type"": ""artist""}"
12391,"{""type"": ""weight""}","{""type"": ""weight""}"
12392,"{""type"": ""rank""}","{""type"": ""rank""}"
12393,"{""type"": ""club""}","{""type"": ""club""}"
12394,"{""type"": ""name""}","{""type"": ""name""}"
12395,"{""type"": ""status""}","{""type"": ""status""}"
12396,"{""type"": ""club""}","{""type"": ""club""}"
12397,"{""type"": ""album""}","{""type"": ""album""}"
12398,"{""type"": ""year""}","{""type"": ""year""}"
12399,"{""type"": ""team""}","{""type"": ""team""}"
12400,"{""type"": ""country""}","{""type"": ""country""}"
12401,"{""type"": ""city""}","{""type"": ""city""}"
12402,"{""type"": ""code""}","{""type"": ""code""}"
12403,"{""type"": ""team""}","{""type"": ""team""}"
12404,"{""type"": ""code""}","{""type"": ""code""}"
12405,"{""type"": ""code""}","{""type"": ""code""}"
12406,"{""type"": ""age""}","{""type"": ""age""}"
12407,"{""type"": ""status""}","{""type"": ""status""}"
12408,"{""type"": ""state""}","{""type"": ""state""}"
12409,"{""type"": ""category""}","{""type"": ""category""}"
12410,"{""type"": ""type""}","{""type"": ""type""}"
12411,"{""type"": ""status""}","{""type"": ""status""}"
12412,"{""type"": ""status""}","{""type"": ""status""}"
12413,"{""type"": ""day""}","{""type"": ""day""}"
12414,"{""type"": ""state""}","{""type"": ""state""}"
12415,"{""type"": ""team""}","{""type"": ""team""}"
12416,"{""type"": ""state""}","{""type"": ""state""}"
12417,"{""type"": ""description""}","{""type"": ""description""}"
12418,"{""type"": ""position""}","{""type"": ""position""}"
12419,"{""type"": ""order""}","{""type"": ""order""}"
12420,"{""type"": ""code""}","{""type"": ""code""}"
12421,"{""type"": ""name""}","{""type"": ""name""}"
12422,"{""type"": ""name""}","{""type"": ""name""}"
12423,"{""type"": ""name""}","{""type"": ""name""}"
12424,"{""type"": ""name""}","{""type"": ""name""}"
12425,"{""type"": ""name""}","{""type"": ""name""}"
12426,"{""type"": ""name""}","{""type"": ""name""}"
12427,"{""type"": ""rank""}","{""type"": ""rank""}"
12428,"{""type"": ""weight""}","{""type"": ""weight""}"
12429,"{""type"": ""name""}","{""type"": ""name""}"
12430,"{""type"": ""age""}","{""type"": ""age""}"
12431,"{""type"": ""status""}","{""type"": ""status""}"
12432,"{""type"": ""age""}","{""type"": ""age""}"
12433,"{""type"": ""city""}","{""type"": ""city""}"
12434,"{""type"": ""description""}","{""type"": ""description""}"
12435,"{""type"": ""club""}","{""type"": ""club""}"
12436,"{""type"": ""age""}","{""type"": ""age""}"
12437,"{""type"": ""city""}","{""type"": ""city""}"
12438,"{""type"": ""description""}","{""type"": ""description""}"
12439,"{""type"": ""result""}","{""type"": ""result""}"
12440,"{""type"": ""location""}","{""type"": ""location""}"
12441,"{""type"": ""age""}","{""type"": ""age""}"
12442,"{""type"": ""state""}","{""type"": ""state""}"
12443,"{""type"": ""rank""}","{""type"": ""rank""}"
12444,"{""type"": ""category""}","{""type"": ""category""}"
12445,"{""type"": ""symbol""}","{""type"": ""symbol""}"
12446,"{""type"": ""age""}","{""type"": ""age""}"
12447,"{""type"": ""state""}","{""type"": ""state""}"
12448,"{""type"": ""state""}","{""type"": ""state""}"
12449,"{""type"": ""state""}","{""type"": ""state""}"
12450,"{""type"": ""state""}","{""type"": ""state""}"
12451,"{""type"": ""state""}","{""type"": ""state""}"
12452,"{""type"": ""team""}","{""type"": ""team""}"
12453,"{""type"": ""team""}","{""type"": ""team""}"
12454,"{""type"": ""team""}","{""type"": ""team""}"
12455,"{""type"": ""team""}","{""type"": ""team""}"
12456,"{""type"": ""team""}","{""type"": ""team""}"
12457,"{""type"": ""location""}","{""type"": ""location""}"
12458,"{""type"": ""class""}","{""type"": ""type""}"
12459,"{""type"": ""status""}","{""type"": ""status""}"
12460,"{""type"": ""name""}","{""type"": ""name""}"
12461,"{""type"": ""name""}","{""type"": ""name""}"
12462,"{""type"": ""name""}","{""type"": ""name""}"
12463,"{""type"": ""name""}","{""type"": ""name""}"
12464,"{""type"": ""name""}","{""type"": ""name""}"
12465,"{""type"": ""company""}","{""type"": ""company""}"
12466,"{""type"": ""city""}","{""type"": ""city""}"
12467,"{""type"": ""name""}","{""type"": ""name""}"
12468,"{""type"": ""year""}","{""type"": ""year""}"
12469,"{""type"": ""code""}","{""type"": ""code""}"
12470,"{""type"": ""gender""}","{""type"": ""gender""}"
12471,"{""type"": ""status""}","{""type"": ""status""}"
12472,"{""type"": ""year""}","{""type"": ""year""}"
12473,"{""type"": ""weight""}","{""type"": ""weight""}"
12474,"{""type"": ""company""}","{""type"": ""company""}"
12475,"{""type"": ""birthplace""}","{""type"": ""location""}"
12476,"{""type"": ""birthplace""}","{""type"": ""birthplace""}"
12477,"{""type"": ""birthplace""}","{""type"": ""location""}"
12478,"{""type"": ""birthplace""}","{""type"": ""birthplace""}"
12479,"{""type"": ""birthplace""}","{""type"": ""birthplace""}"
12480,"{""type"": ""age""}","{""type"": ""age""}"
12481,"{""type"": ""rank""}","{""type"": ""rank""}"
12482,"{""type"": ""description""}","{""type"": ""description""}"
12483,"{""type"": ""description""}","{""type"": ""description""}"
12484,"{""type"": ""category""}","{""type"": ""category""}"
12485,"{""type"": ""teamname""}","{""type"": ""teamname""}"
12486,"{""type"": ""type""}","{""type"": ""type""}"
12487,"{""type"": ""name""}","{""type"": ""name""}"
12488,"{""type"": ""rank""}","{""type"": ""rank""}"
12489,"{""type"": ""publisher""}","{""type"": ""publisher""}"
12490,"{""type"": ""category""}","{""type"": ""category""}"
12491,"{""type"": ""class""}","{""type"": ""class""}"
12492,"{""type"": ""age""}","{""type"": ""rank""}"
12493,"{""type"": ""city""}","{""type"": ""city""}"
12494,"{""type"": ""name""}","{""type"": ""name""}"
12495,"{""type"": ""state""}","{""type"": ""state""}"
12496,"{""type"": ""state""}","{""type"": ""state""}"
12497,"{""type"": ""artist""}","{""type"": ""artist""}"
12498,"{""type"": ""description""}","{""type"": ""description""}"
12499,"{""type"": ""name""}","{""type"": ""name""}"
12500,"{""type"": ""type""}","{""type"": ""type""}"
12501,"{""type"": ""type""}","{""type"": ""category""}"
12502,"{""type"": ""type""}","{""type"": ""category""}"
12503,"{""type"": ""type""}","{""type"": ""category""}"
12504,"{""type"": ""type""}","{""type"": ""category""}"
12505,"{""type"": ""name""}","{""type"": ""name""}"
12506,"{""type"": ""type""}","{""type"": ""type""}"
12507,"{""type"": ""name""}","{""type"": ""name""}"
12508,"{""type"": ""name""}","{""type"": ""name""}"
12509,"{""type"": ""name""}","{""type"": ""name""}"
12510,"{""type"": ""name""}","{""type"": ""name""}"
12511,"{""type"": ""name""}","{""type"": ""name""}"
12512,"{""type"": ""duration""}","{""type"": ""duration""}"
12513,"{""type"": ""type""}","{""type"": ""class""}"
12514,"{""type"": ""state""}","{""type"": ""state""}"
12515,"{""type"": ""status""}","{""type"": ""status""}"
12516,"{""type"": ""state""}","{""type"": ""state""}"
12517,"{""type"": ""weight""}","{""type"": ""weight""}"
12518,"{""type"": ""age""}","{""type"": ""age""}"
12519,"{""type"": ""name""}","{""type"": ""name""}"
12520,"{""type"": ""affiliation""}","{""type"": ""affiliation""}"
12521,"{""type"": ""credit""}","{""type"": ""credit""}"
12522,"{""type"": ""weight""}","{""type"": ""weight""}"
12523,"{""type"": ""city""}","{""type"": ""city""}"
12524,"{""type"": ""age""}","{""type"": ""age""}"
12525,"{""type"": ""name""}","{""type"": ""name""}"
12526,"{""type"": ""description""}","{""type"": ""description""}"
12527,"{""type"": ""class""}","{""type"": ""class""}"
12528,"{""type"": ""location""}","{""type"": ""location""}"
12529,"{""type"": ""location""}","{""type"": ""location""}"
12530,"{""type"": ""location""}","{""type"": ""location""}"
12531,"{""type"": ""location""}","{""type"": ""location""}"
12532,"{""type"": ""location""}","{""type"": ""location""}"
12533,"{""type"": ""component""}","{""type"": ""component""}"
12534,"{""type"": ""location""}","{""type"": ""location""}"
12535,"{""type"": ""location""}","{""type"": ""location""}"
12536,"{""type"": ""location""}","{""type"": ""location""}"
12537,"{""type"": ""location""}","{""type"": ""location""}"
12538,"{""type"": ""location""}","{""type"": ""location""}"
12539,"{""type"": ""year""}","{""type"": ""year""}"
12540,"{""type"": ""result""}","{""type"": ""result""}"
12541,"{""type"": ""description""}","{""type"": ""description""}"
12542,"{""type"": ""club""}","{""type"": ""club""}"
12543,"{""type"": ""description""}","{""type"": ""description""}"
12544,"{""type"": ""name""}","{""type"": ""name""}"
12545,"{""type"": ""year""}","{""type"": ""year""}"
12546,"{""type"": ""name""}","{""type"": ""name""}"
12547,"{""type"": ""city""}","{""type"": ""city""}"
12548,"{""type"": ""team""}","{""type"": ""team""}"
12549,"{""type"": ""status""}","{""type"": ""status""}"
12550,"{""type"": ""age""}","{""type"": ""age""}"
12551,"{""type"": ""category""}","{""type"": ""category""}"
12552,"{""type"": ""team""}","{""type"": ""team""}"
12553,"{""type"": ""name""}","{""type"": ""name""}"
12554,"{""type"": ""country""}","{""type"": ""country""}"
12555,"{""type"": ""weight""}","{""type"": ""weight""}"
12556,"{""type"": ""weight""}","{""type"": ""weight""}"
12557,"{""type"": ""year""}","{""type"": ""year""}"
12558,"{""type"": ""result""}","{""type"": ""result""}"
12559,"{""type"": ""age""}","{""type"": ""age""}"
12560,"{""type"": ""age""}","{""type"": ""age""}"
12561,"{""type"": ""name""}","{""type"": ""name""}"
12562,"{""type"": ""name""}","{""type"": ""name""}"
12563,"{""type"": ""city""}","{""type"": ""city""}"
12564,"{""type"": ""description""}","{""type"": ""description""}"
12565,"{""type"": ""state""}","{""type"": ""state""}"
12566,"{""type"": ""status""}","{""type"": ""status""}"
12567,"{""type"": ""type""}","{""type"": ""type""}"
12568,"{""type"": ""type""}","{""type"": ""type""}"
12569,"{""type"": ""type""}","{""type"": ""type""}"
12570,"{""type"": ""type""}","{""type"": ""type""}"
12571,"{""type"": ""type""}","{""type"": ""type""}"
12572,"{""type"": ""location""}","{""type"": ""location""}"
12573,"{""type"": ""age""}","{""type"": ""age""}"
12574,"{""type"": ""rank""}","{""type"": ""rank""}"
12575,"{""type"": ""isbn""}","{""type"": ""isbn""}"
12576,"{""type"": ""name""}","{""type"": ""name""}"
12577,"{""type"": ""team""}","{""type"": ""country""}"
12578,"{""type"": ""result""}","{""type"": ""result""}"
12579,"{""type"": ""component""}","{""type"": ""category""}"
12580,"{""type"": ""country""}","{""type"": ""country""}"
12581,"{""type"": ""country""}","{""type"": ""country""}"
12582,"{""type"": ""country""}","{""type"": ""country""}"
12583,"{""type"": ""country""}","{""type"": ""nationality""}"
12584,"{""type"": ""country""}","{""type"": ""country""}"
12585,"{""type"": ""city""}","{""type"": ""city""}"
12586,"{""type"": ""age""}","{""type"": ""age""}"
12587,"{""type"": ""day""}","{""type"": ""rank""}"
12588,"{""type"": ""album""}","{""type"": ""album""}"
12589,"{""type"": ""name""}","{""type"": ""name""}"
12590,"{""type"": ""teamname""}","{""type"": ""teamname""}"
12591,"{""type"": ""age""}","{""type"": ""age""}"
12592,"{""type"": ""status""}","{""type"": ""status""}"
12593,"{""type"": ""rank""}","{""type"": ""rank""}"
12594,"{""type"": ""album""}","{""type"": ""album""}"
12595,"{""type"": ""age""}","{""type"": ""age""}"
12596,"{""type"": ""name""}","{""type"": ""name""}"
12597,"{""type"": ""name""}","{""type"": ""name""}"
12598,"{""type"": ""name""}","{""type"": ""name""}"
12599,"{""type"": ""name""}","{""type"": ""name""}"
12600,"{""type"": ""name""}","{""type"": ""name""}"
12601,"{""type"": ""code""}","{""type"": ""code""}"
12602,"{""type"": ""name""}","{""type"": ""name""}"
12603,"{""type"": ""year""}","{""type"": ""year""}"
12604,"{""type"": ""name""}","{""type"": ""name""}"
12605,"{""type"": ""name""}","{""type"": ""name""}"
12606,"{""type"": ""result""}","{""type"": ""result""}"
12607,"{""type"": ""day""}","{""type"": ""day""}"
12608,"{""type"": ""name""}","{""type"": ""name""}"
12609,"{""type"": ""location""}","{""type"": ""location""}"
12610,"{""type"": ""weight""}","{""type"": ""weight""}"
12611,"{""type"": ""weight""}","{""type"": ""weight""}"
12612,"{""type"": ""city""}","{""type"": ""city""}"
12613,"{""type"": ""name""}","{""type"": ""name""}"
12614,"{""type"": ""location""}","{""type"": ""location""}"
12615,"{""type"": ""genre""}","{""type"": ""genre""}"
12616,"{""type"": ""description""}","{""type"": ""description""}"
12617,"{""type"": ""team""}","{""type"": ""team""}"
12618,"{""type"": ""weight""}","{""type"": ""weight""}"
12619,"{""type"": ""description""}","{""type"": ""description""}"
12620,"{""type"": ""description""}","{""type"": ""description""}"
12621,"{""type"": ""age""}","{""type"": ""age""}"
12622,"{""type"": ""duration""}","{""type"": ""duration""}"
12623,"{""type"": ""year""}","{""type"": ""year""}"
12624,"{""type"": ""age""}","{""type"": ""age""}"
12625,"{""type"": ""age""}","{""type"": ""age""}"
12626,"{""type"": ""name""}","{""type"": ""company""}"
12627,"{""type"": ""name""}","{""type"": ""name""}"
12628,"{""type"": ""result""}","{""type"": ""result""}"
12629,"{""type"": ""name""}","{""type"": ""name""}"
12630,"{""type"": ""position""}","{""type"": ""position""}"
12631,"{""type"": ""status""}","{""type"": ""status""}"
12632,"{""type"": ""state""}","{""type"": ""state""}"
12633,"{""type"": ""notes""}","{""type"": ""notes""}"
12634,"{""type"": ""status""}","{""type"": ""status""}"
12635,"{""type"": ""status""}","{""type"": ""status""}"
12636,"{""type"": ""status""}","{""type"": ""status""}"
12637,"{""type"": ""status""}","{""type"": ""status""}"
12638,"{""type"": ""status""}","{""type"": ""status""}"
12639,"{""type"": ""owner""}","{""type"": ""owner""}"
12640,"{""type"": ""name""}","{""type"": ""name""}"
12641,"{""type"": ""city""}","{""type"": ""city""}"
12642,"{""type"": ""status""}","{""type"": ""status""}"
12643,"{""type"": ""club""}","{""type"": ""club""}"
12644,"{""type"": ""symbol""}","{""type"": ""symbol""}"
12645,"{""type"": ""state""}","{""type"": ""state""}"
12646,"{""type"": ""artist""}","{""type"": ""artist""}"
12647,"{""type"": ""state""}","{""type"": ""state""}"
12648,"{""type"": ""description""}","{""type"": ""description""}"
12649,"{""type"": ""location""}","{""type"": ""location""}"
12650,"{""type"": ""weight""}","{""type"": ""weight""}"
12651,"{""type"": ""position""}","{""type"": ""position""}"
12652,"{""type"": ""state""}","{""type"": ""state""}"
12653,"{""type"": ""state""}","{""type"": ""state""}"
12654,"{""type"": ""state""}","{""type"": ""state""}"
12655,"{""type"": ""state""}","{""type"": ""state""}"
12656,"{""type"": ""state""}","{""type"": ""state""}"
12657,"{""type"": ""year""}","{""type"": ""year""}"
12658,"{""type"": ""state""}","{""type"": ""state""}"
12659,"{""type"": ""state""}","{""type"": ""state""}"
12660,"{""type"": ""state""}","{""type"": ""state""}"
12661,"{""type"": ""state""}","{""type"": ""state""}"
12662,"{""type"": ""state""}","{""type"": ""state""}"
12663,"{""type"": ""description""}","{""type"": ""description""}"
12664,"{""type"": ""age""}","{""type"": ""age""}"
12665,"{""type"": ""name""}","{""type"": ""name""}"
12666,"{""type"": ""artist""}","{""type"": ""artist""}"
12667,"{""type"": ""age""}","{""type"": ""age""}"
12668,"{""type"": ""name""}","{""type"": ""name""}"
12669,"{""type"": ""class""}","{""type"": ""class""}"
12670,"{""type"": ""age""}","{""type"": ""age""}"
12671,"{""type"": ""rank""}","{""type"": ""rank""}"
12672,"{""type"": ""state""}","{""type"": ""state""}"
12673,"{""type"": ""gender""}","{""type"": ""gender""}"
12674,"{""type"": ""state""}","{""type"": ""state""}"
12675,"{""type"": ""rank""}","{""type"": ""rank""}"
12676,"{""type"": ""age""}","{""type"": ""age""}"
12677,"{""type"": ""code""}","{""type"": ""code""}"
12678,"{""type"": ""year""}","{""type"": ""year""}"
12679,"{""type"": ""result""}","{""type"": ""result""}"
12680,"{""type"": ""name""}","{""type"": ""name""}"
12681,"{""type"": ""year""}","{""type"": ""year""}"
12682,"{""type"": ""name""}","{""type"": ""name""}"
12683,"{""type"": ""name""}","{""type"": ""name""}"
12684,"{""type"": ""description""}","{""type"": ""description""}"
12685,"{""type"": ""year""}","{""type"": ""year""}"
12686,"{""type"": ""category""}","{""type"": ""category""}"
12687,"{""type"": ""age""}","{""type"": ""year""}"
12688,"{""type"": ""city""}","{""type"": ""city""}"
12689,"{""type"": ""year""}","{""type"": ""year""}"
12690,"{""type"": ""category""}","{""type"": ""category""}"
12691,"{""type"": ""location""}","{""type"": ""location""}"
12692,"{""type"": ""status""}","{""type"": ""status""}"
12693,"{""type"": ""name""}","{""type"": ""name""}"
12694,"{""type"": ""club""}","{""type"": ""club""}"
12695,"{""type"": ""year""}","{""type"": ""year""}"
12696,"{""type"": ""description""}","{""type"": ""description""}"
12697,"{""type"": ""name""}","{""type"": ""name""}"
12698,"{""type"": ""name""}","{""type"": ""name""}"
12699,"{""type"": ""name""}","{""type"": ""name""}"
12700,"{""type"": ""year""}","{""type"": ""year""}"
12701,"{""type"": ""state""}","{""type"": ""state""}"
12702,"{""type"": ""description""}","{""type"": ""description""}"
12703,"{""type"": ""rank""}","{""type"": ""rank""}"
12704,"{""type"": ""rank""}","{""type"": ""rank""}"
12705,"{""type"": ""rank""}","{""type"": ""rank""}"
12706,"{""type"": ""rank""}","{""type"": ""rank""}"
12707,"{""type"": ""rank""}","{""type"": ""rank""}"
12708,"{""type"": ""team""}","{""type"": ""club""}"
12709,"{""type"": ""team""}","{""type"": ""team""}"
12710,"{""type"": ""result""}","{""type"": ""result""}"
12711,"{""type"": ""state""}","{""type"": ""state""}"
12712,"{""type"": ""artist""}","{""type"": ""artist""}"
12713,"{""type"": ""album""}","{""type"": ""album""}"
12714,"{""type"": ""city""}","{""type"": ""city""}"
12715,"{""type"": ""name""}","{""type"": ""name""}"
12716,"{""type"": ""status""}","{""type"": ""status""}"
12717,"{""type"": ""rank""}","{""type"": ""rank""}"
12718,"{""type"": ""rank""}","{""type"": ""rank""}"
12719,"{""type"": ""rank""}","{""type"": ""rank""}"
12720,"{""type"": ""rank""}","{""type"": ""rank""}"
12721,"{""type"": ""rank""}","{""type"": ""rank""}"
12722,"{""type"": ""description""}","{""type"": ""description""}"
12723,"{""type"": ""age""}","{""type"": ""age""}"
12724,"{""type"": ""artist""}","{""type"": ""artist""}"
12725,"{""type"": ""age""}","{""type"": ""age""}"
12726,"{""type"": ""description""}","{""type"": ""description""}"
12727,"{""type"": ""description""}","{""type"": ""description""}"
12728,"{""type"": ""status""}","{""type"": ""status""}"
12729,"{""type"": ""rank""}","{""type"": ""rank""}"
12730,"{""type"": ""city""}","{""type"": ""city""}"
12731,"{""type"": ""name""}","{""type"": ""name""}"
12732,"{""type"": ""year""}","{""type"": ""year""}"
12733,"{""type"": ""year""}","{""type"": ""year""}"
12734,"{""type"": ""year""}","{""type"": ""year""}"
12735,"{""type"": ""year""}","{""type"": ""year""}"
12736,"{""type"": ""year""}","{""type"": ""year""}"
12737,"{""type"": ""company""}","{""type"": ""company""}"
12738,"{""type"": ""age""}","{""type"": ""age""}"
12739,"{""type"": ""status""}","{""type"": ""position""}"
12740,"{""type"": ""name""}","{""type"": ""name""}"
12741,"{""type"": ""grades""}","{""type"": ""grades""}"
12742,"{""type"": ""club""}","{""type"": ""club""}"
12743,"{""type"": ""description""}","{""type"": ""description""}"
12744,"{""type"": ""location""}","{""type"": ""location""}"
12745,"{""type"": ""age""}","{""type"": ""age""}"
12746,"{""type"": ""location""}","{""type"": ""location""}"
12747,"{""type"": ""age""}","{""type"": ""age""}"
12748,"{""type"": ""artist""}","{""type"": ""artist""}"
12749,"{""type"": ""class""}","{""type"": ""class""}"
12750,"{""type"": ""name""}","{""type"": ""name""}"
12751,"{""type"": ""age""}","{""type"": ""age""}"
12752,"{""type"": ""gender""}","{""type"": ""gender""}"
12753,"{""type"": ""state""}","{""type"": ""state""}"
12754,"{""type"": ""status""}","{""type"": ""status""}"
12755,"{""type"": ""age""}","{""type"": ""age""}"
12756,"{""type"": ""name""}","{""type"": ""name""}"
12757,"{""type"": ""type""}","{""type"": ""type""}"
12758,"{""type"": ""year""}","{""type"": ""year""}"
12759,"{""type"": ""rank""}","{""type"": ""rank""}"
12760,"{""type"": ""description""}","{""type"": ""description""}"
12761,"{""type"": ""type""}","{""type"": ""status""}"
12762,"{""type"": ""category""}","{""type"": ""category""}"
12763,"{""type"": ""symbol""}","{""type"": ""symbol""}"
12764,"{""type"": ""name""}","{""type"": ""name""}"
12765,"{""type"": ""club""}","{""type"": ""club""}"
12766,"{""type"": ""rank""}","{""type"": ""rank""}"
12767,"{""type"": ""weight""}","{""type"": ""weight""}"
12768,"{""type"": ""year""}","{""type"": ""year""}"
12769,"{""type"": ""year""}","{""type"": ""year""}"
12770,"{""type"": ""year""}","{""type"": ""status""}"
12771,"{""type"": ""year""}","{""type"": ""status""}"
12772,"{""type"": ""year""}","{""type"": ""status""}"
12773,"{""type"": ""year""}","{""type"": ""status""}"
12774,"{""type"": ""weight""}","{""type"": ""weight""}"
12775,"{""type"": ""day""}","{""type"": ""day""}"
12776,"{""type"": ""age""}","{""type"": ""age""}"
12777,"{""type"": ""team""}","{""type"": ""class""}"
12778,"{""type"": ""code""}","{""type"": ""code""}"
12779,"{""type"": ""type""}","{""type"": ""type""}"
12780,"{""type"": ""state""}","{""type"": ""state""}"
12781,"{""type"": ""name""}","{""type"": ""name""}"
12782,"{""type"": ""description""}","{""type"": ""description""}"
12783,"{""type"": ""name""}","{""type"": ""name""}"
12784,"{""type"": ""duration""}","{""type"": ""duration""}"
12785,"{""type"": ""name""}","{""type"": ""name""}"
12786,"{""type"": ""address""}","{""type"": ""address""}"
12787,"{""type"": ""name""}","{""type"": ""name""}"
12788,"{""type"": ""rank""}","{""type"": ""rank""}"
12789,"{""type"": ""weight""}","{""type"": ""weight""}"
12790,"{""type"": ""name""}","{""type"": ""name""}"
12791,"{""type"": ""name""}","{""type"": ""name""}"
12792,"{""type"": ""name""}","{""type"": ""name""}"
12793,"{""type"": ""name""}","{""type"": ""name""}"
12794,"{""type"": ""name""}","{""type"": ""name""}"
12795,"{""type"": ""name""}","{""type"": ""name""}"
12796,"{""type"": ""name""}","{""type"": ""name""}"
12797,"{""type"": ""name""}","{""type"": ""name""}"
12798,"{""type"": ""name""}","{""type"": ""name""}"
12799,"{""type"": ""name""}","{""type"": ""name""}"
12800,"{""type"": ""weight""}","{""type"": ""weight""}"
12801,"{""type"": ""state""}","{""type"": ""state""}"
12802,"{""type"": ""club""}","{""type"": ""club""}"
12803,"{""type"": ""type""}","{""type"": ""type""}"
12804,"{""type"": ""album""}","{""type"": ""album""}"
12805,"{""type"": ""city""}","{""type"": ""city""}"
12806,"{""type"": ""status""}","{""type"": ""status""}"
12807,"{""type"": ""album""}","{""type"": ""album""}"
12808,"{""type"": ""description""}","{""type"": ""description""}"
12809,"{""type"": ""birthdate""}","{""type"": ""birthdate""}"
12810,"{""type"": ""birthdate""}","{""type"": ""birthdate""}"
12811,"{""type"": ""birthdate""}","{""type"": ""birthdate""}"
12812,"{""type"": ""birthdate""}","{""type"": ""birthdate""}"
12813,"{""type"": ""birthdate""}","{""type"": ""birthdate""}"
12814,"{""type"": ""rank""}","{""type"": ""rank""}"
12815,"{""type"": ""weight""}","{""type"": ""symbol""}"
12816,"{""type"": ""symbol""}","{""type"": ""symbol""}"
12817,"{""type"": ""description""}","{""type"": ""description""}"
12818,"{""type"": ""year""}","{""type"": ""year""}"
12819,"{""type"": ""age""}","{""type"": ""age""}"
12820,"{""type"": ""city""}","{""type"": ""city""}"
12821,"{""type"": ""name""}","{""type"": ""name""}"
12822,"{""type"": ""category""}","{""type"": ""category""}"
12823,"{""type"": ""name""}","{""type"": ""name""}"
12824,"{""type"": ""rank""}","{""type"": ""rank""}"
12825,"{""type"": ""state""}","{""type"": ""state""}"
12826,"{""type"": ""code""}","{""type"": ""code""}"
12827,"{""type"": ""album""}","{""type"": ""description""}"
12828,"{""type"": ""team""}","{""type"": ""club""}"
12829,"{""type"": ""name""}","{""type"": ""name""}"
12830,"{""type"": ""artist""}","{""type"": ""artist""}"
12831,"{""type"": ""club""}","{""type"": ""club""}"
12832,"{""type"": ""type""}","{""type"": ""type""}"
12833,"{""type"": ""state""}","{""type"": ""state""}"
12834,"{""type"": ""weight""}","{""type"": ""weight""}"
12835,"{""type"": ""status""}","{""type"": ""status""}"
12836,"{""type"": ""position""}","{""type"": ""position""}"
12837,"{""type"": ""state""}","{""type"": ""state""}"
12838,"{""type"": ""status""}","{""type"": ""status""}"
12839,"{""type"": ""album""}","{""type"": ""artist""}"
12840,"{""type"": ""rank""}","{""type"": ""rank""}"
12841,"{""type"": ""rank""}","{""type"": ""rank""}"
12842,"{""type"": ""description""}","{""type"": ""description""}"
12843,"{""type"": ""description""}","{""type"": ""description""}"
12844,"{""type"": ""name""}","{""type"": ""name""}"
12845,"{""type"": ""club""}","{""type"": ""club""}"
12846,"{""type"": ""age""}","{""type"": ""rank""}"
12847,"{""type"": ""symbol""}","{""type"": ""symbol""}"
12848,"{""type"": ""name""}","{""type"": ""name""}"
12849,"{""type"": ""rank""}","{""type"": ""rank""}"
12850,"{""type"": ""code""}","{""type"": ""code""}"
12851,"{""type"": ""code""}","{""type"": ""code""}"
12852,"{""type"": ""description""}","{""type"": ""description""}"
12853,"{""type"": ""name""}","{""type"": ""name""}"
12854,"{""type"": ""category""}","{""type"": ""category""}"
12855,"{""type"": ""affiliation""}","{""type"": ""affiliation""}"
12856,"{""type"": ""city""}","{""type"": ""city""}"
12857,"{""type"": ""category""}","{""type"": ""category""}"
12858,"{""type"": ""team""}","{""type"": ""team""}"
12859,"{""type"": ""city""}","{""type"": ""city""}"
12860,"{""type"": ""artist""}","{""type"": ""artist""}"
12861,"{""type"": ""result""}","{""type"": ""result""}"
12862,"{""type"": ""city""}","{""type"": ""location""}"
12863,"{""type"": ""age""}","{""type"": ""age""}"
12864,"{""type"": ""weight""}","{""type"": ""weight""}"
12865,"{""type"": ""weight""}","{""type"": ""weight""}"
12866,"{""type"": ""description""}","{""type"": ""description""}"
12867,"{""type"": ""name""}","{""type"": ""name""}"
12868,"{""type"": ""name""}","{""type"": ""name""}"
12869,"{""type"": ""name""}","{""type"": ""name""}"
12870,"{""type"": ""name""}","{""type"": ""name""}"
12871,"{""type"": ""name""}","{""type"": ""name""}"
12872,"{""type"": ""name""}","{""type"": ""name""}"
12873,"{""type"": ""name""}","{""type"": ""name""}"
12874,"{""type"": ""rank""}","{""type"": ""rank""}"
12875,"{""type"": ""category""}","{""type"": ""category""}"
12876,"{""type"": ""name""}","{""type"": ""name""}"
12877,"{""type"": ""weight""}","{""type"": ""weight""}"
12878,"{""type"": ""company""}","{""type"": ""company""}"
12879,"{""type"": ""team""}","{""type"": ""team""}"
12880,"{""type"": ""age""}","{""type"": ""age""}"
12881,"{""type"": ""result""}","{""type"": ""result""}"
12882,"{""type"": ""name""}","{""type"": ""name""}"
12883,"{""type"": ""name""}","{""type"": ""name""}"
12884,"{""type"": ""weight""}","{""type"": ""weight""}"
12885,"{""type"": ""team""}","{""type"": ""team""}"
12886,"{""type"": ""state""}","{""type"": ""state""}"
12887,"{""type"": ""description""}","{""type"": ""description""}"
12888,"{""type"": ""artist""}","{""type"": ""artist""}"
12889,"{""type"": ""artist""}","{""type"": ""artist""}"
12890,"{""type"": ""description""}","{""type"": ""description""}"
12891,"{""type"": ""weight""}","{""type"": ""weight""}"
12892,"{""type"": ""year""}","{""type"": ""year""}"
12893,"{""type"": ""gender""}","{""type"": ""gender""}"
12894,"{""type"": ""age""}","{""type"": ""age""}"
12895,"{""type"": ""description""}","{""type"": ""description""}"
12896,"{""type"": ""year""}","{""type"": ""year""}"
12897,"{""type"": ""name""}","{""type"": ""name""}"
12898,"{""type"": ""format""}","{""type"": ""format""}"
12899,"{""type"": ""code""}","{""type"": ""code""}"
12900,"{""type"": ""age""}","{""type"": ""age""}"
12901,"{""type"": ""name""}","{""type"": ""name""}"
12902,"{""type"": ""name""}","{""type"": ""name""}"
12903,"{""type"": ""weight""}","{""type"": ""weight""}"
12904,"{""type"": ""name""}","{""type"": ""name""}"
12905,"{""type"": ""position""}","{""type"": ""position""}"
12906,"{""type"": ""city""}","{""type"": ""city""}"
12907,"{""type"": ""country""}","{""type"": ""team""}"
12908,"{""type"": ""name""}","{""type"": ""name""}"
12909,"{""type"": ""name""}","{""type"": ""name""}"
12910,"{""type"": ""result""}","{""type"": ""result""}"
12911,"{""type"": ""result""}","{""type"": ""result""}"
12912,"{""type"": ""result""}","{""type"": ""result""}"
12913,"{""type"": ""result""}","{""type"": ""result""}"
12914,"{""type"": ""result""}","{""type"": ""result""}"
12915,"{""type"": ""age""}","{""type"": ""age""}"
12916,"{""type"": ""position""}","{""type"": ""position""}"
12917,"{""type"": ""name""}","{""type"": ""name""}"
12918,"{""type"": ""artist""}","{""type"": ""creator""}"
12919,"{""type"": ""weight""}","{""type"": ""weight""}"
12920,"{""type"": ""county""}","{""type"": ""county""}"
12921,"{""type"": ""result""}","{""type"": ""result""}"
12922,"{""type"": ""rank""}","{""type"": ""rank""}"
12923,"{""type"": ""team""}","{""type"": ""team""}"
12924,"{""type"": ""description""}","{""type"": ""description""}"
12925,"{""type"": ""state""}","{""type"": ""state""}"
12926,"{""type"": ""state""}","{""type"": ""state""}"
12927,"{""type"": ""state""}","{""type"": ""state""}"
12928,"{""type"": ""state""}","{""type"": ""state""}"
12929,"{""type"": ""state""}","{""type"": ""state""}"
12930,"{""type"": ""publisher""}","{""type"": ""publisher""}"
12931,"{""type"": ""state""}","{""type"": ""state""}"
12932,"{""type"": ""state""}","{""type"": ""state""}"
12933,"{""type"": ""state""}","{""type"": ""state""}"
12934,"{""type"": ""state""}","{""type"": ""state""}"
12935,"{""type"": ""state""}","{""type"": ""state""}"
12936,"{""type"": ""type""}","{""type"": ""type""}"
12937,"{""type"": ""code""}","{""type"": ""code""}"
12938,"{""type"": ""age""}","{""type"": ""age""}"
12939,"{""type"": ""code""}","{""type"": ""code""}"
12940,"{""type"": ""city""}","{""type"": ""city""}"
12941,"{""type"": ""weight""}","{""type"": ""weight""}"
12942,"{""type"": ""artist""}","{""type"": ""artist""}"
12943,"{""type"": ""description""}","{""type"": ""description""}"
12944,"{""type"": ""team""}","{""type"": ""team""}"
12945,"{""type"": ""name""}","{""type"": ""name""}"
12946,"{""type"": ""state""}","{""type"": ""state""}"
12947,"{""type"": ""type""}","{""type"": ""type""}"
12948,"{""type"": ""name""}","{""type"": ""name""}"
12949,"{""type"": ""weight""}","{""type"": ""weight""}"
12950,"{""type"": ""name""}","{""type"": ""name""}"
12951,"{""type"": ""age""}","{""type"": ""age""}"
12952,"{""type"": ""club""}","{""type"": ""club""}"
12953,"{""type"": ""city""}","{""type"": ""city""}"
12954,"{""type"": ""position""}","{""type"": ""position""}"
12955,"{""type"": ""status""}","{""type"": ""status""}"
12956,"{""type"": ""age""}","{""type"": ""age""}"
12957,"{""type"": ""club""}","{""type"": ""club""}"
12958,"{""type"": ""artist""}","{""type"": ""name""}"
12959,"{""type"": ""class""}","{""type"": ""class""}"
12960,"{""type"": ""description""}","{""type"": ""description""}"
12961,"{""type"": ""album""}","{""type"": ""album""}"
12962,"{""type"": ""year""}","{""type"": ""year""}"
12963,"{""type"": ""year""}","{""type"": ""year""}"
12964,"{""type"": ""city""}","{""type"": ""city""}"
12965,"{""type"": ""affiliation""}","{""type"": ""affiliation""}"
12966,"{""type"": ""name""}","{""type"": ""name""}"
12967,"{""type"": ""description""}","{""type"": ""description""}"
12968,"{""type"": ""year""}","{""type"": ""year""}"
12969,"{""type"": ""state""}","{""type"": ""state""}"
12970,"{""type"": ""state""}","{""type"": ""state""}"
12971,"{""type"": ""state""}","{""type"": ""state""}"
12972,"{""type"": ""state""}","{""type"": ""state""}"
12973,"{""type"": ""state""}","{""type"": ""state""}"
12974,"{""type"": ""team""}","{""type"": ""team""}"
12975,"{""type"": ""position""}","{""type"": ""position""}"
12976,"{""type"": ""weight""}","{""type"": ""weight""}"
12977,"{""type"": ""year""}","{""type"": ""year""}"
12978,"{""type"": ""location""}","{""type"": ""location""}"
12979,"{""type"": ""category""}","{""type"": ""category""}"
12980,"{""type"": ""type""}","{""type"": ""type""}"
12981,"{""type"": ""result""}","{""type"": ""result""}"
12982,"{""type"": ""industry""}","{""type"": ""industry""}"
12983,"{""type"": ""city""}","{""type"": ""city""}"
12984,"{""type"": ""team""}","{""type"": ""team""}"
12985,"{""type"": ""location""}","{""type"": ""location""}"
12986,"{""type"": ""result""}","{""type"": ""result""}"
12987,"{""type"": ""age""}","{""type"": ""age""}"
12988,"{""type"": ""rank""}","{""type"": ""rank""}"
12989,"{""type"": ""name""}","{""type"": ""name""}"
12990,"{""type"": ""state""}","{""type"": ""state""}"
12991,"{""type"": ""description""}","{""type"": ""description""}"
12992,"{""type"": ""age""}","{""type"": ""age""}"
12993,"{""type"": ""team""}","{""type"": ""class""}"
12994,"{""type"": ""name""}","{""type"": ""name""}"
12995,"{""type"": ""code""}","{""type"": ""type""}"
12996,"{""type"": ""weight""}","{""type"": ""weight""}"
12997,"{""type"": ""state""}","{""type"": ""state""}"
12998,"{""type"": ""description""}","{""type"": ""description""}"
12999,"{""type"": ""year""}","{""type"": ""year""}"
13000,"{""type"": ""age""}","{""type"": ""age""}"
13001,"{""type"": ""description""}","{""type"": ""description""}"
13002,"{""type"": ""description""}","{""type"": ""description""}"
13003,"{""type"": ""description""}","{""type"": ""description""}"
13004,"{""type"": ""description""}","{""type"": ""description""}"
13005,"{""type"": ""description""}","{""type"": ""description""}"
13006,"{""type"": ""description""}","{""type"": ""description""}"
13007,"{""type"": ""weight""}","{""type"": ""weight""}"
13008,"{""type"": ""location""}","{""type"": ""location""}"
13009,"{""type"": ""component""}","{""type"": ""component""}"
13010,"{""type"": ""name""}","{""type"": ""name""}"
13011,"{""type"": ""weight""}","{""type"": ""weight""}"
13012,"{""type"": ""code""}","{""type"": ""code""}"
13013,"{""type"": ""year""}","{""type"": ""year""}"
13014,"{""type"": ""name""}","{""type"": ""name""}"
13015,"{""type"": ""city""}","{""type"": ""city""}"
13016,"{""type"": ""city""}","{""type"": ""city""}"
13017,"{""type"": ""city""}","{""type"": ""city""}"
13018,"{""type"": ""city""}","{""type"": ""city""}"
13019,"{""type"": ""city""}","{""type"": ""city""}"
13020,"{""type"": ""description""}","{""type"": ""description""}"
13021,"{""type"": ""weight""}","{""type"": ""weight""}"
13022,"{""type"": ""age""}","{""type"": ""age""}"
13023,"{""type"": ""category""}","{""type"": ""category""}"
13024,"{""type"": ""status""}","{""type"": ""status""}"
13025,"{""type"": ""name""}","{""type"": ""name""}"
13026,"{""type"": ""category""}","{""type"": ""category""}"
13027,"{""type"": ""symbol""}","{""type"": ""symbol""}"
13028,"{""type"": ""category""}","{""type"": ""category""}"
13029,"{""type"": ""location""}","{""type"": ""location""}"
13030,"{""type"": ""class""}","{""type"": ""class""}"
13031,"{""type"": ""name""}","{""type"": ""name""}"
13032,"{""type"": ""weight""}","{""type"": ""weight""}"
13033,"{""type"": ""name""}","{""type"": ""name""}"
13034,"{""type"": ""year""}","{""type"": ""year""}"
13035,"{""type"": ""city""}","{""type"": ""city""}"
13036,"{""type"": ""artist""}","{""type"": ""artist""}"
13037,"{""type"": ""location""}","{""type"": ""location""}"
13038,"{""type"": ""location""}","{""type"": ""location""}"
13039,"{""type"": ""location""}","{""type"": ""location""}"
13040,"{""type"": ""location""}","{""type"": ""location""}"
13041,"{""type"": ""location""}","{""type"": ""location""}"
13042,"{""type"": ""rank""}","{""type"": ""rank""}"
13043,"{""type"": ""state""}","{""type"": ""state""}"
13044,"{""type"": ""state""}","{""type"": ""state""}"
13045,"{""type"": ""state""}","{""type"": ""state""}"
13046,"{""type"": ""state""}","{""type"": ""state""}"
13047,"{""type"": ""state""}","{""type"": ""state""}"
13048,"{""type"": ""address""}","{""type"": ""address""}"
13049,"{""type"": ""album""}","{""type"": ""album""}"
13050,"{""type"": ""category""}","{""type"": ""category""}"
13051,"{""type"": ""name""}","{""type"": ""name""}"
13052,"{""type"": ""name""}","{""type"": ""name""}"
13053,"{""type"": ""category""}","{""type"": ""category""}"
13054,"{""type"": ""teamname""}","{""type"": ""teamname""}"
13055,"{""type"": ""year""}","{""type"": ""year""}"
13056,"{""type"": ""code""}","{""type"": ""code""}"
13057,"{""type"": ""year""}","{""type"": ""year""}"
13058,"{""type"": ""age""}","{""type"": ""age""}"
13059,"{""type"": ""age""}","{""type"": ""age""}"
13060,"{""type"": ""weight""}","{""type"": ""weight""}"
13061,"{""type"": ""weight""}","{""type"": ""weight""}"
13062,"{""type"": ""county""}","{""type"": ""classification""}"
13063,"{""type"": ""team""}","{""type"": ""team""}"
13064,"{""type"": ""team""}","{""type"": ""team""}"
13065,"{""type"": ""team""}","{""type"": ""team""}"
13066,"{""type"": ""team""}","{""type"": ""team""}"
13067,"{""type"": ""team""}","{""type"": ""team""}"
13068,"{""type"": ""status""}","{""type"": ""status""}"
13069,"{""type"": ""status""}","{""type"": ""status""}"
13070,"{""type"": ""name""}","{""type"": ""name""}"
13071,"{""type"": ""type""}","{""type"": ""status""}"
13072,"{""type"": ""description""}","{""type"": ""description""}"
13073,"{""type"": ""notes""}","{""type"": ""description""}"
13074,"{""type"": ""age""}","{""type"": ""age""}"
13075,"{""type"": ""album""}","{""type"": ""album""}"
13076,"{""type"": ""county""}","{""type"": ""county""}"
13077,"{""type"": ""county""}","{""type"": ""county""}"
13078,"{""type"": ""county""}","{""type"": ""county""}"
13079,"{""type"": ""county""}","{""type"": ""county""}"
13080,"{""type"": ""county""}","{""type"": ""county""}"
13081,"{""type"": ""age""}","{""type"": ""age""}"
13082,"{""type"": ""description""}","{""type"": ""name""}"
13083,"{""type"": ""description""}","{""type"": ""description""}"
13084,"{""type"": ""class""}","{""type"": ""class""}"
13085,"{""type"": ""city""}","{""type"": ""city""}"
13086,"{""type"": ""city""}","{""type"": ""city""}"
13087,"{""type"": ""city""}","{""type"": ""city""}"
13088,"{""type"": ""city""}","{""type"": ""city""}"
13089,"{""type"": ""city""}","{""type"": ""city""}"
13090,"{""type"": ""team""}","{""type"": ""team""}"
13091,"{""type"": ""team""}","{""type"": ""state""}"
13092,"{""type"": ""category""}","{""type"": ""category""}"
13093,"{""type"": ""notes""}","{""type"": ""notes""}"
13094,"{""type"": ""symbol""}","{""type"": ""symbol""}"
13095,"{""type"": ""description""}","{""type"": ""description""}"
13096,"{""type"": ""position""}","{""type"": ""position""}"
13097,"{""type"": ""class""}","{""type"": ""class""}"
13098,"{""type"": ""album""}","{""type"": ""album""}"
13099,"{""type"": ""age""}","{""type"": ""age""}"
13100,"{""type"": ""artist""}","{""type"": ""artist""}"
13101,"{""type"": ""name""}","{""type"": ""name""}"
13102,"{""type"": ""city""}","{""type"": ""city""}"
13103,"{""type"": ""city""}","{""type"": ""city""}"
13104,"{""type"": ""city""}","{""type"": ""city""}"
13105,"{""type"": ""city""}","{""type"": ""city""}"
13106,"{""type"": ""city""}","{""type"": ""city""}"
13107,"{""type"": ""code""}","{""type"": ""code""}"
13108,"{""type"": ""address""}","{""type"": ""address""}"
13109,"{""type"": ""state""}","{""type"": ""state""}"
13110,"{""type"": ""team""}","{""type"": ""teamname""}"
13111,"{""type"": ""state""}","{""type"": ""state""}"
13112,"{""type"": ""album""}","{""type"": ""album""}"
13113,"{""type"": ""description""}","{""type"": ""description""}"
13114,"{""type"": ""type""}","{""type"": ""type""}"
13115,"{""type"": ""name""}","{""type"": ""name""}"
13116,"{""type"": ""result""}","{""type"": ""result""}"
13117,"{""type"": ""position""}","{""type"": ""position""}"
13118,"{""type"": ""rank""}","{""type"": ""rank""}"
13119,"{""type"": ""team""}","{""type"": ""team""}"
13120,"{""type"": ""name""}","{""type"": ""name""}"
13121,"{""type"": ""isbn""}","{""type"": ""isbn""}"
13122,"{""type"": ""club""}","{""type"": ""club""}"
13123,"{""type"": ""description""}","{""type"": ""artist""}"
13124,"{""type"": ""company""}","{""type"": ""company""}"
13125,"{""type"": ""result""}","{""type"": ""result""}"
13126,"{""type"": ""city""}","{""type"": ""city""}"
13127,"{""type"": ""address""}","{""type"": ""address""}"
13128,"{""type"": ""state""}","{""type"": ""state""}"
13129,"{""type"": ""age""}","{""type"": ""age""}"
13130,"{""type"": ""state""}","{""type"": ""state""}"
13131,"{""type"": ""county""}","{""type"": ""county""}"
13132,"{""type"": ""rank""}","{""type"": ""rank""}"
13133,"{""type"": ""city""}","{""type"": ""city""}"
13134,"{""type"": ""weight""}","{""type"": ""weight""}"
13135,"{""type"": ""album""}","{""type"": ""album""}"
13136,"{""type"": ""city""}","{""type"": ""city""}"
13137,"{""type"": ""age""}","{""type"": ""age""}"
13138,"{""type"": ""result""}","{""type"": ""result""}"
13139,"{""type"": ""location""}","{""type"": ""location""}"
13140,"{""type"": ""weight""}","{""type"": ""weight""}"
13141,"{""type"": ""club""}","{""type"": ""club""}"
13142,"{""type"": ""year""}","{""type"": ""year""}"
13143,"{""type"": ""year""}","{""type"": ""year""}"
13144,"{""type"": ""year""}","{""type"": ""year""}"
13145,"{""type"": ""year""}","{""type"": ""year""}"
13146,"{""type"": ""year""}","{""type"": ""year""}"
13147,"{""type"": ""address""}","{""type"": ""address""}"
13148,"{""type"": ""city""}","{""type"": ""city""}"
13149,"{""type"": ""rank""}","{""type"": ""position""}"
13150,"{""type"": ""city""}","{""type"": ""city""}"
13151,"{""type"": ""position""}","{""type"": ""position""}"
13152,"{""type"": ""code""}","{""type"": ""code""}"
13153,"{""type"": ""team""}","{""type"": ""team""}"
13154,"{""type"": ""team""}","{""type"": ""nationality""}"
13155,"{""type"": ""name""}","{""type"": ""name""}"
13156,"{""type"": ""code""}","{""type"": ""code""}"
13157,"{""type"": ""type""}","{""type"": ""type""}"
13158,"{""type"": ""age""}","{""type"": ""age""}"
13159,"{""type"": ""symbol""}","{""type"": ""symbol""}"
13160,"{""type"": ""format""}","{""type"": ""format""}"
13161,"{""type"": ""name""}","{""type"": ""name""}"
13162,"{""type"": ""year""}","{""type"": ""year""}"
13163,"{""type"": ""owner""}","{""type"": ""owner""}"
13164,"{""type"": ""name""}","{""type"": ""name""}"
13165,"{""type"": ""artist""}","{""type"": ""artist""}"
13166,"{""type"": ""location""}","{""type"": ""location""}"
13167,"{""type"": ""weight""}","{""type"": ""weight""}"
13168,"{""type"": ""class""}","{""type"": ""class""}"
13169,"{""type"": ""name""}","{""type"": ""name""}"
13170,"{""type"": ""city""}","{""type"": ""city""}"
13171,"{""type"": ""weight""}","{""type"": ""weight""}"
13172,"{""type"": ""name""}","{""type"": ""name""}"
13173,"{""type"": ""name""}","{""type"": ""name""}"
13174,"{""type"": ""description""}","{""type"": ""description""}"
13175,"{""type"": ""year""}","{""type"": ""year""}"
13176,"{""type"": ""result""}","{""type"": ""result""}"
13177,"{""type"": ""state""}","{""type"": ""state""}"
13178,"{""type"": ""type""}","{""type"": ""type""}"
13179,"{""type"": ""status""}","{""type"": ""status""}"
13180,"{""type"": ""weight""}","{""type"": ""weight""}"
13181,"{""type"": ""team""}","{""type"": ""team""}"
13182,"{""type"": ""club""}","{""type"": ""club""}"
13183,"{""type"": ""state""}","{""type"": ""state""}"
13184,"{""type"": ""status""}","{""type"": ""status""}"
13185,"{""type"": ""description""}","{""type"": ""description""}"
13186,"{""type"": ""type""}","{""type"": ""type""}"
13187,"{""type"": ""location""}","{""type"": ""location""}"
13188,"{""type"": ""club""}","{""type"": ""club""}"
13189,"{""type"": ""description""}","{""type"": ""description""}"
13190,"{""type"": ""symbol""}","{""type"": ""symbol""}"
13191,"{""type"": ""name""}","{""type"": ""name""}"
13192,"{""type"": ""status""}","{""type"": ""status""}"
13193,"{""type"": ""location""}","{""type"": ""location""}"
13194,"{""type"": ""album""}","{""type"": ""album""}"
13195,"{""type"": ""state""}","{""type"": ""state""}"
13196,"{""type"": ""state""}","{""type"": ""state""}"
13197,"{""type"": ""state""}","{""type"": ""state""}"
13198,"{""type"": ""state""}","{""type"": ""state""}"
13199,"{""type"": ""state""}","{""type"": ""state""}"
13200,"{""type"": ""code""}","{""type"": ""code""}"
13201,"{""type"": ""name""}","{""type"": ""name""}"
13202,"{""type"": ""name""}","{""type"": ""name""}"
13203,"{""type"": ""name""}","{""type"": ""name""}"
13204,"{""type"": ""name""}","{""type"": ""name""}"
13205,"{""type"": ""name""}","{""type"": ""name""}"
13206,"{""type"": ""symbol""}","{""type"": ""symbol""}"
13207,"{""type"": ""country""}","{""type"": ""country""}"
13208,"{""type"": ""symbol""}","{""type"": ""symbol""}"
13209,"{""type"": ""gender""}","{""type"": ""gender""}"
13210,"{""type"": ""language""}","{""type"": ""language""}"
13211,"{""type"": ""result""}","{""type"": ""result""}"
13212,"{""type"": ""class""}","{""type"": ""year""}"
13213,"{""type"": ""status""}","{""type"": ""status""}"
13214,"{""type"": ""name""}","{""type"": ""name""}"
13215,"{""type"": ""sex""}","{""type"": ""gender""}"
13216,"{""type"": ""description""}","{""type"": ""description""}"
13217,"{""type"": ""rank""}","{""type"": ""rank""}"
13218,"{""type"": ""description""}","{""type"": ""description""}"
13219,"{""type"": ""year""}","{""type"": ""year""}"
13220,"{""type"": ""year""}","{""type"": ""year""}"
13221,"{""type"": ""year""}","{""type"": ""year""}"
13222,"{""type"": ""year""}","{""type"": ""year""}"
13223,"{""type"": ""year""}","{""type"": ""year""}"
13224,"{""type"": ""description""}","{""type"": ""description""}"
13225,"{""type"": ""age""}","{""type"": ""age""}"
13226,"{""type"": ""position""}","{""type"": ""position""}"
13227,"{""type"": ""result""}","{""type"": ""result""}"
13228,"{""type"": ""description""}","{""type"": ""description""}"
13229,"{""type"": ""code""}","{""type"": ""code""}"
13230,"{""type"": ""address""}","{""type"": ""address""}"
13231,"{""type"": ""description""}","{""type"": ""description""}"
13232,"{""type"": ""year""}","{""type"": ""class""}"
13233,"{""type"": ""city""}","{""type"": ""city""}"
13234,"{""type"": ""weight""}","{""type"": ""weight""}"
13235,"{""type"": ""description""}","{""type"": ""description""}"
13236,"{""type"": ""city""}","{""type"": ""city""}"
13237,"{""type"": ""album""}","{""type"": ""album""}"
13238,"{""type"": ""name""}","{""type"": ""name""}"
13239,"{""type"": ""notes""}","{""type"": ""notes""}"
13240,"{""type"": ""region""}","{""type"": ""region""}"
13241,"{""type"": ""code""}","{""type"": ""name""}"
13242,"{""type"": ""code""}","{""type"": ""name""}"
13243,"{""type"": ""code""}","{""type"": ""name""}"
13244,"{""type"": ""code""}","{""type"": ""name""}"
13245,"{""type"": ""code""}","{""type"": ""name""}"
13246,"{""type"": ""description""}","{""type"": ""description""}"
13247,"{""type"": ""notes""}","{""type"": ""notes""}"
13248,"{""type"": ""album""}","{""type"": ""album""}"
13249,"{""type"": ""name""}","{""type"": ""name""}"
13250,"{""type"": ""artist""}","{""type"": ""artist""}"
13251,"{""type"": ""age""}","{""type"": ""age""}"
13252,"{""type"": ""name""}","{""type"": ""name""}"
13253,"{""type"": ""name""}","{""type"": ""name""}"
13254,"{""type"": ""name""}","{""type"": ""name""}"
13255,"{""type"": ""name""}","{""type"": ""name""}"
13256,"{""type"": ""name""}","{""type"": ""name""}"
13257,"{""type"": ""weight""}","{""type"": ""weight""}"
13258,"{""type"": ""name""}","{""type"": ""name""}"
13259,"{""type"": ""name""}","{""type"": ""name""}"
13260,"{""type"": ""company""}","{""type"": ""company""}"
13261,"{""type"": ""age""}","{""type"": ""age""}"
13262,"{""type"": ""name""}","{""type"": ""name""}"
13263,"{""type"": ""language""}","{""type"": ""language""}"
13264,"{""type"": ""year""}","{""type"": ""year""}"
13265,"{""type"": ""weight""}","{""type"": ""weight""}"
13266,"{""type"": ""type""}","{""type"": ""type""}"
13267,"{""type"": ""city""}","{""type"": ""city""}"
13268,"{""type"": ""state""}","{""type"": ""state""}"
13269,"{""type"": ""state""}","{""type"": ""state""}"
13270,"{""type"": ""state""}","{""type"": ""state""}"
13271,"{""type"": ""state""}","{""type"": ""state""}"
13272,"{""type"": ""state""}","{""type"": ""state""}"
13273,"{""type"": ""state""}","{""type"": ""state""}"
13274,"{""type"": ""depth""}","{""type"": ""rank""}"
13275,"{""type"": ""description""}","{""type"": ""description""}"
13276,"{""type"": ""team""}","{""type"": ""country""}"
13277,"{""type"": ""rank""}","{""type"": ""rank""}"
13278,"{""type"": ""category""}","{""type"": ""category""}"
13279,"{""type"": ""position""}","{""type"": ""position""}"
13280,"{""type"": ""team""}","{""type"": ""team""}"
13281,"{""type"": ""status""}","{""type"": ""status""}"
13282,"{""type"": ""team""}","{""type"": ""team""}"
13283,"{""type"": ""state""}","{""type"": ""state""}"
13284,"{""type"": ""city""}","{""type"": ""city""}"
13285,"{""type"": ""name""}","{""type"": ""name""}"
13286,"{""type"": ""name""}","{""type"": ""name""}"
13287,"{""type"": ""album""}","{""type"": ""album""}"
13288,"{""type"": ""club""}","{""type"": ""club""}"
13289,"{""type"": ""artist""}","{""type"": ""artist""}"
13290,"{""type"": ""description""}","{""type"": ""description""}"
13291,"{""type"": ""status""}","{""type"": ""status""}"
13292,"{""type"": ""gender""}","{""type"": ""gender""}"
13293,"{""type"": ""species""}","{""type"": ""species""}"
13294,"{""type"": ""weight""}","{""type"": ""weight""}"
13295,"{""type"": ""city""}","{""type"": ""city""}"
13296,"{""type"": ""city""}","{""type"": ""city""}"
13297,"{""type"": ""city""}","{""type"": ""city""}"
13298,"{""type"": ""city""}","{""type"": ""city""}"
13299,"{""type"": ""city""}","{""type"": ""city""}"
13300,"{""type"": ""name""}","{""type"": ""name""}"
13301,"{""type"": ""name""}","{""type"": ""name""}"
13302,"{""type"": ""artist""}","{""type"": ""artist""}"
13303,"{""type"": ""age""}","{""type"": ""age""}"
13304,"{""type"": ""symbol""}","{""type"": ""symbol""}"
13305,"{""type"": ""name""}","{""type"": ""name""}"
13306,"{""type"": ""type""}","{""type"": ""type""}"
13307,"{""type"": ""code""}","{""type"": ""code""}"
13308,"{""type"": ""weight""}","{""type"": ""weight""}"
13309,"{""type"": ""weight""}","{""type"": ""weight""}"
13310,"{""type"": ""country""}","{""type"": ""country""}"
13311,"{""type"": ""city""}","{""type"": ""city""}"
13312,"{""type"": ""name""}","{""type"": ""name""}"
13313,"{""type"": ""result""}","{""type"": ""result""}"
13314,"{""type"": ""artist""}","{""type"": ""artist""}"
13315,"{""type"": ""club""}","{""type"": ""club""}"
13316,"{""type"": ""name""}","{""type"": ""name""}"
13317,"{""type"": ""type""}","{""type"": ""type""}"
13318,"{""type"": ""category""}","{""type"": ""category""}"
13319,"{""type"": ""state""}","{""type"": ""state""}"
13320,"{""type"": ""county""}","{""type"": ""county""}"
13321,"{""type"": ""category""}","{""type"": ""category""}"
13322,"{""type"": ""result""}","{""type"": ""result""}"
13323,"{""type"": ""result""}","{""type"": ""result""}"
13324,"{""type"": ""result""}","{""type"": ""result""}"
13325,"{""type"": ""result""}","{""type"": ""result""}"
13326,"{""type"": ""result""}","{""type"": ""result""}"
13327,"{""type"": ""weight""}","{""type"": ""weight""}"
13328,"{""type"": ""type""}","{""type"": ""type""}"
13329,"{""type"": ""name""}","{""type"": ""name""}"
13330,"{""type"": ""gender""}","{""type"": ""gender""}"
13331,"{""type"": ""status""}","{""type"": ""status""}"
13332,"{""type"": ""address""}","{""type"": ""address""}"
13333,"{""type"": ""class""}","{""type"": ""class""}"
13334,"{""type"": ""team""}","{""type"": ""team""}"
13335,"{""type"": ""name""}","{""type"": ""name""}"
13336,"{""type"": ""state""}","{""type"": ""status""}"
13337,"{""type"": ""state""}","{""type"": ""state""}"
13338,"{""type"": ""state""}","{""type"": ""state""}"
13339,"{""type"": ""state""}","{""type"": ""status""}"
13340,"{""type"": ""state""}","{""type"": ""state""}"
13341,"{""type"": ""club""}","{""type"": ""club""}"
13342,"{""type"": ""code""}","{""type"": ""code""}"
13343,"{""type"": ""album""}","{""type"": ""album""}"
13344,"{""type"": ""company""}","{""type"": ""company""}"
13345,"{""type"": ""age""}","{""type"": ""age""}"
13346,"{""type"": ""year""}","{""type"": ""year""}"
13347,"{""type"": ""city""}","{""type"": ""city""}"
13348,"{""type"": ""status""}","{""type"": ""status""}"
13349,"{""type"": ""code""}","{""type"": ""code""}"
13350,"{""type"": ""weight""}","{""type"": ""weight""}"
13351,"{""type"": ""result""}","{""type"": ""result""}"
13352,"{""type"": ""age""}","{""type"": ""age""}"
13353,"{""type"": ""name""}","{""type"": ""name""}"
13354,"{""type"": ""team""}","{""type"": ""team""}"
13355,"{""type"": ""city""}","{""type"": ""city""}"
13356,"{""type"": ""city""}","{""type"": ""city""}"
13357,"{""type"": ""city""}","{""type"": ""city""}"
13358,"{""type"": ""city""}","{""type"": ""city""}"
13359,"{""type"": ""city""}","{""type"": ""city""}"
13360,"{""type"": ""weight""}","{""type"": ""weight""}"
13361,"{""type"": ""name""}","{""type"": ""name""}"
13362,"{""type"": ""team""}","{""type"": ""team""}"
13363,"{""type"": ""team""}","{""type"": ""team""}"
13364,"{""type"": ""location""}","{""type"": ""location""}"
13365,"{""type"": ""city""}","{""type"": ""city""}"
13366,"{""type"": ""class""}","{""type"": ""class""}"
13367,"{""type"": ""type""}","{""type"": ""type""}"
13368,"{""type"": ""description""}","{""type"": ""description""}"
13369,"{""type"": ""name""}","{""type"": ""name""}"
13370,"{""type"": ""position""}","{""type"": ""position""}"
13371,"{""type"": ""description""}","{""type"": ""description""}"
13372,"{""type"": ""status""}","{""type"": ""status""}"
13373,"{""type"": ""format""}","{""type"": ""format""}"
13374,"{""type"": ""type""}","{""type"": ""type""}"
13375,"{""type"": ""weight""}","{""type"": ""weight""}"
13376,"{""type"": ""type""}","{""type"": ""type""}"
13377,"{""type"": ""rank""}","{""type"": ""rank""}"
13378,"{""type"": ""family""}","{""type"": ""family""}"
13379,"{""type"": ""name""}","{""type"": ""name""}"
13380,"{""type"": ""city""}","{""type"": ""city""}"
13381,"{""type"": ""state""}","{""type"": ""state""}"
13382,"{""type"": ""description""}","{""type"": ""description""}"
13383,"{""type"": ""description""}","{""type"": ""description""}"
13384,"{""type"": ""status""}","{""type"": ""status""}"
13385,"{""type"": ""rank""}","{""type"": ""rank""}"
13386,"{""type"": ""age""}","{""type"": ""age""}"
13387,"{""type"": ""city""}","{""type"": ""city""}"
13388,"{""type"": ""result""}","{""type"": ""result""}"
13389,"{""type"": ""result""}","{""type"": ""result""}"
13390,"{""type"": ""result""}","{""type"": ""result""}"
13391,"{""type"": ""result""}","{""type"": ""result""}"
13392,"{""type"": ""result""}","{""type"": ""result""}"
13393,"{""type"": ""location""}","{""type"": ""location""}"
13394,"{""type"": ""code""}","{""type"": ""code""}"
13395,"{""type"": ""day""}","{""type"": ""day""}"
13396,"{""type"": ""code""}","{""type"": ""code""}"
13397,"{""type"": ""isbn""}","{""type"": ""isbn""}"
13398,"{""type"": ""description""}","{""type"": ""description""}"
13399,"{""type"": ""state""}","{""type"": ""state""}"
13400,"{""type"": ""weight""}","{""type"": ""weight""}"
13401,"{""type"": ""position""}","{""type"": ""position""}"
13402,"{""type"": ""club""}","{""type"": ""club""}"
13403,"{""type"": ""gender""}","{""type"": ""gender""}"
13404,"{""type"": ""club""}","{""type"": ""club""}"
13405,"{""type"": ""year""}","{""type"": ""year""}"
13406,"{""type"": ""name""}","{""type"": ""name""}"
13407,"{""type"": ""description""}","{""type"": ""description""}"
13408,"{""type"": ""name""}","{""type"": ""name""}"
13409,"{""type"": ""description""}","{""type"": ""description""}"
13410,"{""type"": ""result""}","{""type"": ""result""}"
13411,"{""type"": ""result""}","{""type"": ""result""}"
13412,"{""type"": ""result""}","{""type"": ""result""}"
13413,"{""type"": ""result""}","{""type"": ""result""}"
13414,"{""type"": ""result""}","{""type"": ""result""}"
13415,"{""type"": ""type""}","{""type"": ""type""}"
13416,"{""type"": ""state""}","{""type"": ""state""}"
13417,"{""type"": ""state""}","{""type"": ""state""}"
13418,"{""type"": ""state""}","{""type"": ""state""}"
13419,"{""type"": ""state""}","{""type"": ""state""}"
13420,"{""type"": ""state""}","{""type"": ""state""}"
13421,"{""type"": ""description""}","{""type"": ""description""}"
13422,"{""type"": ""description""}","{""type"": ""description""}"
13423,"{""type"": ""code""}","{""type"": ""code""}"
13424,"{""type"": ""year""}","{""type"": ""year""}"
13425,"{""type"": ""country""}","{""type"": ""country""}"
13426,"{""type"": ""age""}","{""type"": ""age""}"
13427,"{""type"": ""result""}","{""type"": ""result""}"
13428,"{""type"": ""age""}","{""type"": ""age""}"
13429,"{""type"": ""description""}","{""type"": ""description""}"
13430,"{""type"": ""age""}","{""type"": ""age""}"
13431,"{""type"": ""city""}","{""type"": ""city""}"
13432,"{""type"": ""name""}","{""type"": ""name""}"
13433,"{""type"": ""team""}","{""type"": ""team""}"
13434,"{""type"": ""state""}","{""type"": ""state""}"
13435,"{""type"": ""notes""}","{""type"": ""notes""}"
13436,"{""type"": ""notes""}","{""type"": ""notes""}"
13437,"{""type"": ""notes""}","{""type"": ""notes""}"
13438,"{""type"": ""notes""}","{""type"": ""notes""}"
13439,"{""type"": ""notes""}","{""type"": ""notes""}"
13440,"{""type"": ""age""}","{""type"": ""age""}"
13441,"{""type"": ""name""}","{""type"": ""name""}"
13442,"{""type"": ""name""}","{""type"": ""name""}"
13443,"{""type"": ""name""}","{""type"": ""name""}"
13444,"{""type"": ""name""}","{""type"": ""name""}"
13445,"{""type"": ""name""}","{""type"": ""name""}"
13446,"{""type"": ""name""}","{""type"": ""name""}"
13447,"{""type"": ""description""}","{""type"": ""description""}"
13448,"{""type"": ""year""}","{""type"": ""class""}"
13449,"{""type"": ""state""}","{""type"": ""state""}"
13450,"{""type"": ""weight""}","{""type"": ""weight""}"
13451,"{""type"": ""age""}","{""type"": ""age""}"
13452,"{""type"": ""status""}","{""type"": ""status""}"
13453,"{""type"": ""status""}","{""type"": ""status""}"
13454,"{""type"": ""location""}","{""type"": ""location""}"
13455,"{""type"": ""location""}","{""type"": ""city""}"
13456,"{""type"": ""year""}","{""type"": ""year""}"
13457,"{""type"": ""age""}","{""type"": ""age""}"
13458,"{""type"": ""weight""}","{""type"": ""weight""}"
13459,"{""type"": ""age""}","{""type"": ""age""}"
13460,"{""type"": ""age""}","{""type"": ""age""}"
13461,"{""type"": ""city""}","{""type"": ""city""}"
13462,"{""type"": ""name""}","{""type"": ""name""}"
13463,"{""type"": ""weight""}","{""type"": ""weight""}"
13464,"{""type"": ""location""}","{""type"": ""location""}"
13465,"{""type"": ""location""}","{""type"": ""location""}"
13466,"{""type"": ""location""}","{""type"": ""location""}"
13467,"{""type"": ""location""}","{""type"": ""location""}"
13468,"{""type"": ""location""}","{""type"": ""location""}"
13469,"{""type"": ""teamname""}","{""type"": ""teamname""}"
13470,"{""type"": ""description""}","{""type"": ""description""}"
13471,"{""type"": ""city""}","{""type"": ""city""}"
13472,"{""type"": ""weight""}","{""type"": ""weight""}"
13473,"{""type"": ""format""}","{""type"": ""format""}"
13474,"{""type"": ""county""}","{""type"": ""county""}"
13475,"{""type"": ""collection""}","{""type"": ""collection""}"
13476,"{""type"": ""weight""}","{""type"": ""weight""}"
13477,"{""type"": ""rank""}","{""type"": ""rank""}"
13478,"{""type"": ""name""}","{""type"": ""name""}"
13479,"{""type"": ""country""}","{""type"": ""country""}"
13480,"{""type"": ""age""}","{""type"": ""rank""}"
13481,"{""type"": ""type""}","{""type"": ""type""}"
13482,"{""type"": ""description""}","{""type"": ""description""}"
13483,"{""type"": ""city""}","{""type"": ""city""}"
13484,"{""type"": ""weight""}","{""type"": ""weight""}"
13485,"{""type"": ""club""}","{""type"": ""club""}"
13486,"{""type"": ""type""}","{""type"": ""type""}"
13487,"{""type"": ""age""}","{""type"": ""rank""}"
13488,"{""type"": ""description""}","{""type"": ""description""}"
13489,"{""type"": ""artist""}","{""type"": ""artist""}"
13490,"{""type"": ""team""}","{""type"": ""status""}"
13491,"{""type"": ""description""}","{""type"": ""description""}"
13492,"{""type"": ""album""}","{""type"": ""album""}"
13493,"{""type"": ""weight""}","{""type"": ""weight""}"
13494,"{""type"": ""result""}","{""type"": ""result""}"
13495,"{""type"": ""name""}","{""type"": ""name""}"
13496,"{""type"": ""name""}","{""type"": ""name""}"
13497,"{""type"": ""team""}","{""type"": ""teamname""}"
13498,"{""type"": ""name""}","{""type"": ""name""}"
13499,"{""type"": ""name""}","{""type"": ""name""}"
13500,"{""type"": ""album""}","{""type"": ""album""}"
13501,"{""type"": ""type""}","{""type"": ""type""}"
13502,"{""type"": ""year""}","{""type"": ""year""}"
13503,"{""type"": ""symbol""}","{""type"": ""symbol""}"
13504,"{""type"": ""description""}","{""type"": ""description""}"
13505,"{""type"": ""weight""}","{""type"": ""weight""}"
13506,"{""type"": ""location""}","{""type"": ""location""}"
13507,"{""type"": ""city""}","{""type"": ""city""}"
13508,"{""type"": ""city""}","{""type"": ""city""}"
13509,"{""type"": ""city""}","{""type"": ""city""}"
13510,"{""type"": ""city""}","{""type"": ""city""}"
13511,"{""type"": ""city""}","{""type"": ""city""}"
13512,"{""type"": ""location""}","{""type"": ""location""}"
13513,"{""type"": ""category""}","{""type"": ""category""}"
13514,"{""type"": ""year""}","{""type"": ""year""}"
13515,"{""type"": ""name""}","{""type"": ""name""}"
13516,"{""type"": ""year""}","{""type"": ""year""}"
13517,"{""type"": ""position""}","{""type"": ""address""}"
13518,"{""type"": ""location""}","{""type"": ""location""}"
13519,"{""type"": ""year""}","{""type"": ""year""}"
13520,"{""type"": ""continent""}","{""type"": ""club""}"
13521,"{""type"": ""city""}","{""type"": ""city""}"
13522,"{""type"": ""name""}","{""type"": ""name""}"
13523,"{""type"": ""name""}","{""type"": ""name""}"
13524,"{""type"": ""name""}","{""type"": ""name""}"
13525,"{""type"": ""name""}","{""type"": ""name""}"
13526,"{""type"": ""name""}","{""type"": ""name""}"
13527,"{""type"": ""name""}","{""type"": ""name""}"
13528,"{""type"": ""code""}","{""type"": ""code""}"
13529,"{""type"": ""team""}","{""type"": ""country""}"
13530,"{""type"": ""code""}","{""type"": ""code""}"
13531,"{""type"": ""state""}","{""type"": ""state""}"
13532,"{""type"": ""location""}","{""type"": ""location""}"
13533,"{""type"": ""code""}","{""type"": ""code""}"
13534,"{""type"": ""year""}","{""type"": ""year""}"
13535,"{""type"": ""rank""}","{""type"": ""position""}"
13536,"{""type"": ""depth""}","{""type"": ""position""}"
13537,"{""type"": ""name""}","{""type"": ""name""}"
13538,"{""type"": ""class""}","{""type"": ""class""}"
13539,"{""type"": ""description""}","{""type"": ""description""}"
13540,"{""type"": ""city""}","{""type"": ""city""}"
13541,"{""type"": ""type""}","{""type"": ""type""}"
13542,"{""type"": ""type""}","{""type"": ""type""}"
13543,"{""type"": ""age""}","{""type"": ""age""}"
13544,"{""type"": ""result""}","{""type"": ""result""}"
13545,"{""type"": ""status""}","{""type"": ""status""}"
13546,"{""type"": ""age""}","{""type"": ""age""}"
13547,"{""type"": ""status""}","{""type"": ""status""}"
13548,"{""type"": ""weight""}","{""type"": ""weight""}"
13549,"{""type"": ""category""}","{""type"": ""category""}"
13550,"{""type"": ""rank""}","{""type"": ""rank""}"
13551,"{""type"": ""album""}","{""type"": ""album""}"
13552,"{""type"": ""location""}","{""type"": ""location""}"
13553,"{""type"": ""album""}","{""type"": ""album""}"
13554,"{""type"": ""weight""}","{""type"": ""weight""}"
13555,"{""type"": ""name""}","{""type"": ""name""}"
13556,"{""type"": ""name""}","{""type"": ""name""}"
13557,"{""type"": ""weight""}","{""type"": ""weight""}"
13558,"{""type"": ""rank""}","{""type"": ""rank""}"
13559,"{""type"": ""country""}","{""type"": ""country""}"
13560,"{""type"": ""album""}","{""type"": ""album""}"
13561,"{""type"": ""code""}","{""type"": ""code""}"
13562,"{""type"": ""result""}","{""type"": ""result""}"
13563,"{""type"": ""name""}","{""type"": ""name""}"
13564,"{""type"": ""year""}","{""type"": ""year""}"
13565,"{""type"": ""state""}","{""type"": ""state""}"
13566,"{""type"": ""description""}","{""type"": ""description""}"
13567,"{""type"": ""state""}","{""type"": ""state""}"
13568,"{""type"": ""name""}","{""type"": ""name""}"
13569,"{""type"": ""location""}","{""type"": ""location""}"
13570,"{""type"": ""code""}","{""type"": ""code""}"
13571,"{""type"": ""album""}","{""type"": ""album""}"
13572,"{""type"": ""status""}","{""type"": ""status""}"
13573,"{""type"": ""state""}","{""type"": ""state""}"
13574,"{""type"": ""symbol""}","{""type"": ""symbol""}"
13575,"{""type"": ""album""}","{""type"": ""album""}"
13576,"{""type"": ""artist""}","{""type"": ""artist""}"
13577,"{""type"": ""year""}","{""type"": ""year""}"
13578,"{""type"": ""company""}","{""type"": ""company""}"
13579,"{""type"": ""type""}","{""type"": ""type""}"
13580,"{""type"": ""company""}","{""type"": ""company""}"
13581,"{""type"": ""name""}","{""type"": ""name""}"
13582,"{""type"": ""result""}","{""type"": ""result""}"
13583,"{""type"": ""result""}","{""type"": ""result""}"
13584,"{""type"": ""result""}","{""type"": ""result""}"
13585,"{""type"": ""result""}","{""type"": ""result""}"
13586,"{""type"": ""result""}","{""type"": ""result""}"
13587,"{""type"": ""name""}","{""type"": ""name""}"
13588,"{""type"": ""duration""}","{""type"": ""duration""}"
13589,"{""type"": ""county""}","{""type"": ""county""}"
13590,"{""type"": ""club""}","{""type"": ""club""}"
13591,"{""type"": ""rank""}","{""type"": ""rank""}"
13592,"{""type"": ""description""}","{""type"": ""location""}"
13593,"{""type"": ""location""}","{""type"": ""location""}"
13594,"{""type"": ""weight""}","{""type"": ""weight""}"
13595,"{""type"": ""rank""}","{""type"": ""rank""}"
13596,"{""type"": ""name""}","{""type"": ""name""}"
13597,"{""type"": ""rank""}","{""type"": ""rank""}"
13598,"{""type"": ""rank""}","{""type"": ""rank""}"
13599,"{""type"": ""rank""}","{""type"": ""rank""}"
13600,"{""type"": ""rank""}","{""type"": ""rank""}"
13601,"{""type"": ""rank""}","{""type"": ""rank""}"
13602,"{""type"": ""name""}","{""type"": ""name""}"
13603,"{""type"": ""description""}","{""type"": ""description""}"
13604,"{""type"": ""city""}","{""type"": ""city""}"
13605,"{""type"": ""city""}","{""type"": ""city""}"
13606,"{""type"": ""city""}","{""type"": ""city""}"
13607,"{""type"": ""city""}","{""type"": ""city""}"
13608,"{""type"": ""city""}","{""type"": ""city""}"
13609,"{""type"": ""weight""}","{""type"": ""weight""}"
13610,"{""type"": ""code""}","{""type"": ""code""}"
13611,"{""type"": ""city""}","{""type"": ""city""}"
13612,"{""type"": ""brand""}","{""type"": ""name""}"
13613,"{""type"": ""city""}","{""type"": ""city""}"
13614,"{""type"": ""rank""}","{""type"": ""rank""}"
13615,"{""type"": ""rank""}","{""type"": ""rank""}"
13616,"{""type"": ""rank""}","{""type"": ""rank""}"
13617,"{""type"": ""rank""}","{""type"": ""rank""}"
13618,"{""type"": ""rank""}","{""type"": ""rank""}"
13619,"{""type"": ""artist""}","{""type"": ""artist""}"
13620,"{""type"": ""year""}","{""type"": ""class""}"
13621,"{""type"": ""type""}","{""type"": ""status""}"
13622,"{""type"": ""name""}","{""type"": ""name""}"
13623,"{""type"": ""description""}","{""type"": ""description""}"
13624,"{""type"": ""age""}","{""type"": ""age""}"
13625,"{""type"": ""description""}","{""type"": ""description""}"
13626,"{""type"": ""city""}","{""type"": ""city""}"
13627,"{""type"": ""age""}","{""type"": ""age""}"
13628,"{""type"": ""location""}","{""type"": ""location""}"
13629,"{""type"": ""name""}","{""type"": ""name""}"
13630,"{""type"": ""description""}","{""type"": ""description""}"
13631,"{""type"": ""name""}","{""type"": ""name""}"
13632,"{""type"": ""company""}","{""type"": ""company""}"
13633,"{""type"": ""name""}","{""type"": ""name""}"
13634,"{""type"": ""year""}","{""type"": ""year""}"
13635,"{""type"": ""weight""}","{""type"": ""weight""}"
13636,"{""type"": ""weight""}","{""type"": ""weight""}"
13637,"{""type"": ""location""}","{""type"": ""location""}"
13638,"{""type"": ""code""}","{""type"": ""code""}"
13639,"{""type"": ""state""}","{""type"": ""state""}"
13640,"{""type"": ""album""}","{""type"": ""album""}"
13641,"{""type"": ""year""}","{""type"": ""year""}"
13642,"{""type"": ""state""}","{""type"": ""state""}"
13643,"{""type"": ""rank""}","{""type"": ""rank""}"
13644,"{""type"": ""rank""}","{""type"": ""rank""}"
13645,"{""type"": ""rank""}","{""type"": ""rank""}"
13646,"{""type"": ""rank""}","{""type"": ""rank""}"
13647,"{""type"": ""rank""}","{""type"": ""rank""}"
13648,"{""type"": ""description""}","{""type"": ""description""}"
13649,"{""type"": ""artist""}","{""type"": ""artist""}"
13650,"{""type"": ""sex""}","{""type"": ""sex""}"
13651,"{""type"": ""status""}","{""type"": ""status""}"
13652,"{""type"": ""range""}","{""type"": ""position""}"
13653,"{""type"": ""state""}","{""type"": ""state""}"
13654,"{""type"": ""state""}","{""type"": ""state""}"
13655,"{""type"": ""state""}","{""type"": ""state""}"
13656,"{""type"": ""state""}","{""type"": ""state""}"
13657,"{""type"": ""state""}","{""type"": ""state""}"
13658,"{""type"": ""team""}","{""type"": ""teamname""}"
13659,"{""type"": ""city""}","{""type"": ""city""}"
13660,"{""type"": ""name""}","{""type"": ""name""}"
13661,"{""type"": ""position""}","{""type"": ""position""}"
13662,"{""type"": ""team""}","{""type"": ""team""}"
13663,"{""type"": ""age""}","{""type"": ""age""}"
13664,"{""type"": ""symbol""}","{""type"": ""symbol""}"
13665,"{""type"": ""team""}","{""type"": ""country""}"
13666,"{""type"": ""team""}","{""type"": ""team""}"
13667,"{""type"": ""team""}","{""type"": ""team""}"
13668,"{""type"": ""team""}","{""type"": ""country""}"
13669,"{""type"": ""team""}","{""type"": ""country""}"
13670,"{""type"": ""description""}","{""type"": ""description""}"
13671,"{""type"": ""city""}","{""type"": ""city""}"
13672,"{""type"": ""club""}","{""type"": ""club""}"
13673,"{""type"": ""team""}","{""type"": ""team""}"
13674,"{""type"": ""team""}","{""type"": ""club""}"
13675,"{""type"": ""team""}","{""type"": ""club""}"
13676,"{""type"": ""team""}","{""type"": ""club""}"
13677,"{""type"": ""team""}","{""type"": ""club""}"
13678,"{""type"": ""city""}","{""type"": ""city""}"
13679,"{""type"": ""weight""}","{""type"": ""weight""}"
13680,"{""type"": ""club""}","{""type"": ""club""}"
13681,"{""type"": ""position""}","{""type"": ""position""}"
13682,"{""type"": ""age""}","{""type"": ""age""}"
13683,"{""type"": ""teamname""}","{""type"": ""teamname""}"
13684,"{""type"": ""result""}","{""type"": ""result""}"
13685,"{""type"": ""age""}","{""type"": ""age""}"
13686,"{""type"": ""type""}","{""type"": ""type""}"
13687,"{""type"": ""age""}","{""type"": ""age""}"
13688,"{""type"": ""category""}","{""type"": ""category""}"
13689,"{""type"": ""name""}","{""type"": ""name""}"
13690,"{""type"": ""notes""}","{""type"": ""notes""}"
13691,"{""type"": ""notes""}","{""type"": ""notes""}"
13692,"{""type"": ""notes""}","{""type"": ""notes""}"
13693,"{""type"": ""notes""}","{""type"": ""notes""}"
13694,"{""type"": ""notes""}","{""type"": ""notes""}"
13695,"{""type"": ""name""}","{""type"": ""name""}"
13696,"{""type"": ""name""}","{""type"": ""name""}"
13697,"{""type"": ""name""}","{""type"": ""name""}"
13698,"{""type"": ""weight""}","{""type"": ""weight""}"
13699,"{""type"": ""state""}","{""type"": ""state""}"
13700,"{""type"": ""name""}","{""type"": ""name""}"
13701,"{""type"": ""status""}","{""type"": ""status""}"
13702,"{""type"": ""status""}","{""type"": ""status""}"
13703,"{""type"": ""type""}","{""type"": ""type""}"
13704,"{""type"": ""album""}","{""type"": ""album""}"
13705,"{""type"": ""description""}","{""type"": ""description""}"
13706,"{""type"": ""team""}","{""type"": ""team""}"
13707,"{""type"": ""name""}","{""type"": ""name""}"
13708,"{""type"": ""weight""}","{""type"": ""weight""}"
13709,"{""type"": ""company""}","{""type"": ""company""}"
13710,"{""type"": ""description""}","{""type"": ""description""}"
13711,"{""type"": ""club""}","{""type"": ""club""}"
13712,"{""type"": ""description""}","{""type"": ""description""}"
13713,"{""type"": ""name""}","{""type"": ""name""}"
13714,"{""type"": ""state""}","{""type"": ""state""}"
13715,"{""type"": ""position""}","{""type"": ""position""}"
13716,"{""type"": ""status""}","{""type"": ""status""}"
13717,"{""type"": ""city""}","{""type"": ""city""}"
13718,"{""type"": ""status""}","{""type"": ""status""}"
13719,"{""type"": ""name""}","{""type"": ""name""}"
13720,"{""type"": ""description""}","{""type"": ""description""}"
13721,"{""type"": ""description""}","{""type"": ""description""}"
13722,"{""type"": ""description""}","{""type"": ""description""}"
13723,"{""type"": ""description""}","{""type"": ""description""}"
13724,"{""type"": ""description""}","{""type"": ""description""}"
13725,"{""type"": ""state""}","{""type"": ""state""}"
13726,"{""type"": ""sex""}","{""type"": ""gender""}"
13727,"{""type"": ""symbol""}","{""type"": ""symbol""}"
13728,"{""type"": ""artist""}","{""type"": ""artist""}"
13729,"{""type"": ""album""}","{""type"": ""album""}"
13730,"{""type"": ""album""}","{""type"": ""album""}"
13731,"{""type"": ""address""}","{""type"": ""address""}"
13732,"{""type"": ""status""}","{""type"": ""status""}"
13733,"{""type"": ""location""}","{""type"": ""location""}"
13734,"{""type"": ""team""}","{""type"": ""team""}"
13735,"{""type"": ""rank""}","{""type"": ""rank""}"
13736,"{""type"": ""state""}","{""type"": ""state""}"
13737,"{""type"": ""status""}","{""type"": ""status""}"
13738,"{""type"": ""name""}","{""type"": ""name""}"
13739,"{""type"": ""state""}","{""type"": ""state""}"
13740,"{""type"": ""sex""}","{""type"": ""sex""}"
13741,"{""type"": ""year""}","{""type"": ""year""}"
13742,"{""type"": ""name""}","{""type"": ""name""}"
13743,"{""type"": ""description""}","{""type"": ""description""}"
13744,"{""type"": ""code""}","{""type"": ""code""}"
13745,"{""type"": ""position""}","{""type"": ""position""}"
13746,"{""type"": ""team""}","{""type"": ""team""}"
13747,"{""type"": ""result""}","{""type"": ""result""}"
13748,"{""type"": ""jockey""}","{""type"": ""jockey""}"
13749,"{""type"": ""elevation""}","{""type"": ""elevation""}"
13750,"{""type"": ""description""}","{""type"": ""description""}"
13751,"{""type"": ""age""}","{""type"": ""name""}"
13752,"{""type"": ""team""}","{""type"": ""team""}"
13753,"{""type"": ""team""}","{""type"": ""team""}"
13754,"{""type"": ""team""}","{""type"": ""team""}"
13755,"{""type"": ""team""}","{""type"": ""team""}"
13756,"{""type"": ""team""}","{""type"": ""team""}"
13757,"{""type"": ""result""}","{""type"": ""result""}"
13758,"{""type"": ""age""}","{""type"": ""age""}"
13759,"{""type"": ""company""}","{""type"": ""company""}"
13760,"{""type"": ""artist""}","{""type"": ""artist""}"
13761,"{""type"": ""credit""}","{""type"": ""position""}"
13762,"{""type"": ""city""}","{""type"": ""city""}"
13763,"{""type"": ""age""}","{""type"": ""age""}"
13764,"{""type"": ""name""}","{""type"": ""name""}"
13765,"{""type"": ""category""}","{""type"": ""category""}"
13766,"{""type"": ""city""}","{""type"": ""location""}"
13767,"{""type"": ""name""}","{""type"": ""name""}"
13768,"{""type"": ""state""}","{""type"": ""state""}"
13769,"{""type"": ""description""}","{""type"": ""description""}"
13770,"{""type"": ""result""}","{""type"": ""result""}"
13771,"{""type"": ""year""}","{""type"": ""year""}"
13772,"{""type"": ""weight""}","{""type"": ""weight""}"
13773,"{""type"": ""city""}","{""type"": ""city""}"
13774,"{""type"": ""weight""}","{""type"": ""weight""}"
13775,"{""type"": ""weight""}","{""type"": ""weight""}"
13776,"{""type"": ""name""}","{""type"": ""name""}"
13777,"{""type"": ""company""}","{""type"": ""company""}"
13778,"{""type"": ""age""}","{""type"": ""age""}"
13779,"{""type"": ""status""}","{""type"": ""status""}"
13780,"{""type"": ""description""}","{""type"": ""description""}"
13781,"{""type"": ""state""}","{""type"": ""state""}"
13782,"{""type"": ""name""}","{""type"": ""description""}"
13783,"{""type"": ""weight""}","{""type"": ""weight""}"
13784,"{""type"": ""location""}","{""type"": ""location""}"
13785,"{""type"": ""location""}","{""type"": ""location""}"
13786,"{""type"": ""location""}","{""type"": ""location""}"
13787,"{""type"": ""location""}","{""type"": ""location""}"
13788,"{""type"": ""location""}","{""type"": ""location""}"
13789,"{""type"": ""team""}","{""type"": ""team""}"
13790,"{""type"": ""name""}","{""type"": ""name""}"
13791,"{""type"": ""company""}","{""type"": ""company""}"
13792,"{""type"": ""status""}","{""type"": ""status""}"
13793,"{""type"": ""team""}","{""type"": ""team""}"
13794,"{""type"": ""description""}","{""type"": ""description""}"
13795,"{""type"": ""state""}","{""type"": ""state""}"
13796,"{""type"": ""jockey""}","{""type"": ""jockey""}"
13797,"{""type"": ""company""}","{""type"": ""company""}"
13798,"{""type"": ""team""}","{""type"": ""team""}"
13799,"{""type"": ""age""}","{""type"": ""age""}"
13800,"{""type"": ""name""}","{""type"": ""name""}"
13801,"{""type"": ""weight""}","{""type"": ""weight""}"
13802,"{""type"": ""status""}","{""type"": ""status""}"
13803,"{""type"": ""class""}","{""type"": ""notes""}"
13804,"{""type"": ""code""}","{""type"": ""code""}"
13805,"{""type"": ""description""}","{""type"": ""description""}"
13806,"{""type"": ""location""}","{""type"": ""location""}"
13807,"{""type"": ""symbol""}","{""type"": ""symbol""}"
13808,"{""type"": ""symbol""}","{""type"": ""symbol""}"
13809,"{""type"": ""name""}","{""type"": ""name""}"
13810,"{""type"": ""description""}","{""type"": ""description""}"
13811,"{""type"": ""album""}","{""type"": ""album""}"
13812,"{""type"": ""state""}","{""type"": ""state""}"
13813,"{""type"": ""state""}","{""type"": ""state""}"
13814,"{""type"": ""state""}","{""type"": ""state""}"
13815,"{""type"": ""state""}","{""type"": ""state""}"
13816,"{""type"": ""state""}","{""type"": ""state""}"
13817,"{""type"": ""description""}","{""type"": ""description""}"
13818,"{""type"": ""area""}","{""type"": ""category""}"
13819,"{""type"": ""album""}","{""type"": ""album""}"
13820,"{""type"": ""result""}","{""type"": ""result""}"
13821,"{""type"": ""rank""}","{""type"": ""rank""}"
13822,"{""type"": ""location""}","{""type"": ""location""}"
13823,"{""type"": ""age""}","{""type"": ""age""}"
13824,"{""type"": ""city""}","{""type"": ""city""}"
13825,"{""type"": ""city""}","{""type"": ""city""}"
13826,"{""type"": ""city""}","{""type"": ""city""}"
13827,"{""type"": ""city""}","{""type"": ""city""}"
13828,"{""type"": ""city""}","{""type"": ""city""}"
13829,"{""type"": ""gender""}","{""type"": ""gender""}"
13830,"{""type"": ""team""}","{""type"": ""team""}"
13831,"{""type"": ""weight""}","{""type"": ""weight""}"
13832,"{""type"": ""region""}","{""type"": ""region""}"
13833,"{""type"": ""description""}","{""type"": ""description""}"
13834,"{""type"": ""state""}","{""type"": ""state""}"
13835,"{""type"": ""status""}","{""type"": ""status""}"
13836,"{""type"": ""name""}","{""type"": ""name""}"
13837,"{""type"": ""album""}","{""type"": ""album""}"
13838,"{""type"": ""position""}","{""type"": ""position""}"
13839,"{""type"": ""weight""}","{""type"": ""weight""}"
13840,"{""type"": ""notes""}","{""type"": ""description""}"
13841,"{""type"": ""plays""}","{""type"": ""plays""}"
13842,"{""type"": ""artist""}","{""type"": ""artist""}"
13843,"{""type"": ""year""}","{""type"": ""year""}"
13844,"{""type"": ""country""}","{""type"": ""country""}"
13845,"{""type"": ""country""}","{""type"": ""country""}"
13846,"{""type"": ""country""}","{""type"": ""country""}"
13847,"{""type"": ""country""}","{""type"": ""country""}"
13848,"{""type"": ""country""}","{""type"": ""country""}"
13849,"{""type"": ""team""}","{""type"": ""team""}"
13850,"{""type"": ""state""}","{""type"": ""state""}"
13851,"{""type"": ""state""}","{""type"": ""state""}"
13852,"{""type"": ""state""}","{""type"": ""state""}"
13853,"{""type"": ""state""}","{""type"": ""state""}"
13854,"{""type"": ""state""}","{""type"": ""state""}"
13855,"{""type"": ""city""}","{""type"": ""city""}"
13856,"{""type"": ""name""}","{""type"": ""name""}"
13857,"{""type"": ""code""}","{""type"": ""code""}"
13858,"{""type"": ""rank""}","{""type"": ""rank""}"
13859,"{""type"": ""team""}","{""type"": ""team""}"
13860,"{""type"": ""category""}","{""type"": ""category""}"
13861,"{""type"": ""age""}","{""type"": ""age""}"
13862,"{""type"": ""status""}","{""type"": ""status""}"
13863,"{""type"": ""rank""}","{""type"": ""rank""}"
13864,"{""type"": ""rank""}","{""type"": ""rank""}"
13865,"{""type"": ""rank""}","{""type"": ""rank""}"
13866,"{""type"": ""rank""}","{""type"": ""rank""}"
13867,"{""type"": ""rank""}","{""type"": ""rank""}"
13868,"{""type"": ""status""}","{""type"": ""status""}"
13869,"{""type"": ""category""}","{""type"": ""category""}"
13870,"{""type"": ""age""}","{""type"": ""rank""}"
13871,"{""type"": ""code""}","{""type"": ""code""}"
13872,"{""type"": ""state""}","{""type"": ""state""}"
13873,"{""type"": ""team""}","{""type"": ""team""}"
13874,"{""type"": ""code""}","{""type"": ""code""}"
13875,"{""type"": ""address""}","{""type"": ""address""}"
13876,"{""type"": ""name""}","{""type"": ""name""}"
13877,"{""type"": ""artist""}","{""type"": ""artist""}"
13878,"{""type"": ""notes""}","{""type"": ""notes""}"
13879,"{""type"": ""category""}","{""type"": ""category""}"
13880,"{""type"": ""city""}","{""type"": ""city""}"
13881,"{""type"": ""product""}","{""type"": ""component""}"
13882,"{""type"": ""year""}","{""type"": ""year""}"
13883,"{""type"": ""team""}","{""type"": ""team""}"
13884,"{""type"": ""name""}","{""type"": ""name""}"
13885,"{""type"": ""owner""}","{""type"": ""owner""}"
13886,"{""type"": ""album""}","{""type"": ""album""}"
13887,"{""type"": ""name""}","{""type"": ""name""}"
13888,"{""type"": ""location""}","{""type"": ""location""}"
13889,"{""type"": ""category""}","{""type"": ""category""}"
13890,"{""type"": ""name""}","{""type"": ""name""}"
13891,"{""type"": ""weight""}","{""type"": ""weight""}"
13892,"{""type"": ""club""}","{""type"": ""club""}"
13893,"{""type"": ""description""}","{""type"": ""description""}"
13894,"{""type"": ""club""}","{""type"": ""club""}"
13895,"{""type"": ""isbn""}","{""type"": ""isbn""}"
13896,"{""type"": ""weight""}","{""type"": ""weight""}"
13897,"{""type"": ""name""}","{""type"": ""name""}"
13898,"{""type"": ""weight""}","{""type"": ""weight""}"
13899,"{""type"": ""age""}","{""type"": ""rank""}"
13900,"{""type"": ""description""}","{""type"": ""description""}"
13901,"{""type"": ""year""}","{""type"": ""year""}"
13902,"{""type"": ""city""}","{""type"": ""city""}"
13903,"{""type"": ""state""}","{""type"": ""state""}"
13904,"{""type"": ""class""}","{""type"": ""class""}"
13905,"{""type"": ""status""}","{""type"": ""status""}"
13906,"{""type"": ""result""}","{""type"": ""result""}"
13907,"{""type"": ""description""}","{""type"": ""description""}"
13908,"{""type"": ""name""}","{""type"": ""name""}"
13909,"{""type"": ""type""}","{""type"": ""type""}"
13910,"{""type"": ""gender""}","{""type"": ""gender""}"
13911,"{""type"": ""company""}","{""type"": ""company""}"
13912,"{""type"": ""rank""}","{""type"": ""rank""}"
13913,"{""type"": ""description""}","{""type"": ""description""}"
13914,"{""type"": ""region""}","{""type"": ""region""}"
13915,"{""type"": ""code""}","{""type"": ""code""}"
13916,"{""type"": ""club""}","{""type"": ""club""}"
13917,"{""type"": ""city""}","{""type"": ""city""}"
13918,"{""type"": ""weight""}","{""type"": ""weight""}"
13919,"{""type"": ""team""}","{""type"": ""team""}"
13920,"{""type"": ""manufacturer""}","{""type"": ""manufacturer""}"
13921,"{""type"": ""status""}","{""type"": ""status""}"
13922,"{""type"": ""teamname""}","{""type"": ""teamname""}"
13923,"{""type"": ""location""}","{""type"": ""location""}"
13924,"{""type"": ""class""}","{""type"": ""class""}"
13925,"{""type"": ""age""}","{""type"": ""age""}"
13926,"{""type"": ""position""}","{""type"": ""position""}"
13927,"{""type"": ""rank""}","{""type"": ""rank""}"
13928,"{""type"": ""affiliation""}","{""type"": ""affiliation""}"
13929,"{""type"": ""description""}","{""type"": ""description""}"
13930,"{""type"": ""location""}","{""type"": ""location""}"
13931,"{""type"": ""name""}","{""type"": ""name""}"
13932,"{""type"": ""rank""}","{""type"": ""rank""}"
13933,"{""type"": ""state""}","{""type"": ""state""}"
13934,"{""type"": ""state""}","{""type"": ""state""}"
13935,"{""type"": ""state""}","{""type"": ""state""}"
13936,"{""type"": ""state""}","{""type"": ""state""}"
13937,"{""type"": ""state""}","{""type"": ""state""}"
13938,"{""type"": ""location""}","{""type"": ""location""}"
13939,"{""type"": ""rank""}","{""type"": ""position""}"
13940,"{""type"": ""elevation""}","{""type"": ""elevation""}"
13941,"{""type"": ""rank""}","{""type"": ""rank""}"
13942,"{""type"": ""name""}","{""type"": ""name""}"
13943,"{""type"": ""weight""}","{""type"": ""weight""}"
13944,"{""type"": ""location""}","{""type"": ""location""}"
13945,"{""type"": ""rank""}","{""type"": ""rank""}"
13946,"{""type"": ""team""}","{""type"": ""team""}"
13947,"{""type"": ""club""}","{""type"": ""club""}"
13948,"{""type"": ""type""}","{""type"": ""type""}"
13949,"{""type"": ""age""}","{""type"": ""age""}"
13950,"{""type"": ""weight""}","{""type"": ""weight""}"
13951,"{""type"": ""description""}","{""type"": ""description""}"
13952,"{""type"": ""description""}","{""type"": ""description""}"
13953,"{""type"": ""state""}","{""type"": ""state""}"
13954,"{""type"": ""status""}","{""type"": ""status""}"
13955,"{""type"": ""age""}","{""type"": ""age""}"
13956,"{""type"": ""result""}","{""type"": ""result""}"
13957,"{""type"": ""duration""}","{""type"": ""duration""}"
13958,"{""type"": ""name""}","{""type"": ""name""}"
13959,"{""type"": ""city""}","{""type"": ""city""}"
13960,"{""type"": ""elevation""}","{""type"": ""elevation""}"
13961,"{""type"": ""age""}","{""type"": ""age""}"
13962,"{""type"": ""team""}","{""type"": ""location""}"
13963,"{""type"": ""country""}","{""type"": ""country""}"
13964,"{""type"": ""description""}","{""type"": ""description""}"
13965,"{""type"": ""type""}","{""type"": ""type""}"
13966,"{""type"": ""sex""}","{""type"": ""sex""}"
13967,"{""type"": ""city""}","{""type"": ""city""}"
13968,"{""type"": ""city""}","{""type"": ""city""}"
13969,"{""type"": ""city""}","{""type"": ""city""}"
13970,"{""type"": ""city""}","{""type"": ""city""}"
13971,"{""type"": ""city""}","{""type"": ""city""}"
13972,"{""type"": ""album""}","{""type"": ""album""}"
13973,"{""type"": ""sex""}","{""type"": ""sex""}"
13974,"{""type"": ""rank""}","{""type"": ""rank""}"
13975,"{""type"": ""type""}","{""type"": ""type""}"
13976,"{""type"": ""code""}","{""type"": ""code""}"
13977,"{""type"": ""age""}","{""type"": ""age""}"
13978,"{""type"": ""name""}","{""type"": ""name""}"
13979,"{""type"": ""region""}","{""type"": ""region""}"
13980,"{""type"": ""position""}","{""type"": ""position""}"
13981,"{""type"": ""team""}","{""type"": ""team""}"
13982,"{""type"": ""gender""}","{""type"": ""gender""}"
13983,"{""type"": ""album""}","{""type"": ""album""}"
13984,"{""type"": ""rank""}","{""type"": ""age""}"
13985,"{""type"": ""result""}","{""type"": ""result""}"
13986,"{""type"": ""state""}","{""type"": ""state""}"
13987,"{""type"": ""team""}","{""type"": ""team""}"
13988,"{""type"": ""year""}","{""type"": ""year""}"
13989,"{""type"": ""team""}","{""type"": ""team""}"
13990,"{""type"": ""weight""}","{""type"": ""weight""}"
13991,"{""type"": ""weight""}","{""type"": ""weight""}"
13992,"{""type"": ""rank""}","{""type"": ""rank""}"
13993,"{""type"": ""filesize""}","{""type"": ""filesize""}"
13994,"{""type"": ""age""}","{""type"": ""age""}"
13995,"{""type"": ""age""}","{""type"": ""age""}"
13996,"{""type"": ""year""}","{""type"": ""year""}"
13997,"{""type"": ""publisher""}","{""type"": ""publisher""}"
13998,"{""type"": ""category""}","{""type"": ""category""}"
13999,"{""type"": ""birthplace""}","{""type"": ""birthplace""}"
14000,"{""type"": ""age""}","{""type"": ""age""}"
14001,"{""type"": ""weight""}","{""type"": ""weight""}"
14002,"{""type"": ""city""}","{""type"": ""city""}"
14003,"{""type"": ""location""}","{""type"": ""location""}"
14004,"{""type"": ""code""}","{""type"": ""code""}"
14005,"{""type"": ""name""}","{""type"": ""name""}"
14006,"{""type"": ""name""}","{""type"": ""name""}"
14007,"{""type"": ""country""}","{""type"": ""nationality""}"
14008,"{""type"": ""year""}","{""type"": ""year""}"
14009,"{""type"": ""location""}","{""type"": ""location""}"
14010,"{""type"": ""rank""}","{""type"": ""year""}"
14011,"{""type"": ""name""}","{""type"": ""description""}"
14012,"{""type"": ""name""}","{""type"": ""name""}"
14013,"{""type"": ""category""}","{""type"": ""category""}"
14014,"{""type"": ""code""}","{""type"": ""code""}"
14015,"{""type"": ""year""}","{""type"": ""year""}"
14016,"{""type"": ""state""}","{""type"": ""state""}"
14017,"{""type"": ""name""}","{""type"": ""name""}"
14018,"{""type"": ""description""}","{""type"": ""description""}"
14019,"{""type"": ""year""}","{""type"": ""year""}"
14020,"{""type"": ""class""}","{""type"": ""class""}"
14021,"{""type"": ""region""}","{""type"": ""region""}"
14022,"{""type"": ""class""}","{""type"": ""class""}"
14023,"{""type"": ""status""}","{""type"": ""status""}"
14024,"{""type"": ""name""}","{""type"": ""name""}"
14025,"{""type"": ""name""}","{""type"": ""name""}"
14026,"{""type"": ""rank""}","{""type"": ""rank""}"
14027,"{""type"": ""symbol""}","{""type"": ""symbol""}"
14028,"{""type"": ""rank""}","{""type"": ""rank""}"
14029,"{""type"": ""rank""}","{""type"": ""rank""}"
14030,"{""type"": ""name""}","{""type"": ""name""}"
14031,"{""type"": ""description""}","{""type"": ""description""}"
14032,"{""type"": ""affiliation""}","{""type"": ""location""}"
14033,"{""type"": ""status""}","{""type"": ""status""}"
14034,"{""type"": ""name""}","{""type"": ""name""}"
14035,"{""type"": ""artist""}","{""type"": ""artist""}"
14036,"{""type"": ""status""}","{""type"": ""status""}"
14037,"{""type"": ""code""}","{""type"": ""code""}"
14038,"{""type"": ""weight""}","{""type"": ""weight""}"
14039,"{""type"": ""name""}","{""type"": ""name""}"
14040,"{""type"": ""state""}","{""type"": ""state""}"
14041,"{""type"": ""weight""}","{""type"": ""weight""}"
14042,"{""type"": ""code""}","{""type"": ""code""}"
14043,"{""type"": ""family""}","{""type"": ""family""}"
14044,"{""type"": ""company""}","{""type"": ""company""}"
14045,"{""type"": ""description""}","{""type"": ""description""}"
14046,"{""type"": ""club""}","{""type"": ""club""}"
14047,"{""type"": ""team""}","{""type"": ""country""}"
14048,"{""type"": ""status""}","{""type"": ""status""}"
14049,"{""type"": ""code""}","{""type"": ""code""}"
14050,"{""type"": ""notes""}","{""type"": ""notes""}"
14051,"{""type"": ""state""}","{""type"": ""state""}"
14052,"{""type"": ""state""}","{""type"": ""state""}"
14053,"{""type"": ""state""}","{""type"": ""state""}"
14054,"{""type"": ""state""}","{""type"": ""state""}"
14055,"{""type"": ""state""}","{""type"": ""state""}"
14056,"{""type"": ""year""}","{""type"": ""year""}"
14057,"{""type"": ""status""}","{""type"": ""status""}"
14058,"{""type"": ""company""}","{""type"": ""company""}"
14059,"{""type"": ""state""}","{""type"": ""state""}"
14060,"{""type"": ""status""}","{""type"": ""status""}"
14061,"{""type"": ""year""}","{""type"": ""year""}"
14062,"{""type"": ""class""}","{""type"": ""class""}"
14063,"{""type"": ""rank""}","{""type"": ""rank""}"
14064,"{""type"": ""description""}","{""type"": ""description""}"
14065,"{""type"": ""code""}","{""type"": ""name""}"
14066,"{""type"": ""year""}","{""type"": ""year""}"
14067,"{""type"": ""company""}","{""type"": ""company""}"
14068,"{""type"": ""state""}","{""type"": ""state""}"
14069,"{""type"": ""category""}","{""type"": ""category""}"
14070,"{""type"": ""state""}","{""type"": ""state""}"
14071,"{""type"": ""status""}","{""type"": ""status""}"
14072,"{""type"": ""birthplace""}","{""type"": ""birthplace""}"
14073,"{""type"": ""age""}","{""type"": ""age""}"
14074,"{""type"": ""weight""}","{""type"": ""weight""}"
14075,"{""type"": ""status""}","{""type"": ""notes""}"
14076,"{""type"": ""name""}","{""type"": ""name""}"
14077,"{""type"": ""type""}","{""type"": ""type""}"
14078,"{""type"": ""class""}","{""type"": ""class""}"
14079,"{""type"": ""description""}","{""type"": ""description""}"
14080,"{""type"": ""city""}","{""type"": ""city""}"
14081,"{""type"": ""symbol""}","{""type"": ""symbol""}"
14082,"{""type"": ""class""}","{""type"": ""class""}"
14083,"{""type"": ""category""}","{""type"": ""category""}"
14084,"{""type"": ""category""}","{""type"": ""category""}"
14085,"{""type"": ""category""}","{""type"": ""category""}"
14086,"{""type"": ""category""}","{""type"": ""category""}"
14087,"{""type"": ""category""}","{""type"": ""category""}"
14088,"{""type"": ""code""}","{""type"": ""code""}"
14089,"{""type"": ""category""}","{""type"": ""category""}"
14090,"{""type"": ""type""}","{""type"": ""type""}"
14091,"{""type"": ""name""}","{""type"": ""name""}"
14092,"{""type"": ""owner""}","{""type"": ""owner""}"
14093,"{""type"": ""name""}","{""type"": ""name""}"
14094,"{""type"": ""age""}","{""type"": ""plays""}"
14095,"{""type"": ""artist""}","{""type"": ""artist""}"
14096,"{""type"": ""description""}","{""type"": ""description""}"
14097,"{""type"": ""type""}","{""type"": ""type""}"
14098,"{""type"": ""class""}","{""type"": ""class""}"
14099,"{""type"": ""description""}","{""type"": ""description""}"
14100,"{""type"": ""location""}","{""type"": ""ocean""}"
14101,"{""type"": ""rank""}","{""type"": ""rank""}"
14102,"{""type"": ""name""}","{""type"": ""name""}"
14103,"{""type"": ""company""}","{""type"": ""company""}"
14104,"{""type"": ""affiliation""}","{""type"": ""affiliation""}"
14105,"{""type"": ""state""}","{""type"": ""state""}"
14106,"{""type"": ""team""}","{""type"": ""team""}"
14107,"{""type"": ""isbn""}","{""type"": ""isbn""}"
14108,"{""type"": ""state""}","{""type"": ""state""}"
14109,"{""type"": ""state""}","{""type"": ""state""}"
14110,"{""type"": ""name""}","{""type"": ""name""}"
14111,"{""type"": ""state""}","{""type"": ""state""}"
14112,"{""type"": ""weight""}","{""type"": ""weight""}"
14113,"{""type"": ""state""}","{""type"": ""state""}"
14114,"{""type"": ""state""}","{""type"": ""state""}"
14115,"{""type"": ""state""}","{""type"": ""status""}"
14116,"{""type"": ""state""}","{""type"": ""state""}"
14117,"{""type"": ""state""}","{""type"": ""state""}"
14118,"{""type"": ""year""}","{""type"": ""year""}"
14119,"{""type"": ""city""}","{""type"": ""city""}"
14120,"{""type"": ""name""}","{""type"": ""name""}"
14121,"{""type"": ""artist""}","{""type"": ""artist""}"
14122,"{""type"": ""description""}","{""type"": ""description""}"
14123,"{""type"": ""description""}","{""type"": ""description""}"
14124,"{""type"": ""description""}","{""type"": ""description""}"
14125,"{""type"": ""description""}","{""type"": ""description""}"
14126,"{""type"": ""description""}","{""type"": ""description""}"
14127,"{""type"": ""result""}","{""type"": ""result""}"
14128,"{""type"": ""name""}","{""type"": ""name""}"
14129,"{""type"": ""name""}","{""type"": ""name""}"
14130,"{""type"": ""name""}","{""type"": ""name""}"
14131,"{""type"": ""name""}","{""type"": ""name""}"
14132,"{""type"": ""name""}","{""type"": ""name""}"
14133,"{""type"": ""isbn""}","{""type"": ""isbn""}"
14134,"{""type"": ""city""}","{""type"": ""city""}"
14135,"{""type"": ""name""}","{""type"": ""name""}"
14136,"{""type"": ""age""}","{""type"": ""age""}"
14137,"{""type"": ""location""}","{""type"": ""location""}"
14138,"{""type"": ""type""}","{""type"": ""type""}"
14139,"{""type"": ""location""}","{""type"": ""location""}"
14140,"{""type"": ""weight""}","{""type"": ""weight""}"
14141,"{""type"": ""name""}","{""type"": ""location""}"
14142,"{""type"": ""result""}","{""type"": ""result""}"
14143,"{""type"": ""city""}","{""type"": ""city""}"
14144,"{""type"": ""age""}","{""type"": ""age""}"
14145,"{""type"": ""name""}","{""type"": ""name""}"
14146,"{""type"": ""name""}","{""type"": ""name""}"
14147,"{""type"": ""name""}","{""type"": ""name""}"
14148,"{""type"": ""name""}","{""type"": ""name""}"
14149,"{""type"": ""name""}","{""type"": ""name""}"
14150,"{""type"": ""year""}","{""type"": ""year""}"
14151,"{""type"": ""company""}","{""type"": ""company""}"
14152,"{""type"": ""company""}","{""type"": ""company""}"
14153,"{""type"": ""age""}","{""type"": ""age""}"
14154,"{""type"": ""weight""}","{""type"": ""weight""}"
14155,"{""type"": ""category""}","{""type"": ""category""}"
14156,"{""type"": ""code""}","{""type"": ""code""}"
14157,"{""type"": ""state""}","{""type"": ""state""}"
14158,"{""type"": ""age""}","{""type"": ""age""}"
14159,"{""type"": ""name""}","{""type"": ""name""}"
14160,"{""type"": ""name""}","{""type"": ""name""}"
14161,"{""type"": ""city""}","{""type"": ""city""}"
14162,"{""type"": ""city""}","{""type"": ""city""}"
14163,"{""type"": ""class""}","{""type"": ""class""}"
14164,"{""type"": ""status""}","{""type"": ""status""}"
14165,"{""type"": ""city""}","{""type"": ""city""}"
14166,"{""type"": ""location""}","{""type"": ""location""}"
14167,"{""type"": ""description""}","{""type"": ""description""}"
14168,"{""type"": ""status""}","{""type"": ""status""}"
14169,"{""type"": ""state""}","{""type"": ""state""}"
14170,"{""type"": ""state""}","{""type"": ""state""}"
14171,"{""type"": ""state""}","{""type"": ""state""}"
14172,"{""type"": ""state""}","{""type"": ""state""}"
14173,"{""type"": ""state""}","{""type"": ""state""}"
14174,"{""type"": ""name""}","{""type"": ""name""}"
14175,"{""type"": ""name""}","{""type"": ""name""}"
14176,"{""type"": ""rank""}","{""type"": ""rank""}"
14177,"{""type"": ""age""}","{""type"": ""age""}"
14178,"{""type"": ""club""}","{""type"": ""club""}"
14179,"{""type"": ""result""}","{""type"": ""result""}"
14180,"{""type"": ""city""}","{""type"": ""city""}"
14181,"{""type"": ""age""}","{""type"": ""age""}"
14182,"{""type"": ""year""}","{""type"": ""year""}"
14183,"{""type"": ""year""}","{""type"": ""year""}"
14184,"{""type"": ""year""}","{""type"": ""year""}"
14185,"{""type"": ""year""}","{""type"": ""year""}"
14186,"{""type"": ""year""}","{""type"": ""year""}"
14187,"{""type"": ""age""}","{""type"": ""age""}"
14188,"{""type"": ""team""}","{""type"": ""team""}"
14189,"{""type"": ""club""}","{""type"": ""club""}"
14190,"{""type"": ""state""}","{""type"": ""state""}"
14191,"{""type"": ""description""}","{""type"": ""description""}"
14192,"{""type"": ""name""}","{""type"": ""name""}"
14193,"{""type"": ""location""}","{""type"": ""location""}"
14194,"{""type"": ""status""}","{""type"": ""status""}"
14195,"{""type"": ""company""}","{""type"": ""company""}"
14196,"{""type"": ""weight""}","{""type"": ""weight""}"
14197,"{""type"": ""age""}","{""type"": ""age""}"
14198,"{""type"": ""artist""}","{""type"": ""album""}"
14199,"{""type"": ""product""}","{""type"": ""component""}"
14200,"{""type"": ""weight""}","{""type"": ""weight""}"
14201,"{""type"": ""age""}","{""type"": ""age""}"
14202,"{""type"": ""artist""}","{""type"": ""artist""}"
14203,"{""type"": ""year""}","{""type"": ""year""}"
14204,"{""type"": ""category""}","{""type"": ""category""}"
14205,"{""type"": ""artist""}","{""type"": ""artist""}"
14206,"{""type"": ""year""}","{""type"": ""year""}"
14207,"{""type"": ""year""}","{""type"": ""year""}"
14208,"{""type"": ""category""}","{""type"": ""category""}"
14209,"{""type"": ""name""}","{""type"": ""name""}"
14210,"{""type"": ""location""}","{""type"": ""club""}"
14211,"{""type"": ""status""}","{""type"": ""status""}"
14212,"{""type"": ""state""}","{""type"": ""state""}"
14213,"{""type"": ""company""}","{""type"": ""company""}"
14214,"{""type"": ""age""}","{""type"": ""age""}"
14215,"{""type"": ""gender""}","{""type"": ""gender""}"
14216,"{""type"": ""name""}","{""type"": ""name""}"
14217,"{""type"": ""city""}","{""type"": ""city""}"
14218,"{""type"": ""state""}","{""type"": ""state""}"
14219,"{""type"": ""name""}","{""type"": ""name""}"
14220,"{""type"": ""name""}","{""type"": ""name""}"
14221,"{""type"": ""name""}","{""type"": ""name""}"
14222,"{""type"": ""name""}","{""type"": ""name""}"
14223,"{""type"": ""name""}","{""type"": ""name""}"
14224,"{""type"": ""elevation""}","{""type"": ""elevation""}"
14225,"{""type"": ""type""}","{""type"": ""type""}"
14226,"{""type"": ""team""}","{""type"": ""team""}"
14227,"{""type"": ""state""}","{""type"": ""state""}"
14228,"{""type"": ""elevation""}","{""type"": ""elevation""}"
14229,"{""type"": ""position""}","{""type"": ""position""}"
14230,"{""type"": ""weight""}","{""type"": ""weight""}"
14231,"{""type"": ""weight""}","{""type"": ""weight""}"
14232,"{""type"": ""weight""}","{""type"": ""weight""}"
14233,"{""type"": ""weight""}","{""type"": ""weight""}"
14234,"{""type"": ""weight""}","{""type"": ""weight""}"
14235,"{""type"": ""weight""}","{""type"": ""weight""}"
14236,"{""type"": ""year""}","{""type"": ""class""}"
14237,"{""type"": ""teamname""}","{""type"": ""teamname""}"
14238,"{""type"": ""rank""}","{""type"": ""rank""}"
14239,"{""type"": ""category""}","{""type"": ""category""}"
14240,"{""type"": ""area""}","{""type"": ""city""}"
14241,"{""type"": ""team""}","{""type"": ""teamname""}"
14242,"{""type"": ""description""}","{""type"": ""description""}"
14243,"{""type"": ""format""}","{""type"": ""format""}"
14244,"{""type"": ""name""}","{""type"": ""name""}"
14245,"{""type"": ""name""}","{""type"": ""name""}"
14246,"{""type"": ""name""}","{""type"": ""name""}"
14247,"{""type"": ""name""}","{""type"": ""name""}"
14248,"{""type"": ""name""}","{""type"": ""name""}"
14249,"{""type"": ""position""}","{""type"": ""position""}"
14250,"{""type"": ""location""}","{""type"": ""location""}"
14251,"{""type"": ""year""}","{""type"": ""year""}"
14252,"{""type"": ""type""}","{""type"": ""type""}"
14253,"{""type"": ""code""}","{""type"": ""code""}"
14254,"{""type"": ""code""}","{""type"": ""code""}"
14255,"{""type"": ""class""}","{""type"": ""class""}"
14256,"{""type"": ""album""}","{""type"": ""album""}"
14257,"{""type"": ""code""}","{""type"": ""code""}"
14258,"{""type"": ""code""}","{""type"": ""code""}"
14259,"{""type"": ""age""}","{""type"": ""age""}"
14260,"{""type"": ""genre""}","{""type"": ""genre""}"
14261,"{""type"": ""team""}","{""type"": ""team""}"
14262,"{""type"": ""type""}","{""type"": ""type""}"
14263,"{""type"": ""artist""}","{""type"": ""artist""}"
14264,"{""type"": ""club""}","{""type"": ""club""}"
14265,"{""type"": ""name""}","{""type"": ""name""}"
14266,"{""type"": ""name""}","{""type"": ""name""}"
14267,"{""type"": ""team""}","{""type"": ""teamname""}"
14268,"{""type"": ""description""}","{""type"": ""description""}"
14269,"{""type"": ""code""}","{""type"": ""code""}"
14270,"{""type"": ""weight""}","{""type"": ""weight""}"
14271,"{""type"": ""name""}","{""type"": ""name""}"
14272,"{""type"": ""year""}","{""type"": ""year""}"
14273,"{""type"": ""notes""}","{""type"": ""notes""}"
14274,"{""type"": ""weight""}","{""type"": ""weight""}"
14275,"{""type"": ""name""}","{""type"": ""name""}"
14276,"{""type"": ""code""}","{""type"": ""code""}"
14277,"{""type"": ""name""}","{""type"": ""name""}"
14278,"{""type"": ""state""}","{""type"": ""state""}"
14279,"{""type"": ""album""}","{""type"": ""album""}"
14280,"{""type"": ""type""}","{""type"": ""type""}"
14281,"{""type"": ""description""}","{""type"": ""description""}"
14282,"{""type"": ""team""}","{""type"": ""team""}"
14283,"{""type"": ""range""}","{""type"": ""range""}"
14284,"{""type"": ""range""}","{""type"": ""range""}"
14285,"{""type"": ""range""}","{""type"": ""duration""}"
14286,"{""type"": ""range""}","{""type"": ""duration""}"
14287,"{""type"": ""range""}","{""type"": ""duration""}"
14288,"{""type"": ""city""}","{""type"": ""city""}"
14289,"{""type"": ""artist""}","{""type"": ""artist""}"
14290,"{""type"": ""status""}","{""type"": ""status""}"
14291,"{""type"": ""description""}","{""type"": ""description""}"
14292,"{""type"": ""status""}","{""type"": ""status""}"
14293,"{""type"": ""state""}","{""type"": ""state""}"
14294,"{""type"": ""address""}","{""type"": ""address""}"
14295,"{""type"": ""city""}","{""type"": ""city""}"
14296,"{""type"": ""weight""}","{""type"": ""weight""}"
14297,"{""type"": ""weight""}","{""type"": ""weight""}"
14298,"{""type"": ""name""}","{""type"": ""name""}"
14299,"{""type"": ""team""}","{""type"": ""team""}"
14300,"{""type"": ""year""}","{""type"": ""year""}"
14301,"{""type"": ""sex""}","{""type"": ""sex""}"
14302,"{""type"": ""weight""}","{""type"": ""weight""}"
14303,"{""type"": ""club""}","{""type"": ""club""}"
14304,"{""type"": ""description""}","{""type"": ""description""}"
14305,"{""type"": ""name""}","{""type"": ""name""}"
14306,"{""type"": ""album""}","{""type"": ""album""}"
14307,"{""type"": ""weight""}","{""type"": ""weight""}"
14308,"{""type"": ""name""}","{""type"": ""name""}"
14309,"{""type"": ""type""}","{""type"": ""type""}"
14310,"{""type"": ""code""}","{""type"": ""code""}"
14311,"{""type"": ""sex""}","{""type"": ""weight""}"
14312,"{""type"": ""album""}","{""type"": ""description""}"
14313,"{""type"": ""location""}","{""type"": ""location""}"
14314,"{""type"": ""category""}","{""type"": ""category""}"
14315,"{""type"": ""weight""}","{""type"": ""weight""}"
14316,"{""type"": ""address""}","{""type"": ""address""}"
14317,"{""type"": ""name""}","{""type"": ""name""}"
14318,"{""type"": ""name""}","{""type"": ""name""}"
14319,"{""type"": ""collection""}","{""type"": ""collection""}"
14320,"{""type"": ""description""}","{""type"": ""description""}"
14321,"{""type"": ""weight""}","{""type"": ""weight""}"
14322,"{""type"": ""name""}","{""type"": ""name""}"
14323,"{""type"": ""city""}","{""type"": ""city""}"
14324,"{""type"": ""format""}","{""type"": ""format""}"
14325,"{""type"": ""gender""}","{""type"": ""gender""}"
14326,"{""type"": ""state""}","{""type"": ""state""}"
14327,"{""type"": ""album""}","{""type"": ""album""}"
14328,"{""type"": ""name""}","{""type"": ""name""}"
14329,"{""type"": ""type""}","{""type"": ""type""}"
14330,"{""type"": ""state""}","{""type"": ""state""}"
14331,"{""type"": ""rank""}","{""type"": ""rank""}"
14332,"{""type"": ""rank""}","{""type"": ""rank""}"
14333,"{""type"": ""rank""}","{""type"": ""rank""}"
14334,"{""type"": ""rank""}","{""type"": ""rank""}"
14335,"{""type"": ""rank""}","{""type"": ""rank""}"
14336,"{""type"": ""rank""}","{""type"": ""rank""}"
14337,"{""type"": ""affiliation""}","{""type"": ""affiliation""}"
14338,"{""type"": ""status""}","{""type"": ""status""}"
14339,"{""type"": ""state""}","{""type"": ""state""}"
14340,"{""type"": ""code""}","{""type"": ""code""}"
14341,"{""type"": ""location""}","{""type"": ""location""}"
14342,"{""type"": ""symbol""}","{""type"": ""symbol""}"
14343,"{""type"": ""status""}","{""type"": ""status""}"
14344,"{""type"": ""state""}","{""type"": ""state""}"
14345,"{""type"": ""name""}","{""type"": ""name""}"
14346,"{""type"": ""state""}","{""type"": ""state""}"
14347,"{""type"": ""region""}","{""type"": ""region""}"
14348,"{""type"": ""age""}","{""type"": ""age""}"
14349,"{""type"": ""description""}","{""type"": ""description""}"
14350,"{""type"": ""status""}","{""type"": ""status""}"
14351,"{""type"": ""depth""}","{""type"": ""depth""}"
14352,"{""type"": ""city""}","{""type"": ""city""}"
14353,"{""type"": ""class""}","{""type"": ""class""}"
14354,"{""type"": ""club""}","{""type"": ""club""}"
14355,"{""type"": ""country""}","{""type"": ""country""}"
14356,"{""type"": ""age""}","{""type"": ""age""}"
14357,"{""type"": ""name""}","{""type"": ""name""}"
14358,"{""type"": ""name""}","{""type"": ""name""}"
14359,"{""type"": ""description""}","{""type"": ""description""}"
14360,"{""type"": ""result""}","{""type"": ""rank""}"
14361,"{""type"": ""weight""}","{""type"": ""weight""}"
14362,"{""type"": ""location""}","{""type"": ""location""}"
14363,"{""type"": ""type""}","{""type"": ""type""}"
14364,"{""type"": ""type""}","{""type"": ""type""}"
14365,"{""type"": ""type""}","{""type"": ""category""}"
14366,"{""type"": ""type""}","{""type"": ""category""}"
14367,"{""type"": ""type""}","{""type"": ""type""}"
14368,"{""type"": ""city""}","{""type"": ""county""}"
14369,"{""type"": ""category""}","{""type"": ""category""}"
14370,"{""type"": ""category""}","{""type"": ""category""}"
14371,"{""type"": ""country""}","{""type"": ""country""}"
14372,"{""type"": ""weight""}","{""type"": ""weight""}"
14373,"{""type"": ""album""}","{""type"": ""album""}"
14374,"{""type"": ""age""}","{""type"": ""age""}"
14375,"{""type"": ""artist""}","{""type"": ""name""}"
14376,"{""type"": ""age""}","{""type"": ""age""}"
14377,"{""type"": ""county""}","{""type"": ""county""}"
14378,"{""type"": ""class""}","{""type"": ""notes""}"
14379,"{""type"": ""rank""}","{""type"": ""rank""}"
14380,"{""type"": ""country""}","{""type"": ""country""}"
14381,"{""type"": ""country""}","{""type"": ""country""}"
14382,"{""type"": ""country""}","{""type"": ""country""}"
14383,"{""type"": ""country""}","{""type"": ""country""}"
14384,"{""type"": ""country""}","{""type"": ""country""}"
14385,"{""type"": ""age""}","{""type"": ""age""}"
14386,"{""type"": ""club""}","{""type"": ""club""}"
14387,"{""type"": ""status""}","{""type"": ""status""}"
14388,"{""type"": ""year""}","{""type"": ""year""}"
14389,"{""type"": ""status""}","{""type"": ""status""}"
14390,"{""type"": ""rank""}","{""type"": ""rank""}"
14391,"{""type"": ""type""}","{""type"": ""type""}"
14392,"{""type"": ""name""}","{""type"": ""name""}"
14393,"{""type"": ""location""}","{""type"": ""location""}"
14394,"{""type"": ""type""}","{""type"": ""type""}"
14395,"{""type"": ""gender""}","{""type"": ""gender""}"
14396,"{""type"": ""name""}","{""type"": ""name""}"
14397,"{""type"": ""name""}","{""type"": ""name""}"
14398,"{""type"": ""name""}","{""type"": ""name""}"
14399,"{""type"": ""code""}","{""type"": ""code""}"
14400,"{""type"": ""age""}","{""type"": ""age""}"
14401,"{""type"": ""component""}","{""type"": ""component""}"
14402,"{""type"": ""description""}","{""type"": ""description""}"
14403,"{""type"": ""name""}","{""type"": ""name""}"
14404,"{""type"": ""type""}","{""type"": ""type""}"
14405,"{""type"": ""creator""}","{""type"": ""owner""}"
14406,"{""type"": ""rank""}","{""type"": ""rank""}"
14407,"{""type"": ""rank""}","{""type"": ""rank""}"
14408,"{""type"": ""rank""}","{""type"": ""rank""}"
14409,"{""type"": ""rank""}","{""type"": ""rank""}"
14410,"{""type"": ""rank""}","{""type"": ""rank""}"
14411,"{""type"": ""rank""}","{""type"": ""rank""}"
14412,"{""type"": ""age""}","{""type"": ""age""}"
14413,"{""type"": ""location""}","{""type"": ""city""}"
14414,"{""type"": ""year""}","{""type"": ""year""}"
14415,"{""type"": ""description""}","{""type"": ""description""}"
14416,"{""type"": ""state""}","{""type"": ""state""}"
14417,"{""type"": ""description""}","{""type"": ""description""}"
14418,"{""type"": ""name""}","{""type"": ""name""}"
14419,"{""type"": ""notes""}","{""type"": ""notes""}"
14420,"{""type"": ""name""}","{""type"": ""name""}"
14421,"{""type"": ""year""}","{""type"": ""year""}"
14422,"{""type"": ""position""}","{""type"": ""rank""}"
14423,"{""type"": ""club""}","{""type"": ""club""}"
14424,"{""type"": ""year""}","{""type"": ""year""}"
14425,"{""type"": ""description""}","{""type"": ""description""}"
14426,"{""type"": ""city""}","{""type"": ""city""}"
14427,"{""type"": ""age""}","{""type"": ""age""}"
14428,"{""type"": ""description""}","{""type"": ""description""}"
14429,"{""type"": ""status""}","{""type"": ""status""}"
14430,"{""type"": ""team""}","{""type"": ""team""}"
14431,"{""type"": ""album""}","{""type"": ""album""}"
14432,"{""type"": ""team""}","{""type"": ""team""}"
14433,"{""type"": ""location""}","{""type"": ""location""}"
14434,"{""type"": ""status""}","{""type"": ""status""}"
14435,"{""type"": ""team""}","{""type"": ""team""}"
14436,"{""type"": ""code""}","{""type"": ""code""}"
14437,"{""type"": ""city""}","{""type"": ""city""}"
14438,"{""type"": ""type""}","{""type"": ""type""}"
14439,"{""type"": ""type""}","{""type"": ""type""}"
14440,"{""type"": ""type""}","{""type"": ""type""}"
14441,"{""type"": ""type""}","{""type"": ""type""}"
14442,"{""type"": ""type""}","{""type"": ""type""}"
14443,"{""type"": ""category""}","{""type"": ""category""}"
14444,"{""type"": ""state""}","{""type"": ""state""}"
14445,"{""type"": ""state""}","{""type"": ""state""}"
14446,"{""type"": ""state""}","{""type"": ""state""}"
14447,"{""type"": ""state""}","{""type"": ""state""}"
14448,"{""type"": ""state""}","{""type"": ""state""}"
14449,"{""type"": ""type""}","{""type"": ""type""}"
14450,"{""type"": ""position""}","{""type"": ""position""}"
14451,"{""type"": ""city""}","{""type"": ""city""}"
14452,"{""type"": ""rank""}","{""type"": ""rank""}"
14453,"{""type"": ""code""}","{""type"": ""code""}"
14454,"{""type"": ""location""}","{""type"": ""location""}"
14455,"{""type"": ""county""}","{""type"": ""county""}"
14456,"{""type"": ""description""}","{""type"": ""name""}"
14457,"{""type"": ""result""}","{""type"": ""result""}"
14458,"{""type"": ""team""}","{""type"": ""team""}"
14459,"{""type"": ""name""}","{""type"": ""name""}"
14460,"{""type"": ""code""}","{""type"": ""code""}"
14461,"{""type"": ""owner""}","{""type"": ""owner""}"
14462,"{""type"": ""class""}","{""type"": ""class""}"
14463,"{""type"": ""weight""}","{""type"": ""weight""}"
14464,"{""type"": ""code""}","{""type"": ""code""}"
14465,"{""type"": ""city""}","{""type"": ""city""}"
14466,"{""type"": ""club""}","{""type"": ""club""}"
14467,"{""type"": ""rank""}","{""type"": ""rank""}"
14468,"{""type"": ""city""}","{""type"": ""city""}"
14469,"{""type"": ""country""}","{""type"": ""country""}"
14470,"{""type"": ""class""}","{""type"": ""year""}"
14471,"{""type"": ""year""}","{""type"": ""year""}"
14472,"{""type"": ""age""}","{""type"": ""age""}"
14473,"{""type"": ""year""}","{""type"": ""year""}"
14474,"{""type"": ""name""}","{""type"": ""name""}"
14475,"{""type"": ""state""}","{""type"": ""state""}"
14476,"{""type"": ""year""}","{""type"": ""year""}"
14477,"{""type"": ""name""}","{""type"": ""city""}"
14478,"{""type"": ""affiliation""}","{""type"": ""affiliation""}"
14479,"{""type"": ""rank""}","{""type"": ""rank""}"
14480,"{""type"": ""name""}","{""type"": ""name""}"
14481,"{""type"": ""rank""}","{""type"": ""rank""}"
14482,"{""type"": ""notes""}","{""type"": ""description""}"
14483,"{""type"": ""class""}","{""type"": ""class""}"
14484,"{""type"": ""position""}","{""type"": ""position""}"
14485,"{""type"": ""country""}","{""type"": ""nationality""}"
14486,"{""type"": ""year""}","{""type"": ""year""}"
14487,"{""type"": ""type""}","{""type"": ""gender""}"
14488,"{""type"": ""component""}","{""type"": ""component""}"
14489,"{""type"": ""weight""}","{""type"": ""weight""}"
14490,"{""type"": ""status""}","{""type"": ""status""}"
14491,"{""type"": ""rank""}","{""type"": ""rank""}"
14492,"{""type"": ""rank""}","{""type"": ""rank""}"
14493,"{""type"": ""artist""}","{""type"": ""name""}"
14494,"{""type"": ""artist""}","{""type"": ""artist""}"
14495,"{""type"": ""artist""}","{""type"": ""artist""}"
14496,"{""type"": ""artist""}","{""type"": ""name""}"
14497,"{""type"": ""artist""}","{""type"": ""name""}"
14498,"{""type"": ""description""}","{""type"": ""description""}"
14499,"{""type"": ""description""}","{""type"": ""description""}"
14500,"{""type"": ""weight""}","{""type"": ""weight""}"
14501,"{""type"": ""symbol""}","{""type"": ""symbol""}"
14502,"{""type"": ""name""}","{""type"": ""name""}"
14503,"{""type"": ""name""}","{""type"": ""name""}"
14504,"{""type"": ""name""}","{""type"": ""name""}"
14505,"{""type"": ""name""}","{""type"": ""name""}"
14506,"{""type"": ""name""}","{""type"": ""name""}"
14507,"{""type"": ""format""}","{""type"": ""format""}"
14508,"{""type"": ""notes""}","{""type"": ""notes""}"
14509,"{""type"": ""gender""}","{""type"": ""gender""}"
14510,"{""type"": ""city""}","{""type"": ""city""}"
14511,"{""type"": ""city""}","{""type"": ""city""}"
14512,"{""type"": ""artist""}","{""type"": ""artist""}"
14513,"{""type"": ""age""}","{""type"": ""age""}"
14514,"{""type"": ""class""}","{""type"": ""class""}"
14515,"{""type"": ""album""}","{""type"": ""album""}"
14516,"{""type"": ""city""}","{""type"": ""city""}"
14517,"{""type"": ""state""}","{""type"": ""state""}"
14518,"{""type"": ""state""}","{""type"": ""state""}"
14519,"{""type"": ""name""}","{""type"": ""name""}"
14520,"{""type"": ""year""}","{""type"": ""year""}"
14521,"{""type"": ""year""}","{""type"": ""year""}"
14522,"{""type"": ""year""}","{""type"": ""year""}"
14523,"{""type"": ""year""}","{""type"": ""year""}"
14524,"{""type"": ""year""}","{""type"": ""year""}"
14525,"{""type"": ""album""}","{""type"": ""album""}"
14526,"{""type"": ""name""}","{""type"": ""name""}"
14527,"{""type"": ""county""}","{""type"": ""county""}"
14528,"{""type"": ""name""}","{""type"": ""name""}"
14529,"{""type"": ""description""}","{""type"": ""description""}"
14530,"{""type"": ""team""}","{""type"": ""team""}"
14531,"{""type"": ""age""}","{""type"": ""age""}"
14532,"{""type"": ""age""}","{""type"": ""age""}"
14533,"{""type"": ""year""}","{""type"": ""year""}"
14534,"{""type"": ""city""}","{""type"": ""city""}"
14535,"{""type"": ""description""}","{""type"": ""description""}"
14536,"{""type"": ""address""}","{""type"": ""address""}"
14537,"{""type"": ""address""}","{""type"": ""address""}"
14538,"{""type"": ""address""}","{""type"": ""address""}"
14539,"{""type"": ""address""}","{""type"": ""address""}"
14540,"{""type"": ""address""}","{""type"": ""address""}"
14541,"{""type"": ""team""}","{""type"": ""team""}"
14542,"{""type"": ""name""}","{""type"": ""name""}"
14543,"{""type"": ""city""}","{""type"": ""city""}"
14544,"{""type"": ""name""}","{""type"": ""name""}"
14545,"{""type"": ""code""}","{""type"": ""operator""}"
14546,"{""type"": ""city""}","{""type"": ""city""}"
14547,"{""type"": ""class""}","{""type"": ""class""}"
14548,"{""type"": ""name""}","{""type"": ""name""}"
14549,"{""type"": ""age""}","{""type"": ""age""}"
14550,"{""type"": ""city""}","{""type"": ""city""}"
14551,"{""type"": ""description""}","{""type"": ""description""}"
14552,"{""type"": ""weight""}","{""type"": ""weight""}"
14553,"{""type"": ""name""}","{""type"": ""name""}"
14554,"{""type"": ""type""}","{""type"": ""type""}"
14555,"{""type"": ""gender""}","{""type"": ""gender""}"
14556,"{""type"": ""year""}","{""type"": ""year""}"
14557,"{""type"": ""city""}","{""type"": ""city""}"
14558,"{""type"": ""city""}","{""type"": ""city""}"
14559,"{""type"": ""rank""}","{""type"": ""rank""}"
14560,"{""type"": ""team""}","{""type"": ""team""}"
14561,"{""type"": ""city""}","{""type"": ""city""}"
14562,"{""type"": ""status""}","{""type"": ""status""}"
14563,"{""type"": ""brand""}","{""type"": ""owner""}"
14564,"{""type"": ""name""}","{""type"": ""name""}"
14565,"{""type"": ""age""}","{""type"": ""age""}"
14566,"{""type"": ""publisher""}","{""type"": ""publisher""}"
14567,"{""type"": ""weight""}","{""type"": ""weight""}"
14568,"{""type"": ""weight""}","{""type"": ""weight""}"
14569,"{""type"": ""city""}","{""type"": ""city""}"
14570,"{""type"": ""city""}","{""type"": ""city""}"
14571,"{""type"": ""city""}","{""type"": ""city""}"
14572,"{""type"": ""city""}","{""type"": ""city""}"
14573,"{""type"": ""city""}","{""type"": ""city""}"
14574,"{""type"": ""code""}","{""type"": ""code""}"
14575,"{""type"": ""status""}","{""type"": ""status""}"
14576,"{""type"": ""year""}","{""type"": ""year""}"
14577,"{""type"": ""state""}","{""type"": ""state""}"
14578,"{""type"": ""position""}","{""type"": ""position""}"
14579,"{""type"": ""age""}","{""type"": ""age""}"
14580,"{""type"": ""county""}","{""type"": ""team""}"
14581,"{""type"": ""county""}","{""type"": ""team""}"
14582,"{""type"": ""county""}","{""type"": ""affiliation""}"
14583,"{""type"": ""county""}","{""type"": ""team""}"
14584,"{""type"": ""county""}","{""type"": ""location""}"
14585,"{""type"": ""name""}","{""type"": ""name""}"
14586,"{""type"": ""description""}","{""type"": ""description""}"
14587,"{""type"": ""name""}","{""type"": ""name""}"
14588,"{""type"": ""year""}","{""type"": ""year""}"
14589,"{""type"": ""sex""}","{""type"": ""sex""}"
14590,"{""type"": ""year""}","{""type"": ""year""}"
14591,"{""type"": ""city""}","{""type"": ""city""}"
14592,"{""type"": ""rank""}","{""type"": ""rank""}"
14593,"{""type"": ""club""}","{""type"": ""club""}"
14594,"{""type"": ""team""}","{""type"": ""team""}"
14595,"{""type"": ""rank""}","{""type"": ""rank""}"
14596,"{""type"": ""name""}","{""type"": ""name""}"
14597,"{""type"": ""name""}","{""type"": ""name""}"
14598,"{""type"": ""name""}","{""type"": ""name""}"
14599,"{""type"": ""name""}","{""type"": ""name""}"
14600,"{""type"": ""name""}","{""type"": ""name""}"
14601,"{""type"": ""city""}","{""type"": ""city""}"
14602,"{""type"": ""city""}","{""type"": ""city""}"
14603,"{""type"": ""city""}","{""type"": ""city""}"
14604,"{""type"": ""city""}","{""type"": ""city""}"
14605,"{""type"": ""city""}","{""type"": ""city""}"
14606,"{""type"": ""rank""}","{""type"": ""rank""}"
14607,"{""type"": ""location""}","{""type"": ""location""}"
14608,"{""type"": ""artist""}","{""type"": ""name""}"
14609,"{""type"": ""day""}","{""type"": ""day""}"
14610,"{""type"": ""name""}","{""type"": ""name""}"
14611,"{""type"": ""club""}","{""type"": ""club""}"
14612,"{""type"": ""status""}","{""type"": ""status""}"
14613,"{""type"": ""club""}","{""type"": ""country""}"
14614,"{""type"": ""country""}","{""type"": ""country""}"
14615,"{""type"": ""owner""}","{""type"": ""owner""}"
14616,"{""type"": ""description""}","{""type"": ""description""}"
14617,"{""type"": ""description""}","{""type"": ""description""}"
14618,"{""type"": ""description""}","{""type"": ""description""}"
14619,"{""type"": ""description""}","{""type"": ""description""}"
14620,"{""type"": ""description""}","{""type"": ""description""}"
14621,"{""type"": ""age""}","{""type"": ""age""}"
14622,"{""type"": ""state""}","{""type"": ""state""}"
14623,"{""type"": ""position""}","{""type"": ""position""}"
14624,"{""type"": ""description""}","{""type"": ""description""}"
14625,"{""type"": ""state""}","{""type"": ""state""}"
14626,"{""type"": ""code""}","{""type"": ""code""}"
14627,"{""type"": ""type""}","{""type"": ""type""}"
14628,"{""type"": ""team""}","{""type"": ""club""}"
14629,"{""type"": ""album""}","{""type"": ""album""}"
14630,"{""type"": ""weight""}","{""type"": ""weight""}"
14631,"{""type"": ""weight""}","{""type"": ""weight""}"
14632,"{""type"": ""name""}","{""type"": ""type""}"
14633,"{""type"": ""weight""}","{""type"": ""position""}"
14634,"{""type"": ""company""}","{""type"": ""company""}"
14635,"{""type"": ""age""}","{""type"": ""age""}"
14636,"{""type"": ""age""}","{""type"": ""age""}"
14637,"{""type"": ""age""}","{""type"": ""age""}"
14638,"{""type"": ""age""}","{""type"": ""age""}"
14639,"{""type"": ""age""}","{""type"": ""age""}"
14640,"{""type"": ""genre""}","{""type"": ""genre""}"
14641,"{""type"": ""description""}","{""type"": ""description""}"
14642,"{""type"": ""description""}","{""type"": ""description""}"
14643,"{""type"": ""location""}","{""type"": ""name""}"
14644,"{""type"": ""name""}","{""type"": ""name""}"
14645,"{""type"": ""class""}","{""type"": ""class""}"
14646,"{""type"": ""name""}","{""type"": ""name""}"
14647,"{""type"": ""description""}","{""type"": ""description""}"
14648,"{""type"": ""description""}","{""type"": ""description""}"
14649,"{""type"": ""description""}","{""type"": ""description""}"
14650,"{""type"": ""description""}","{""type"": ""description""}"
14651,"{""type"": ""description""}","{""type"": ""description""}"
14652,"{""type"": ""code""}","{""type"": ""code""}"
14653,"{""type"": ""credit""}","{""type"": ""credit""}"
14654,"{""type"": ""code""}","{""type"": ""code""}"
14655,"{""type"": ""age""}","{""type"": ""age""}"
14656,"{""type"": ""age""}","{""type"": ""age""}"
14657,"{""type"": ""age""}","{""type"": ""age""}"
14658,"{""type"": ""age""}","{""type"": ""age""}"
14659,"{""type"": ""age""}","{""type"": ""age""}"
14660,"{""type"": ""weight""}","{""type"": ""weight""}"
14661,"{""type"": ""notes""}","{""type"": ""notes""}"
14662,"{""type"": ""name""}","{""type"": ""name""}"
14663,"{""type"": ""day""}","{""type"": ""day""}"
14664,"{""type"": ""age""}","{""type"": ""age""}"
14665,"{""type"": ""year""}","{""type"": ""year""}"
14666,"{""type"": ""album""}","{""type"": ""description""}"
14667,"{""type"": ""state""}","{""type"": ""state""}"
14668,"{""type"": ""name""}","{""type"": ""name""}"
14669,"{""type"": ""weight""}","{""type"": ""weight""}"
14670,"{""type"": ""position""}","{""type"": ""position""}"
14671,"{""type"": ""description""}","{""type"": ""description""}"
14672,"{""type"": ""class""}","{""type"": ""class""}"
14673,"{""type"": ""nationality""}","{""type"": ""nationality""}"
14674,"{""type"": ""name""}","{""type"": ""name""}"
14675,"{""type"": ""team""}","{""type"": ""team""}"
14676,"{""type"": ""status""}","{""type"": ""status""}"
14677,"{""type"": ""club""}","{""type"": ""team""}"
14678,"{""type"": ""description""}","{""type"": ""description""}"
14679,"{""type"": ""position""}","{""type"": ""position""}"
14680,"{""type"": ""state""}","{""type"": ""state""}"
14681,"{""type"": ""state""}","{""type"": ""state""}"
14682,"{""type"": ""sex""}","{""type"": ""sex""}"
14683,"{""type"": ""artist""}","{""type"": ""artist""}"
14684,"{""type"": ""name""}","{""type"": ""name""}"
14685,"{""type"": ""location""}","{""type"": ""location""}"
14686,"{""type"": ""state""}","{""type"": ""state""}"
14687,"{""type"": ""name""}","{""type"": ""name""}"
14688,"{""type"": ""year""}","{""type"": ""year""}"
14689,"{""type"": ""city""}","{""type"": ""city""}"
14690,"{""type"": ""age""}","{""type"": ""age""}"
14691,"{""type"": ""team""}","{""type"": ""team""}"
14692,"{""type"": ""year""}","{""type"": ""year""}"
14693,"{""type"": ""location""}","{""type"": ""location""}"
14694,"{""type"": ""description""}","{""type"": ""description""}"
14695,"{""type"": ""description""}","{""type"": ""description""}"
14696,"{""type"": ""code""}","{""type"": ""code""}"
14697,"{""type"": ""name""}","{""type"": ""name""}"
14698,"{""type"": ""gender""}","{""type"": ""gender""}"
14699,"{""type"": ""team""}","{""type"": ""team""}"
14700,"{""type"": ""category""}","{""type"": ""category""}"
14701,"{""type"": ""description""}","{""type"": ""description""}"
14702,"{""type"": ""team""}","{""type"": ""country""}"
14703,"{""type"": ""artist""}","{""type"": ""artist""}"
14704,"{""type"": ""year""}","{""type"": ""year""}"
14705,"{""type"": ""code""}","{""type"": ""code""}"
14706,"{""type"": ""state""}","{""type"": ""state""}"
14707,"{""type"": ""year""}","{""type"": ""year""}"
14708,"{""type"": ""rank""}","{""type"": ""rank""}"
14709,"{""type"": ""weight""}","{""type"": ""weight""}"
14710,"{""type"": ""city""}","{""type"": ""city""}"
14711,"{""type"": ""rank""}","{""type"": ""rank""}"
14712,"{""type"": ""name""}","{""type"": ""name""}"
14713,"{""type"": ""format""}","{""type"": ""format""}"
14714,"{""type"": ""name""}","{""type"": ""name""}"
14715,"{""type"": ""description""}","{""type"": ""description""}"
14716,"{""type"": ""location""}","{""type"": ""location""}"
14717,"{""type"": ""description""}","{""type"": ""description""}"
14718,"{""type"": ""age""}","{""type"": ""age""}"
14719,"{""type"": ""description""}","{""type"": ""description""}"
14720,"{""type"": ""status""}","{""type"": ""status""}"
14721,"{""type"": ""age""}","{""type"": ""age""}"
14722,"{""type"": ""state""}","{""type"": ""state""}"
14723,"{""type"": ""album""}","{""type"": ""album""}"
14724,"{""type"": ""code""}","{""type"": ""code""}"
14725,"{""type"": ""category""}","{""type"": ""category""}"
14726,"{""type"": ""result""}","{""type"": ""result""}"
14727,"{""type"": ""age""}","{""type"": ""age""}"
14728,"{""type"": ""format""}","{""type"": ""format""}"
14729,"{""type"": ""company""}","{""type"": ""industry""}"
14730,"{""type"": ""city""}","{""type"": ""city""}"
14731,"{""type"": ""code""}","{""type"": ""code""}"
14732,"{""type"": ""state""}","{""type"": ""state""}"
14733,"{""type"": ""description""}","{""type"": ""description""}"
14734,"{""type"": ""county""}","{""type"": ""county""}"
14735,"{""type"": ""plays""}","{""type"": ""plays""}"
14736,"{""type"": ""age""}","{""type"": ""age""}"
14737,"{""type"": ""team""}","{""type"": ""team""}"
14738,"{""type"": ""description""}","{""type"": ""description""}"
14739,"{""type"": ""weight""}","{""type"": ""weight""}"
14740,"{""type"": ""name""}","{""type"": ""name""}"
14741,"{""type"": ""birthplace""}","{""type"": ""birthplace""}"
14742,"{""type"": ""manufacturer""}","{""type"": ""manufacturer""}"
14743,"{""type"": ""age""}","{""type"": ""age""}"
14744,"{""type"": ""code""}","{""type"": ""code""}"
14745,"{""type"": ""description""}","{""type"": ""description""}"
14746,"{""type"": ""type""}","{""type"": ""status""}"
14747,"{""type"": ""rank""}","{""type"": ""rank""}"
14748,"{""type"": ""state""}","{""type"": ""state""}"
14749,"{""type"": ""city""}","{""type"": ""name""}"
14750,"{""type"": ""name""}","{""type"": ""name""}"
14751,"{""type"": ""name""}","{""type"": ""name""}"
14752,"{""type"": ""name""}","{""type"": ""name""}"
14753,"{""type"": ""name""}","{""type"": ""name""}"
14754,"{""type"": ""name""}","{""type"": ""name""}"
14755,"{""type"": ""status""}","{""type"": ""status""}"
14756,"{""type"": ""team""}","{""type"": ""team""}"
14757,"{""type"": ""team""}","{""type"": ""team""}"
14758,"{""type"": ""type""}","{""type"": ""status""}"
14759,"{""type"": ""sex""}","{""type"": ""sex""}"
14760,"{""type"": ""album""}","{""type"": ""album""}"
14761,"{""type"": ""album""}","{""type"": ""album""}"
14762,"{""type"": ""album""}","{""type"": ""album""}"
14763,"{""type"": ""album""}","{""type"": ""album""}"
14764,"{""type"": ""album""}","{""type"": ""album""}"
14765,"{""type"": ""status""}","{""type"": ""status""}"
14766,"{""type"": ""name""}","{""type"": ""name""}"
14767,"{""type"": ""name""}","{""type"": ""name""}"
14768,"{""type"": ""name""}","{""type"": ""name""}"
14769,"{""type"": ""name""}","{""type"": ""name""}"
14770,"{""type"": ""name""}","{""type"": ""name""}"
14771,"{""type"": ""region""}","{""type"": ""region""}"
14772,"{""type"": ""description""}","{""type"": ""description""}"
14773,"{""type"": ""state""}","{""type"": ""state""}"
14774,"{""type"": ""gender""}","{""type"": ""gender""}"
14775,"{""type"": ""name""}","{""type"": ""name""}"
14776,"{""type"": ""code""}","{""type"": ""code""}"
14777,"{""type"": ""status""}","{""type"": ""status""}"
14778,"{""type"": ""code""}","{""type"": ""symbol""}"
14779,"{""type"": ""city""}","{""type"": ""city""}"
14780,"{""type"": ""album""}","{""type"": ""album""}"
14781,"{""type"": ""weight""}","{""type"": ""weight""}"
14782,"{""type"": ""name""}","{""type"": ""name""}"
14783,"{""type"": ""club""}","{""type"": ""club""}"
14784,"{""type"": ""name""}","{""type"": ""name""}"
14785,"{""type"": ""result""}","{""type"": ""result""}"
14786,"{""type"": ""weight""}","{""type"": ""weight""}"
14787,"{""type"": ""name""}","{""type"": ""name""}"
14788,"{""type"": ""class""}","{""type"": ""class""}"
14789,"{""type"": ""name""}","{""type"": ""name""}"
14790,"{""type"": ""team""}","{""type"": ""team""}"
14791,"{""type"": ""description""}","{""type"": ""description""}"
14792,"{""type"": ""position""}","{""type"": ""position""}"
14793,"{""type"": ""weight""}","{""type"": ""weight""}"
14794,"{""type"": ""name""}","{""type"": ""name""}"
14795,"{""type"": ""album""}","{""type"": ""album""}"
14796,"{""type"": ""result""}","{""type"": ""result""}"
14797,"{""type"": ""location""}","{""type"": ""location""}"
14798,"{""type"": ""city""}","{""type"": ""city""}"
14799,"{""type"": ""day""}","{""type"": ""day""}"
14800,"{""type"": ""description""}","{""type"": ""description""}"
14801,"{""type"": ""age""}","{""type"": ""age""}"
14802,"{""type"": ""description""}","{""type"": ""description""}"
14803,"{""type"": ""city""}","{""type"": ""address""}"
14804,"{""type"": ""category""}","{""type"": ""category""}"
14805,"{""type"": ""artist""}","{""type"": ""artist""}"
14806,"{""type"": ""city""}","{""type"": ""city""}"
14807,"{""type"": ""album""}","{""type"": ""album""}"
14808,"{""type"": ""name""}","{""type"": ""name""}"
14809,"{""type"": ""rank""}","{""type"": ""rank""}"
14810,"{""type"": ""position""}","{""type"": ""position""}"
14811,"{""type"": ""notes""}","{""type"": ""notes""}"
14812,"{""type"": ""description""}","{""type"": ""description""}"
14813,"{""type"": ""club""}","{""type"": ""club""}"
14814,"{""type"": ""name""}","{""type"": ""name""}"
14815,"{""type"": ""city""}","{""type"": ""city""}"
14816,"{""type"": ""year""}","{""type"": ""year""}"
14817,"{""type"": ""code""}","{""type"": ""code""}"
14818,"{""type"": ""code""}","{""type"": ""code""}"
14819,"{""type"": ""code""}","{""type"": ""code""}"
14820,"{""type"": ""code""}","{""type"": ""code""}"
14821,"{""type"": ""code""}","{""type"": ""code""}"
14822,"{""type"": ""result""}","{""type"": ""result""}"
14823,"{""type"": ""year""}","{""type"": ""year""}"
14824,"{""type"": ""name""}","{""type"": ""name""}"
14825,"{""type"": ""artist""}","{""type"": ""artist""}"
14826,"{""type"": ""symbol""}","{""type"": ""symbol""}"
14827,"{""type"": ""result""}","{""type"": ""result""}"
14828,"{""type"": ""name""}","{""type"": ""name""}"
14829,"{""type"": ""state""}","{""type"": ""state""}"
14830,"{""type"": ""state""}","{""type"": ""state""}"
14831,"{""type"": ""state""}","{""type"": ""state""}"
14832,"{""type"": ""state""}","{""type"": ""state""}"
14833,"{""type"": ""state""}","{""type"": ""state""}"
14834,"{""type"": ""description""}","{""type"": ""description""}"
14835,"{""type"": ""status""}","{""type"": ""status""}"
14836,"{""type"": ""type""}","{""type"": ""type""}"
14837,"{""type"": ""category""}","{""type"": ""category""}"
14838,"{""type"": ""code""}","{""type"": ""code""}"
14839,"{""type"": ""weight""}","{""type"": ""weight""}"
14840,"{""type"": ""album""}","{""type"": ""album""}"
14841,"{""type"": ""state""}","{""type"": ""state""}"
14842,"{""type"": ""year""}","{""type"": ""year""}"
14843,"{""type"": ""type""}","{""type"": ""type""}"
14844,"{""type"": ""description""}","{""type"": ""description""}"
14845,"{""type"": ""team""}","{""type"": ""team""}"
14846,"{""type"": ""state""}","{""type"": ""state""}"
14847,"{""type"": ""name""}","{""type"": ""name""}"
14848,"{""type"": ""weight""}","{""type"": ""weight""}"
14849,"{""type"": ""description""}","{""type"": ""description""}"
14850,"{""type"": ""notes""}","{""type"": ""notes""}"
14851,"{""type"": ""affiliate""}","{""type"": ""affiliate""}"
14852,"{""type"": ""description""}","{""type"": ""description""}"
14853,"{""type"": ""affiliation""}","{""type"": ""affiliation""}"
14854,"{""type"": ""type""}","{""type"": ""type""}"
14855,"{""type"": ""team""}","{""type"": ""team""}"
14856,"{""type"": ""name""}","{""type"": ""name""}"
14857,"{""type"": ""description""}","{""type"": ""description""}"
14858,"{""type"": ""age""}","{""type"": ""age""}"
14859,"{""type"": ""gender""}","{""type"": ""gender""}"
14860,"{""type"": ""code""}","{""type"": ""state""}"
14861,"{""type"": ""position""}","{""type"": ""position""}"
14862,"{""type"": ""duration""}","{""type"": ""duration""}"
14863,"{""type"": ""rank""}","{""type"": ""rank""}"
14864,"{""type"": ""name""}","{""type"": ""name""}"
14865,"{""type"": ""city""}","{""type"": ""city""}"
14866,"{""type"": ""description""}","{""type"": ""description""}"
14867,"{""type"": ""city""}","{""type"": ""city""}"
14868,"{""type"": ""city""}","{""type"": ""city""}"
14869,"{""type"": ""city""}","{""type"": ""city""}"
14870,"{""type"": ""city""}","{""type"": ""city""}"
14871,"{""type"": ""city""}","{""type"": ""city""}"
14872,"{""type"": ""description""}","{""type"": ""description""}"
14873,"{""type"": ""name""}","{""type"": ""name""}"
14874,"{""type"": ""status""}","{""type"": ""status""}"
14875,"{""type"": ""age""}","{""type"": ""age""}"
14876,"{""type"": ""team""}","{""type"": ""team""}"
14877,"{""type"": ""city""}","{""type"": ""city""}"
14878,"{""type"": ""status""}","{""type"": ""status""}"
14879,"{""type"": ""name""}","{""type"": ""name""}"
14880,"{""type"": ""code""}","{""type"": ""code""}"
14881,"{""type"": ""team""}","{""type"": ""team""}"
14882,"{""type"": ""age""}","{""type"": ""age""}"
14883,"{""type"": ""status""}","{""type"": ""notes""}"
14884,"{""type"": ""format""}","{""type"": ""format""}"
14885,"{""type"": ""year""}","{""type"": ""year""}"
14886,"{""type"": ""type""}","{""type"": ""type""}"
14887,"{""type"": ""rank""}","{""type"": ""rank""}"
14888,"{""type"": ""name""}","{""type"": ""name""}"
14889,"{""type"": ""name""}","{""type"": ""name""}"
14890,"{""type"": ""code""}","{""type"": ""code""}"
14891,"{""type"": ""type""}","{""type"": ""type""}"
14892,"{""type"": ""rank""}","{""type"": ""rank""}"
14893,"{""type"": ""age""}","{""type"": ""age""}"
14894,"{""type"": ""age""}","{""type"": ""age""}"
14895,"{""type"": ""age""}","{""type"": ""age""}"
14896,"{""type"": ""age""}","{""type"": ""age""}"
14897,"{""type"": ""age""}","{""type"": ""age""}"
14898,"{""type"": ""format""}","{""type"": ""format""}"
14899,"{""type"": ""result""}","{""type"": ""result""}"
14900,"{""type"": ""age""}","{""type"": ""age""}"
14901,"{""type"": ""type""}","{""type"": ""type""}"
14902,"{""type"": ""result""}","{""type"": ""result""}"
14903,"{""type"": ""company""}","{""type"": ""company""}"
14904,"{""type"": ""club""}","{""type"": ""club""}"
14905,"{""type"": ""location""}","{""type"": ""location""}"
14906,"{""type"": ""rank""}","{""type"": ""rank""}"
14907,"{""type"": ""weight""}","{""type"": ""weight""}"
14908,"{""type"": ""name""}","{""type"": ""name""}"
14909,"{""type"": ""description""}","{""type"": ""description""}"
14910,"{""type"": ""club""}","{""type"": ""club""}"
14911,"{""type"": ""description""}","{""type"": ""description""}"
14912,"{""type"": ""age""}","{""type"": ""age""}"
14913,"{""type"": ""rank""}","{""type"": ""rank""}"
14914,"{""type"": ""album""}","{""type"": ""album""}"
14915,"{""type"": ""company""}","{""type"": ""company""}"
14916,"{""type"": ""type""}","{""type"": ""type""}"
14917,"{""type"": ""category""}","{""type"": ""category""}"
14918,"{""type"": ""category""}","{""type"": ""category""}"
14919,"{""type"": ""age""}","{""type"": ""age""}"
14920,"{""type"": ""description""}","{""type"": ""description""}"
14921,"{""type"": ""description""}","{""type"": ""description""}"
14922,"{""type"": ""age""}","{""type"": ""age""}"
14923,"{""type"": ""description""}","{""type"": ""description""}"
14924,"{""type"": ""weight""}","{""type"": ""weight""}"
14925,"{""type"": ""name""}","{""type"": ""name""}"
14926,"{""type"": ""year""}","{""type"": ""year""}"
14927,"{""type"": ""state""}","{""type"": ""state""}"
14928,"{""type"": ""publisher""}","{""type"": ""publisher""}"
14929,"{""type"": ""weight""}","{""type"": ""weight""}"
14930,"{""type"": ""weight""}","{""type"": ""weight""}"
14931,"{""type"": ""genre""}","{""type"": ""genre""}"
14932,"{""type"": ""code""}","{""type"": ""code""}"
14933,"{""type"": ""weight""}","{""type"": ""weight""}"
14934,"{""type"": ""age""}","{""type"": ""age""}"
14935,"{""type"": ""rank""}","{""type"": ""rank""}"
14936,"{""type"": ""team""}","{""type"": ""team""}"
14937,"{""type"": ""team""}","{""type"": ""team""}"
14938,"{""type"": ""type""}","{""type"": ""type""}"
14939,"{""type"": ""category""}","{""type"": ""category""}"
14940,"{""type"": ""name""}","{""type"": ""name""}"
14941,"{""type"": ""name""}","{""type"": ""name""}"
14942,"{""type"": ""club""}","{""type"": ""club""}"
14943,"{""type"": ""county""}","{""type"": ""county""}"
14944,"{""type"": ""description""}","{""type"": ""description""}"
14945,"{""type"": ""isbn""}","{""type"": ""isbn""}"
14946,"{""type"": ""name""}","{""type"": ""name""}"
14947,"{""type"": ""company""}","{""type"": ""company""}"
14948,"{""type"": ""code""}","{""type"": ""code""}"
14949,"{""type"": ""artist""}","{""type"": ""artist""}"
14950,"{""type"": ""type""}","{""type"": ""type""}"
14951,"{""type"": ""club""}","{""type"": ""club""}"
14952,"{""type"": ""city""}","{""type"": ""city""}"
14953,"{""type"": ""name""}","{""type"": ""name""}"
14954,"{""type"": ""class""}","{""type"": ""class""}"
14955,"{""type"": ""rank""}","{""type"": ""rank""}"
14956,"{""type"": ""city""}","{""type"": ""city""}"
14957,"{""type"": ""city""}","{""type"": ""city""}"
14958,"{""type"": ""type""}","{""type"": ""type""}"
14959,"{""type"": ""city""}","{""type"": ""city""}"
14960,"{""type"": ""position""}","{""type"": ""position""}"
14961,"{""type"": ""status""}","{""type"": ""status""}"
14962,"{""type"": ""age""}","{""type"": ""age""}"
14963,"{""type"": ""genre""}","{""type"": ""genre""}"
14964,"{""type"": ""name""}","{""type"": ""name""}"
14965,"{""type"": ""name""}","{""type"": ""name""}"
14966,"{""type"": ""name""}","{""type"": ""name""}"
14967,"{""type"": ""name""}","{""type"": ""name""}"
14968,"{""type"": ""name""}","{""type"": ""name""}"
14969,"{""type"": ""city""}","{""type"": ""city""}"
14970,"{""type"": ""city""}","{""type"": ""city""}"
14971,"{""type"": ""credit""}","{""type"": ""credit""}"
14972,"{""type"": ""symbol""}","{""type"": ""symbol""}"
14973,"{""type"": ""state""}","{""type"": ""state""}"
14974,"{""type"": ""state""}","{""type"": ""state""}"
14975,"{""type"": ""state""}","{""type"": ""state""}"
14976,"{""type"": ""state""}","{""type"": ""state""}"
14977,"{""type"": ""state""}","{""type"": ""state""}"
14978,"{""type"": ""artist""}","{""type"": ""artist""}"
14979,"{""type"": ""team""}","{""type"": ""team""}"
14980,"{""type"": ""rank""}","{""type"": ""rank""}"
14981,"{""type"": ""address""}","{""type"": ""address""}"
14982,"{""type"": ""team""}","{""type"": ""team""}"
14983,"{""type"": ""location""}","{""type"": ""location""}"
14984,"{""type"": ""weight""}","{""type"": ""weight""}"
14985,"{""type"": ""description""}","{""type"": ""name""}"
14986,"{""type"": ""year""}","{""type"": ""year""}"
14987,"{""type"": ""description""}","{""type"": ""description""}"
14988,"{""type"": ""name""}","{""type"": ""name""}"
14989,"{""type"": ""state""}","{""type"": ""state""}"
14990,"{""type"": ""name""}","{""type"": ""name""}"
14991,"{""type"": ""name""}","{""type"": ""name""}"
14992,"{""type"": ""name""}","{""type"": ""name""}"
14993,"{""type"": ""name""}","{""type"": ""name""}"
14994,"{""type"": ""name""}","{""type"": ""name""}"
14995,"{""type"": ""name""}","{""type"": ""name""}"
14996,"{""type"": ""location""}","{""type"": ""location""}"
14997,"{""type"": ""city""}","{""type"": ""city""}"
14998,"{""type"": ""description""}","{""type"": ""description""}"
14999,"{""type"": ""weight""}","{""type"": ""weight""}"
15000,"{""type"": ""address""}","{""type"": ""address""}"
15001,"{""type"": ""team""}","{""type"": ""teamname""}"
15002,"{""type"": ""city""}","{""type"": ""city""}"
15003,"{""type"": ""name""}","{""type"": ""name""}"
15004,"{""type"": ""team""}","{""type"": ""team""}"
15005,"{""type"": ""position""}","{""type"": ""position""}"
15006,"{""type"": ""status""}","{""type"": ""status""}"
15007,"{""type"": ""team""}","{""type"": ""team""}"
15008,"{""type"": ""year""}","{""type"": ""year""}"
15009,"{""type"": ""class""}","{""type"": ""class""}"
15010,"{""type"": ""name""}","{""type"": ""name""}"
15011,"{""type"": ""result""}","{""type"": ""result""}"
15012,"{""type"": ""result""}","{""type"": ""result""}"
15013,"{""type"": ""result""}","{""type"": ""result""}"
15014,"{""type"": ""result""}","{""type"": ""result""}"
15015,"{""type"": ""result""}","{""type"": ""result""}"
15016,"{""type"": ""city""}","{""type"": ""city""}"
15017,"{""type"": ""rank""}","{""type"": ""rank""}"
15018,"{""type"": ""age""}","{""type"": ""age""}"
15019,"{""type"": ""symbol""}","{""type"": ""symbol""}"
15020,"{""type"": ""club""}","{""type"": ""club""}"
15021,"{""type"": ""company""}","{""type"": ""company""}"
15022,"{""type"": ""description""}","{""type"": ""description""}"
15023,"{""type"": ""type""}","{""type"": ""type""}"
15024,"{""type"": ""status""}","{""type"": ""status""}"
15025,"{""type"": ""state""}","{""type"": ""state""}"
15026,"{""type"": ""album""}","{""type"": ""album""}"
15027,"{""type"": ""description""}","{""type"": ""description""}"
15028,"{""type"": ""team""}","{""type"": ""team""}"
15029,"{""type"": ""year""}","{""type"": ""year""}"
15030,"{""type"": ""rank""}","{""type"": ""rank""}"
15031,"{""type"": ""rank""}","{""type"": ""rank""}"
15032,"{""type"": ""rank""}","{""type"": ""rank""}"
15033,"{""type"": ""rank""}","{""type"": ""rank""}"
15034,"{""type"": ""rank""}","{""type"": ""rank""}"
15035,"{""type"": ""weight""}","{""type"": ""weight""}"
15036,"{""type"": ""age""}","{""type"": ""age""}"
15037,"{""type"": ""state""}","{""type"": ""state""}"
15038,"{""type"": ""capacity""}","{""type"": ""capacity""}"
15039,"{""type"": ""year""}","{""type"": ""year""}"
15040,"{""type"": ""location""}","{""type"": ""location""}"
15041,"{""type"": ""city""}","{""type"": ""city""}"
15042,"{""type"": ""status""}","{""type"": ""status""}"
15043,"{""type"": ""description""}","{""type"": ""description""}"
15044,"{""type"": ""type""}","{""type"": ""type""}"
15045,"{""type"": ""description""}","{""type"": ""description""}"
15046,"{""type"": ""weight""}","{""type"": ""weight""}"
15047,"{""type"": ""name""}","{""type"": ""name""}"
15048,"{""type"": ""state""}","{""type"": ""state""}"
15049,"{""type"": ""name""}","{""type"": ""name""}"
15050,"{""type"": ""name""}","{""type"": ""name""}"
15051,"{""type"": ""description""}","{""type"": ""description""}"
15052,"{""type"": ""artist""}","{""type"": ""artist""}"
15053,"{""type"": ""component""}","{""type"": ""component""}"
15054,"{""type"": ""year""}","{""type"": ""year""}"
15055,"{""type"": ""weight""}","{""type"": ""weight""}"
15056,"{""type"": ""country""}","{""type"": ""country""}"
15057,"{""type"": ""location""}","{""type"": ""location""}"
15058,"{""type"": ""name""}","{""type"": ""name""}"
15059,"{""type"": ""age""}","{""type"": ""age""}"
15060,"{""type"": ""state""}","{""type"": ""state""}"
15061,"{""type"": ""state""}","{""type"": ""state""}"
15062,"{""type"": ""state""}","{""type"": ""state""}"
15063,"{""type"": ""state""}","{""type"": ""state""}"
15064,"{""type"": ""state""}","{""type"": ""state""}"
15065,"{""type"": ""type""}","{""type"": ""type""}"
15066,"{""type"": ""description""}","{""type"": ""description""}"
15067,"{""type"": ""weight""}","{""type"": ""weight""}"
15068,"{""type"": ""name""}","{""type"": ""name""}"
15069,"{""type"": ""name""}","{""type"": ""name""}"
15070,"{""type"": ""name""}","{""type"": ""name""}"
15071,"{""type"": ""name""}","{""type"": ""name""}"
15072,"{""type"": ""name""}","{""type"": ""name""}"
15073,"{""type"": ""album""}","{""type"": ""album""}"
15074,"{""type"": ""symbol""}","{""type"": ""symbol""}"
15075,"{""type"": ""artist""}","{""type"": ""name""}"
15076,"{""type"": ""year""}","{""type"": ""year""}"
15077,"{""type"": ""description""}","{""type"": ""description""}"
15078,"{""type"": ""location""}","{""type"": ""location""}"
15079,"{""type"": ""code""}","{""type"": ""code""}"
15080,"{""type"": ""year""}","{""type"": ""year""}"
15081,"{""type"": ""description""}","{""type"": ""description""}"
15082,"{""type"": ""weight""}","{""type"": ""weight""}"
15083,"{""type"": ""weight""}","{""type"": ""weight""}"
15084,"{""type"": ""name""}","{""type"": ""name""}"
15085,"{""type"": ""name""}","{""type"": ""name""}"
15086,"{""type"": ""description""}","{""type"": ""description""}"
15087,"{""type"": ""name""}","{""type"": ""name""}"
15088,"{""type"": ""name""}","{""type"": ""name""}"
15089,"{""type"": ""type""}","{""type"": ""description""}"
15090,"{""type"": ""team""}","{""type"": ""team""}"
15091,"{""type"": ""symbol""}","{""type"": ""symbol""}"
15092,"{""type"": ""state""}","{""type"": ""state""}"
15093,"{""type"": ""country""}","{""type"": ""country""}"
15094,"{""type"": ""result""}","{""type"": ""result""}"
15095,"{""type"": ""age""}","{""type"": ""age""}"
15096,"{""type"": ""team""}","{""type"": ""team""}"
15097,"{""type"": ""city""}","{""type"": ""city""}"
15098,"{""type"": ""description""}","{""type"": ""description""}"
15099,"{""type"": ""name""}","{""type"": ""name""}"
15100,"{""type"": ""location""}","{""type"": ""city""}"
15101,"{""type"": ""rank""}","{""type"": ""rank""}"
15102,"{""type"": ""county""}","{""type"": ""county""}"
15103,"{""type"": ""status""}","{""type"": ""status""}"
15104,"{""type"": ""type""}","{""type"": ""type""}"
15105,"{""type"": ""location""}","{""type"": ""location""}"
15106,"{""type"": ""type""}","{""type"": ""type""}"
15107,"{""type"": ""sex""}","{""type"": ""sex""}"
15108,"{""type"": ""year""}","{""type"": ""year""}"
15109,"{""type"": ""team""}","{""type"": ""team""}"
15110,"{""type"": ""age""}","{""type"": ""age""}"
15111,"{""type"": ""company""}","{""type"": ""company""}"
15112,"{""type"": ""sex""}","{""type"": ""sex""}"
15113,"{""type"": ""weight""}","{""type"": ""weight""}"
15114,"{""type"": ""position""}","{""type"": ""position""}"
15115,"{""type"": ""weight""}","{""type"": ""weight""}"
15116,"{""type"": ""city""}","{""type"": ""city""}"
15117,"{""type"": ""status""}","{""type"": ""status""}"
15118,"{""type"": ""result""}","{""type"": ""result""}"
15119,"{""type"": ""state""}","{""type"": ""state""}"
15120,"{""type"": ""city""}","{""type"": ""city""}"
15121,"{""type"": ""description""}","{""type"": ""description""}"
15122,"{""type"": ""elevation""}","{""type"": ""elevation""}"
15123,"{""type"": ""album""}","{""type"": ""album""}"
15124,"{""type"": ""name""}","{""type"": ""name""}"
15125,"{""type"": ""city""}","{""type"": ""city""}"
15126,"{""type"": ""code""}","{""type"": ""code""}"
15127,"{""type"": ""owner""}","{""type"": ""owner""}"
15128,"{""type"": ""type""}","{""type"": ""type""}"
15129,"{""type"": ""state""}","{""type"": ""state""}"
15130,"{""type"": ""status""}","{""type"": ""status""}"
15131,"{""type"": ""state""}","{""type"": ""state""}"
15132,"{""type"": ""description""}","{""type"": ""description""}"
15133,"{""type"": ""name""}","{""type"": ""name""}"
15134,"{""type"": ""weight""}","{""type"": ""weight""}"
15135,"{""type"": ""state""}","{""type"": ""state""}"
15136,"{""type"": ""category""}","{""type"": ""category""}"
15137,"{""type"": ""category""}","{""type"": ""category""}"
15138,"{""type"": ""category""}","{""type"": ""category""}"
15139,"{""type"": ""category""}","{""type"": ""category""}"
15140,"{""type"": ""category""}","{""type"": ""category""}"
15141,"{""type"": ""age""}","{""type"": ""age""}"
15142,"{""type"": ""description""}","{""type"": ""description""}"
15143,"{""type"": ""elevation""}","{""type"": ""elevation""}"
15144,"{""type"": ""age""}","{""type"": ""age""}"
15145,"{""type"": ""age""}","{""type"": ""age""}"
15146,"{""type"": ""age""}","{""type"": ""age""}"
15147,"{""type"": ""age""}","{""type"": ""age""}"
15148,"{""type"": ""age""}","{""type"": ""age""}"
15149,"{""type"": ""location""}","{""type"": ""location""}"
15150,"{""type"": ""code""}","{""type"": ""code""}"
15151,"{""type"": ""team""}","{""type"": ""team""}"
15152,"{""type"": ""gender""}","{""type"": ""gender""}"
15153,"{""type"": ""club""}","{""type"": ""club""}"
15154,"{""type"": ""gender""}","{""type"": ""gender""}"
15155,"{""type"": ""state""}","{""type"": ""country""}"
15156,"{""type"": ""album""}","{""type"": ""album""}"
15157,"{""type"": ""name""}","{""type"": ""name""}"
15158,"{""type"": ""year""}","{""type"": ""year""}"
15159,"{""type"": ""state""}","{""type"": ""state""}"
15160,"{""type"": ""origin""}","{""type"": ""origin""}"
15161,"{""type"": ""name""}","{""type"": ""name""}"
15162,"{""type"": ""status""}","{""type"": ""status""}"
15163,"{""type"": ""status""}","{""type"": ""status""}"
15164,"{""type"": ""weight""}","{""type"": ""weight""}"
15165,"{""type"": ""status""}","{""type"": ""status""}"
15166,"{""type"": ""rank""}","{""type"": ""rank""}"
15167,"{""type"": ""city""}","{""type"": ""city""}"
15168,"{""type"": ""notes""}","{""type"": ""notes""}"
15169,"{""type"": ""location""}","{""type"": ""location""}"
15170,"{""type"": ""notes""}","{""type"": ""notes""}"
15171,"{""type"": ""description""}","{""type"": ""description""}"
15172,"{""type"": ""weight""}","{""type"": ""weight""}"
15173,"{""type"": ""category""}","{""type"": ""category""}"
15174,"{""type"": ""name""}","{""type"": ""name""}"
15175,"{""type"": ""description""}","{""type"": ""description""}"
15176,"{""type"": ""year""}","{""type"": ""year""}"
15177,"{""type"": ""rank""}","{""type"": ""rank""}"
15178,"{""type"": ""description""}","{""type"": ""description""}"
15179,"{""type"": ""description""}","{""type"": ""description""}"
15180,"{""type"": ""state""}","{""type"": ""state""}"
15181,"{""type"": ""weight""}","{""type"": ""weight""}"
15182,"{""type"": ""name""}","{""type"": ""name""}"
15183,"{""type"": ""rank""}","{""type"": ""rank""}"
15184,"{""type"": ""age""}","{""type"": ""age""}"
15185,"{""type"": ""description""}","{""type"": ""description""}"
15186,"{""type"": ""name""}","{""type"": ""name""}"
15187,"{""type"": ""age""}","{""type"": ""age""}"
15188,"{""type"": ""age""}","{""type"": ""age""}"
15189,"{""type"": ""name""}","{""type"": ""name""}"
15190,"{""type"": ""rank""}","{""type"": ""rank""}"
15191,"{""type"": ""description""}","{""type"": ""description""}"
15192,"{""type"": ""credit""}","{""type"": ""credit""}"
15193,"{""type"": ""elevation""}","{""type"": ""elevation""}"
15194,"{""type"": ""state""}","{""type"": ""state""}"
15195,"{""type"": ""description""}","{""type"": ""description""}"
15196,"{""type"": ""sex""}","{""type"": ""sex""}"
15197,"{""type"": ""name""}","{""type"": ""name""}"
15198,"{""type"": ""year""}","{""type"": ""year""}"
15199,"{""type"": ""weight""}","{""type"": ""weight""}"
15200,"{""type"": ""artist""}","{""type"": ""artist""}"
15201,"{""type"": ""creator""}","{""type"": ""owner""}"
15202,"{""type"": ""code""}","{""type"": ""code""}"
15203,"{""type"": ""team""}","{""type"": ""team""}"
15204,"{""type"": ""result""}","{""type"": ""result""}"
15205,"{""type"": ""result""}","{""type"": ""result""}"
15206,"{""type"": ""result""}","{""type"": ""result""}"
15207,"{""type"": ""result""}","{""type"": ""result""}"
15208,"{""type"": ""result""}","{""type"": ""result""}"
15209,"{""type"": ""city""}","{""type"": ""city""}"
15210,"{""type"": ""weight""}","{""type"": ""plays""}"
15211,"{""type"": ""address""}","{""type"": ""address""}"
15212,"{""type"": ""name""}","{""type"": ""name""}"
15213,"{""type"": ""city""}","{""type"": ""city""}"
15214,"{""type"": ""age""}","{""type"": ""rank""}"
15215,"{""type"": ""year""}","{""type"": ""year""}"
15216,"{""type"": ""address""}","{""type"": ""address""}"
15217,"{""type"": ""status""}","{""type"": ""status""}"
15218,"{""type"": ""artist""}","{""type"": ""artist""}"
15219,"{""type"": ""age""}","{""type"": ""age""}"
15220,"{""type"": ""location""}","{""type"": ""location""}"
15221,"{""type"": ""rank""}","{""type"": ""rank""}"
15222,"{""type"": ""city""}","{""type"": ""city""}"
15223,"{""type"": ""city""}","{""type"": ""city""}"
15224,"{""type"": ""city""}","{""type"": ""city""}"
15225,"{""type"": ""city""}","{""type"": ""city""}"
15226,"{""type"": ""city""}","{""type"": ""city""}"
15227,"{""type"": ""weight""}","{""type"": ""weight""}"
15228,"{""type"": ""description""}","{""type"": ""description""}"
15229,"{""type"": ""age""}","{""type"": ""age""}"
15230,"{""type"": ""status""}","{""type"": ""status""}"
15231,"{""type"": ""team""}","{""type"": ""team""}"
15232,"{""type"": ""type""}","{""type"": ""type""}"
15233,"{""type"": ""city""}","{""type"": ""city""}"
15234,"{""type"": ""country""}","{""type"": ""country""}"
15235,"{""type"": ""country""}","{""type"": ""country""}"
15236,"{""type"": ""country""}","{""type"": ""country""}"
15237,"{""type"": ""country""}","{""type"": ""country""}"
15238,"{""type"": ""country""}","{""type"": ""country""}"
15239,"{""type"": ""name""}","{""type"": ""name""}"
15240,"{""type"": ""description""}","{""type"": ""description""}"
15241,"{""type"": ""location""}","{""type"": ""location""}"
15242,"{""type"": ""year""}","{""type"": ""year""}"
15243,"{""type"": ""name""}","{""type"": ""name""}"
15244,"{""type"": ""name""}","{""type"": ""name""}"
15245,"{""type"": ""description""}","{""type"": ""description""}"
15246,"{""type"": ""category""}","{""type"": ""category""}"
15247,"{""type"": ""age""}","{""type"": ""age""}"
15248,"{""type"": ""company""}","{""type"": ""company""}"
15249,"{""type"": ""name""}","{""type"": ""name""}"
15250,"{""type"": ""name""}","{""type"": ""name""}"
15251,"{""type"": ""name""}","{""type"": ""name""}"
15252,"{""type"": ""name""}","{""type"": ""name""}"
15253,"{""type"": ""name""}","{""type"": ""name""}"
15254,"{""type"": ""team""}","{""type"": ""team""}"
15255,"{""type"": ""description""}","{""type"": ""description""}"
15256,"{""type"": ""name""}","{""type"": ""name""}"
15257,"{""type"": ""team""}","{""type"": ""type""}"
15258,"{""type"": ""status""}","{""type"": ""status""}"
15259,"{""type"": ""rank""}","{""type"": ""rank""}"
15260,"{""type"": ""city""}","{""type"": ""city""}"
15261,"{""type"": ""publisher""}","{""type"": ""publisher""}"
15262,"{""type"": ""weight""}","{""type"": ""weight""}"
15263,"{""type"": ""category""}","{""type"": ""category""}"
15264,"{""type"": ""city""}","{""type"": ""location""}"
15265,"{""type"": ""weight""}","{""type"": ""weight""}"
15266,"{""type"": ""gender""}","{""type"": ""gender""}"
15267,"{""type"": ""album""}","{""type"": ""album""}"
15268,"{""type"": ""year""}","{""type"": ""year""}"
15269,"{""type"": ""name""}","{""type"": ""name""}"
15270,"{""type"": ""weight""}","{""type"": ""weight""}"
15271,"{""type"": ""state""}","{""type"": ""state""}"
15272,"{""type"": ""location""}","{""type"": ""location""}"
15273,"{""type"": ""weight""}","{""type"": ""weight""}"
15274,"{""type"": ""age""}","{""type"": ""age""}"
15275,"{""type"": ""rank""}","{""type"": ""rank""}"
15276,"{""type"": ""notes""}","{""type"": ""notes""}"
15277,"{""type"": ""code""}","{""type"": ""code""}"
15278,"{""type"": ""format""}","{""type"": ""format""}"
15279,"{""type"": ""day""}","{""type"": ""day""}"
15280,"{""type"": ""format""}","{""type"": ""format""}"
15281,"{""type"": ""club""}","{""type"": ""club""}"
15282,"{""type"": ""category""}","{""type"": ""category""}"
15283,"{""type"": ""company""}","{""type"": ""company""}"
15284,"{""type"": ""weight""}","{""type"": ""weight""}"
15285,"{""type"": ""location""}","{""type"": ""city""}"
15286,"{""type"": ""age""}","{""type"": ""age""}"
15287,"{""type"": ""location""}","{""type"": ""location""}"
15288,"{""type"": ""name""}","{""type"": ""name""}"
15289,"{""type"": ""team""}","{""type"": ""team""}"
15290,"{""type"": ""name""}","{""type"": ""name""}"
15291,"{""type"": ""age""}","{""type"": ""age""}"
15292,"{""type"": ""description""}","{""type"": ""description""}"
15293,"{""type"": ""notes""}","{""type"": ""notes""}"
15294,"{""type"": ""area""}","{""type"": ""category""}"
15295,"{""type"": ""name""}","{""type"": ""name""}"
15296,"{""type"": ""weight""}","{""type"": ""weight""}"
15297,"{""type"": ""code""}","{""type"": ""code""}"
15298,"{""type"": ""club""}","{""type"": ""club""}"
15299,"{""type"": ""position""}","{""type"": ""position""}"
15300,"{""type"": ""club""}","{""type"": ""club""}"
15301,"{""type"": ""category""}","{""type"": ""category""}"
15302,"{""type"": ""class""}","{""type"": ""class""}"
15303,"{""type"": ""location""}","{""type"": ""location""}"
15304,"{""type"": ""team""}","{""type"": ""team""}"
15305,"{""type"": ""rank""}","{""type"": ""rank""}"
15306,"{""type"": ""description""}","{""type"": ""description""}"
15307,"{""type"": ""company""}","{""type"": ""company""}"
15308,"{""type"": ""position""}","{""type"": ""position""}"
15309,"{""type"": ""team""}","{""type"": ""team""}"
15310,"{""type"": ""age""}","{""type"": ""age""}"
15311,"{""type"": ""category""}","{""type"": ""category""}"
15312,"{""type"": ""category""}","{""type"": ""category""}"
15313,"{""type"": ""category""}","{""type"": ""category""}"
15314,"{""type"": ""category""}","{""type"": ""category""}"
15315,"{""type"": ""category""}","{""type"": ""category""}"
15316,"{""type"": ""name""}","{""type"": ""name""}"
15317,"{""type"": ""affiliation""}","{""type"": ""affiliation""}"
15318,"{""type"": ""description""}","{""type"": ""description""}"
15319,"{""type"": ""state""}","{""type"": ""state""}"
15320,"{""type"": ""city""}","{""type"": ""city""}"
15321,"{""type"": ""age""}","{""type"": ""age""}"
15322,"{""type"": ""year""}","{""type"": ""year""}"
15323,"{""type"": ""city""}","{""type"": ""city""}"
15324,"{""type"": ""birthplace""}","{""type"": ""birthplace""}"
15325,"{""type"": ""name""}","{""type"": ""name""}"
15326,"{""type"": ""city""}","{""type"": ""city""}"
15327,"{""type"": ""city""}","{""type"": ""city""}"
15328,"{""type"": ""age""}","{""type"": ""age""}"
15329,"{""type"": ""status""}","{""type"": ""status""}"
15330,"{""type"": ""status""}","{""type"": ""status""}"
15331,"{""type"": ""sex""}","{""type"": ""sex""}"
15332,"{""type"": ""type""}","{""type"": ""type""}"
15333,"{""type"": ""description""}","{""type"": ""description""}"
15334,"{""type"": ""position""}","{""type"": ""position""}"
15335,"{""type"": ""weight""}","{""type"": ""weight""}"
15336,"{""type"": ""location""}","{""type"": ""city""}"
15337,"{""type"": ""location""}","{""type"": ""location""}"
15338,"{""type"": ""team""}","{""type"": ""team""}"
15339,"{""type"": ""city""}","{""type"": ""city""}"
15340,"{""type"": ""year""}","{""type"": ""year""}"
15341,"{""type"": ""year""}","{""type"": ""year""}"
15342,"{""type"": ""weight""}","{""type"": ""weight""}"
15343,"{""type"": ""rank""}","{""type"": ""rank""}"
15344,"{""type"": ""category""}","{""type"": ""category""}"
15345,"{""type"": ""name""}","{""type"": ""name""}"
15346,"{""type"": ""symbol""}","{""type"": ""symbol""}"
15347,"{""type"": ""duration""}","{""type"": ""duration""}"
15348,"{""type"": ""location""}","{""type"": ""city""}"
15349,"{""type"": ""city""}","{""type"": ""city""}"
15350,"{""type"": ""name""}","{""type"": ""name""}"
15351,"{""type"": ""code""}","{""type"": ""code""}"
15352,"{""type"": ""position""}","{""type"": ""position""}"
15353,"{""type"": ""description""}","{""type"": ""description""}"
15354,"{""type"": ""name""}","{""type"": ""name""}"
15355,"{""type"": ""owner""}","{""type"": ""owner""}"
15356,"{""type"": ""name""}","{""type"": ""name""}"
15357,"{""type"": ""team""}","{""type"": ""team""}"
15358,"{""type"": ""name""}","{""type"": ""name""}"
15359,"{""type"": ""age""}","{""type"": ""age""}"
15360,"{""type"": ""club""}","{""type"": ""club""}"
15361,"{""type"": ""plays""}","{""type"": ""plays""}"
15362,"{""type"": ""weight""}","{""type"": ""weight""}"
15363,"{""type"": ""name""}","{""type"": ""name""}"
15364,"{""type"": ""creator""}","{""type"": ""owner""}"
15365,"{""type"": ""rank""}","{""type"": ""rank""}"
15366,"{""type"": ""description""}","{""type"": ""description""}"
15367,"{""type"": ""code""}","{""type"": ""code""}"
15368,"{""type"": ""description""}","{""type"": ""description""}"
15369,"{""type"": ""name""}","{""type"": ""name""}"
15370,"{""type"": ""status""}","{""type"": ""status""}"
15371,"{""type"": ""team""}","{""type"": ""team""}"
15372,"{""type"": ""city""}","{""type"": ""city""}"
15373,"{""type"": ""city""}","{""type"": ""city""}"
15374,"{""type"": ""location""}","{""type"": ""location""}"
15375,"{""type"": ""company""}","{""type"": ""name""}"
15376,"{""type"": ""gender""}","{""type"": ""gender""}"
15377,"{""type"": ""rank""}","{""type"": ""rank""}"
15378,"{""type"": ""artist""}","{""type"": ""artist""}"
15379,"{""type"": ""class""}","{""type"": ""class""}"
15380,"{""type"": ""age""}","{""type"": ""age""}"
15381,"{""type"": ""type""}","{""type"": ""type""}"
15382,"{""type"": ""name""}","{""type"": ""name""}"
15383,"{""type"": ""rank""}","{""type"": ""rank""}"
15384,"{""type"": ""notes""}","{""type"": ""notes""}"
15385,"{""type"": ""duration""}","{""type"": ""duration""}"
15386,"{""type"": ""status""}","{""type"": ""status""}"
15387,"{""type"": ""description""}","{""type"": ""description""}"
15388,"{""type"": ""status""}","{""type"": ""status""}"
15389,"{""type"": ""name""}","{""type"": ""name""}"
15390,"{""type"": ""year""}","{""type"": ""year""}"
15391,"{""type"": ""rank""}","{""type"": ""rank""}"
15392,"{""type"": ""location""}","{""type"": ""city""}"
15393,"{""type"": ""name""}","{""type"": ""name""}"
15394,"{""type"": ""class""}","{""type"": ""notes""}"
15395,"{""type"": ""address""}","{""type"": ""address""}"
15396,"{""type"": ""name""}","{""type"": ""name""}"
15397,"{""type"": ""type""}","{""type"": ""type""}"
15398,"{""type"": ""name""}","{""type"": ""name""}"
15399,"{""type"": ""age""}","{""type"": ""age""}"
15400,"{""type"": ""rank""}","{""type"": ""rank""}"
15401,"{""type"": ""gender""}","{""type"": ""gender""}"
15402,"{""type"": ""state""}","{""type"": ""state""}"
15403,"{""type"": ""state""}","{""type"": ""state""}"
15404,"{""type"": ""state""}","{""type"": ""state""}"
15405,"{""type"": ""state""}","{""type"": ""state""}"
15406,"{""type"": ""state""}","{""type"": ""state""}"
15407,"{""type"": ""age""}","{""type"": ""age""}"
15408,"{""type"": ""location""}","{""type"": ""location""}"
15409,"{""type"": ""class""}","{""type"": ""class""}"
15410,"{""type"": ""name""}","{""type"": ""name""}"
15411,"{""type"": ""status""}","{""type"": ""status""}"
15412,"{""type"": ""description""}","{""type"": ""description""}"
15413,"{""type"": ""description""}","{""type"": ""description""}"
15414,"{""type"": ""location""}","{""type"": ""location""}"
15415,"{""type"": ""weight""}","{""type"": ""weight""}"
15416,"{""type"": ""name""}","{""type"": ""name""}"
15417,"{""type"": ""weight""}","{""type"": ""weight""}"
15418,"{""type"": ""name""}","{""type"": ""name""}"
15419,"{""type"": ""result""}","{""type"": ""result""}"
15420,"{""type"": ""status""}","{""type"": ""status""}"
15421,"{""type"": ""year""}","{""type"": ""year""}"
15422,"{""type"": ""age""}","{""type"": ""age""}"
15423,"{""type"": ""age""}","{""type"": ""age""}"
15424,"{""type"": ""age""}","{""type"": ""age""}"
15425,"{""type"": ""age""}","{""type"": ""age""}"
15426,"{""type"": ""age""}","{""type"": ""age""}"
15427,"{""type"": ""collection""}","{""type"": ""collection""}"
15428,"{""type"": ""description""}","{""type"": ""description""}"
15429,"{""type"": ""description""}","{""type"": ""description""}"
15430,"{""type"": ""type""}","{""type"": ""type""}"
15431,"{""type"": ""description""}","{""type"": ""description""}"
15432,"{""type"": ""state""}","{""type"": ""state""}"
15433,"{""type"": ""age""}","{""type"": ""age""}"
15434,"{""type"": ""city""}","{""type"": ""city""}"
15435,"{""type"": ""company""}","{""type"": ""company""}"
15436,"{""type"": ""year""}","{""type"": ""year""}"
15437,"{""type"": ""rank""}","{""type"": ""rank""}"
15438,"{""type"": ""name""}","{""type"": ""name""}"
15439,"{""type"": ""description""}","{""type"": ""description""}"
15440,"{""type"": ""sex""}","{""type"": ""sex""}"
15441,"{""type"": ""category""}","{""type"": ""category""}"
15442,"{""type"": ""collection""}","{""type"": ""collection""}"
15443,"{""type"": ""name""}","{""type"": ""name""}"
15444,"{""type"": ""team""}","{""type"": ""team""}"
15445,"{""type"": ""code""}","{""type"": ""code""}"
15446,"{""type"": ""company""}","{""type"": ""company""}"
15447,"{""type"": ""artist""}","{""type"": ""artist""}"
15448,"{""type"": ""name""}","{""type"": ""name""}"
15449,"{""type"": ""artist""}","{""type"": ""artist""}"
15450,"{""type"": ""country""}","{""type"": ""country""}"
15451,"{""type"": ""state""}","{""type"": ""state""}"
15452,"{""type"": ""code""}","{""type"": ""code""}"
15453,"{""type"": ""age""}","{""type"": ""age""}"
15454,"{""type"": ""weight""}","{""type"": ""weight""}"
15455,"{""type"": ""code""}","{""type"": ""code""}"
15456,"{""type"": ""location""}","{""type"": ""location""}"
15457,"{""type"": ""name""}","{""type"": ""name""}"
15458,"{""type"": ""status""}","{""type"": ""status""}"
15459,"{""type"": ""code""}","{""type"": ""code""}"
15460,"{""type"": ""city""}","{""type"": ""city""}"
15461,"{""type"": ""weight""}","{""type"": ""weight""}"
15462,"{""type"": ""name""}","{""type"": ""description""}"
15463,"{""type"": ""album""}","{""type"": ""artist""}"
15464,"{""type"": ""type""}","{""type"": ""type""}"
15465,"{""type"": ""category""}","{""type"": ""category""}"
15466,"{""type"": ""country""}","{""type"": ""country""}"
15467,"{""type"": ""position""}","{""type"": ""position""}"
15468,"{""type"": ""description""}","{""type"": ""description""}"
15469,"{""type"": ""description""}","{""type"": ""description""}"
15470,"{""type"": ""description""}","{""type"": ""description""}"
15471,"{""type"": ""description""}","{""type"": ""description""}"
15472,"{""type"": ""description""}","{""type"": ""description""}"
15473,"{""type"": ""description""}","{""type"": ""description""}"
15474,"{""type"": ""city""}","{""type"": ""city""}"
15475,"{""type"": ""description""}","{""type"": ""name""}"
15476,"{""type"": ""description""}","{""type"": ""description""}"
15477,"{""type"": ""category""}","{""type"": ""name""}"
15478,"{""type"": ""team""}","{""type"": ""team""}"
15479,"{""type"": ""code""}","{""type"": ""code""}"
15480,"{""type"": ""name""}","{""type"": ""name""}"
15481,"{""type"": ""state""}","{""type"": ""state""}"
15482,"{""type"": ""name""}","{""type"": ""name""}"
15483,"{""type"": ""year""}","{""type"": ""year""}"
15484,"{""type"": ""state""}","{""type"": ""state""}"
15485,"{""type"": ""location""}","{""type"": ""location""}"
15486,"{""type"": ""class""}","{""type"": ""class""}"
15487,"{""type"": ""code""}","{""type"": ""code""}"
15488,"{""type"": ""country""}","{""type"": ""country""}"
15489,"{""type"": ""weight""}","{""type"": ""weight""}"
15490,"{""type"": ""name""}","{""type"": ""name""}"
15491,"{""type"": ""club""}","{""type"": ""club""}"
15492,"{""type"": ""language""}","{""type"": ""language""}"
15493,"{""type"": ""age""}","{""type"": ""age""}"
15494,"{""type"": ""age""}","{""type"": ""age""}"
15495,"{""type"": ""type""}","{""type"": ""type""}"
15496,"{""type"": ""weight""}","{""type"": ""weight""}"
15497,"{""type"": ""city""}","{""type"": ""city""}"
15498,"{""type"": ""year""}","{""type"": ""year""}"
15499,"{""type"": ""description""}","{""type"": ""description""}"
15500,"{""type"": ""name""}","{""type"": ""name""}"
15501,"{""type"": ""city""}","{""type"": ""city""}"
15502,"{""type"": ""city""}","{""type"": ""city""}"
15503,"{""type"": ""city""}","{""type"": ""city""}"
15504,"{""type"": ""city""}","{""type"": ""city""}"
15505,"{""type"": ""city""}","{""type"": ""city""}"
15506,"{""type"": ""company""}","{""type"": ""company""}"
15507,"{""type"": ""name""}","{""type"": ""name""}"
15508,"{""type"": ""name""}","{""type"": ""name""}"
15509,"{""type"": ""city""}","{""type"": ""city""}"
15510,"{""type"": ""name""}","{""type"": ""name""}"
15511,"{""type"": ""class""}","{""type"": ""class""}"
15512,"{""type"": ""genre""}","{""type"": ""industry""}"
15513,"{""type"": ""description""}","{""type"": ""description""}"
15514,"{""type"": ""category""}","{""type"": ""category""}"
15515,"{""type"": ""class""}","{""type"": ""class""}"
15516,"{""type"": ""description""}","{""type"": ""description""}"
15517,"{""type"": ""description""}","{""type"": ""description""}"
15518,"{""type"": ""description""}","{""type"": ""description""}"
15519,"{""type"": ""description""}","{""type"": ""description""}"
15520,"{""type"": ""description""}","{""type"": ""description""}"
15521,"{""type"": ""code""}","{""type"": ""code""}"
15522,"{""type"": ""team""}","{""type"": ""team""}"
15523,"{""type"": ""name""}","{""type"": ""name""}"
15524,"{""type"": ""description""}","{""type"": ""description""}"
15525,"{""type"": ""name""}","{""type"": ""name""}"
15526,"{""type"": ""symbol""}","{""type"": ""name""}"
15527,"{""type"": ""location""}","{""type"": ""location""}"
15528,"{""type"": ""location""}","{""type"": ""location""}"
15529,"{""type"": ""manufacturer""}","{""type"": ""manufacturer""}"
15530,"{""type"": ""sex""}","{""type"": ""gender""}"
15531,"{""type"": ""code""}","{""type"": ""code""}"
15532,"{""type"": ""name""}","{""type"": ""name""}"
15533,"{""type"": ""description""}","{""type"": ""description""}"
15534,"{""type"": ""age""}","{""type"": ""age""}"
15535,"{""type"": ""rank""}","{""type"": ""rank""}"
15536,"{""type"": ""code""}","{""type"": ""code""}"
15537,"{""type"": ""age""}","{""type"": ""age""}"
15538,"{""type"": ""state""}","{""type"": ""state""}"
15539,"{""type"": ""code""}","{""type"": ""code""}"
15540,"{""type"": ""category""}","{""type"": ""category""}"
15541,"{""type"": ""description""}","{""type"": ""description""}"
15542,"{""type"": ""rank""}","{""type"": ""rank""}"
15543,"{""type"": ""rank""}","{""type"": ""rank""}"
15544,"{""type"": ""rank""}","{""type"": ""rank""}"
15545,"{""type"": ""rank""}","{""type"": ""rank""}"
15546,"{""type"": ""rank""}","{""type"": ""rank""}"
15547,"{""type"": ""position""}","{""type"": ""position""}"
15548,"{""type"": ""status""}","{""type"": ""status""}"
15549,"{""type"": ""name""}","{""type"": ""name""}"
15550,"{""type"": ""name""}","{""type"": ""name""}"
15551,"{""type"": ""age""}","{""type"": ""age""}"
15552,"{""type"": ""status""}","{""type"": ""status""}"
15553,"{""type"": ""name""}","{""type"": ""name""}"
15554,"{""type"": ""state""}","{""type"": ""state""}"
15555,"{""type"": ""state""}","{""type"": ""state""}"
15556,"{""type"": ""state""}","{""type"": ""state""}"
15557,"{""type"": ""state""}","{""type"": ""state""}"
15558,"{""type"": ""state""}","{""type"": ""state""}"
15559,"{""type"": ""status""}","{""type"": ""status""}"
15560,"{""type"": ""name""}","{""type"": ""name""}"
15561,"{""type"": ""notes""}","{""type"": ""notes""}"
15562,"{""type"": ""album""}","{""type"": ""album""}"
15563,"{""type"": ""collection""}","{""type"": ""collection""}"
15564,"{""type"": ""name""}","{""type"": ""name""}"
15565,"{""type"": ""year""}","{""type"": ""year""}"
15566,"{""type"": ""club""}","{""type"": ""club""}"
15567,"{""type"": ""weight""}","{""type"": ""weight""}"
15568,"{""type"": ""company""}","{""type"": ""company""}"
15569,"{""type"": ""description""}","{""type"": ""description""}"
15570,"{""type"": ""age""}","{""type"": ""age""}"
15571,"{""type"": ""name""}","{""type"": ""name""}"
15572,"{""type"": ""result""}","{""type"": ""result""}"
15573,"{""type"": ""album""}","{""type"": ""album""}"
15574,"{""type"": ""team""}","{""type"": ""team""}"
15575,"{""type"": ""name""}","{""type"": ""name""}"
15576,"{""type"": ""city""}","{""type"": ""city""}"
15577,"{""type"": ""city""}","{""type"": ""city""}"
15578,"{""type"": ""team""}","{""type"": ""team""}"
15579,"{""type"": ""age""}","{""type"": ""age""}"
15580,"{""type"": ""status""}","{""type"": ""status""}"
15581,"{""type"": ""status""}","{""type"": ""status""}"
15582,"{""type"": ""name""}","{""type"": ""name""}"
15583,"{""type"": ""weight""}","{""type"": ""weight""}"
15584,"{""type"": ""name""}","{""type"": ""name""}"
15585,"{""type"": ""weight""}","{""type"": ""weight""}"
15586,"{""type"": ""club""}","{""type"": ""club""}"
15587,"{""type"": ""year""}","{""type"": ""year""}"
15588,"{""type"": ""type""}","{""type"": ""type""}"
15589,"{""type"": ""album""}","{""type"": ""album""}"
15590,"{""type"": ""age""}","{""type"": ""age""}"
15591,"{""type"": ""location""}","{""type"": ""location""}"
15592,"{""type"": ""status""}","{""type"": ""status""}"
15593,"{""type"": ""status""}","{""type"": ""status""}"
15594,"{""type"": ""state""}","{""type"": ""state""}"
15595,"{""type"": ""weight""}","{""type"": ""weight""}"
15596,"{""type"": ""age""}","{""type"": ""age""}"
15597,"{""type"": ""weight""}","{""type"": ""weight""}"
15598,"{""type"": ""team""}","{""type"": ""team""}"
15599,"{""type"": ""name""}","{""type"": ""name""}"
15600,"{""type"": ""status""}","{""type"": ""status""}"
15601,"{""type"": ""country""}","{""type"": ""team""}"
15602,"{""type"": ""company""}","{""type"": ""company""}"
15603,"{""type"": ""location""}","{""type"": ""location""}"
15604,"{""type"": ""weight""}","{""type"": ""weight""}"
15605,"{""type"": ""city""}","{""type"": ""city""}"
15606,"{""type"": ""city""}","{""type"": ""city""}"
15607,"{""type"": ""city""}","{""type"": ""city""}"
15608,"{""type"": ""city""}","{""type"": ""city""}"
15609,"{""type"": ""city""}","{""type"": ""city""}"
15610,"{""type"": ""state""}","{""type"": ""state""}"
15611,"{""type"": ""city""}","{""type"": ""city""}"
15612,"{""type"": ""location""}","{""type"": ""location""}"
15613,"{""type"": ""name""}","{""type"": ""name""}"
15614,"{""type"": ""description""}","{""type"": ""description""}"
15615,"{""type"": ""city""}","{""type"": ""city""}"
15616,"{""type"": ""state""}","{""type"": ""state""}"
15617,"{""type"": ""age""}","{""type"": ""age""}"
15618,"{""type"": ""team""}","{""type"": ""team""}"
15619,"{""type"": ""city""}","{""type"": ""city""}"
15620,"{""type"": ""age""}","{""type"": ""age""}"
15621,"{""type"": ""location""}","{""type"": ""location""}"
15622,"{""type"": ""album""}","{""type"": ""album""}"
15623,"{""type"": ""company""}","{""type"": ""company""}"
15624,"{""type"": ""description""}","{""type"": ""description""}"
15625,"{""type"": ""name""}","{""type"": ""name""}"
15626,"{""type"": ""rank""}","{""type"": ""year""}"
15627,"{""type"": ""country""}","{""type"": ""team""}"
15628,"{""type"": ""country""}","{""type"": ""country""}"
15629,"{""type"": ""country""}","{""type"": ""team""}"
15630,"{""type"": ""country""}","{""type"": ""country""}"
15631,"{""type"": ""country""}","{""type"": ""team""}"
15632,"{""type"": ""weight""}","{""type"": ""weight""}"
15633,"{""type"": ""description""}","{""type"": ""description""}"
15634,"{""type"": ""city""}","{""type"": ""city""}"
15635,"{""type"": ""name""}","{""type"": ""name""}"
15636,"{""type"": ""rank""}","{""type"": ""rank""}"
15637,"{""type"": ""position""}","{""type"": ""position""}"
15638,"{""type"": ""name""}","{""type"": ""name""}"
15639,"{""type"": ""team""}","{""type"": ""team""}"
15640,"{""type"": ""nationality""}","{""type"": ""country""}"
15641,"{""type"": ""club""}","{""type"": ""club""}"
15642,"{""type"": ""code""}","{""type"": ""code""}"
15643,"{""type"": ""artist""}","{""type"": ""artist""}"
15644,"{""type"": ""artist""}","{""type"": ""artist""}"
15645,"{""type"": ""description""}","{""type"": ""description""}"
15646,"{""type"": ""team""}","{""type"": ""team""}"
15647,"{""type"": ""category""}","{""type"": ""category""}"
15648,"{""type"": ""code""}","{""type"": ""code""}"
15649,"{""type"": ""location""}","{""type"": ""location""}"
15650,"{""type"": ""weight""}","{""type"": ""weight""}"
15651,"{""type"": ""status""}","{""type"": ""status""}"
15652,"{""type"": ""category""}","{""type"": ""category""}"
15653,"{""type"": ""state""}","{""type"": ""state""}"
15654,"{""type"": ""position""}","{""type"": ""rank""}"
15655,"{""type"": ""club""}","{""type"": ""club""}"
15656,"{""type"": ""category""}","{""type"": ""category""}"
15657,"{""type"": ""code""}","{""type"": ""code""}"
15658,"{""type"": ""state""}","{""type"": ""state""}"
15659,"{""type"": ""code""}","{""type"": ""code""}"
15660,"{""type"": ""category""}","{""type"": ""category""}"
15661,"{""type"": ""age""}","{""type"": ""age""}"
15662,"{""type"": ""result""}","{""type"": ""result""}"
15663,"{""type"": ""result""}","{""type"": ""result""}"
15664,"{""type"": ""result""}","{""type"": ""result""}"
15665,"{""type"": ""result""}","{""type"": ""result""}"
15666,"{""type"": ""result""}","{""type"": ""result""}"
15667,"{""type"": ""name""}","{""type"": ""name""}"
15668,"{""type"": ""age""}","{""type"": ""age""}"
15669,"{""type"": ""symbol""}","{""type"": ""symbol""}"
15670,"{""type"": ""description""}","{""type"": ""description""}"
15671,"{""type"": ""state""}","{""type"": ""state""}"
15672,"{""type"": ""name""}","{""type"": ""name""}"
15673,"{""type"": ""weight""}","{""type"": ""weight""}"
15674,"{""type"": ""weight""}","{""type"": ""weight""}"
15675,"{""type"": ""description""}","{""type"": ""description""}"
15676,"{""type"": ""name""}","{""type"": ""name""}"
15677,"{""type"": ""weight""}","{""type"": ""weight""}"
15678,"{""type"": ""type""}","{""type"": ""type""}"
15679,"{""type"": ""country""}","{""type"": ""country""}"
15680,"{""type"": ""description""}","{""type"": ""description""}"
15681,"{""type"": ""notes""}","{""type"": ""notes""}"
15682,"{""type"": ""notes""}","{""type"": ""notes""}"
15683,"{""type"": ""county""}","{""type"": ""county""}"
15684,"{""type"": ""city""}","{""type"": ""city""}"
15685,"{""type"": ""city""}","{""type"": ""city""}"
15686,"{""type"": ""year""}","{""type"": ""class""}"
15687,"{""type"": ""status""}","{""type"": ""status""}"
15688,"{""type"": ""code""}","{""type"": ""code""}"
15689,"{""type"": ""name""}","{""type"": ""name""}"
15690,"{""type"": ""name""}","{""type"": ""name""}"
15691,"{""type"": ""name""}","{""type"": ""name""}"
15692,"{""type"": ""name""}","{""type"": ""name""}"
15693,"{""type"": ""name""}","{""type"": ""name""}"
15694,"{""type"": ""team""}","{""type"": ""team""}"
15695,"{""type"": ""code""}","{""type"": ""code""}"
15696,"{""type"": ""rank""}","{""type"": ""rank""}"
15697,"{""type"": ""rank""}","{""type"": ""rank""}"
15698,"{""type"": ""weight""}","{""type"": ""weight""}"
15699,"{""type"": ""city""}","{""type"": ""city""}"
15700,"{""type"": ""age""}","{""type"": ""age""}"
15701,"{""type"": ""category""}","{""type"": ""category""}"
15702,"{""type"": ""code""}","{""type"": ""code""}"
15703,"{""type"": ""name""}","{""type"": ""name""}"
15704,"{""type"": ""company""}","{""type"": ""name""}"
15705,"{""type"": ""format""}","{""type"": ""type""}"
15706,"{""type"": ""city""}","{""type"": ""city""}"
15707,"{""type"": ""description""}","{""type"": ""description""}"
15708,"{""type"": ""name""}","{""type"": ""name""}"
15709,"{""type"": ""collection""}","{""type"": ""collection""}"
15710,"{""type"": ""description""}","{""type"": ""description""}"
15711,"{""type"": ""age""}","{""type"": ""age""}"
15712,"{""type"": ""artist""}","{""type"": ""artist""}"
15713,"{""type"": ""age""}","{""type"": ""year""}"
15714,"{""type"": ""description""}","{""type"": ""description""}"
15715,"{""type"": ""state""}","{""type"": ""state""}"
15716,"{""type"": ""team""}","{""type"": ""team""}"
15717,"{""type"": ""team""}","{""type"": ""team""}"
15718,"{""type"": ""weight""}","{""type"": ""weight""}"
15719,"{""type"": ""state""}","{""type"": ""state""}"
15720,"{""type"": ""album""}","{""type"": ""album""}"
15721,"{""type"": ""company""}","{""type"": ""company""}"
15722,"{""type"": ""position""}","{""type"": ""position""}"
15723,"{""type"": ""result""}","{""type"": ""result""}"
15724,"{""type"": ""city""}","{""type"": ""location""}"
15725,"{""type"": ""company""}","{""type"": ""company""}"
15726,"{""type"": ""album""}","{""type"": ""album""}"
15727,"{""type"": ""brand""}","{""type"": ""brand""}"
15728,"{""type"": ""brand""}","{""type"": ""brand""}"
15729,"{""type"": ""brand""}","{""type"": ""brand""}"
15730,"{""type"": ""brand""}","{""type"": ""brand""}"
15731,"{""type"": ""brand""}","{""type"": ""brand""}"
15732,"{""type"": ""weight""}","{""type"": ""plays""}"
15733,"{""type"": ""name""}","{""type"": ""name""}"
15734,"{""type"": ""code""}","{""type"": ""code""}"
15735,"{""type"": ""name""}","{""type"": ""name""}"
15736,"{""type"": ""description""}","{""type"": ""description""}"
15737,"{""type"": ""type""}","{""type"": ""type""}"
15738,"{""type"": ""state""}","{""type"": ""state""}"
15739,"{""type"": ""year""}","{""type"": ""year""}"
15740,"{""type"": ""team""}","{""type"": ""team""}"
15741,"{""type"": ""city""}","{""type"": ""city""}"
15742,"{""type"": ""genre""}","{""type"": ""genre""}"
15743,"{""type"": ""description""}","{""type"": ""description""}"
15744,"{""type"": ""artist""}","{""type"": ""artist""}"
15745,"{""type"": ""rank""}","{""type"": ""rank""}"
15746,"{""type"": ""team""}","{""type"": ""teamname""}"
15747,"{""type"": ""artist""}","{""type"": ""artist""}"
15748,"{""type"": ""genre""}","{""type"": ""genre""}"
15749,"{""type"": ""age""}","{""type"": ""age""}"
15750,"{""type"": ""age""}","{""type"": ""age""}"
15751,"{""type"": ""age""}","{""type"": ""age""}"
15752,"{""type"": ""age""}","{""type"": ""age""}"
15753,"{""type"": ""age""}","{""type"": ""age""}"
15754,"{""type"": ""city""}","{""type"": ""city""}"
15755,"{""type"": ""year""}","{""type"": ""class""}"
15756,"{""type"": ""year""}","{""type"": ""year""}"
15757,"{""type"": ""address""}","{""type"": ""address""}"
15758,"{""type"": ""age""}","{""type"": ""age""}"
15759,"{""type"": ""status""}","{""type"": ""status""}"
15760,"{""type"": ""year""}","{""type"": ""year""}"
15761,"{""type"": ""year""}","{""type"": ""year""}"
15762,"{""type"": ""year""}","{""type"": ""rank""}"
15763,"{""type"": ""year""}","{""type"": ""rank""}"
15764,"{""type"": ""year""}","{""type"": ""position""}"
15765,"{""type"": ""location""}","{""type"": ""location""}"
15766,"{""type"": ""weight""}","{""type"": ""weight""}"
15767,"{""type"": ""state""}","{""type"": ""state""}"
15768,"{""type"": ""status""}","{""type"": ""status""}"
15769,"{""type"": ""publisher""}","{""type"": ""publisher""}"
15770,"{""type"": ""category""}","{""type"": ""category""}"
15771,"{""type"": ""code""}","{""type"": ""code""}"
15772,"{""type"": ""artist""}","{""type"": ""artist""}"
15773,"{""type"": ""format""}","{""type"": ""format""}"
15774,"{""type"": ""company""}","{""type"": ""company""}"
15775,"{""type"": ""name""}","{""type"": ""name""}"
15776,"{""type"": ""company""}","{""type"": ""company""}"
15777,"{""type"": ""category""}","{""type"": ""category""}"
15778,"{""type"": ""company""}","{""type"": ""company""}"
15779,"{""type"": ""name""}","{""type"": ""name""}"
15780,"{""type"": ""team""}","{""type"": ""teamname""}"
15781,"{""type"": ""name""}","{""type"": ""name""}"
15782,"{""type"": ""name""}","{""type"": ""name""}"
15783,"{""type"": ""name""}","{""type"": ""name""}"
15784,"{""type"": ""description""}","{""type"": ""description""}"
15785,"{""type"": ""description""}","{""type"": ""description""}"
15786,"{""type"": ""name""}","{""type"": ""name""}"
15787,"{""type"": ""team""}","{""type"": ""team""}"
15788,"{""type"": ""state""}","{""type"": ""state""}"
15789,"{""type"": ""rank""}","{""type"": ""rank""}"
15790,"{""type"": ""elevation""}","{""type"": ""elevation""}"
15791,"{""type"": ""album""}","{""type"": ""album""}"
15792,"{""type"": ""elevation""}","{""type"": ""elevation""}"
15793,"{""type"": ""city""}","{""type"": ""city""}"
15794,"{""type"": ""type""}","{""type"": ""type""}"
15795,"{""type"": ""type""}","{""type"": ""category""}"
15796,"{""type"": ""rank""}","{""type"": ""rank""}"
15797,"{""type"": ""category""}","{""type"": ""category""}"
15798,"{""type"": ""year""}","{""type"": ""year""}"
15799,"{""type"": ""category""}","{""type"": ""category""}"
15800,"{""type"": ""weight""}","{""type"": ""weight""}"
15801,"{""type"": ""age""}","{""type"": ""age""}"
15802,"{""type"": ""symbol""}","{""type"": ""symbol""}"
15803,"{""type"": ""description""}","{""type"": ""description""}"
15804,"{""type"": ""company""}","{""type"": ""company""}"
15805,"{""type"": ""class""}","{""type"": ""class""}"
15806,"{""type"": ""team""}","{""type"": ""team""}"
15807,"{""type"": ""class""}","{""type"": ""class""}"
15808,"{""type"": ""teamname""}","{""type"": ""teamname""}"
15809,"{""type"": ""city""}","{""type"": ""city""}"
15810,"{""type"": ""year""}","{""type"": ""year""}"
15811,"{""type"": ""city""}","{""type"": ""city""}"
15812,"{""type"": ""result""}","{""type"": ""result""}"
15813,"{""type"": ""rank""}","{""type"": ""sales""}"
15814,"{""type"": ""result""}","{""type"": ""status""}"
15815,"{""type"": ""weight""}","{""type"": ""weight""}"
15816,"{""type"": ""status""}","{""type"": ""status""}"
15817,"{""type"": ""artist""}","{""type"": ""artist""}"
15818,"{""type"": ""weight""}","{""type"": ""weight""}"
15819,"{""type"": ""name""}","{""type"": ""name""}"
15820,"{""type"": ""location""}","{""type"": ""location""}"
15821,"{""type"": ""age""}","{""type"": ""age""}"
15822,"{""type"": ""type""}","{""type"": ""type""}"
15823,"{""type"": ""code""}","{""type"": ""code""}"
15824,"{""type"": ""artist""}","{""type"": ""artist""}"
15825,"{""type"": ""club""}","{""type"": ""club""}"
15826,"{""type"": ""state""}","{""type"": ""state""}"
15827,"{""type"": ""year""}","{""type"": ""year""}"
15828,"{""type"": ""description""}","{""type"": ""description""}"
15829,"{""type"": ""team""}","{""type"": ""team""}"
15830,"{""type"": ""artist""}","{""type"": ""artist""}"
15831,"{""type"": ""code""}","{""type"": ""code""}"
15832,"{""type"": ""description""}","{""type"": ""description""}"
15833,"{""type"": ""description""}","{""type"": ""description""}"
15834,"{""type"": ""teamname""}","{""type"": ""country""}"
15835,"{""type"": ""description""}","{""type"": ""description""}"
15836,"{""type"": ""name""}","{""type"": ""name""}"
15837,"{""type"": ""city""}","{""type"": ""city""}"
15838,"{""type"": ""album""}","{""type"": ""artist""}"
15839,"{""type"": ""year""}","{""type"": ""year""}"
15840,"{""type"": ""name""}","{""type"": ""name""}"
15841,"{""type"": ""status""}","{""type"": ""status""}"
15842,"{""type"": ""type""}","{""type"": ""type""}"
15843,"{""type"": ""age""}","{""type"": ""age""}"
15844,"{""type"": ""county""}","{""type"": ""county""}"
15845,"{""type"": ""name""}","{""type"": ""company""}"
15846,"{""type"": ""location""}","{""type"": ""club""}"
15847,"{""type"": ""age""}","{""type"": ""age""}"
15848,"{""type"": ""name""}","{""type"": ""name""}"
15849,"{""type"": ""weight""}","{""type"": ""weight""}"
15850,"{""type"": ""year""}","{""type"": ""year""}"
15851,"{""type"": ""description""}","{""type"": ""description""}"
15852,"{""type"": ""age""}","{""type"": ""age""}"
15853,"{""type"": ""state""}","{""type"": ""state""}"
15854,"{""type"": ""type""}","{""type"": ""type""}"
15855,"{""type"": ""type""}","{""type"": ""type""}"
15856,"{""type"": ""state""}","{""type"": ""state""}"
15857,"{""type"": ""description""}","{""type"": ""description""}"
15858,"{""type"": ""age""}","{""type"": ""age""}"
15859,"{""type"": ""position""}","{""type"": ""position""}"
15860,"{""type"": ""description""}","{""type"": ""description""}"
15861,"{""type"": ""age""}","{""type"": ""age""}"
15862,"{""type"": ""name""}","{""type"": ""name""}"
15863,"{""type"": ""result""}","{""type"": ""result""}"
15864,"{""type"": ""weight""}","{""type"": ""position""}"
15865,"{""type"": ""type""}","{""type"": ""type""}"
15866,"{""type"": ""artist""}","{""type"": ""artist""}"
15867,"{""type"": ""category""}","{""type"": ""category""}"
15868,"{""type"": ""year""}","{""type"": ""year""}"
15869,"{""type"": ""name""}","{""type"": ""name""}"
15870,"{""type"": ""type""}","{""type"": ""type""}"
15871,"{""type"": ""name""}","{""type"": ""name""}"
15872,"{""type"": ""type""}","{""type"": ""type""}"
15873,"{""type"": ""artist""}","{""type"": ""album""}"
15874,"{""type"": ""type""}","{""type"": ""type""}"
15875,"{""type"": ""team""}","{""type"": ""team""}"
15876,"{""type"": ""state""}","{""type"": ""state""}"
15877,"{""type"": ""team""}","{""type"": ""team""}"
15878,"{""type"": ""name""}","{""type"": ""name""}"
15879,"{""type"": ""year""}","{""type"": ""year""}"
15880,"{""type"": ""description""}","{""type"": ""description""}"
15881,"{""type"": ""name""}","{""type"": ""name""}"
15882,"{""type"": ""country""}","{""type"": ""country""}"
15883,"{""type"": ""country""}","{""type"": ""country""}"
15884,"{""type"": ""country""}","{""type"": ""country""}"
15885,"{""type"": ""country""}","{""type"": ""country""}"
15886,"{""type"": ""country""}","{""type"": ""country""}"
15887,"{""type"": ""age""}","{""type"": ""age""}"
15888,"{""type"": ""origin""}","{""type"": ""origin""}"
15889,"{""type"": ""symbol""}","{""type"": ""symbol""}"
15890,"{""type"": ""album""}","{""type"": ""album""}"
15891,"{""type"": ""age""}","{""type"": ""age""}"
15892,"{""type"": ""description""}","{""type"": ""description""}"
15893,"{""type"": ""state""}","{""type"": ""state""}"
15894,"{""type"": ""company""}","{""type"": ""company""}"
15895,"{""type"": ""rank""}","{""type"": ""rank""}"
15896,"{""type"": ""class""}","{""type"": ""class""}"
15897,"{""type"": ""rank""}","{""type"": ""ranking""}"
15898,"{""type"": ""code""}","{""type"": ""code""}"
15899,"{""type"": ""status""}","{""type"": ""status""}"
15900,"{""type"": ""position""}","{""type"": ""rank""}"
15901,"{""type"": ""rank""}","{""type"": ""rank""}"
15902,"{""type"": ""age""}","{""type"": ""age""}"
15903,"{""type"": ""teamname""}","{""type"": ""teamname""}"
15904,"{""type"": ""city""}","{""type"": ""city""}"
15905,"{""type"": ""city""}","{""type"": ""city""}"
15906,"{""type"": ""city""}","{""type"": ""city""}"
15907,"{""type"": ""city""}","{""type"": ""city""}"
15908,"{""type"": ""city""}","{""type"": ""location""}"
15909,"{""type"": ""age""}","{""type"": ""age""}"
15910,"{""type"": ""age""}","{""type"": ""age""}"
15911,"{""type"": ""description""}","{""type"": ""description""}"
15912,"{""type"": ""plays""}","{""type"": ""plays""}"
15913,"{""type"": ""state""}","{""type"": ""state""}"
15914,"{""type"": ""year""}","{""type"": ""year""}"
15915,"{""type"": ""age""}","{""type"": ""age""}"
15916,"{""type"": ""type""}","{""type"": ""type""}"
15917,"{""type"": ""weight""}","{""type"": ""weight""}"
15918,"{""type"": ""type""}","{""type"": ""type""}"
15919,"{""type"": ""type""}","{""type"": ""type""}"
15920,"{""type"": ""category""}","{""type"": ""category""}"
15921,"{""type"": ""rank""}","{""type"": ""rank""}"
15922,"{""type"": ""rank""}","{""type"": ""rank""}"
15923,"{""type"": ""rank""}","{""type"": ""rank""}"
15924,"{""type"": ""rank""}","{""type"": ""rank""}"
15925,"{""type"": ""rank""}","{""type"": ""rank""}"
15926,"{""type"": ""gender""}","{""type"": ""gender""}"
15927,"{""type"": ""description""}","{""type"": ""description""}"
15928,"{""type"": ""description""}","{""type"": ""description""}"
15929,"{""type"": ""name""}","{""type"": ""name""}"
15930,"{""type"": ""notes""}","{""type"": ""notes""}"
15931,"{""type"": ""location""}","{""type"": ""location""}"
15932,"{""type"": ""name""}","{""type"": ""name""}"
15933,"{""type"": ""description""}","{""type"": ""description""}"
15934,"{""type"": ""city""}","{""type"": ""city""}"
15935,"{""type"": ""description""}","{""type"": ""description""}"
15936,"{""type"": ""team""}","{""type"": ""club""}"
15937,"{""type"": ""team""}","{""type"": ""team""}"
15938,"{""type"": ""weight""}","{""type"": ""weight""}"
15939,"{""type"": ""location""}","{""type"": ""location""}"
15940,"{""type"": ""type""}","{""type"": ""type""}"
15941,"{""type"": ""year""}","{""type"": ""year""}"
15942,"{""type"": ""name""}","{""type"": ""name""}"
15943,"{""type"": ""name""}","{""type"": ""name""}"
15944,"{""type"": ""city""}","{""type"": ""city""}"
15945,"{""type"": ""location""}","{""type"": ""location""}"
15946,"{""type"": ""description""}","{""type"": ""description""}"
15947,"{""type"": ""city""}","{""type"": ""city""}"
15948,"{""type"": ""year""}","{""type"": ""year""}"
15949,"{""type"": ""elevation""}","{""type"": ""elevation""}"
15950,"{""type"": ""age""}","{""type"": ""age""}"
15951,"{""type"": ""description""}","{""type"": ""name""}"
15952,"{""type"": ""age""}","{""type"": ""age""}"
15953,"{""type"": ""year""}","{""type"": ""year""}"
15954,"{""type"": ""company""}","{""type"": ""company""}"
15955,"{""type"": ""symbol""}","{""type"": ""symbol""}"
15956,"{""type"": ""state""}","{""type"": ""state""}"
15957,"{""type"": ""state""}","{""type"": ""state""}"
15958,"{""type"": ""state""}","{""type"": ""state""}"
15959,"{""type"": ""state""}","{""type"": ""state""}"
15960,"{""type"": ""state""}","{""type"": ""state""}"
15961,"{""type"": ""state""}","{""type"": ""state""}"
15962,"{""type"": ""club""}","{""type"": ""club""}"
15963,"{""type"": ""state""}","{""type"": ""state""}"
15964,"{""type"": ""state""}","{""type"": ""state""}"
15965,"{""type"": ""state""}","{""type"": ""state""}"
15966,"{""type"": ""state""}","{""type"": ""state""}"
15967,"{""type"": ""state""}","{""type"": ""state""}"
15968,"{""type"": ""country""}","{""type"": ""country""}"
15969,"{""type"": ""name""}","{""type"": ""name""}"
15970,"{""type"": ""name""}","{""type"": ""name""}"
15971,"{""type"": ""name""}","{""type"": ""name""}"
15972,"{""type"": ""name""}","{""type"": ""name""}"
15973,"{""type"": ""name""}","{""type"": ""name""}"
15974,"{""type"": ""description""}","{""type"": ""description""}"
15975,"{""type"": ""album""}","{""type"": ""format""}"
15976,"{""type"": ""age""}","{""type"": ""age""}"
15977,"{""type"": ""origin""}","{""type"": ""origin""}"
15978,"{""type"": ""team""}","{""type"": ""team""}"
15979,"{""type"": ""team""}","{""type"": ""team""}"
15980,"{""type"": ""team""}","{""type"": ""team""}"
15981,"{""type"": ""team""}","{""type"": ""club""}"
15982,"{""type"": ""team""}","{""type"": ""team""}"
15983,"{""type"": ""description""}","{""type"": ""description""}"
15984,"{""type"": ""class""}","{""type"": ""class""}"
15985,"{""type"": ""state""}","{""type"": ""state""}"
15986,"{""type"": ""county""}","{""type"": ""county""}"
15987,"{""type"": ""club""}","{""type"": ""club""}"
15988,"{""type"": ""name""}","{""type"": ""name""}"
15989,"{""type"": ""state""}","{""type"": ""state""}"
15990,"{""type"": ""state""}","{""type"": ""state""}"
15991,"{""type"": ""state""}","{""type"": ""state""}"
15992,"{""type"": ""state""}","{""type"": ""state""}"
15993,"{""type"": ""state""}","{""type"": ""state""}"
15994,"{""type"": ""location""}","{""type"": ""location""}"
15995,"{""type"": ""name""}","{""type"": ""name""}"
15996,"{""type"": ""name""}","{""type"": ""name""}"
15997,"{""type"": ""name""}","{""type"": ""name""}"
15998,"{""type"": ""name""}","{""type"": ""name""}"
15999,"{""type"": ""name""}","{""type"": ""name""}"
16000,"{""type"": ""position""}","{""type"": ""position""}"
16001,"{""type"": ""language""}","{""type"": ""language""}"
16002,"{""type"": ""state""}","{""type"": ""state""}"
16003,"{""type"": ""city""}","{""type"": ""city""}"
16004,"{""type"": ""status""}","{""type"": ""status""}"
16005,"{""type"": ""status""}","{""type"": ""status""}"
16006,"{""type"": ""status""}","{""type"": ""status""}"
16007,"{""type"": ""status""}","{""type"": ""status""}"
16008,"{""type"": ""status""}","{""type"": ""status""}"
16009,"{""type"": ""status""}","{""type"": ""status""}"
16010,"{""type"": ""status""}","{""type"": ""status""}"
16011,"{""type"": ""name""}","{""type"": ""name""}"
16012,"{""type"": ""description""}","{""type"": ""description""}"
16013,"{""type"": ""description""}","{""type"": ""description""}"
16014,"{""type"": ""description""}","{""type"": ""description""}"
16015,"{""type"": ""publisher""}","{""type"": ""publisher""}"
16016,"{""type"": ""name""}","{""type"": ""name""}"
16017,"{""type"": ""name""}","{""type"": ""name""}"
16018,"{""type"": ""city""}","{""type"": ""city""}"
16019,"{""type"": ""category""}","{""type"": ""category""}"
16020,"{""type"": ""year""}","{""type"": ""year""}"
16021,"{""type"": ""description""}","{""type"": ""description""}"
16022,"{""type"": ""description""}","{""type"": ""description""}"
16023,"{""type"": ""result""}","{""type"": ""description""}"
16024,"{""type"": ""weight""}","{""type"": ""weight""}"
16025,"{""type"": ""weight""}","{""type"": ""weight""}"
16026,"{""type"": ""type""}","{""type"": ""status""}"
16027,"{""type"": ""album""}","{""type"": ""album""}"
16028,"{""type"": ""album""}","{""type"": ""album""}"
16029,"{""type"": ""type""}","{""type"": ""type""}"
16030,"{""type"": ""name""}","{""type"": ""name""}"
16031,"{""type"": ""code""}","{""type"": ""code""}"
16032,"{""type"": ""description""}","{""type"": ""description""}"
16033,"{""type"": ""city""}","{""type"": ""city""}"
16034,"{""type"": ""club""}","{""type"": ""club""}"
16035,"{""type"": ""country""}","{""type"": ""industry""}"
16036,"{""type"": ""name""}","{""type"": ""name""}"
16037,"{""type"": ""name""}","{""type"": ""name""}"
16038,"{""type"": ""name""}","{""type"": ""name""}"
16039,"{""type"": ""name""}","{""type"": ""name""}"
16040,"{""type"": ""name""}","{""type"": ""name""}"
16041,"{""type"": ""category""}","{""type"": ""category""}"
16042,"{""type"": ""city""}","{""type"": ""city""}"
16043,"{""type"": ""result""}","{""type"": ""result""}"
16044,"{""type"": ""name""}","{""type"": ""name""}"
16045,"{""type"": ""rank""}","{""type"": ""rank""}"
16046,"{""type"": ""rank""}","{""type"": ""rank""}"
16047,"{""type"": ""rank""}","{""type"": ""rank""}"
16048,"{""type"": ""rank""}","{""type"": ""rank""}"
16049,"{""type"": ""rank""}","{""type"": ""rank""}"
16050,"{""type"": ""state""}","{""type"": ""state""}"
16051,"{""type"": ""weight""}","{""type"": ""weight""}"
16052,"{""type"": ""artist""}","{""type"": ""artist""}"
16053,"{""type"": ""location""}","{""type"": ""location""}"
16054,"{""type"": ""weight""}","{""type"": ""weight""}"
16055,"{""type"": ""description""}","{""type"": ""description""}"
16056,"{""type"": ""notes""}","{""type"": ""notes""}"
16057,"{""type"": ""company""}","{""type"": ""company""}"
16058,"{""type"": ""description""}","{""type"": ""description""}"
16059,"{""type"": ""city""}","{""type"": ""name""}"
16060,"{""type"": ""position""}","{""type"": ""position""}"
16061,"{""type"": ""location""}","{""type"": ""location""}"
16062,"{""type"": ""album""}","{""type"": ""album""}"
16063,"{""type"": ""age""}","{""type"": ""age""}"
16064,"{""type"": ""status""}","{""type"": ""status""}"
16065,"{""type"": ""company""}","{""type"": ""company""}"
16066,"{""type"": ""name""}","{""type"": ""name""}"
16067,"{""type"": ""weight""}","{""type"": ""weight""}"
16068,"{""type"": ""description""}","{""type"": ""description""}"
16069,"{""type"": ""description""}","{""type"": ""description""}"
16070,"{""type"": ""year""}","{""type"": ""year""}"
16071,"{""type"": ""name""}","{""type"": ""name""}"
16072,"{""type"": ""team""}","{""type"": ""team""}"
16073,"{""type"": ""name""}","{""type"": ""name""}"
16074,"{""type"": ""age""}","{""type"": ""age""}"
16075,"{""type"": ""status""}","{""type"": ""status""}"
16076,"{""type"": ""name""}","{""type"": ""name""}"
16077,"{""type"": ""name""}","{""type"": ""name""}"
16078,"{""type"": ""description""}","{""type"": ""city""}"
16079,"{""type"": ""type""}","{""type"": ""type""}"
16080,"{""type"": ""age""}","{""type"": ""age""}"
16081,"{""type"": ""company""}","{""type"": ""company""}"
16082,"{""type"": ""state""}","{""type"": ""state""}"
16083,"{""type"": ""gender""}","{""type"": ""gender""}"
16084,"{""type"": ""status""}","{""type"": ""status""}"
16085,"{""type"": ""status""}","{""type"": ""status""}"
16086,"{""type"": ""owner""}","{""type"": ""owner""}"
16087,"{""type"": ""weight""}","{""type"": ""weight""}"
16088,"{""type"": ""name""}","{""type"": ""name""}"
16089,"{""type"": ""address""}","{""type"": ""address""}"
16090,"{""type"": ""location""}","{""type"": ""city""}"
16091,"{""type"": ""description""}","{""type"": ""description""}"
16092,"{""type"": ""code""}","{""type"": ""code""}"
16093,"{""type"": ""name""}","{""type"": ""name""}"
16094,"{""type"": ""symbol""}","{""type"": ""symbol""}"
16095,"{""type"": ""description""}","{""type"": ""description""}"
16096,"{""type"": ""country""}","{""type"": ""country""}"
16097,"{""type"": ""country""}","{""type"": ""country""}"
16098,"{""type"": ""country""}","{""type"": ""country""}"
16099,"{""type"": ""country""}","{""type"": ""country""}"
16100,"{""type"": ""country""}","{""type"": ""country""}"
16101,"{""type"": ""type""}","{""type"": ""type""}"
16102,"{""type"": ""year""}","{""type"": ""year""}"
16103,"{""type"": ""team""}","{""type"": ""team""}"
16104,"{""type"": ""name""}","{""type"": ""name""}"
16105,"{""type"": ""state""}","{""type"": ""state""}"
16106,"{""type"": ""address""}","{""type"": ""address""}"
16107,"{""type"": ""description""}","{""type"": ""description""}"
16108,"{""type"": ""year""}","{""type"": ""year""}"
16109,"{""type"": ""weight""}","{""type"": ""weight""}"
16110,"{""type"": ""club""}","{""type"": ""club""}"
16111,"{""type"": ""category""}","{""type"": ""category""}"
16112,"{""type"": ""state""}","{""type"": ""state""}"
16113,"{""type"": ""age""}","{""type"": ""description""}"
16114,"{""type"": ""club""}","{""type"": ""club""}"
16115,"{""type"": ""symbol""}","{""type"": ""symbol""}"
16116,"{""type"": ""name""}","{""type"": ""name""}"
16117,"{""type"": ""name""}","{""type"": ""name""}"
16118,"{""type"": ""description""}","{""type"": ""description""}"
16119,"{""type"": ""status""}","{""type"": ""status""}"
16120,"{""type"": ""country""}","{""type"": ""country""}"
16121,"{""type"": ""result""}","{""type"": ""result""}"
16122,"{""type"": ""age""}","{""type"": ""age""}"
16123,"{""type"": ""team""}","{""type"": ""team""}"
16124,"{""type"": ""code""}","{""type"": ""code""}"
16125,"{""type"": ""team""}","{""type"": ""team""}"
16126,"{""type"": ""weight""}","{""type"": ""weight""}"
16127,"{""type"": ""year""}","{""type"": ""year""}"
16128,"{""type"": ""team""}","{""type"": ""team""}"
16129,"{""type"": ""state""}","{""type"": ""state""}"
16130,"{""type"": ""weight""}","{""type"": ""weight""}"
16131,"{""type"": ""year""}","{""type"": ""year""}"
16132,"{""type"": ""age""}","{""type"": ""age""}"
16133,"{""type"": ""age""}","{""type"": ""age""}"
16134,"{""type"": ""age""}","{""type"": ""age""}"
16135,"{""type"": ""age""}","{""type"": ""age""}"
16136,"{""type"": ""age""}","{""type"": ""age""}"
16137,"{""type"": ""name""}","{""type"": ""name""}"
16138,"{""type"": ""city""}","{""type"": ""city""}"
16139,"{""type"": ""album""}","{""type"": ""album""}"
16140,"{""type"": ""city""}","{""type"": ""city""}"
16141,"{""type"": ""state""}","{""type"": ""state""}"
16142,"{""type"": ""notes""}","{""type"": ""notes""}"
16143,"{""type"": ""type""}","{""type"": ""type""}"
16144,"{""type"": ""position""}","{""type"": ""position""}"
16145,"{""type"": ""weight""}","{""type"": ""weight""}"
16146,"{""type"": ""result""}","{""type"": ""result""}"
16147,"{""type"": ""position""}","{""type"": ""position""}"
16148,"{""type"": ""weight""}","{""type"": ""weight""}"
16149,"{""type"": ""age""}","{""type"": ""age""}"
16150,"{""type"": ""album""}","{""type"": ""album""}"
16151,"{""type"": ""county""}","{""type"": ""county""}"
16152,"{""type"": ""name""}","{""type"": ""name""}"
16153,"{""type"": ""album""}","{""type"": ""album""}"
16154,"{""type"": ""weight""}","{""type"": ""weight""}"
16155,"{""type"": ""birthplace""}","{""type"": ""birthplace""}"
16156,"{""type"": ""name""}","{""type"": ""name""}"
16157,"{""type"": ""name""}","{""type"": ""name""}"
16158,"{""type"": ""year""}","{""type"": ""year""}"
16159,"{""type"": ""county""}","{""type"": ""county""}"
16160,"{""type"": ""code""}","{""type"": ""code""}"
16161,"{""type"": ""name""}","{""type"": ""name""}"
16162,"{""type"": ""name""}","{""type"": ""name""}"
16163,"{""type"": ""name""}","{""type"": ""name""}"
16164,"{""type"": ""name""}","{""type"": ""name""}"
16165,"{""type"": ""name""}","{""type"": ""name""}"
16166,"{""type"": ""city""}","{""type"": ""city""}"
16167,"{""type"": ""state""}","{""type"": ""state""}"
16168,"{""type"": ""weight""}","{""type"": ""weight""}"
16169,"{""type"": ""rank""}","{""type"": ""rank""}"
16170,"{""type"": ""club""}","{""type"": ""club""}"
16171,"{""type"": ""gender""}","{""type"": ""gender""}"
16172,"{""type"": ""age""}","{""type"": ""age""}"
16173,"{""type"": ""artist""}","{""type"": ""artist""}"
16174,"{""type"": ""year""}","{""type"": ""year""}"
16175,"{""type"": ""weight""}","{""type"": ""weight""}"
16176,"{""type"": ""age""}","{""type"": ""age""}"
16177,"{""type"": ""weight""}","{""type"": ""weight""}"
16178,"{""type"": ""year""}","{""type"": ""year""}"
16179,"{""type"": ""location""}","{""type"": ""location""}"
16180,"{""type"": ""class""}","{""type"": ""class""}"
16181,"{""type"": ""name""}","{""type"": ""name""}"
16182,"{""type"": ""age""}","{""type"": ""age""}"
16183,"{""type"": ""age""}","{""type"": ""age""}"
16184,"{""type"": ""age""}","{""type"": ""age""}"
16185,"{""type"": ""age""}","{""type"": ""age""}"
16186,"{""type"": ""age""}","{""type"": ""age""}"
16187,"{""type"": ""location""}","{""type"": ""location""}"
16188,"{""type"": ""country""}","{""type"": ""country""}"
16189,"{""type"": ""name""}","{""type"": ""name""}"
16190,"{""type"": ""description""}","{""type"": ""description""}"
16191,"{""type"": ""status""}","{""type"": ""status""}"
16192,"{""type"": ""symbol""}","{""type"": ""symbol""}"
16193,"{""type"": ""description""}","{""type"": ""description""}"
16194,"{""type"": ""rank""}","{""type"": ""rank""}"
16195,"{""type"": ""name""}","{""type"": ""name""}"
16196,"{""type"": ""weight""}","{""type"": ""weight""}"
16197,"{""type"": ""name""}","{""type"": ""name""}"
16198,"{""type"": ""type""}","{""type"": ""type""}"
16199,"{""type"": ""description""}","{""type"": ""description""}"
16200,"{""type"": ""format""}","{""type"": ""format""}"
16201,"{""type"": ""status""}","{""type"": ""status""}"
16202,"{""type"": ""description""}","{""type"": ""description""}"
16203,"{""type"": ""state""}","{""type"": ""state""}"
16204,"{""type"": ""name""}","{""type"": ""name""}"
16205,"{""type"": ""city""}","{""type"": ""city""}"
16206,"{""type"": ""state""}","{""type"": ""state""}"
16207,"{""type"": ""status""}","{""type"": ""status""}"
16208,"{""type"": ""weight""}","{""type"": ""weight""}"
16209,"{""type"": ""symbol""}","{""type"": ""symbol""}"
16210,"{""type"": ""rank""}","{""type"": ""rank""}"
16211,"{""type"": ""rank""}","{""type"": ""rank""}"
16212,"{""type"": ""age""}","{""type"": ""age""}"
16213,"{""type"": ""name""}","{""type"": ""name""}"
16214,"{""type"": ""name""}","{""type"": ""name""}"
16215,"{""type"": ""result""}","{""type"": ""result""}"
16216,"{""type"": ""rank""}","{""type"": ""rank""}"
16217,"{""type"": ""category""}","{""type"": ""category""}"
16218,"{""type"": ""club""}","{""type"": ""club""}"
16219,"{""type"": ""year""}","{""type"": ""year""}"
16220,"{""type"": ""country""}","{""type"": ""country""}"
16221,"{""type"": ""weight""}","{""type"": ""weight""}"
16222,"{""type"": ""gender""}","{""type"": ""gender""}"
16223,"{""type"": ""name""}","{""type"": ""name""}"
16224,"{""type"": ""rank""}","{""type"": ""rank""}"
16225,"{""type"": ""category""}","{""type"": ""category""}"
16226,"{""type"": ""country""}","{""type"": ""country""}"
16227,"{""type"": ""country""}","{""type"": ""country""}"
16228,"{""type"": ""country""}","{""type"": ""country""}"
16229,"{""type"": ""country""}","{""type"": ""country""}"
16230,"{""type"": ""country""}","{""type"": ""country""}"
16231,"{""type"": ""weight""}","{""type"": ""weight""}"
16232,"{""type"": ""location""}","{""type"": ""location""}"
16233,"{""type"": ""status""}","{""type"": ""status""}"
16234,"{""type"": ""class""}","{""type"": ""class""}"
16235,"{""type"": ""age""}","{""type"": ""age""}"
16236,"{""type"": ""rank""}","{""type"": ""rank""}"
16237,"{""type"": ""manufacturer""}","{""type"": ""manufacturer""}"
16238,"{""type"": ""name""}","{""type"": ""name""}"
16239,"{""type"": ""location""}","{""type"": ""location""}"
16240,"{""type"": ""code""}","{""type"": ""code""}"
16241,"{""type"": ""symbol""}","{""type"": ""symbol""}"
16242,"{""type"": ""city""}","{""type"": ""city""}"
16243,"{""type"": ""address""}","{""type"": ""address""}"
16244,"{""type"": ""name""}","{""type"": ""name""}"
16245,"{""type"": ""code""}","{""type"": ""code""}"
16246,"{""type"": ""ranking""}","{""type"": ""rank""}"
16247,"{""type"": ""weight""}","{""type"": ""weight""}"
16248,"{""type"": ""year""}","{""type"": ""year""}"
16249,"{""type"": ""name""}","{""type"": ""name""}"
16250,"{""type"": ""year""}","{""type"": ""year""}"
16251,"{""type"": ""weight""}","{""type"": ""weight""}"
16252,"{""type"": ""description""}","{""type"": ""description""}"
16253,"{""type"": ""club""}","{""type"": ""club""}"
16254,"{""type"": ""weight""}","{""type"": ""weight""}"
16255,"{""type"": ""status""}","{""type"": ""status""}"
16256,"{""type"": ""rank""}","{""type"": ""rank""}"
16257,"{""type"": ""type""}","{""type"": ""type""}"
16258,"{""type"": ""name""}","{""type"": ""company""}"
16259,"{""type"": ""artist""}","{""type"": ""artist""}"
16260,"{""type"": ""result""}","{""type"": ""result""}"
16261,"{""type"": ""description""}","{""type"": ""description""}"
16262,"{""type"": ""code""}","{""type"": ""code""}"
16263,"{""type"": ""name""}","{""type"": ""name""}"
16264,"{""type"": ""name""}","{""type"": ""name""}"
16265,"{""type"": ""name""}","{""type"": ""name""}"
16266,"{""type"": ""name""}","{""type"": ""name""}"
16267,"{""type"": ""name""}","{""type"": ""name""}"
16268,"{""type"": ""code""}","{""type"": ""code""}"
16269,"{""type"": ""name""}","{""type"": ""name""}"
16270,"{""type"": ""name""}","{""type"": ""name""}"
16271,"{""type"": ""name""}","{""type"": ""name""}"
16272,"{""type"": ""name""}","{""type"": ""name""}"
16273,"{""type"": ""name""}","{""type"": ""name""}"
16274,"{""type"": ""status""}","{""type"": ""status""}"
16275,"{""type"": ""filesize""}","{""type"": ""filesize""}"
16276,"{""type"": ""name""}","{""type"": ""name""}"
16277,"{""type"": ""age""}","{""type"": ""age""}"
16278,"{""type"": ""year""}","{""type"": ""year""}"
16279,"{""type"": ""status""}","{""type"": ""status""}"
16280,"{""type"": ""description""}","{""type"": ""description""}"
16281,"{""type"": ""weight""}","{""type"": ""weight""}"
16282,"{""type"": ""name""}","{""type"": ""name""}"
16283,"{""type"": ""name""}","{""type"": ""name""}"
16284,"{""type"": ""team""}","{""type"": ""team""}"
16285,"{""type"": ""status""}","{""type"": ""status""}"
16286,"{""type"": ""album""}","{""type"": ""album""}"
16287,"{""type"": ""state""}","{""type"": ""state""}"
16288,"{""type"": ""location""}","{""type"": ""location""}"
16289,"{""type"": ""rank""}","{""type"": ""rank""}"
16290,"{""type"": ""rank""}","{""type"": ""rank""}"
16291,"{""type"": ""weight""}","{""type"": ""weight""}"
16292,"{""type"": ""description""}","{""type"": ""description""}"
16293,"{""type"": ""description""}","{""type"": ""description""}"
16294,"{""type"": ""city""}","{""type"": ""city""}"
16295,"{""type"": ""description""}","{""type"": ""description""}"
16296,"{""type"": ""name""}","{""type"": ""name""}"
16297,"{""type"": ""type""}","{""type"": ""type""}"
16298,"{""type"": ""name""}","{""type"": ""name""}"
16299,"{""type"": ""address""}","{""type"": ""address""}"
16300,"{""type"": ""status""}","{""type"": ""status""}"
16301,"{""type"": ""name""}","{""type"": ""name""}"
16302,"{""type"": ""description""}","{""type"": ""description""}"
16303,"{""type"": ""weight""}","{""type"": ""weight""}"
16304,"{""type"": ""code""}","{""type"": ""code""}"
16305,"{""type"": ""company""}","{""type"": ""company""}"
16306,"{""type"": ""type""}","{""type"": ""type""}"
16307,"{""type"": ""state""}","{""type"": ""state""}"
16308,"{""type"": ""state""}","{""type"": ""state""}"
16309,"{""type"": ""state""}","{""type"": ""state""}"
16310,"{""type"": ""state""}","{""type"": ""state""}"
16311,"{""type"": ""state""}","{""type"": ""state""}"
16312,"{""type"": ""notes""}","{""type"": ""notes""}"
16313,"{""type"": ""country""}","{""type"": ""country""}"
16314,"{""type"": ""description""}","{""type"": ""description""}"
16315,"{""type"": ""category""}","{""type"": ""artist""}"
16316,"{""type"": ""weight""}","{""type"": ""weight""}"
16317,"{""type"": ""description""}","{""type"": ""description""}"
16318,"{""type"": ""rank""}","{""type"": ""rank""}"
16319,"{""type"": ""rank""}","{""type"": ""rank""}"
16320,"{""type"": ""rank""}","{""type"": ""rank""}"
16321,"{""type"": ""rank""}","{""type"": ""rank""}"
16322,"{""type"": ""rank""}","{""type"": ""rank""}"
16323,"{""type"": ""position""}","{""type"": ""position""}"
16324,"{""type"": ""description""}","{""type"": ""description""}"
16325,"{""type"": ""age""}","{""type"": ""age""}"
16326,"{""type"": ""rank""}","{""type"": ""rank""}"
16327,"{""type"": ""description""}","{""type"": ""description""}"
16328,"{""type"": ""state""}","{""type"": ""state""}"
16329,"{""type"": ""age""}","{""type"": ""age""}"
16330,"{""type"": ""result""}","{""type"": ""result""}"
16331,"{""type"": ""weight""}","{""type"": ""weight""}"
16332,"{""type"": ""symbol""}","{""type"": ""symbol""}"
16333,"{""type"": ""status""}","{""type"": ""status""}"
16334,"{""type"": ""city""}","{""type"": ""city""}"
16335,"{""type"": ""status""}","{""type"": ""status""}"
16336,"{""type"": ""city""}","{""type"": ""city""}"
16337,"{""type"": ""weight""}","{""type"": ""weight""}"
16338,"{""type"": ""name""}","{""type"": ""name""}"
16339,"{""type"": ""country""}","{""type"": ""country""}"
16340,"{""type"": ""category""}","{""type"": ""category""}"
16341,"{""type"": ""club""}","{""type"": ""club""}"
16342,"{""type"": ""class""}","{""type"": ""class""}"
16343,"{""type"": ""state""}","{""type"": ""state""}"
16344,"{""type"": ""description""}","{""type"": ""description""}"
16345,"{""type"": ""name""}","{""type"": ""name""}"
16346,"{""type"": ""result""}","{""type"": ""result""}"
16347,"{""type"": ""class""}","{""type"": ""class""}"
16348,"{""type"": ""description""}","{""type"": ""description""}"
16349,"{""type"": ""location""}","{""type"": ""location""}"
16350,"{""type"": ""age""}","{""type"": ""age""}"
16351,"{""type"": ""rank""}","{""type"": ""rank""}"
16352,"{""type"": ""type""}","{""type"": ""type""}"
16353,"{""type"": ""year""}","{""type"": ""year""}"
16354,"{""type"": ""weight""}","{""type"": ""plays""}"
16355,"{""type"": ""age""}","{""type"": ""age""}"
16356,"{""type"": ""symbol""}","{""type"": ""symbol""}"
16357,"{""type"": ""position""}","{""type"": ""position""}"
16358,"{""type"": ""team""}","{""type"": ""team""}"
16359,"{""type"": ""club""}","{""type"": ""club""}"
16360,"{""type"": ""city""}","{""type"": ""city""}"
16361,"{""type"": ""city""}","{""type"": ""city""}"
16362,"{""type"": ""city""}","{""type"": ""city""}"
16363,"{""type"": ""city""}","{""type"": ""city""}"
16364,"{""type"": ""city""}","{""type"": ""city""}"
16365,"{""type"": ""status""}","{""type"": ""status""}"
16366,"{""type"": ""team""}","{""type"": ""team""}"
16367,"{""type"": ""age""}","{""type"": ""age""}"
16368,"{""type"": ""name""}","{""type"": ""name""}"
16369,"{""type"": ""age""}","{""type"": ""age""}"
16370,"{""type"": ""description""}","{""type"": ""description""}"
16371,"{""type"": ""code""}","{""type"": ""code""}"
16372,"{""type"": ""notes""}","{""type"": ""description""}"
16373,"{""type"": ""album""}","{""type"": ""album""}"
16374,"{""type"": ""name""}","{""type"": ""name""}"
16375,"{""type"": ""team""}","{""type"": ""team""}"
16376,"{""type"": ""category""}","{""type"": ""category""}"
16377,"{""type"": ""age""}","{""type"": ""age""}"
16378,"{""type"": ""age""}","{""type"": ""age""}"
16379,"{""type"": ""rank""}","{""type"": ""rank""}"
16380,"{""type"": ""rank""}","{""type"": ""rank""}"
16381,"{""type"": ""rank""}","{""type"": ""rank""}"
16382,"{""type"": ""rank""}","{""type"": ""rank""}"
16383,"{""type"": ""rank""}","{""type"": ""rank""}"
16384,"{""type"": ""name""}","{""type"": ""name""}"
16385,"{""type"": ""status""}","{""type"": ""status""}"
16386,"{""type"": ""age""}","{""type"": ""age""}"
16387,"{""type"": ""class""}","{""type"": ""class""}"
16388,"{""type"": ""code""}","{""type"": ""code""}"
16389,"{""type"": ""status""}","{""type"": ""status""}"
16390,"{""type"": ""name""}","{""type"": ""name""}"
16391,"{""type"": ""name""}","{""type"": ""name""}"
16392,"{""type"": ""type""}","{""type"": ""type""}"
16393,"{""type"": ""description""}","{""type"": ""description""}"
16394,"{""type"": ""address""}","{""type"": ""address""}"
16395,"{""type"": ""state""}","{""type"": ""state""}"
16396,"{""type"": ""state""}","{""type"": ""state""}"
16397,"{""type"": ""state""}","{""type"": ""state""}"
16398,"{""type"": ""state""}","{""type"": ""state""}"
16399,"{""type"": ""state""}","{""type"": ""state""}"
16400,"{""type"": ""weight""}","{""type"": ""weight""}"
16401,"{""type"": ""club""}","{""type"": ""club""}"
16402,"{""type"": ""birthdate""}","{""type"": ""birthdate""}"
16403,"{""type"": ""rank""}","{""type"": ""rank""}"
16404,"{""type"": ""rank""}","{""type"": ""rank""}"
16405,"{""type"": ""rank""}","{""type"": ""rank""}"
16406,"{""type"": ""rank""}","{""type"": ""rank""}"
16407,"{""type"": ""rank""}","{""type"": ""rank""}"
16408,"{""type"": ""club""}","{""type"": ""club""}"
16409,"{""type"": ""name""}","{""type"": ""name""}"
16410,"{""type"": ""weight""}","{""type"": ""weight""}"
16411,"{""type"": ""club""}","{""type"": ""club""}"
16412,"{""type"": ""description""}","{""type"": ""description""}"
16413,"{""type"": ""class""}","{""type"": ""year""}"
16414,"{""type"": ""year""}","{""type"": ""year""}"
16415,"{""type"": ""position""}","{""type"": ""position""}"
16416,"{""type"": ""weight""}","{""type"": ""weight""}"
16417,"{""type"": ""type""}","{""type"": ""type""}"
16418,"{""type"": ""status""}","{""type"": ""status""}"
16419,"{""type"": ""state""}","{""type"": ""status""}"
16420,"{""type"": ""name""}","{""type"": ""name""}"
16421,"{""type"": ""age""}","{""type"": ""age""}"
16422,"{""type"": ""type""}","{""type"": ""type""}"
16423,"{""type"": ""type""}","{""type"": ""type""}"
16424,"{""type"": ""type""}","{""type"": ""type""}"
16425,"{""type"": ""type""}","{""type"": ""type""}"
16426,"{""type"": ""type""}","{""type"": ""type""}"
16427,"{""type"": ""gender""}","{""type"": ""gender""}"
16428,"{""type"": ""category""}","{""type"": ""category""}"
16429,"{""type"": ""code""}","{""type"": ""code""}"
16430,"{""type"": ""type""}","{""type"": ""type""}"
16431,"{""type"": ""country""}","{""type"": ""country""}"
16432,"{""type"": ""name""}","{""type"": ""name""}"
16433,"{""type"": ""name""}","{""type"": ""name""}"
16434,"{""type"": ""name""}","{""type"": ""name""}"
16435,"{""type"": ""weight""}","{""type"": ""weight""}"
16436,"{""type"": ""status""}","{""type"": ""status""}"
16437,"{""type"": ""city""}","{""type"": ""city""}"
16438,"{""type"": ""name""}","{""type"": ""name""}"
16439,"{""type"": ""state""}","{""type"": ""state""}"
16440,"{""type"": ""format""}","{""type"": ""format""}"
16441,"{""type"": ""status""}","{""type"": ""status""}"
16442,"{""type"": ""age""}","{""type"": ""age""}"
16443,"{""type"": ""name""}","{""type"": ""name""}"
16444,"{""type"": ""status""}","{""type"": ""status""}"
16445,"{""type"": ""age""}","{""type"": ""age""}"
16446,"{""type"": ""age""}","{""type"": ""rank""}"
16447,"{""type"": ""type""}","{""type"": ""type""}"
16448,"{""type"": ""city""}","{""type"": ""city""}"
16449,"{""type"": ""year""}","{""type"": ""year""}"
16450,"{""type"": ""notes""}","{""type"": ""notes""}"
16451,"{""type"": ""code""}","{""type"": ""code""}"
16452,"{""type"": ""position""}","{""type"": ""position""}"
16453,"{""type"": ""type""}","{""type"": ""type""}"
16454,"{""type"": ""description""}","{""type"": ""description""}"
16455,"{""type"": ""publisher""}","{""type"": ""name""}"
16456,"{""type"": ""name""}","{""type"": ""name""}"
16457,"{""type"": ""description""}","{""type"": ""description""}"
16458,"{""type"": ""name""}","{""type"": ""name""}"
16459,"{""type"": ""age""}","{""type"": ""age""}"
16460,"{""type"": ""weight""}","{""type"": ""weight""}"
16461,"{""type"": ""state""}","{""type"": ""state""}"
16462,"{""type"": ""rank""}","{""type"": ""rank""}"
16463,"{""type"": ""location""}","{""type"": ""location""}"
16464,"{""type"": ""position""}","{""type"": ""description""}"
16465,"{""type"": ""age""}","{""type"": ""age""}"
16466,"{""type"": ""name""}","{""type"": ""name""}"
16467,"{""type"": ""company""}","{""type"": ""company""}"
16468,"{""type"": ""rank""}","{""type"": ""rank""}"
16469,"{""type"": ""description""}","{""type"": ""description""}"
16470,"{""type"": ""year""}","{""type"": ""year""}"
16471,"{""type"": ""team""}","{""type"": ""team""}"
16472,"{""type"": ""gender""}","{""type"": ""gender""}"
16473,"{""type"": ""weight""}","{""type"": ""weight""}"
16474,"{""type"": ""team""}","{""type"": ""team""}"
16475,"{""type"": ""team""}","{""type"": ""club""}"
16476,"{""type"": ""team""}","{""type"": ""team""}"
16477,"{""type"": ""team""}","{""type"": ""team""}"
16478,"{""type"": ""team""}","{""type"": ""team""}"
16479,"{""type"": ""city""}","{""type"": ""city""}"
16480,"{""type"": ""city""}","{""type"": ""city""}"
16481,"{""type"": ""city""}","{""type"": ""city""}"
16482,"{""type"": ""city""}","{""type"": ""city""}"
16483,"{""type"": ""city""}","{""type"": ""city""}"
16484,"{""type"": ""city""}","{""type"": ""city""}"
16485,"{""type"": ""weight""}","{""type"": ""weight""}"
16486,"{""type"": ""position""}","{""type"": ""position""}"
16487,"{""type"": ""address""}","{""type"": ""address""}"
16488,"{""type"": ""name""}","{""type"": ""name""}"
16489,"{""type"": ""team""}","{""type"": ""team""}"
16490,"{""type"": ""state""}","{""type"": ""state""}"
16491,"{""type"": ""age""}","{""type"": ""age""}"
16492,"{""type"": ""club""}","{""type"": ""club""}"
16493,"{""type"": ""description""}","{""type"": ""description""}"
16494,"{""type"": ""age""}","{""type"": ""age""}"
16495,"{""type"": ""type""}","{""type"": ""category""}"
16496,"{""type"": ""director""}","{""type"": ""director""}"
16497,"{""type"": ""director""}","{""type"": ""director""}"
16498,"{""type"": ""director""}","{""type"": ""director""}"
16499,"{""type"": ""director""}","{""type"": ""director""}"
16500,"{""type"": ""director""}","{""type"": ""director""}"
16501,"{""type"": ""weight""}","{""type"": ""weight""}"
16502,"{""type"": ""city""}","{""type"": ""city""}"
16503,"{""type"": ""rank""}","{""type"": ""rank""}"
16504,"{""type"": ""description""}","{""type"": ""description""}"
16505,"{""type"": ""description""}","{""type"": ""description""}"
16506,"{""type"": ""year""}","{""type"": ""year""}"
16507,"{""type"": ""description""}","{""type"": ""description""}"
16508,"{""type"": ""description""}","{""type"": ""description""}"
16509,"{""type"": ""team""}","{""type"": ""team""}"
16510,"{""type"": ""description""}","{""type"": ""description""}"
16511,"{""type"": ""continent""}","{""type"": ""continent""}"
16512,"{""type"": ""album""}","{""type"": ""album""}"
16513,"{""type"": ""artist""}","{""type"": ""artist""}"
16514,"{""type"": ""position""}","{""type"": ""position""}"
16515,"{""type"": ""result""}","{""type"": ""result""}"
16516,"{""type"": ""sex""}","{""type"": ""sex""}"
16517,"{""type"": ""description""}","{""type"": ""description""}"
16518,"{""type"": ""language""}","{""type"": ""language""}"
16519,"{""type"": ""name""}","{""type"": ""name""}"
16520,"{""type"": ""name""}","{""type"": ""name""}"
16521,"{""type"": ""year""}","{""type"": ""year""}"
16522,"{""type"": ""age""}","{""type"": ""age""}"
16523,"{""type"": ""location""}","{""type"": ""location""}"
16524,"{""type"": ""name""}","{""type"": ""name""}"
16525,"{""type"": ""name""}","{""type"": ""name""}"
16526,"{""type"": ""rank""}","{""type"": ""rank""}"
16527,"{""type"": ""name""}","{""type"": ""name""}"
16528,"{""type"": ""rank""}","{""type"": ""rank""}"
16529,"{""type"": ""state""}","{""type"": ""state""}"
16530,"{""type"": ""rank""}","{""type"": ""rank""}"
16531,"{""type"": ""age""}","{""type"": ""age""}"
16532,"{""type"": ""teamname""}","{""type"": ""class""}"
16533,"{""type"": ""age""}","{""type"": ""age""}"
16534,"{""type"": ""rank""}","{""type"": ""rank""}"
16535,"{""type"": ""result""}","{""type"": ""result""}"
16536,"{""type"": ""city""}","{""type"": ""city""}"
16537,"{""type"": ""description""}","{""type"": ""description""}"
16538,"{""type"": ""artist""}","{""type"": ""artist""}"
16539,"{""type"": ""weight""}","{""type"": ""weight""}"
16540,"{""type"": ""year""}","{""type"": ""year""}"
16541,"{""type"": ""rank""}","{""type"": ""rank""}"
16542,"{""type"": ""age""}","{""type"": ""age""}"
16543,"{""type"": ""description""}","{""type"": ""description""}"
16544,"{""type"": ""description""}","{""type"": ""description""}"
16545,"{""type"": ""description""}","{""type"": ""description""}"
16546,"{""type"": ""description""}","{""type"": ""description""}"
16547,"{""type"": ""description""}","{""type"": ""description""}"
16548,"{""type"": ""description""}","{""type"": ""description""}"
16549,"{""type"": ""status""}","{""type"": ""status""}"
16550,"{""type"": ""name""}","{""type"": ""name""}"
16551,"{""type"": ""city""}","{""type"": ""city""}"
16552,"{""type"": ""weight""}","{""type"": ""weight""}"
16553,"{""type"": ""weight""}","{""type"": ""weight""}"
16554,"{""type"": ""name""}","{""type"": ""name""}"
16555,"{""type"": ""state""}","{""type"": ""state""}"
16556,"{""type"": ""state""}","{""type"": ""state""}"
16557,"{""type"": ""state""}","{""type"": ""state""}"
16558,"{""type"": ""state""}","{""type"": ""state""}"
16559,"{""type"": ""state""}","{""type"": ""state""}"
16560,"{""type"": ""album""}","{""type"": ""album""}"
16561,"{""type"": ""name""}","{""type"": ""name""}"
16562,"{""type"": ""company""}","{""type"": ""company""}"
16563,"{""type"": ""artist""}","{""type"": ""artist""}"
16564,"{""type"": ""code""}","{""type"": ""code""}"
16565,"{""type"": ""city""}","{""type"": ""city""}"
16566,"{""type"": ""city""}","{""type"": ""city""}"
16567,"{""type"": ""city""}","{""type"": ""city""}"
16568,"{""type"": ""city""}","{""type"": ""city""}"
16569,"{""type"": ""city""}","{""type"": ""city""}"
16570,"{""type"": ""range""}","{""type"": ""area""}"
16571,"{""type"": ""location""}","{""type"": ""location""}"
16572,"{""type"": ""year""}","{""type"": ""year""}"
16573,"{""type"": ""type""}","{""type"": ""type""}"
16574,"{""type"": ""album""}","{""type"": ""album""}"
16575,"{""type"": ""weight""}","{""type"": ""weight""}"
16576,"{""type"": ""weight""}","{""type"": ""weight""}"
16577,"{""type"": ""position""}","{""type"": ""rank""}"
16578,"{""type"": ""artist""}","{""type"": ""artist""}"
16579,"{""type"": ""name""}","{""type"": ""name""}"
16580,"{""type"": ""description""}","{""type"": ""description""}"
16581,"{""type"": ""year""}","{""type"": ""year""}"
16582,"{""type"": ""description""}","{""type"": ""description""}"
16583,"{""type"": ""description""}","{""type"": ""description""}"
16584,"{""type"": ""status""}","{""type"": ""status""}"
16585,"{""type"": ""year""}","{""type"": ""year""}"
16586,"{""type"": ""location""}","{""type"": ""location""}"
16587,"{""type"": ""location""}","{""type"": ""location""}"
16588,"{""type"": ""location""}","{""type"": ""location""}"
16589,"{""type"": ""location""}","{""type"": ""location""}"
16590,"{""type"": ""location""}","{""type"": ""location""}"
16591,"{""type"": ""year""}","{""type"": ""year""}"
16592,"{""type"": ""state""}","{""type"": ""state""}"
16593,"{""type"": ""location""}","{""type"": ""location""}"
16594,"{""type"": ""city""}","{""type"": ""city""}"
16595,"{""type"": ""sex""}","{""type"": ""sex""}"
16596,"{""type"": ""name""}","{""type"": ""name""}"
16597,"{""type"": ""species""}","{""type"": ""species""}"
16598,"{""type"": ""age""}","{""type"": ""rank""}"
16599,"{""type"": ""description""}","{""type"": ""description""}"
16600,"{""type"": ""name""}","{""type"": ""name""}"
16601,"{""type"": ""jockey""}","{""type"": ""jockey""}"
16602,"{""type"": ""age""}","{""type"": ""age""}"
16603,"{""type"": ""county""}","{""type"": ""county""}"
16604,"{""type"": ""description""}","{""type"": ""description""}"
16605,"{""type"": ""year""}","{""type"": ""year""}"
16606,"{""type"": ""year""}","{""type"": ""year""}"
16607,"{""type"": ""team""}","{""type"": ""team""}"
16608,"{""type"": ""code""}","{""type"": ""code""}"
16609,"{""type"": ""description""}","{""type"": ""description""}"
16610,"{""type"": ""weight""}","{""type"": ""weight""}"
16611,"{""type"": ""year""}","{""type"": ""year""}"
16612,"{""type"": ""club""}","{""type"": ""club""}"
16613,"{""type"": ""club""}","{""type"": ""club""}"
16614,"{""type"": ""name""}","{""type"": ""name""}"
16615,"{""type"": ""rank""}","{""type"": ""rank""}"
16616,"{""type"": ""county""}","{""type"": ""county""}"
16617,"{""type"": ""weight""}","{""type"": ""weight""}"
16618,"{""type"": ""category""}","{""type"": ""category""}"
16619,"{""type"": ""code""}","{""type"": ""code""}"
16620,"{""type"": ""type""}","{""type"": ""type""}"
16621,"{""type"": ""name""}","{""type"": ""name""}"
16622,"{""type"": ""city""}","{""type"": ""city""}"
16623,"{""type"": ""symbol""}","{""type"": ""symbol""}"
16624,"{""type"": ""result""}","{""type"": ""result""}"
16625,"{""type"": ""weight""}","{""type"": ""weight""}"
16626,"{""type"": ""description""}","{""type"": ""description""}"
16627,"{""type"": ""result""}","{""type"": ""result""}"
16628,"{""type"": ""status""}","{""type"": ""status""}"
16629,"{""type"": ""name""}","{""type"": ""name""}"
16630,"{""type"": ""class""}","{""type"": ""class""}"
16631,"{""type"": ""region""}","{""type"": ""region""}"
16632,"{""type"": ""code""}","{""type"": ""code""}"
16633,"{""type"": ""club""}","{""type"": ""club""}"
16634,"{""type"": ""year""}","{""type"": ""year""}"
16635,"{""type"": ""club""}","{""type"": ""club""}"
16636,"{""type"": ""name""}","{""type"": ""name""}"
16637,"{""type"": ""gender""}","{""type"": ""gender""}"
16638,"{""type"": ""weight""}","{""type"": ""weight""}"
16639,"{""type"": ""club""}","{""type"": ""club""}"
16640,"{""type"": ""code""}","{""type"": ""code""}"
16641,"{""type"": ""description""}","{""type"": ""description""}"
16642,"{""type"": ""code""}","{""type"": ""code""}"
16643,"{""type"": ""name""}","{""type"": ""name""}"
16644,"{""type"": ""club""}","{""type"": ""club""}"
16645,"{""type"": ""symbol""}","{""type"": ""symbol""}"
16646,"{""type"": ""country""}","{""type"": ""country""}"
16647,"{""type"": ""type""}","{""type"": ""type""}"
16648,"{""type"": ""description""}","{""type"": ""description""}"
16649,"{""type"": ""name""}","{""type"": ""name""}"
16650,"{""type"": ""status""}","{""type"": ""status""}"
16651,"{""type"": ""album""}","{""type"": ""album""}"
16652,"{""type"": ""description""}","{""type"": ""description""}"
16653,"{""type"": ""weight""}","{""type"": ""weight""}"
16654,"{""type"": ""weight""}","{""type"": ""weight""}"
16655,"{""type"": ""description""}","{""type"": ""description""}"
16656,"{""type"": ""status""}","{""type"": ""status""}"
16657,"{""type"": ""team""}","{""type"": ""team""}"
16658,"{""type"": ""state""}","{""type"": ""state""}"
16659,"{""type"": ""state""}","{""type"": ""state""}"
16660,"{""type"": ""state""}","{""type"": ""state""}"
16661,"{""type"": ""state""}","{""type"": ""state""}"
16662,"{""type"": ""state""}","{""type"": ""state""}"
16663,"{""type"": ""result""}","{""type"": ""result""}"
16664,"{""type"": ""name""}","{""type"": ""name""}"
16665,"{""type"": ""rank""}","{""type"": ""rank""}"
16666,"{""type"": ""team""}","{""type"": ""team""}"
16667,"{""type"": ""age""}","{""type"": ""age""}"
16668,"{""type"": ""name""}","{""type"": ""name""}"
16669,"{""type"": ""type""}","{""type"": ""type""}"
16670,"{""type"": ""weight""}","{""type"": ""weight""}"
16671,"{""type"": ""age""}","{""type"": ""age""}"
16672,"{""type"": ""weight""}","{""type"": ""weight""}"
16673,"{""type"": ""age""}","{""type"": ""age""}"
16674,"{""type"": ""age""}","{""type"": ""age""}"
16675,"{""type"": ""age""}","{""type"": ""age""}"
16676,"{""type"": ""age""}","{""type"": ""age""}"
16677,"{""type"": ""age""}","{""type"": ""age""}"
16678,"{""type"": ""club""}","{""type"": ""team""}"
16679,"{""type"": ""name""}","{""type"": ""name""}"
16680,"{""type"": ""country""}","{""type"": ""country""}"
16681,"{""type"": ""name""}","{""type"": ""name""}"
16682,"{""type"": ""name""}","{""type"": ""name""}"
16683,"{""type"": ""team""}","{""type"": ""country""}"
16684,"{""type"": ""code""}","{""type"": ""code""}"
16685,"{""type"": ""jockey""}","{""type"": ""jockey""}"
16686,"{""type"": ""position""}","{""type"": ""position""}"
16687,"{""type"": ""code""}","{""type"": ""code""}"
16688,"{""type"": ""name""}","{""type"": ""name""}"
16689,"{""type"": ""code""}","{""type"": ""component""}"
16690,"{""type"": ""artist""}","{""type"": ""artist""}"
16691,"{""type"": ""age""}","{""type"": ""age""}"
16692,"{""type"": ""company""}","{""type"": ""company""}"
16693,"{""type"": ""city""}","{""type"": ""city""}"
16694,"{""type"": ""status""}","{""type"": ""status""}"
16695,"{""type"": ""name""}","{""type"": ""name""}"
16696,"{""type"": ""class""}","{""type"": ""class""}"
16697,"{""type"": ""rank""}","{""type"": ""rank""}"
16698,"{""type"": ""position""}","{""type"": ""position""}"
16699,"{""type"": ""album""}","{""type"": ""album""}"
16700,"{""type"": ""description""}","{""type"": ""description""}"
16701,"{""type"": ""location""}","{""type"": ""description""}"
16702,"{""type"": ""year""}","{""type"": ""year""}"
16703,"{""type"": ""type""}","{""type"": ""type""}"
16704,"{""type"": ""code""}","{""type"": ""code""}"
16705,"{""type"": ""status""}","{""type"": ""status""}"
16706,"{""type"": ""city""}","{""type"": ""city""}"
16707,"{""type"": ""county""}","{""type"": ""county""}"
16708,"{""type"": ""description""}","{""type"": ""description""}"
16709,"{""type"": ""status""}","{""type"": ""status""}"
16710,"{""type"": ""age""}","{""type"": ""age""}"
16711,"{""type"": ""name""}","{""type"": ""name""}"
16712,"{""type"": ""rank""}","{""type"": ""rank""}"
16713,"{""type"": ""name""}","{""type"": ""name""}"
16714,"{""type"": ""location""}","{""type"": ""location""}"
16715,"{""type"": ""name""}","{""type"": ""name""}"
16716,"{""type"": ""gender""}","{""type"": ""gender""}"
16717,"{""type"": ""album""}","{""type"": ""album""}"
16718,"{""type"": ""position""}","{""type"": ""position""}"
16719,"{""type"": ""state""}","{""type"": ""state""}"
16720,"{""type"": ""year""}","{""type"": ""year""}"
16721,"{""type"": ""team""}","{""type"": ""team""}"
16722,"{""type"": ""city""}","{""type"": ""city""}"
16723,"{""type"": ""category""}","{""type"": ""category""}"
16724,"{""type"": ""category""}","{""type"": ""category""}"
16725,"{""type"": ""age""}","{""type"": ""age""}"
16726,"{""type"": ""name""}","{""type"": ""name""}"
16727,"{""type"": ""description""}","{""type"": ""description""}"
16728,"{""type"": ""description""}","{""type"": ""description""}"
16729,"{""type"": ""category""}","{""type"": ""category""}"
16730,"{""type"": ""capacity""}","{""type"": ""capacity""}"
16731,"{""type"": ""year""}","{""type"": ""year""}"
16732,"{""type"": ""age""}","{""type"": ""age""}"
16733,"{""type"": ""grades""}","{""type"": ""grades""}"
16734,"{""type"": ""age""}","{""type"": ""age""}"
16735,"{""type"": ""state""}","{""type"": ""state""}"
16736,"{""type"": ""name""}","{""type"": ""name""}"
16737,"{""type"": ""status""}","{""type"": ""status""}"
16738,"{""type"": ""rank""}","{""type"": ""rank""}"
16739,"{""type"": ""status""}","{""type"": ""status""}"
16740,"{""type"": ""age""}","{""type"": ""age""}"
16741,"{""type"": ""team""}","{""type"": ""team""}"
16742,"{""type"": ""weight""}","{""type"": ""weight""}"
16743,"{""type"": ""state""}","{""type"": ""state""}"
16744,"{""type"": ""owner""}","{""type"": ""owner""}"
16745,"{""type"": ""status""}","{""type"": ""status""}"
16746,"{""type"": ""position""}","{""type"": ""position""}"
16747,"{""type"": ""city""}","{""type"": ""city""}"
16748,"{""type"": ""position""}","{""type"": ""position""}"
16749,"{""type"": ""status""}","{""type"": ""status""}"
16750,"{""type"": ""name""}","{""type"": ""name""}"
16751,"{""type"": ""status""}","{""type"": ""status""}"
16752,"{""type"": ""status""}","{""type"": ""status""}"
16753,"{""type"": ""status""}","{""type"": ""status""}"
16754,"{""type"": ""status""}","{""type"": ""status""}"
16755,"{""type"": ""status""}","{""type"": ""status""}"
16756,"{""type"": ""rank""}","{""type"": ""rank""}"
16757,"{""type"": ""rank""}","{""type"": ""rank""}"
16758,"{""type"": ""rank""}","{""type"": ""rank""}"
16759,"{""type"": ""rank""}","{""type"": ""rank""}"
16760,"{""type"": ""rank""}","{""type"": ""rank""}"
16761,"{""type"": ""name""}","{""type"": ""name""}"
16762,"{""type"": ""code""}","{""type"": ""code""}"
16763,"{""type"": ""gender""}","{""type"": ""gender""}"
16764,"{""type"": ""name""}","{""type"": ""name""}"
16765,"{""type"": ""location""}","{""type"": ""location""}"
16766,"{""type"": ""city""}","{""type"": ""city""}"
16767,"{""type"": ""age""}","{""type"": ""age""}"
16768,"{""type"": ""state""}","{""type"": ""state""}"
16769,"{""type"": ""name""}","{""type"": ""name""}"
16770,"{""type"": ""team""}","{""type"": ""team""}"
16771,"{""type"": ""type""}","{""type"": ""type""}"
16772,"{""type"": ""city""}","{""type"": ""city""}"
16773,"{""type"": ""company""}","{""type"": ""company""}"
16774,"{""type"": ""isbn""}","{""type"": ""isbn""}"
16775,"{""type"": ""type""}","{""type"": ""type""}"
16776,"{""type"": ""name""}","{""type"": ""name""}"
16777,"{""type"": ""club""}","{""type"": ""club""}"
16778,"{""type"": ""year""}","{""type"": ""year""}"
16779,"{""type"": ""rank""}","{""type"": ""rank""}"
16780,"{""type"": ""city""}","{""type"": ""city""}"
16781,"{""type"": ""album""}","{""type"": ""album""}"
16782,"{""type"": ""name""}","{""type"": ""name""}"
16783,"{""type"": ""location""}","{""type"": ""city""}"
16784,"{""type"": ""name""}","{""type"": ""name""}"
16785,"{""type"": ""type""}","{""type"": ""type""}"
16786,"{""type"": ""product""}","{""type"": ""product""}"
16787,"{""type"": ""category""}","{""type"": ""category""}"
16788,"{""type"": ""plays""}","{""type"": ""plays""}"
16789,"{""type"": ""status""}","{""type"": ""status""}"
16790,"{""type"": ""duration""}","{""type"": ""duration""}"
16791,"{""type"": ""name""}","{""type"": ""name""}"
16792,"{""type"": ""position""}","{""type"": ""position""}"
16793,"{""type"": ""location""}","{""type"": ""city""}"
16794,"{""type"": ""elevation""}","{""type"": ""elevation""}"
16795,"{""type"": ""weight""}","{""type"": ""weight""}"
16796,"{""type"": ""team""}","{""type"": ""team""}"
16797,"{""type"": ""name""}","{""type"": ""name""}"
16798,"{""type"": ""company""}","{""type"": ""company""}"
16799,"{""type"": ""artist""}","{""type"": ""artist""}"
16800,"{""type"": ""artist""}","{""type"": ""artist""}"
16801,"{""type"": ""description""}","{""type"": ""description""}"
16802,"{""type"": ""code""}","{""type"": ""code""}"
16803,"{""type"": ""location""}","{""type"": ""location""}"
16804,"{""type"": ""type""}","{""type"": ""type""}"
16805,"{""type"": ""location""}","{""type"": ""city""}"
16806,"{""type"": ""status""}","{""type"": ""status""}"
16807,"{""type"": ""artist""}","{""type"": ""artist""}"
16808,"{""type"": ""status""}","{""type"": ""status""}"
16809,"{""type"": ""weight""}","{""type"": ""weight""}"
16810,"{""type"": ""code""}","{""type"": ""code""}"
16811,"{""type"": ""team""}","{""type"": ""team""}"
16812,"{""type"": ""name""}","{""type"": ""name""}"
16813,"{""type"": ""team""}","{""type"": ""team""}"
16814,"{""type"": ""status""}","{""type"": ""status""}"
16815,"{""type"": ""status""}","{""type"": ""status""}"
16816,"{""type"": ""isbn""}","{""type"": ""isbn""}"
16817,"{""type"": ""year""}","{""type"": ""year""}"
16818,"{""type"": ""grades""}","{""type"": ""grades""}"
16819,"{""type"": ""age""}","{""type"": ""age""}"
16820,"{""type"": ""year""}","{""type"": ""year""}"
16821,"{""type"": ""age""}","{""type"": ""age""}"
16822,"{""type"": ""genre""}","{""type"": ""genre""}"
16823,"{""type"": ""language""}","{""type"": ""language""}"
16824,"{""type"": ""description""}","{""type"": ""description""}"
16825,"{""type"": ""state""}","{""type"": ""state""}"
16826,"{""type"": ""state""}","{""type"": ""state""}"
16827,"{""type"": ""state""}","{""type"": ""state""}"
16828,"{""type"": ""state""}","{""type"": ""state""}"
16829,"{""type"": ""state""}","{""type"": ""state""}"
16830,"{""type"": ""result""}","{""type"": ""result""}"
16831,"{""type"": ""country""}","{""type"": ""country""}"
16832,"{""type"": ""city""}","{""type"": ""city""}"
16833,"{""type"": ""state""}","{""type"": ""state""}"
16834,"{""type"": ""continent""}","{""type"": ""continent""}"
16835,"{""type"": ""city""}","{""type"": ""city""}"
16836,"{""type"": ""city""}","{""type"": ""city""}"
16837,"{""type"": ""city""}","{""type"": ""city""}"
16838,"{""type"": ""city""}","{""type"": ""city""}"
16839,"{""type"": ""city""}","{""type"": ""city""}"
16840,"{""type"": ""company""}","{""type"": ""company""}"
16841,"{""type"": ""address""}","{""type"": ""address""}"
16842,"{""type"": ""address""}","{""type"": ""address""}"
16843,"{""type"": ""address""}","{""type"": ""address""}"
16844,"{""type"": ""address""}","{""type"": ""address""}"
16845,"{""type"": ""address""}","{""type"": ""address""}"
16846,"{""type"": ""year""}","{""type"": ""year""}"
16847,"{""type"": ""name""}","{""type"": ""name""}"
16848,"{""type"": ""name""}","{""type"": ""name""}"
16849,"{""type"": ""name""}","{""type"": ""name""}"
16850,"{""type"": ""name""}","{""type"": ""name""}"
16851,"{""type"": ""name""}","{""type"": ""name""}"
16852,"{""type"": ""name""}","{""type"": ""name""}"
16853,"{""type"": ""rank""}","{""type"": ""rank""}"
16854,"{""type"": ""description""}","{""type"": ""description""}"
16855,"{""type"": ""rank""}","{""type"": ""rank""}"
16856,"{""type"": ""state""}","{""type"": ""state""}"
16857,"{""type"": ""state""}","{""type"": ""state""}"
16858,"{""type"": ""state""}","{""type"": ""state""}"
16859,"{""type"": ""state""}","{""type"": ""state""}"
16860,"{""type"": ""state""}","{""type"": ""state""}"
16861,"{""type"": ""state""}","{""type"": ""state""}"
16862,"{""type"": ""age""}","{""type"": ""age""}"
16863,"{""type"": ""type""}","{""type"": ""type""}"
16864,"{""type"": ""type""}","{""type"": ""status""}"
16865,"{""type"": ""type""}","{""type"": ""type""}"
16866,"{""type"": ""type""}","{""type"": ""type""}"
16867,"{""type"": ""type""}","{""type"": ""type""}"
16868,"{""type"": ""description""}","{""type"": ""description""}"
16869,"{""type"": ""age""}","{""type"": ""age""}"
16870,"{""type"": ""name""}","{""type"": ""name""}"
16871,"{""type"": ""team""}","{""type"": ""team""}"
16872,"{""type"": ""status""}","{""type"": ""status""}"
16873,"{""type"": ""sex""}","{""type"": ""sex""}"
16874,"{""type"": ""description""}","{""type"": ""description""}"
16875,"{""type"": ""rank""}","{""type"": ""rank""}"
16876,"{""type"": ""name""}","{""type"": ""name""}"
16877,"{""type"": ""artist""}","{""type"": ""artist""}"
16878,"{""type"": ""age""}","{""type"": ""age""}"
16879,"{""type"": ""description""}","{""type"": ""description""}"
16880,"{""type"": ""name""}","{""type"": ""name""}"
16881,"{""type"": ""name""}","{""type"": ""name""}"
16882,"{""type"": ""city""}","{""type"": ""city""}"
16883,"{""type"": ""position""}","{""type"": ""position""}"
16884,"{""type"": ""state""}","{""type"": ""state""}"
16885,"{""type"": ""description""}","{""type"": ""description""}"
16886,"{""type"": ""city""}","{""type"": ""city""}"
16887,"{""type"": ""category""}","{""type"": ""category""}"
16888,"{""type"": ""code""}","{""type"": ""code""}"
16889,"{""type"": ""status""}","{""type"": ""status""}"
16890,"{""type"": ""artist""}","{""type"": ""name""}"
16891,"{""type"": ""country""}","{""type"": ""nationality""}"
16892,"{""type"": ""state""}","{""type"": ""state""}"
16893,"{""type"": ""name""}","{""type"": ""name""}"
16894,"{""type"": ""name""}","{""type"": ""name""}"
16895,"{""type"": ""category""}","{""type"": ""category""}"
16896,"{""type"": ""description""}","{""type"": ""description""}"
16897,"{""type"": ""state""}","{""type"": ""state""}"
16898,"{""type"": ""state""}","{""type"": ""state""}"
16899,"{""type"": ""state""}","{""type"": ""state""}"
16900,"{""type"": ""state""}","{""type"": ""state""}"
16901,"{""type"": ""state""}","{""type"": ""state""}"
16902,"{""type"": ""state""}","{""type"": ""state""}"
16903,"{""type"": ""year""}","{""type"": ""type""}"
16904,"{""type"": ""state""}","{""type"": ""state""}"
16905,"{""type"": ""state""}","{""type"": ""state""}"
16906,"{""type"": ""state""}","{""type"": ""state""}"
16907,"{""type"": ""state""}","{""type"": ""state""}"
16908,"{""type"": ""state""}","{""type"": ""state""}"
16909,"{""type"": ""year""}","{""type"": ""year""}"
16910,"{""type"": ""weight""}","{""type"": ""weight""}"
16911,"{""type"": ""team""}","{""type"": ""team""}"
16912,"{""type"": ""team""}","{""type"": ""team""}"
16913,"{""type"": ""team""}","{""type"": ""team""}"
16914,"{""type"": ""team""}","{""type"": ""team""}"
16915,"{""type"": ""team""}","{""type"": ""team""}"
16916,"{""type"": ""rank""}","{""type"": ""rank""}"
16917,"{""type"": ""rank""}","{""type"": ""rank""}"
16918,"{""type"": ""rank""}","{""type"": ""rank""}"
16919,"{""type"": ""rank""}","{""type"": ""rank""}"
16920,"{""type"": ""rank""}","{""type"": ""rank""}"
16921,"{""type"": ""status""}","{""type"": ""status""}"
16922,"{""type"": ""description""}","{""type"": ""description""}"
16923,"{""type"": ""class""}","{""type"": ""class""}"
16924,"{""type"": ""name""}","{""type"": ""name""}"
16925,"{""type"": ""description""}","{""type"": ""description""}"
16926,"{""type"": ""name""}","{""type"": ""name""}"
16927,"{""type"": ""club""}","{""type"": ""club""}"
16928,"{""type"": ""city""}","{""type"": ""city""}"
16929,"{""type"": ""address""}","{""type"": ""address""}"
16930,"{""type"": ""location""}","{""type"": ""location""}"
16931,"{""type"": ""age""}","{""type"": ""age""}"
16932,"{""type"": ""company""}","{""type"": ""company""}"
16933,"{""type"": ""team""}","{""type"": ""team""}"
16934,"{""type"": ""age""}","{""type"": ""gender""}"
16935,"{""type"": ""location""}","{""type"": ""location""}"
16936,"{""type"": ""location""}","{""type"": ""location""}"
16937,"{""type"": ""location""}","{""type"": ""location""}"
16938,"{""type"": ""location""}","{""type"": ""location""}"
16939,"{""type"": ""location""}","{""type"": ""location""}"
16940,"{""type"": ""album""}","{""type"": ""album""}"
16941,"{""type"": ""name""}","{""type"": ""name""}"
16942,"{""type"": ""artist""}","{""type"": ""artist""}"
16943,"{""type"": ""code""}","{""type"": ""code""}"
16944,"{""type"": ""album""}","{""type"": ""album""}"
16945,"{""type"": ""name""}","{""type"": ""name""}"
16946,"{""type"": ""result""}","{""type"": ""result""}"
16947,"{""type"": ""class""}","{""type"": ""class""}"
16948,"{""type"": ""type""}","{""type"": ""type""}"
16949,"{""type"": ""year""}","{""type"": ""year""}"
16950,"{""type"": ""result""}","{""type"": ""result""}"
16951,"{""type"": ""result""}","{""type"": ""result""}"
16952,"{""type"": ""result""}","{""type"": ""result""}"
16953,"{""type"": ""result""}","{""type"": ""result""}"
16954,"{""type"": ""result""}","{""type"": ""result""}"
16955,"{""type"": ""genre""}","{""type"": ""genre""}"
16956,"{""type"": ""weight""}","{""type"": ""weight""}"
16957,"{""type"": ""location""}","{""type"": ""location""}"
16958,"{""type"": ""type""}","{""type"": ""type""}"
16959,"{""type"": ""code""}","{""type"": ""code""}"
16960,"{""type"": ""city""}","{""type"": ""city""}"
16961,"{""type"": ""status""}","{""type"": ""status""}"
16962,"{""type"": ""team""}","{""type"": ""team""}"
16963,"{""type"": ""gender""}","{""type"": ""gender""}"
16964,"{""type"": ""city""}","{""type"": ""city""}"
16965,"{""type"": ""city""}","{""type"": ""city""}"
16966,"{""type"": ""city""}","{""type"": ""city""}"
16967,"{""type"": ""city""}","{""type"": ""city""}"
16968,"{""type"": ""city""}","{""type"": ""city""}"
16969,"{""type"": ""age""}","{""type"": ""age""}"
16970,"{""type"": ""weight""}","{""type"": ""weight""}"
16971,"{""type"": ""address""}","{""type"": ""address""}"
16972,"{""type"": ""manufacturer""}","{""type"": ""manufacturer""}"
16973,"{""type"": ""club""}","{""type"": ""club""}"
16974,"{""type"": ""day""}","{""type"": ""day""}"
16975,"{""type"": ""sex""}","{""type"": ""sex""}"
16976,"{""type"": ""name""}","{""type"": ""name""}"
16977,"{""type"": ""name""}","{""type"": ""name""}"
16978,"{""type"": ""description""}","{""type"": ""description""}"
16979,"{""type"": ""origin""}","{""type"": ""origin""}"
16980,"{""type"": ""year""}","{""type"": ""year""}"
16981,"{""type"": ""type""}","{""type"": ""type""}"
16982,"{""type"": ""rank""}","{""type"": ""rank""}"
16983,"{""type"": ""rank""}","{""type"": ""age""}"
16984,"{""type"": ""company""}","{""type"": ""company""}"
16985,"{""type"": ""year""}","{""type"": ""year""}"
16986,"{""type"": ""team""}","{""type"": ""team""}"
16987,"{""type"": ""age""}","{""type"": ""age""}"
16988,"{""type"": ""year""}","{""type"": ""year""}"
16989,"{""type"": ""age""}","{""type"": ""age""}"
16990,"{""type"": ""weight""}","{""type"": ""weight""}"
16991,"{""type"": ""sex""}","{""type"": ""sex""}"
16992,"{""type"": ""city""}","{""type"": ""city""}"
16993,"{""type"": ""category""}","{""type"": ""category""}"
16994,"{""type"": ""city""}","{""type"": ""city""}"
16995,"{""type"": ""state""}","{""type"": ""state""}"
16996,"{""type"": ""address""}","{""type"": ""address""}"
16997,"{""type"": ""gender""}","{""type"": ""gender""}"
16998,"{""type"": ""name""}","{""type"": ""name""}"
16999,"{""type"": ""age""}","{""type"": ""age""}"
17000,"{""type"": ""description""}","{""type"": ""description""}"
17001,"{""type"": ""position""}","{""type"": ""position""}"
17002,"{""type"": ""name""}","{""type"": ""name""}"
17003,"{""type"": ""state""}","{""type"": ""state""}"
17004,"{""type"": ""state""}","{""type"": ""state""}"
17005,"{""type"": ""state""}","{""type"": ""state""}"
17006,"{""type"": ""state""}","{""type"": ""state""}"
17007,"{""type"": ""state""}","{""type"": ""state""}"
17008,"{""type"": ""duration""}","{""type"": ""duration""}"
17009,"{""type"": ""code""}","{""type"": ""code""}"
17010,"{""type"": ""weight""}","{""type"": ""weight""}"
17011,"{""type"": ""symbol""}","{""type"": ""symbol""}"
17012,"{""type"": ""code""}","{""type"": ""code""}"
17013,"{""type"": ""age""}","{""type"": ""age""}"
17014,"{""type"": ""age""}","{""type"": ""age""}"
17015,"{""type"": ""team""}","{""type"": ""team""}"
17016,"{""type"": ""location""}","{""type"": ""location""}"
17017,"{""type"": ""code""}","{""type"": ""code""}"
17018,"{""type"": ""name""}","{""type"": ""name""}"
17019,"{""type"": ""name""}","{""type"": ""name""}"
17020,"{""type"": ""owner""}","{""type"": ""owner""}"
17021,"{""type"": ""symbol""}","{""type"": ""symbol""}"
17022,"{""type"": ""code""}","{""type"": ""code""}"
17023,"{""type"": ""year""}","{""type"": ""year""}"
17024,"{""type"": ""team""}","{""type"": ""team""}"
17025,"{""type"": ""state""}","{""type"": ""state""}"
17026,"{""type"": ""description""}","{""type"": ""description""}"
17027,"{""type"": ""location""}","{""type"": ""location""}"
17028,"{""type"": ""location""}","{""type"": ""location""}"
17029,"{""type"": ""location""}","{""type"": ""location""}"
17030,"{""type"": ""location""}","{""type"": ""location""}"
17031,"{""type"": ""location""}","{""type"": ""location""}"
17032,"{""type"": ""position""}","{""type"": ""position""}"
17033,"{""type"": ""position""}","{""type"": ""position""}"
17034,"{""type"": ""name""}","{""type"": ""name""}"
17035,"{""type"": ""location""}","{""type"": ""location""}"
17036,"{""type"": ""club""}","{""type"": ""club""}"
17037,"{""type"": ""team""}","{""type"": ""team""}"
17038,"{""type"": ""name""}","{""type"": ""name""}"
17039,"{""type"": ""city""}","{""type"": ""city""}"
17040,"{""type"": ""year""}","{""type"": ""year""}"
17041,"{""type"": ""year""}","{""type"": ""year""}"
17042,"{""type"": ""year""}","{""type"": ""year""}"
17043,"{""type"": ""year""}","{""type"": ""year""}"
17044,"{""type"": ""year""}","{""type"": ""year""}"
17045,"{""type"": ""name""}","{""type"": ""name""}"
17046,"{""type"": ""description""}","{""type"": ""description""}"
17047,"{""type"": ""age""}","{""type"": ""age""}"
17048,"{""type"": ""address""}","{""type"": ""address""}"
17049,"{""type"": ""state""}","{""type"": ""state""}"
17050,"{""type"": ""position""}","{""type"": ""position""}"
17051,"{""type"": ""team""}","{""type"": ""team""}"
17052,"{""type"": ""type""}","{""type"": ""type""}"
17053,"{""type"": ""rank""}","{""type"": ""rank""}"
17054,"{""type"": ""team""}","{""type"": ""team""}"
17055,"{""type"": ""year""}","{""type"": ""year""}"
17056,"{""type"": ""team""}","{""type"": ""team""}"
17057,"{""type"": ""position""}","{""type"": ""position""}"
17058,"{""type"": ""symbol""}","{""type"": ""symbol""}"
17059,"{""type"": ""symbol""}","{""type"": ""symbol""}"
17060,"{""type"": ""symbol""}","{""type"": ""symbol""}"
17061,"{""type"": ""symbol""}","{""type"": ""symbol""}"
17062,"{""type"": ""symbol""}","{""type"": ""symbol""}"
17063,"{""type"": ""description""}","{""type"": ""description""}"
17064,"{""type"": ""description""}","{""type"": ""description""}"
17065,"{""type"": ""club""}","{""type"": ""club""}"
17066,"{""type"": ""weight""}","{""type"": ""weight""}"
17067,"{""type"": ""company""}","{""type"": ""company""}"
17068,"{""type"": ""position""}","{""type"": ""position""}"
17069,"{""type"": ""category""}","{""type"": ""category""}"
17070,"{""type"": ""description""}","{""type"": ""description""}"
17071,"{""type"": ""team""}","{""type"": ""teamname""}"
17072,"{""type"": ""city""}","{""type"": ""city""}"
17073,"{""type"": ""rank""}","{""type"": ""rank""}"
17074,"{""type"": ""day""}","{""type"": ""day""}"
17075,"{""type"": ""weight""}","{""type"": ""weight""}"
17076,"{""type"": ""album""}","{""type"": ""album""}"
17077,"{""type"": ""rank""}","{""type"": ""rank""}"
17078,"{""type"": ""city""}","{""type"": ""city""}"
17079,"{""type"": ""description""}","{""type"": ""description""}"
17080,"{""type"": ""club""}","{""type"": ""club""}"
17081,"{""type"": ""location""}","{""type"": ""location""}"
17082,"{""type"": ""company""}","{""type"": ""company""}"
17083,"{""type"": ""rank""}","{""type"": ""rank""}"
17084,"{""type"": ""name""}","{""type"": ""name""}"
17085,"{""type"": ""status""}","{""type"": ""status""}"
17086,"{""type"": ""album""}","{""type"": ""album""}"
17087,"{""type"": ""state""}","{""type"": ""state""}"
17088,"{""type"": ""position""}","{""type"": ""position""}"
17089,"{""type"": ""artist""}","{""type"": ""artist""}"
17090,"{""type"": ""description""}","{""type"": ""description""}"
17091,"{""type"": ""status""}","{""type"": ""status""}"
17092,"{""type"": ""age""}","{""type"": ""age""}"
17093,"{""type"": ""club""}","{""type"": ""club""}"
17094,"{""type"": ""artist""}","{""type"": ""name""}"
17095,"{""type"": ""name""}","{""type"": ""name""}"
17096,"{""type"": ""result""}","{""type"": ""result""}"
17097,"{""type"": ""code""}","{""type"": ""code""}"
17098,"{""type"": ""year""}","{""type"": ""year""}"
17099,"{""type"": ""category""}","{""type"": ""category""}"
17100,"{""type"": ""category""}","{""type"": ""category""}"
17101,"{""type"": ""county""}","{""type"": ""city""}"
17102,"{""type"": ""name""}","{""type"": ""name""}"
17103,"{""type"": ""symbol""}","{""type"": ""symbol""}"
17104,"{""type"": ""state""}","{""type"": ""state""}"
17105,"{""type"": ""rank""}","{""type"": ""rank""}"
17106,"{""type"": ""result""}","{""type"": ""result""}"
17107,"{""type"": ""age""}","{""type"": ""age""}"
17108,"{""type"": ""age""}","{""type"": ""age""}"
17109,"{""type"": ""status""}","{""type"": ""status""}"
17110,"{""type"": ""code""}","{""type"": ""code""}"
17111,"{""type"": ""code""}","{""type"": ""code""}"
17112,"{""type"": ""state""}","{""type"": ""state""}"
17113,"{""type"": ""state""}","{""type"": ""state""}"
17114,"{""type"": ""club""}","{""type"": ""teamname""}"
17115,"{""type"": ""name""}","{""type"": ""name""}"
17116,"{""type"": ""rank""}","{""type"": ""rank""}"
17117,"{""type"": ""rank""}","{""type"": ""rank""}"
17118,"{""type"": ""rank""}","{""type"": ""rank""}"
17119,"{""type"": ""rank""}","{""type"": ""rank""}"
17120,"{""type"": ""rank""}","{""type"": ""rank""}"
17121,"{""type"": ""club""}","{""type"": ""club""}"
17122,"{""type"": ""name""}","{""type"": ""name""}"
17123,"{""type"": ""teamname""}","{""type"": ""teamname""}"
17124,"{""type"": ""year""}","{""type"": ""year""}"
17125,"{""type"": ""year""}","{""type"": ""year""}"
17126,"{""type"": ""year""}","{""type"": ""year""}"
17127,"{""type"": ""year""}","{""type"": ""year""}"
17128,"{""type"": ""year""}","{""type"": ""year""}"
17129,"{""type"": ""day""}","{""type"": ""day""}"
17130,"{""type"": ""rank""}","{""type"": ""rank""}"
17131,"{""type"": ""type""}","{""type"": ""type""}"
17132,"{""type"": ""name""}","{""type"": ""name""}"
17133,"{""type"": ""weight""}","{""type"": ""weight""}"
17134,"{""type"": ""name""}","{""type"": ""name""}"
17135,"{""type"": ""artist""}","{""type"": ""artist""}"
17136,"{""type"": ""name""}","{""type"": ""name""}"
17137,"{""type"": ""rank""}","{""type"": ""rank""}"
17138,"{""type"": ""city""}","{""type"": ""city""}"
17139,"{""type"": ""notes""}","{""type"": ""notes""}"
17140,"{""type"": ""club""}","{""type"": ""club""}"
17141,"{""type"": ""name""}","{""type"": ""name""}"
17142,"{""type"": ""year""}","{""type"": ""year""}"
17143,"{""type"": ""artist""}","{""type"": ""artist""}"
17144,"{""type"": ""name""}","{""type"": ""name""}"
17145,"{""type"": ""notes""}","{""type"": ""description""}"
17146,"{""type"": ""year""}","{""type"": ""year""}"
17147,"{""type"": ""type""}","{""type"": ""type""}"
17148,"{""type"": ""name""}","{""type"": ""name""}"
17149,"{""type"": ""artist""}","{""type"": ""artist""}"
17150,"{""type"": ""brand""}","{""type"": ""brand""}"
17151,"{""type"": ""age""}","{""type"": ""age""}"
17152,"{""type"": ""description""}","{""type"": ""description""}"
17153,"{""type"": ""name""}","{""type"": ""name""}"
17154,"{""type"": ""duration""}","{""type"": ""duration""}"
17155,"{""type"": ""artist""}","{""type"": ""artist""}"
17156,"{""type"": ""team""}","{""type"": ""country""}"
17157,"{""type"": ""name""}","{""type"": ""name""}"
17158,"{""type"": ""city""}","{""type"": ""city""}"
17159,"{""type"": ""description""}","{""type"": ""description""}"
17160,"{""type"": ""description""}","{""type"": ""name""}"
17161,"{""type"": ""age""}","{""type"": ""age""}"
17162,"{""type"": ""name""}","{""type"": ""name""}"
17163,"{""type"": ""age""}","{""type"": ""rank""}"
17164,"{""type"": ""year""}","{""type"": ""year""}"
17165,"{""type"": ""weight""}","{""type"": ""weight""}"
17166,"{""type"": ""club""}","{""type"": ""club""}"
17167,"{""type"": ""album""}","{""type"": ""album""}"
17168,"{""type"": ""county""}","{""type"": ""county""}"
17169,"{""type"": ""type""}","{""type"": ""type""}"
17170,"{""type"": ""age""}","{""type"": ""age""}"
17171,"{""type"": ""company""}","{""type"": ""company""}"
17172,"{""type"": ""operator""}","{""type"": ""operator""}"
17173,"{""type"": ""description""}","{""type"": ""description""}"
17174,"{""type"": ""description""}","{""type"": ""description""}"
17175,"{""type"": ""description""}","{""type"": ""description""}"
17176,"{""type"": ""description""}","{""type"": ""description""}"
17177,"{""type"": ""description""}","{""type"": ""description""}"
17178,"{""type"": ""state""}","{""type"": ""state""}"
17179,"{""type"": ""name""}","{""type"": ""name""}"
17180,"{""type"": ""rank""}","{""type"": ""rank""}"
17181,"{""type"": ""weight""}","{""type"": ""weight""}"
17182,"{""type"": ""status""}","{""type"": ""status""}"
17183,"{""type"": ""age""}","{""type"": ""age""}"
17184,"{""type"": ""year""}","{""type"": ""year""}"
17185,"{""type"": ""city""}","{""type"": ""city""}"
17186,"{""type"": ""artist""}","{""type"": ""name""}"
17187,"{""type"": ""result""}","{""type"": ""result""}"
17188,"{""type"": ""album""}","{""type"": ""album""}"
17189,"{""type"": ""club""}","{""type"": ""club""}"
17190,"{""type"": ""type""}","{""type"": ""type""}"
17191,"{""type"": ""description""}","{""type"": ""description""}"
17192,"{""type"": ""location""}","{""type"": ""location""}"
17193,"{""type"": ""class""}","{""type"": ""class""}"
17194,"{""type"": ""company""}","{""type"": ""company""}"
17195,"{""type"": ""age""}","{""type"": ""age""}"
17196,"{""type"": ""language""}","{""type"": ""language""}"
17197,"{""type"": ""grades""}","{""type"": ""grades""}"
17198,"{""type"": ""code""}","{""type"": ""code""}"
17199,"{""type"": ""name""}","{""type"": ""name""}"
17200,"{""type"": ""code""}","{""type"": ""code""}"
17201,"{""type"": ""type""}","{""type"": ""name""}"
17202,"{""type"": ""album""}","{""type"": ""album""}"
17203,"{""type"": ""team""}","{""type"": ""team""}"
17204,"{""type"": ""weight""}","{""type"": ""weight""}"
17205,"{""type"": ""position""}","{""type"": ""position""}"
17206,"{""type"": ""album""}","{""type"": ""album""}"
17207,"{""type"": ""name""}","{""type"": ""name""}"
17208,"{""type"": ""company""}","{""type"": ""company""}"
17209,"{""type"": ""notes""}","{""type"": ""notes""}"
17210,"{""type"": ""city""}","{""type"": ""city""}"
17211,"{""type"": ""year""}","{""type"": ""year""}"
17212,"{""type"": ""status""}","{""type"": ""status""}"
17213,"{""type"": ""result""}","{""type"": ""result""}"
17214,"{""type"": ""description""}","{""type"": ""description""}"
17215,"{""type"": ""state""}","{""type"": ""state""}"
17216,"{""type"": ""description""}","{""type"": ""description""}"
17217,"{""type"": ""state""}","{""type"": ""state""}"
17218,"{""type"": ""status""}","{""type"": ""status""}"
17219,"{""type"": ""name""}","{""type"": ""name""}"
17220,"{""type"": ""category""}","{""type"": ""category""}"
17221,"{""type"": ""weight""}","{""type"": ""weight""}"
17222,"{""type"": ""class""}","{""type"": ""class""}"
17223,"{""type"": ""location""}","{""type"": ""location""}"
17224,"{""type"": ""credit""}","{""type"": ""credit""}"
17225,"{""type"": ""address""}","{""type"": ""address""}"
17226,"{""type"": ""album""}","{""type"": ""album""}"
17227,"{""type"": ""gender""}","{""type"": ""gender""}"
17228,"{""type"": ""name""}","{""type"": ""name""}"
17229,"{""type"": ""year""}","{""type"": ""year""}"
17230,"{""type"": ""year""}","{""type"": ""year""}"
17231,"{""type"": ""year""}","{""type"": ""year""}"
17232,"{""type"": ""year""}","{""type"": ""year""}"
17233,"{""type"": ""year""}","{""type"": ""year""}"
17234,"{""type"": ""description""}","{""type"": ""description""}"
17235,"{""type"": ""age""}","{""type"": ""age""}"
17236,"{""type"": ""position""}","{""type"": ""position""}"
17237,"{""type"": ""state""}","{""type"": ""state""}"
17238,"{""type"": ""year""}","{""type"": ""year""}"
17239,"{""type"": ""year""}","{""type"": ""year""}"
17240,"{""type"": ""rank""}","{""type"": ""rank""}"
17241,"{""type"": ""rank""}","{""type"": ""rank""}"
17242,"{""type"": ""rank""}","{""type"": ""rank""}"
17243,"{""type"": ""rank""}","{""type"": ""rank""}"
17244,"{""type"": ""rank""}","{""type"": ""rank""}"
17245,"{""type"": ""year""}","{""type"": ""year""}"
17246,"{""type"": ""team""}","{""type"": ""team""}"
17247,"{""type"": ""name""}","{""type"": ""name""}"
17248,"{""type"": ""age""}","{""type"": ""age""}"
17249,"{""type"": ""type""}","{""type"": ""type""}"
17250,"{""type"": ""type""}","{""type"": ""type""}"
17251,"{""type"": ""year""}","{""type"": ""year""}"
17252,"{""type"": ""year""}","{""type"": ""year""}"
17253,"{""type"": ""year""}","{""type"": ""year""}"
17254,"{""type"": ""year""}","{""type"": ""year""}"
17255,"{""type"": ""year""}","{""type"": ""year""}"
17256,"{""type"": ""album""}","{""type"": ""album""}"
17257,"{""type"": ""rank""}","{""type"": ""rank""}"
17258,"{""type"": ""location""}","{""type"": ""location""}"
17259,"{""type"": ""country""}","{""type"": ""nationality""}"
17260,"{""type"": ""description""}","{""type"": ""description""}"
17261,"{""type"": ""state""}","{""type"": ""state""}"
17262,"{""type"": ""rank""}","{""type"": ""rank""}"
17263,"{""type"": ""type""}","{""type"": ""type""}"
17264,"{""type"": ""team""}","{""type"": ""teamname""}"
17265,"{""type"": ""year""}","{""type"": ""year""}"
17266,"{""type"": ""rank""}","{""type"": ""rank""}"
17267,"{""type"": ""rank""}","{""type"": ""rank""}"
17268,"{""type"": ""elevation""}","{""type"": ""elevation""}"
17269,"{""type"": ""status""}","{""type"": ""status""}"
17270,"{""type"": ""state""}","{""type"": ""state""}"
17271,"{""type"": ""age""}","{""type"": ""age""}"
17272,"{""type"": ""name""}","{""type"": ""name""}"
17273,"{""type"": ""status""}","{""type"": ""status""}"
17274,"{""type"": ""artist""}","{""type"": ""artist""}"
17275,"{""type"": ""age""}","{""type"": ""age""}"
17276,"{""type"": ""weight""}","{""type"": ""weight""}"
17277,"{""type"": ""status""}","{""type"": ""status""}"
17278,"{""type"": ""city""}","{""type"": ""city""}"
17279,"{""type"": ""artist""}","{""type"": ""artist""}"
17280,"{""type"": ""artist""}","{""type"": ""artist""}"
17281,"{""type"": ""artist""}","{""type"": ""artist""}"
17282,"{""type"": ""artist""}","{""type"": ""artist""}"
17283,"{""type"": ""artist""}","{""type"": ""artist""}"
17284,"{""type"": ""type""}","{""type"": ""type""}"
17285,"{""type"": ""name""}","{""type"": ""name""}"
17286,"{""type"": ""name""}","{""type"": ""name""}"
17287,"{""type"": ""name""}","{""type"": ""name""}"
17288,"{""type"": ""name""}","{""type"": ""name""}"
17289,"{""type"": ""name""}","{""type"": ""name""}"
17290,"{""type"": ""company""}","{""type"": ""company""}"
17291,"{""type"": ""year""}","{""type"": ""year""}"
17292,"{""type"": ""name""}","{""type"": ""name""}"
17293,"{""type"": ""team""}","{""type"": ""team""}"
17294,"{""type"": ""age""}","{""type"": ""age""}"
17295,"{""type"": ""state""}","{""type"": ""state""}"
17296,"{""type"": ""state""}","{""type"": ""state""}"
17297,"{""type"": ""state""}","{""type"": ""state""}"
17298,"{""type"": ""state""}","{""type"": ""state""}"
17299,"{""type"": ""state""}","{""type"": ""state""}"
17300,"{""type"": ""position""}","{""type"": ""position""}"
17301,"{""type"": ""type""}","{""type"": ""type""}"
17302,"{""type"": ""brand""}","{""type"": ""product""}"
17303,"{""type"": ""location""}","{""type"": ""location""}"
17304,"{""type"": ""club""}","{""type"": ""club""}"
17305,"{""type"": ""status""}","{""type"": ""status""}"
17306,"{""type"": ""state""}","{""type"": ""state""}"
17307,"{""type"": ""component""}","{""type"": ""component""}"
17308,"{""type"": ""county""}","{""type"": ""county""}"
17309,"{""type"": ""rank""}","{""type"": ""rank""}"
17310,"{""type"": ""status""}","{""type"": ""status""}"
17311,"{""type"": ""weight""}","{""type"": ""weight""}"
17312,"{""type"": ""age""}","{""type"": ""age""}"
17313,"{""type"": ""team""}","{""type"": ""team""}"
17314,"{""type"": ""weight""}","{""type"": ""weight""}"
17315,"{""type"": ""name""}","{""type"": ""name""}"
17316,"{""type"": ""city""}","{""type"": ""city""}"
17317,"{""type"": ""rank""}","{""type"": ""rank""}"
17318,"{""type"": ""club""}","{""type"": ""club""}"
17319,"{""type"": ""club""}","{""type"": ""club""}"
17320,"{""type"": ""year""}","{""type"": ""year""}"
17321,"{""type"": ""category""}","{""type"": ""category""}"
17322,"{""type"": ""location""}","{""type"": ""location""}"
17323,"{""type"": ""location""}","{""type"": ""location""}"
17324,"{""type"": ""location""}","{""type"": ""location""}"
17325,"{""type"": ""location""}","{""type"": ""location""}"
17326,"{""type"": ""location""}","{""type"": ""location""}"
17327,"{""type"": ""age""}","{""type"": ""age""}"
17328,"{""type"": ""team""}","{""type"": ""team""}"
17329,"{""type"": ""code""}","{""type"": ""code""}"
17330,"{""type"": ""status""}","{""type"": ""status""}"
17331,"{""type"": ""position""}","{""type"": ""position""}"
17332,"{""type"": ""status""}","{""type"": ""status""}"
17333,"{""type"": ""status""}","{""type"": ""status""}"
17334,"{""type"": ""status""}","{""type"": ""status""}"
17335,"{""type"": ""status""}","{""type"": ""status""}"
17336,"{""type"": ""status""}","{""type"": ""status""}"
17337,"{""type"": ""category""}","{""type"": ""category""}"
17338,"{""type"": ""artist""}","{""type"": ""name""}"
17339,"{""type"": ""age""}","{""type"": ""age""}"
17340,"{""type"": ""city""}","{""type"": ""city""}"
17341,"{""type"": ""location""}","{""type"": ""location""}"
17342,"{""type"": ""type""}","{""type"": ""type""}"
17343,"{""type"": ""description""}","{""type"": ""description""}"
17344,"{""type"": ""team""}","{""type"": ""team""}"
17345,"{""type"": ""age""}","{""type"": ""age""}"
17346,"{""type"": ""name""}","{""type"": ""name""}"
17347,"{""type"": ""location""}","{""type"": ""city""}"
17348,"{""type"": ""team""}","{""type"": ""team""}"
17349,"{""type"": ""description""}","{""type"": ""description""}"
17350,"{""type"": ""name""}","{""type"": ""name""}"
17351,"{""type"": ""team""}","{""type"": ""team""}"
17352,"{""type"": ""state""}","{""type"": ""state""}"
17353,"{""type"": ""state""}","{""type"": ""state""}"
17354,"{""type"": ""state""}","{""type"": ""state""}"
17355,"{""type"": ""state""}","{""type"": ""state""}"
17356,"{""type"": ""state""}","{""type"": ""state""}"
17357,"{""type"": ""name""}","{""type"": ""name""}"
17358,"{""type"": ""name""}","{""type"": ""name""}"
17359,"{""type"": ""weight""}","{""type"": ""weight""}"
17360,"{""type"": ""team""}","{""type"": ""team""}"
17361,"{""type"": ""name""}","{""type"": ""name""}"
17362,"{""type"": ""status""}","{""type"": ""status""}"
17363,"{""type"": ""artist""}","{""type"": ""artist""}"
17364,"{""type"": ""weight""}","{""type"": ""weight""}"
17365,"{""type"": ""year""}","{""type"": ""year""}"
17366,"{""type"": ""name""}","{""type"": ""name""}"
17367,"{""type"": ""weight""}","{""type"": ""weight""}"
17368,"{""type"": ""description""}","{""type"": ""description""}"
17369,"{""type"": ""category""}","{""type"": ""category""}"
17370,"{""type"": ""age""}","{""type"": ""age""}"
17371,"{""type"": ""product""}","{""type"": ""name""}"
17372,"{""type"": ""age""}","{""type"": ""age""}"
17373,"{""type"": ""status""}","{""type"": ""status""}"
17374,"{""type"": ""year""}","{""type"": ""year""}"
17375,"{""type"": ""category""}","{""type"": ""category""}"
17376,"{""type"": ""rank""}","{""type"": ""rank""}"
17377,"{""type"": ""artist""}","{""type"": ""artist""}"
17378,"{""type"": ""name""}","{""type"": ""name""}"
17379,"{""type"": ""weight""}","{""type"": ""weight""}"
17380,"{""type"": ""team""}","{""type"": ""team""}"
17381,"{""type"": ""position""}","{""type"": ""position""}"
17382,"{""type"": ""year""}","{""type"": ""year""}"
17383,"{""type"": ""year""}","{""type"": ""year""}"
17384,"{""type"": ""jockey""}","{""type"": ""jockey""}"
17385,"{""type"": ""category""}","{""type"": ""category""}"
17386,"{""type"": ""name""}","{""type"": ""name""}"
17387,"{""type"": ""name""}","{""type"": ""name""}"
17388,"{""type"": ""format""}","{""type"": ""format""}"
17389,"{""type"": ""artist""}","{""type"": ""artist""}"
17390,"{""type"": ""notes""}","{""type"": ""notes""}"
17391,"{""type"": ""teamname""}","{""type"": ""teamname""}"
17392,"{""type"": ""year""}","{""type"": ""year""}"
17393,"{""type"": ""class""}","{""type"": ""class""}"
17394,"{""type"": ""description""}","{""type"": ""description""}"
17395,"{""type"": ""description""}","{""type"": ""description""}"
17396,"{""type"": ""description""}","{""type"": ""description""}"
17397,"{""type"": ""description""}","{""type"": ""description""}"
17398,"{""type"": ""description""}","{""type"": ""description""}"
17399,"{""type"": ""type""}","{""type"": ""type""}"
17400,"{""type"": ""team""}","{""type"": ""teamname""}"
17401,"{""type"": ""location""}","{""type"": ""location""}"
17402,"{""type"": ""status""}","{""type"": ""status""}"
17403,"{""type"": ""city""}","{""type"": ""city""}"
17404,"{""type"": ""code""}","{""type"": ""code""}"
17405,"{""type"": ""country""}","{""type"": ""country""}"
17406,"{""type"": ""artist""}","{""type"": ""artist""}"
17407,"{""type"": ""city""}","{""type"": ""city""}"
17408,"{""type"": ""city""}","{""type"": ""city""}"
17409,"{""type"": ""city""}","{""type"": ""city""}"
17410,"{""type"": ""city""}","{""type"": ""city""}"
17411,"{""type"": ""city""}","{""type"": ""city""}"
17412,"{""type"": ""description""}","{""type"": ""description""}"
17413,"{""type"": ""name""}","{""type"": ""name""}"
17414,"{""type"": ""city""}","{""type"": ""city""}"
17415,"{""type"": ""type""}","{""type"": ""name""}"
17416,"{""type"": ""description""}","{""type"": ""description""}"
17417,"{""type"": ""city""}","{""type"": ""city""}"
17418,"{""type"": ""city""}","{""type"": ""city""}"
17419,"{""type"": ""city""}","{""type"": ""city""}"
17420,"{""type"": ""city""}","{""type"": ""city""}"
17421,"{""type"": ""city""}","{""type"": ""city""}"
17422,"{""type"": ""category""}","{""type"": ""category""}"
17423,"{""type"": ""club""}","{""type"": ""club""}"
17424,"{""type"": ""rank""}","{""type"": ""rank""}"
17425,"{""type"": ""status""}","{""type"": ""status""}"
17426,"{""type"": ""age""}","{""type"": ""age""}"
17427,"{""type"": ""name""}","{""type"": ""name""}"
17428,"{""type"": ""result""}","{""type"": ""result""}"
17429,"{""type"": ""type""}","{""type"": ""type""}"
17430,"{""type"": ""name""}","{""type"": ""name""}"
17431,"{""type"": ""symbol""}","{""type"": ""symbol""}"
17432,"{""type"": ""result""}","{""type"": ""result""}"
17433,"{""type"": ""state""}","{""type"": ""state""}"
17434,"{""type"": ""description""}","{""type"": ""description""}"
17435,"{""type"": ""company""}","{""type"": ""company""}"
17436,"{""type"": ""company""}","{""type"": ""description""}"
17437,"{""type"": ""artist""}","{""type"": ""artist""}"
17438,"{""type"": ""publisher""}","{""type"": ""publisher""}"
17439,"{""type"": ""code""}","{""type"": ""code""}"
17440,"{""type"": ""year""}","{""type"": ""year""}"
17441,"{""type"": ""format""}","{""type"": ""format""}"
17442,"{""type"": ""name""}","{""type"": ""name""}"
17443,"{""type"": ""region""}","{""type"": ""region""}"
17444,"{""type"": ""description""}","{""type"": ""description""}"
17445,"{""type"": ""rank""}","{""type"": ""rank""}"
17446,"{""type"": ""type""}","{""type"": ""type""}"
17447,"{""type"": ""artist""}","{""type"": ""artist""}"
17448,"{""type"": ""country""}","{""type"": ""country""}"
17449,"{""type"": ""age""}","{""type"": ""company""}"
17450,"{""type"": ""age""}","{""type"": ""age""}"
17451,"{""type"": ""status""}","{""type"": ""status""}"
17452,"{""type"": ""country""}","{""type"": ""country""}"
17453,"{""type"": ""gender""}","{""type"": ""gender""}"
17454,"{""type"": ""status""}","{""type"": ""status""}"
17455,"{""type"": ""description""}","{""type"": ""description""}"
17456,"{""type"": ""owner""}","{""type"": ""owner""}"
17457,"{""type"": ""category""}","{""type"": ""category""}"
17458,"{""type"": ""team""}","{""type"": ""teamname""}"
17459,"{""type"": ""weight""}","{""type"": ""weight""}"
17460,"{""type"": ""position""}","{""type"": ""position""}"
17461,"{""type"": ""description""}","{""type"": ""description""}"
17462,"{""type"": ""name""}","{""type"": ""name""}"
17463,"{""type"": ""age""}","{""type"": ""age""}"
17464,"{""type"": ""team""}","{""type"": ""team""}"
17465,"{""type"": ""location""}","{""type"": ""location""}"
17466,"{""type"": ""state""}","{""type"": ""state""}"
17467,"{""type"": ""name""}","{""type"": ""name""}"
17468,"{""type"": ""rank""}","{""type"": ""rank""}"
17469,"{""type"": ""description""}","{""type"": ""description""}"
17470,"{""type"": ""code""}","{""type"": ""code""}"
17471,"{""type"": ""year""}","{""type"": ""year""}"
17472,"{""type"": ""year""}","{""type"": ""year""}"
17473,"{""type"": ""year""}","{""type"": ""year""}"
17474,"{""type"": ""year""}","{""type"": ""year""}"
17475,"{""type"": ""year""}","{""type"": ""year""}"
17476,"{""type"": ""city""}","{""type"": ""city""}"
17477,"{""type"": ""artist""}","{""type"": ""artist""}"
17478,"{""type"": ""year""}","{""type"": ""year""}"
17479,"{""type"": ""club""}","{""type"": ""club""}"
17480,"{""type"": ""class""}","{""type"": ""class""}"
17481,"{""type"": ""age""}","{""type"": ""rank""}"
17482,"{""type"": ""description""}","{""type"": ""description""}"
17483,"{""type"": ""age""}","{""type"": ""age""}"
17484,"{""type"": ""age""}","{""type"": ""age""}"
17485,"{""type"": ""state""}","{""type"": ""state""}"
17486,"{""type"": ""category""}","{""type"": ""category""}"
17487,"{""type"": ""status""}","{""type"": ""status""}"
17488,"{""type"": ""city""}","{""type"": ""city""}"
17489,"{""type"": ""description""}","{""type"": ""description""}"
17490,"{""type"": ""year""}","{""type"": ""year""}"
17491,"{""type"": ""location""}","{""type"": ""city""}"
17492,"{""type"": ""format""}","{""type"": ""format""}"
17493,"{""type"": ""city""}","{""type"": ""city""}"
17494,"{""type"": ""company""}","{""type"": ""company""}"
17495,"{""type"": ""description""}","{""type"": ""description""}"
17496,"{""type"": ""artist""}","{""type"": ""artist""}"
17497,"{""type"": ""description""}","{""type"": ""description""}"
17498,"{""type"": ""city""}","{""type"": ""city""}"
17499,"{""type"": ""elevation""}","{""type"": ""elevation""}"
17500,"{""type"": ""city""}","{""type"": ""city""}"
17501,"{""type"": ""city""}","{""type"": ""city""}"
17502,"{""type"": ""city""}","{""type"": ""city""}"
17503,"{""type"": ""city""}","{""type"": ""city""}"
17504,"{""type"": ""city""}","{""type"": ""city""}"
17505,"{""type"": ""gender""}","{""type"": ""gender""}"
17506,"{""type"": ""product""}","{""type"": ""name""}"
17507,"{""type"": ""product""}","{""type"": ""name""}"
17508,"{""type"": ""product""}","{""type"": ""name""}"
17509,"{""type"": ""product""}","{""type"": ""name""}"
17510,"{""type"": ""product""}","{""type"": ""name""}"
17511,"{""type"": ""weight""}","{""type"": ""weight""}"
17512,"{""type"": ""club""}","{""type"": ""club""}"
17513,"{""type"": ""description""}","{""type"": ""description""}"
17514,"{""type"": ""name""}","{""type"": ""name""}"
17515,"{""type"": ""description""}","{""type"": ""description""}"
17516,"{""type"": ""artist""}","{""type"": ""artist""}"
17517,"{""type"": ""weight""}","{""type"": ""weight""}"
17518,"{""type"": ""album""}","{""type"": ""album""}"
17519,"{""type"": ""description""}","{""type"": ""description""}"
17520,"{""type"": ""city""}","{""type"": ""city""}"
17521,"{""type"": ""city""}","{""type"": ""city""}"
17522,"{""type"": ""city""}","{""type"": ""city""}"
17523,"{""type"": ""city""}","{""type"": ""city""}"
17524,"{""type"": ""city""}","{""type"": ""city""}"
17525,"{""type"": ""artist""}","{""type"": ""artist""}"
17526,"{""type"": ""location""}","{""type"": ""location""}"
17527,"{""type"": ""type""}","{""type"": ""type""}"
17528,"{""type"": ""description""}","{""type"": ""description""}"
17529,"{""type"": ""location""}","{""type"": ""location""}"
17530,"{""type"": ""type""}","{""type"": ""status""}"
17531,"{""type"": ""country""}","{""type"": ""country""}"
17532,"{""type"": ""name""}","{""type"": ""name""}"
17533,"{""type"": ""description""}","{""type"": ""description""}"
17534,"{""type"": ""description""}","{""type"": ""description""}"
17535,"{""type"": ""year""}","{""type"": ""year""}"
17536,"{""type"": ""state""}","{""type"": ""state""}"
17537,"{""type"": ""description""}","{""type"": ""description""}"
17538,"{""type"": ""category""}","{""type"": ""category""}"
17539,"{""type"": ""name""}","{""type"": ""name""}"
17540,"{""type"": ""weight""}","{""type"": ""weight""}"
17541,"{""type"": ""age""}","{""type"": ""age""}"
17542,"{""type"": ""name""}","{""type"": ""name""}"
17543,"{""type"": ""year""}","{""type"": ""year""}"
17544,"{""type"": ""type""}","{""type"": ""type""}"
17545,"{""type"": ""weight""}","{""type"": ""weight""}"
17546,"{""type"": ""description""}","{""type"": ""description""}"
17547,"{""type"": ""type""}","{""type"": ""type""}"
17548,"{""type"": ""position""}","{""type"": ""position""}"
17549,"{""type"": ""rank""}","{""type"": ""rank""}"
17550,"{""type"": ""class""}","{""type"": ""class""}"
17551,"{""type"": ""rank""}","{""type"": ""year""}"
17552,"{""type"": ""name""}","{""type"": ""name""}"
17553,"{""type"": ""result""}","{""type"": ""result""}"
17554,"{""type"": ""position""}","{""type"": ""position""}"
17555,"{""type"": ""city""}","{""type"": ""city""}"
17556,"{""type"": ""command""}","{""type"": ""name""}"
17557,"{""type"": ""name""}","{""type"": ""name""}"
17558,"{""type"": ""name""}","{""type"": ""name""}"
17559,"{""type"": ""result""}","{""type"": ""result""}"
17560,"{""type"": ""name""}","{""type"": ""name""}"
17561,"{""type"": ""name""}","{""type"": ""name""}"
17562,"{""type"": ""category""}","{""type"": ""category""}"
17563,"{""type"": ""name""}","{""type"": ""name""}"
17564,"{""type"": ""state""}","{""type"": ""state""}"
17565,"{""type"": ""code""}","{""type"": ""code""}"
17566,"{""type"": ""name""}","{""type"": ""name""}"
17567,"{""type"": ""location""}","{""type"": ""location""}"
17568,"{""type"": ""artist""}","{""type"": ""artist""}"
17569,"{""type"": ""birthplace""}","{""type"": ""state""}"
17570,"{""type"": ""code""}","{""type"": ""code""}"
17571,"{""type"": ""city""}","{""type"": ""city""}"
17572,"{""type"": ""symbol""}","{""type"": ""symbol""}"
17573,"{""type"": ""name""}","{""type"": ""name""}"
17574,"{""type"": ""status""}","{""type"": ""status""}"
17575,"{""type"": ""club""}","{""type"": ""club""}"
17576,"{""type"": ""category""}","{""type"": ""category""}"
17577,"{""type"": ""type""}","{""type"": ""status""}"
17578,"{""type"": ""rank""}","{""type"": ""rank""}"
17579,"{""type"": ""club""}","{""type"": ""club""}"
17580,"{""type"": ""result""}","{""type"": ""result""}"
17581,"{""type"": ""result""}","{""type"": ""result""}"
17582,"{""type"": ""result""}","{""type"": ""result""}"
17583,"{""type"": ""result""}","{""type"": ""result""}"
17584,"{""type"": ""result""}","{""type"": ""result""}"
17585,"{""type"": ""location""}","{""type"": ""location""}"
17586,"{""type"": ""artist""}","{""type"": ""artist""}"
17587,"{""type"": ""name""}","{""type"": ""name""}"
17588,"{""type"": ""artist""}","{""type"": ""artist""}"
17589,"{""type"": ""category""}","{""type"": ""category""}"
17590,"{""type"": ""age""}","{""type"": ""age""}"
17591,"{""type"": ""name""}","{""type"": ""name""}"
17592,"{""type"": ""name""}","{""type"": ""name""}"
17593,"{""type"": ""artist""}","{""type"": ""album""}"
17594,"{""type"": ""location""}","{""type"": ""location""}"
17595,"{""type"": ""description""}","{""type"": ""description""}"
17596,"{""type"": ""company""}","{""type"": ""company""}"
17597,"{""type"": ""company""}","{""type"": ""company""}"
17598,"{""type"": ""format""}","{""type"": ""format""}"
17599,"{""type"": ""language""}","{""type"": ""language""}"
17600,"{""type"": ""artist""}","{""type"": ""artist""}"
17601,"{""type"": ""age""}","{""type"": ""age""}"
17602,"{""type"": ""name""}","{""type"": ""name""}"
17603,"{""type"": ""year""}","{""type"": ""year""}"
17604,"{""type"": ""location""}","{""type"": ""location""}"
17605,"{""type"": ""isbn""}","{""type"": ""isbn""}"
17606,"{""type"": ""name""}","{""type"": ""name""}"
17607,"{""type"": ""position""}","{""type"": ""position""}"
17608,"{""type"": ""name""}","{""type"": ""name""}"
17609,"{""type"": ""class""}","{""type"": ""class""}"
17610,"{""type"": ""position""}","{""type"": ""position""}"
17611,"{""type"": ""result""}","{""type"": ""result""}"
17612,"{""type"": ""position""}","{""type"": ""position""}"
17613,"{""type"": ""rank""}","{""type"": ""rank""}"
17614,"{""type"": ""artist""}","{""type"": ""artist""}"
17615,"{""type"": ""description""}","{""type"": ""description""}"
17616,"{""type"": ""continent""}","{""type"": ""continent""}"
17617,"{""type"": ""rank""}","{""type"": ""rank""}"
17618,"{""type"": ""company""}","{""type"": ""company""}"
17619,"{""type"": ""name""}","{""type"": ""name""}"
17620,"{""type"": ""type""}","{""type"": ""type""}"
17621,"{""type"": ""club""}","{""type"": ""club""}"
17622,"{""type"": ""category""}","{""type"": ""category""}"
17623,"{""type"": ""description""}","{""type"": ""description""}"
17624,"{""type"": ""position""}","{""type"": ""position""}"
17625,"{""type"": ""region""}","{""type"": ""region""}"
17626,"{""type"": ""name""}","{""type"": ""name""}"
17627,"{""type"": ""city""}","{""type"": ""city""}"
17628,"{""type"": ""position""}","{""type"": ""position""}"
17629,"{""type"": ""name""}","{""type"": ""name""}"
17630,"{""type"": ""description""}","{""type"": ""description""}"
17631,"{""type"": ""name""}","{""type"": ""name""}"
17632,"{""type"": ""sex""}","{""type"": ""sex""}"
17633,"{""type"": ""description""}","{""type"": ""description""}"
17634,"{""type"": ""weight""}","{""type"": ""weight""}"
17635,"{""type"": ""name""}","{""type"": ""name""}"
17636,"{""type"": ""type""}","{""type"": ""type""}"
17637,"{""type"": ""name""}","{""type"": ""name""}"
17638,"{""type"": ""name""}","{""type"": ""name""}"
17639,"{""type"": ""name""}","{""type"": ""name""}"
17640,"{""type"": ""name""}","{""type"": ""name""}"
17641,"{""type"": ""name""}","{""type"": ""name""}"
17642,"{""type"": ""year""}","{""type"": ""year""}"
17643,"{""type"": ""name""}","{""type"": ""name""}"
17644,"{""type"": ""notes""}","{""type"": ""notes""}"
17645,"{""type"": ""name""}","{""type"": ""name""}"
17646,"{""type"": ""description""}","{""type"": ""description""}"
17647,"{""type"": ""description""}","{""type"": ""description""}"
17648,"{""type"": ""position""}","{""type"": ""position""}"
17649,"{""type"": ""album""}","{""type"": ""album""}"
17650,"{""type"": ""status""}","{""type"": ""status""}"
17651,"{""type"": ""location""}","{""type"": ""location""}"
17652,"{""type"": ""description""}","{""type"": ""description""}"
17653,"{""type"": ""name""}","{""type"": ""name""}"
17654,"{""type"": ""description""}","{""type"": ""description""}"
17655,"{""type"": ""city""}","{""type"": ""city""}"
17656,"{""type"": ""country""}","{""type"": ""nationality""}"
17657,"{""type"": ""location""}","{""type"": ""location""}"
17658,"{""type"": ""country""}","{""type"": ""team""}"
17659,"{""type"": ""team""}","{""type"": ""team""}"
17660,"{""type"": ""status""}","{""type"": ""status""}"
17661,"{""type"": ""club""}","{""type"": ""club""}"
17662,"{""type"": ""age""}","{""type"": ""age""}"
17663,"{""type"": ""isbn""}","{""type"": ""isbn""}"
17664,"{""type"": ""type""}","{""type"": ""type""}"
17665,"{""type"": ""state""}","{""type"": ""state""}"
17666,"{""type"": ""status""}","{""type"": ""status""}"
17667,"{""type"": ""state""}","{""type"": ""state""}"
17668,"{""type"": ""symbol""}","{""type"": ""symbol""}"
17669,"{""type"": ""age""}","{""type"": ""age""}"
17670,"{""type"": ""status""}","{""type"": ""status""}"
17671,"{""type"": ""team""}","{""type"": ""team""}"
17672,"{""type"": ""location""}","{""type"": ""location""}"
17673,"{""type"": ""location""}","{""type"": ""city""}"
17674,"{""type"": ""location""}","{""type"": ""location""}"
17675,"{""type"": ""location""}","{""type"": ""location""}"
17676,"{""type"": ""location""}","{""type"": ""location""}"
17677,"{""type"": ""language""}","{""type"": ""language""}"
17678,"{""type"": ""name""}","{""type"": ""name""}"
17679,"{""type"": ""name""}","{""type"": ""name""}"
17680,"{""type"": ""name""}","{""type"": ""name""}"
17681,"{""type"": ""status""}","{""type"": ""status""}"
17682,"{""type"": ""state""}","{""type"": ""state""}"
17683,"{""type"": ""name""}","{""type"": ""name""}"
17684,"{""type"": ""year""}","{""type"": ""year""}"
17685,"{""type"": ""team""}","{""type"": ""team""}"
17686,"{""type"": ""team""}","{""type"": ""team""}"
17687,"{""type"": ""team""}","{""type"": ""team""}"
17688,"{""type"": ""team""}","{""type"": ""team""}"
17689,"{""type"": ""team""}","{""type"": ""team""}"
17690,"{""type"": ""state""}","{""type"": ""state""}"
17691,"{""type"": ""name""}","{""type"": ""name""}"
17692,"{""type"": ""weight""}","{""type"": ""weight""}"
17693,"{""type"": ""location""}","{""type"": ""location""}"
17694,"{""type"": ""description""}","{""type"": ""description""}"
17695,"{""type"": ""location""}","{""type"": ""location""}"
17696,"{""type"": ""name""}","{""type"": ""name""}"
17697,"{""type"": ""category""}","{""type"": ""category""}"
17698,"{""type"": ""age""}","{""type"": ""age""}"
17699,"{""type"": ""location""}","{""type"": ""location""}"
17700,"{""type"": ""age""}","{""type"": ""age""}"
17701,"{""type"": ""country""}","{""type"": ""status""}"
17702,"{""type"": ""symbol""}","{""type"": ""symbol""}"
17703,"{""type"": ""state""}","{""type"": ""state""}"
17704,"{""type"": ""description""}","{""type"": ""description""}"
17705,"{""type"": ""affiliation""}","{""type"": ""affiliation""}"
17706,"{""type"": ""name""}","{""type"": ""name""}"
17707,"{""type"": ""position""}","{""type"": ""position""}"
17708,"{""type"": ""status""}","{""type"": ""status""}"
