{
    "epoch": 2.0,
    "total_flos": 2.012488415492178e+17,
    "train_loss": 0.22787122642781263,
    "train_runtime": 315.9687,
    "train_samples_per_second": 14.274,
    "train_steps_per_second": 0.449
}