{
    "epoch": 1.0,
    "total_flos": 1.700694440542208e+16,
    "train_loss": 0.5777586282541355,
    "train_runtime": 114.5721,
    "train_samples_per_second": 3.238,
    "train_steps_per_second": 0.209
}