{
    "epoch": 2.0,
    "total_flos": 8.503472175867494e+16,
    "train_loss": 0.17227435087164242,
    "train_runtime": 133.2292,
    "train_samples_per_second": 14.246,
    "train_steps_per_second": 0.45
}