{
    "epoch": 3.0,
    "total_flos": 3.911597201167483e+17,
    "train_loss": 0.19233696355376448,
    "train_runtime": 1267.8652,
    "train_samples_per_second": 6.964,
    "train_steps_per_second": 0.435
}