{
    "epoch": 3.0,
    "total_flos": 8.503472175867494e+16,
    "train_loss": 0.11011992748826742,
    "train_runtime": 273.4064,
    "train_samples_per_second": 6.957,
    "train_steps_per_second": 0.439
}