{
    "epoch": 2.0,
    "total_flos": 1.71486688906838e+17,
    "train_loss": 0.13668026778777706,
    "train_runtime": 541.6359,
    "train_samples_per_second": 7.108,
    "train_steps_per_second": 0.447
}