{
    "epoch": 3.0,
    "total_flos": 2.572300334273659e+17,
    "train_loss": 0.14984987007028144,
    "train_runtime": 801.7163,
    "train_samples_per_second": 7.229,
    "train_steps_per_second": 0.453
}