{
    "epoch": 3.0,
    "total_flos": 3.911597201167483e+17,
    "train_loss": 0.16481145937670616,
    "train_runtime": 1209.6494,
    "train_samples_per_second": 7.299,
    "train_steps_per_second": 0.456
}