{
    "epoch": 3.0,
    "total_flos": 1.1692274241817805e+17,
    "train_loss": 0.3200648800893263,
    "train_runtime": 368.6269,
    "train_samples_per_second": 7.154,
    "train_steps_per_second": 0.448
}