{
    "epoch": 3.0,
    "total_flos": 1.7343226788708352e+16,
    "train_loss": 0.17146400992220978,
    "train_runtime": 55.083,
    "train_samples_per_second": 139.589,
    "train_steps_per_second": 2.233
}