{
    "epoch": 3.0,
    "total_flos": 4.889496533336064e+16,
    "train_loss": 0.26480424346105347,
    "train_runtime": 161.289,
    "train_samples_per_second": 6.64,
    "train_steps_per_second": 0.428
}